system_id,system_name,hq_city,hq_state,footprint_states,n_footprint_states,hq_state_in_footprint,n_hospitals,n_acute_hospitals,total_beds,any_high_dsh_hospital,ownership_code,ownership_label,pct_nonprofit_acute_beds,n_acute_non_nonprofit,compendium_edition,source_url,source_as_of,mixed_ownership,npr_compendium,npr_compendium_basis,n_acute_no_cost_report_compendium,npr_fy2024_rebuild,npr_fy2024_basis,n_acute_no_cost_report_fy2024,n_acute_annualized_fy2024,gap_pct_fy2024_vs_compendium,flag_revenue_missing,flag_incomplete_cost_reports,flag_gap_gt_25pct,flag_hospital_value_outlier,source_url_fy2024,source_as_of_fy2024,reviewed,current_name,status_since_2023,current_parent,status_evidence_url,status_change_date,sp_tier,sp_confidence,sp_tier_source,sp_pharmacy_names,sp_owning_entity,sp_accreditations,sp_manager_partner,sp_evidence_urls,sp_evidence_date,sp_notes,sp_rule_adjustments,absorbed_into_system_id
HSI00001446,Foundation Health Partners,Fairbanks,AK,AK,1,True,1,1,122.0,0.0,1.0,nonprofit,100.0,0,2023 (rev. 2025-09),https://www.ahrq.gov/sites/default/files/wysiwyg/chsp/compendium/chsp-compendium-2023-rev.xlsx,AHRQ Compendium 2023 (system file rev. 2025-09); systems as of end-2023,False,318311036.0,HCRIS FY2023 (FY2022 fallback); acute member hospitals; G-3 line 3,0,290330470.0,HCRIS FY2024 (periods beginning 2023-10-01..2024-09-30); acute member CCNs; annualized where needed,0,0,-8.8,False,False,False,False,https://data.cms.gov/sites/default/files/2026-09/e85544f7-57ef-477e-9640-313ac0aac400/CostReport_2024_Final.csv,CMS Hospital Provider Cost Report FY2024 (periods beginning 2023-10-01..2024-09-30); file modified 2026-09-29,True,Foundation Health Partners,unchanged,,https://www.foundationhealth.org/about_us,,None found,Medium,"Own site fetched via curl with cookie jar: Denali Pharmacy page describes a community/retail pharmacy inside FMH (OTC, immunizations); no specialty or infusion pharmacy",Denali Pharmacy,Foundation Health Partners,,,https://www.foundationhealth.org/services/pharmacy,2026-10-02,"NPI directories list Denali Pharmacy as community/retail and long-term care; a separate home-infusion NPI at the same address is attributed to Banner Health in a directory, unverified.",,
HSI00001003,Southeast Alaska Regional Health Consortium,Juneau,AK,AK,1,True,4,4,45.0,0.0,1.0,nonprofit,0.0,3,2023 (rev. 2025-09),https://www.ahrq.gov/sites/default/files/wysiwyg/chsp/compendium/chsp-compendium-2023-rev.xlsx,AHRQ Compendium 2023 (system file rev. 2025-09); systems as of end-2023,True,33822232.0,HCRIS FY2023 (FY2022 fallback); acute member hospitals; G-3 line 3,2,45893259.0,HCRIS FY2024 (periods beginning 2023-10-01..2024-09-30); acute member CCNs; annualized where needed,2,0,35.7,False,True,True,False,https://data.cms.gov/sites/default/files/2026-09/e85544f7-57ef-477e-9640-313ac0aac400/CostReport_2024_Final.csv,CMS Hospital Provider Cost Report FY2024 (periods beginning 2023-10-01..2024-09-30); file modified 2026-09-29,True,Southeast Alaska Regional Health Consortium,unchanged,,https://searhc.org/,,None found,Low,"No candidates; SEARHC pharmacy web page lists retail, mail-out and inpatient only",,,,,https://searhc.org/services/pharmacy/,['2026-10-02'],"Pharmacy page mentions no specialty or infusion service; only software partner Liberty Software (Rx365 Mobile app), not a pharmacy manager. Absence is from limited search, so confidence is Low.",,
HSI00000217,Childrens of Alabama,Birmingham,AL,AL,1,True,1,1,351.0,0.0,1.0,nonprofit,100.0,0,2023 (rev. 2025-09),https://www.ahrq.gov/sites/default/files/wysiwyg/chsp/compendium/chsp-compendium-2023-rev.xlsx,AHRQ Compendium 2023 (system file rev. 2025-09); systems as of end-2023,False,860206699.0,HCRIS FY2023 (FY2022 fallback); acute member hospitals; G-3 line 3,0,893992144.0,HCRIS FY2024 (periods beginning 2023-10-01..2024-09-30); acute member CCNs; annualized where needed,0,0,3.9,False,False,False,False,https://data.cms.gov/sites/default/files/2026-09/e85544f7-57ef-477e-9640-313ac0aac400/CostReport_2024_Final.csv,CMS Hospital Provider Cost Report FY2024 (periods beginning 2023-10-01..2024-09-30); file modified 2026-09-29,True,Children's of Alabama,unchanged,,https://en.wikipedia.org/wiki/Children%27s_of_Alabama,,None found,Low,Own pharmacy department site shows only inpatient/satellite pharmacies; NPPES candidate rejected; not on Shields list,,,,,https://www.childrensal.org/services/pharmacy-department/contact-us,2026-10-02,"An independent community pharmacy (Peds Rx Pharmacy Solutions, est. 2013) operates inside the hospital; no system specialty or infusion pharmacy found. Only one system page fetched, hence Low confidence.",,
HSI00000511,Infirmary Health System,Mobile,AL,AL,1,True,5,4,769.0,0.0,1.0,nonprofit,78.7,1,2023 (rev. 2025-09),https://www.ahrq.gov/sites/default/files/wysiwyg/chsp/compendium/chsp-compendium-2023-rev.xlsx,AHRQ Compendium 2023 (system file rev. 2025-09); systems as of end-2023,True,859984192.0,HCRIS FY2023 (FY2022 fallback); acute member hospitals; G-3 line 3,0,982804208.0,HCRIS FY2024 (periods beginning 2023-10-01..2024-09-30); acute member CCNs; annualized where needed,0,0,14.3,False,False,False,True,https://data.cms.gov/sites/default/files/2026-09/e85544f7-57ef-477e-9640-313ac0aac400/CostReport_2024_Final.csv,CMS Hospital Provider Cost Report FY2024 (periods beginning 2023-10-01..2024-09-30); file modified 2026-09-29,True,Infirmary Health,unchanged,,https://www.infirmaryhealth.org/services/pharmacy/specialty-pharmacy/,,"Owned, accredited",Medium,"Infirmary Health specialty pharmacy web page (URAC and ACHC claimed, updated 09/01/2026) plus NPPES specialty-primary record; no directory record in packet",Infirmary Health Specialty and Home Infusion (MIMC Specialty and Home Infusion Pharmacy),"Mobile Infirmary Association (system member/parent entity), Daphne AL","URAC Specialty Pharmacy (per web page, no cert number) | ACHC Specialty Pharmacy (per web page, no ID)",,https://www.infirmaryhealth.org/services/pharmacy/specialty-pharmacy/ | https://www.infirmaryhealth.org/services/pharmacy/home-infusion-pharmacy/ | https://npiregistry.cms.hhs.gov/provider-view/1710698717,2026-09-01,Accreditations are asserted on the system page but not matched to directory records in the packet. Rebranded as Infirmary Health with no ownership change found.,,
HSI00000050,Arkansas Childrens Hospital,Little Rock,AR,AR,1,True,2,2,350.0,0.0,1.0,nonprofit,100.0,0,2023 (rev. 2025-09),https://www.ahrq.gov/sites/default/files/wysiwyg/chsp/compendium/chsp-compendium-2023-rev.xlsx,AHRQ Compendium 2023 (system file rev. 2025-09); systems as of end-2023,False,873033558.0,HCRIS FY2023 (FY2022 fallback); acute member hospitals; G-3 line 3,0,991412537.0,HCRIS FY2024 (periods beginning 2023-10-01..2024-09-30); acute member CCNs; annualized where needed,0,0,13.6,False,False,False,False,https://data.cms.gov/sites/default/files/2026-09/e85544f7-57ef-477e-9640-313ac0aac400/CostReport_2024_Final.csv,CMS Hospital Provider Cost Report FY2024 (periods beginning 2023-10-01..2024-09-30); file modified 2026-09-29,True,Arkansas Children's,unchanged,,https://www.archildrens.org/news/releases/2026/ach-expansion-milestone,,"Owned, accredited",High,URAC SPP010423 plus Arkansas Children's pharmacy services page,Arkansas Children's Hospital Pharmacy,Arkansas Children's Hospital,URAC SPP010423 Specialty Pharmacy,,https://www.urac.org/directory/accreditation-details/?certification=SPP010423 | https://www.archildrens.org/programs-and-services/pharmacy,2026-10-02,"Little Rock campus renamed Arkansas Children's Golisano Campus (naming gift), system itself unchanged. Not on Shields list.",,
HSI00000074,Baptist Health,Little Rock,AR,AR,1,True,12,10,1512.0,1.0,1.0,nonprofit,100.0,0,2023 (rev. 2025-09),https://www.ahrq.gov/sites/default/files/wysiwyg/chsp/compendium/chsp-compendium-2023-rev.xlsx,AHRQ Compendium 2023 (system file rev. 2025-09); systems as of end-2023,False,1495677411.0,HCRIS FY2023 (FY2022 fallback); acute member hospitals; G-3 line 3,1,1602886650.0,HCRIS FY2024 (periods beginning 2023-10-01..2024-09-30); acute member CCNs; annualized where needed,1,0,7.2,False,True,False,False,https://data.cms.gov/sites/default/files/2026-09/e85544f7-57ef-477e-9640-313ac0aac400/CostReport_2024_Final.csv,CMS Hospital Provider Cost Report FY2024 (periods beginning 2023-10-01..2024-09-30); file modified 2026-09-29,True,Baptist Health,unchanged,,https://www.baptist-health.org/news/facilities/baptist-health-to-acquire-south-arkansas-regional-hospital-in-el-dorado,,Infusion or home infusion only,Low,Baptist Medical Towers Pharmacy & Infusion Services listings; NPPES home infusion taxonomy; no specialty accreditation found,Baptist Health Medical Towers Pharmacy and Infusion Services,Baptist Health (Little Rock),,,https://pharmacyfinder.rxlocal.com/pharmacyFinder/ar/little-rock/baptist-health-medical-towers-pharmacy-infusion-services,2026-10-02,"Still independent, adding hospitals (El Dorado, Magnolia 2026). Baptist Health AR is not the Shields-listed Baptist Health (Montgomery AL/Jacksonville FL); no specialty dispensing page found, so evidence is thin.",,
HSI00000090,Baxter Regional Medical Center,Mountain Home,AR,AR,1,True,1,1,169.0,0.0,1.0,nonprofit,100.0,0,2023 (rev. 2025-09),https://www.ahrq.gov/sites/default/files/wysiwyg/chsp/compendium/chsp-compendium-2023-rev.xlsx,AHRQ Compendium 2023 (system file rev. 2025-09); systems as of end-2023,False,277480129.0,HCRIS FY2023 (FY2022 fallback); acute member hospitals; G-3 line 3,0,291877679.0,HCRIS FY2024 (periods beginning 2023-10-01..2024-09-30); acute member CCNs; annualized where needed,0,0,5.2,False,False,False,False,https://data.cms.gov/sites/default/files/2026-09/e85544f7-57ef-477e-9640-313ac0aac400/CostReport_2024_Final.csv,CMS Hospital Provider Cost Report FY2024 (periods beginning 2023-10-01..2024-09-30); file modified 2026-09-29,True,Baxter Health,renamed,,https://www.baxterhealth.org/about-us/history/,,"Owned, not accredited",Medium,baxterhealth.org Outpatient Pharmacy page describes specialty pharmacy services; no accreditation or manager found,Baxter Health Outpatient Pharmacy,Baxter Health (Baxter Regional Medical Center),,,https://www.baxterhealth.org/medical-services/pharmacy/,2026-10-02,"Renamed Baxter Health (brand name; the legal entity appears unchanged, rename date not verified). No URAC/ACHC/NPPES candidates; page lists no accreditation.",,
HSI00000272,Conway Regional Health System,Conway,AR,AR,1,True,3,2,194.0,0.0,1.0,nonprofit,100.0,0,2023 (rev. 2025-09),https://www.ahrq.gov/sites/default/files/wysiwyg/chsp/compendium/chsp-compendium-2023-rev.xlsx,AHRQ Compendium 2023 (system file rev. 2025-09); systems as of end-2023,False,252589713.0,HCRIS FY2023 (FY2022 fallback); acute member hospitals; G-3 line 3,0,271643267.0,HCRIS FY2024 (periods beginning 2023-10-01..2024-09-30); acute member CCNs; annualized where needed,0,0,7.5,False,False,False,False,https://data.cms.gov/sites/default/files/2026-09/e85544f7-57ef-477e-9640-313ac0aac400/CostReport_2024_Final.csv,CMS Hospital Provider Cost Report FY2024 (periods beginning 2023-10-01..2024-09-30); file modified 2026-09-29,True,Conway Regional Health System,unchanged,,https://www.conwayregional.org/about,,None found,Low,No candidates; own site shows only Conway Outpatient Pharmacy (retail/compounding/immunizations) and infusion center,Conway Outpatient Pharmacy,Conway Regional Health System,,,https://www.conwayregional.org/services/crhs-outpatient-pharmacy,2026-10-02,CMC Specialty Pharmacy / Conway Medical Center (SC) results are an unrelated system. Outpatient pharmacy page makes no specialty mention.,,
HSI00000527,Jefferson Hospital Association,Pine Bluff,AR,AR,1,True,1,1,245.0,1.0,1.0,nonprofit,100.0,0,2023 (rev. 2025-09),https://www.ahrq.gov/sites/default/files/wysiwyg/chsp/compendium/chsp-compendium-2023-rev.xlsx,AHRQ Compendium 2023 (system file rev. 2025-09); systems as of end-2023,False,201717365.0,HCRIS FY2023 (FY2022 fallback); acute member hospitals; G-3 line 3,0,258405842.0,HCRIS FY2024 (periods beginning 2023-10-01..2024-09-30); acute member CCNs; annualized where needed,0,0,28.1,False,False,True,False,https://data.cms.gov/sites/default/files/2026-09/e85544f7-57ef-477e-9640-313ac0aac400/CostReport_2024_Final.csv,CMS Hospital Provider Cost Report FY2024 (periods beginning 2023-10-01..2024-09-30); file modified 2026-09-29,True,"Jefferson Regional Medical Center (Jefferson Hospital Association, Inc.)",acquired by,"University of Arkansas Board of Trustees (UAMS), as corporate member",https://news.uams.edu/2026/08/03/uams-and-jefferson-regional-announce-affiliation-to-expand-access-to-southeast-arkansas/,2026-08-03,None found,Medium,No candidates; jrmc.org and web search show only retail/outpatient pharmacy,"Jefferson Regional Medical Center Pharmacy (retail/outpatient, 1600 W 40th Ave)",Jefferson Regional Medical Center,,,https://www.jrmc.org/locations/pharmacy/,{'https://www.jrmc.org/locations/pharmacy/': '2026-10-02'},Only a retail/outpatient pharmacy with 340B participation found; no specialty or infusion pharmacy on system site or press. Confidence medium because absence rests on web search of a small site.,,
HSI00000911,Saint Bernards Healthcare,Jonesboro,AR,AR,1,True,4,3,388.0,0.0,2.0,church-operated,100.0,0,2023 (rev. 2025-09),https://www.ahrq.gov/sites/default/files/wysiwyg/chsp/compendium/chsp-compendium-2023-rev.xlsx,AHRQ Compendium 2023 (system file rev. 2025-09); systems as of end-2023,False,471780033.0,HCRIS FY2023 (FY2022 fallback); acute member hospitals; G-3 line 3,1,508948890.0,HCRIS FY2024 (periods beginning 2023-10-01..2024-09-30); acute member CCNs; annualized where needed,1,0,7.9,False,True,False,False,https://data.cms.gov/sites/default/files/2026-09/e85544f7-57ef-477e-9640-313ac0aac400/CostReport_2024_Final.csv,CMS Hospital Provider Cost Report FY2024 (periods beginning 2023-10-01..2024-09-30); file modified 2026-09-29,True,St. Bernards Healthcare,unchanged,,https://talkbusiness.net/2025/12/st-bernards-healthcare-to-take-over-management-of-mississippi-county-hospital-system/,,"Owned, not accredited",Medium,NPPES specialty-pharmacy primary taxonomy x2 plus system web page/search listing for St. Bernards Specialty Pharmacy; no accreditation found,St. Bernards Pharmacy / St. Bernards Specialty Pharmacy,St. Bernards Hospital Inc (system member),,,https://www.stbernards.info/services/pharmacy/ | https://npiregistry.cms.hhs.gov/provider-view/1780556787,2026-10-02,"System web pages describe a specialty pharmacy program on the medical center campus; the page fetch returned 403, so content comes from search listings. Not on Shields list; no URAC/ACHC record found.",,
HSI00001145,Unity Health,Searcy,AR,AR,1,True,5,4,179.0,0.0,1.0,nonprofit,100.0,0,2023 (rev. 2025-09),https://www.ahrq.gov/sites/default/files/wysiwyg/chsp/compendium/chsp-compendium-2023-rev.xlsx,AHRQ Compendium 2023 (system file rev. 2025-09); systems as of end-2023,False,272249366.0,HCRIS FY2023 (FY2022 fallback); acute member hospitals; G-3 line 3,3,273042337.0,HCRIS FY2024 (periods beginning 2023-10-01..2024-09-30); acute member CCNs; annualized where needed,2,0,0.3,False,True,False,False,https://data.cms.gov/sites/default/files/2026-09/e85544f7-57ef-477e-9640-313ac0aac400/CostReport_2024_Final.csv,CMS Hospital Provider Cost Report FY2024 (periods beginning 2023-10-01..2024-09-30); file modified 2026-09-29,True,Unity Health,partly closed,,https://arktimes.com/arkansas-blog/2026/04/16/jacksonville-hospital-ends-er-and-medical-services,2026-04-15,None found,Low,"Own site read via curl (home, locations, WCMC page): only Unity Health Pharmacy (retail, coordinated care) found; no specialty/infusion pharmacy, accreditation or manager",Unity Health Pharmacy (Searcy),Unity Health,,,https://www.unity-health.org/locations/unity-health-white-county-medical-center/,2026-10-02,"Jacksonville acute care closed April 2026 (converting to psychiatric); other hospitals operate. Site has no pharmacy service page, hence Low.",,
HSI00001240,Washington Regional,Fayetteville,AR,AR,1,True,1,1,377.0,0.0,1.0,nonprofit,100.0,0,2023 (rev. 2025-09),https://www.ahrq.gov/sites/default/files/wysiwyg/chsp/compendium/chsp-compendium-2023-rev.xlsx,AHRQ Compendium 2023 (system file rev. 2025-09); systems as of end-2023,False,391093311.0,HCRIS FY2023 (FY2022 fallback); acute member hospitals; G-3 line 3,0,423134690.0,HCRIS FY2024 (periods beginning 2023-10-01..2024-09-30); acute member CCNs; annualized where needed,0,0,8.2,False,False,False,False,https://data.cms.gov/sites/default/files/2026-09/e85544f7-57ef-477e-9640-313ac0aac400/CostReport_2024_Final.csv,CMS Hospital Provider Cost Report FY2024 (periods beginning 2023-10-01..2024-09-30); file modified 2026-09-29,True,Washington Regional,unchanged,,https://www.wregional.com/main/news/washington-regional-to-assume-operations-of-physic-548,,None found,Medium,"Own infusion-center page and search show outpatient infusion administration only, no pharmacy; no candidates",,,,,https://www.wregional.com/main/infusion-therapy-services,2026-10-02,"System assumed operation of Physicians' Specialty Hospital Dec 2025 (expansion, still nonprofit, same name). Infusion Center administers drugs but is not a pharmacy.",,
HSI00001260,White River Health System,Batesville,AR,AR,1,True,2,2,195.0,0.0,1.0,nonprofit,100.0,0,2023 (rev. 2025-09),https://www.ahrq.gov/sites/default/files/wysiwyg/chsp/compendium/chsp-compendium-2023-rev.xlsx,AHRQ Compendium 2023 (system file rev. 2025-09); systems as of end-2023,False,275984720.0,HCRIS FY2023 (FY2022 fallback); acute member hospitals; G-3 line 3,0,272711063.0,HCRIS FY2024 (periods beginning 2023-10-01..2024-09-30); acute member CCNs; annualized where needed,0,0,-1.2,False,False,False,False,https://data.cms.gov/sites/default/files/2026-09/e85544f7-57ef-477e-9640-313ac0aac400/CostReport_2024_Final.csv,CMS Hospital Provider Cost Report FY2024 (periods beginning 2023-10-01..2024-09-30); file modified 2026-09-29,True,White River Health,unchanged,,https://whiteriverhealth.org/posts/white-river-health-announces-new-vice-president-and-administrator,,None found,Low,No candidates; own website pages show no specialty/home infusion pharmacy (hospital outpatient infusion only),,,,,https://whiteriverhealth.org/locations | https://whiteriverhealth.org/posts/wrh-oncology-and-infusion-center-holds-groundbreaking,2026-10-02,Independent as of Jan 2026; hospital oncology/outpatient infusion center only. Site search was limited to locations page and search snippets.,,
HSI00000073,Banner Health,Phoenix,AZ,AZ;CA;CO;NE;NV;WY,6,True,33,29,5258.0,1.0,1.0,nonprofit,99.7,1,2023 (rev. 2025-09),https://www.ahrq.gov/sites/default/files/wysiwyg/chsp/compendium/chsp-compendium-2023-rev.xlsx,AHRQ Compendium 2023 (system file rev. 2025-09); systems as of end-2023,True,8460859217.0,HCRIS FY2023 (FY2022 fallback); acute member hospitals; G-3 line 3,0,8862532535.0,HCRIS FY2024 (periods beginning 2023-10-01..2024-09-30); acute member CCNs; annualized where needed,0,0,4.7,False,False,False,True,https://data.cms.gov/sites/default/files/2026-09/e85544f7-57ef-477e-9640-313ac0aac400/CostReport_2024_Final.csv,CMS Hospital Provider Cost Report FY2024 (periods beginning 2023-10-01..2024-09-30); file modified 2026-09-29,True,Banner Health,unchanged,,https://www.bannerhealth.com/about,,Managed or partnered,High,"Shields partner list (Banner Health: Phoenix, Greeley, Ogallala, Fallon, Casper); Shields/Excelera launch case study; URAC and ACHC records",Banner Specialty Pharmacy | Banner Family Pharmacy - Chandler | Banner Pharmacy Services LLC,"Banner Pharmacy Services, LLC (Banner Health subsidiary)",URAC SPP010517 Specialty Pharmacy | ACHC 78327 Specialty Pharmacy Services,Shields Health Solutions,https://shieldshealthsolutions.com/about-us/partner-health-systems | https://www.shieldshealthsolutions.com/developing-an-in-house-specialty-pharmacy-within-6-months/ | https://www.bannerhealth.com/services/pharmacy/specialty-pharmacy | https://www.urac.org/directory/accreditation-details/?certification=SPP010517,2026-10-02,Banner owns an accredited in-house specialty pharmacy launched with Shields support; tier set to Managed or partnered per Shields-list rule.,,
HSI00000491,HonorHealth,Scottsdale,AZ,AZ,1,True,7,6,1406.0,0.0,1.0,nonprofit,100.0,0,2023 (rev. 2025-09),https://www.ahrq.gov/sites/default/files/wysiwyg/chsp/compendium/chsp-compendium-2023-rev.xlsx,AHRQ Compendium 2023 (system file rev. 2025-09); systems as of end-2023,False,2453595811.0,HCRIS FY2023 (FY2022 fallback); acute member hospitals; G-3 line 3,0,2784134667.0,HCRIS FY2024 (periods beginning 2023-10-01..2024-09-30); acute member CCNs; annualized where needed,0,0,13.5,False,False,False,False,https://data.cms.gov/sites/default/files/2026-09/e85544f7-57ef-477e-9640-313ac0aac400/CostReport_2024_Final.csv,CMS Hospital Provider Cost Report FY2024 (periods beginning 2023-10-01..2024-09-30); file modified 2026-09-29,True,HonorHealth,unchanged,,https://www.honorhealth.com/healthy-living/honorhealth-acquire-evernorth-care-group-expanding-access-convenient-quality-care,,Managed or partnered,High,"Shields partner list (Honor Health, Phoenix AZ) plus URAC and ACHC records",HonorHealth John C. Lincoln Medical Center Specialty Pharmacy | HonorHealth Home Infusion Therapy Services,HonorHealth (John C Lincoln Medical Center Specialty Pharmacy),URAC SPP010270 Specialty Pharmacy | ACHC 85605 Specialty Pharmacy Services | ACHC 85605 Infusion Pharmacy Services,Shields Health Solutions,https://www.urac.org/directory/accreditation-details/?certification=SPP010270 | https://shieldshealthsolutions.com/about-us/partner-health-systems | https://www.honorhealth.com/healthy-living/make-your-life-easier-honorhealth-pharmacy,2026-10-02,Shields rule applies; owned pharmacy holds URAC and ACHC accreditation.,,
HSI00000761,Northern Arizona Healthcare,Flagstaff,AZ,AZ,1,True,2,2,329.0,1.0,1.0,nonprofit,100.0,0,2023 (rev. 2025-09),https://www.ahrq.gov/sites/default/files/wysiwyg/chsp/compendium/chsp-compendium-2023-rev.xlsx,AHRQ Compendium 2023 (system file rev. 2025-09); systems as of end-2023,False,650429562.0,HCRIS FY2023 (FY2022 fallback); acute member hospitals; G-3 line 3,0,784994234.0,HCRIS FY2024 (periods beginning 2023-10-01..2024-09-30); acute member CCNs; annualized where needed,0,0,20.7,False,False,False,False,https://data.cms.gov/sites/default/files/2026-09/e85544f7-57ef-477e-9640-313ac0aac400/CostReport_2024_Final.csv,CMS Hospital Provider Cost Report FY2024 (periods beginning 2023-10-01..2024-09-30); file modified 2026-09-29,True,Northern Arizona Healthcare,unchanged,,https://www.azmed.org/northern-arizona-healthcare-pauses-new-hospital-plans-amid-financial-uncertainty,,"Owned, not accredited",Low,NAH own pharmacy pages (retail pharmacy offering complex-condition therapies); no accreditation found,Flagstaff Pharmacy | VVMC Retail Pharmacy,Flagstaff Medical Center / Verde Valley Medical Center (NAH),,,https://www.nahealth.com/pharmacy-services/flagstaff-pharmacy/ | https://www.nahealth.com/pharmacy-services/,2026-10-02,"Retail pharmacies advertise therapies for autoimmune/oncology conditions but no dedicated specialty pharmacy or accreditation found. Home infusion offered by LHC Northern Arizona Home Health, a separate partner.",,
HSI00000824,Phoenix Childrens Hospital,Phoenix,AZ,AZ,1,True,1,1,383.0,0.0,1.0,nonprofit,100.0,0,2023 (rev. 2025-09),https://www.ahrq.gov/sites/default/files/wysiwyg/chsp/compendium/chsp-compendium-2023-rev.xlsx,AHRQ Compendium 2023 (system file rev. 2025-09); systems as of end-2023,False,1372554647.0,HCRIS FY2023 (FY2022 fallback); acute member hospitals; G-3 line 3,0,1517941431.0,HCRIS FY2024 (periods beginning 2023-10-01..2024-09-30); acute member CCNs; annualized where needed,0,0,10.6,False,False,False,False,https://data.cms.gov/sites/default/files/2026-09/e85544f7-57ef-477e-9640-313ac0aac400/CostReport_2024_Final.csv,CMS Hospital Provider Cost Report FY2024 (periods beginning 2023-10-01..2024-09-30); file modified 2026-09-29,True,Phoenix Children's,unchanged,,https://www.chiefhealthcareexecutive.com/view/phoenix-children-s-opens-new-195m-hospital-and-another-is-coming,,Managed or partnered,High,Shields partner list plus Shields/Phoenix Children's press release; URAC and ACHC records confirmed,Phoenix Children's Specialty Pharmacy | Phoenix Children's Hospital Outpatient Pharmacy,"Phoenix Children's Hospital, Inc.",URAC SPP010104 Specialty Pharmacy | ACHC 88282 Specialty Pharmacy Services,Shields Health Solutions,https://phoenixchildrens.org/specialties-conditions/pharmacy-services/specialty-pharmacy | https://www.businesswire.com/news/home/20230124005249/en/Shields-Health-Solutions-and-Phoenix-Children%E2%80%99s-Partner-to-Establish-Specialty-Pharmacy-Services | https://www.urac.org/directory/accreditation-details/?certification=SPP010104 | https://shieldshealthsolutions.com/about-us/partner-health-systems,2026-10-02,Shields partnership announced January 2023 and listed on Shields partner list. Accreditations held directly by the hospital entity.,,
HSI00001400,Summit Healthcare,Show Low,AZ,AZ,1,True,1,1,89.0,0.0,1.0,nonprofit,100.0,0,2023 (rev. 2025-09),https://www.ahrq.gov/sites/default/files/wysiwyg/chsp/compendium/chsp-compendium-2023-rev.xlsx,AHRQ Compendium 2023 (system file rev. 2025-09); systems as of end-2023,False,261367382.0,HCRIS FY2023 (FY2022 fallback); acute member hospitals; G-3 line 3,0,289385231.0,HCRIS FY2024 (periods beginning 2023-10-01..2024-09-30); acute member CCNs; annualized where needed,0,0,10.7,False,False,False,False,https://data.cms.gov/sites/default/files/2026-09/e85544f7-57ef-477e-9640-313ac0aac400/CostReport_2024_Final.csv,CMS Hospital Provider Cost Report FY2024 (periods beginning 2023-10-01..2024-09-30); file modified 2026-09-29,True,Summit Healthcare Regional Medical Center,unchanged,,https://summithealthcare.net/pharmacy/,,None found,Low,"No candidates; summithealthcare.net pharmacy page lists inpatient, oncology satellite and outpatient Meds-to-Beds only",Summit Healthcare Outpatient Pharmacy,,,,https://summithealthcare.net/pharmacy/,2026-10-02,"Search results mention a 2016 Mayo Clinic acquisition, which is pre-2023 and not confirmed as a current ownership change; it is presumably the Mayo Clinic Care Network affiliation. No specialty pharmacy found.",,
HSI00001055,TMC Healthcare,Tucson,AZ,AZ,1,True,3,3,519.0,0.0,1.0,nonprofit,95.4,1,2023 (rev. 2025-09),https://www.ahrq.gov/sites/default/files/wysiwyg/chsp/compendium/chsp-compendium-2023-rev.xlsx,AHRQ Compendium 2023 (system file rev. 2025-09); systems as of end-2023,True,842417013.0,HCRIS FY2023 (FY2022 fallback); acute member hospitals; G-3 line 3,0,953636061.0,HCRIS FY2024 (periods beginning 2023-10-01..2024-09-30); acute member CCNs; annualized where needed,0,0,13.2,False,False,False,False,https://data.cms.gov/sites/default/files/2026-09/e85544f7-57ef-477e-9640-313ac0aac400/CostReport_2024_Final.csv,CMS Hospital Provider Cost Report FY2024 (periods beginning 2023-10-01..2024-09-30); file modified 2026-09-29,True,TMC Health (Tucson Medical Center),unchanged,,https://tmcaz.com/en/programs-services/pharmacy/specialty-pharmacy-services,,"Owned, not accredited",Medium,TMC own website: TMC Pharmacy fills complex therapies as specialty medication pharmacy; no accreditation or partner found,TMC Pharmacy,Tucson Medical Center,,,https://tmcaz.com/en/programs-services/pharmacy/specialty-pharmacy-services,2026-10-02,Brand is now TMC Health; Mayo Clinic Care Network alliance is not an acquisition. No URAC/ACHC candidates; page does not state accreditation.,,
HSI00001275,Yuma Regional Medical Center,Yuma,AZ,AZ,1,True,1,1,430.0,0.0,1.0,nonprofit,100.0,0,2023 (rev. 2025-09),https://www.ahrq.gov/sites/default/files/wysiwyg/chsp/compendium/chsp-compendium-2023-rev.xlsx,AHRQ Compendium 2023 (system file rev. 2025-09); systems as of end-2023,False,732517265.0,HCRIS FY2023 (FY2022 fallback); acute member hospitals; G-3 line 3,0,806426161.0,HCRIS FY2024 (periods beginning 2023-10-01..2024-09-30); acute member CCNs; annualized where needed,0,0,10.1,False,False,False,False,https://data.cms.gov/sites/default/files/2026-09/e85544f7-57ef-477e-9640-313ac0aac400/CostReport_2024_Final.csv,CMS Hospital Provider Cost Report FY2024 (periods beginning 2023-10-01..2024-09-30); file modified 2026-09-29,True,Onvida Health,renamed,,https://www.onvidahealth.org/yuma-regional-medical-center-changes-its-name-to-onvida-health/,2024-10-09,None found,Medium,"Onvida Health website and press releases show only a hospital oncology pharmacy, a ProxsysRx-run retail pharmacy and an outpatient infusion clinic; no candidates","Onvida Health Cancer and Blood Disorders Center oncology pharmacy (hospital chemo compounding) | YRMC Foothills Pharmacy (retail, owned/managed by ProxsysRx)",Onvida Health (hospital oncology pharmacy); ProxsysRx (Foothills retail pharmacy),,,https://www.onvidahealth.org/yrmc-announces-the-opening-of-foothills-pharmacy/ | https://www.onvidahealth.org/location/outpatient-infusion-therapy/ | https://www.onvidahealth.org/yuma-regional-medical-center-changes-its-name-to-onvida-health/,2024-08-21,Renamed Onvida Health (Oct 2024); no specialty or home-infusion pharmacy found on its site. The Foothills retail pharmacy is run by ProxsysRx and is not a specialty pharmacy; not on Shields list.,,
HSI00000011,Adventist Health,Roseville,CA,CA;HI;OR,3,True,28,25,2976.0,1.0,2.0,church-operated,100.0,0,2023 (rev. 2025-09),https://www.ahrq.gov/sites/default/files/wysiwyg/chsp/compendium/chsp-compendium-2023-rev.xlsx,AHRQ Compendium 2023 (system file rev. 2025-09); systems as of end-2023,False,5264286719.0,HCRIS FY2023 (FY2022 fallback); acute member hospitals; G-3 line 3,2,5864085672.0,HCRIS FY2024 (periods beginning 2023-10-01..2024-09-30); acute member CCNs; annualized where needed,2,0,11.4,False,True,False,False,https://data.cms.gov/sites/default/files/2026-09/e85544f7-57ef-477e-9640-313ac0aac400/CostReport_2024_Final.csv,CMS Hospital Provider Cost Report FY2024 (periods beginning 2023-10-01..2024-09-30); file modified 2026-09-29,True,Adventist Health,unchanged,,https://www.adventisthealth.org/news/adventist-health-and-tenet-healthcare-finalize-acquisition-of-central-coast-hospitals,,"Owned, accredited",High,URAC + ACHC records and Adventist Health Fortify Market web page (dual accredited),Fortify Market Pharmacy | Adventist Health Castle outpatient pharmacy,"Adventist Health Outpatient Pharmacy Services, LLC (system subsidiary); Castle Medical Center",URAC SPP010133 Specialty Pharmacy | ACHC 89446 Specialty Pharmacy Services | ACHC 96349 Specialty Pharmacy Services,,https://www.adventisthealth.org/system/locations/fortify-market-pharmacy/ | https://www.urac.org/directory/accreditation-details/?certification=SPP010133 | https://www.adventisthealth.org/services/pharmacy/,2026-10-02,Not on Shields list. Castle Medical Center ACHC record is a member-hospital pharmacy.,,
HSI00000086,Barton Health,South Lake Tahoe,CA,CA;NV,2,True,2,2,86.0,0.0,1.0,nonprofit,100.0,0,2023 (rev. 2025-09),https://www.ahrq.gov/sites/default/files/wysiwyg/chsp/compendium/chsp-compendium-2023-rev.xlsx,AHRQ Compendium 2023 (system file rev. 2025-09); systems as of end-2023,False,266911086.0,HCRIS FY2023 (FY2022 fallback); acute member hospitals; G-3 line 3,0,302418764.0,HCRIS FY2024 (periods beginning 2023-10-01..2024-09-30); acute member CCNs; annualized where needed,0,0,13.3,False,False,False,False,https://data.cms.gov/sites/default/files/2026-09/e85544f7-57ef-477e-9640-313ac0aac400/CostReport_2024_Final.csv,CMS Hospital Provider Cost Report FY2024 (periods beginning 2023-10-01..2024-09-30); file modified 2026-09-29,True,Barton Health,unchanged,,https://www.bartonhealth.org/about-us/news/2026/barton-health-and-south-lake-tahoe-cancer-league-announce-transi/,,None found,Low,Search results from Barton site: inpatient pharmacy not open to public; hospital infusion center only; no candidates,,,,,https://www.bartonhealth.org/health-services/pharmacy-services/ | https://www.bartonhealth.org/find-a-location/locations-profile/infusion-therapy/,2026-10-02,Barton became sole governing member of Carson Valley Health in 2026 (still separate entity). Direct fetch of pharmacy page returned 403.,,
HSI00000214,CHOC Childrens,Orange,CA,CA,1,True,2,2,334.0,0.0,1.0,nonprofit,100.0,0,2023 (rev. 2025-09),https://www.ahrq.gov/sites/default/files/wysiwyg/chsp/compendium/chsp-compendium-2023-rev.xlsx,AHRQ Compendium 2023 (system file rev. 2025-09); systems as of end-2023,False,1310418726.0,HCRIS FY2023 (FY2022 fallback); acute member hospitals; G-3 line 3,1,1373123733.0,HCRIS FY2024 (periods beginning 2023-10-01..2024-09-30); acute member CCNs; annualized where needed,1,0,4.8,False,True,False,False,https://data.cms.gov/sites/default/files/2026-09/e85544f7-57ef-477e-9640-313ac0aac400/CostReport_2024_Final.csv,CMS Hospital Provider Cost Report FY2024 (periods beginning 2023-10-01..2024-09-30); file modified 2026-09-29,True,Rady Children's Health,merged into,Rady Children's Health,https://inside.choc.org/choc-and-rady-merger/,2024-12-31,"Owned, accredited",High,URAC SPP010342 + ACHC 83057 + NPPES primary specialty + CHOC web page (via Rady Children's Health),CHOC Specialty Pharmacy Services,Children's Hospital of Orange County (now part of Rady Children's Health),URAC SPP010342 Specialty Pharmacy | ACHC 83057 Specialty Pharmacy Services,,"https://www.urac.org/directory/accreditation-details/?certification=SPP010342 | https://organization.achc.org/print?legalCompanyName=Children's%20Hospital%20of%20Orange%20County&dbaCompanyName=CHOC%20Specialty%20Pharmacy%20Services&companyID=83057&full_address=Orange,%20CA%2092868&physicalAddress=1201%20W.%20La%20Veta%20Ave.,%20Ste%20B224, | https://choc.org/pharmacy-services/specialty-pharmacy/ | https://npiregistry.cms.hhs.gov/provider-view/1407514094",2026-10-02,Merger with Rady Children's Hospital San Diego closed 2024-12-31 forming Rady Children's Health; CHOC pharmacy continues as internal department. Not on Shields list.,,HSI00000864
HSI00000190,Cedars Sinai Health System,West Hollywood,CA,CA,1,True,4,4,1972.0,0.0,1.0,nonprofit,100.0,0,2023 (rev. 2025-09),https://www.ahrq.gov/sites/default/files/wysiwyg/chsp/compendium/chsp-compendium-2023-rev.xlsx,AHRQ Compendium 2023 (system file rev. 2025-09); systems as of end-2023,False,5576013159.0,HCRIS FY2023 (FY2022 fallback); acute member hospitals; G-3 line 3,0,6250835436.0,HCRIS FY2024 (periods beginning 2023-10-01..2024-09-30); acute member CCNs; annualized where needed,0,0,12.1,False,False,False,False,https://data.cms.gov/sites/default/files/2026-09/e85544f7-57ef-477e-9640-313ac0aac400/CostReport_2024_Final.csv,CMS Hospital Provider Cost Report FY2024 (periods beginning 2023-10-01..2024-09-30); file modified 2026-09-29,True,Cedars Sinai Health System,unchanged,,https://www.cedars-sinai.org/newsroom/cedars-sinai-acquires-beverly-connection-to-meet-future-community-needs/,,"Owned, accredited",Medium,URAC record for Cedars-Sinai Medical Center AHSP Pharmacy; pharmacy listing corroborates existence,Cedars-Sinai Medical Center AHSP Pharmacy,Cedars-Sinai Medical Center,URAC SPP010206 Specialty Pharmacy,,https://www.urac.org/directory/accreditation-details/?certification=SPP010206 | https://doctor.webmd.com/practice/cedars-sinai-medical-center-ahsp-pharmacy-436bfa39-b356-40ef-9b6d-641332a21aaa,2026-10-02,"Not on Shields list; no outside manager found. No explicit Cedars-Sinai web page on specialty pharmacy was retrieved, so confidence is Medium.",,
HSI00000210,Childrens Hospital Los Angeles,Los Angeles,CA,CA,1,True,1,1,413.0,0.0,1.0,nonprofit,100.0,0,2023 (rev. 2025-09),https://www.ahrq.gov/sites/default/files/wysiwyg/chsp/compendium/chsp-compendium-2023-rev.xlsx,AHRQ Compendium 2023 (system file rev. 2025-09); systems as of end-2023,False,1208346977.0,HCRIS FY2023 (FY2022 fallback); acute member hospitals; G-3 line 3,0,1429610869.0,HCRIS FY2024 (periods beginning 2023-10-01..2024-09-30); acute member CCNs; annualized where needed,0,0,18.3,False,False,False,False,https://data.cms.gov/sites/default/files/2026-09/e85544f7-57ef-477e-9640-313ac0aac400/CostReport_2024_Final.csv,CMS Hospital Provider Cost Report FY2024 (periods beginning 2023-10-01..2024-09-30); file modified 2026-09-29,True,Children's Hospital Los Angeles,unchanged,,https://www.chla.org/pharmacy-services,,"Owned, accredited",High,URAC SPP010276 + CHLA specialty pharmacy welcome packet + NPPES specialty primary,Children's Hospital Los Angeles Specialty Pharmacy,Children's Hospital Los Angeles,URAC SPP010276 Specialty Pharmacy,,https://www.chla.org/sites/default/files/2024-04/CHLA-Specialty-Pharmacy-Welcome-Packet-2024-English.pdf | https://www.urac.org/directory/accreditation-details/?certification=SPP010276,2024-04-01,Two NPPES records are duplicate entries for the same pharmacy; no merger or rename found. Not on Shields list.,,
HSI00000253,Community Medical Centers,Clovis,CA,CA,1,True,4,2,1135.0,1.0,1.0,nonprofit,100.0,0,2023 (rev. 2025-09),https://www.ahrq.gov/sites/default/files/wysiwyg/chsp/compendium/chsp-compendium-2023-rev.xlsx,AHRQ Compendium 2023 (system file rev. 2025-09); systems as of end-2023,False,2124912039.0,HCRIS FY2023 (FY2022 fallback); acute member hospitals; G-3 line 3,0,,HCRIS FY2024 (periods beginning 2023-10-01..2024-09-30); acute member CCNs; annualized where needed,2,0,,False,True,False,False,https://data.cms.gov/sites/default/files/2026-09/e85544f7-57ef-477e-9640-313ac0aac400/CostReport_2024_Final.csv,CMS Hospital Provider Cost Report FY2024 (periods beginning 2023-10-01..2024-09-30); file modified 2026-09-29,True,Community Medical Centers,unchanged,Community Health System (nonprofit parent),https://www.communitymedical.org/,,None found,Low,No URAC/ACHC/NPPES candidates; system website and web searches show no specialty pharmacy,,,,,https://www.communitymedical.org/,2026-10-02,Search surfaced Community Home Infusion (communitycarehealth.org) but could not tie it to this system. Low confidence because only the homepage was fetched.,,
HSI00000255,Community Memorial Health System,Ventura,CA,CA,1,True,2,2,254.0,0.0,1.0,nonprofit,100.0,0,2023 (rev. 2025-09),https://www.ahrq.gov/sites/default/files/wysiwyg/chsp/compendium/chsp-compendium-2023-rev.xlsx,AHRQ Compendium 2023 (system file rev. 2025-09); systems as of end-2023,False,539524831.0,HCRIS FY2023 (FY2022 fallback); acute member hospitals; G-3 line 3,0,632709201.0,HCRIS FY2024 (periods beginning 2023-10-01..2024-09-30); acute member CCNs; annualized where needed,0,0,17.3,False,False,False,False,https://data.cms.gov/sites/default/files/2026-09/e85544f7-57ef-477e-9640-313ac0aac400/CostReport_2024_Final.csv,CMS Hospital Provider Cost Report FY2024 (periods beginning 2023-10-01..2024-09-30); file modified 2026-09-29,True,Community Memorial Healthcare,renamed,,https://www.mycmh.org/about-us/,2023-02,"Owned, accredited",Medium,"mycmh.org news (ACHC Specialty Pharmacy, May 2024); accreditations page snippet cites URAC too",Community Memorial Pharmacy,Community Memorial Healthcare,ACHC Specialty Pharmacy (no ID found),,https://www.mycmh.org/news-articles/2024/may/community-memorial-healthcare-earns-specialty-ph/ | https://www.mycmh.org/locations/community-memorial-pharmacy/,2026-10-02,"No automated candidates matched, but the system's own news confirms ACHC accreditation, and search snippet says URAC as well (unverified). Renamed in 2023, nonprofit and independent.",,
HSI00000283,Cottage Health System,Santa Barbara,CA,CA,1,True,4,3,397.0,0.0,1.0,nonprofit,100.0,0,2023 (rev. 2025-09),https://www.ahrq.gov/sites/default/files/wysiwyg/chsp/compendium/chsp-compendium-2023-rev.xlsx,AHRQ Compendium 2023 (system file rev. 2025-09); systems as of end-2023,False,989932089.0,HCRIS FY2023 (FY2022 fallback); acute member hospitals; G-3 line 3,0,1085711658.0,HCRIS FY2024 (periods beginning 2023-10-01..2024-09-30); acute member CCNs; annualized where needed,0,0,9.7,False,False,False,False,https://data.cms.gov/sites/default/files/2026-09/e85544f7-57ef-477e-9640-313ac0aac400/CostReport_2024_Final.csv,CMS Hospital Provider Cost Report FY2024 (periods beginning 2023-10-01..2024-09-30); file modified 2026-09-29,True,Cottage Health,unchanged,,https://www.cottagehealth.org/about/our-hospitals/,,Managed or partnered,High,ACHC 98218 + NPPES primary + Cottage web page/press (Santa Barbara Independent 2025-05-05) naming Clearway Health partner,Cottage Specialty Pharmacy,Santa Barbara Cottage Hospital,ACHC 98218 Specialty Pharmacy Services,Clearway Health,https://www.cottagehealth.org/services/specialty-pharmacy/ | https://www.independent.com/2025/05/05/cottage-health-partners-with-clearway-health-to-launch-specialty-pharmacy-program/,2025-05-05,"Specialty program launched with Clearway Health, a specialty pharmacy services company. Not on Shields list.",,
HSI00000335,Eisenhower Health,Rancho Mirage,CA,CA,1,True,1,1,362.0,0.0,1.0,nonprofit,100.0,0,2023 (rev. 2025-09),https://www.ahrq.gov/sites/default/files/wysiwyg/chsp/compendium/chsp-compendium-2023-rev.xlsx,AHRQ Compendium 2023 (system file rev. 2025-09); systems as of end-2023,False,1036619062.0,HCRIS FY2023 (FY2022 fallback); acute member hospitals; G-3 line 3,0,1259180643.0,HCRIS FY2024 (periods beginning 2023-10-01..2024-09-30); acute member CCNs; annualized where needed,0,0,21.5,False,False,False,False,https://data.cms.gov/sites/default/files/2026-09/e85544f7-57ef-477e-9640-313ac0aac400/CostReport_2024_Final.csv,CMS Hospital Provider Cost Report FY2024 (periods beginning 2023-10-01..2024-09-30); file modified 2026-09-29,True,Eisenhower Health,unchanged,,https://eisenhowerhealth.org/locations/?action=detail&dataRef=15,,"Owned, not accredited",Low,NPPES only: Specialty Pharmacy primary taxonomy for Lucy Curci Cancer Center Pharmacy under Eisenhower Medical Center; website has no pharmacy mention,Lucy Curci Cancer Center Pharmacy,Eisenhower Medical Center,,,https://npiregistry.cms.hhs.gov/provider-view/1992613301,2026-10-02,Address matches the cancer center on the main campus; NPPES updated 2026-09-02. No accreditation or partner found; not on Shields list.,,
HSI00000226,Emanate Health,Covina,CA,CA,1,True,3,3,586.0,1.0,1.0,nonprofit,100.0,0,2023 (rev. 2025-09),https://www.ahrq.gov/sites/default/files/wysiwyg/chsp/compendium/chsp-compendium-2023-rev.xlsx,AHRQ Compendium 2023 (system file rev. 2025-09); systems as of end-2023,False,632543769.0,HCRIS FY2023 (FY2022 fallback); acute member hospitals; G-3 line 3,1,733127956.0,HCRIS FY2024 (periods beginning 2023-10-01..2024-09-30); acute member CCNs; annualized where needed,1,0,15.9,False,True,False,False,https://data.cms.gov/sites/default/files/2026-09/e85544f7-57ef-477e-9640-313ac0aac400/CostReport_2024_Final.csv,CMS Hospital Provider Cost Report FY2024 (periods beginning 2023-10-01..2024-09-30); file modified 2026-09-29,True,Emanate Health,unchanged,,https://www.emanatehealth.org/about-us/,,"Owned, accredited",High,URAC SPP010600 + ACHC 96428 + Emanate specialty pharmacy web page,Emanate Health Medical Center Pharmacy | Emanate Health Medical Center Specialty Pharmacy,Emanate Health Medical Center (member hospital),URAC SPP010600 Specialty Pharmacy | ACHC 96428 Specialty Pharmacy Services,,https://www.urac.org/directory/accreditation-details/?certification=SPP010600 | https://www.emanatehealth.org/services/specialty-pharmacy/,2026-10-02,No outside manager found. NPPES hit lists specialty as non-primary but is corroborated.,,
HSI00000345,Enloe Medical Center,Chico,CA,CA,1,True,1,1,258.0,0.0,1.0,nonprofit,100.0,0,2023 (rev. 2025-09),https://www.ahrq.gov/sites/default/files/wysiwyg/chsp/compendium/chsp-compendium-2023-rev.xlsx,AHRQ Compendium 2023 (system file rev. 2025-09); systems as of end-2023,False,834423644.0,HCRIS FY2023 (FY2022 fallback); acute member hospitals; G-3 line 3,0,1057826871.0,HCRIS FY2024 (periods beginning 2023-10-01..2024-09-30); acute member CCNs; annualized where needed,0,0,26.8,False,False,True,False,https://data.cms.gov/sites/default/files/2026-09/e85544f7-57ef-477e-9640-313ac0aac400/CostReport_2024_Final.csv,CMS Hospital Provider Cost Report FY2024 (periods beginning 2023-10-01..2024-09-30); file modified 2026-09-29,True,Enloe Health,renamed,,https://www.enloe.org/news-media/2023/enloe-medical-center-rebrands-as-enloe-health/,2023-11,"Owned, accredited",High,URAC SPP010677 + ACHC 88615 + NPPES + enloe.org specialty pharmacy page,Enloe Health Specialty Pharmacy | Enloe Medical Center - Cancer Center pharmacy,Enloe Medical Center (Enloe Health),URAC SPP010677 Specialty Pharmacy | ACHC 88615 Specialty Pharmacy Services,,https://www.enloe.org/care-treatment/specialty-pharmacy/ | https://www.urac.org/directory/accreditation-details/?certification=SPP010677 | https://npiregistry.cms.hhs.gov/provider-view/1588385454,2026-10-02,Rebranded to Enloe Health in Nov 2023; enloe.org fetch returned 403 but search snippets show the pharmacy page. No outside manager found.,,
HSI00000484,Hoag Memorial Hospital Presbyterian,Newport Beach,CA,CA,1,True,2,1,512.0,0.0,1.0,nonprofit,100.0,0,2023 (rev. 2025-09),https://www.ahrq.gov/sites/default/files/wysiwyg/chsp/compendium/chsp-compendium-2023-rev.xlsx,AHRQ Compendium 2023 (system file rev. 2025-09); systems as of end-2023,False,1565207812.0,HCRIS FY2023 (FY2022 fallback); acute member hospitals; G-3 line 3,0,1731817317.0,HCRIS FY2024 (periods beginning 2023-10-01..2024-09-30); acute member CCNs; annualized where needed,0,0,10.6,False,False,False,False,https://data.cms.gov/sites/default/files/2026-09/e85544f7-57ef-477e-9640-313ac0aac400/CostReport_2024_Final.csv,CMS Hospital Provider Cost Report FY2024 (periods beginning 2023-10-01..2024-09-30); file modified 2026-09-29,True,Hoag,unchanged,,https://hoag.org/featured-news/hoag-seeks-to-sever-ties-with-providence-health-care-system,2025-01-31,None found,Medium,No candidates; Hoag infusion center page and pharmacy searches show inpatient and oncology pharmacies only,,,,,https://www.hoag.org/specialties-services/neurosciences/diagnostics-treatment/hoag-infusion-center/,2026-10-02,Ended Providence affiliation 2025-01-31 and is independent. Only inpatient and chemo outpatient dispensing found.,,
HSI00000530,John Muir Health,Walnut Creek,CA,CA,1,True,3,2,610.0,0.0,1.0,nonprofit,100.0,0,2023 (rev. 2025-09),https://www.ahrq.gov/sites/default/files/wysiwyg/chsp/compendium/chsp-compendium-2023-rev.xlsx,AHRQ Compendium 2023 (system file rev. 2025-09); systems as of end-2023,False,1684334426.0,HCRIS FY2023 (FY2022 fallback); acute member hospitals; G-3 line 3,0,1863607242.0,HCRIS FY2024 (periods beginning 2023-10-01..2024-09-30); acute member CCNs; annualized where needed,0,0,10.6,False,False,False,False,https://data.cms.gov/sites/default/files/2026-09/e85544f7-57ef-477e-9640-313ac0aac400/CostReport_2024_Final.csv,CMS Hospital Provider Cost Report FY2024 (periods beginning 2023-10-01..2024-09-30); file modified 2026-09-29,True,John Muir Health,unchanged,,https://www.johnmuirhealth.com/about-john-muir-health/press-room/Press-releases/2023-1-11-john-muir-health-to-aquire-san-ramon-regional-medical-center.html,,Managed or partnered,High,"Shields partner list (John Muir Health, Walnut Creek CA) plus URAC SPP010420 and ACHC 95021",Pavilion Pharmacy at John Muir Health,John Muir Health,URAC SPP010420 Specialty Pharmacy | ACHC 95021 Specialty Pharmacy Services,Shields Health Solutions,https://www.urac.org/directory/accreditation-details/?certification=SPP010420 | https://www.johnmuirhealth.com/content/dam/jmh/Dept-Specific/Cancer/wc-osc/Pavilion_Pharmacy_WelcomePacket_2025-05.pdf | https://shieldshealthsolutions.com/about-us/partner-health-systems,2025-05-01,"Failed 2023 San Ramon/Tenet deal and 2024 Pennant home-health JV do not change status; no 2024-26 merger or rename found. Status URL is a 2023 press release, so status evidence is weak.",,
HSI00000536,Kaiser Permanente,Oakland,CA,CA;HI;OR,3,True,41,40,9337.0,0.0,1.0,nonprofit,100.0,0,2023 (rev. 2025-09),https://www.ahrq.gov/sites/default/files/wysiwyg/chsp/compendium/chsp-compendium-2023-rev.xlsx,AHRQ Compendium 2023 (system file rev. 2025-09); systems as of end-2023,False,22677038585.0,HCRIS FY2023 (FY2022 fallback); acute member hospitals; G-3 line 3,5,25438370013.0,HCRIS FY2024 (periods beginning 2023-10-01..2024-09-30); acute member CCNs; annualized where needed,3,0,12.2,False,True,False,True,https://data.cms.gov/sites/default/files/2026-09/e85544f7-57ef-477e-9640-313ac0aac400/CostReport_2024_Final.csv,CMS Hospital Provider Cost Report FY2024 (periods beginning 2023-10-01..2024-09-30); file modified 2026-09-29,True,Kaiser Permanente,unchanged,,https://about.kaiserpermanente.org/who-we-are,,"Owned, accredited",Medium,ACHC Specialty Pharmacy Services record for Kaiser Foundation Health Plan pharmacy 329 plus NPPES specialty primary taxonomy; KP National Specialty Pharmacy web listing,Kaiser Permanente National Specialty Pharmacy (Pharmacy 329),Kaiser Foundation Health Plan Inc (parent organization controlling the system),ACHC 97980 Specialty Pharmacy Services,,"https://organization.achc.org/print?legalCompanyName=Kaiser%20Foundation%20Health%20Plan%20Inc&dbaCompanyName=Kaiser%20Permanente%20Pharmacy%20#329&companyID=97980&full_address=San%20Francisco%20,%20CA%2094118&physicalAddress=Specialty%20Pharmacy%204131%20Geary%20Blvd,%20Room%20112, | https://npiregistry.cms.hhs.gov/provider-view/1366999021 | https://pharmacy-near-me.com/pharmacy/kaiser-permanente-pharmacy-329-94118-4131-geary-blvd-floor-1-san-francisco-ca-94118-1366999021/",2026-10-02,Confidence Medium because the system's own site was not directly confirmed to describe the specialty pharmacy; ACHC record and NPPES agree. No URAC record found.,,
HSI00000591,Loma Linda University Health,Loma Linda,CA,CA,1,True,4,3,912.0,1.0,2.0,church-operated,100.0,0,2023 (rev. 2025-09),https://www.ahrq.gov/sites/default/files/wysiwyg/chsp/compendium/chsp-compendium-2023-rev.xlsx,AHRQ Compendium 2023 (system file rev. 2025-09); systems as of end-2023,False,2000542376.0,HCRIS FY2023 (FY2022 fallback); acute member hospitals; G-3 line 3,0,2389245332.0,HCRIS FY2024 (periods beginning 2023-10-01..2024-09-30); acute member CCNs; annualized where needed,0,0,19.4,False,False,False,False,https://data.cms.gov/sites/default/files/2026-09/e85544f7-57ef-477e-9640-313ac0aac400/CostReport_2024_Final.csv,CMS Hospital Provider Cost Report FY2024 (periods beginning 2023-10-01..2024-09-30); file modified 2026-09-29,True,Loma Linda University Health,unchanged,,https://lluh.org/locations/pharmacies,,Managed or partnered,High,Shields partner list (Loma Linda University Health*); URAC SPP010496 + ACHC 98132,Loma Linda University Home Delivery Pharmacy | Mountain View Pharmaceuticals (infusion),Loma Linda University Medical Center (member hospital),URAC SPP010496 Specialty Pharmacy | ACHC 98132 Specialty Pharmacy Services | ACHC 47380 Infusion Pharmacy Services | ACHC 96361 Home Infusion Therapy,Shields Health Solutions,https://www.urac.org/directory/accreditation-details/?certification=SPP010496 | https://lluh.org/services/home-delivery-pharmacy | https://shieldshealthsolutions.com/about-us/partner-health-systems | https://shieldshealthsolutions.com/building-the-business-case-for-in-house-specialty-pharmacy/,2026-10-02,System-owned accredited pharmacy; on Shields partner list so tiered Managed or partnered per rule. Shields page describes an Excelera market assessment.,,
HSI00001464,MLK Community Healthcare,Los Angeles,CA,CA,1,True,1,1,152.0,1.0,1.0,nonprofit,100.0,0,2023 (rev. 2025-09),https://www.ahrq.gov/sites/default/files/wysiwyg/chsp/compendium/chsp-compendium-2023-rev.xlsx,AHRQ Compendium 2023 (system file rev. 2025-09); systems as of end-2023,False,142379855.0,HCRIS FY2023 (FY2022 fallback); acute member hospitals; G-3 line 3,0,175201317.0,HCRIS FY2024 (periods beginning 2023-10-01..2024-09-30); acute member CCNs; annualized where needed,0,0,23.1,False,False,False,False,https://data.cms.gov/sites/default/files/2026-09/e85544f7-57ef-477e-9640-313ac0aac400/CostReport_2024_Final.csv,CMS Hospital Provider Cost Report FY2024 (periods beginning 2023-10-01..2024-09-30); file modified 2026-09-29,True,MLK Community Healthcare,unchanged,,https://www.mlkch.org/MLKCH,,None found,Low,mlkch.org page fetched with no pharmacy listed; no candidates; web search found only county or Optum-directory pharmacy items for other entities,,MLK Community Healthcare,,,https://www.mlkch.org/MLKCH | https://www.mlkch.org/primary-care,2026-10-02,"Optum directory entry listing home delivery/specialty/infusion pharmacy is generic Optum template content, not MLK-owned. LA County MLK Outpatient Center is a separate county entity.",,
HSI00000616,MarinHealth,Greenbrae,CA,CA,1,True,1,1,310.0,0.0,1.0,nonprofit,100.0,0,2023 (rev. 2025-09),https://www.ahrq.gov/sites/default/files/wysiwyg/chsp/compendium/chsp-compendium-2023-rev.xlsx,AHRQ Compendium 2023 (system file rev. 2025-09); systems as of end-2023,False,521407882.0,HCRIS FY2023 (FY2022 fallback); acute member hospitals; G-3 line 3,0,577292394.0,HCRIS FY2024 (periods beginning 2023-10-01..2024-09-30); acute member CCNs; annualized where needed,0,0,10.7,False,False,False,False,https://data.cms.gov/sites/default/files/2026-09/e85544f7-57ef-477e-9640-313ac0aac400/CostReport_2024_Final.csv,CMS Hospital Provider Cost Report FY2024 (periods beginning 2023-10-01..2024-09-30); file modified 2026-09-29,True,MarinHealth,unchanged,,https://en.wikipedia.org/wiki/MarinHealth_Medical_Center,,None found,Low,No URAC/ACHC/NPPES candidates; own site shows only an outpatient infusion center; not on Shields list,,,,,https://www.mymarinhealth.org/programs-services/infusion-services/,2026-10-02,"Only an on-site outpatient infusion center (administration) was found, no pharmacy page located; only one own-site page was fetched so absence is not firm.",,
HSI00000619,Marshall Medical Center,Placerville,CA,CA,1,True,1,1,111.0,0.0,1.0,nonprofit,100.0,0,2023 (rev. 2025-09),https://www.ahrq.gov/sites/default/files/wysiwyg/chsp/compendium/chsp-compendium-2023-rev.xlsx,AHRQ Compendium 2023 (system file rev. 2025-09); systems as of end-2023,False,315837581.0,HCRIS FY2023 (FY2022 fallback); acute member hospitals; G-3 line 3,0,332344735.0,HCRIS FY2024 (periods beginning 2023-10-01..2024-09-30); acute member CCNs; annualized where needed,0,0,5.2,False,False,False,False,https://data.cms.gov/sites/default/files/2026-09/e85544f7-57ef-477e-9640-313ac0aac400/CostReport_2024_Final.csv,CMS Hospital Provider Cost Report FY2024 (periods beginning 2023-10-01..2024-09-30); file modified 2026-09-29,True,Marshall (formerly Marshall Medical Center),renamed,,https://www.marshallmedical.org/newsroom/2024/march/marshall-medical-launches-rebranding-campaign/,2024-03,"Owned, accredited",High,URAC SPP010062 + ACHC 88449 + system website + NPPES,Marshall Medical Specialty Pharmacy,Marshall Medical Center (system/member hospital itself),"URAC SPP010062 Specialty Pharmacy (eff 2023-10-01, exp 2026-10-01) | ACHC 88449 Specialty Pharmacy Services",,"https://www.urac.org/directory/accreditation-details/?certification=SPP010062 | https://organization.achc.org/print?legalCompanyName=Marshall%20Medical%20Center&dbaCompanyName=Marshall%20Medical%20Specialty%20Pharmacy&companyID=88449&full_address=Cameron%20Park,%20CA%2095682&physicalAddress=3581%20Palmer%20Drive,%20Suite%20601, | https://npiregistry.cms.hhs.gov/provider-view/1447912191 | https://www.marshallmedical.org/our-services/specialty-pharmacy/",{'https://www.marshallmedical.org/our-services/specialty-pharmacy/': '2026-10-02'},URAC expiration 2026-10-01 is one day before today; renewal not verified in roster. Website says Marshall operates pharmacy directly; no partner named.,,
HSI00000658,MemorialCare Health System,Fountain Valley,CA,CA,1,True,4,4,1191.0,1.0,1.0,nonprofit,100.0,0,2023 (rev. 2025-09),https://www.ahrq.gov/sites/default/files/wysiwyg/chsp/compendium/chsp-compendium-2023-rev.xlsx,AHRQ Compendium 2023 (system file rev. 2025-09); systems as of end-2023,False,1792617152.0,HCRIS FY2023 (FY2022 fallback); acute member hospitals; G-3 line 3,0,2171865809.0,HCRIS FY2024 (periods beginning 2023-10-01..2024-09-30); acute member CCNs; annualized where needed,0,0,21.2,False,False,False,False,https://data.cms.gov/sites/default/files/2026-09/e85544f7-57ef-477e-9640-313ac0aac400/CostReport_2024_Final.csv,CMS Hospital Provider Cost Report FY2024 (periods beginning 2023-10-01..2024-09-30); file modified 2026-09-29,True,MemorialCare Health System,unchanged,,https://www.memorialcare.org/press-room/greater-newport-physicians-rebrands-memorialcare-independent-physicians-underscoring,,"Owned, not accredited",Medium,System web page (MemorialCare Specialty Pharmacy Services - Long Beach); no URAC/ACHC found,MemorialCare Specialty Pharmacy Services - Long Beach | Infusion Care Pharmacy - Long Beach Medical Center,MemorialCare (Long Beach Memorial Medical Center),,,https://www.memorialcare.org/locations/memorialcare-specialty-pharmacy-services-long-beach | https://www.memorialcare.org/locations/infusion-care-pharmacy-LBMC,2026-10-02,NPPES hit is the Long Beach Memorial outpatient pharmacy (specialty secondary taxonomy). Page lists no accreditation; not on Shields list.,,
HSI00001443,Montage Health,Monterey,CA,CA,1,True,1,1,227.0,0.0,1.0,nonprofit,100.0,0,2023 (rev. 2025-09),https://www.ahrq.gov/sites/default/files/wysiwyg/chsp/compendium/chsp-compendium-2023-rev.xlsx,AHRQ Compendium 2023 (system file rev. 2025-09); systems as of end-2023,False,905131143.0,HCRIS FY2023 (FY2022 fallback); acute member hospitals; G-3 line 3,0,877985498.0,HCRIS FY2024 (periods beginning 2023-10-01..2024-09-30); acute member CCNs; annualized where needed,0,0,-3.0,False,False,False,False,https://data.cms.gov/sites/default/files/2026-09/e85544f7-57ef-477e-9640-313ac0aac400/CostReport_2024_Final.csv,CMS Hospital Provider Cost Report FY2024 (periods beginning 2023-10-01..2024-09-30); file modified 2026-09-29,True,Montage Health,unchanged,,https://www.montagehealth.org/news-publications/articles-press-releases/2026/bodine-comprehensive-cancer-center/,,None found,Low,Own site (curl homepage; hospital location page via browser) shows no pharmacy services beyond an outpatient infusion center; hospital map lists an outpatient surgery pharmacy only,,,,,https://www.montagehealth.org/locations/profile/community-hospital-monterey-peninsula/,2026-10-02,"Infusion center is administration only. A BriovaRx home infusion mention in a community guide is a third-party listing, not system-owned.",,
HSI00000755,Northbay Healthcare,Fairfield,CA,CA,1,True,2,2,204.0,1.0,1.0,nonprofit,100.0,0,2023 (rev. 2025-09),https://www.ahrq.gov/sites/default/files/wysiwyg/chsp/compendium/chsp-compendium-2023-rev.xlsx,AHRQ Compendium 2023 (system file rev. 2025-09); systems as of end-2023,False,676594922.0,HCRIS FY2023 (FY2022 fallback); acute member hospitals; G-3 line 3,1,804744233.0,HCRIS FY2024 (periods beginning 2023-10-01..2024-09-30); acute member CCNs; annualized where needed,1,0,18.9,False,True,False,False,https://data.cms.gov/sites/default/files/2026-09/e85544f7-57ef-477e-9640-313ac0aac400/CostReport_2024_Final.csv,CMS Hospital Provider Cost Report FY2024 (periods beginning 2023-10-01..2024-09-30); file modified 2026-09-29,True,NorthBay Health,renamed,,https://www.dailyrepublic.com/news/northbay-health-will-assume-ownership-of-queen-of-the-valley/article_8282b602-d64d-4c99-b433-d3d5e60a96da.html,,"Owned, accredited",High,URAC SPP010670 + ACHC 77672 + system web page,NorthBay Specialty Pharmacy,NorthBay Healthcare Corporation / NorthBay Healthcare Group,URAC SPP010670 Specialty Pharmacy | ACHC 77672 Specialty Pharmacy Services,,https://www.urac.org/directory/accreditation-details/?certification=SPP010670 | https://www.northbay.org/services/specialty-pharmacy/index.html,2026-10-02,"Brand now NorthBay Health; pending acquisition of Providence Queen of the Valley (expected end 2026). Part of NorthBay & Mayo Clinic Care Network (affiliation, not a manager). Not on Shields list.",,
HSI00001546,OroHealth Corporation,Oroville,CA,CA,1,True,1,1,153.0,1.0,1.0,nonprofit,100.0,0,2023 (rev. 2025-09),https://www.ahrq.gov/sites/default/files/wysiwyg/chsp/compendium/chsp-compendium-2023-rev.xlsx,AHRQ Compendium 2023 (system file rev. 2025-09); systems as of end-2023,False,382116003.0,HCRIS FY2023 (FY2022 fallback); acute member hospitals; G-3 line 3,0,404002228.0,HCRIS FY2024 (periods beginning 2023-10-01..2024-09-30); acute member CCNs; annualized where needed,0,0,5.7,False,False,False,False,https://data.cms.gov/sites/default/files/2026-09/e85544f7-57ef-477e-9640-313ac0aac400/CostReport_2024_Final.csv,CMS Hospital Provider Cost Report FY2024 (periods beginning 2023-10-01..2024-09-30); file modified 2026-09-29,True,OroHealth Corporation (Oroville Hospital),unchanged,,https://www.actionnewsnow.com/news/who-will-buy-oroville-hospital-auction-date-now-set/article_d4dd9503-02f3-4555-917d-afb0073ad34f.html,2025-12-08,None found,Low,"Own site (home page fetch, 340B page and Dove's Landing snippet) shows one entity-owned retail pharmacy, infusion center and contract pharmacies; no specialty pharmacy or accreditation",Oroville Hospital pharmacy (Dove's Landing),OroHealth Corporation / Oroville Hospital,,,https://www.orovillehospital.com/patients/340bprogram | https://www.orovillehospital.com/health-services/doves-landing | https://www.orovillehospital.com/health-services/cancer-care-and-infusion-therapy,2026-10-02,"In Chapter 11 since Dec 2025 with sale auction set for July 2026 and hearing Aug 13; outcome and any buyer not confirmed, so status may change. Reviewer should check whether the buyer is for-profit.",,
HSI00000805,PIH Health,Whittier,CA,CA,1,True,3,3,846.0,1.0,1.0,nonprofit,100.0,0,2023 (rev. 2025-09),https://www.ahrq.gov/sites/default/files/wysiwyg/chsp/compendium/chsp-compendium-2023-rev.xlsx,AHRQ Compendium 2023 (system file rev. 2025-09); systems as of end-2023,False,1302439995.0,HCRIS FY2023 (FY2022 fallback); acute member hospitals; G-3 line 3,0,1400024831.0,HCRIS FY2024 (periods beginning 2023-10-01..2024-09-30); acute member CCNs; annualized where needed,0,0,7.5,False,False,False,False,https://data.cms.gov/sites/default/files/2026-09/e85544f7-57ef-477e-9640-313ac0aac400/CostReport_2024_Final.csv,CMS Hospital Provider Cost Report FY2024 (periods beginning 2023-10-01..2024-09-30); file modified 2026-09-29,True,PIH Health,unchanged,,https://www.pihhealth.org/about-us/,,None found,Medium,own site (browser pane after curl hit an Akamai challenge): Pharmacy Services page describes retail pharmacies only; specialty filled through Anthem per benefits PDF; not on Shields list,PIH Health Community Pharmacy,PIH Health,,,https://www.pihhealth.org/health-services/pharmacy/,2026-10-02,Pharmacy page lists only retail services with no specialty or home infusion program.,,
HSI00000833,Pomona Valley Hospital Medical Center,Pomona,CA,CA,1,True,1,1,412.0,1.0,1.0,nonprofit,100.0,0,2023 (rev. 2025-09),https://www.ahrq.gov/sites/default/files/wysiwyg/chsp/compendium/chsp-compendium-2023-rev.xlsx,AHRQ Compendium 2023 (system file rev. 2025-09); systems as of end-2023,False,776833556.0,HCRIS FY2023 (FY2022 fallback); acute member hospitals; G-3 line 3,0,831099716.0,HCRIS FY2024 (periods beginning 2023-10-01..2024-09-30); acute member CCNs; annualized where needed,0,0,7.0,False,False,False,False,https://data.cms.gov/sites/default/files/2026-09/e85544f7-57ef-477e-9640-313ac0aac400/CostReport_2024_Final.csv,CMS Hospital Provider Cost Report FY2024 (periods beginning 2023-10-01..2024-09-30); file modified 2026-09-29,True,Pomona Valley Hospital Medical Center,unchanged,,https://www.pvhmc.org/blog/2025/september/pomona-valley-hospital-medical-center-remains-in/,,None found,Low,No candidates; own site and web search show no specialty pharmacy,,,,,https://www.pvhmc.org/,2025-09-01,"Independent nonprofit; only inpatient pharmacy found. Own-site search was shallow, so confidence is Low.",,
HSI00000864,Rady Childrens Hospital San Diego,San Diego,CA,CA,1,True,1,1,401.0,0.0,1.0,nonprofit,100.0,0,2023 (rev. 2025-09),https://www.ahrq.gov/sites/default/files/wysiwyg/chsp/compendium/chsp-compendium-2023-rev.xlsx,AHRQ Compendium 2023 (system file rev. 2025-09); systems as of end-2023,False,1823400821.0,HCRIS FY2023 (FY2022 fallback); acute member hospitals; G-3 line 3,0,1738310754.0,HCRIS FY2024 (periods beginning 2023-10-01..2024-09-30); acute member CCNs; annualized where needed,0,0,-4.7,False,False,False,False,https://data.cms.gov/sites/default/files/2026-09/e85544f7-57ef-477e-9640-313ac0aac400/CostReport_2024_Final.csv,CMS Hospital Provider Cost Report FY2024 (periods beginning 2023-10-01..2024-09-30); file modified 2026-09-29,True,Rady Children's Health (Rady Children's Hospital - San Diego),unchanged,,https://www.rchsd.org/programs-services/pharmacy/outpatient-pharmacy-faqs/,,Infusion or home infusion only,Medium,System web page for Rady Children's HomeCare; no specialty accreditation or Shields listing,Rady Children's HomeCare | Rady Children's Outpatient Pharmacy (now third-party owned),Rady Children's Hospital - San Diego,,,https://www.rchsd.org/programs-services/homecare/ | https://www.rchsd.org/programs-services/pharmacy/outpatient-pharmacy-faqs/,2026-10-02,"Outpatient retail pharmacy changed ownership 2024-10-25 to an outside operator (childrenscommunitypharmacy.com). HomeCare is home infusion, Joint Commission accredited, and lists specialty injectables, but no retail specialty dispensing found.",,
HSI00000867,Redlands Community Hospital,Redlands,CA,CA,1,True,1,1,196.0,0.0,1.0,nonprofit,100.0,0,2023 (rev. 2025-09),https://www.ahrq.gov/sites/default/files/wysiwyg/chsp/compendium/chsp-compendium-2023-rev.xlsx,AHRQ Compendium 2023 (system file rev. 2025-09); systems as of end-2023,False,225739574.0,HCRIS FY2023 (FY2022 fallback); acute member hospitals; G-3 line 3,0,241006048.0,HCRIS FY2024 (periods beginning 2023-10-01..2024-09-30); acute member CCNs; annualized where needed,0,0,6.8,False,False,False,False,https://data.cms.gov/sites/default/files/2026-09/e85544f7-57ef-477e-9640-313ac0aac400/CostReport_2024_Final.csv,CMS Hospital Provider Cost Report FY2024 (periods beginning 2023-10-01..2024-09-30); file modified 2026-09-29,True,Redlands Community Hospital,unchanged,,https://www.redlandshospital.org/about/,,None found,Low,All candidates rejected; own website services page lists only general pharmacy and infusion,Redlands Community Hospital Outpatient Pharmacy,,,,https://www.redlandshospital.org/services/,2026-10-02,Independent nonprofit; outpatient pharmacy and infusion center exist but no specialty pharmacy found. Not on Shields list.,,
HSI00000954,San Antonio Regional Hospital,Upland,CA,CA,1,True,1,1,363.0,0.0,1.0,nonprofit,100.0,0,2023 (rev. 2025-09),https://www.ahrq.gov/sites/default/files/wysiwyg/chsp/compendium/chsp-compendium-2023-rev.xlsx,AHRQ Compendium 2023 (system file rev. 2025-09); systems as of end-2023,False,432252320.0,HCRIS FY2023 (FY2022 fallback); acute member hospitals; G-3 line 3,0,480255275.0,HCRIS FY2024 (periods beginning 2023-10-01..2024-09-30); acute member CCNs; annualized where needed,0,0,11.1,False,False,False,False,https://data.cms.gov/sites/default/files/2026-09/e85544f7-57ef-477e-9640-313ac0aac400/CostReport_2024_Final.csv,CMS Hospital Provider Cost Report FY2024 (periods beginning 2023-10-01..2024-09-30); file modified 2026-09-29,True,San Antonio Regional Hospital,unchanged,,https://www.sarh.org/about-us,,"Owned, not accredited",Medium,Own website pharmacy page describes a hospital-operated Specialty Pharmacy; no URAC/ACHC/NPPES candidates and no accreditation mentioned,San Antonio Outpatient Pharmacy / Specialty Pharmacy,San Antonio Regional Hospital,,,https://www.sarh.org/services/pharmacy,2026-10-02,Page undated; no outside manager named; not on Shields list.,,
HSI00000968,Scripps Health,San Diego,CA,CA,1,True,5,5,1219.0,1.0,1.0,nonprofit,100.0,0,2023 (rev. 2025-09),https://www.ahrq.gov/sites/default/files/wysiwyg/chsp/compendium/chsp-compendium-2023-rev.xlsx,AHRQ Compendium 2023 (system file rev. 2025-09); systems as of end-2023,False,2739272013.0,HCRIS FY2023 (FY2022 fallback); acute member hospitals; G-3 line 3,1,3126568008.0,HCRIS FY2024 (periods beginning 2023-10-01..2024-09-30); acute member CCNs; annualized where needed,1,0,14.1,False,True,False,False,https://data.cms.gov/sites/default/files/2026-09/e85544f7-57ef-477e-9640-313ac0aac400/CostReport_2024_Final.csv,CMS Hospital Provider Cost Report FY2024 (periods beginning 2023-10-01..2024-09-30); file modified 2026-09-29,True,Scripps Health,unchanged,,https://www.scripps.org/about-us,,"Owned, accredited",High,URAC SPP010198 + ACHC 79621 + NPPES 1922611920 for Scripps Health Specialty Pharmacy,Scripps Health Specialty Pharmacy,Scripps Health,URAC SPP010198 Specialty Pharmacy | ACHC 79621 Specialty Pharmacy Services,,https://www.urac.org/directory/accreditation-details/?certification=SPP010198 | https://www.scripps.org/for-health-care-professionals/graduate-medical-education-gme/residency-programs/scripps-health-specialty-pharmacy-residency,2026-10-02,Independent 501(c)(3); specialty pharmacy residency starts July 2026. Not on Shields list.,,
HSI00000977,Sharp Healthcare,San Diego,CA,CA,1,True,6,5,1601.0,1.0,1.0,nonprofit,100.0,0,2023 (rev. 2025-09),https://www.ahrq.gov/sites/default/files/wysiwyg/chsp/compendium/chsp-compendium-2023-rev.xlsx,AHRQ Compendium 2023 (system file rev. 2025-09); systems as of end-2023,False,3073544685.0,HCRIS FY2023 (FY2022 fallback); acute member hospitals; G-3 line 3,1,3315765169.0,HCRIS FY2024 (periods beginning 2023-10-01..2024-09-30); acute member CCNs; annualized where needed,1,0,7.9,False,True,False,False,https://data.cms.gov/sites/default/files/2026-09/e85544f7-57ef-477e-9640-313ac0aac400/CostReport_2024_Final.csv,CMS Hospital Provider Cost Report FY2024 (periods beginning 2023-10-01..2024-09-30); file modified 2026-09-29,True,Sharp HealthCare,unchanged,,https://www.sharp.com/about/timeline,,Managed or partnered,High,Shields partner list and Jan 2024 Shields/Sharp press release; URAC SPP010293 and ACHC 79895 agree,Sharp Specialty Pharmacy Services,Grossmont Hospital Corporation (Sharp subsidiary),URAC SPP010293 Specialty Pharmacy | ACHC 79895 Specialty Pharmacy Services,Shields Health Solutions,https://shieldshealthsolutions.com/shields-health-solutions-and-sharp-healthcare-partner-to-enhance-specialty-pharmacy-services/ | https://shieldshealthsolutions.com/about-us/partner-health-systems | https://www.urac.org/directory/accreditation-details/?certification=SPP010293,2024-01-30,Press release dated 2024-01-30.,,
HSI00001033,Stanford Health Care,Stanford,CA,CA,1,True,3,3,1253.0,0.0,1.0,nonprofit,100.0,0,2023 (rev. 2025-09),https://www.ahrq.gov/sites/default/files/wysiwyg/chsp/compendium/chsp-compendium-2023-rev.xlsx,AHRQ Compendium 2023 (system file rev. 2025-09); systems as of end-2023,False,9621542663.0,HCRIS FY2023 (FY2022 fallback); acute member hospitals; G-3 line 3,0,,HCRIS FY2024 (periods beginning 2023-10-01..2024-09-30); acute member CCNs; annualized where needed,3,0,,False,True,False,False,https://data.cms.gov/sites/default/files/2026-09/e85544f7-57ef-477e-9640-313ac0aac400/CostReport_2024_Final.csv,CMS Hospital Provider Cost Report FY2024 (periods beginning 2023-10-01..2024-09-30); file modified 2026-09-29,True,Stanford Health Care,unchanged,,https://stanfordhealthcare.org/content/dam/SHC/about-us/bondholder-information/docs/FY-25-SHC-Audited-FS.pdf,,Managed or partnered,High,"Shields partner list (Stanford Health Care, Stanford CA) plus URAC and ACHC records",Stanford Health Care Pharmacy | Stanford Health Care Specialty Pharmacy | Stanford Children's Health Specialty Pharmacy,Stanford Health Care; Lucile Salter Packard Children's Hospital at Stanford,URAC SPP010274 Specialty Pharmacy | URAC SPP010584 Specialty Pharmacy | ACHC 91761 Specialty Pharmacy Services | ACHC 99444 Specialty Pharmacy Services | ACHC 98514 Specialty Pharmacy Services,Shields Health Solutions,https://www.urac.org/directory/accreditation-details/?certification=SPP010274 | https://www.urac.org/directory/accreditation-details/?certification=SPP010584 | https://shieldshealthsolutions.com/about-us/partner-health-systems,2026-10-02,Tier set by Shields rule; system also holds its own accredited specialty pharmacies. Stanford-ValleyCare (now Tri-Valley) merger predates 2023 data.,,
HSI00001050,Sutter Health,Sacramento,CA,CA;HI,2,True,27,22,3440.0,1.0,1.0,nonprofit,100.0,0,2023 (rev. 2025-09),https://www.ahrq.gov/sites/default/files/wysiwyg/chsp/compendium/chsp-compendium-2023-rev.xlsx,AHRQ Compendium 2023 (system file rev. 2025-09); systems as of end-2023,False,9227888627.0,HCRIS FY2023 (FY2022 fallback); acute member hospitals; G-3 line 3,0,10467401676.0,HCRIS FY2024 (periods beginning 2023-10-01..2024-09-30); acute member CCNs; annualized where needed,0,0,13.4,False,False,False,False,https://data.cms.gov/sites/default/files/2026-09/e85544f7-57ef-477e-9640-313ac0aac400/CostReport_2024_Final.csv,CMS Hospital Provider Cost Report FY2024 (periods beginning 2023-10-01..2024-09-30); file modified 2026-09-29,True,Sutter Health,unchanged,,https://www.sutterhealth.org/about,,Managed or partnered,High,"Shields partner list (Sutter Health, Sacramento); URAC/ACHC accreditation recorded",Sutter Health Specialty Pharmacy at ABSMC | East Bay Advanced Care Outpatient Pharmacy | Sutter Davies Outpatient Pharmacy,Sutter Bay Hospitals (system subsidiary),URAC SPP010208 Specialty Pharmacy | URAC SPP010209 Specialty Pharmacy | ACHC 91554 Specialty Pharmacy Services,Shields Health Solutions,https://www.sutterhealth.org/find-location/facility/sutter-health-specialty-pharmacy-absmc-1043247518 | https://vitals.sutterhealth.org/new-pharmacy-fills-scripts-where-care-happens/ | https://www.urac.org/directory/accreditation-details/?certification=SPP010209 | https://shieldshealthsolutions.com/about-us/partner-health-systems,2026-10-02,NPPES hits are non-primary taxonomy and low value; accreditation drives the call.,,
HSI00001181,University of Southern California,Los Angeles,CA,CA,1,True,4,3,767.0,0.0,1.0,nonprofit,100.0,0,2023 (rev. 2025-09),https://www.ahrq.gov/sites/default/files/wysiwyg/chsp/compendium/chsp-compendium-2023-rev.xlsx,AHRQ Compendium 2023 (system file rev. 2025-09); systems as of end-2023,False,1860827277.0,HCRIS FY2023 (FY2022 fallback); acute member hospitals; G-3 line 3,0,1997804548.0,HCRIS FY2024 (periods beginning 2023-10-01..2024-09-30); acute member CCNs; annualized where needed,0,1,7.4,False,False,False,False,https://data.cms.gov/sites/default/files/2026-09/e85544f7-57ef-477e-9640-313ac0aac400/CostReport_2024_Final.csv,CMS Hospital Provider Cost Report FY2024 (periods beginning 2023-10-01..2024-09-30); file modified 2026-09-29,True,Keck Medicine of USC,unchanged,,https://pharmacies.usc.edu/specialty-pharmacy/,,Managed or partnered,High,"Keck Medicine of USC on Shields partner list (Alhambra, CA) plus URAC SPP010339 and ACHC 89691",Keck Medicine of USC Specialty Pharmacy,University of Southern California,URAC SPP010339 Specialty Pharmacy | ACHC 89691 Specialty Pharmacy Services,Shields Health Solutions,https://shieldshealthsolutions.com/about-us/partner-health-systems | https://www.urac.org/directory/accreditation-details/?certification=SPP010339 | https://pharmacies.usc.edu/specialty-pharmacy/,2026-10-02,"Status search found no ownership change; status URL is the current USC pharmacy page. Pharmacy is system-owned and accredited, with the tier set by the Shields rule.",,
HSI00001497,Valley Childrens Healthcare,Madera,CA,CA,1,True,1,1,358.0,0.0,1.0,nonprofit,100.0,0,2023 (rev. 2025-09),https://www.ahrq.gov/sites/default/files/wysiwyg/chsp/compendium/chsp-compendium-2023-rev.xlsx,AHRQ Compendium 2023 (system file rev. 2025-09); systems as of end-2023,False,719923229.0,HCRIS FY2023 (FY2022 fallback); acute member hospitals; G-3 line 3,0,799353531.0,HCRIS FY2024 (periods beginning 2023-10-01..2024-09-30); acute member CCNs; annualized where needed,0,0,11.0,False,False,False,False,https://data.cms.gov/sites/default/files/2026-09/e85544f7-57ef-477e-9640-313ac0aac400/CostReport_2024_Final.csv,CMS Hospital Provider Cost Report FY2024 (periods beginning 2023-10-01..2024-09-30); file modified 2026-09-29,True,Valley Children's Healthcare,unchanged,,https://news.valleychildrens.org/valley-childrens-strengthens-long-term-commitment-to-kids-through-strategic-investment/,,Managed or partnered,Medium,System web page: on-campus Walgreens Specialty Pharmacy partnership; no Shields listing,"Walgreens Specialty Pharmacy at Valley Children's (41169 Goodwin Way, Madera)",Walgreens (partner operator),,Walgreens,https://www.valleychildrens.org/services/pharmacy/outpatient-pharmacy,2026-10-02,Outpatient pharmacy is a Walgreens partnership advertising specialty (cystic fibrosis) services; no URAC/ACHC/NPPES candidates and no accreditation found. Not on Shields list.,,
HSI00000132,Boulder Community Health,Boulder,CO,CO,1,True,1,1,139.0,0.0,1.0,nonprofit,100.0,0,2023 (rev. 2025-09),https://www.ahrq.gov/sites/default/files/wysiwyg/chsp/compendium/chsp-compendium-2023-rev.xlsx,AHRQ Compendium 2023 (system file rev. 2025-09); systems as of end-2023,False,418345593.0,HCRIS FY2023 (FY2022 fallback); acute member hospitals; G-3 line 3,0,474809811.0,HCRIS FY2024 (periods beginning 2023-10-01..2024-09-30); acute member CCNs; annualized where needed,0,0,13.5,False,False,False,False,https://data.cms.gov/sites/default/files/2026-09/e85544f7-57ef-477e-9640-313ac0aac400/CostReport_2024_Final.csv,CMS Hospital Provider Cost Report FY2024 (periods beginning 2023-10-01..2024-09-30); file modified 2026-09-29,True,Boulder Community Health,unchanged,,https://www.bch.org/about-us/careers/pharmacy-residency-program/,,None found,Medium,"No candidates; BCH pharmacy page lists inpatient pharmacy and outpatient infusion services only, no specialty dispensing",,,,,https://www.bch.org/about-us/careers/pharmacy-residency-program/,2026-10-02,"BCH offers outpatient infusion services (infusion center), not an infusion pharmacy. Not on Shields list.",,
HSI00001500,Childrens Hospital Colorado,Aurora,CO,CO,1,True,1,1,497.0,0.0,1.0,nonprofit,100.0,0,2023 (rev. 2025-09),https://www.ahrq.gov/sites/default/files/wysiwyg/chsp/compendium/chsp-compendium-2023-rev.xlsx,AHRQ Compendium 2023 (system file rev. 2025-09); systems as of end-2023,False,1474292694.0,HCRIS FY2023 (FY2022 fallback); acute member hospitals; G-3 line 3,0,1584230235.0,HCRIS FY2024 (periods beginning 2023-10-01..2024-09-30); acute member CCNs; annualized where needed,0,0,7.5,False,False,False,False,https://data.cms.gov/sites/default/files/2026-09/e85544f7-57ef-477e-9640-313ac0aac400/CostReport_2024_Final.csv,CMS Hospital Provider Cost Report FY2024 (periods beginning 2023-10-01..2024-09-30); file modified 2026-09-29,True,Children's Hospital Colorado,unchanged,,https://www.childrenscolorado.org/about/news/2026/september-2026/golisano-childrens-alliance-colorado-springs/,,"Owned, accredited",High,"URAC SPP010168 and ACHC 78432 under Children's Hospital Colorado, plus system pharmacy page and NPPES",Children's Colorado Specialty Pharmacy,Children's Hospital Colorado,URAC SPP010168 Specialty Pharmacy | ACHC 78432 Specialty Pharmacy Services,,"https://www.urac.org/directory/accreditation-details/?certification=SPP010168 | https://organization.achc.org/print?legalCompanyName=Children's%20Colorado%20Specialty%20Pharmacy&dbaCompanyName=&companyID=78432&full_address=Aurora,%20CO%2080011&physicalAddress=860%20North%20Potomac%20Circle, | https://www.childrenscolorado.org/doctors-and-departments/departments/pharmacy/ | https://npiregistry.cms.hhs.gov/provider-view/1851942023",2026-10-02,"Only the Colorado Springs campus was renamed (Golisano Children's Alliance, Sept 2026); system itself unchanged. Not on Shields list.",,
HSI00000264,Conejos County Hospital Corporation,La Jara,CO,CO,1,True,2,2,66.0,1.0,1.0,nonprofit,100.0,0,2023 (rev. 2025-09),https://www.ahrq.gov/sites/default/files/wysiwyg/chsp/compendium/chsp-compendium-2023-rev.xlsx,AHRQ Compendium 2023 (system file rev. 2025-09); systems as of end-2023,False,116900159.0,HCRIS FY2023 (FY2022 fallback); acute member hospitals; G-3 line 3,0,128491459.0,HCRIS FY2024 (periods beginning 2023-10-01..2024-09-30); acute member CCNs; annualized where needed,0,0,9.9,False,False,False,False,https://data.cms.gov/sites/default/files/2026-09/e85544f7-57ef-477e-9640-313ac0aac400/CostReport_2024_Final.csv,CMS Hospital Provider Cost Report FY2024 (periods beginning 2023-10-01..2024-09-30); file modified 2026-09-29,True,San Luis Valley Health,unchanged,San Luis Valley Health,https://www.sanluisvalleyhealth.org/about-us/history/,2013-07-01,None found,Low,No candidates; SLV Health website shows oncology/infusion clinic services but no pharmacy,,,,,https://www.sanluisvalleyhealth.org | https://www.beckershospitalreview.com/hospital-transactions-and-valuation/san-luis-valley-regional-medical-center-conejos-county-hospital-to-merge/,2026-10-02,"Hospitals merged into San Luis Valley Health in 2013 (pre-2023). Only one homepage fetched, hence Low confidence.",,
HSI00000720,National Jewish Health,Denver,CO,CO,1,True,1,1,13.0,0.0,1.0,nonprofit,100.0,0,2023 (rev. 2025-09),https://www.ahrq.gov/sites/default/files/wysiwyg/chsp/compendium/chsp-compendium-2023-rev.xlsx,AHRQ Compendium 2023 (system file rev. 2025-09); systems as of end-2023,False,150430000.0,HCRIS FY2023 (FY2022 fallback); acute member hospitals; G-3 line 3,0,153276000.0,HCRIS FY2024 (periods beginning 2023-10-01..2024-09-30); acute member CCNs; annualized where needed,0,0,1.9,False,False,False,False,https://data.cms.gov/sites/default/files/2026-09/e85544f7-57ef-477e-9640-313ac0aac400/CostReport_2024_Final.csv,CMS Hospital Provider Cost Report FY2024 (periods beginning 2023-10-01..2024-09-30); file modified 2026-09-29,True,National Jewish Health,unchanged,,https://www.nationaljewish.org/patients-visitors/visiting-us/campus-services-facilities/pharmacy,,None found,Medium,System pharmacy page describes retail outpatient pharmacy only; no candidates; not on Shields list,National Jewish Health Pharmacy,National Jewish Health,,,https://www.nationaljewish.org/patients-visitors/visiting-us/campus-services-facilities/pharmacy,2026-10-02,Own pharmacy is a retail clinic pharmacy in the outpatient center lobby; the center has a 17-bed infusion suite but no infusion pharmacy was found.,,
HSI00001341,Parkview Medical Center,Pueblo,CO,CO,1,True,1,1,253.0,0.0,1.0,nonprofit,100.0,0,2023 (rev. 2025-09),https://www.ahrq.gov/sites/default/files/wysiwyg/chsp/compendium/chsp-compendium-2023-rev.xlsx,AHRQ Compendium 2023 (system file rev. 2025-09); systems as of end-2023,False,522899216.0,HCRIS FY2023 (FY2022 fallback); acute member hospitals; G-3 line 3,0,501569747.0,HCRIS FY2024 (periods beginning 2023-10-01..2024-09-30); acute member CCNs; annualized where needed,0,0,-4.1,False,False,False,False,https://data.cms.gov/sites/default/files/2026-09/e85544f7-57ef-477e-9640-313ac0aac400/CostReport_2024_Final.csv,CMS Hospital Provider Cost Report FY2024 (periods beginning 2023-10-01..2024-09-30); file modified 2026-09-29,True,UCHealth Parkview Medical Center,acquired by,UCHealth,https://coloradosun.com/2024/01/03/uchealth-parkview-merger-hospital-consolidation/,2023-12-01,Managed or partnered,Medium,"via UCHealth; UCHealth is on the Shields partner list (Aurora, CO)",UCHealth Pharmacy - Parkview,UCHealth,,Shields Health Solutions,https://www.uchealth.org/today/parkview-health-system-is-now-part-of-uchealth/ | https://www.uchealth.org/locations/uchealth-pharmacy-parkview/,2026-10-02,Tier follows the Shields-list rule applied to the acquirer; no Parkview-specific Shields page found.,,
HSI00001169,University of Colorado Health,Aurora,CO,CO;WY,2,True,12,12,2036.0,1.0,1.0,nonprofit,61.4,2,2023 (rev. 2025-09),https://www.ahrq.gov/sites/default/files/wysiwyg/chsp/compendium/chsp-compendium-2023-rev.xlsx,AHRQ Compendium 2023 (system file rev. 2025-09); systems as of end-2023,True,5995328757.0,HCRIS FY2023 (FY2022 fallback); acute member hospitals; G-3 line 3,0,6984565103.0,HCRIS FY2024 (periods beginning 2023-10-01..2024-09-30); acute member CCNs; annualized where needed,0,1,16.5,False,False,False,False,https://data.cms.gov/sites/default/files/2026-09/e85544f7-57ef-477e-9640-313ac0aac400/CostReport_2024_Final.csv,CMS Hospital Provider Cost Report FY2024 (periods beginning 2023-10-01..2024-09-30); file modified 2026-09-29,True,University of Colorado Health,unchanged,,https://en.wikipedia.org/wiki/UCHealth,,Managed or partnered,High,Shields partner list plus Shields/UCHealth partnership announcement; URAC and ACHC records for University of Colorado Hospital Authority,"UCHealth Specialty Pharmacy | University of Colorado Hospital Atrium Pharmacy | IDGP Pharmacy at University of Colorado Hospital | UCHealth Centralized Pharmacy, LLC","University of Colorado Hospital Authority and UCHealth Centralized Pharmacy, LLC",URAC SPP010570 Specialty Pharmacy | ACHC 79387 Specialty Pharmacy Services | ACHC 87894 Specialty Pharmacy Services,Shields Health Solutions,https://shieldshealthsolutions.com/shields-health-solutions-uchealth-partner-to-give-patients-with-complex-chronic-illnesses-access-to-more-affordable-medications-and-new-pharmacy-services-with-no-added-costs-2/ | https://www.urac.org/directory/accreditation-details/?certification=SPP010570 | https://www.uchealth.org/today/partnership-speciality-pharmacy-at-uchealth-benefits-those-with-complex-chronic-illnesses/ | https://shieldshealthsolutions.com/about-us/partner-health-systems,2026-10-02,"On the Shields partner list (Aurora CO and Laramie WY), partnership announced Oct 2020. CU Regents hemophilia pharmacy is a university unit and is not counted for UCHealth.",,
HSI00001365,Valley View Hospital Association,Glenwood Springs,CO,CO,1,True,1,1,31.0,0.0,1.0,nonprofit,100.0,0,2023 (rev. 2025-09),https://www.ahrq.gov/sites/default/files/wysiwyg/chsp/compendium/chsp-compendium-2023-rev.xlsx,AHRQ Compendium 2023 (system file rev. 2025-09); systems as of end-2023,False,317372897.0,HCRIS FY2023 (FY2022 fallback); acute member hospitals; G-3 line 3,0,338004380.0,HCRIS FY2024 (periods beginning 2023-10-01..2024-09-30); acute member CCNs; annualized where needed,0,0,6.5,False,False,False,False,https://data.cms.gov/sites/default/files/2026-09/e85544f7-57ef-477e-9640-313ac0aac400/CostReport_2024_Final.csv,CMS Hospital Provider Cost Report FY2024 (periods beginning 2023-10-01..2024-09-30); file modified 2026-09-29,True,Valley View Hospital Association,unchanged,,https://www.vvh.org/about/,,None found,Medium,Own-site pharmacy page shows general outpatient pharmacy only; no candidates; not on Shields list,The Pharmacy at Valley View,Valley View Hospital Association,,,https://www.vvh.org/locations/pharmacy/,2026-10-02,Hospital outpatient pharmacy with compounding and prior-auth help; no specialty or home infusion mention found.,,
HSI00001286,Bristol Hospital,Bristol,CT,CT,1,True,1,1,123.0,0.0,1.0,nonprofit,100.0,0,2023 (rev. 2025-09),https://www.ahrq.gov/sites/default/files/wysiwyg/chsp/compendium/chsp-compendium-2023-rev.xlsx,AHRQ Compendium 2023 (system file rev. 2025-09); systems as of end-2023,False,156718520.0,HCRIS FY2023 (FY2022 fallback); acute member hospitals; G-3 line 3,0,164269848.0,HCRIS FY2024 (periods beginning 2023-10-01..2024-09-30); acute member CCNs; annualized where needed,0,0,4.8,False,False,False,False,https://data.cms.gov/sites/default/files/2026-09/e85544f7-57ef-477e-9640-313ac0aac400/CostReport_2024_Final.csv,CMS Hospital Provider Cost Report FY2024 (periods beginning 2023-10-01..2024-09-30); file modified 2026-09-29,True,Bristol Health (Bristol Hospital),unchanged,,https://ctmirror.org/2026/04/28/bristol-hospital-uconn-health-sale-2027/,,"Owned, accredited",Medium,URAC SPP010444 Specialty Pharmacy record for hospital-campus pharmacy; hospital page describes retail pharmacy only,"Bristol Health Pharmacy, LLC","Bristol Health Pharmacy, LLC (hospital-campus pharmacy, presumed Bristol Health subsidiary)",URAC SPP010444 Specialty Pharmacy,,https://www.urac.org/directory/accreditation-details/?certification=SPP010444 | https://www.bristolhealth.org/about-us/bristol-health-retail-pharmacy | https://ctmirror.org/2026/04/28/bristol-hospital-uconn-health-sale-2027/,2026-10-02,"UConn Health acquisition signed as letter of intent, expected to close around Dec 2026/Jan 2027; still independent today. LLC-to-hospital ownership inferred from address and name.",,
HSI00000268,Connecticut Childrens Medical Center Foundation,Hartford,CT,CT,1,True,1,1,187.0,0.0,1.0,nonprofit,100.0,0,2023 (rev. 2025-09),https://www.ahrq.gov/sites/default/files/wysiwyg/chsp/compendium/chsp-compendium-2023-rev.xlsx,AHRQ Compendium 2023 (system file rev. 2025-09); systems as of end-2023,False,467816565.0,HCRIS FY2023 (FY2022 fallback); acute member hospitals; G-3 line 3,0,496309231.0,HCRIS FY2024 (periods beginning 2023-10-01..2024-09-30); acute member CCNs; annualized where needed,0,0,6.1,False,False,False,False,https://data.cms.gov/sites/default/files/2026-09/e85544f7-57ef-477e-9640-313ac0aac400/CostReport_2024_Final.csv,CMS Hospital Provider Cost Report FY2024 (periods beginning 2023-10-01..2024-09-30); file modified 2026-09-29,True,Connecticut Children's,unchanged,,https://hartfordbusiness.com/article/ct-childrens-looks-ahead-after-rejecting-yale-merger/,,Managed or partnered,Medium,"Shields Health Solutions partner list (Connecticut Childrens Medical Center, Hartford)",,,,Shields Health Solutions,https://shieldshealthsolutions.com/about-us/partner-health-systems,2026-10-02,Tier rests on Shields list rule; no system-own page or accreditation record found. Board rejected a Yale New Haven Health merger.,,
HSI00000301,Day Kimball Healthcare,Putnam,CT,CT,1,True,1,1,104.0,0.0,1.0,nonprofit,100.0,0,2023 (rev. 2025-09),https://www.ahrq.gov/sites/default/files/wysiwyg/chsp/compendium/chsp-compendium-2023-rev.xlsx,AHRQ Compendium 2023 (system file rev. 2025-09); systems as of end-2023,False,115441752.0,HCRIS FY2023 (FY2022 fallback); acute member hospitals; G-3 line 3,0,110867819.0,HCRIS FY2024 (periods beginning 2023-10-01..2024-09-30); acute member CCNs; annualized where needed,0,0,-4.0,False,False,False,False,https://data.cms.gov/sites/default/files/2026-09/e85544f7-57ef-477e-9640-313ac0aac400/CostReport_2024_Final.csv,CMS Hospital Provider Cost Report FY2024 (periods beginning 2023-10-01..2024-09-30); file modified 2026-09-29,True,Day Kimball Healthcare,unchanged,,https://www.daykimball.org/,,None found,Medium,No URAC/ACHC/NPPES candidates; system website and press release search found only hospital inpatient/ambulatory pharmacy,,,,,https://www.daykimball.org/advanced-pharmacy-at-day-kimball-hospital-includes-new-cleanroom/ | https://www.daykimball.org/patient-services/iv-therapy/,2026-10-02,"Hospital pharmacy dispenses to ED/OR/chemo and an ambulatory IV therapy unit exists, but no specialty or home infusion pharmacy found. Day Kimball HomeCare exists but no infusion pharmacy is mentioned.",,
HSI00000452,Hartford Healthcare,Hartford,CT,CT,1,True,10,8,1674.0,0.0,1.0,nonprofit,100.0,0,2023 (rev. 2025-09),https://www.ahrq.gov/sites/default/files/wysiwyg/chsp/compendium/chsp-compendium-2023-rev.xlsx,AHRQ Compendium 2023 (system file rev. 2025-09); systems as of end-2023,False,4099999738.0,HCRIS FY2023 (FY2022 fallback); acute member hospitals; G-3 line 3,1,4437683303.0,HCRIS FY2024 (periods beginning 2023-10-01..2024-09-30); acute member CCNs; annualized where needed,1,0,8.2,False,True,False,False,https://data.cms.gov/sites/default/files/2026-09/e85544f7-57ef-477e-9640-313ac0aac400/CostReport_2024_Final.csv,CMS Hospital Provider Cost Report FY2024 (periods beginning 2023-10-01..2024-09-30); file modified 2026-09-29,True,Hartford HealthCare,unchanged,,https://www.fiercehealthcare.com/providers/bankrupt-prospect-accepts-hartford-healthcares-861m-bid-2-conn-hospitals,,Managed or partnered,High,"Shields partner list (Hartford HealthCare, Hartford CT) plus URAC and ACHC records for Hartford Hospital pharmacy",Hartford HealthCare Community Pharmacy | Hartford HealthCare Specialty Pharmacy Program,Hartford Hospital,URAC SPP010162 Specialty Pharmacy | ACHC 73688 Specialty Pharmacy Services,Shields Health Solutions,https://shieldshealthsolutions.com/about-us/partner-health-systems | https://www.urac.org/directory/accreditation-details/?certification=SPP010162 | https://hartfordhealthcare.org/services/specialty-pharmacy,2026-10-02,"Specialty program serves Hartford Hospital, MidState and Hospital of Central Connecticut. Status search showed no ownership change; Shields listing drives the tier.",,
HSI00000683,Middlesex Health System,Middletown,CT,CT,1,True,1,1,187.0,0.0,1.0,nonprofit,100.0,0,2023 (rev. 2025-09),https://www.ahrq.gov/sites/default/files/wysiwyg/chsp/compendium/chsp-compendium-2023-rev.xlsx,AHRQ Compendium 2023 (system file rev. 2025-09); systems as of end-2023,False,483456626.0,HCRIS FY2023 (FY2022 fallback); acute member hospitals; G-3 line 3,0,499983183.0,HCRIS FY2024 (periods beginning 2023-10-01..2024-09-30); acute member CCNs; annualized where needed,0,0,3.4,False,False,False,False,https://data.cms.gov/sites/default/files/2026-09/e85544f7-57ef-477e-9640-313ac0aac400/CostReport_2024_Final.csv,CMS Hospital Provider Cost Report FY2024 (periods beginning 2023-10-01..2024-09-30); file modified 2026-09-29,True,Middlesex Health,unchanged,,https://middlesexhealth.org/news/middlesex-health-news/october-2025/building-a-better-tomorrow-middlesex-health-enters-a-new-era-of-growth-and-innovation,,Managed or partnered,High,ACHC 98544 + NPPES 1093519183 + Clearway Health partnership announcement (Oct 2025),Middlesex Hospital Specialty Pharmacy,Middlesex Hospital,ACHC 98544 Specialty Pharmacy Services,Clearway Health,"https://www.clearwayhealth.com/post/middlesex-hospital-opens-1st-specialty-pharmacy-in-partnership-with-clearway-health | https://middlesexhealth.org/middlesex-hospital-specialty-pharmacy | https://organization.achc.org/print?legalCompanyName=Middlesex%20Hospital&dbaCompanyName=Middlesex%20Hospital%20Specialty%20Pharmacy&companyID=98544&full_address=Middletown,%20CT%2006457&physicalAddress=536%20Saybrook%20Rd,%20Lower%20Level, | https://npiregistry.cms.hhs.gov/provider-view/1093519183",2025-10-02,"Pharmacy opened Oct 2025 jointly operated with Clearway Health, a Boston pharmacy services firm; not on Shields list.",,
HSI00001253,Nuvance Health,Danbury,CT,CT;NY,2,True,7,7,1086.0,0.0,1.0,nonprofit,100.0,0,2023 (rev. 2025-09),https://www.ahrq.gov/sites/default/files/wysiwyg/chsp/compendium/chsp-compendium-2023-rev.xlsx,AHRQ Compendium 2023 (system file rev. 2025-09); systems as of end-2023,False,2225470791.0,HCRIS FY2023 (FY2022 fallback); acute member hospitals; G-3 line 3,1,2452484038.0,HCRIS FY2024 (periods beginning 2023-10-01..2024-09-30); acute member CCNs; annualized where needed,1,0,10.2,False,True,False,False,https://data.cms.gov/sites/default/files/2026-09/e85544f7-57ef-477e-9640-313ac0aac400/CostReport_2024_Final.csv,CMS Hospital Provider Cost Report FY2024 (periods beginning 2023-10-01..2024-09-30); file modified 2026-09-29,True,Northwell Health,acquired by,Northwell Health,https://www.northwell.edu/news/the-latest/northwell-health-completes-merger-with-nuvance-health,2025-05-01,Managed or partnered,Medium,"Shields partner list (Northwell Health, Danbury CT), via Northwell Health; Northwell VIVO Health Pharmacy ACHC-accredited",VIVOHealth Pharmacy,Northwell Health (acquirer),"ACHC accreditation with Oncology distinction (VIVO Health Pharmacy, per Northwell news; no id)",Shields Health Solutions,https://www.northwell.edu/news/the-latest/northwell-health-completes-merger-with-nuvance-health | https://www.northwell.edu/find-care/services-we-offer/vivohealth | https://www.northwell.edu/news/the-latest/vivo-health-pharmacy-receives-achc-accreditation-with-a-distinction-in-oncology | https://shieldshealthsolutions.com/about-us/partner-health-systems,2026-10-02,"Nuvance merged into Northwell in May 2025; Northwell appears on the Shields list including a Danbury, CT entry. Whether VIVO serves Nuvance hospitals specifically was not confirmed.",,HSI00000767
HSI00001032,Stamford Health,Stamford,CT,CT,1,True,1,1,288.0,0.0,1.0,nonprofit,100.0,0,2023 (rev. 2025-09),https://www.ahrq.gov/sites/default/files/wysiwyg/chsp/compendium/chsp-compendium-2023-rev.xlsx,AHRQ Compendium 2023 (system file rev. 2025-09); systems as of end-2023,False,834454616.0,HCRIS FY2023 (FY2022 fallback); acute member hospitals; G-3 line 3,0,1139653419.0,HCRIS FY2024 (periods beginning 2023-10-01..2024-09-30); acute member CCNs; annualized where needed,0,0,36.6,False,False,True,False,https://data.cms.gov/sites/default/files/2026-09/e85544f7-57ef-477e-9640-313ac0aac400/CostReport_2024_Final.csv,CMS Hospital Provider Cost Report FY2024 (periods beginning 2023-10-01..2024-09-30); file modified 2026-09-29,True,Stamford Health,unchanged,,https://hartfordbusiness.com/article/stamford-health-buys-vacant-parcel-for-2-5m-as-part-of-plan-to-expand-services/,,"Owned, accredited",High,"URAC SPP010573 + ACHC 86580, both Stamford Health Pharmacy",Stamford Health Pharmacy,Stamford Health Pharmacy LLC (Stamford Health subsidiary),URAC SPP010573 Specialty Pharmacy | ACHC 86580 Specialty Pharmacy Services,,https://www.urac.org/directory/accreditation-details/?certification=SPP010573,2026-10-02,Same address 1 Hospital Plaza Ste G122 on both records; entity name and location match the system. Not on Shields list; no outside manager found.,,
HSI00001272,Yale New Haven Health System,New Haven,CT,CT;RI,2,True,7,7,2228.0,0.0,1.0,nonprofit,100.0,0,2023 (rev. 2025-09),https://www.ahrq.gov/sites/default/files/wysiwyg/chsp/compendium/chsp-compendium-2023-rev.xlsx,AHRQ Compendium 2023 (system file rev. 2025-09); systems as of end-2023,False,5461086667.0,HCRIS FY2023 (FY2022 fallback); acute member hospitals; G-3 line 3,2,5960413175.0,HCRIS FY2024 (periods beginning 2023-10-01..2024-09-30); acute member CCNs; annualized where needed,2,0,9.1,False,True,False,False,https://data.cms.gov/sites/default/files/2026-09/e85544f7-57ef-477e-9640-313ac0aac400/CostReport_2024_Final.csv,CMS Hospital Provider Cost Report FY2024 (periods beginning 2023-10-01..2024-09-30); file modified 2026-09-29,True,Yale New Haven Health System,unchanged,,https://www.healthcaredive.com/news/yale-new-haven-prospect-settle-connecticut-hospital-dispute/761441/,,Managed or partnered,High,Shields partner list (New Haven CT; Westerly RI) + ACHC 74332 + system pharmacy page,Yale New Haven Health Specialty Pharmacy (Outpatient Pharmacy Services) | Yale New Haven Health Home Infusion,"Medical Center Pharmacy and Home Care Center, Inc. (YNHHS subsidiary)",ACHC 74332 Specialty Pharmacy Services | ACHC 87611 Infusion Pharmacy Services | ACHC 91648 Home Infusion Therapy,Shields Health Solutions,https://www.ynhhs.org/patient-care/Outpatient-Pharmacy-Services | https://shieldshealthsolutions.com/about-us/partner-health-systems,2026-10-02,Shields partner list rule applied. No URAC record found.,,
HSI00000216,Childrens National Health System,Washington,DC,DC,1,True,2,1,323.0,0.0,1.0,nonprofit,100.0,0,2023 (rev. 2025-09),https://www.ahrq.gov/sites/default/files/wysiwyg/chsp/compendium/chsp-compendium-2023-rev.xlsx,AHRQ Compendium 2023 (system file rev. 2025-09); systems as of end-2023,False,1362376834.0,HCRIS FY2023 (FY2022 fallback); acute member hospitals; G-3 line 3,0,1610530890.0,HCRIS FY2024 (periods beginning 2023-10-01..2024-09-30); acute member CCNs; annualized where needed,0,0,18.2,False,False,False,False,https://data.cms.gov/sites/default/files/2026-09/e85544f7-57ef-477e-9640-313ac0aac400/CostReport_2024_Final.csv,CMS Hospital Provider Cost Report FY2024 (periods beginning 2023-10-01..2024-09-30); file modified 2026-09-29,True,Childrens National Health System,unchanged,,https://www.childrensnational.org/about-us/our-history,,"Owned, accredited",High,URAC SPP010450 + Children's National pharmacy web page,Children's National Specialty Pharmacy,Children's Hospital d/b/a Children's National Hospital,URAC SPP010450 Specialty Pharmacy,,https://www.urac.org/directory/accreditation-details/?certification=SPP010450 | https://www.childrensnational.org/get-care/departments/pharmacy,2026-10-02,"Status 'renamed' reflects only the HSC rehab hospital rebrand to Children's National Rehabilitation & Specialized Care; the system itself is unchanged. Specialty pharmacy is at Silver Spring, MD, with no outside manager disclosed. [manual correction: Group 055 marked 'renamed' because a rehab subsidiary rebranded; the system itself is unchanged (agent's own note).]",,
HSI00000094,Bayhealth,Dover,DE,DE,1,True,2,2,396.0,0.0,1.0,nonprofit,100.0,0,2023 (rev. 2025-09),https://www.ahrq.gov/sites/default/files/wysiwyg/chsp/compendium/chsp-compendium-2023-rev.xlsx,AHRQ Compendium 2023 (system file rev. 2025-09); systems as of end-2023,False,887060956.0,HCRIS FY2023 (FY2022 fallback); acute member hospitals; G-3 line 3,0,1171038055.0,HCRIS FY2024 (periods beginning 2023-10-01..2024-09-30); acute member CCNs; annualized where needed,0,0,32.0,False,False,True,False,https://data.cms.gov/sites/default/files/2026-09/e85544f7-57ef-477e-9640-313ac0aac400/CostReport_2024_Final.csv,CMS Hospital Provider Cost Report FY2024 (periods beginning 2023-10-01..2024-09-30); file modified 2026-09-29,True,Bayhealth,unchanged,,https://www.bayhealth.org/about-us/newsroom/2025/september/bayhealth-welcomes-new-pharmacy-residents,,"Owned, accredited",High,"ACHC 66297 + NPPES + Bayhealth web pages (Specialty Pharmacy, 2018 ACHC accreditation news)",Bayhealth Ambulatory Pharmacy | Bayhealth Specialty Pharmacy,"Bayhealth Medical Center, Inc",ACHC 66297 Specialty Pharmacy Services,,https://www.bayhealth.org/services/specialty-pharmacy | https://www.bayhealth.org/community-health-and-wellness/newsroom/2018/april/ambulatory-pharmacy-receives-two-national-accreditations,2026-10-02,Specialty pharmacy runs at Kent and Sussex campuses. Not on Shields list.,,
HSI00000103,Beebe Healthcare,Lewes,DE,DE,1,True,1,1,210.0,0.0,1.0,nonprofit,100.0,0,2023 (rev. 2025-09),https://www.ahrq.gov/sites/default/files/wysiwyg/chsp/compendium/chsp-compendium-2023-rev.xlsx,AHRQ Compendium 2023 (system file rev. 2025-09); systems as of end-2023,False,549735445.0,HCRIS FY2023 (FY2022 fallback); acute member hospitals; G-3 line 3,0,605277456.0,HCRIS FY2024 (periods beginning 2023-10-01..2024-09-30); acute member CCNs; annualized where needed,0,0,10.1,False,False,False,False,https://data.cms.gov/sites/default/files/2026-09/e85544f7-57ef-477e-9640-313ac0aac400/CostReport_2024_Final.csv,CMS Hospital Provider Cost Report FY2024 (periods beginning 2023-10-01..2024-09-30); file modified 2026-09-29,True,Beebe Healthcare,unchanged,,https://www.beebehealthcare.org/,,None found,Medium,"Own site read via curl: Cape Pharmacy is a retail/compounding outpatient pharmacy; infusion center only; no specialty pharmacy, URAC/ACHC or manager",Cape Pharmacy,Beebe Healthcare,,,https://www.beebehealthcare.org/news-release/beebe-healthcare-acquires-cape-pharmacy | https://www.beebehealthcare.org/locations/abessinio-health-campus,2024-10-31,"Cape Pharmacy (acquired Nov 2024) offers specialty medication packaging only, not specialty drug dispensing. Jefferson tie is clinical (neurosurgery), not ownership.",,
HSI00000218,ChristianaCare,Wilmington,DE,DE;MD,2,True,2,2,1296.0,0.0,1.0,nonprofit,100.0,0,2023 (rev. 2025-09),https://www.ahrq.gov/sites/default/files/wysiwyg/chsp/compendium/chsp-compendium-2023-rev.xlsx,AHRQ Compendium 2023 (system file rev. 2025-09); systems as of end-2023,False,2445535654.0,HCRIS FY2023 (FY2022 fallback); acute member hospitals; G-3 line 3,0,2750401635.0,HCRIS FY2024 (periods beginning 2023-10-01..2024-09-30); acute member CCNs; annualized where needed,0,0,12.5,False,False,False,False,https://data.cms.gov/sites/default/files/2026-09/e85544f7-57ef-477e-9640-313ac0aac400/CostReport_2024_Final.csv,CMS Hospital Provider Cost Report FY2024 (periods beginning 2023-10-01..2024-09-30); file modified 2026-09-29,True,ChristianaCare,unchanged,,https://delawarebusinesstimes.com/news/christianacare-virtua-end-merger/,,"Owned, not accredited",Medium,ChristianaCare specialty pharmacy web page and 2021 news release; no accreditation found,ChristianaCare Specialty Pharmacy,ChristianaCare,,,https://christianacare.org/us/en/care/specialty-care/pharmacy | https://news.christianacare.org/2021/02/specialty-pharmacy-open-at-christianacare/,2026-10-02,Merger talks with Virtua ended Dec 2025. No URAC/ACHC/NPPES candidates found; accreditation unverified.,,
HSI00000010,AdventHealth,Altamonte Springs,FL,CO;FL;GA;IL;KS;KY;NC;TX;WI,9,True,42,41,8809.0,1.0,2.0,church-operated,100.0,0,2023 (rev. 2025-09),https://www.ahrq.gov/sites/default/files/wysiwyg/chsp/compendium/chsp-compendium-2023-rev.xlsx,AHRQ Compendium 2023 (system file rev. 2025-09); systems as of end-2023,False,15573277510.0,HCRIS FY2023 (FY2022 fallback); acute member hospitals; G-3 line 3,3,18023459564.0,HCRIS FY2024 (periods beginning 2023-10-01..2024-09-30); acute member CCNs; annualized where needed,3,0,15.7,False,True,False,False,https://data.cms.gov/sites/default/files/2026-09/e85544f7-57ef-477e-9640-313ac0aac400/CostReport_2024_Final.csv,CMS Hospital Provider Cost Report FY2024 (periods beginning 2023-10-01..2024-09-30); file modified 2026-09-29,True,AdventHealth,unchanged,,https://www.adventhealth.com/about-us,,"Owned, accredited",High,URAC and ACHC records for AdventHealth Outpatient Pharmacy Orlando plus AdventHealth web pages; not on Shields list,"AdventHealth Outpatient Pharmacy Orlando | AdventHealth Home Infusion | UChicago Medicine AdventHealth Pharmacy (Bolingbrook, Glenoaks, Hinsdale) | AdventHealth Pharmacy Porter","Adventist Health System/Sunbelt, Inc.; Florida Hospital Home Infusion LLP; Adventist Bolingbrook Hospital and Adventist Midwest Health (system hospitals)",URAC SPP010556 Specialty Pharmacy | URAC SPP010646 Specialty Pharmacy (home infusion) | ACHC 98768 Specialty Pharmacy Services | ACHC 90006 Specialty Pharmacy Services,,https://www.urac.org/directory/accreditation-details/?certification=SPP010556 | https://organization.achc.org/print?companyID=98768 | https://www.adventhealth.com/sites/default/files/assets/adventhealth_outpatient_pharmacy_welcome_packet.pdf,2026-10-02,UChicago Medicine AdventHealth pharmacies in Illinois appear to be a JV with UChicago Medicine; the wholly owned Orlando pharmacy carries the tier. Not on the Shields list.,,
HSI00000075,Baptist Health,Jacksonville,FL,FL,1,True,3,3,1170.0,0.0,1.0,nonprofit,100.0,0,2023 (rev. 2025-09),https://www.ahrq.gov/sites/default/files/wysiwyg/chsp/compendium/chsp-compendium-2023-rev.xlsx,AHRQ Compendium 2023 (system file rev. 2025-09); systems as of end-2023,False,2358440346.0,HCRIS FY2023 (FY2022 fallback); acute member hospitals; G-3 line 3,0,2780925153.0,HCRIS FY2024 (periods beginning 2023-10-01..2024-09-30); acute member CCNs; annualized where needed,0,0,17.9,False,False,False,False,https://data.cms.gov/sites/default/files/2026-09/e85544f7-57ef-477e-9640-313ac0aac400/CostReport_2024_Final.csv,CMS Hospital Provider Cost Report FY2024 (periods beginning 2023-10-01..2024-09-30); file modified 2026-09-29,True,Baptist Health,unchanged,,https://www.beckershospitalreview.com/hospital-transactions-and-valuation/baptist-health-jacksonville-ends-partnership-with-uf-health-4-notes/,,Managed or partnered,High,Shields partner list (Baptist Health Jacksonville) + June 9 2026 press release,Baptist Specialty Pharmacy,"Baptist Health (Jacksonville), operated with Shields Health Solutions",,Shields Health Solutions,https://www.baptistjax.com/about-us/newsroom/news-releases/shields-health-solutions-brings-integrated-specialty-pharmacy-services-to-baptist-health-in-jacksonville | https://shieldshealthsolutions.com/shields-health-solutions-brings-integrated-specialty-pharmacy-services-to-baptist-health-in-jacksonville/ | https://shieldshealthsolutions.com/about-us/partner-health-systems,2026-06-09,Confirmed NPPES 1134082753 is Southern Baptist Hospital of Florida (Jacksonville) with specialty as secondary taxonomy. No Jacksonville URAC/ACHC record found.,,
HSI00000076,Baptist Health Care,Pensacola,FL,FL,1,True,3,3,362.0,0.0,1.0,nonprofit,100.0,0,2023 (rev. 2025-09),https://www.ahrq.gov/sites/default/files/wysiwyg/chsp/compendium/chsp-compendium-2023-rev.xlsx,AHRQ Compendium 2023 (system file rev. 2025-09); systems as of end-2023,False,609230493.0,HCRIS FY2023 (FY2022 fallback); acute member hospitals; G-3 line 3,0,706136622.0,HCRIS FY2024 (periods beginning 2023-10-01..2024-09-30); acute member CCNs; annualized where needed,0,1,15.9,False,False,False,False,https://data.cms.gov/sites/default/files/2026-09/e85544f7-57ef-477e-9640-313ac0aac400/CostReport_2024_Final.csv,CMS Hospital Provider Cost Report FY2024 (periods beginning 2023-10-01..2024-09-30); file modified 2026-09-29,True,Baptist Health Care,unchanged,,https://www.ebaptisthealthcare.org/news,,Managed or partnered,Medium,Tower Specialty Pharmacy page on ebaptisthealthcare.org states operated by Baptist Health Care with ACHC and URAC credentials; no matching accreditation record in candidates,Tower Specialty Pharmacy,Baptist Health Care (Pensacola),"ACHC (per website, number not found) | URAC (per website, number not found)",Shields Health Solutions,https://www.ebaptisthealthcare.org/pharmacy/tower-specialty-pharmacy | https://shieldshealthsolutions.com/about-us/partner-health-systems,2026-10-02,"Pensacola pharmacy accreditation could not be tied to a roster record, so confidence is Medium. Not on Shields list (Baptist Health Montgomery AL and Jacksonville are different systems).","on Shields partner list: Owned, accredited -> Managed or partnered",
HSI00000077,Baptist Health South Florida,Coral Gables,FL,FL,1,True,9,9,2246.0,1.0,1.0,nonprofit,100.0,0,2023 (rev. 2025-09),https://www.ahrq.gov/sites/default/files/wysiwyg/chsp/compendium/chsp-compendium-2023-rev.xlsx,AHRQ Compendium 2023 (system file rev. 2025-09); systems as of end-2023,False,4682947605.0,HCRIS FY2023 (FY2022 fallback); acute member hospitals; G-3 line 3,0,5303025013.0,HCRIS FY2024 (periods beginning 2023-10-01..2024-09-30); acute member CCNs; annualized where needed,0,0,13.2,False,False,False,False,https://data.cms.gov/sites/default/files/2026-09/e85544f7-57ef-477e-9640-313ac0aac400/CostReport_2024_Final.csv,CMS Hospital Provider Cost Report FY2024 (periods beginning 2023-10-01..2024-09-30); file modified 2026-09-29,True,Baptist Health South Florida,unchanged,,https://baptisthealth.net/newsroom/press-release/baptist-health-south-florida-and-bethesda-health-finalize-merger,,"Owned, accredited",High,URAC SPP010717 + ACHC 85128 + system specialty pharmacy web page,Baptist Health Specialty Pharmacy | Baptist Health Infusion Care Pharmacy,"Oncology Specialty Pharmacy, LLC (Baptist Health system subsidiary); Baptist Outpatient Services, Inc. for infusion",URAC SPP010717 Specialty Pharmacy | ACHC 85128 Specialty Pharmacy Services | ACHC 88900 Infusion Pharmacy Services,,https://baptisthealth.net/services/pharmacy-services/specialty-pharmacy | https://baptisthealth.net/locations/pharmacy/kendall-specialty-pharmacy | https://www.urac.org/directory/accreditation-details/?certification=SPP010717,2026-10-02,NPPES 'Baptist Health Pharmacy' 102/103/107 LLCs are corroborating system-branded specialty-taxonomy sites. Not on Shields list.,,
HSI00000368,Florida Health Sciences Center,Tampa,FL,FL,1,True,2,1,1017.0,1.0,1.0,nonprofit,100.0,0,2023 (rev. 2025-09),https://www.ahrq.gov/sites/default/files/wysiwyg/chsp/compendium/chsp-compendium-2023-rev.xlsx,AHRQ Compendium 2023 (system file rev. 2025-09); systems as of end-2023,False,1951882828.0,HCRIS FY2023 (FY2022 fallback); acute member hospitals; G-3 line 3,0,2223520151.0,HCRIS FY2024 (periods beginning 2023-10-01..2024-09-30); acute member CCNs; annualized where needed,0,0,13.9,False,False,False,False,https://data.cms.gov/sites/default/files/2026-09/e85544f7-57ef-477e-9640-313ac0aac400/CostReport_2024_Final.csv,CMS Hospital Provider Cost Report FY2024 (periods beginning 2023-10-01..2024-09-30); file modified 2026-09-29,True,Tampa General Hospital (Florida Health Sciences Center),unchanged,,https://www.wusf.org/health-news-florida/2025-10-27/tampa-general-hospital-expanding-services-citrus-county,,Managed or partnered,High,Shields partner list (Tampa General Hospital); URAC and ACHC records; TGH page shows both accreditation logos,TGH Specialty Pharmacy,"Florida Health Sciences Center, Inc.",URAC SPP010522 Specialty Pharmacy | ACHC 75552 Specialty Pharmacy Services,Shields Health Solutions,https://www.tgh.org/institutes-and-services/tgh-pharmacy | https://www.urac.org/directory/accreditation-details/?certification=SPP010522 | https://shieldshealthsolutions.com/about-us/partner-health-systems,2026-10-02,Shields rule applied; system also acquired three former CHS hospitals but remains nonprofit.,,
HSI00000461,Health First,Rockledge,FL,FL,1,True,4,4,904.0,0.0,1.0,nonprofit,100.0,0,2023 (rev. 2025-09),https://www.ahrq.gov/sites/default/files/wysiwyg/chsp/compendium/chsp-compendium-2023-rev.xlsx,AHRQ Compendium 2023 (system file rev. 2025-09); systems as of end-2023,False,1164550242.0,HCRIS FY2023 (FY2022 fallback); acute member hospitals; G-3 line 3,0,1250330810.0,HCRIS FY2024 (periods beginning 2023-10-01..2024-09-30); acute member CCNs; annualized where needed,0,0,7.4,False,False,False,False,https://data.cms.gov/sites/default/files/2026-09/e85544f7-57ef-477e-9640-313ac0aac400/CostReport_2024_Final.csv,CMS Hospital Provider Cost Report FY2024 (periods beginning 2023-10-01..2024-09-30); file modified 2026-09-29,True,Health First,unchanged,,https://spacecoastdaily.com/2026/05/one-year-later-health-first-rises-to-meet-brevards-changing-healthcare-needs/,,Infusion or home infusion only,Medium,own site (curl 200): Family Pharmacy page lists retail services and home infusion; no specialty pharmacy or accreditation found; not on Shields list,Health First Family Pharmacy | Health First Family Pharmacy Home Infusion,Health First,,,https://www.hf.org/healthcare-home/departments-services/family-pharmacy | https://npino.com/pharmacy/1851738306-health-first-family-pharmacy-home-infusion/,2026-10-02,AdventHealth holds a minority stake but Health First remains independent. Home infusion is in-house; no specialty dispensing claim or accreditation found.,,
HSI00001419,Jupiter Medical Center,Jupiter,FL,FL,1,True,1,1,242.0,0.0,1.0,nonprofit,100.0,0,2023 (rev. 2025-09),https://www.ahrq.gov/sites/default/files/wysiwyg/chsp/compendium/chsp-compendium-2023-rev.xlsx,AHRQ Compendium 2023 (system file rev. 2025-09); systems as of end-2023,False,380056898.0,HCRIS FY2023 (FY2022 fallback); acute member hospitals; G-3 line 3,0,431621030.0,HCRIS FY2024 (periods beginning 2023-10-01..2024-09-30); acute member CCNs; annualized where needed,0,0,13.6,False,False,False,False,https://data.cms.gov/sites/default/files/2026-09/e85544f7-57ef-477e-9640-313ac0aac400/CostReport_2024_Final.csv,CMS Hospital Provider Cost Report FY2024 (periods beginning 2023-10-01..2024-09-30); file modified 2026-09-29,True,Jupiter Medical Center,unchanged,,https://www.jupitermed.com/about/,,None found,Medium,Own website and search show inpatient pharmacy and oncology infusion unit only; NPPES candidate rejected; not on Shields list,,,,,https://www.jupitermed.com/about/,2026-10-02,Remains independent non-profit; January 2026 HSS orthopedic alliance is not a merger.,,
HSI00000569,Lakeland Regional Health,Lakeland,FL,FL,1,True,1,1,764.0,0.0,1.0,nonprofit,100.0,0,2023 (rev. 2025-09),https://www.ahrq.gov/sites/default/files/wysiwyg/chsp/compendium/chsp-compendium-2023-rev.xlsx,AHRQ Compendium 2023 (system file rev. 2025-09); systems as of end-2023,False,1033363360.0,HCRIS FY2023 (FY2022 fallback); acute member hospitals; G-3 line 3,0,1179244991.0,HCRIS FY2024 (periods beginning 2023-10-01..2024-09-30); acute member CCNs; annualized where needed,0,0,14.1,False,False,False,False,https://data.cms.gov/sites/default/files/2026-09/e85544f7-57ef-477e-9640-313ac0aac400/CostReport_2024_Final.csv,CMS Hospital Provider Cost Report FY2024 (periods beginning 2023-10-01..2024-09-30); file modified 2026-09-29,True,Lakeland Regional Health,unchanged,,https://www.mylrh.org/,,Managed or partnered,High,URAC SPP010692 + ACHC 98321 + system press release (Shields partnership),Lakeland Regional Health Pharmacy,"Lakeland Regional Medical Center, Inc. (member hospital)",URAC SPP010692 Specialty Pharmacy (2026-07-01 to 2029-07-01) | ACHC 98321 Specialty Pharmacy Services,Shields Health Solutions,"https://www.urac.org/directory/accreditation-details/?certification=SPP010692 | https://organization.achc.org/print?legalCompanyName=Lakeland%20Regional%20Medical%20Center,%20Inc.&dbaCompanyName=Lakeland%20Regional%20Health%20Pharmacy&companyID=98321&full_address=Winter%20Haven,%20FL%2033881&physicalAddress=199%20Avenue%20B%20NW%20Suite%20385, | https://www.mylrh.org/shields-health-solutions-and-lakeland-regional-health-collaborate-to-enhance-patient-access-to-specialty-pharmacy-care/ | https://www.hcinnovationgroup.com/clinical-it/pharmacy/article/55335698/why-lakeland-regional-health-created-its-own-specialty-pharmacy | https://shieldshealthsolutions.com/about-us/partner-health-systems",mylrh.org press release 2025-11-12; HC Innovation article 2025-12-02; registries 2026-10-02,"Pharmacy is LRH-operated and accredited, with Shields as the named accelerator/operating partner, so the partnered tier takes precedence. The mylrh.org pharmacy page itself does not mention specialty services.",,
HSI00000712,Mount Sinai Medical Center of Florida,Miami Beach,FL,FL,1,True,1,1,481.0,0.0,1.0,nonprofit,100.0,0,2023 (rev. 2025-09),https://www.ahrq.gov/sites/default/files/wysiwyg/chsp/compendium/chsp-compendium-2023-rev.xlsx,AHRQ Compendium 2023 (system file rev. 2025-09); systems as of end-2023,False,971438827.0,HCRIS FY2023 (FY2022 fallback); acute member hospitals; G-3 line 3,0,1030848127.0,HCRIS FY2024 (periods beginning 2023-10-01..2024-09-30); acute member CCNs; annualized where needed,0,0,6.1,False,False,False,False,https://data.cms.gov/sites/default/files/2026-09/e85544f7-57ef-477e-9640-313ac0aac400/CostReport_2024_Final.csv,CMS Hospital Provider Cost Report FY2024 (periods beginning 2023-10-01..2024-09-30); file modified 2026-09-29,True,Mount Sinai Medical Center of Florida,unchanged,,https://southfloridahospitalnews.com/mount-sinai-medical-center-2025-year-in-review/,,"Owned, accredited",High,"URAC SPP010222 held by the medical center on behalf of Mount Sinai Pharmacy Express, plus NPPES secondary specialty taxonomy",Mount Sinai Pharmacy Express,"Mt. Sinai Medical Center of Florida, Inc.",URAC SPP010222 Specialty Pharmacy,,https://www.urac.org/directory/accreditation-details/?certification=SPP010222 | https://npiregistry.cms.hhs.gov/provider-view/1780987412 | https://southfloridahospitalnews.com/mount-sinai-medical-center-2025-year-in-review/,2026-10-02,"Independent Miami Beach system, not the NYC Mount Sinai Health System. URAC and NPPES name and address match the system pharmacy.",,
HSI00000716,NCH Healthcare System,Naples,FL,FL,1,True,1,1,517.0,0.0,1.0,nonprofit,100.0,0,2023 (rev. 2025-09),https://www.ahrq.gov/sites/default/files/wysiwyg/chsp/compendium/chsp-compendium-2023-rev.xlsx,AHRQ Compendium 2023 (system file rev. 2025-09); systems as of end-2023,False,691733494.0,HCRIS FY2023 (FY2022 fallback); acute member hospitals; G-3 line 3,0,784219705.0,HCRIS FY2024 (periods beginning 2023-10-01..2024-09-30); acute member CCNs; annualized where needed,0,0,13.4,False,False,False,False,https://data.cms.gov/sites/default/files/2026-09/e85544f7-57ef-477e-9640-313ac0aac400/CostReport_2024_Final.csv,CMS Hospital Provider Cost Report FY2024 (periods beginning 2023-10-01..2024-09-30); file modified 2026-09-29,True,NCH (Naples Comprehensive Health),renamed,,https://nchmd.org/press-releases/introducing-the-new-nch/,2023-09,None found,Medium,"No candidates; NCH services page and searches show only hospital outpatient infusion center (OPIS), no pharmacy",,,,,https://nchmd.org/services/,2026-10-02,"Rebranded to NCH, still independent. OPIS is a nurse-run infusion center, not a dispensing pharmacy.",,
HSI00000725,Nemours Childrens Health,Jacksonville,FL,DE;FL,2,True,2,2,352.0,0.0,1.0,nonprofit,100.0,0,2023 (rev. 2025-09),https://www.ahrq.gov/sites/default/files/wysiwyg/chsp/compendium/chsp-compendium-2023-rev.xlsx,AHRQ Compendium 2023 (system file rev. 2025-09); systems as of end-2023,False,1090857645.0,HCRIS FY2023 (FY2022 fallback); acute member hospitals; G-3 line 3,0,1266450044.0,HCRIS FY2024 (periods beginning 2023-10-01..2024-09-30); acute member CCNs; annualized where needed,0,0,16.1,False,False,False,False,https://data.cms.gov/sites/default/files/2026-09/e85544f7-57ef-477e-9640-313ac0aac400/CostReport_2024_Final.csv,CMS Hospital Provider Cost Report FY2024 (periods beginning 2023-10-01..2024-09-30); file modified 2026-09-29,True,Nemours Children's Health,unchanged,,https://en.wikipedia.org/wiki/Nemours_Children%27s_Health,,Managed or partnered,High,"Shields partner list (Nemours Children's, Wilmington and Orlando) plus URAC SPP010116 and ACHC 89523/95477 owned by The Nemours Foundation",Outpatient Pharmacy of the Nemours Foundation | Nemours Children's Outpatient Pharmacy,The Nemours Foundation,URAC SPP010116 Specialty Pharmacy | ACHC 89523 Specialty Pharmacy Services | ACHC 95477 Specialty Pharmacy Services,Shields Health Solutions,https://www.urac.org/directory/accreditation-details/?certification=SPP010116 | https://shieldshealthsolutions.com/about-us/partner-health-systems,2026-10-02,"Wholly system-owned accredited pharmacies exist, but Shields listing takes precedence per rule. Nemours expanding via Pensacola and Baptist Health partnerships, no structural change.",,
HSI00000678,Nicklaus Childrens Health System,Miami,FL,FL,1,True,1,1,278.0,0.0,1.0,nonprofit,100.0,0,2023 (rev. 2025-09),https://www.ahrq.gov/sites/default/files/wysiwyg/chsp/compendium/chsp-compendium-2023-rev.xlsx,AHRQ Compendium 2023 (system file rev. 2025-09); systems as of end-2023,False,,HCRIS FY2023 (FY2022 fallback); acute member hospitals; G-3 line 3,1,957160904.0,HCRIS FY2024 (periods beginning 2023-10-01..2024-09-30); acute member CCNs; annualized where needed,0,0,,True,True,False,False,https://data.cms.gov/sites/default/files/2026-09/e85544f7-57ef-477e-9640-313ac0aac400/CostReport_2024_Final.csv,CMS Hospital Provider Cost Report FY2024 (periods beginning 2023-10-01..2024-09-30); file modified 2026-09-29,True,Nicklaus Children's Health System,unchanged,,https://www.nicklaushealth.org/news,,None found,Low,Own pharmacy page: on-site retail pharmacy is owned and operated by Publix; no system specialty pharmacy found,Publix Pharmacy at Nicklaus Children's Hospital,"Publix Super Markets (retail, not system)",,,https://www.nicklauschildrens.org/patient-resources/while-you-are-here-miami/pharmacy | https://www.nicklauschildrens.org/news-and-events/press-releases/publix-retail-pharmacy-at-nicklaus-childrens,2026-10-02,2024 Broward Health affiliation and 2025 FIU affiliation are not ownership changes. Publix retail pharmacy offers access to specialty meds via a retail partner.,,
HSI00000796,Orlando Health,Orlando,FL,FL,1,True,5,5,2258.0,1.0,1.0,nonprofit,100.0,0,2023 (rev. 2025-09),https://www.ahrq.gov/sites/default/files/wysiwyg/chsp/compendium/chsp-compendium-2023-rev.xlsx,AHRQ Compendium 2023 (system file rev. 2025-09); systems as of end-2023,False,4553979504.0,HCRIS FY2023 (FY2022 fallback); acute member hospitals; G-3 line 3,0,5099844302.0,HCRIS FY2024 (periods beginning 2023-10-01..2024-09-30); acute member CCNs; annualized where needed,0,0,12.0,False,False,False,False,https://data.cms.gov/sites/default/files/2026-09/e85544f7-57ef-477e-9640-313ac0aac400/CostReport_2024_Final.csv,CMS Hospital Provider Cost Report FY2024 (periods beginning 2023-10-01..2024-09-30); file modified 2026-09-29,True,Orlando Health,unchanged,,https://www.orlandohealth.com/content-hub/orlando-health-completes-purchase-of-hospitals-and-physician-practices-in-east-central-florida,,Managed or partnered,High,"Shields partner list (Orlando Health*, Orlando) plus URAC/ACHC records for Scripts Pharmacy",Scripts Pharmacy (Orlando Health Scripts Pharmacy),"Orlando Health, Inc.",URAC SPP010315 Specialty Pharmacy | ACHC 82879 Specialty Pharmacy Services | ACHC 82879 Infusion Pharmacy Services,Shields Health Solutions,https://shieldshealthsolutions.com/about-us/partner-health-systems | https://www.orlandohealth.com/services/scripts-pharmacy/specialty-pharmacy | https://www.urac.org/directory/accreditation-details/?certification=SPP010315,2026-10-02,"Orlando Health also joined Excelera network (LDD access). Rejected NPPES Orlando Health retail sites are system-owned but retail, not accredited specialty.",,
HSI00000812,Parrish Medical Center,Titusville,FL,FL,1,True,1,1,208.0,0.0,1.0,nonprofit,100.0,0,2023 (rev. 2025-09),https://www.ahrq.gov/sites/default/files/wysiwyg/chsp/compendium/chsp-compendium-2023-rev.xlsx,AHRQ Compendium 2023 (system file rev. 2025-09); systems as of end-2023,False,158904578.0,HCRIS FY2023 (FY2022 fallback); acute member hospitals; G-3 line 3,0,187679418.0,HCRIS FY2024 (periods beginning 2023-10-01..2024-09-30); acute member CCNs; annualized where needed,0,0,18.1,False,False,False,False,https://data.cms.gov/sites/default/files/2026-09/e85544f7-57ef-477e-9640-313ac0aac400/CostReport_2024_Final.csv,CMS Hospital Provider Cost Report FY2024 (periods beginning 2023-10-01..2024-09-30); file modified 2026-09-29,True,Parrish Medical Center (Parrish Healthcare),unchanged,,https://www.parrishhealthcare.com/services/pharmacy/,,None found,Medium,Parrish pharmacy page shows only retail pharmacy managed by PharmD on Demand; no specialty pharmacy found; no candidates,Parrish Medical Center Retail Pharmacy,Parrish Healthcare,,,https://www.parrishhealthcare.com/services/pharmacy/ | https://www.parrishhealthcare.com/locations/parrish-infusion-center/,2026-10-02,"Retail pharmacy run in partnership with PharmD on Demand (retail only, not specialty); infusion center only. Settled Health First antitrust dispute in Sept 2024 with partnership, still independent.",,
HSI00000981,Shriners Hospitals for Children,Tampa,FL,CA;FL;HI;IL;LA;MA;MO;OH;OR;PA;SC;TX;UT;WA,14,True,17,3,,,1.0,nonprofit,,1,2023 (rev. 2025-09),https://www.ahrq.gov/sites/default/files/wysiwyg/chsp/compendium/chsp-compendium-2023-rev.xlsx,AHRQ Compendium 2023 (system file rev. 2025-09); systems as of end-2023,True,,HCRIS FY2023 (FY2022 fallback); acute member hospitals; G-3 line 3,3,,HCRIS FY2024 (periods beginning 2023-10-01..2024-09-30); acute member CCNs; annualized where needed,3,0,,True,True,False,False,https://data.cms.gov/sites/default/files/2026-09/e85544f7-57ef-477e-9640-313ac0aac400/CostReport_2024_Final.csv,CMS Hospital Provider Cost Report FY2024 (periods beginning 2023-10-01..2024-09-30); file modified 2026-09-29,True,Shriners Children's,renamed,,https://www.shrinerschildrens.org/en/about,,None found,Low,Own site pages and search show only inpatient/clinical pharmacy; candidate rejected,,,,,https://www.shrinerschildrens.org/en/news-and-media/news/2022/11/spotlight-on-the-pharmacy-team,2026-10-02,"Shriners Hospitals for Children rebranded as Shriners Children's with no ownership change. Site coverage of pharmacy was thin, so absence is weakly supported.",,
HSI00001060,Tallahassee Memorial Healthcare,Tallahassee,FL,FL,1,True,3,3,551.0,0.0,1.0,nonprofit,95.5,1,2023 (rev. 2025-09),https://www.ahrq.gov/sites/default/files/wysiwyg/chsp/compendium/chsp-compendium-2023-rev.xlsx,AHRQ Compendium 2023 (system file rev. 2025-09); systems as of end-2023,True,911315895.0,HCRIS FY2023 (FY2022 fallback); acute member hospitals; G-3 line 3,0,992461227.0,HCRIS FY2024 (periods beginning 2023-10-01..2024-09-30); acute member CCNs; annualized where needed,1,0,8.9,False,True,False,False,https://data.cms.gov/sites/default/files/2026-09/e85544f7-57ef-477e-9640-313ac0aac400/CostReport_2024_Final.csv,CMS Hospital Provider Cost Report FY2024 (periods beginning 2023-10-01..2024-09-30); file modified 2026-09-29,True,Tallahassee Memorial HealthCare (FSU Health),acquired by,Florida State University (FSU Health),https://www.tmh.org/news/city-commission-approves-transfer-city-owned-tallahassee-memorial-healthcare-assets-clearing,2026-04-10,Managed or partnered,High,TMH 2023 press release (ProxsysRx/VytlOne builds and operates specialty pharmacy) plus URAC and ACHC records and TMH specialty pharmacy web page,TMH Specialty Pharmacy,"Tallahassee Memorial Healthcare, Inc.",URAC SPP010384 Specialty Pharmacy | ACHC 97590 Specialty Pharmacy Services,VytlOne (formerly ProxsysRx),https://www.tmh.org/news/2023/tallahassee-memorial-healthcare-selects-proxsysrx-to-provide-retail-and-specialty-pharmacy-services | https://www.tmh.org/services/specialty-pharmacy | https://www.urac.org/directory/accreditation-details/?certification=SPP010384,2023-08-11,"City transferred hospital assets to FSU in April 2026; TMH continues to operate under a long-term lease, so the specialty pharmacy remains TMH's. ProxsysRx (now VytlOne) was contracted in 2023 to build and operate it; the VytlOne site did not confirm the current arrangement.",,
HSI00001121,UF Health,Gainesville,FL,FL,1,True,5,5,2417.0,1.0,1.0,nonprofit,100.0,0,2023 (rev. 2025-09),https://www.ahrq.gov/sites/default/files/wysiwyg/chsp/compendium/chsp-compendium-2023-rev.xlsx,AHRQ Compendium 2023 (system file rev. 2025-09); systems as of end-2023,False,3859495075.0,HCRIS FY2023 (FY2022 fallback); acute member hospitals; G-3 line 3,0,4782124708.0,HCRIS FY2024 (periods beginning 2023-10-01..2024-09-30); acute member CCNs; annualized where needed,0,0,23.9,False,False,False,False,https://data.cms.gov/sites/default/files/2026-09/e85544f7-57ef-477e-9640-313ac0aac400/CostReport_2024_Final.csv,CMS Hospital Provider Cost Report FY2024 (periods beginning 2023-10-01..2024-09-30); file modified 2026-09-29,True,UF Health,unchanged,,https://en.wikipedia.org/wiki/University_of_Florida_Health,,"Owned, accredited",High,"URAC SPP010495 and SPP010371, ACHC 82826, UF Health web page/news; not on Shields list",UF Health Specialty Pharmacy | Shands Jacksonville Ambulatory Pharmacy,"Shands Teaching Hospital & Clinics, Inc.; Shands Jacksonville Medical Center, Inc. (UF Health member hospitals)",URAC SPP010495 Specialty Pharmacy | URAC SPP010371 Specialty Pharmacy | ACHC 82826 Specialty Pharmacy Services,,https://ufhealth.org/news/2023/uf-health-s-specialty-pharmacy-expands-medications-list-accepted-insurance | https://ufhealth.org/locations/uf-health-specialty-pharmacy-2 | https://www.urac.org/directory/accreditation-details/?certification=SPP010495,2023,UF Health news says pharmacy holds URAC and ACHC accreditation. No outside manager found.,,
HSI00001176,University of Miami Health System,Miami,FL,FL,1,True,3,1,,,,missing in AHRQ; nonprofit per member-hospital HCRIS,,0,2023 (rev. 2025-09),https://www.ahrq.gov/sites/default/files/wysiwyg/chsp/compendium/chsp-compendium-2023-rev.xlsx,AHRQ Compendium 2023 (system file rev. 2025-09); systems as of end-2023,False,,HCRIS FY2023 (FY2022 fallback); acute member hospitals; G-3 line 3,1,,HCRIS FY2024 (periods beginning 2023-10-01..2024-09-30); acute member CCNs; annualized where needed,1,0,,True,True,False,False,https://data.cms.gov/sites/default/files/2026-09/e85544f7-57ef-477e-9640-313ac0aac400/CostReport_2024_Final.csv,CMS Hospital Provider Cost Report FY2024 (periods beginning 2023-10-01..2024-09-30); file modified 2026-09-29,True,University of Miami Health System (UHealth),unchanged,,https://themiamihurricane.com/2026/08/04/uhealth-and-unitedhealthcare-reach-agreement-some-medicare-patients-left-behind/,,"Owned, accredited",High,URAC SPP010261 + ACHC 78780 both in University of Miami name; system page confirms UHealth-run pharmacy,UHealth Specialty Pharmacy,University of Miami (parent of UHealth),URAC SPP010261 Specialty Pharmacy | ACHC 78780 Specialty Pharmacy Services,,https://www.urac.org/directory/accreditation-details/?certification=SPP010261 | https://umiamihealth.org/en/uhealth-specialty-pharmacy/health-care-professional-frequently-asked-questions,2026-10-02,"The UHealth FAQ page says seeking national accreditation, which is stale against the URAC and ACHC records. No outside manager found.",,
HSI00000045,Archbold Medical Center,Thomasville,GA,GA,1,True,4,4,293.0,1.0,1.0,nonprofit,100.0,0,2023 (rev. 2025-09),https://www.ahrq.gov/sites/default/files/wysiwyg/chsp/compendium/chsp-compendium-2023-rev.xlsx,AHRQ Compendium 2023 (system file rev. 2025-09); systems as of end-2023,False,415686792.0,HCRIS FY2023 (FY2022 fallback); acute member hospitals; G-3 line 3,0,478951118.0,HCRIS FY2024 (periods beginning 2023-10-01..2024-09-30); acute member CCNs; annualized where needed,0,0,15.2,False,False,False,False,https://data.cms.gov/sites/default/files/2026-09/e85544f7-57ef-477e-9640-313ac0aac400/CostReport_2024_Final.csv,CMS Hospital Provider Cost Report FY2024 (periods beginning 2023-10-01..2024-09-30); file modified 2026-09-29,True,Archbold Medical Center,unchanged,,https://www.archbold.org/about/our-history/,,"Owned, accredited",High,ACHC Specialty Pharmacy Services records plus NPPES specialty taxonomy and Archbold web pages,Archbold Specialty Pharmacy | Archbold Pinetree Pharmacy,"John D. Archbold Memorial Hospital, Inc.",ACHC 96609 Specialty Pharmacy Services | ACHC 95089 Specialty Pharmacy Services,,"https://organization.achc.org/print?legalCompanyName=Archbold%20Specialty%20Pharmacy&dbaCompanyName=John%20D.Archbold%20Memorial%20Hospital,%20Inc&companyID=96609&full_address=ThomasVille,%20GA%2031792&physicalAddress=2705%20E%20Pinetree%20Blvd%20Ste%20D, | https://organization.achc.org/print?legalCompanyName=John%20D.%20Archbold%20Memorial%20Hospital,%20Inc.&dbaCompanyName=Archbold%20Pinetree%20Pharmacy&companyID=95089&full_address=Thomasville,%20GA%2031792&physicalAddress=2705%20East%20Pinetree%20Blvd%20Ste%20F, | https://www.archbold.org/locations/archbold-pinetree-pharmacy/ | https://npiregistry.cms.hhs.gov/provider-view/1215709290",2026-10-02,"Pinetree page also advertises home infusion. Yelp listing showing 'closed' refers to an old building, not the system.",,
HSI00000209,Childrens Healthcare of Atlanta,Atlanta,GA,GA,1,True,2,2,649.0,0.0,1.0,nonprofit,100.0,0,2023 (rev. 2025-09),https://www.ahrq.gov/sites/default/files/wysiwyg/chsp/compendium/chsp-compendium-2023-rev.xlsx,AHRQ Compendium 2023 (system file rev. 2025-09); systems as of end-2023,False,1960961358.0,HCRIS FY2023 (FY2022 fallback); acute member hospitals; G-3 line 3,0,2130608029.0,HCRIS FY2024 (periods beginning 2023-10-01..2024-09-30); acute member CCNs; annualized where needed,0,0,8.7,False,False,False,False,https://data.cms.gov/sites/default/files/2026-09/e85544f7-57ef-477e-9640-313ac0aac400/CostReport_2024_Final.csv,CMS Hospital Provider Cost Report FY2024 (periods beginning 2023-10-01..2024-09-30); file modified 2026-09-29,True,Children's Healthcare of Atlanta,unchanged,,https://www.choa.org/about-us/history,,None found,Low,No candidates; no pharmacy found on choa.org or via search,,,,,,2026-10-02,"Egleston services moved to Arthur M. Blank Hospital in 2024 (consolidation, not closure of the system). Absence based on limited site pages.",,
HSI00000342,Emory Healthcare,Atlanta,GA,GA,1,True,9,7,2250.0,0.0,1.0,nonprofit,78.5,2,2023 (rev. 2025-09),https://www.ahrq.gov/sites/default/files/wysiwyg/chsp/compendium/chsp-compendium-2023-rev.xlsx,AHRQ Compendium 2023 (system file rev. 2025-09); systems as of end-2023,True,4262214506.0,HCRIS FY2023 (FY2022 fallback); acute member hospitals; G-3 line 3,0,2155105492.0,HCRIS FY2024 (periods beginning 2023-10-01..2024-09-30); acute member CCNs; annualized where needed,5,0,-49.4,False,True,True,False,https://data.cms.gov/sites/default/files/2026-09/e85544f7-57ef-477e-9640-313ac0aac400/CostReport_2024_Final.csv,CMS Hospital Provider Cost Report FY2024 (periods beginning 2023-10-01..2024-09-30); file modified 2026-09-29,True,Emory Healthcare,unchanged,,https://news.emory.edu/stories/2025/06/hs_ehc_houston_hc_integration_celebrations_02-06-2025/story.html,,"Owned, accredited",High,URAC SPP010555 (Emory University dba EUH Midtown) plus Emory web page and NPPES 1427669670,Emory Specialty Pharmacy | Winship at Emory Midtown Home Health Pharmacy,"Emory University, Inc. d/b/a Emory University Hospital Midtown (Emory parent/member)",URAC SPP010555 Specialty Pharmacy | ACHC 97003 Infusion Pharmacy Services,,https://www.urac.org/directory/accreditation-details/?certification=SPP010555 | https://www.emoryhealthcare.org/services/pharmacy/specialty/faq,2026-10-02,Not on Shields list. ACHC record is infusion only; it is the same Midtown site.,,
HSI00000444,Hamilton Health Care System,Dalton,GA,GA,1,True,1,1,239.0,0.0,2.0,church-operated,100.0,0,2023 (rev. 2025-09),https://www.ahrq.gov/sites/default/files/wysiwyg/chsp/compendium/chsp-compendium-2023-rev.xlsx,AHRQ Compendium 2023 (system file rev. 2025-09); systems as of end-2023,False,373972455.0,HCRIS FY2023 (FY2022 fallback); acute member hospitals; G-3 line 3,0,406128800.0,HCRIS FY2024 (periods beginning 2023-10-01..2024-09-30); acute member CCNs; annualized where needed,0,0,8.6,False,False,False,False,https://data.cms.gov/sites/default/files/2026-09/e85544f7-57ef-477e-9640-313ac0aac400/CostReport_2024_Final.csv,CMS Hospital Provider Cost Report FY2024 (periods beginning 2023-10-01..2024-09-30); file modified 2026-09-29,True,Vitruvian Health,renamed,,https://vitruvianhealth.com/hamilton-health-care-system-rebrands-to-vitruvian-health/,2024-07-26,"Owned, not accredited",Medium,"System web page (Vitruvian Health pharmacy page) plus NPPES record under Hamilton Medical Center, Inc.; no URAC/ACHC found",Hamilton Specialty Pharmacy,"Hamilton Medical Center, Inc.",,,https://vitruvianhealth.com/services/pharmacy/ | https://npiregistry.cms.hhs.gov/provider-view/1215881040,2026-10-02,"Renamed Vitruvian Health in July 2024 (also bought Tennova Cleveland, now Bradley Medical Center); not on Shields list. Web page does not state accreditation or an outside manager.",,
HSI00000759,Northeast Georgia Health System,Gainesville,GA,GA,1,True,5,5,771.0,0.0,1.0,nonprofit,93.1,1,2023 (rev. 2025-09),https://www.ahrq.gov/sites/default/files/wysiwyg/chsp/compendium/chsp-compendium-2023-rev.xlsx,AHRQ Compendium 2023 (system file rev. 2025-09); systems as of end-2023,True,1852696587.0,HCRIS FY2023 (FY2022 fallback); acute member hospitals; G-3 line 3,1,1968651297.0,HCRIS FY2024 (periods beginning 2023-10-01..2024-09-30); acute member CCNs; annualized where needed,1,0,6.3,False,True,False,False,https://data.cms.gov/sites/default/files/2026-09/e85544f7-57ef-477e-9640-313ac0aac400/CostReport_2024_Final.csv,CMS Hospital Provider Cost Report FY2024 (periods beginning 2023-10-01..2024-09-30); file modified 2026-09-29,True,Northeast Georgia Health System,unchanged,,https://www.nghs.com/2025/04/30/longstreet-clinic-and-nghs-reach-definitive-agreement-to-join-forces,,None found,Medium,"No candidates; NGHS pharmacy page lists only 3 retail pharmacies, no specialty or pharmacy-run infusion",,,,,https://www.nghs.com/patient-visitor/community-health-resources/pharmacy | https://www.nghs.com/programs-services/home-health,2026-10-02,"Remains independent; the pending Longstreet Clinic physician-group merger does not change status. Home Health lists infusion therapy, but no pharmacy or specialty dispensing was found.",,
HSI00000766,Northside Hospital,Atlanta,GA,GA,1,True,5,5,1908.0,0.0,1.0,nonprofit,100.0,0,2023 (rev. 2025-09),https://www.ahrq.gov/sites/default/files/wysiwyg/chsp/compendium/chsp-compendium-2023-rev.xlsx,AHRQ Compendium 2023 (system file rev. 2025-09); systems as of end-2023,False,5599674392.0,HCRIS FY2023 (FY2022 fallback); acute member hospitals; G-3 line 3,0,6646162432.0,HCRIS FY2024 (periods beginning 2023-10-01..2024-09-30); acute member CCNs; annualized where needed,0,0,18.7,False,False,False,False,https://data.cms.gov/sites/default/files/2026-09/e85544f7-57ef-477e-9640-313ac0aac400/CostReport_2024_Final.csv,CMS Hospital Provider Cost Report FY2024 (periods beginning 2023-10-01..2024-09-30); file modified 2026-09-29,True,Northside Hospital System,unchanged,,https://healthcare.levinassociates.com/2026/09/23/northside-hospital-expands-network-in-georgia-with-two-acquisitions/,,Infusion or home infusion only,Low,own site (curl): Gwinnett Infusion Center page lists an infusion pharmacy in the center; no specialty pharmacy or accreditation found; not on Shields list,Northside Hospital Home Care Pharmacy | Northside Hospital Pharmacy at Meridian Mark | Gwinnett Infusion Center infusion pharmacy,Northside Hospital,,,https://www.northside.com/locations/northside-hospital-gwinnett-infusion-center | https://www.northside.com/services/medical-services,2026-10-02,"Own site read via curl: only an in-center outpatient infusion pharmacy is named. No specialty pharmacy page or accreditation found, so confidence is low.",,
HSI00000823,Phoebe Putney Health Systems,Albany,GA,GA,1,True,5,5,465.0,0.0,1.0,nonprofit,89.7,1,2023 (rev. 2025-09),https://www.ahrq.gov/sites/default/files/wysiwyg/chsp/compendium/chsp-compendium-2023-rev.xlsx,AHRQ Compendium 2023 (system file rev. 2025-09); systems as of end-2023,True,815643714.0,HCRIS FY2023 (FY2022 fallback); acute member hospitals; G-3 line 3,1,,HCRIS FY2024 (periods beginning 2023-10-01..2024-09-30); acute member CCNs; annualized where needed,5,0,,False,True,False,False,https://data.cms.gov/sites/default/files/2026-09/e85544f7-57ef-477e-9640-313ac0aac400/CostReport_2024_Final.csv,CMS Hospital Provider Cost Report FY2024 (periods beginning 2023-10-01..2024-09-30); file modified 2026-09-29,True,Phoebe Putney Health System,unchanged,,https://www.msm.edu/RSSFeedArticles/2025/February/phoebe-msm.php,,"Owned, accredited",High,"URAC SPP010576 and ACHC 98260 held by Phoebe Putney Memorial Hospital Inc. dba Phoebe Specialty Pharmacy, plus NPPES",Phoebe Specialty Pharmacy,"Phoebe Putney Memorial Hospital, Inc.",URAC SPP010576 Specialty Pharmacy | ACHC 98260 Specialty Pharmacy Services,,https://www.urac.org/directory/accreditation-details/?certification=SPP010576 | https://npiregistry.cms.hhs.gov/provider-view/1891315420,2026-10-02,Rebranded but same legal structure; no merger found. Not on Shields list.,,
HSI00000826,Piedmont Healthcare,Atlanta,GA,GA,1,True,19,18,3643.0,1.0,1.0,nonprofit,80.4,3,2023 (rev. 2025-09),https://www.ahrq.gov/sites/default/files/wysiwyg/chsp/compendium/chsp-compendium-2023-rev.xlsx,AHRQ Compendium 2023 (system file rev. 2025-09); systems as of end-2023,True,5662130080.0,HCRIS FY2023 (FY2022 fallback); acute member hospitals; G-3 line 3,1,7291888395.0,HCRIS FY2024 (periods beginning 2023-10-01..2024-09-30); acute member CCNs; annualized where needed,1,0,28.8,False,True,True,False,https://data.cms.gov/sites/default/files/2026-09/e85544f7-57ef-477e-9640-313ac0aac400/CostReport_2024_Final.csv,CMS Hospital Provider Cost Report FY2024 (periods beginning 2023-10-01..2024-09-30); file modified 2026-09-29,True,Piedmont Healthcare,unchanged,,https://www.piedmont.org/about-piedmont,,Managed or partnered,High,"Shields partner list (Piedmont Healthcare, Atlanta); URAC/ACHC accreditation recorded",Piedmont Direct Pharmacy | Piedmont Specialty Pharmacy South,"Piedmont Direct Pharmacy, LLC (system subsidiary); The Medical Center, Inc. (Piedmont Columbus Regional)",URAC SPP010448 Specialty Pharmacy | ACHC 82551 Specialty Pharmacy Services | ACHC 100067 Specialty Pharmacy Services,Shields Health Solutions,https://www.piedmont.org/medical-services/direct-pharmacy | https://www.piedmont.org/news/ribbon-cutting-held-for-new-piedmont-specialty-pharmacy | https://www.urac.org/directory/accreditation-details/?certification=SPP010448 | https://shieldshealthsolutions.com/about-us/partner-health-systems,2026-10-02,"Piedmont Cancer Institute pharmacy is a physician-practice entity, possibly affiliated; not counted.",,
HSI00000927,Saint Josephs Candler Health System,Savannah,GA,GA,1,True,2,2,451.0,0.0,1.0,nonprofit,100.0,0,2023 (rev. 2025-09),https://www.ahrq.gov/sites/default/files/wysiwyg/chsp/compendium/chsp-compendium-2023-rev.xlsx,AHRQ Compendium 2023 (system file rev. 2025-09); systems as of end-2023,False,741400079.0,HCRIS FY2023 (FY2022 fallback); acute member hospitals; G-3 line 3,0,859675749.0,HCRIS FY2024 (periods beginning 2023-10-01..2024-09-30); acute member CCNs; annualized where needed,0,0,16.0,False,False,False,False,https://data.cms.gov/sites/default/files/2026-09/e85544f7-57ef-477e-9640-313ac0aac400/CostReport_2024_Final.csv,CMS Hospital Provider Cost Report FY2024 (periods beginning 2023-10-01..2024-09-30); file modified 2026-09-29,True,St. Joseph's/Candler,unchanged,,https://www.sjchs.org/,,"Owned, accredited",High,URAC SPP010595 + ACHC 93743 + system web page (ACHC seal) + NPPES,Candler Specialty Pharmacy | Candler Prescription Center,"Candler Hospital, Inc. (member hospital)",URAC SPP010595 Specialty Pharmacy | ACHC 93743 Specialty Pharmacy Services,,https://www.sjchs.org/services/service-list/candler-specialty-pharmacy | https://www.urac.org/directory/accreditation-details/?certification=SPP010595 | https://npiregistry.cms.hhs.gov/provider-view/1942383674,2026-10-02,Not on Shields list; no outside manager named on system page.,,
HSI00001006,Southeast Georgia Health System,Brunswick,GA,GA,1,True,2,2,340.0,0.0,1.0,nonprofit,100.0,0,2023 (rev. 2025-09),https://www.ahrq.gov/sites/default/files/wysiwyg/chsp/compendium/chsp-compendium-2023-rev.xlsx,AHRQ Compendium 2023 (system file rev. 2025-09); systems as of end-2023,False,368868954.0,HCRIS FY2023 (FY2022 fallback); acute member hospitals; G-3 line 3,0,444361633.0,HCRIS FY2024 (periods beginning 2023-10-01..2024-09-30); acute member CCNs; annualized where needed,0,0,20.5,False,False,False,False,https://data.cms.gov/sites/default/files/2026-09/e85544f7-57ef-477e-9640-313ac0aac400/CostReport_2024_Final.csv,CMS Hospital Provider Cost Report FY2024 (periods beginning 2023-10-01..2024-09-30); file modified 2026-09-29,True,Southeast Georgia Health System,unchanged,,https://www.sghs.org/about-us/history/,,None found,Medium,"sghs.org Medicine Cabinet (retail) and Infusion Services pages read via curl: only a retail outpatient pharmacy and outpatient infusion centers, no specialty or home infusion",The Medicine Cabinet (retail pharmacy),Southeast Georgia Health System,,,https://www.sghs.org/locations/the-medicine-cabinet-pharmacy/ | https://www.sghs.org/services/infusion-services/,2026-10-02,No URAC/ACHC/NPPES candidates and no specialty content on pages read. Status evidence URL is the history page; no change found by search.,,
HSI00001061,Tanner Health System,Carrollton,GA,AL;GA,2,True,4,4,292.0,0.0,1.0,nonprofit,100.0,0,2023 (rev. 2025-09),https://www.ahrq.gov/sites/default/files/wysiwyg/chsp/compendium/chsp-compendium-2023-rev.xlsx,AHRQ Compendium 2023 (system file rev. 2025-09); systems as of end-2023,False,653561990.0,HCRIS FY2023 (FY2022 fallback); acute member hospitals; G-3 line 3,0,774578098.0,HCRIS FY2024 (periods beginning 2023-10-01..2024-09-30); acute member CCNs; annualized where needed,0,0,18.5,False,False,False,False,https://data.cms.gov/sites/default/files/2026-09/e85544f7-57ef-477e-9640-313ac0aac400/CostReport_2024_Final.csv,CMS Hospital Provider Cost Report FY2024 (periods beginning 2023-10-01..2024-09-30); file modified 2026-09-29,True,Tanner Health,unchanged,,https://www.tanner.org/about-us/our-story,2024,"Owned, not accredited",Medium,Tanner web page for Tanner Specialty Pharmacy plus NPPES record; no accreditation found,Tanner Specialty Pharmacy,"TMC/Villa Rica Hospital, Inc. (Tanner subsidiary)",,,https://www.tanner.org/tanner-specialty-pharmacy | https://npiregistry.cms.hhs.gov/provider-view/1043160575,2026-10-02,Page says the pharmacy is 'opening soon' while search listing shows it operating at 300 Glen Eagle Ct; no URAC/ACHC candidate. Renamed Tanner Health in 2024 branding only.,,
HSI00001097,Tift Regional Medical Center,Tifton,GA,GA,1,True,2,2,189.0,0.0,1.0,nonprofit,100.0,0,2023 (rev. 2025-09),https://www.ahrq.gov/sites/default/files/wysiwyg/chsp/compendium/chsp-compendium-2023-rev.xlsx,AHRQ Compendium 2023 (system file rev. 2025-09); systems as of end-2023,False,442674120.0,HCRIS FY2023 (FY2022 fallback); acute member hospitals; G-3 line 3,0,469888747.0,HCRIS FY2024 (periods beginning 2023-10-01..2024-09-30); acute member CCNs; annualized where needed,0,0,6.1,False,False,False,False,https://data.cms.gov/sites/default/files/2026-09/e85544f7-57ef-477e-9640-313ac0aac400/CostReport_2024_Final.csv,CMS Hospital Provider Cost Report FY2024 (periods beginning 2023-10-01..2024-09-30); file modified 2026-09-29,True,Tift Regional Health System (Southwell),unchanged,,https://mysouthwell.com/services/pharmacy/,,"Owned, not accredited",Low,Third-party pharmacy listings for Tift Regional Specialty Pharmacy; no URAC/ACHC/NPPES candidate; own site pharmacy page does not mention specialty,Tift Regional Specialty Pharmacy | Southwell Pharmacy,"Tift Regional Health System, Inc.",,,https://www.healthgrades.com/pharmacy/tift-regional-specialty-pharmacy-pbd5vw | https://mysouthwell.com/services/pharmacy/,2026-10-02,"Specialty pharmacy at 1623 Madison Ave is known only from directory listings, not the system's own page; status search returned no relevant change. Not on Shields list.",,
HSI00000455,Hawaii Pacific Health,Honolulu,HI,HI,1,True,4,4,602.0,0.0,1.0,nonprofit,100.0,0,2023 (rev. 2025-09),https://www.ahrq.gov/sites/default/files/wysiwyg/chsp/compendium/chsp-compendium-2023-rev.xlsx,AHRQ Compendium 2023 (system file rev. 2025-09); systems as of end-2023,False,1430498141.0,HCRIS FY2023 (FY2022 fallback); acute member hospitals; G-3 line 3,0,1547120284.0,HCRIS FY2024 (periods beginning 2023-10-01..2024-09-30); acute member CCNs; annualized where needed,0,0,8.2,False,False,False,False,https://data.cms.gov/sites/default/files/2026-09/e85544f7-57ef-477e-9640-313ac0aac400/CostReport_2024_Final.csv,CMS Hospital Provider Cost Report FY2024 (periods beginning 2023-10-01..2024-09-30); file modified 2026-09-29,True,Hawaii Pacific Health,unchanged,,https://www.hawaiinewsnow.com/2026/01/07/hmsa-plans-merger-with-hawaii-pacific-health-hospitals/,,"Owned, accredited",High,URAC SPP010160 + ACHC 89534 + NPPES primary specialty + HPH pharmacy web page,Hawaii Pacific Health Specialty Pharmacy,Straub Clinic & Hospital (HPH member hospital),URAC SPP010160 Specialty Pharmacy | ACHC 89534 Specialty Pharmacy Services,,https://www.urac.org/directory/accreditation-details/?certification=SPP010160 | https://www.hawaiipacifichealth.org/services/pharmacy/ | https://npiregistry.cms.hhs.gov/provider-view/1629836903,2026-10-02,No outside manager found. HMSA affiliation (One Health Hawaii) is under regulatory review but HPH remains an independent nonprofit.,,
HSI00000554,Kuakini Health System,Honolulu,HI,HI,1,True,1,1,170.0,0.0,1.0,nonprofit,100.0,0,2023 (rev. 2025-09),https://www.ahrq.gov/sites/default/files/wysiwyg/chsp/compendium/chsp-compendium-2023-rev.xlsx,AHRQ Compendium 2023 (system file rev. 2025-09); systems as of end-2023,False,144679855.0,HCRIS FY2023 (FY2022 fallback); acute member hospitals; G-3 line 3,0,152591190.0,HCRIS FY2024 (periods beginning 2023-10-01..2024-09-30); acute member CCNs; annualized where needed,0,0,5.5,False,False,False,False,https://data.cms.gov/sites/default/files/2026-09/e85544f7-57ef-477e-9640-313ac0aac400/CostReport_2024_Final.csv,CMS Hospital Provider Cost Report FY2024 (periods beginning 2023-10-01..2024-09-30); file modified 2026-09-29,True,Kuakini Health System,unchanged,,https://www.kuakini.org/wps/portal/public/About-Us/Subsidiaries/Kuakini-Medical-Center,,None found,Low,Own-site Kuakini Plaza Pharmacy page shows retail only; no candidates; not on Shields list,Kuakini Plaza Pharmacy,Kuakini Health System,,,https://www.kuakini.org/wps/portal/public/Programs-Services/Kuakini-Plaza-Pharmacy,2026-10-02,"A third-party listing shows 'Plaza Drug Specialty Care' at the same address (321 N Kuakini St); unverified, so confidence is Low. Infusion exists only as outpatient infusion center.",,
HSI00001087,The Queens Health Systems,Honolulu,HI,HI,1,True,4,4,722.0,0.0,1.0,nonprofit,100.0,0,2023 (rev. 2025-09),https://www.ahrq.gov/sites/default/files/wysiwyg/chsp/compendium/chsp-compendium-2023-rev.xlsx,AHRQ Compendium 2023 (system file rev. 2025-09); systems as of end-2023,False,1538514026.0,HCRIS FY2023 (FY2022 fallback); acute member hospitals; G-3 line 3,1,1776859852.0,HCRIS FY2024 (periods beginning 2023-10-01..2024-09-30); acute member CCNs; annualized where needed,1,0,15.5,False,True,False,False,https://data.cms.gov/sites/default/files/2026-09/e85544f7-57ef-477e-9640-313ac0aac400/CostReport_2024_Final.csv,CMS Hospital Provider Cost Report FY2024 (periods beginning 2023-10-01..2024-09-30); file modified 2026-09-29,True,The Queen's Health Systems,unchanged,,https://www.queens.org/locations/,,"Owned, accredited",High,URAC SPP010184 + ACHC 89915 + system web page (Queen's POB 3 Pharmacy),Queen's POB 3 Pharmacy,Queen's Development Corporation (system subsidiary),URAC SPP010184 Specialty Pharmacy | ACHC 89915 Specialty Pharmacy Services,,https://www.queens.org/locations/hospitals/qmc/services/pharmacy/ | https://www.urac.org/directory/accreditation-details/?certification=SPP010184,2026-10-02,Expanding via acquisitions (Wahiawa renamed Queen's Medical Center-Wahiawa) but Queen's itself unchanged.,,
HSI00000421,Great River Health Systems,West Burlington,IA,IA,1,True,1,1,174.0,0.0,1.0,nonprofit,100.0,0,2023 (rev. 2025-09),https://www.ahrq.gov/sites/default/files/wysiwyg/chsp/compendium/chsp-compendium-2023-rev.xlsx,AHRQ Compendium 2023 (system file rev. 2025-09); systems as of end-2023,False,302076366.0,HCRIS FY2023 (FY2022 fallback); acute member hospitals; G-3 line 3,0,409640854.0,HCRIS FY2024 (periods beginning 2023-10-01..2024-09-30); acute member CCNs; annualized where needed,0,0,35.6,False,False,True,False,https://data.cms.gov/sites/default/files/2026-09/e85544f7-57ef-477e-9640-313ac0aac400/CostReport_2024_Final.csv,CMS Hospital Provider Cost Report FY2024 (periods beginning 2023-10-01..2024-09-30); file modified 2026-09-29,True,Great River Health,unchanged,,https://www.greatriverhealth.org/about-us/,,"Owned, not accredited",Medium,System website pages (search results) list a Specialty Pharmacy at SIRMC West Burlington; no accreditation found,Specialty Pharmacy - Southeast Iowa Regional Medical Center | Heritage Family Pharmacy | Heritage Park Pharmacy | Heritage Partners Pharmacy,Great River Health (system),,,https://www.greatriverhealth.org/locations/specialty-pharmacy/ | https://www.greatriverhealth.org/health-services/pharmacies/,2026-10-02,"Hospitals merged into Southeast Iowa Regional Medical Center in 2021; system name unchanged. Direct page fetches returned 403, so accreditation absence is based on search snippets and no URAC/ACHC candidates; not on Shields list.",,
HSI00000666,Mercy Medical Center,Cedar Rapids,IA,IA,1,True,1,1,216.0,0.0,2.0,church-operated,100.0,0,2023 (rev. 2025-09),https://www.ahrq.gov/sites/default/files/wysiwyg/chsp/compendium/chsp-compendium-2023-rev.xlsx,AHRQ Compendium 2023 (system file rev. 2025-09); systems as of end-2023,False,401057000.0,HCRIS FY2023 (FY2022 fallback); acute member hospitals; G-3 line 3,0,507673151.0,HCRIS FY2024 (periods beginning 2023-10-01..2024-09-30); acute member CCNs; annualized where needed,0,0,26.6,False,False,True,False,https://data.cms.gov/sites/default/files/2026-09/e85544f7-57ef-477e-9640-313ac0aac400/CostReport_2024_Final.csv,CMS Hospital Provider Cost Report FY2024 (periods beginning 2023-10-01..2024-09-30); file modified 2026-09-29,True,Mercy Medical Center,unchanged,,https://www.mercycare.org/services/pharmacy/,,None found,Medium,"Own pharmacy page read (browser): inpatient pharmacy supporting Hall-Perrine Cancer Center and hospice; no specialty, home infusion or retail outpatient pharmacy described",Mercy Pharmacy (inpatient),Mercy Medical Center,,,https://www.mercycare.org/services/pharmacy/,2026-10-02,"mercy.net and Mercyhealth specialty pharmacy hits are different systems. Hall-Perrine outpatient take-home dispensing, if any, is not described as specialty.",,
HSI00000815,Pella Regional Health Center,Pella,IA,IA,1,True,1,1,25.0,0.0,1.0,nonprofit,100.0,0,2023 (rev. 2025-09),https://www.ahrq.gov/sites/default/files/wysiwyg/chsp/compendium/chsp-compendium-2023-rev.xlsx,AHRQ Compendium 2023 (system file rev. 2025-09); systems as of end-2023,False,125839069.0,HCRIS FY2023 (FY2022 fallback); acute member hospitals; G-3 line 3,0,132156181.0,HCRIS FY2024 (periods beginning 2023-10-01..2024-09-30); acute member CCNs; annualized where needed,0,0,5.0,False,False,False,False,https://data.cms.gov/sites/default/files/2026-09/e85544f7-57ef-477e-9640-313ac0aac400/CostReport_2024_Final.csv,CMS Hospital Provider Cost Report FY2024 (periods beginning 2023-10-01..2024-09-30); file modified 2026-09-29,True,Pella Regional Health Center,unchanged,,https://www.pellahealth.org/about-us/,,"Owned, accredited",Medium,URAC Specialty Pharmacy record SPP010129 held by the hospital itself,Pella Regional Health Center Pharmacy,Pella Regional Health Center,URAC SPP010129 Specialty Pharmacy,,https://www.urac.org/directory/accreditation-details/?certification=SPP010129 | https://www.pellaregionalpharmacy.com/,2026-10-02,"Web pages did not mention specialty services explicitly (site fetch blocked), so confidence is Medium on the URAC record alone. No outside manager found; hospital not on Shields list.",,
HSI00001146,Unitypoint Health,West Des Moines,IA,IA;IL;WI,3,True,29,29,2413.0,1.0,1.0,nonprofit,89.3,11,2023 (rev. 2025-09),https://www.ahrq.gov/sites/default/files/wysiwyg/chsp/compendium/chsp-compendium-2023-rev.xlsx,AHRQ Compendium 2023 (system file rev. 2025-09); systems as of end-2023,True,4048533729.0,HCRIS FY2023 (FY2022 fallback); acute member hospitals; G-3 line 3,1,4559753705.0,HCRIS FY2024 (periods beginning 2023-10-01..2024-09-30); acute member CCNs; annualized where needed,1,0,12.6,False,True,False,False,https://data.cms.gov/sites/default/files/2026-09/e85544f7-57ef-477e-9640-313ac0aac400/CostReport_2024_Final.csv,CMS Hospital Provider Cost Report FY2024 (periods beginning 2023-10-01..2024-09-30); file modified 2026-09-29,True,UnityPoint Health,unchanged,,https://shieldshealthsolutions.com/shields-health-solutions-and-unitypoint-at-home-extend-collaboration-providing-patients-and-families-enhanced-specialty-pharmacy-services/,,Managed or partnered,High,"Shields partner list (rule); Shields/UnityPoint at Home 2024 press release; URAC SPP010574, ACHC 93654",UnityPoint at Home Specialty Pharmacy,UnityPoint at Home (UnityPoint Health subsidiary),URAC SPP010574 Specialty Pharmacy | ACHC 93654 Specialty Pharmacy Services | ACHC 93654 Infusion Pharmacy Services | ACHC 93654 Home Infusion Therapy,Shields Health Solutions,https://shieldshealthsolutions.com/about-us/partner-health-systems | https://www.businesswire.com/news/home/20240730014610/en/Shields-Health-Solutions-and-UnityPoint-at-Home-Extend-Collaboration-Providing-Patients-and-Families-Enhanced-Specialty-Pharmacy-Services | https://www.urac.org/directory/accreditation-details/?certification=SPP010574,2024-07-30,"Partnership with Shields since 2017, expanded July 2024.",,
HSI00000071,BMH,Blackfoot,ID,ID,1,True,2,1,25.0,0.0,1.0,nonprofit,100.0,0,2023 (rev. 2025-09),https://www.ahrq.gov/sites/default/files/wysiwyg/chsp/compendium/chsp-compendium-2023-rev.xlsx,AHRQ Compendium 2023 (system file rev. 2025-09); systems as of end-2023,False,168612827.0,HCRIS FY2023 (FY2022 fallback); acute member hospitals; G-3 line 3,0,178919327.0,HCRIS FY2024 (periods beginning 2023-10-01..2024-09-30); acute member CCNs; annualized where needed,0,0,6.1,False,False,False,False,https://data.cms.gov/sites/default/files/2026-09/e85544f7-57ef-477e-9640-313ac0aac400/CostReport_2024_Final.csv,CMS Hospital Provider Cost Report FY2024 (periods beginning 2023-10-01..2024-09-30); file modified 2026-09-29,True,Bingham Memorial Hospital (Bingham Healthcare),unchanged,,https://en.wikipedia.org/wiki/Bingham_Memorial_Hospital,,"Owned, accredited",High,ACHC Specialty Pharmacy Services record 99748 plus Bingham Healthcare specialty pharmacy web page,Bingham Healthcare Specialty Pharmacy | Bingham Memorial Hospital Pharmacy,"BMH, Inc. (Bingham Memorial Hospital)",ACHC 99748 Specialty Pharmacy Services,,"https://binghamhealthcare.org/service/specialty-pharmacy/ | https://organization.achc.org/print?legalCompanyName=BMH,%20Inc.&dbaCompanyName=Bingham%20Memorial%20Hospital&companyID=99748&full_address=Blackfoot,%20ID%2083221&physicalAddress=98%20Poplar%20St., | https://npiregistry.cms.hhs.gov/provider-view/1730174830",2026-10-02,System renamed informally to Bingham Healthcare but unchanged in structure. No outside manager mentioned; not on Shields list.,,
HSI00000553,Kootenai Health,Coeur D Alene,ID,ID,1,True,2,2,349.0,0.0,1.0,nonprofit,100.0,0,2023 (rev. 2025-09),https://www.ahrq.gov/sites/default/files/wysiwyg/chsp/compendium/chsp-compendium-2023-rev.xlsx,AHRQ Compendium 2023 (system file rev. 2025-09); systems as of end-2023,False,739144018.0,HCRIS FY2023 (FY2022 fallback); acute member hospitals; G-3 line 3,0,838877946.0,HCRIS FY2024 (periods beginning 2023-10-01..2024-09-30); acute member CCNs; annualized where needed,0,0,13.5,False,False,False,False,https://data.cms.gov/sites/default/files/2026-09/e85544f7-57ef-477e-9640-313ac0aac400/CostReport_2024_Final.csv,CMS Hospital Provider Cost Report FY2024 (periods beginning 2023-10-01..2024-09-30); file modified 2026-09-29,True,Kootenai Health,unchanged,,https://www.kh.org/facts-and-community-reports/,,"Owned, accredited",High,URAC SPP010643 and ACHC 79537 agree; NPPES corroborates,Kootenai Clinics Cancer Services Pharmacy | Kootenai Health Specialty Pharmacy,"Kootenai Health, Inc.",URAC SPP010643 Specialty Pharmacy | ACHC 79537 Specialty Pharmacy Services,,https://www.urac.org/directory/accreditation-details/?certification=SPP010643 | https://organization.achc.org/print?legalCompanyName=Kootenai%20Health%20Inc.&dbaCompanyName=Kootenai%20Clinic%20Cancer%20Services%20Pharmacy&companyID=79537,2026-10-02,"Converted from hospital district to 501(c)(3) in 2024 and is in a MultiCare campus JV (not pharmacy-related). Status URL is from search results, not directly fetched.",,
HSI00000934,Saint Lukes,Boise,ID,ID,1,True,9,8,921.0,0.0,1.0,nonprofit,97.4,1,2023 (rev. 2025-09),https://www.ahrq.gov/sites/default/files/wysiwyg/chsp/compendium/chsp-compendium-2023-rev.xlsx,AHRQ Compendium 2023 (system file rev. 2025-09); systems as of end-2023,True,3177469674.0,HCRIS FY2023 (FY2022 fallback); acute member hospitals; G-3 line 3,0,3521280735.0,HCRIS FY2024 (periods beginning 2023-10-01..2024-09-30); acute member CCNs; annualized where needed,0,0,10.8,False,False,False,False,https://data.cms.gov/sites/default/files/2026-09/e85544f7-57ef-477e-9640-313ac0aac400/CostReport_2024_Final.csv,CMS Hospital Provider Cost Report FY2024 (periods beginning 2023-10-01..2024-09-30); file modified 2026-09-29,True,St. Luke's Health System (Idaho),unchanged,,https://stlukesonline.org/en/get-care/locations/pharmacies/st-lukes-specialty-pharmacy-boise/,,"Owned, accredited",High,"URAC SPP010655, NPPES specialty record and St. Luke's specialty pharmacy web page",St. Luke's Specialty Pharmacy: Boise,St. Luke's Health System (St. Luke's Regional Medical Center),URAC SPP010655 Specialty Pharmacy,,https://stlukesonline.org/en/get-care/locations/pharmacies/st-lukes-specialty-pharmacy-boise/ | https://www.urac.org/directory/accreditation-details/?certification=SPP010655,2026-10-02,"Idaho system, not Saint Luke's of Kansas City (which merged into BJC). No Shields listing.",,
HSI00001473,Anderson Medical Group,Maryville,IL,IL,1,True,1,1,144.0,0.0,1.0,nonprofit,100.0,0,2023 (rev. 2025-09),https://www.ahrq.gov/sites/default/files/wysiwyg/chsp/compendium/chsp-compendium-2023-rev.xlsx,AHRQ Compendium 2023 (system file rev. 2025-09); systems as of end-2023,False,182086894.0,HCRIS FY2023 (FY2022 fallback); acute member hospitals; G-3 line 3,0,193203237.0,HCRIS FY2024 (periods beginning 2023-10-01..2024-09-30); acute member CCNs; annualized where needed,0,0,6.1,False,False,False,False,https://data.cms.gov/sites/default/files/2026-09/e85544f7-57ef-477e-9640-313ac0aac400/CostReport_2024_Final.csv,CMS Hospital Provider Cost Report FY2024 (periods beginning 2023-10-01..2024-09-30); file modified 2026-09-29,True,Anderson Hospital,unchanged,,https://hfsrb.illinois.gov/announcements/24-043--anderson-hospital--maryville.html,,None found,Low,"No candidates; Anderson Hospital website lists infusion suite and home health only, no pharmacy",,,,,https://andersonhospital.org/medical-services/ | https://andersonhospital.org/news-events/anderson-hospital-infusion-suite-continues-service-at-the-warren-billhartz-cancer-center/,2026-10-02,Independent not-for-profit still operating in 2025. Only an outpatient infusion suite (administration) was found.,,
HSI00000036,Ann and Robert H Lurie Childrens Hospital of Chicago,Chicago,IL,IL,1,True,1,1,364.0,0.0,1.0,nonprofit,100.0,0,2023 (rev. 2025-09),https://www.ahrq.gov/sites/default/files/wysiwyg/chsp/compendium/chsp-compendium-2023-rev.xlsx,AHRQ Compendium 2023 (system file rev. 2025-09); systems as of end-2023,False,1168670090.0,HCRIS FY2023 (FY2022 fallback); acute member hospitals; G-3 line 3,0,1318542613.0,HCRIS FY2024 (periods beginning 2023-10-01..2024-09-30); acute member CCNs; annualized where needed,0,0,12.8,False,False,False,False,https://data.cms.gov/sites/default/files/2026-09/e85544f7-57ef-477e-9640-313ac0aac400/CostReport_2024_Final.csv,CMS Hospital Provider Cost Report FY2024 (periods beginning 2023-10-01..2024-09-30); file modified 2026-09-29,True,Ann & Robert H. Lurie Children's Hospital of Chicago,unchanged,,https://www.luriechildrens.org/en/contact-us/for-media/news-clips/,,Managed or partnered,Medium,"Press release (PR Newswire 2026-08-13) and trade press: Clearway Health plans, builds and operates Lurie's specialty pharmacy; NPPES agrees",Lurie Children's Specialty Pharmacy,Ann & Robert H. Lurie Children's Hospital of Chicago,,Clearway Health,http://www.prnewswire.com/news-releases/ann--robert-h-lurie-childrens-hospital-of-chicago-and-clearway-health-celebrate-opening-of-hospitals-first-specialty-pharmacy-302850139.html | https://www.dailyherald.com/20260814/business/lurie-childrens-hospital-opens-its-first-specialty-pharmacy-in-schaumburg/ | https://npiregistry.cms.hhs.gov/provider-view/1912874959,2026-08-13,"Pharmacy opened Aug 2026 at 1895 Arbor Glen Blvd, Schaumburg; no URAC/ACHC record found yet. NPI 1477420412 is a secondary-taxonomy duplicate at same address.",,
HSI00000117,Blessing Health System,Quincy,IL,IL,1,True,2,2,334.0,0.0,1.0,nonprofit,100.0,0,2023 (rev. 2025-09),https://www.ahrq.gov/sites/default/files/wysiwyg/chsp/compendium/chsp-compendium-2023-rev.xlsx,AHRQ Compendium 2023 (system file rev. 2025-09); systems as of end-2023,False,597771602.0,HCRIS FY2023 (FY2022 fallback); acute member hospitals; G-3 line 3,0,653265111.0,HCRIS FY2024 (periods beginning 2023-10-01..2024-09-30); acute member CCNs; annualized where needed,0,0,9.3,False,False,False,False,https://data.cms.gov/sites/default/files/2026-09/e85544f7-57ef-477e-9640-313ac0aac400/CostReport_2024_Final.csv,CMS Hospital Provider Cost Report FY2024 (periods beginning 2023-10-01..2024-09-30); file modified 2026-09-29,True,Blessing Health System,unchanged,,https://www.blessinghealth.org/news/blessing-health-system-acquires-hannibal-clinic,,"Owned, accredited",High,URAC SPP010379 + ACHC 97529 + NPPES + Blessing web page,Blessing Health Specialty Pharmacy,Blessing Hospital,URAC SPP010379 Specialty Pharmacy | ACHC 97529 Specialty Pharmacy Services,,"https://www.urac.org/directory/accreditation-details/?certification=SPP010379 | https://organization.achc.org/print?legalCompanyName=Blessing%20Hospital&dbaCompanyName=Blessing%20Health%20Specialty%20Pharmacy&companyID=97529&full_address=Quincy,%20IL%2062301&physicalAddress=1005%20Broadway%20St.%20Room%201952-304, | https://www.blessinghealth.org/locations/blessing-health-specialty-pharmacy | https://npiregistry.cms.hhs.gov/provider-view/1689378523",2026-10-02,System remains independent; it absorbed Hannibal Clinic (MO). Not on Shields list; no outside manager found.,,
HSI00001427,CommonSpirit Health,Chicago,IL,AR;AZ;CA;CO;GA;IA;KS;KY;MN;ND;NE;NV;OH;OR;SD;TN;TX;UT;WA,19,False,145,136,16679.0,1.0,2.0,church-operated,97.4,8,2023 (rev. 2025-09),https://www.ahrq.gov/sites/default/files/wysiwyg/chsp/compendium/chsp-compendium-2023-rev.xlsx,AHRQ Compendium 2023 (system file rev. 2025-09); systems as of end-2023,True,29387477489.0,HCRIS FY2023 (FY2022 fallback); acute member hospitals; G-3 line 3,14,32017078140.0,HCRIS FY2024 (periods beginning 2023-10-01..2024-09-30); acute member CCNs; annualized where needed,20,3,8.9,False,True,False,False,https://data.cms.gov/sites/default/files/2026-09/e85544f7-57ef-477e-9640-313ac0aac400/CostReport_2024_Final.csv,CMS Hospital Provider Cost Report FY2024 (periods beginning 2023-10-01..2024-09-30); file modified 2026-09-29,True,CommonSpirit Health,unchanged,,https://www.commonspirithealth.org/about-us/,,Managed or partnered,High,"Shields partner list (CommonSpirit Health, several entries) plus Dignity Health/Shields JV press release; URAC and ACHC records for Mountain Region pharmacy",CommonSpirit Pharmacy - Mountain Region | CommonSpirit Specialty Pharmacy - Mountain Region | Dignity Health Specialty Pharmacy | CommonSpirit Health at Home (infusion),CommonSpirit Mountain Region (system subsidiary),URAC SPP010124 Specialty Pharmacy | ACHC 78647 Specialty Pharmacy Services | ACHC 70341 Infusion Pharmacy Services,Shields Health Solutions,https://shieldshealthsolutions.com/about-us/partner-health-systems | https://www.prnewswire.com/news-releases/dignity-health-and-shields-health-solutions-bring-affordable-medication-and-services-to-patients-with-complex-chronic-illnesses-300818417.html | https://www.mountain.commonspirit.org/location/commonspirit-health-specialty-pharmacy | https://www.urac.org/directory/accreditation-details/?certification=SPP010124,2026-10-02,Shields partnership (Dignity Health JV) governs the tier; CommonSpirit also owns URAC/ACHC-accredited Mountain Region specialty pharmacy and a Health at Home infusion pharmacy.,,
HSI00000382,Freeport Health Network,Freeport,IL,IL,1,True,1,1,100.0,0.0,1.0,nonprofit,100.0,0,2023 (rev. 2025-09),https://www.ahrq.gov/sites/default/files/wysiwyg/chsp/compendium/chsp-compendium-2023-rev.xlsx,AHRQ Compendium 2023 (system file rev. 2025-09); systems as of end-2023,False,154896317.0,HCRIS FY2023 (FY2022 fallback); acute member hospitals; G-3 line 3,0,155795194.0,HCRIS FY2024 (periods beginning 2023-10-01..2024-09-30); acute member CCNs; annualized where needed,0,0,0.6,False,False,False,False,https://data.cms.gov/sites/default/files/2026-09/e85544f7-57ef-477e-9640-313ac0aac400/CostReport_2024_Final.csv,CMS Hospital Provider Cost Report FY2024 (periods beginning 2023-10-01..2024-09-30); file modified 2026-09-29,True,Mercyhealth FHN,acquired by,Mercyhealth,https://www.rockrivercurrent.com/2025/12/fhn-officially-becomes-mercyhealth-fhn-on-jan-1/,2026-01-01,"Owned, accredited",Medium,via Mercyhealth; Mercyhealth press release and search snippet of URAC accreditation,Mercyhealth Specialty Pharmacy,Mercyhealth,"URAC Specialty Pharmacy (Mercyhealth Specialty Pharmacy, cert id not verified)",,https://www.mercyhealthsystem.org/news/releases/mercyhealth-s-specialty-pharmacy-earns-national-accreditation/ | https://www.mercyhealthsystem.org/services/pharmacy/mercyhealth-specialty-pharmacy-program/,2026-10-02,No candidates; FHN became Mercyhealth FHN on 2026-01-01 and Mercyhealth runs a URAC-accredited specialty pharmacy in Rockford. Whether it serves FHN patients and the URAC cert number were not directly verified (site returned 403).,,HSI00000667
HSI00000496,Hospital Sisters Health System,Springfield,IL,IL;WI,2,True,17,17,1705.0,1.0,2.0,church-operated,100.0,0,2023 (rev. 2025-09),https://www.ahrq.gov/sites/default/files/wysiwyg/chsp/compendium/chsp-compendium-2023-rev.xlsx,AHRQ Compendium 2023 (system file rev. 2025-09); systems as of end-2023,False,2783567046.0,HCRIS FY2023 (FY2022 fallback); acute member hospitals; G-3 line 3,0,2713011600.0,HCRIS FY2024 (periods beginning 2023-10-01..2024-09-30); acute member CCNs; annualized where needed,3,0,-2.5,False,True,False,False,https://data.cms.gov/sites/default/files/2026-09/e85544f7-57ef-477e-9640-313ac0aac400/CostReport_2024_Final.csv,CMS Hospital Provider Cost Report FY2024 (periods beginning 2023-10-01..2024-09-30); file modified 2026-09-29,True,Hospital Sisters Health System,partly closed,,https://www.weau.com/2024/03/22/hshs-sacred-heart-hospital-closed/,2024-03-22,"Owned, not accredited",Medium,HSHS website specialty pharmacy page + NPPES specialty primary (St. John's); no URAC/ACHC found,HSHS Specialty Pharmacy | HSHS Community Pharmacy,HSHS (St. John's Hospital of the Hospital Sisters of the Third Order of St. Francis),,,https://www.hshs.org/services/pharmacy/specialty | https://npiregistry.cms.hhs.gov/provider-view/1912849175,2026-10-02,"Sacred Heart (Eau Claire) and St. Joseph's (Chippewa Falls) closed 2024-03-22; remaining hospitals classified. Page describes a delivery/coordination service and OptumRx is only a payer-mandated alternative, not a manager.",,
HSI00000539,Katherine Shaw Bethea Hospital,Dixon,IL,IL,1,True,1,1,80.0,0.0,1.0,nonprofit,100.0,0,2023 (rev. 2025-09),https://www.ahrq.gov/sites/default/files/wysiwyg/chsp/compendium/chsp-compendium-2023-rev.xlsx,AHRQ Compendium 2023 (system file rev. 2025-09); systems as of end-2023,False,143509031.0,HCRIS FY2023 (FY2022 fallback); acute member hospitals; G-3 line 3,0,138635105.0,HCRIS FY2024 (periods beginning 2023-10-01..2024-09-30); acute member CCNs; annualized where needed,0,0,-3.4,False,False,False,False,https://data.cms.gov/sites/default/files/2026-09/e85544f7-57ef-477e-9640-313ac0aac400/CostReport_2024_Final.csv,CMS Hospital Provider Cost Report FY2024 (periods beginning 2023-10-01..2024-09-30); file modified 2026-09-29,True,OSF HealthCare Saint Katharine Medical Center,acquired by,OSF HealthCare,https://www.rockrivercurrent.com/2024/09/ksb-hospital-in-dixon-to-be-renamed-after-merger-with-osf-healthcare/,2025-01-01,Managed or partnered,High,via OSF HealthCare: OSF Specialty Pharmacy page (URAC SPP010259) plus Lumicera partnership,OSF Specialty Pharmacy,OSF HealthCare System,URAC SPP010259 Specialty Pharmacy (exp 07/01/2027),Lumicera Health Services,https://www.osfhealthcare.org/services/patient/pharmacy/programs/specialty-pharmacy | https://www.lumicera.com/health-systems-2/privacy-notice-and-terms-osf/ | https://www.osfhealthcare.org/hospitals/saint-katharine/about/history,2026-10-02,Hospital joined nonprofit OSF HealthCare Jan 1 2025; tier assigned via acquirer. Specialty pharmacy is OSF-operated with Lumicera as platform partner; not confirmed that it serves Saint Katharine specifically.,,HSI00000776
HSI00000648,Memorial Health System,Springfield,IL,IL;OH,2,True,7,7,711.0,0.0,1.0,nonprofit,92.8,1,2023 (rev. 2025-09),https://www.ahrq.gov/sites/default/files/wysiwyg/chsp/compendium/chsp-compendium-2023-rev.xlsx,AHRQ Compendium 2023 (system file rev. 2025-09); systems as of end-2023,True,1496220632.0,HCRIS FY2023 (FY2022 fallback); acute member hospitals; G-3 line 3,1,1586027199.0,HCRIS FY2024 (periods beginning 2023-10-01..2024-09-30); acute member CCNs; annualized where needed,1,0,6.0,False,True,False,False,https://data.cms.gov/sites/default/files/2026-09/e85544f7-57ef-477e-9640-313ac0aac400/CostReport_2024_Final.csv,CMS Hospital Provider Cost Report FY2024 (periods beginning 2023-10-01..2024-09-30); file modified 2026-09-29,True,Memorial Health,unchanged,,https://memorial.health/medical-services/outpatient-services/,,None found,Low,No URAC/ACHC/NPPES candidates; Memorial Health website pharmacy and outpatient pages show inpatient pharmacy and infusion center only,,,,,https://memorial.health/medical-services/pharmacy/ | https://memorial.health/smh-infusion-center/overview/,2026-10-02,"Rebranded to Memorial Health in 2021 (before the 2023 baseline); no changes found since. Search hits at mhs.net belong to Memorial Healthcare System (Florida) and were ignored; only two site pages checked, so absence is lightly supported.",,
HSI00000756,NorthShore – Edward-Elmhurst Health,Evanston,IL,IL,1,True,8,7,1398.0,0.0,1.0,nonprofit,100.0,0,2023 (rev. 2025-09),https://www.ahrq.gov/sites/default/files/wysiwyg/chsp/compendium/chsp-compendium-2023-rev.xlsx,AHRQ Compendium 2023 (system file rev. 2025-09); systems as of end-2023,False,3659544057.0,HCRIS FY2023 (FY2022 fallback); acute member hospitals; G-3 line 3,3,4571465126.0,HCRIS FY2024 (periods beginning 2023-10-01..2024-09-30); acute member CCNs; annualized where needed,2,0,24.9,False,True,False,False,https://data.cms.gov/sites/default/files/2026-09/e85544f7-57ef-477e-9640-313ac0aac400/CostReport_2024_Final.csv,CMS Hospital Provider Cost Report FY2024 (periods beginning 2023-10-01..2024-09-30); file modified 2026-09-29,True,Endeavor Health,renamed,,https://www.endeavorhealth.org/about/meet-endeavor-health,2024,"Owned, not accredited",Medium,own site (curl): endeavorhealth.org/services/pharmacy says specialty medications are available at hospital-based outpatient pharmacies; no URAC/ACHC found; not on Shields list,Edward Hospital Outpatient Pharmacy | Elmhurst Hospital Outpatient Pharmacy | Evanston Hospital Outpatient Pharmacy | Skokie Hospital Outpatient Pharmacy | Highland Park Outpatient Pharmacy | Northwest Community Hospital Outpatient Pharmacy,Endeavor Health (hospital outpatient pharmacies),,,https://www.endeavorhealth.org/services/pharmacy | https://www.endeavorhealth.org/locations/edward-hospital-outpatient-pharmacy,2026-10-02,Specialty drugs are dispensed through hospital outpatient pharmacies; no stand-alone specialty pharmacy or accreditation found.,,
HSI00000770,Northwestern Medicine,Chicago,IL,IL,1,True,10,9,2272.0,0.0,1.0,nonprofit,100.0,0,2023 (rev. 2025-09),https://www.ahrq.gov/sites/default/files/wysiwyg/chsp/compendium/chsp-compendium-2023-rev.xlsx,AHRQ Compendium 2023 (system file rev. 2025-09); systems as of end-2023,False,6057036364.0,HCRIS FY2023 (FY2022 fallback); acute member hospitals; G-3 line 3,1,2815366982.0,HCRIS FY2024 (periods beginning 2023-10-01..2024-09-30); acute member CCNs; annualized where needed,8,0,-53.5,False,True,True,False,https://data.cms.gov/sites/default/files/2026-09/e85544f7-57ef-477e-9640-313ac0aac400/CostReport_2024_Final.csv,CMS Hospital Provider Cost Report FY2024 (periods beginning 2023-10-01..2024-09-30); file modified 2026-09-29,True,Northwestern Medicine,unchanged,,https://www.nm.org/-/media/Northwestern/Resources/about-us/northwestern-medicine-fiscal-audit.pdf,,Managed or partnered,High,"Shields partner list (Northwestern Medicine*, Chicago) plus URAC/ACHC records",Northwestern Medicine Specialty Pharmacy,Northwestern Memorial Hospital (system member),URAC SPP010182 Specialty Pharmacy | ACHC 75570 Specialty Pharmacy Services,Shields Health Solutions,https://shieldshealthsolutions.com/about-us/partner-health-systems | https://www.nm.org/locations/northwestern-medicine-specialty-pharmacy | https://www.urac.org/directory/accreditation-details/?certification=SPP010182,2026-10-02,Tier set by Shields rule; system-owned accredited pharmacy underlies it.,,
HSI00000776,OSF Healthcare System,Peoria,IL,IL;MI,2,True,17,17,1808.0,1.0,2.0,church-operated,100.0,0,2023 (rev. 2025-09),https://www.ahrq.gov/sites/default/files/wysiwyg/chsp/compendium/chsp-compendium-2023-rev.xlsx,AHRQ Compendium 2023 (system file rev. 2025-09); systems as of end-2023,False,3378180135.0,HCRIS FY2023 (FY2022 fallback); acute member hospitals; G-3 line 3,1,3799238889.0,HCRIS FY2024 (periods beginning 2023-10-01..2024-09-30); acute member CCNs; annualized where needed,1,0,12.5,False,True,False,False,https://data.cms.gov/sites/default/files/2026-09/e85544f7-57ef-477e-9640-313ac0aac400/CostReport_2024_Final.csv,CMS Hospital Provider Cost Report FY2024 (periods beginning 2023-10-01..2024-09-30); file modified 2026-09-29,True,OSF Healthcare System,unchanged,,https://www.shawlocal.com/sauk-valley/2026/02/13/one-year-in-osf-merger-with-dixons-ksb-hospital-leads-to-investments-in-services-staff-and-facilities/,,"Owned, accredited",High,URAC SPP010259 (Pointcore dba OSF Specialty Pharmacy) plus ACHC 98482; Pointcore page confirms OSF ownership,OSF Specialty Pharmacy | OSF Healthcare Home Infusion Pharmacy,"Pointcore, Inc. (OSF HealthCare subsidiary); OSF Healthcare System",URAC SPP010259 Specialty Pharmacy | ACHC 98482 Specialty Pharmacy Services | ACHC 98482 Infusion Pharmacy Services,,https://www.pointcore.com/osf-healthcare-specialty-pharmacy-buildout/ | https://www.urac.org/directory/accreditation-details/?certification=SPP010259 | https://www.osfhealthcare.org/patients-visitors/about/facts-figures,2026-10-02,Not on Shields list. Pointcore is OSF-owned per search result.,,
HSI00001533,Riverside Healthcare,Kankakee,IL,IL,1,True,1,1,256.0,0.0,1.0,nonprofit,100.0,0,2023 (rev. 2025-09),https://www.ahrq.gov/sites/default/files/wysiwyg/chsp/compendium/chsp-compendium-2023-rev.xlsx,AHRQ Compendium 2023 (system file rev. 2025-09); systems as of end-2023,False,434453319.0,HCRIS FY2023 (FY2022 fallback); acute member hospitals; G-3 line 3,0,458437224.0,HCRIS FY2024 (periods beginning 2023-10-01..2024-09-30); acute member CCNs; annualized where needed,0,0,5.5,False,False,False,False,https://data.cms.gov/sites/default/files/2026-09/e85544f7-57ef-477e-9640-313ac0aac400/CostReport_2024_Final.csv,CMS Hospital Provider Cost Report FY2024 (periods beginning 2023-10-01..2024-09-30); file modified 2026-09-29,True,Riverside Healthcare,unchanged,,https://www.riversidehealthcare.org/about-us,,"Owned, accredited",High,ACHC 94053 specialty + riversidehealthcare.org specialty pharmacy page + NPPES,Riverside Specialty Pharmacy | Riverside Home Infusion,Riverside Medical Center (Riverside Healthcare),ACHC 94053 Specialty Pharmacy Services | ACHC 53230 Infusion Pharmacy Services,,"https://www.riversidehealthcare.org/services/specialty-pharmacy/about-specialty-pharmacy | https://organization.achc.org/print?legalCompanyName=Riverside%20Medical%20Center&dbaCompanyName=Riverside%20Specialty%20Pharmacy&companyID=94053&full_address=Bourbonnais,%20IL%2060914&physicalAddress=100%20Fitness%20Drive,",2026-10-02,Page confirms Riverside operates the pharmacy; no outside partner found.,,
HSI00000897,Rush System for Health,Chicago,IL,IL,1,True,3,3,975.0,0.0,1.0,nonprofit,100.0,0,2023 (rev. 2025-09),https://www.ahrq.gov/sites/default/files/wysiwyg/chsp/compendium/chsp-compendium-2023-rev.xlsx,AHRQ Compendium 2023 (system file rev. 2025-09); systems as of end-2023,False,2825570579.0,HCRIS FY2023 (FY2022 fallback); acute member hospitals; G-3 line 3,0,2943070317.0,HCRIS FY2024 (periods beginning 2023-10-01..2024-09-30); acute member CCNs; annualized where needed,0,0,4.2,False,False,False,False,https://data.cms.gov/sites/default/files/2026-09/e85544f7-57ef-477e-9640-313ac0aac400/CostReport_2024_Final.csv,CMS Hospital Provider Cost Report FY2024 (periods beginning 2023-10-01..2024-09-30); file modified 2026-09-29,True,Rush University System for Health,unchanged,,https://www.rush.edu/,,Managed or partnered,High,"Shields partner list (Rush University System for Health, Aurora IL) + Shields press release + URAC/ACHC records",Rush Specialty Pharmacy,"Health Delivery Management, LLC (Rush-affiliated entity; Shields partnership)",URAC SPP010195 Specialty Pharmacy | ACHC 73637 Specialty Pharmacy Services,Shields Health Solutions,https://shieldshealthsolutions.com/about-us/partner-health-systems | https://www.rush.edu/patients-visitors/pharmacy/specialty-pharmacy-services | https://www.urac.org/directory/accreditation-details/?certification=SPP010195,2026-10-02,Search noise: Rush Health Systems (MS) merged into Ochsner is a different entity. Rush has an owned accredited pharmacy but Shields precedence applies.,,
HSI00000961,Sarah Bush Lincoln Health System,Mattoon,IL,IL,1,True,1,1,100.0,0.0,1.0,nonprofit,100.0,0,2023 (rev. 2025-09),https://www.ahrq.gov/sites/default/files/wysiwyg/chsp/compendium/chsp-compendium-2023-rev.xlsx,AHRQ Compendium 2023 (system file rev. 2025-09); systems as of end-2023,False,448598616.0,HCRIS FY2023 (FY2022 fallback); acute member hospitals; G-3 line 3,0,638082021.0,HCRIS FY2024 (periods beginning 2023-10-01..2024-09-30); acute member CCNs; annualized where needed,0,0,42.2,False,False,True,False,https://data.cms.gov/sites/default/files/2026-09/e85544f7-57ef-477e-9640-313ac0aac400/CostReport_2024_Final.csv,CMS Hospital Provider Cost Report FY2024 (periods beginning 2023-10-01..2024-09-30); file modified 2026-09-29,True,Sarah Bush Lincoln Health System,unchanged,,https://www.sarahbush.org/about/sarah-bush-lincoln/,,"Owned, not accredited",Medium,System website specialty pharmacy page plus NPPES specialty-primary record; no URAC/ACHC found,Prairie Medical Specialty Pharmacy | Prairie Medical Pharmacy,Sarah Bush Lincoln Health Center,,,https://www.sarahbush.org/pharmacy/specialty-pharmacy/ | https://npiregistry.cms.hhs.gov/provider-view/1316683410,2026-10-02,Own system pharmacy dispenses specialty drugs; no URAC/ACHC candidate or accreditation statement found. System also acquired Fayette County Hospital (Vandalia) in 2024.,,
HSI00000985,Silver Cross Hospital,New Lenox,IL,IL,1,True,1,1,320.0,0.0,2.0,church-operated,100.0,0,2023 (rev. 2025-09),https://www.ahrq.gov/sites/default/files/wysiwyg/chsp/compendium/chsp-compendium-2023-rev.xlsx,AHRQ Compendium 2023 (system file rev. 2025-09); systems as of end-2023,False,514107827.0,HCRIS FY2023 (FY2022 fallback); acute member hospitals; G-3 line 3,0,541651153.0,HCRIS FY2024 (periods beginning 2023-10-01..2024-09-30); acute member CCNs; annualized where needed,0,0,5.4,False,False,False,False,https://data.cms.gov/sites/default/files/2026-09/e85544f7-57ef-477e-9640-313ac0aac400/CostReport_2024_Final.csv,CMS Hospital Provider Cost Report FY2024 (periods beginning 2023-10-01..2024-09-30); file modified 2026-09-29,True,Silver Cross Hospital,unchanged,,https://www.silvercross.org/locations/profile/pavilion-a/,,None found,Low,Own site (curl homepage; Pavilion A page via browser) lists only Silver Pharmacy retail Suite 120; no specialty or home infusion found,Silver Pharmacy,"unclear (on-campus retail pharmacy, ownership not shown)",,,https://www.silvercross.org/locations/profile/pavilion-a/,2026-10-02,Only a retail Silver Pharmacy found; subpages beyond the homepage still 403 to curl. Pavilion A was sold to developers in 2026 with Silver Cross remaining a tenant.,,
HSI00000987,Sinai Health System,Chicago,IL,IL,1,True,4,3,391.0,1.0,1.0,nonprofit,100.0,0,2023 (rev. 2025-09),https://www.ahrq.gov/sites/default/files/wysiwyg/chsp/compendium/chsp-compendium-2023-rev.xlsx,AHRQ Compendium 2023 (system file rev. 2025-09); systems as of end-2023,False,436689351.0,HCRIS FY2023 (FY2022 fallback); acute member hospitals; G-3 line 3,1,368423498.0,HCRIS FY2024 (periods beginning 2023-10-01..2024-09-30); acute member CCNs; annualized where needed,1,0,-15.6,False,True,False,False,https://data.cms.gov/sites/default/files/2026-09/e85544f7-57ef-477e-9640-313ac0aac400/CostReport_2024_Final.csv,CMS Hospital Provider Cost Report FY2024 (periods beginning 2023-10-01..2024-09-30); file modified 2026-09-29,True,Sinai Chicago,unchanged,,https://www.sinaichicago.org/en/find-a-location/,,"Owned, accredited",Medium,ACHC 98278 + NPPES primary specialty (updated 2026-06-18); weak own-site corroboration,Sinai Community Pharmacy,Mount Sinai Hospital Medical Center,ACHC 98278 Specialty Pharmacy Services,,"https://organization.achc.org/print?legalCompanyName=Mount%20Sinai%20Hospital%20Medical%20Center&dbaCompanyName=Sinai%20Community%20Pharmacy&companyID=98278&full_address=Chicago,%20IL%2060608&physicalAddress=2750%20W%2015th%20Place%20Suite%201120, | https://npiregistry.cms.hhs.gov/provider-view/1689538738",2026-10-02,"Brand is Sinai Chicago (includes Holy Cross, merged 2012). Mount Sinai Health System (NY) on Shields list is a different system.",,
HSI00001009,Southern Illinois Healthcare,Carbondale,IL,IL,1,True,4,4,325.0,0.0,1.0,nonprofit,100.0,0,2023 (rev. 2025-09),https://www.ahrq.gov/sites/default/files/wysiwyg/chsp/compendium/chsp-compendium-2023-rev.xlsx,AHRQ Compendium 2023 (system file rev. 2025-09); systems as of end-2023,False,690917763.0,HCRIS FY2023 (FY2022 fallback); acute member hospitals; G-3 line 3,0,745404149.0,HCRIS FY2024 (periods beginning 2023-10-01..2024-09-30); acute member CCNs; annualized where needed,0,0,7.9,False,False,False,False,https://data.cms.gov/sites/default/files/2026-09/e85544f7-57ef-477e-9640-313ac0aac400/CostReport_2024_Final.csv,CMS Hospital Provider Cost Report FY2024 (periods beginning 2023-10-01..2024-09-30); file modified 2026-09-29,True,Southern Illinois Healthcare,unchanged,,https://www.sih.net/,,None found,Low,No candidates; sih.net homepage and web search show no specialty/infusion pharmacy,,,,,,2026-10-02,Only the homepage was fetchable and it has no pharmacy section; absence is weakly supported.,,
HSI00001074,The Carle Foundation,Urbana,IL,IL,1,True,8,8,1083.0,0.0,1.0,nonprofit,100.0,0,2023 (rev. 2025-09),https://www.ahrq.gov/sites/default/files/wysiwyg/chsp/compendium/chsp-compendium-2023-rev.xlsx,AHRQ Compendium 2023 (system file rev. 2025-09); systems as of end-2023,False,2485684269.0,HCRIS FY2023 (FY2022 fallback); acute member hospitals; G-3 line 3,0,2596465870.0,HCRIS FY2024 (periods beginning 2023-10-01..2024-09-30); acute member CCNs; annualized where needed,0,1,4.5,False,False,False,False,https://data.cms.gov/sites/default/files/2026-09/e85544f7-57ef-477e-9640-313ac0aac400/CostReport_2024_Final.csv,CMS Hospital Provider Cost Report FY2024 (periods beginning 2023-10-01..2024-09-30); file modified 2026-09-29,True,Carle Health,unchanged,,https://www.wcbu.org/state-news/2026-09-18/two-peoria-carle-health-hospitals-to-become-one-this-fall,,"Owned, accredited",High,URAC SPP010194 and ACHC 76288 (Specialty Pharmacy Services) owned by Carle Foundation Hospital; Carle website confirms ACHC,Carle Home Infusion/Specialty Pharmacy | Carle Specialty Pharmacy,The Carle Foundation Hospital,URAC SPP010194 Specialty Pharmacy | ACHC 76288 Specialty Pharmacy Services | ACHC 76288 Infusion Pharmacy Services,,https://www.urac.org/directory/accreditation-details/?certification=SPP010194 | https://carle.org/services/home-infusion | https://organization.achc.org/print?legalCompanyName=Carle%20Foundation%20Hospital&dbaCompanyName=Carle%20Home%20Infusion/Specialty%20Pharmacy&companyID=76288,2026-10-02,"Brand is Carle Health; Methodist hospital in Peoria renamed Carle Health Methodist Hospital - Proctor Campus effective Nov 1, 2026 (2023 UnityPoint acquisition already in compendium). NPI 1013709997 org name has typo 'CARE FOUNDATION'; same address.",,
HSI00001084,The Morris Hospital and Healthcare Centers,Morris,IL,IL,1,True,1,1,89.0,0.0,1.0,nonprofit,100.0,0,2023 (rev. 2025-09),https://www.ahrq.gov/sites/default/files/wysiwyg/chsp/compendium/chsp-compendium-2023-rev.xlsx,AHRQ Compendium 2023 (system file rev. 2025-09); systems as of end-2023,False,221501947.0,HCRIS FY2023 (FY2022 fallback); acute member hospitals; G-3 line 3,0,238107128.0,HCRIS FY2024 (periods beginning 2023-10-01..2024-09-30); acute member CCNs; annualized where needed,0,0,7.5,False,False,False,False,https://data.cms.gov/sites/default/files/2026-09/e85544f7-57ef-477e-9640-313ac0aac400/CostReport_2024_Final.csv,CMS Hospital Provider Cost Report FY2024 (periods beginning 2023-10-01..2024-09-30); file modified 2026-09-29,True,Morris Hospital & Healthcare Centers,unchanged,,https://www.morrishospital.org/about-us/history/,,None found,Medium,Own website and search: only hospital infusion center and a home pill-dispenser program; no candidates,,,,,https://www.morrishospital.org/services/infusion-therapy-center/ | https://www.morrishospital.org/patients-visitors/patients/medication-dispensing/,2026-10-02,"Independent; hospital-based infusion therapy center only, no specialty or home infusion pharmacy found. Not on Shields list.",,
HSI00001089,The University of Chicago Medicine,Chicago,IL,IL,1,True,2,2,929.0,1.0,1.0,nonprofit,100.0,0,2023 (rev. 2025-09),https://www.ahrq.gov/sites/default/files/wysiwyg/chsp/compendium/chsp-compendium-2023-rev.xlsx,AHRQ Compendium 2023 (system file rev. 2025-09); systems as of end-2023,False,2725786465.0,HCRIS FY2023 (FY2022 fallback); acute member hospitals; G-3 line 3,0,3225476794.0,HCRIS FY2024 (periods beginning 2023-10-01..2024-09-30); acute member CCNs; annualized where needed,0,0,18.3,False,False,False,False,https://data.cms.gov/sites/default/files/2026-09/e85544f7-57ef-477e-9640-313ac0aac400/CostReport_2024_Final.csv,CMS Hospital Provider Cost Report FY2024 (periods beginning 2023-10-01..2024-09-30); file modified 2026-09-29,True,UChicago Medicine,unchanged,,https://www.uchicagomedicine.org/patients-visitors/patient-information/pharmacy/mail-order-program,,"Owned, accredited",High,URAC SPP010083 and ACHC 72701 (specialty and infusion) plus UChicago Medicine pharmacy web pages,UCMC Pharmacy Services (Calumet City),The University of Chicago Medical Center,URAC SPP010083 Specialty Pharmacy | ACHC 72701 Specialty Pharmacy Services | ACHC 72701 Infusion Pharmacy Services,,https://www.uchicagomedicine.org/patients-visitors/patient-information/pharmacy/mail-order-program | https://www.urac.org/directory/accreditation-details/?certification=SPP010083,2026-10-02,URAC SPP010083 expires 2026-11-01 (treated as current per rule). Ingalls merger dates to 2016.,,
HSI00000098,Beacon Health System,South Bend,IN,IN;LA;MI,3,True,5,4,702.0,1.0,1.0,nonprofit,96.6,1,2023 (rev. 2025-09),https://www.ahrq.gov/sites/default/files/wysiwyg/chsp/compendium/chsp-compendium-2023-rev.xlsx,AHRQ Compendium 2023 (system file rev. 2025-09); systems as of end-2023,True,1041052748.0,HCRIS FY2023 (FY2022 fallback); acute member hospitals; G-3 line 3,0,992197640.0,HCRIS FY2024 (periods beginning 2023-10-01..2024-09-30); acute member CCNs; annualized where needed,0,0,-4.7,False,False,False,False,https://data.cms.gov/sites/default/files/2026-09/e85544f7-57ef-477e-9640-313ac0aac400/CostReport_2024_Final.csv,CMS Hospital Provider Cost Report FY2024 (periods beginning 2023-10-01..2024-09-30); file modified 2026-09-29,True,Beacon Health System,unchanged,,https://www.wndu.com/2025/04/03/beacon-health-system-purchase-4-hospitals-expand-footprint-southwest-michigan/,2025-07-01,"Owned, accredited",High,URAC SPP010529 + ACHC 97305 + Beacon Specialty Pharmacy Services web page,Beacon Specialty Pharmacy Services | Memorial Hospital Outpatient Pharmacy,"Memorial Hospital of South Bend, Inc. (Beacon member hospital)","URAC SPP010529 Specialty Pharmacy (eff 2025-12-01, exp 2028-12-01) | ACHC 97305 Specialty Pharmacy Services",,https://www.beaconhealthsystem.org/beacon-specialty-pharmacy-services/ | https://www.beaconhealthsystem.org/news/2025/03/04/beacon-launches-new-specialty-pharmacy-services-for-patients-with-chronic-and-complex-conditions/ | https://www.urac.org/directory/accreditation-details/?certification=SPP010529,2025-03-04,Same name; expanded in July 2025 by acquiring four Ascension Southwest Michigan hospitals. Owned by member hospital Memorial Hospital of South Bend; no outside manager found.,,
HSI00000246,Community Foundation of Northwest Indiana,Munster,IN,IN,1,True,4,3,707.0,1.0,1.0,nonprofit,100.0,0,2023 (rev. 2025-09),https://www.ahrq.gov/sites/default/files/wysiwyg/chsp/compendium/chsp-compendium-2023-rev.xlsx,AHRQ Compendium 2023 (system file rev. 2025-09); systems as of end-2023,False,1072607175.0,HCRIS FY2023 (FY2022 fallback); acute member hospitals; G-3 line 3,0,1202025381.0,HCRIS FY2024 (periods beginning 2023-10-01..2024-09-30); acute member CCNs; annualized where needed,0,0,12.1,False,False,False,False,https://data.cms.gov/sites/default/files/2026-09/e85544f7-57ef-477e-9640-313ac0aac400/CostReport_2024_Final.csv,CMS Hospital Provider Cost Report FY2024 (periods beginning 2023-10-01..2024-09-30); file modified 2026-09-29,True,Powers Health,renamed,,"https://buildingindiana.com/stories/community-healthcare-system-unveils-new-name-powers-health,2816",2024-07-01,"Owned, not accredited",Medium,Powers Health website: Community Hospital Retail Pharmacy offers specialty pharmacy services; no accreditation found,Community Hospital Retail Pharmacy | Powers Health Pharmacy,Powers Health (Community Foundation of Northwest Indiana),,,https://www.powershealth.org/locations/c/community-hospital-retail-pharmacy | https://www.powershealth.org/services/pharmacy,2026-10-02,Community Healthcare System renamed Powers Health effective 2024-07-01. No URAC/ACHC/NPPES candidates and no outside manager found; specialty accreditation absent from sources checked.,,
HSI00000248,Community Health Network,Indianapolis,IN,IN,1,True,10,5,1118.0,1.0,1.0,nonprofit,100.0,0,2023 (rev. 2025-09),https://www.ahrq.gov/sites/default/files/wysiwyg/chsp/compendium/chsp-compendium-2023-rev.xlsx,AHRQ Compendium 2023 (system file rev. 2025-09); systems as of end-2023,False,2800307468.0,HCRIS FY2023 (FY2022 fallback); acute member hospitals; G-3 line 3,0,2978465098.0,HCRIS FY2024 (periods beginning 2023-10-01..2024-09-30); acute member CCNs; annualized where needed,0,0,6.4,False,False,False,False,https://data.cms.gov/sites/default/files/2026-09/e85544f7-57ef-477e-9640-313ac0aac400/CostReport_2024_Final.csv,CMS Hospital Provider Cost Report FY2024 (periods beginning 2023-10-01..2024-09-30); file modified 2026-09-29,True,Community Health Network,unchanged,,https://youarecurrent.com/2025/08/11/community-health-network-announces-joint-venture/,,"Owned, accredited",Medium,"System website (ecommunity.com specialty pharmacy pages, per search snippet stating dual URAC/ACHC accreditation); no registry candidates found",Community Specialty Pharmacy | Community Health Network Specialty Pharmacy,Community Health Network,"URAC Specialty Pharmacy (per system website, exp. 2/1/26 per snippet; no cert id) | ACHC (per system website, no id)",,https://www.ecommunity.com/specialty-pharmacy | https://www.ecommunity.com/specialty-pharmacy/about-us | https://www.ecommunity.com/services/post-acute-care/home-infusion,2026-10-02,"No URAC/ACHC candidates matched, but the system's own pages describe an in-house specialty pharmacy at Community Hospital North, dually accredited per search snippet (pages returned 403 on fetch). Home infusion runs via AmeriMed Infusion.",,
HSI00000305,Deaconess Health System,Evansville,IN,IL;IN;KY,3,True,8,6,834.0,1.0,1.0,nonprofit,85.5,2,2023 (rev. 2025-09),https://www.ahrq.gov/sites/default/files/wysiwyg/chsp/compendium/chsp-compendium-2023-rev.xlsx,AHRQ Compendium 2023 (system file rev. 2025-09); systems as of end-2023,True,1575724222.0,HCRIS FY2023 (FY2022 fallback); acute member hospitals; G-3 line 3,0,1714669596.0,HCRIS FY2024 (periods beginning 2023-10-01..2024-09-30); acute member CCNs; annualized where needed,0,0,8.8,False,False,False,False,https://data.cms.gov/sites/default/files/2026-09/e85544f7-57ef-477e-9640-313ac0aac400/CostReport_2024_Final.csv,CMS Hospital Provider Cost Report FY2024 (periods beginning 2023-10-01..2024-09-30); file modified 2026-09-29,True,Deaconess Health System,unchanged,,http://www.westkentuckystar.com/News/State/Jennie-Stuart-Health-officially-joins-Deaconess-sy,2025,"Owned, accredited",High,URAC SPP010132 + ACHC 88741 held by Deaconess Hospital Inc; Deaconess website confirms dual accreditation; not on Shields list,Deaconess Specialty Pharmacy,"Deaconess Hospital, Inc.",URAC SPP010132 Specialty Pharmacy | ACHC 88741 Specialty Pharmacy Services,,https://www.urac.org/directory/accreditation-details/?certification=SPP010132 | https://www.deaconess.com/services/pharmacy/specialty-pharmacy/about-us,2026-10-02,Jennie Stuart Health (Hopkinsville KY) joined Deaconess in 2025; system name unchanged. Website describes an integrated health-system specialty pharmacy with URAC and ACHC.,,
HSI00000375,Franciscan Health,Mishawaka,IN,IL;IN,2,True,14,13,1366.0,0.0,2.0,church-operated,100.0,0,2023 (rev. 2025-09),https://www.ahrq.gov/sites/default/files/wysiwyg/chsp/compendium/chsp-compendium-2023-rev.xlsx,AHRQ Compendium 2023 (system file rev. 2025-09); systems as of end-2023,False,2889858559.0,HCRIS FY2023 (FY2022 fallback); acute member hospitals; G-3 line 3,2,2922143067.0,HCRIS FY2024 (periods beginning 2023-10-01..2024-09-30); acute member CCNs; annualized where needed,2,1,1.1,False,True,False,False,https://data.cms.gov/sites/default/files/2026-09/e85544f7-57ef-477e-9640-313ac0aac400/CostReport_2024_Final.csv,CMS Hospital Provider Cost Report FY2024 (periods beginning 2023-10-01..2024-09-30); file modified 2026-09-29,True,Franciscan Health,unchanged,,https://www.primehealthcare.com/prime-healthcare-expands-mission-in-illinois-with-franciscan-health-olympia-fields/,,"Owned, not accredited",Medium,Franciscan Health specialty pharmacy page + NPPES; ACHC only infusion,Franciscan Specialty Pharmacy | Franciscan Home Infusion Pharmacy Lafayette,Franciscan Alliance / Franciscan Health Lafayette,ACHC 90412 Infusion Pharmacy Services,,https://www.franciscanhealth.org/conditions-and-services/pharmacy/specialty-pharmacy | https://directory.franciscanhealth.org/location/franciscan-specialty-pharmacy,2026-10-02,Olympia Fields hospital was sold to for-profit Prime Healthcare (about 2026-05-01); remaining hospitals classified. No specialty accreditation found on page or in URAC/ACHC candidates.,,
HSI00001309,Goshen Health,Goshen,IN,IN,1,True,1,1,103.0,0.0,1.0,nonprofit,100.0,0,2023 (rev. 2025-09),https://www.ahrq.gov/sites/default/files/wysiwyg/chsp/compendium/chsp-compendium-2023-rev.xlsx,AHRQ Compendium 2023 (system file rev. 2025-09); systems as of end-2023,False,248411935.0,HCRIS FY2023 (FY2022 fallback); acute member hospitals; G-3 line 3,0,262441971.0,HCRIS FY2024 (periods beginning 2023-10-01..2024-09-30); acute member CCNs; annualized where needed,0,0,5.6,False,False,False,False,https://data.cms.gov/sites/default/files/2026-09/e85544f7-57ef-477e-9640-313ac0aac400/CostReport_2024_Final.csv,CMS Hospital Provider Cost Report FY2024 (periods beginning 2023-10-01..2024-09-30); file modified 2026-09-29,True,Parkview Goshen Hospital (Parkview Health),acquired by,Parkview Health,https://www.parkview.com/news/results/10012026-goshen-health-officially-joins-parkview-health,2026-10-01,"Owned, not accredited",Medium,via Parkview Health: Parkview Specialty Pharmacy (Fort Wayne) system web pages; no URAC/ACHC record for it found,Parkview Specialty Pharmacy,Parkview Health,,,https://www.parkview.com/services-specialties/pharmacy/parkview-specialty-pharmacy | https://www.parkview.com/news/results/parkview-health-launches-specialty-pharmacy-program,2026-10-02,"Acquisition closed Oct 1 2026; integration of Goshen into Parkview systems is ongoing over coming months, so service of Goshen by the specialty pharmacy is not yet confirmed.",,HSI00000811
HSI00000510,Indiana University Health,Indianapolis,IN,IN,1,True,14,13,2429.0,1.0,1.0,nonprofit,100.0,0,2023 (rev. 2025-09),https://www.ahrq.gov/sites/default/files/wysiwyg/chsp/compendium/chsp-compendium-2023-rev.xlsx,AHRQ Compendium 2023 (system file rev. 2025-09); systems as of end-2023,False,6549413758.0,HCRIS FY2023 (FY2022 fallback); acute member hospitals; G-3 line 3,0,6477916763.0,HCRIS FY2024 (periods beginning 2023-10-01..2024-09-30); acute member CCNs; annualized where needed,2,0,-1.1,False,True,False,False,https://data.cms.gov/sites/default/files/2026-09/e85544f7-57ef-477e-9640-313ac0aac400/CostReport_2024_Final.csv,CMS Hospital Provider Cost Report FY2024 (periods beginning 2023-10-01..2024-09-30); file modified 2026-09-29,True,Indiana University Health,unchanged,,https://www.fiercehealthcare.com/payers/elevance-health-acquire-iu-health-plans,,Managed or partnered,High,"Shields partner list (IU Health, Indianapolis); URAC SPP010515 record for Indiana University Health Inc.; IU Health Advanced Therapies Pharmacy page",IU Health Advanced Therapies Pharmacy,"Indiana University Health, Inc.",URAC SPP010515 Specialty Pharmacy,Shields Health Solutions,https://iuhealth.org/find-locations/iu-health-advanced-therapies-pharmacy-mail-order-specialty-services | https://www.urac.org/directory/accreditation-details/?certification=SPP010515 | https://shieldshealthsolutions.com/about-us/partner-health-systems,2026-10-02,Shields rule applied; an owned URAC-accredited pharmacy also exists. NPPES 1396142964 lists mail order as primary taxonomy with specialty secondary.,,
HSI00001560,Little Company of Mary Hospital of Indiana,Jasper,IN,IN,1,True,1,1,96.0,0.0,2.0,church-operated,100.0,0,2023 (rev. 2025-09),https://www.ahrq.gov/sites/default/files/wysiwyg/chsp/compendium/chsp-compendium-2023-rev.xlsx,AHRQ Compendium 2023 (system file rev. 2025-09); systems as of end-2023,False,259088848.0,HCRIS FY2023 (FY2022 fallback); acute member hospitals; G-3 line 3,0,278788377.0,HCRIS FY2024 (periods beginning 2023-10-01..2024-09-30); acute member CCNs; annualized where needed,0,1,7.6,False,False,False,False,https://data.cms.gov/sites/default/files/2026-09/e85544f7-57ef-477e-9640-313ac0aac400/CostReport_2024_Final.csv,CMS Hospital Provider Cost Report FY2024 (periods beginning 2023-10-01..2024-09-30); file modified 2026-09-29,True,Deaconess Memorial Medical Center,acquired by,Deaconess Health System,https://www.deaconess.com/news-room/news/memorial-hospital-officially-rebrands-as-deaconess,2024-02-01,"Owned, accredited",Medium,via Deaconess Health System: Deaconess Specialty Pharmacy site states dual URAC and ACHC accreditation; no roster record among candidates,Deaconess Specialty Pharmacy,Deaconess Health System,URAC (2022) Specialty Pharmacy per Deaconess website | ACHC Specialty Pharmacy per Deaconess website,,https://www.deaconess.com/services/pharmacy/specialty-pharmacy | https://www.deaconess.com/services/pharmacy/specialty-pharmacy/about-us | https://www.14news.com/2025/08/01/memorial-hospital-jasper-officially-rebrands-deaconess-memorial/,2026-10-02,Jasper hospital joined Deaconess (affiliation effective ~Feb 2024) and rebranded Aug 2025. Accreditation IDs not captured; Deaconess pharmacy serves system patients regionally.,,HSI00000305
HSI00000614,Margaret Mary Health,Batesville,IN,IN,1,True,1,1,25.0,0.0,1.0,nonprofit,100.0,0,2023 (rev. 2025-09),https://www.ahrq.gov/sites/default/files/wysiwyg/chsp/compendium/chsp-compendium-2023-rev.xlsx,AHRQ Compendium 2023 (system file rev. 2025-09); systems as of end-2023,False,127910974.0,HCRIS FY2023 (FY2022 fallback); acute member hospitals; G-3 line 3,0,125613415.0,HCRIS FY2024 (periods beginning 2023-10-01..2024-09-30); acute member CCNs; annualized where needed,0,0,-1.8,False,False,False,False,https://data.cms.gov/sites/default/files/2026-09/e85544f7-57ef-477e-9640-313ac0aac400/CostReport_2024_Final.csv,CMS Hospital Provider Cost Report FY2024 (periods beginning 2023-10-01..2024-09-30); file modified 2026-09-29,True,Margaret Mary Health,unchanged,,https://www.batesvilleleader.com/story/2026/08/05/news/a-unicorn-in-rural-healthcare-how-mmh-chose-to-grow-while-others-retreated/1268.html,,None found,Medium,No candidates; mmhealth.org specialty medicine page has no pharmacy mention,,,,,https://www.mmhealth.org/services/specialty-medicine/,2026-10-02,Independent; new hospital opened July 2026. No specialty or infusion pharmacy found on web.,,
HSI00000811,Parkview Health System,Fort Wayne,IN,IN;OH,2,True,11,9,1072.0,0.0,1.0,nonprofit,100.0,0,2023 (rev. 2025-09),https://www.ahrq.gov/sites/default/files/wysiwyg/chsp/compendium/chsp-compendium-2023-rev.xlsx,AHRQ Compendium 2023 (system file rev. 2025-09); systems as of end-2023,False,549440848.0,HCRIS FY2023 (FY2022 fallback); acute member hospitals; G-3 line 3,1,2347713970.0,HCRIS FY2024 (periods beginning 2023-10-01..2024-09-30); acute member CCNs; annualized where needed,0,2,327.3,False,True,True,False,https://data.cms.gov/sites/default/files/2026-09/e85544f7-57ef-477e-9640-313ac0aac400/CostReport_2024_Final.csv,CMS Hospital Provider Cost Report FY2024 (periods beginning 2023-10-01..2024-09-30); file modified 2026-09-29,True,Parkview Health,unchanged,,https://www.wvpe.org/wvpe-news/2026-01-27/fort-wayne-based-parkview-health-acquiring-goshen-health,,"Owned, accredited",High,"URAC SPP010174 and ACHC 78779/96648 held by Parkview Hospital, Inc.; Parkview news confirms in-house specialty program",Medical Park 11 Pharmacy | Parkview Integrated Pharmacy | Matrix VIP Ohio,"Parkview Hospital, Inc. (and subsidiary Parkview RX SWO, LLC)",URAC SPP010174 Specialty Pharmacy | ACHC 78779 Specialty Pharmacy Services | ACHC 96648 Specialty Pharmacy Services | ACHC 99313 Specialty Pharmacy Services,,https://www.urac.org/directory/accreditation-details/?certification=SPP010174 | https://www.parkview.com/news/results/parkview-health-launches-specialty-pharmacy-program | https://parkviewhs.com/about-us,2019-09-03,"Parkview is acquiring Goshen and Witham (expansion, not change of control); Labcorp is buying only outreach lab assets. Matrix VIP is a behavioral-health specialty pharmacy under Parkview Health Services, a Parkview subsidiary.",,
HSI00000873,Reid Health,Richmond,IN,IN,1,True,1,1,183.0,0.0,1.0,nonprofit,100.0,0,2023 (rev. 2025-09),https://www.ahrq.gov/sites/default/files/wysiwyg/chsp/compendium/chsp-compendium-2023-rev.xlsx,AHRQ Compendium 2023 (system file rev. 2025-09); systems as of end-2023,False,487182885.0,HCRIS FY2023 (FY2022 fallback); acute member hospitals; G-3 line 3,0,522230281.0,HCRIS FY2024 (periods beginning 2023-10-01..2024-09-30); acute member CCNs; annualized where needed,0,0,7.2,False,False,False,False,https://data.cms.gov/sites/default/files/2026-09/e85544f7-57ef-477e-9640-313ac0aac400/CostReport_2024_Final.csv,CMS Hospital Provider Cost Report FY2024 (periods beginning 2023-10-01..2024-09-30); file modified 2026-09-29,True,Reid Health,unchanged,,https://reidhealth.org/About-Reid-Health,,"Owned, not accredited",Low,Reid Health pharmacy web page (operates specialty pharmacy services directly),Reid Health Pharmacy - Specialty Pharmacy Services,Reid Health,,,https://reidhealth.org/Medical-Services/Pharmacy,2026-10-02,No URAC/ACHC/NPPES candidates and no accreditation mentioned on the page; no Shields listing. Outpatient pharmacy at Cambridge City is a partnership with MediCenter.,,
HSI00001082,The Methodist Hospitals,Gary,IN,IN,1,True,2,2,405.0,1.0,1.0,nonprofit,100.0,0,2023 (rev. 2025-09),https://www.ahrq.gov/sites/default/files/wysiwyg/chsp/compendium/chsp-compendium-2023-rev.xlsx,AHRQ Compendium 2023 (system file rev. 2025-09); systems as of end-2023,False,404760024.0,HCRIS FY2023 (FY2022 fallback); acute member hospitals; G-3 line 3,1,415917512.0,HCRIS FY2024 (periods beginning 2023-10-01..2024-09-30); acute member CCNs; annualized where needed,1,0,2.8,False,True,False,False,https://data.cms.gov/sites/default/files/2026-09/e85544f7-57ef-477e-9640-313ac0aac400/CostReport_2024_Final.csv,CMS Hospital Provider Cost Report FY2024 (periods beginning 2023-10-01..2024-09-30); file modified 2026-09-29,True,The Methodist Hospitals,unchanged,,https://www.in.gov/health/cshcr/files/2023-METHODIST-HOSPITALS-150002-AFS.pdf,,"Owned, not accredited",Medium,System web page for specialty pharmacy program; no URAC/ACHC found,Methodist Hospitals Northlake Outpatient Pharmacy,"The Methodist Hospitals, Inc.",,,https://methodisthospitals.org/northlake-outpatient-pharmacy/specialty-pharmacy-program/,2026-10-02,Own site describes a specialty pharmacy program; no accreditation or outside manager stated. NPPES record is dated 2019 and not specialty-primary.,,
HSI00001137,Union Health,Terre Haute,IN,IN,1,True,2,2,285.0,0.0,1.0,nonprofit,100.0,0,2023 (rev. 2025-09),https://www.ahrq.gov/sites/default/files/wysiwyg/chsp/compendium/chsp-compendium-2023-rev.xlsx,AHRQ Compendium 2023 (system file rev. 2025-09); systems as of end-2023,False,661411150.0,HCRIS FY2023 (FY2022 fallback); acute member hospitals; G-3 line 3,0,705255305.0,HCRIS FY2024 (periods beginning 2023-10-01..2024-09-30); acute member CCNs; annualized where needed,0,0,6.6,False,False,False,False,https://data.cms.gov/sites/default/files/2026-09/e85544f7-57ef-477e-9640-313ac0aac400/CostReport_2024_Final.csv,CMS Hospital Provider Cost Report FY2024 (periods beginning 2023-10-01..2024-09-30); file modified 2026-09-29,True,Union Health,unchanged,,https://www.union.health/news/mergerfinalizedbetweenunionhealthandterrehauteregionalhospital,2025-12-13,"Owned, accredited",High,"URAC SPP010437 + ACHC 82812, Union Hospital Specialty Pharmacy",Union Hospital Specialty Pharmacy,"Union Hospital, Inc. (member hospital)",URAC SPP010437 Specialty Pharmacy | ACHC 82812 Specialty Pharmacy Services,,"https://www.urac.org/directory/accreditation-details/?certification=SPP010437 | https://organization.achc.org/print?legalCompanyName=Union%20Hospital,%20Inc.&dbaCompanyName=Union%20Hospital%20Specialty%20Pharmacy&companyID=82812&full_address=Terre%20Haute%20,%20IN%2047804&physicalAddress=1606%20N.%207th%20Street%20Suite%20100,",2026-10-02,"Union Health is the acquirer of Terre Haute Regional Hospital (merger effective 2025-12-13, now Union Hospital Regional), so its own status is unchanged. Not on Shields list.",,
HSI00001431,Hays Medical Center,Hays,KS,KS,1,True,2,2,160.0,0.0,1.0,nonprofit,90.0,1,2023 (rev. 2025-09),https://www.ahrq.gov/sites/default/files/wysiwyg/chsp/compendium/chsp-compendium-2023-rev.xlsx,AHRQ Compendium 2023 (system file rev. 2025-09); systems as of end-2023,True,235377478.0,HCRIS FY2023 (FY2022 fallback); acute member hospitals; G-3 line 3,0,275797590.0,HCRIS FY2024 (periods beginning 2023-10-01..2024-09-30); acute member CCNs; annualized where needed,0,0,17.2,False,False,False,False,https://data.cms.gov/sites/default/files/2026-09/e85544f7-57ef-477e-9640-313ac0aac400/CostReport_2024_Final.csv,CMS Hospital Provider Cost Report FY2024 (periods beginning 2023-10-01..2024-09-30); file modified 2026-09-29,True,HaysMed (The University of Kansas Health System),acquired by,The University of Kansas Health System,https://www.kansashealthsystem.com/locations/haysmed,2020-04-13,"Owned, accredited",Low,"via The University of Kansas Health System: URAC-accredited KU specialty pharmacy plus home infusion, home delivery across Kansas; no Hays-specific page",The University of Kansas Health System Specialty Pharmacy | Medical Pavilion Pharmacy (HaysMed retail),The University of Kansas Health System,"URAC Specialty Pharmacy (KU Health System, per own site) | ACHC (KU Hospital pharmacy, per own site)",,https://www.kansashealthsystem.com/pharmacy-services/specialty-pharmacy | https://www.kansashealthsystem.com/locations/haysmed,2026-10-02,"Acquired 2020, before the 2023 compendium. No direct statement that Hays patients are served by KU specialty pharmacy, so Low.",,
HSI00000948,Salina Regional Health Center,Salina,KS,KS,1,True,4,3,206.0,0.0,2.0,church-operated,100.0,0,2023 (rev. 2025-09),https://www.ahrq.gov/sites/default/files/wysiwyg/chsp/compendium/chsp-compendium-2023-rev.xlsx,AHRQ Compendium 2023 (system file rev. 2025-09); systems as of end-2023,False,279978198.0,HCRIS FY2023 (FY2022 fallback); acute member hospitals; G-3 line 3,0,329273114.0,HCRIS FY2024 (periods beginning 2023-10-01..2024-09-30); acute member CCNs; annualized where needed,0,0,17.6,False,False,False,False,https://data.cms.gov/sites/default/files/2026-09/e85544f7-57ef-477e-9640-313ac0aac400/CostReport_2024_Final.csv,CMS Hospital Provider Cost Report FY2024 (periods beginning 2023-10-01..2024-09-30); file modified 2026-09-29,True,Salina Regional Health Center,unchanged,,https://www.srhc.com/services/home-medical-services/infusion-pharmacy.php,,"Owned, accredited",Medium,ACHC Specialty Pharmacy Services record (system is legal entity); infusion pharmacy web page,Salina Regional Hematology Oncology (specialty pharmacy) | Salina Regional Infusion Pharmacy,Salina Regional Health Center,ACHC 88881 Specialty Pharmacy Services,,"https://organization.achc.org/print?legalCompanyName=Salina%20Regional%20Health%20Center&dbaCompanyName=Salina%20Regional%20Hematology%20Oncology&companyID=88881&full_address=Salina,%20KS%2067401&physicalAddress=511%20S.%20Santa%20Fe%20Street, | https://www.srhc.com/services/home-medical-services/infusion-pharmacy.php",2026-10-02,"ACHC record held by the system under dba Hematology Oncology; own website describes only infusion pharmacy, so confidence is Medium. Not on Shields list.",,
HSI00001039,Stormont Vail Health,Topeka,KS,KS,1,True,2,2,442.0,0.0,1.0,nonprofit,100.0,0,2023 (rev. 2025-09),https://www.ahrq.gov/sites/default/files/wysiwyg/chsp/compendium/chsp-compendium-2023-rev.xlsx,AHRQ Compendium 2023 (system file rev. 2025-09); systems as of end-2023,False,884186805.0,HCRIS FY2023 (FY2022 fallback); acute member hospitals; G-3 line 3,1,978971118.0,HCRIS FY2024 (periods beginning 2023-10-01..2024-09-30); acute member CCNs; annualized where needed,0,0,10.7,False,True,False,False,https://data.cms.gov/sites/default/files/2026-09/e85544f7-57ef-477e-9640-313ac0aac400/CostReport_2024_Final.csv,CMS Hospital Provider Cost Report FY2024 (periods beginning 2023-10-01..2024-09-30); file modified 2026-09-29,True,Stormont Vail Health,unchanged,,https://www.stormontvail.org/stormont-vail-health-announces-transition-to-one-unified-brand/,2026-07-15,"Owned, accredited",High,"URAC SPP010598 + ACHC 83545 + NPPES agree on Stormont Vail Pharmacy, LLC","Stormont Vail Pharmacy, LLC | Stormont Vail Health Specialty Pharmacy","Stormont Vail Pharmacy, LLC (system subsidiary)",URAC SPP010598 Specialty Pharmacy | ACHC 83545 Specialty Pharmacy Services,,"https://www.urac.org/directory/accreditation-details/?certification=SPP010598 | https://organization.achc.org/print?legalCompanyName=Stormont%20Vail%20Pharmacy,%20LLC&dbaCompanyName=&companyID=83545&full_address=Topeka,%20KS%2066606&physicalAddress=830%20SW%20Lane%20St.%20Suite%20B, | https://npiregistry.cms.hhs.gov/provider-view/1992450878",2026-07-15,LLC name and Topeka address match the system; no outside manager found and not on Shields list. Cotton O'Neil brand folded into Stormont Vail in 2026.,,
HSI00000041,Appalachian Regional Healthcare,Lexington,KY,KY;WV,2,True,14,14,713.0,1.0,1.0,nonprofit,100.0,0,2023 (rev. 2025-09),https://www.ahrq.gov/sites/default/files/wysiwyg/chsp/compendium/chsp-compendium-2023-rev.xlsx,AHRQ Compendium 2023 (system file rev. 2025-09); systems as of end-2023,False,786401802.0,HCRIS FY2023 (FY2022 fallback); acute member hospitals; G-3 line 3,0,899751179.0,HCRIS FY2024 (periods beginning 2023-10-01..2024-09-30); acute member CCNs; annualized where needed,0,0,14.4,False,False,False,False,https://data.cms.gov/sites/default/files/2026-09/e85544f7-57ef-477e-9640-313ac0aac400/CostReport_2024_Final.csv,CMS Hospital Provider Cost Report FY2024 (periods beginning 2023-10-01..2024-09-30); file modified 2026-09-29,True,Appalachian Regional Healthcare,unchanged,,https://www.arh.org/about-us,,"Owned, accredited",High,URAC SPP010234 (ARH Inc. on behalf of ARH Specialty Pharmacy) + ARH pharmacy web page + NPPES specialty taxonomy,ARH Specialty Pharmacy | Barbourville ARH Specialty Pharmacy,"Appalachian Regional Healthcare, Inc.","URAC SPP010234 Specialty Pharmacy (eff 2024-07-01, exp 2027-07-01)",,https://www.urac.org/directory/accreditation-details/?certification=SPP010234 | https://www.arh.org/pharmacy | https://npiregistry.cms.hhs.gov/provider-view/1932606159,2026-10-02,All pharmacies are wholly owned by ARH; not on Shields list and no outside manager found. Rejected NPPES retail sites are system-owned but carry specialty taxonomy only secondarily.,,
HSI00000080,Baptist Healthcare System,Louisville,KY,IN;KY,2,True,10,10,2045.0,1.0,1.0,nonprofit,98.8,1,2023 (rev. 2025-09),https://www.ahrq.gov/sites/default/files/wysiwyg/chsp/compendium/chsp-compendium-2023-rev.xlsx,AHRQ Compendium 2023 (system file rev. 2025-09); systems as of end-2023,True,3554336946.0,HCRIS FY2023 (FY2022 fallback); acute member hospitals; G-3 line 3,0,848832250.0,HCRIS FY2024 (periods beginning 2023-10-01..2024-09-30); acute member CCNs; annualized where needed,6,0,-76.1,False,True,True,False,https://data.cms.gov/sites/default/files/2026-09/e85544f7-57ef-477e-9640-313ac0aac400/CostReport_2024_Final.csv,CMS Hospital Provider Cost Report FY2024 (periods beginning 2023-10-01..2024-09-30); file modified 2026-09-29,True,Baptist Healthcare System,unchanged,,https://www.lanereport.com/184529/2025/11/baptist-health-medical-group-expands-orthopedic-services-with-major-acquisition/,,"Owned, accredited",High,URAC + ACHC records and Baptist Health website/news release on URAC specialty accreditation,Baptist Health Shared Services Pharmacy | Baptist Health Shared Pharmacy Services Center | Baptist Health Home Infusion,"Baptist Healthcare System, Inc.",URAC SPP010561 Specialty Pharmacy | ACHC 96830 Specialty Pharmacy Services,,https://www.urac.org/directory/accreditation-details/?certification=SPP010561 | https://www.baptisthealth.com/about/news-center/2024/central-pharmacy-services-center-earns-urac-accreditation-in-specialty-pharmacy | https://www.baptisthealth.com/care-services/services/pharmacy/services/specialty-pharmacy-services,2024,"Wholly owned pharmacy at La Grange; Lexington community pharmacy also reported URAC specialty-accredited. Shields list Baptist Health entries are other systems; 2025 ASHN joint venture is home health, not pharmacy.",,
HSI00000244,Commonwealth Health Corporation,Bowling Green,KY,KY,1,True,6,5,413.0,0.0,1.0,nonprofit,100.0,0,2023 (rev. 2025-09),https://www.ahrq.gov/sites/default/files/wysiwyg/chsp/compendium/chsp-compendium-2023-rev.xlsx,AHRQ Compendium 2023 (system file rev. 2025-09); systems as of end-2023,False,554651258.0,HCRIS FY2023 (FY2022 fallback); acute member hospitals; G-3 line 3,0,689510393.0,HCRIS FY2024 (periods beginning 2023-10-01..2024-09-30); acute member CCNs; annualized where needed,1,0,24.3,False,True,False,False,https://data.cms.gov/sites/default/files/2026-09/e85544f7-57ef-477e-9640-313ac0aac400/CostReport_2024_Final.csv,CMS Hospital Provider Cost Report FY2024 (periods beginning 2023-10-01..2024-09-30); file modified 2026-09-29,True,Med Center Health,renamed,,https://medcenterhealth.org/,,Managed or partnered,Medium,Lane Report 2026-04-15: specialty pharmacy program with Clearway Health,Med Center Health specialty pharmacy program (Clearway Health),Med Center Health,,Clearway Health,https://www.lanereport.com/187189/2026/04/speciality-pharmacy-program-coming-to-bowling-green/ | https://medcenterhealth.org/,2026-04-15,"System now brands as Med Center Health; new embedded specialty pharmacy program announced with Clearway Health in April 2026, no accreditation found. Not on Shields list; Riverside Pharmacy is a compounding retail pharmacy.",,
HSI00000346,Ephraim Mcdowell Health,Danville,KY,KY,1,True,3,3,207.0,0.0,1.0,nonprofit,100.0,0,2023 (rev. 2025-09),https://www.ahrq.gov/sites/default/files/wysiwyg/chsp/compendium/chsp-compendium-2023-rev.xlsx,AHRQ Compendium 2023 (system file rev. 2025-09); systems as of end-2023,False,306764361.0,HCRIS FY2023 (FY2022 fallback); acute member hospitals; G-3 line 3,0,337987833.0,HCRIS FY2024 (periods beginning 2023-10-01..2024-09-30); acute member CCNs; annualized where needed,0,0,10.2,False,False,False,False,https://data.cms.gov/sites/default/files/2026-09/e85544f7-57ef-477e-9640-313ac0aac400/CostReport_2024_Final.csv,CMS Hospital Provider Cost Report FY2024 (periods beginning 2023-10-01..2024-09-30); file modified 2026-09-29,True,Ephraim McDowell Health,unchanged,,https://emhealth.org/about/,,Infusion or home infusion only,Medium,Health system pharmacy pages; CarepathRx 2021 press release (home infusion managed),Ephraim McDowell Home Infusion Pharmacy | Ephraim McDowell Regional Medical Center Outpatient Pharmacy,Ephraim McDowell Regional Medical Center,,CarepathRx,https://carepathrxllc.com/2021/03/03/ephraim-mcdowell-health-partnership/ | https://emhealth.org/service/pharmacy/,2021-03-03,"No URAC/ACHC/NPPES candidates; no specialty pharmacy found, only retail outpatient and home infusion pharmacy managed by CarepathRx (2021). Not on Shields list; could be argued Managed or partnered.",,
HSI00000771,Norton Healthcare,Louisville,KY,AL;IN;KY,3,True,7,7,1665.0,1.0,1.0,nonprofit,95.2,3,2023 (rev. 2025-09),https://www.ahrq.gov/sites/default/files/wysiwyg/chsp/compendium/chsp-compendium-2023-rev.xlsx,AHRQ Compendium 2023 (system file rev. 2025-09); systems as of end-2023,True,3210770521.0,HCRIS FY2023 (FY2022 fallback); acute member hospitals; G-3 line 3,2,3535608053.0,HCRIS FY2024 (periods beginning 2023-10-01..2024-09-30); acute member CCNs; annualized where needed,2,1,10.1,False,True,False,False,https://data.cms.gov/sites/default/files/2026-09/e85544f7-57ef-477e-9640-313ac0aac400/CostReport_2024_Final.csv,CMS Hospital Provider Cost Report FY2024 (periods beginning 2023-10-01..2024-09-30); file modified 2026-09-29,True,Norton Healthcare,unchanged,,https://nortonhealthcare.com/news/clark-and-scott-hospitals-join-norton-healthcare/,,"Owned, accredited",High,URAC SPP010721 and ACHC 74180 held by Norton Hospitals Inc; NPPES agrees; not on Shields list,Norton Specialty Pharmacy | Norton Pharmacy Home Infusion Services,"Norton Hospitals, Inc.",URAC SPP010721 Specialty Pharmacy | ACHC 74180 Specialty Pharmacy Services | ACHC 98718 Infusion Pharmacy Services,,https://www.urac.org/directory/accreditation-details/?certification=SPP010721 | https://npiregistry.cms.hhs.gov/provider-view/1629234703,2026-10-02,"Norton acquired Indiana hospitals from LifePoint (Harrison, Scott, Madison) but remains non-profit; no outside manager found. Own website pharmacy page not fetched, but two accreditations plus NPPES agree.",,
HSI00000802,Owensboro Health,Owensboro,KY,KY,1,True,3,3,398.0,1.0,1.0,nonprofit,100.0,0,2023 (rev. 2025-09),https://www.ahrq.gov/sites/default/files/wysiwyg/chsp/compendium/chsp-compendium-2023-rev.xlsx,AHRQ Compendium 2023 (system file rev. 2025-09); systems as of end-2023,False,783307316.0,HCRIS FY2023 (FY2022 fallback); acute member hospitals; G-3 line 3,0,885522026.0,HCRIS FY2024 (periods beginning 2023-10-01..2024-09-30); acute member CCNs; annualized where needed,0,0,13.0,False,False,False,False,https://data.cms.gov/sites/default/files/2026-09/e85544f7-57ef-477e-9640-313ac0aac400/CostReport_2024_Final.csv,CMS Hospital Provider Cost Report FY2024 (periods beginning 2023-10-01..2024-09-30); file modified 2026-09-29,True,Owensboro Health,unchanged,,https://www.owensborohealth.org/about/organizational-profile,,"Owned, accredited",High,URAC SPP010493 + ACHC 96602 + system web pages; not on Shields list,Owensboro Health Specialty Pharmacy,"Owensboro Health, Inc.",URAC SPP010493 Specialty Pharmacy | ACHC 96602 Specialty Pharmacy Services,,https://www.urac.org/directory/accreditation-details/?certification=SPP010493 | https://www.owensborohealth.org/services/specialty-pharmacy,2026-10-02,"Optum partnership covers revenue cycle and IT only, not pharmacy. Owensboro homepage fetch returned 403.",,
HSI00001423,Pikeville Medical Center,Pikeville,KY,KY,1,True,1,1,328.0,0.0,1.0,nonprofit,100.0,0,2023 (rev. 2025-09),https://www.ahrq.gov/sites/default/files/wysiwyg/chsp/compendium/chsp-compendium-2023-rev.xlsx,AHRQ Compendium 2023 (system file rev. 2025-09); systems as of end-2023,False,600022319.0,HCRIS FY2023 (FY2022 fallback); acute member hospitals; G-3 line 3,0,633386386.0,HCRIS FY2024 (periods beginning 2023-10-01..2024-09-30); acute member CCNs; annualized where needed,0,0,5.6,False,False,False,False,https://data.cms.gov/sites/default/files/2026-09/e85544f7-57ef-477e-9640-313ac0aac400/CostReport_2024_Final.csv,CMS Hospital Provider Cost Report FY2024 (periods beginning 2023-10-01..2024-09-30); file modified 2026-09-29,True,Pikeville Medical Center,unchanged,,https://www.pmcky.org/about-pikeville-medical-center/,,"Owned, accredited",High,URAC SPP010172 + ACHC 79388 + PMC website,Pikeville Medical Center Specialty Pharmacy,"Pikeville Medical Center, Inc.",URAC SPP010172 Specialty Pharmacy | ACHC 79388 Specialty Pharmacy Services,,https://www.urac.org/directory/accreditation-details/?certification=SPP010172 | https://www.pmcky.org/pharmacy/specialty-pharmacy/ | https://www.pmcky.org/about-pikeville-medical-center/,2026-10-02,"PMC received a 2020 Comprehensive Pharmacy Services award, suggesting CPS may manage hospital pharmacy, but no evidence it manages the specialty pharmacy. Joined UK Gill Heart affiliate network in 2026 (affiliation only).",,
HSI00000914,Saint Claire Regional Medical Center,Morehead,KY,KY,1,True,1,1,100.0,1.0,1.0,nonprofit,100.0,0,2023 (rev. 2025-09),https://www.ahrq.gov/sites/default/files/wysiwyg/chsp/compendium/chsp-compendium-2023-rev.xlsx,AHRQ Compendium 2023 (system file rev. 2025-09); systems as of end-2023,False,204486429.0,HCRIS FY2023 (FY2022 fallback); acute member hospitals; G-3 line 3,0,,HCRIS FY2024 (periods beginning 2023-10-01..2024-09-30); acute member CCNs; annualized where needed,1,0,,False,True,False,False,https://data.cms.gov/sites/default/files/2026-09/e85544f7-57ef-477e-9640-313ac0aac400/CostReport_2024_Final.csv,CMS Hospital Provider Cost Report FY2024 (periods beginning 2023-10-01..2024-09-30); file modified 2026-09-29,True,UK St. Claire HealthCare,acquired by,University of Kentucky (UK HealthCare),https://uknow.uky.edu/uk-healthcare/st-claire-healthcare-officially-becomes-part-uk,,"Owned, accredited",Low,"via UK HealthCare: UK specialty pharmacy (Lexington) stated URAC+ACHC accredited on pharmacy.uky.edu; UK St. Claire's own pharmacy is retail only and a specialty pharmacist posting hints at integration, service of St. Claire not confirmed",UK HealthCare Specialty Pharmacy | UK St. Claire Retail Pharmacy,University of Kentucky (UK HealthCare),"URAC Specialty Pharmacy (UK HealthCare, record id not verified) | ACHC Specialty Pharmacy Services (UK HealthCare, record id not verified)",,https://pharmacy.uky.edu/pgy1-programs/pgy1-specialty-pharmacy | https://www.st-claire.org/services/pharmacy,2026-10-02,Confidence Low because the link between UK's specialty pharmacy and St. Claire patients is inferred from acquirer rule; accreditation record IDs not fetched.,,HSI00001174
HSI00000917,Saint Elizabeth Healthcare,Edgewood,KY,IN;KY,2,True,5,5,755.0,0.0,2.0,church-operated,100.0,0,2023 (rev. 2025-09),https://www.ahrq.gov/sites/default/files/wysiwyg/chsp/compendium/chsp-compendium-2023-rev.xlsx,AHRQ Compendium 2023 (system file rev. 2025-09); systems as of end-2023,False,1716760949.0,HCRIS FY2023 (FY2022 fallback); acute member hospitals; G-3 line 3,0,1818915605.0,HCRIS FY2024 (periods beginning 2023-10-01..2024-09-30); acute member CCNs; annualized where needed,0,0,6.0,False,False,False,False,https://data.cms.gov/sites/default/files/2026-09/e85544f7-57ef-477e-9640-313ac0aac400/CostReport_2024_Final.csv,CMS Hospital Provider Cost Report FY2024 (periods beginning 2023-10-01..2024-09-30); file modified 2026-09-29,True,St. Elizabeth Healthcare,unchanged,,https://www.stelizabeth.com/about/,,"Owned, accredited",High,URAC SPP010664 + ACHC 83615 + system web page + NPPES,St. Elizabeth Healthcare Specialty Pharmacy,"St. Elizabeth Medical Center, Inc.",URAC SPP010664 Specialty Pharmacy | ACHC 83615 Specialty Pharmacy Services,,https://www.stelizabeth.com/medical-services/pharmacy-services/specialty-pharmacy/ | https://www.urac.org/directory/accreditation-details/?certification=SPP010664,2026-10-02,Same address as main hospital; not on Shields list.,,
HSI00001053,T J Regional Health,Glasgow,KY,KY,1,True,2,2,161.0,0.0,1.0,nonprofit,100.0,0,2023 (rev. 2025-09),https://www.ahrq.gov/sites/default/files/wysiwyg/chsp/compendium/chsp-compendium-2023-rev.xlsx,AHRQ Compendium 2023 (system file rev. 2025-09); systems as of end-2023,False,238020746.0,HCRIS FY2023 (FY2022 fallback); acute member hospitals; G-3 line 3,0,267987897.0,HCRIS FY2024 (periods beginning 2023-10-01..2024-09-30); acute member CCNs; annualized where needed,0,0,12.6,False,False,False,False,https://data.cms.gov/sites/default/files/2026-09/e85544f7-57ef-477e-9640-313ac0aac400/CostReport_2024_Final.csv,CMS Hospital Provider Cost Report FY2024 (periods beginning 2023-10-01..2024-09-30); file modified 2026-09-29,True,T.J. Regional Health,unchanged,,https://www.wbko.com/2025/10/23/tj-regional-looks-open-first-warren-county-clinic-by-2026/,,"Owned, accredited",High,"System web page (Specialty Pharmacy, T.J. Health Pavilion) plus local news of ACHC accreditation; no URAC/ACHC/NPPES candidates matched",T.J. Pavilion Specialty Pharmacy,T.J. Regional Health,"ACHC Specialty Pharmacy (T.J. Pavilion Specialty Pharmacy; accreditation reported March 2025, ACHC number not seen)",,https://www.tjregionalhealth.org/services/pharmacy/specialtypharmacy/ | https://www.tjregionalhealth.org/destination-health/issues/october-2024/specialty-pharmacy-now-open/ | https://1037whht.com/2025/03/04/t-j-pavilion-pharmacy-receives-accreditation/ | https://wtcoradio.com/t-j-pavilion-specialty-pharmacy-now-achc-accredited/,2025-03-04,Specialty pharmacy opened Oct 2024 and ACHC accreditation reported March 2025 by local media; one snippet also mentions URAC but unverified. Not on Shields list; no outside manager found.,,
HSI00001174,University of Kentucky Healthcare,Lexington,KY,KY;OH,2,True,5,4,1521.0,1.0,1.0,nonprofit,100.0,0,2023 (rev. 2025-09),https://www.ahrq.gov/sites/default/files/wysiwyg/chsp/compendium/chsp-compendium-2023-rev.xlsx,AHRQ Compendium 2023 (system file rev. 2025-09); systems as of end-2023,False,2903076326.0,HCRIS FY2023 (FY2022 fallback); acute member hospitals; G-3 line 3,1,3134970910.0,HCRIS FY2024 (periods beginning 2023-10-01..2024-09-30); acute member CCNs; annualized where needed,1,2,8.0,False,True,False,False,https://data.cms.gov/sites/default/files/2026-09/e85544f7-57ef-477e-9640-313ac0aac400/CostReport_2024_Final.csv,CMS Hospital Provider Cost Report FY2024 (periods beginning 2023-10-01..2024-09-30); file modified 2026-09-29,True,UK HealthCare,unchanged,,https://en.wikipedia.org/wiki/UK_HealthCare,,"Owned, accredited",High,URAC SPP010673/SPP010070/rdcoe010002 + ACHC 72604 (UK Specialty Pharmacy & Infusion Services) + King's Daughters URAC SPP010634,UK Specialty Pharmacy & Infusion Services | King's Daughters Specialty Pharmacy,University of Kentucky (parent); Ashland Hospital Corporation (UK King's Daughters),URAC SPP010673 Specialty Pharmacy | URAC SPP010070 Specialty Pharmacy | URAC rdcoe010002 Rare Disease Pharmacy Center of Excellence | ACHC 72604 Specialty Pharmacy Services | URAC SPP010634 Specialty Pharmacy (King's Daughters),,https://www.urac.org/directory/accreditation-details/?certification=SPP010673 | https://uknow.uky.edu/uk-healthcare/uk-king-s-daughters-joins-kch-affiliate-network | https://www.kingsdaughtershealth.com/services/pharmacy-services/family-pharmacy-retail-pharmacy-/,2026-10-02,King's Daughters (Ashland) became part of UK in Dec 2022. No UK specialty pharmacy web page was fetched; the call rests on two accreditors plus NPPES.,,
HSI00001377,UofL Health,Louisville,KY,KY,1,True,7,5,1154.0,1.0,1.0,nonprofit,100.0,0,2023 (rev. 2025-09),https://www.ahrq.gov/sites/default/files/wysiwyg/chsp/compendium/chsp-compendium-2023-rev.xlsx,AHRQ Compendium 2023 (system file rev. 2025-09); systems as of end-2023,False,1971547962.0,HCRIS FY2023 (FY2022 fallback); acute member hospitals; G-3 line 3,2,2210620892.0,HCRIS FY2024 (periods beginning 2023-10-01..2024-09-30); acute member CCNs; annualized where needed,2,0,12.1,False,True,False,False,https://data.cms.gov/sites/default/files/2026-09/e85544f7-57ef-477e-9640-313ac0aac400/CostReport_2024_Final.csv,CMS Hospital Provider Cost Report FY2024 (periods beginning 2023-10-01..2024-09-30); file modified 2026-09-29,True,UofL Health,unchanged,,https://uoflhealth.org/services/specialty-pharmacy/,,Managed or partnered,Medium,UofL Health 2018 news release: hospital-owned specialty pharmacy built with Comprehensive Pharmacy Services (CPS); URAC 2020 and ACHC 2021 per UofL news,UofL Health - Specialty Pharmacy,University of Louisville Hospital / UofL Health,"URAC Specialty Pharmacy (Jan 2020, per UofL Health; not in roster candidates) | ACHC Specialty Pharmacy (Jan 2021, per UofL Health)",Comprehensive Pharmacy Services (CPS),https://uoflhealth.org/news/cps-ambulatory-and-specialty-pharmacy-helps-university-of-louisville-hospital-expand-services-to-patients-with-complex-chronic-disease/ | https://uoflhealth.org/news/uofl-health-specialty-pharmacy-achieves-accreditation/ | https://uoflhealth.org/services/specialty-pharmacy/,2018-05-08,"CPS management evidence is from 2018 and current CPS involvement is not re-confirmed; if no longer involved this would be Owned, accredited. Neither URAC nor ACHC roster candidates matched, so accreditations rest on system press only.",,
HSI00000089,Baton Rouge General Health System,Baton Rouge,LA,LA,1,True,2,2,425.0,1.0,1.0,nonprofit,100.0,0,2023 (rev. 2025-09),https://www.ahrq.gov/sites/default/files/wysiwyg/chsp/compendium/chsp-compendium-2023-rev.xlsx,AHRQ Compendium 2023 (system file rev. 2025-09); systems as of end-2023,False,538948585.0,HCRIS FY2023 (FY2022 fallback); acute member hospitals; G-3 line 3,0,536962056.0,HCRIS FY2024 (periods beginning 2023-10-01..2024-09-30); acute member CCNs; annualized where needed,0,0,-0.4,False,False,False,False,https://data.cms.gov/sites/default/files/2026-09/e85544f7-57ef-477e-9640-313ac0aac400/CostReport_2024_Final.csv,CMS Hospital Provider Cost Report FY2024 (periods beginning 2023-10-01..2024-09-30); file modified 2026-09-29,True,Baton Rouge General,unchanged,,https://www.brgeneral.org/patient-center/pharmacy-services,,"Owned, accredited",High,URAC SPP010623 + ACHC 97339 records plus BRG website stating specialty pharmacy holds URAC and ACHC accreditation,Baton Rouge General Specialty Pharmacy | Baton Rouge General Compounding Pharmacy,Baton Rouge General Medical Center,URAC SPP010623 Specialty Pharmacy | ACHC 97339 Specialty Pharmacy Services,,https://www.brgeneral.org/patient-center/pharmacy-services | https://www.urac.org/directory/accreditation-details/?certification=SPP010623,2026-10-02,"A 2016 Ochsner partnership announcement was found, with no sign of a merger, rename or outside pharmacy manager; BRG not on Shields list (FMOLHS Baton Rouge is a different system).",,
HSI00000376,Franciscan Missionaries of Our Lady Health System,Baton Rouge,LA,LA;MS,2,True,11,9,1940.0,1.0,2.0,church-operated,98.7,1,2023 (rev. 2025-09),https://www.ahrq.gov/sites/default/files/wysiwyg/chsp/compendium/chsp-compendium-2023-rev.xlsx,AHRQ Compendium 2023 (system file rev. 2025-09); systems as of end-2023,True,2649299658.0,HCRIS FY2023 (FY2022 fallback); acute member hospitals; G-3 line 3,2,3235885429.0,HCRIS FY2024 (periods beginning 2023-10-01..2024-09-30); acute member CCNs; annualized where needed,3,0,22.1,False,True,False,False,https://data.cms.gov/sites/default/files/2026-09/e85544f7-57ef-477e-9640-313ac0aac400/CostReport_2024_Final.csv,CMS Hospital Provider Cost Report FY2024 (periods beginning 2023-10-01..2024-09-30); file modified 2026-09-29,True,FMOL Health,renamed,,https://www.chausa.org/news-and-publications/publications/catholic-health-world/archives/november-2025/franciscan-missionaries-of-our-lady-health-system-is-now-fmol-health,2025-11-03,Managed or partnered,High,Shields partner list (Baton Rouge LA and Jackson MS) and Shields announcement; URAC and ACHC records for RxONE,RxONE Lake | Rx ONE / St. Dominic | RxONE Lourdes,"Franciscan Missionaries of Our Lady Health System, Inc.",URAC SPP010434 Specialty Pharmacy | ACHC 74448 Specialty Pharmacy Services | ACHC 97876 Specialty Pharmacy Services,Shields Health Solutions,https://shieldshealthsolutions.com/franciscan-missionaries-of-our-lady-health-system-partners-with-shields-health-solutions-to-enhance-statewide-specialty-pharmacy-services/ | https://www.urac.org/directory/accreditation-details/?certification=SPP010434 | https://shieldshealthsolutions.com/about-us/partner-health-systems,2026-10-02,"System-owned RxONE pharmacies are accredited and the system is a Shields partner, so Managed or partnered takes precedence. No evidence of merger or rename found in the Shields announcement or search; status URL is the Shields page rather than a system page.",,
HSI00000555,LCMC Health System,New Orleans,LA,LA,1,True,11,10,1895.0,1.0,1.0,nonprofit,96.8,2,2023 (rev. 2025-09),https://www.ahrq.gov/sites/default/files/wysiwyg/chsp/compendium/chsp-compendium-2023-rev.xlsx,AHRQ Compendium 2023 (system file rev. 2025-09); systems as of end-2023,True,3525124939.0,HCRIS FY2023 (FY2022 fallback); acute member hospitals; G-3 line 3,2,3263491487.0,HCRIS FY2024 (periods beginning 2023-10-01..2024-09-30); acute member CCNs; annualized where needed,3,0,-7.4,False,True,False,False,https://data.cms.gov/sites/default/files/2026-09/e85544f7-57ef-477e-9640-313ac0aac400/CostReport_2024_Final.csv,CMS Hospital Provider Cost Report FY2024 (periods beginning 2023-10-01..2024-09-30); file modified 2026-09-29,True,LCMC Health System,unchanged,,https://www.fiercehealthcare.com/providers/hca-healthcare-selling-3-tulane-university-hospitals-lcmc-health,,"Owned, accredited",High,URAC SPP010098 and SPP010661 plus ACHC 87936 and 93757; LCMC website outpatient specialty pharmacy page,LCMC Health Pharmacy Services | LCMC Health Pharmacy Services - Lakeside,"University Medical Center Management Corp. and University Healthcare System, L.C. (LCMC entities)",URAC SPP010098 Specialty Pharmacy | URAC SPP010661 Specialty Pharmacy | ACHC 87936 Specialty Pharmacy Services | ACHC 93757 Specialty Pharmacy Services,,https://www.lcmchealth.org/our-locations/lcmc-health-pharmacy-services/ | https://www.urac.org/directory/accreditation-details/?certification=SPP010098 | https://www.urac.org/directory/accreditation-details/?certification=SPP010661,2026-10-02,Not on Shields list. East Jefferson KTN infusion pharmacy may be a JV or affiliate and was not confirmed.,,
HSI00000564,Lake Charles Memorial Health System,Lake Charles,LA,LA,1,True,2,1,227.0,0.0,1.0,nonprofit,100.0,0,2023 (rev. 2025-09),https://www.ahrq.gov/sites/default/files/wysiwyg/chsp/compendium/chsp-compendium-2023-rev.xlsx,AHRQ Compendium 2023 (system file rev. 2025-09); systems as of end-2023,False,366735864.0,HCRIS FY2023 (FY2022 fallback); acute member hospitals; G-3 line 3,0,391395725.0,HCRIS FY2024 (periods beginning 2023-10-01..2024-09-30); acute member CCNs; annualized where needed,0,0,6.7,False,False,False,False,https://data.cms.gov/sites/default/files/2026-09/e85544f7-57ef-477e-9640-313ac0aac400/CostReport_2024_Final.csv,CMS Hospital Provider Cost Report FY2024 (periods beginning 2023-10-01..2024-09-30); file modified 2026-09-29,True,Lake Charles Memorial Health System,unchanged,,https://www.lcmh.com/blog/2023/september/lake-charles-memorial-health-system-and-south-ca/,,"Owned, accredited",High,"URAC SPP010547 and ACHC 87337 held by Southwest Louisiana Hospital Association (hospital legal entity), plus hospital web page and NPPES",Lake Charles Memorial Specialty Pharmacy,Southwest Louisiana Hospital Association d/b/a Lake Charles Memorial Hospital,URAC SPP010547 Specialty Pharmacy | ACHC 87337 Specialty Pharmacy Services,,https://www.lcmh.com/locations/specialty-pharmacy/ | https://www.urac.org/directory/accreditation-details/?certification=SPP010547,2026-10-02,No merger or rename found; clinical affiliation with Beauregard Health System only. Not on Shields list.,,
HSI00000780,Ochsner Health System,New Orleans,LA,AL;LA;MS,3,True,36,30,3280.0,1.0,1.0,nonprofit,88.8,5,2023 (rev. 2025-09),https://www.ahrq.gov/sites/default/files/wysiwyg/chsp/compendium/chsp-compendium-2023-rev.xlsx,AHRQ Compendium 2023 (system file rev. 2025-09); systems as of end-2023,True,5234566614.0,HCRIS FY2023 (FY2022 fallback); acute member hospitals; G-3 line 3,4,5853446510.0,HCRIS FY2024 (periods beginning 2023-10-01..2024-09-30); acute member CCNs; annualized where needed,5,0,11.8,False,True,False,False,https://data.cms.gov/sites/default/files/2026-09/e85544f7-57ef-477e-9640-313ac0aac400/CostReport_2024_Final.csv,CMS Hospital Provider Cost Report FY2024 (periods beginning 2023-10-01..2024-09-30); file modified 2026-09-29,True,Ochsner Health,unchanged,,https://www.ochsner.org/about,,Managed or partnered,High,"Shields partner list (Ochsner Health System, several rows); URAC SPP010533; Ochsner web page",Ochsner Specialty Pharmacy (New Orleans) | Ochsner Specialty Pharmacy - Baton Rouge,"Ochsner Pharmacy and Wellness, LLC (Ochsner subsidiary)",URAC SPP010533 Specialty Pharmacy | The Joint Commission (per Ochsner web page),Shields Health Solutions,https://shieldshealthsolutions.com/about-us/partner-health-systems | https://www.ochsner.org/services/specialty-pharmacy/ | https://www.urac.org/directory/accreditation-details/?certification=SPP010533 | https://npiregistry.cms.hhs.gov/provider-view/1760836381,2026-10-02,"System is on the Shields partner list, which drives Managed or partnered; the pharmacy is owned by an Ochsner LLC and URAC accredited. Ochsner web pages do not themselves mention Shields.",,
HSI00001263,Willis Knighton Health System,Shreveport,LA,LA,1,True,3,3,720.0,0.0,1.0,nonprofit,100.0,0,2023 (rev. 2025-09),https://www.ahrq.gov/sites/default/files/wysiwyg/chsp/compendium/chsp-compendium-2023-rev.xlsx,AHRQ Compendium 2023 (system file rev. 2025-09); systems as of end-2023,False,1099247817.0,HCRIS FY2023 (FY2022 fallback); acute member hospitals; G-3 line 3,1,1221930358.0,HCRIS FY2024 (periods beginning 2023-10-01..2024-09-30); acute member CCNs; annualized where needed,1,0,11.2,False,True,False,False,https://data.cms.gov/sites/default/files/2026-09/e85544f7-57ef-477e-9640-313ac0aac400/CostReport_2024_Final.csv,CMS Hospital Provider Cost Report FY2024 (periods beginning 2023-10-01..2024-09-30); file modified 2026-09-29,True,Willis Knighton Health,unchanged,,https://www.wkhs.com/news-and-stories/wk-news/2025/10/31/willis-knighton-health-announces-ruston-building,,None found,Low,No candidates; wkhs.com pages show only inpatient pharmacies and home-health infusion nursing,,,,,https://www.wkhs.com/home-health/services,2026-10-02,"Only home-health infusion therapy (nursing) found, no specialty or infusion pharmacy; own-site search was limited so confidence is Low.",,
HSI00000097,Baystate Health,Springfield,MA,MA,1,True,4,4,939.0,0.0,1.0,nonprofit,100.0,0,2023 (rev. 2025-09),https://www.ahrq.gov/sites/default/files/wysiwyg/chsp/compendium/chsp-compendium-2023-rev.xlsx,AHRQ Compendium 2023 (system file rev. 2025-09); systems as of end-2023,False,1861353608.0,HCRIS FY2023 (FY2022 fallback); acute member hospitals; G-3 line 3,0,1938946159.0,HCRIS FY2024 (periods beginning 2023-10-01..2024-09-30); acute member CCNs; annualized where needed,0,0,4.2,False,False,False,False,https://data.cms.gov/sites/default/files/2026-09/e85544f7-57ef-477e-9640-313ac0aac400/CostReport_2024_Final.csv,CMS Hospital Provider Cost Report FY2024 (periods beginning 2023-10-01..2024-09-30); file modified 2026-09-29,True,Baystate Health,unchanged,,https://www.wwlp.com/news/local-news/hampden-county/mercy-medical-center-to-be-acquired-by-baystate-health-by-november-2026/,,Managed or partnered,High,"Shields partner list (Baystate Health, Springfield MA) plus URAC and ACHC records",Baystate Specialty Pharmacy,"Baystate Medical Center, Inc.",URAC SPP010177 Specialty Pharmacy | ACHC 74154 Specialty Pharmacy Services,Shields Health Solutions,https://shieldshealthsolutions.com/about-us/partner-health-systems | https://www.baystatehealth.org/locations/tolosky-center/specialty-pharmacy | https://www.urac.org/directory/accreditation-details/?certification=SPP010177,2026-10-02,"Baystate is acquiring Mercy Medical Center, expected effective 2026-11-01 pending approval; system itself unchanged. Shields partner rule drives tier.",,
HSI00000109,Berkshire Health Systems,Pittsfield,MA,MA,1,True,2,2,262.0,0.0,1.0,nonprofit,100.0,0,2023 (rev. 2025-09),https://www.ahrq.gov/sites/default/files/wysiwyg/chsp/compendium/chsp-compendium-2023-rev.xlsx,AHRQ Compendium 2023 (system file rev. 2025-09); systems as of end-2023,False,639037000.0,HCRIS FY2023 (FY2022 fallback); acute member hospitals; G-3 line 3,0,658941608.0,HCRIS FY2024 (periods beginning 2023-10-01..2024-09-30); acute member CCNs; annualized where needed,0,0,3.1,False,False,False,False,https://data.cms.gov/sites/default/files/2026-09/e85544f7-57ef-477e-9640-313ac0aac400/CostReport_2024_Final.csv,CMS Hospital Provider Cost Report FY2024 (periods beginning 2023-10-01..2024-09-30); file modified 2026-09-29,True,Berkshire Health Systems,unchanged,,https://www.berkshirehealthsystems.org/location/berkshire-community-pharmacy/,,Managed or partnered,High,"Shields partner list (Pittsfield, MA) + system page + Becker's; URAC and ACHC confirmed",Berkshire Community & Specialty Pharmacy of BMC,"Berkshire Medical Center, Inc. (system)",URAC SPP010178 Specialty Pharmacy | ACHC 74142 Specialty Pharmacy Services,Shields Health Solutions,https://www.berkshirehealthsystems.org/location/berkshire-community-pharmacy/ | https://www.beckershospitalreview.com/quality/hospital-physician-relationships/berkshire-health-systems-and-shields-health-solutions-launch-groundbreaking-diabetes-care-program-at-berkshire-medical-center/ | https://www.urac.org/directory/accreditation-details/?certification=SPP010178 | https://shieldshealthsolutions.com/about-us/partner-health-systems,2026-10-02,"Shields partnership since 2015; North Adams hospital reopened 2024 as Berkshire Health North under BHS. Both NPPES records are same pharmacy, last updated 2018.",,
HSI00001416,Beth Israel Lahey Health,Cambridge,MA,MA,1,True,10,9,2146.0,0.0,1.0,nonprofit,84.0,1,2023 (rev. 2025-09),https://www.ahrq.gov/sites/default/files/wysiwyg/chsp/compendium/chsp-compendium-2023-rev.xlsx,AHRQ Compendium 2023 (system file rev. 2025-09); systems as of end-2023,True,4956408633.0,HCRIS FY2023 (FY2022 fallback); acute member hospitals; G-3 line 3,0,5211400740.0,HCRIS FY2024 (periods beginning 2023-10-01..2024-09-30); acute member CCNs; annualized where needed,0,0,5.1,False,False,False,False,https://data.cms.gov/sites/default/files/2026-09/e85544f7-57ef-477e-9640-313ac0aac400/CostReport_2024_Final.csv,CMS Hospital Provider Cost Report FY2024 (periods beginning 2023-10-01..2024-09-30); file modified 2026-09-29,True,Beth Israel Lahey Health,unchanged,,https://en.wikipedia.org/wiki/Beth_Israel_Lahey_Health,,"Owned, accredited",High,URAC SPP010425 + ACHC 75394 + BILH pharmacy web page,BILH Specialty Pharmacy,"Beth Israel Lahey Health Pharmacy, Inc. (system subsidiary)",URAC SPP010425 Specialty Pharmacy | URAC rdcoe010028 Rare Disease Pharmacy Center of Excellence | ACHC 75394 Specialty Pharmacy Services,,https://bilh.org/care-options/pharmacy | https://bilh.org/about/awards-accreditations | https://www.urac.org/directory/accreditation-details/?certification=SPP010425,2026-10-02,Three NPPES records are duplicates of the same Westwood pharmacy. Not on Shields list.,,
HSI00000130,Boston Childrens Hospital,Boston,MA,MA,1,True,1,1,485.0,0.0,1.0,nonprofit,100.0,0,2023 (rev. 2025-09),https://www.ahrq.gov/sites/default/files/wysiwyg/chsp/compendium/chsp-compendium-2023-rev.xlsx,AHRQ Compendium 2023 (system file rev. 2025-09); systems as of end-2023,False,1856193148.0,HCRIS FY2023 (FY2022 fallback); acute member hospitals; G-3 line 3,0,2002424520.0,HCRIS FY2024 (periods beginning 2023-10-01..2024-09-30); acute member CCNs; annualized where needed,0,0,7.9,False,False,False,False,https://data.cms.gov/sites/default/files/2026-09/e85544f7-57ef-477e-9640-313ac0aac400/CostReport_2024_Final.csv,CMS Hospital Provider Cost Report FY2024 (periods beginning 2023-10-01..2024-09-30); file modified 2026-09-29,True,Boston Children's Hospital,unchanged,,https://www.childrenshospital.org/services/pharmacy,,Managed or partnered,High,"On Shields partner list (Boston Childrens); Shields 2022 press release; URAC and ACHC records for Boston Children's Health Solutions RX, LLC","Boston Children's Pharmacy | Boston Children's Health Solutions RX, LLC","Boston Children's Health Solutions RX, LLC (hospital subsidiary)",URAC SPP010523 Specialty Pharmacy | ACHC 87471 Specialty Pharmacy Services,Shields Health Solutions,"https://shieldshealthsolutions.com/shields-health-solutions-and-boston-childrens-hospital-collaborate-to-give-patients-and-families-enhanced-specialty-pharmacy-services/ | https://www.urac.org/directory/accreditation-details/?certification=SPP010523 | https://organization.achc.org/print?legalCompanyName=Boston%20Children's%20Health%20Solutions%20RX,%20LLC&dbaCompanyName=Boston%20Children's%20Pharmacy&companyID=87471&full_address=Boston,%20MA%2002115&physicalAddress=283%20Longwood%20Avenue, | https://npiregistry.cms.hhs.gov/provider-view/1821703943 | https://shieldshealthsolutions.com/about-us/partner-health-systems",2022-03-08,Retail dispensing began at 283 Longwood Ave per search results; the three NPPES records are the same subsidiary (one carries the specialty taxonomy as primary).,,
HSI00000131,Boston Medical Center,Boston,MA,MA,1,True,1,1,442.0,1.0,1.0,nonprofit,100.0,0,2023 (rev. 2025-09),https://www.ahrq.gov/sites/default/files/wysiwyg/chsp/compendium/chsp-compendium-2023-rev.xlsx,AHRQ Compendium 2023 (system file rev. 2025-09); systems as of end-2023,False,1406292265.0,HCRIS FY2023 (FY2022 fallback); acute member hospitals; G-3 line 3,0,1530714893.0,HCRIS FY2024 (periods beginning 2023-10-01..2024-09-30); acute member CCNs; annualized where needed,0,0,8.8,False,False,False,False,https://data.cms.gov/sites/default/files/2026-09/e85544f7-57ef-477e-9640-313ac0aac400/CostReport_2024_Final.csv,CMS Hospital Provider Cost Report FY2024 (periods beginning 2023-10-01..2024-09-30); file modified 2026-09-29,True,Boston Medical Center,unchanged,,https://www.clearwayhealth.com/post/cornerstone-health-solutions-announces-new-name-and-brand,,Managed or partnered,High,URAC SPP010449 and ACHC 97255/97256/97257 held by BMC Corporation pharmacies; NPPES agrees,Cornerstone Health Solutions (Clearway Health origin) | Shapiro Pharmacy | Yawkey Pharmacy,Boston Medical Center Corporation,URAC SPP010449 Specialty Pharmacy | ACHC 97255 Specialty Pharmacy Services | ACHC 97256 Specialty Pharmacy Services | ACHC 97257 Specialty Pharmacy Services,Shields Health Solutions,https://www.urac.org/directory/accreditation-details/?certification=SPP010449 | https://www.clearwayhealth.com/post/cornerstone-health-solutions-announces-new-name-and-brand | https://npiregistry.cms.hhs.gov/provider-view/1942819164 | https://shieldshealthsolutions.com/about-us/partner-health-systems,2026-10-02,"Clearway Health (ex-Cornerstone) was founded by BMC to build programs for other systems; BMC owns its own specialty pharmacies. NPI 1457064388 (East Boston, 2023) is weakly corroborated but the name matches BMC Corporation.","on Shields partner list: Owned, accredited -> Managed or partnered",
HSI00000161,Cape Cod Healthcare,Hyannis,MA,MA,1,True,2,2,320.0,0.0,1.0,nonprofit,100.0,0,2023 (rev. 2025-09),https://www.ahrq.gov/sites/default/files/wysiwyg/chsp/compendium/chsp-compendium-2023-rev.xlsx,AHRQ Compendium 2023 (system file rev. 2025-09); systems as of end-2023,False,867748836.0,HCRIS FY2023 (FY2022 fallback); acute member hospitals; G-3 line 3,0,875621103.0,HCRIS FY2024 (periods beginning 2023-10-01..2024-09-30); acute member CCNs; annualized where needed,0,0,0.9,False,False,False,False,https://data.cms.gov/sites/default/files/2026-09/e85544f7-57ef-477e-9640-313ac0aac400/CostReport_2024_Final.csv,CMS Hospital Provider Cost Report FY2024 (periods beginning 2023-10-01..2024-09-30); file modified 2026-09-29,True,Cape Cod Healthcare,unchanged,,https://www.capecodhealth.org/about/,,"Owned, not accredited",Medium,"System web page (Cape Cod Healthcare Specialty Pharmacy, Falmouth); no URAC/ACHC found; not on Shields list",Cape Cod Healthcare Specialty Pharmacy,Cape Cod Healthcare,,,https://www.capecodhealth.org/medical-services/pharmacy/specialty-pharmacy/ | https://www.capecodhealth.org/medical-services/pharmacy/,2026-10-02,"System-run specialty pharmacy dispenses to patients with delivery and 24/7 pharmacist; no accreditation or outside manager found. 2025 Broad Reach partnership concerns home care, and CCHC Inc. membership was eliminated in June 2026 (governance only).",,
HSI00000287,Covenant Health Systems,Tewksbury,MA,ME;NH,2,False,3,3,399.0,1.0,2.0,church-operated,100.0,0,2023 (rev. 2025-09),https://www.ahrq.gov/sites/default/files/wysiwyg/chsp/compendium/chsp-compendium-2023-rev.xlsx,AHRQ Compendium 2023 (system file rev. 2025-09); systems as of end-2023,False,666152247.0,HCRIS FY2023 (FY2022 fallback); acute member hospitals; G-3 line 3,0,702297011.0,HCRIS FY2024 (periods beginning 2023-10-01..2024-09-30); acute member CCNs; annualized where needed,0,0,5.4,False,False,False,False,https://data.cms.gov/sites/default/files/2026-09/e85544f7-57ef-477e-9640-313ac0aac400/CostReport_2024_Final.csv,CMS Hospital Provider Cost Report FY2024 (periods beginning 2023-10-01..2024-09-30); file modified 2026-09-29,True,Covenant Health,unchanged,,https://en.wikipedia.org/wiki/Covenant_Health_Systems,,None found,Low,"No candidates; St. Joseph Nashua pharmacy page lists only inpatient, outpatient and chemo infusion pharmacy",,,,,https://stjosephhospital.com/pharmacy-services-offered/,2026-10-02,"Only the Nashua hospital website was fetched; chemotherapy infusion pharmacy there is hospital-based, not home infusion. Covenant Health called off its Day Kimball acquisition.",,
HSI00000340,Emerson Hospital Health System,Concord,MA,MA,1,True,1,1,111.0,0.0,1.0,nonprofit,100.0,0,2023 (rev. 2025-09),https://www.ahrq.gov/sites/default/files/wysiwyg/chsp/compendium/chsp-compendium-2023-rev.xlsx,AHRQ Compendium 2023 (system file rev. 2025-09); systems as of end-2023,False,336180825.0,HCRIS FY2023 (FY2022 fallback); acute member hospitals; G-3 line 3,0,346427362.0,HCRIS FY2024 (periods beginning 2023-10-01..2024-09-30); acute member CCNs; annualized where needed,0,0,3.0,False,False,False,False,https://data.cms.gov/sites/default/files/2026-09/e85544f7-57ef-477e-9640-313ac0aac400/CostReport_2024_Final.csv,CMS Hospital Provider Cost Report FY2024 (periods beginning 2023-10-01..2024-09-30); file modified 2026-09-29,True,Emerson Health,renamed,,https://emersonhealth.org/about-emerson/,2022-06-27,None found,Low,"No candidates; own site shows only Naka Infusion Center (outpatient clinic), no pharmacy",,,,,https://emersonhealth.org/services/infusion/,2026-10-02,Renamed Emerson Health in June 2022 (before 2023 compendium); independent with MGB clinical affiliation. Not on Shields list.,,
HSI00000478,Heywood Healthcare,Gardner,MA,MA,1,True,2,2,135.0,0.0,1.0,nonprofit,100.0,0,2023 (rev. 2025-09),https://www.ahrq.gov/sites/default/files/wysiwyg/chsp/compendium/chsp-compendium-2023-rev.xlsx,AHRQ Compendium 2023 (system file rev. 2025-09); systems as of end-2023,False,181441914.0,HCRIS FY2023 (FY2022 fallback); acute member hospitals; G-3 line 3,0,198427301.0,HCRIS FY2024 (periods beginning 2023-10-01..2024-09-30); acute member CCNs; annualized where needed,0,0,9.4,False,False,False,False,https://data.cms.gov/sites/default/files/2026-09/e85544f7-57ef-477e-9640-313ac0aac400/CostReport_2024_Final.csv,CMS Hospital Provider Cost Report FY2024 (periods beginning 2023-10-01..2024-09-30); file modified 2026-09-29,True,Heywood Healthcare,unchanged,,https://www.heywood.org/news/heywood-healthcare-exits-chapter-11,2024-09-30,None found,Low,No candidates; heywood.org homepage and web search show no specialty/infusion pharmacy,"Heywood Pharmacy (retail, 242 Green St)",Henry Heywood Memorial Hospital,,,https://www.heywood.org/ | https://www.heywood.org/news/heywood-healthcare-exits-chapter-11,2026-10-02,Exited Chapter 11 as standalone nonprofit Sept 2024. Only a retail hospital pharmacy found; own-site coverage thin (homepage only).,,
HSI00001458,Lawrence General Hospital,Lawrence,MA,MA,1,True,1,1,186.0,1.0,1.0,nonprofit,100.0,0,2023 (rev. 2025-09),https://www.ahrq.gov/sites/default/files/wysiwyg/chsp/compendium/chsp-compendium-2023-rev.xlsx,AHRQ Compendium 2023 (system file rev. 2025-09); systems as of end-2023,False,309320000.0,HCRIS FY2023 (FY2022 fallback); acute member hospitals; G-3 line 3,0,305854044.0,HCRIS FY2024 (periods beginning 2023-10-01..2024-09-30); acute member CCNs; annualized where needed,0,0,-1.1,False,False,False,False,https://data.cms.gov/sites/default/files/2026-09/e85544f7-57ef-477e-9640-313ac0aac400/CostReport_2024_Final.csv,CMS Hospital Provider Cost Report FY2024 (periods beginning 2023-10-01..2024-09-30); file modified 2026-09-29,True,Merrimack Health (Lawrence Hospital),renamed,Merrimack Health,https://www.bostonglobe.com/2025/09/10/business/steward-hospitals-holy-family-lawrence/,2025-09-10,None found,Low,No candidates; Merrimack Health Lawrence Hospital site shows inpatient pharmacy and outpatient infusion center only; not on Shields list,,,,,https://www.mhlawrencehospital.org/services-and-centers/infusion-therapy-treatment-center | https://www.mhlawrencehospital.org/newsroom/new-pharmacy-opens-with-high-marks,2026-10-02,"Acquired Steward's Holy Family hospitals in Oct 2024 and rebranded as Merrimack Health in 2025. Only the hospital site was searched, so confidence is Low.",,
HSI00000813,Mass General Brigham,Boston,MA,MA;NH,2,True,15,9,2729.0,0.0,1.0,nonprofit,100.0,0,2023 (rev. 2025-09),https://www.ahrq.gov/sites/default/files/wysiwyg/chsp/compendium/chsp-compendium-2023-rev.xlsx,AHRQ Compendium 2023 (system file rev. 2025-09); systems as of end-2023,False,9439308673.0,HCRIS FY2023 (FY2022 fallback); acute member hospitals; G-3 line 3,0,6826448495.0,HCRIS FY2024 (periods beginning 2023-10-01..2024-09-30); acute member CCNs; annualized where needed,2,0,-27.7,False,True,True,False,https://data.cms.gov/sites/default/files/2026-09/e85544f7-57ef-477e-9640-313ac0aac400/CostReport_2024_Final.csv,CMS Hospital Provider Cost Report FY2024 (periods beginning 2023-10-01..2024-09-30); file modified 2026-09-29,True,Mass General Brigham,unchanged,,https://en.wikipedia.org/wiki/Mass_General_Brigham,,"Owned, accredited",High,"URAC and ACHC records for Mass General Brigham Specialty Pharmacy, Inc. plus MGB web page stating URAC and ACHC accreditation",Mass General Brigham Specialty Pharmacy | Dana-Farber Merrimack Valley Outpatient Pharmacy,"Mass General Brigham Specialty Pharmacy, Inc. (system subsidiary); Dana-Farber Cancer Institute",URAC SPP010399 Specialty Pharmacy | ACHC 79126 Specialty Pharmacy Services | URAC SPP010351 Specialty Pharmacy (Dana-Farber) | ACHC 82744 Specialty Pharmacy Services (Dana-Farber),,https://www.massgeneralbrigham.org/en/patients-visitors/resources/becoming-patient/specialty-pharmacy | https://www.urac.org/directory/accreditation-details/?certification=SPP010399,2026-10-02,Not on Shields list. A Walgreens community care program exists but is not the specialty pharmacy.,,
HSI00000984,Signature Healthcare,Brockton,MA,MA,1,True,1,1,175.0,1.0,1.0,nonprofit,100.0,0,2023 (rev. 2025-09),https://www.ahrq.gov/sites/default/files/wysiwyg/chsp/compendium/chsp-compendium-2023-rev.xlsx,AHRQ Compendium 2023 (system file rev. 2025-09); systems as of end-2023,False,181258800.0,HCRIS FY2023 (FY2022 fallback); acute member hospitals; G-3 line 3,0,147403827.0,HCRIS FY2024 (periods beginning 2023-10-01..2024-09-30); acute member CCNs; annualized where needed,0,0,-18.7,False,False,False,False,https://data.cms.gov/sites/default/files/2026-09/e85544f7-57ef-477e-9640-313ac0aac400/CostReport_2024_Final.csv,CMS Hospital Provider Cost Report FY2024 (periods beginning 2023-10-01..2024-09-30); file modified 2026-09-29,True,Signature Healthcare,unchanged,,https://signature-healthcare.org/about/,,Managed or partnered,High,URAC SPP010232 + ACHC 97436 + NPPES; Clearway Health partnership (Clearway press release),Signature Healthcare Pharmacy,"Brockton Hospital, Inc.",URAC SPP010232 Specialty Pharmacy | ACHC 97436 Specialty Pharmacy Services,Clearway Health,https://www.urac.org/directory/accreditation-details/?certification=SPP010232 | https://www.clearwayhealth.com/post/signature-healthcare-partners-with-clearway-health-to-expand-community-access-with-retail-pharmacy | https://signature-healthcare.org/locations/pharmacy,2022-11-08,"Specialty pharmacy opened Aug 2022 with Clearway Health, which helped build the program (access to limited-distribution drugs); Clearway does not appear to operate it. Pennant acquired only the Signature Healthcare at Home assets in Jan 2025.",,
HSI00001002,South Shore Health System,South Weymouth,MA,MA,1,True,1,1,374.0,0.0,1.0,nonprofit,100.0,0,2023 (rev. 2025-09),https://www.ahrq.gov/sites/default/files/wysiwyg/chsp/compendium/chsp-compendium-2023-rev.xlsx,AHRQ Compendium 2023 (system file rev. 2025-09); systems as of end-2023,False,760941643.0,HCRIS FY2023 (FY2022 fallback); acute member hospitals; G-3 line 3,0,813185414.0,HCRIS FY2024 (periods beginning 2023-10-01..2024-09-30); acute member CCNs; annualized where needed,0,0,6.9,False,False,False,False,https://data.cms.gov/sites/default/files/2026-09/e85544f7-57ef-477e-9640-313ac0aac400/CostReport_2024_Final.csv,CMS Hospital Provider Cost Report FY2024 (periods beginning 2023-10-01..2024-09-30); file modified 2026-09-29,True,South Shore Health System,unchanged,,https://www.southshorehealth.org/,,None found,Medium,Own website lists no pharmacy/specialty/infusion services (only South Shore VNA home health); no candidates,,,,,https://www.southshorehealth.org/,2026-10-02,"Stayed independent after 2021 merger exploration. South Shore VNA is home health, not infusion pharmacy.",,
HSI00001004,Southcoast Health System,New Bedford,MA,MA,1,True,1,1,635.0,0.0,1.0,nonprofit,100.0,0,2023 (rev. 2025-09),https://www.ahrq.gov/sites/default/files/wysiwyg/chsp/compendium/chsp-compendium-2023-rev.xlsx,AHRQ Compendium 2023 (system file rev. 2025-09); systems as of end-2023,False,914238255.0,HCRIS FY2023 (FY2022 fallback); acute member hospitals; G-3 line 3,0,991882008.0,HCRIS FY2024 (periods beginning 2023-10-01..2024-09-30); acute member CCNs; annualized where needed,0,0,8.5,False,False,False,False,https://data.cms.gov/sites/default/files/2026-09/e85544f7-57ef-477e-9640-313ac0aac400/CostReport_2024_Final.csv,CMS Hospital Provider Cost Report FY2024 (periods beginning 2023-10-01..2024-09-30); file modified 2026-09-29,True,Southcoast Health,unchanged,,https://www.southcoast.org/,,Managed or partnered,High,"Shields partner list (Southcoast Health, New Bedford MA) plus URAC SPP010605 and ACHC 66394",Southcoast Specialty Pharmacy,"Southcoast Hospitals Group, Inc.",URAC SPP010605 Specialty Pharmacy | ACHC 66394 Specialty Pharmacy Services,Shields Health Solutions,https://www.urac.org/directory/accreditation-details/?certification=SPP010605 | https://www.southcoast.org/services/pharmacy/specialty-pharmacy/ | https://shieldshealthsolutions.com/about-us/partner-health-systems,2026-10-02,"Status search surfaced only the old (2016) Care New England affiliation, which did not proceed; no 2024-26 change found. NPI 1922349604 (Southcoast Pharmacy) is the co-located Fairhaven pharmacy.",,
HSI00001041,Sturdy Memorial Hospital,Attleboro,MA,MA,1,True,1,1,125.0,0.0,1.0,nonprofit,100.0,0,2023 (rev. 2025-09),https://www.ahrq.gov/sites/default/files/wysiwyg/chsp/compendium/chsp-compendium-2023-rev.xlsx,AHRQ Compendium 2023 (system file rev. 2025-09); systems as of end-2023,False,232151289.0,HCRIS FY2023 (FY2022 fallback); acute member hospitals; G-3 line 3,0,245852443.0,HCRIS FY2024 (periods beginning 2023-10-01..2024-09-30); acute member CCNs; annualized where needed,0,0,5.9,False,False,False,False,https://data.cms.gov/sites/default/files/2026-09/e85544f7-57ef-477e-9640-313ac0aac400/CostReport_2024_Final.csv,CMS Hospital Provider Cost Report FY2024 (periods beginning 2023-10-01..2024-09-30); file modified 2026-09-29,True,Sturdy Health (Sturdy Memorial Hospital),renamed,,https://www.citybiz.co/article/412341/sturdy-memorial-hospital-is-now-sturdy-health/,2023-05,Unknown,Low,Own site blocked by Akamai (403) on every page even with browser headers; search shows only Tufts Medicine infusion center and Dana-Farber oncology on site,,,,,https://www.sturdyhealth.org/medical-services/infusion-therapy/,2026-10-02,"Brand change to Sturdy Health in May 2023 only, no ownership change found. Specialty pharmacy absence cannot be concluded.",,
HSI00001122,UMass Memorial Health Care,Worcester,MA,MA,1,True,6,6,1013.0,0.0,1.0,nonprofit,100.0,0,2023 (rev. 2025-09),https://www.ahrq.gov/sites/default/files/wysiwyg/chsp/compendium/chsp-compendium-2023-rev.xlsx,AHRQ Compendium 2023 (system file rev. 2025-09); systems as of end-2023,False,2635156994.0,HCRIS FY2023 (FY2022 fallback); acute member hospitals; G-3 line 3,2,3299791313.0,HCRIS FY2024 (periods beginning 2023-10-01..2024-09-30); acute member CCNs; annualized where needed,2,0,25.2,False,True,True,False,https://data.cms.gov/sites/default/files/2026-09/e85544f7-57ef-477e-9640-313ac0aac400/CostReport_2024_Final.csv,CMS Hospital Provider Cost Report FY2024 (periods beginning 2023-10-01..2024-09-30); file modified 2026-09-29,True,UMass Memorial Health,unchanged,,https://www.beckershospitalreview.com/hospital-transactions-and-valuation/5-hospital-mas-finalized-in-2026/,,Managed or partnered,High,Shields partner list; UMass Memorial Shields Pharmacy LLC JV; URAC and ACHC records,UMass Memorial Medical Center Specialty Pharmacy,"UMass Memorial Medical Center, Inc. (JV with Shields: UMass Memorial Shields Pharmacy LLC)",URAC SPP010392 Specialty Pharmacy | ACHC 65904 Specialty Pharmacy Services,Shields Health Solutions,https://wbjournal.com/article/study-finds-benefit-in-umass-memorial-shields-partnership/ | https://www.urac.org/directory/accreditation-details/?certification=SPP010392 | https://shieldshealthsolutions.com/about-us/partner-health-systems,2026-10-02,System unchanged but Harrington and Marlborough hospitals joined (Marlborough Jan 2026) and were renamed. Shields JV noted.,,
HSI00001219,Valley Health Systems,Holyoke,MA,MA,1,True,1,1,201.0,1.0,1.0,nonprofit,100.0,0,2023 (rev. 2025-09),https://www.ahrq.gov/sites/default/files/wysiwyg/chsp/compendium/chsp-compendium-2023-rev.xlsx,AHRQ Compendium 2023 (system file rev. 2025-09); systems as of end-2023,False,191937797.0,HCRIS FY2023 (FY2022 fallback); acute member hospitals; G-3 line 3,0,217252866.0,HCRIS FY2024 (periods beginning 2023-10-01..2024-09-30); acute member CCNs; annualized where needed,0,0,13.2,False,False,False,False,https://data.cms.gov/sites/default/files/2026-09/e85544f7-57ef-477e-9640-313ac0aac400/CostReport_2024_Final.csv,CMS Hospital Provider Cost Report FY2024 (periods beginning 2023-10-01..2024-09-30); file modified 2026-09-29,True,Valley Health Systems,unchanged,,https://www.holyokehealth.com/about-us/our-affiliates/,,Managed or partnered,Medium,Holyoke Health HMC Specialty Pharmacy page; VytlOne (ProxsysRx) press release on contract to build and manage it,HMC Specialty Pharmacy | HMC Pharmacy,Holyoke Medical Center (Valley Health Systems),,VytlOne (ProxsysRx),https://www.holyokehealth.com/services/hmc-specialty-pharmacy/ | https://www.proxsysrx.com/proxsysrx-signs-contract-to-build-and-manage-specialty-pharmacy-for-massachusetts-holyoke-medical-center/,2026-10-02,Own HMC specialty pharmacy built and managed by VytlOne per press release (not on Shields list); no URAC/ACHC record found. Manager contract currency not verified.,,
HSI00001112,Wellforce,Boston,MA,MA,1,True,4,4,914.0,1.0,1.0,nonprofit,100.0,0,2023 (rev. 2025-09),https://www.ahrq.gov/sites/default/files/wysiwyg/chsp/compendium/chsp-compendium-2023-rev.xlsx,AHRQ Compendium 2023 (system file rev. 2025-09); systems as of end-2023,False,1634285117.0,HCRIS FY2023 (FY2022 fallback); acute member hospitals; G-3 line 3,1,1716126305.0,HCRIS FY2024 (periods beginning 2023-10-01..2024-09-30); acute member CCNs; annualized where needed,1,0,5.0,False,True,False,False,https://data.cms.gov/sites/default/files/2026-09/e85544f7-57ef-477e-9640-313ac0aac400/CostReport_2024_Final.csv,CMS Hospital Provider Cost Report FY2024 (periods beginning 2023-10-01..2024-09-30); file modified 2026-09-29,True,Tufts Medicine,renamed,,https://www.tuftsmedicine.org/get-care/locations/tufts-medicine-specialty-pharmacy,2022-03-01,"Owned, accredited",Medium,Tufts Medicine Specialty Pharmacy web page showing URAC (06/01/2026) and ACHC accreditation; no roster candidate matched under Wellforce name,Tufts Medicine Specialty Pharmacy | Tufts Medicine Home Infusion Services,Tufts Medicine,"URAC Specialty Pharmacy (per Tufts Medicine page, 2026-06-01) | ACHC Specialty Pharmacy (per Tufts Medicine page)",,https://www.tuftsmedicine.org/get-care/locations/tufts-medicine-specialty-pharmacy | https://www.tuftsmedicine.org/services-treatments/pharmacy-services/infusion-therapy,2026-10-02,Wellforce renamed Tufts Medicine in March 2022 (compendium used old name). Accreditation certificate numbers not captured; verification against URAC/ACHC rosters recommended.,,
HSI00000012,Adventist Healthcare,Gaithersburg,MD,DC;MD,2,True,6,4,866.0,1.0,2.0,church-operated,100.0,0,2023 (rev. 2025-09),https://www.ahrq.gov/sites/default/files/wysiwyg/chsp/compendium/chsp-compendium-2023-rev.xlsx,AHRQ Compendium 2023 (system file rev. 2025-09); systems as of end-2023,False,1118781534.0,HCRIS FY2023 (FY2022 fallback); acute member hospitals; G-3 line 3,0,1105328203.0,HCRIS FY2024 (periods beginning 2023-10-01..2024-09-30); acute member CCNs; annualized where needed,0,1,-1.2,False,False,False,False,https://data.cms.gov/sites/default/files/2026-09/e85544f7-57ef-477e-9640-313ac0aac400/CostReport_2024_Final.csv,CMS Hospital Provider Cost Report FY2024 (periods beginning 2023-10-01..2024-09-30); file modified 2026-09-29,True,Adventist HealthCare,unchanged,,https://www.adventisthealthcare.com/news/2025/acquisition-discussions-with-howard-university-end/,,None found,Low,"own site read (home care page via browser pane after curl hit an Akamai challenge): CHAP home health only; no pharmacy, specialty or infusion pharmacy found; not on Shields list",,Adventist HealthCare,,,https://www.adventisthealthcare.com/services/home-care/,2026-10-02,"Howard University Hospital MSA ended Feb 2026 so it is no longer part of the system. Few own-site pharmacy pages were readable, so absence is low confidence.",,
HSI00000059,Atlantic General Health System,Berlin,MD,MD,1,True,1,1,62.0,0.0,1.0,nonprofit,100.0,0,2023 (rev. 2025-09),https://www.ahrq.gov/sites/default/files/wysiwyg/chsp/compendium/chsp-compendium-2023-rev.xlsx,AHRQ Compendium 2023 (system file rev. 2025-09); systems as of end-2023,False,148617459.0,HCRIS FY2023 (FY2022 fallback); acute member hospitals; G-3 line 3,0,156529305.0,HCRIS FY2024 (periods beginning 2023-10-01..2024-09-30); acute member CCNs; annualized where needed,0,0,5.3,False,False,False,False,https://data.cms.gov/sites/default/files/2026-09/e85544f7-57ef-477e-9640-313ac0aac400/CostReport_2024_Final.csv,CMS Hospital Provider Cost Report FY2024 (periods beginning 2023-10-01..2024-09-30); file modified 2026-09-29,True,TidalHealth Atlantic,merged into,TidalHealth,https://www.tidalhealth.org/news/atlantic-general-hospital-and-tidalhealth-announce-rebrand-tidalhealth-atlantic,2025-05-01,"Owned, not accredited",Medium,via TidalHealth: TidalHealth Specialty Pharmacy (Salisbury MD) own site page plus NPPES specialty taxonomy; no accreditation found,TidalHealth Specialty Pharmacy | TidalHealth Community Pharmacy,"TidalHealth Peninsula Regional, Inc.",,,https://www.tidalhealth.org/our-locations/tidalhealth-specialty-pharmacy | https://npiregistry.cms.hhs.gov/provider-view/1871031559,2026-03-04,Merger closed about May 2025; rebranded TidalHealth Atlantic March 2026. Specialty pharmacy is wholly owned by the TidalHealth parent (NPPES subpart); no URAC/ACHC record found.,,
HSI00000155,CalvertHealth,Prince Frederick,MD,MD,1,True,1,1,78.0,0.0,1.0,nonprofit,100.0,0,2023 (rev. 2025-09),https://www.ahrq.gov/sites/default/files/wysiwyg/chsp/compendium/chsp-compendium-2023-rev.xlsx,AHRQ Compendium 2023 (system file rev. 2025-09); systems as of end-2023,False,149966767.0,HCRIS FY2023 (FY2022 fallback); acute member hospitals; G-3 line 3,0,167272902.0,HCRIS FY2024 (periods beginning 2023-10-01..2024-09-30); acute member CCNs; annualized where needed,0,0,11.5,False,False,False,False,https://data.cms.gov/sites/default/files/2026-09/e85544f7-57ef-477e-9640-313ac0aac400/CostReport_2024_Final.csv,CMS Hospital Provider Cost Report FY2024 (periods beginning 2023-10-01..2024-09-30); file modified 2026-09-29,True,CalvertHealth Medical Center,unchanged,,https://www.calverthealthmedicine.org/About-Us,,None found,Low,No candidates; website infusion page shows only in-person oncology infusion center,,,,,https://www.calverthealthmedicine.org/Infusion,2026-10-02,Hospital renamed CalvertHealth Medical Center before 2024; independent. No specialty pharmacy found.,,
HSI00000380,Frederick Regional Health System,Frederick,MD,MD,1,True,1,1,279.0,0.0,1.0,nonprofit,100.0,0,2023 (rev. 2025-09),https://www.ahrq.gov/sites/default/files/wysiwyg/chsp/compendium/chsp-compendium-2023-rev.xlsx,AHRQ Compendium 2023 (system file rev. 2025-09); systems as of end-2023,False,388662670.0,HCRIS FY2023 (FY2022 fallback); acute member hospitals; G-3 line 3,0,429824085.0,HCRIS FY2024 (periods beginning 2023-10-01..2024-09-30); acute member CCNs; annualized where needed,0,0,10.6,False,False,False,False,https://data.cms.gov/sites/default/files/2026-09/e85544f7-57ef-477e-9640-313ac0aac400/CostReport_2024_Final.csv,CMS Hospital Provider Cost Report FY2024 (periods beginning 2023-10-01..2024-09-30); file modified 2026-09-29,True,Frederick Health,renamed,,https://www.fredericknewspost.com/news/health/hospitals_and_doctors/frederick-memorial-hospital-gets-new-name-as-part-of-health-system-s-rebranding/article_e61bfa78-c7d0-53ac-b3b2-d2c63b5f4b3f.html,,"Owned, not accredited",Low,System website: Frederick Health Pharmacy lists mail order and specialty services; no URAC/ACHC/NPPES record found,Frederick Health Pharmacy,Frederick Health,,,https://www.frederickhealth.org/about/careers/pharmacy-practice-residency-program/about-the-community-based-pharmacy-residency-pro/,2026-10-02,"Specialty mentioned only in passing on a residency page; no accreditation found. Frederick Memorial Hospital renamed Frederick Health Hospital (rebrand, date not confirmed).",,
HSI00000422,GBMC Healthcare,Baltimore,MD,MD,1,True,1,1,265.0,0.0,1.0,nonprofit,100.0,0,2023 (rev. 2025-09),https://www.ahrq.gov/sites/default/files/wysiwyg/chsp/compendium/chsp-compendium-2023-rev.xlsx,AHRQ Compendium 2023 (system file rev. 2025-09); systems as of end-2023,False,420265043.0,HCRIS FY2023 (FY2022 fallback); acute member hospitals; G-3 line 3,0,447576320.0,HCRIS FY2024 (periods beginning 2023-10-01..2024-09-30); acute member CCNs; annualized where needed,0,0,6.5,False,False,False,False,https://data.cms.gov/sites/default/files/2026-09/e85544f7-57ef-477e-9640-313ac0aac400/CostReport_2024_Final.csv,CMS Hospital Provider Cost Report FY2024 (periods beginning 2023-10-01..2024-09-30); file modified 2026-09-29,True,GBMC Healthcare,unchanged,,https://en.wikipedia.org/wiki/Greater_Baltimore_Medical_Center,,"Owned, not accredited",Medium,Own GBMC Specialty Pharmacy page; no URAC/ACHC record; page shows NABP Certified only,GBMC Specialty Pharmacy | GBMC Rx Pharmacy,GBMC HealthCare (Greater Baltimore Medical Center),,,https://www.gbmc.org/services/specialty-pharmacy | https://www.gbmc.org/greater-living/gbmcs-specialty-pharmacy-program-puts-patients-first,2026-10-02,"Search found no merger/rename 2024-2026 (status evidence is weak; Wikipedia page). NABP Certified badge is unspecified and could qualify for Owned, accredited if it is an NABP specialty credential.",,
HSI00000531,Johns Hopkins Health System,Baltimore,MD,DC;FL;MD,3,True,6,6,2402.0,0.0,1.0,nonprofit,100.0,0,2023 (rev. 2025-09),https://www.ahrq.gov/sites/default/files/wysiwyg/chsp/compendium/chsp-compendium-2023-rev.xlsx,AHRQ Compendium 2023 (system file rev. 2025-09); systems as of end-2023,False,4846432244.0,HCRIS FY2023 (FY2022 fallback); acute member hospitals; G-3 line 3,0,5702461308.0,HCRIS FY2024 (periods beginning 2023-10-01..2024-09-30); acute member CCNs; annualized where needed,0,0,17.7,False,False,False,False,https://data.cms.gov/sites/default/files/2026-09/e85544f7-57ef-477e-9640-313ac0aac400/CostReport_2024_Final.csv,CMS Hospital Provider Cost Report FY2024 (periods beginning 2023-10-01..2024-09-30); file modified 2026-09-29,True,Johns Hopkins Health System,unchanged,,"https://www.causeiq.com/organizations/johns-hopkins-pharmaquip,521450994/",,"Owned, accredited",Medium,"URAC SPP010408 (Johns Hopkins Pharmaquip, part of Johns Hopkins Home Care Group); not on Shields list",Johns Hopkins Pharmaquip | Johns Hopkins Outpatient Pharmacy at Monument Street,"Johns Hopkins Pharmaquip, Inc. (Johns Hopkins Home Care Group subsidiary)",URAC SPP010408 Specialty Pharmacy,,"https://www.urac.org/directory/accreditation-details/?certification=SPP010408 | https://accreditnet2.urac.org/uracportal/Directory/CompanyView/11485 | https://www.causeiq.com/organizations/johns-hopkins-pharmaquip,521450994/",2026-10-02,Ownership of Pharmaquip by the Hopkins system is from third-party descriptions; hopkinsmedicine.org page not fetched.,,
HSI00000582,LifeBridge Health,Baltimore,MD,MD,1,True,6,4,817.0,0.0,1.0,nonprofit,100.0,0,2023 (rev. 2025-09),https://www.ahrq.gov/sites/default/files/wysiwyg/chsp/compendium/chsp-compendium-2023-rev.xlsx,AHRQ Compendium 2023 (system file rev. 2025-09); systems as of end-2023,False,1336782609.0,HCRIS FY2023 (FY2022 fallback); acute member hospitals; G-3 line 3,1,1366196154.0,HCRIS FY2024 (periods beginning 2023-10-01..2024-09-30); acute member CCNs; annualized where needed,1,0,2.2,False,True,False,False,https://data.cms.gov/sites/default/files/2026-09/e85544f7-57ef-477e-9640-313ac0aac400/CostReport_2024_Final.csv,CMS Hospital Provider Cost Report FY2024 (periods beginning 2023-10-01..2024-09-30); file modified 2026-09-29,True,LifeBridge Health,unchanged,,https://www.lifebridgehealth.org/services/pharmacy,,"Owned, accredited",High,ACHC 96757 (Sinai Hospital of Baltimore) plus LifeBridge website describing specialty medications at Sinai Hospital Specialty Pharmacy; not on Shields list,LifeBridge Pharmacy at Sinai Hospital | Sinai Hospital Specialty Pharmacy,"Sinai Hospital of Baltimore, Inc. (LifeBridge member)",ACHC 96757 Specialty Pharmacy Services,,"https://organization.achc.org/print?legalCompanyName=Sinai%20Hospital%20of%20Baltimore,%20Inc.&dbaCompanyName=LifeBridge%20Pharmacy%20at%20Sinai%20Hospital&companyID=96757&full_address=Baltimore,%20MD%2021215&physicalAddress=2401%20W.%20Belvedere%20Ave, | https://www.lifebridgehealth.org/services/pharmacy",2026-10-02,No merger or acquisition of LifeBridge found. ACHC only; no URAC record.,,
HSI00000038,Luminis Health,Annapolis,MD,MD,1,True,3,2,579.0,0.0,1.0,nonprofit,100.0,0,2023 (rev. 2025-09),https://www.ahrq.gov/sites/default/files/wysiwyg/chsp/compendium/chsp-compendium-2023-rev.xlsx,AHRQ Compendium 2023 (system file rev. 2025-09); systems as of end-2023,False,845191970.0,HCRIS FY2023 (FY2022 fallback); acute member hospitals; G-3 line 3,0,970052812.0,HCRIS FY2024 (periods beginning 2023-10-01..2024-09-30); acute member CCNs; annualized where needed,0,0,14.8,False,False,False,False,https://data.cms.gov/sites/default/files/2026-09/e85544f7-57ef-477e-9640-313ac0aac400/CostReport_2024_Final.csv,CMS Hospital Provider Cost Report FY2024 (periods beginning 2023-10-01..2024-09-30); file modified 2026-09-29,True,Luminis Health,unchanged,,https://www.aha.org/news/headline/2024-11-25-qa-luminis-health-highlights-board-restructuring-post-merger,,None found,Medium,No candidates; Luminis website shows infusion centers and ambulatory care pharmacy clinic only; not on Shields list,,,,,https://www.luminishealth.org/en/services/infusion-therapy?language_content_entity=en | https://www.luminishealth.org/en/locations/ambulatory-care-pharmacy-services?language_content_entity=en,2026-10-02,Only outpatient infusion centers (hospital-based) and an anticoagulation/diabetes clinical pharmacy service found; no dispensing specialty pharmacy.,,
HSI00000640,MedStar Health,Columbia,MD,DC;MD,2,True,10,9,2405.0,1.0,1.0,nonprofit,100.0,0,2023 (rev. 2025-09),https://www.ahrq.gov/sites/default/files/wysiwyg/chsp/compendium/chsp-compendium-2023-rev.xlsx,AHRQ Compendium 2023 (system file rev. 2025-09); systems as of end-2023,False,4654339857.0,HCRIS FY2023 (FY2022 fallback); acute member hospitals; G-3 line 3,0,5499733408.0,HCRIS FY2024 (periods beginning 2023-10-01..2024-09-30); acute member CCNs; annualized where needed,0,0,18.2,False,False,False,False,https://data.cms.gov/sites/default/files/2026-09/e85544f7-57ef-477e-9640-313ac0aac400/CostReport_2024_Final.csv,CMS Hospital Provider Cost Report FY2024 (periods beginning 2023-10-01..2024-09-30); file modified 2026-09-29,True,MedStar Health,unchanged,,https://www.medstarhealth.org/locations/specialty-pharmacy-at-elkridge,,Managed or partnered,High,"Shields partner list (rule); URAC SPP010295, ACHC 80081; MedStar web page",MedStar Specialty Pharmacy | MedStar Health Home Infusion,MedStar Specialty Pharmacy LLC / MedStar Health (system subsidiary),URAC SPP010295 Specialty Pharmacy | ACHC 80081 Specialty Pharmacy Services | ACHC 99343 Infusion Pharmacy Services,Shields Health Solutions,https://shieldshealthsolutions.com/about-us/partner-health-systems | https://www.medstarhealth.org/locations/specialty-pharmacy-at-elkridge | https://www.urac.org/directory/accreditation-details/?certification=SPP010295,2026-10-02,"Shields partner list shows MedStar (DC and Columbia, MD).",,
HSI00000663,Mercy Medical Center,Baltimore,MD,MD,1,True,1,1,173.0,1.0,2.0,church-operated,100.0,0,2023 (rev. 2025-09),https://www.ahrq.gov/sites/default/files/wysiwyg/chsp/compendium/chsp-compendium-2023-rev.xlsx,AHRQ Compendium 2023 (system file rev. 2025-09); systems as of end-2023,False,561307806.0,HCRIS FY2023 (FY2022 fallback); acute member hospitals; G-3 line 3,0,606462132.0,HCRIS FY2024 (periods beginning 2023-10-01..2024-09-30); acute member CCNs; annualized where needed,0,0,8.0,False,False,False,False,https://data.cms.gov/sites/default/files/2026-09/e85544f7-57ef-477e-9640-313ac0aac400/CostReport_2024_Final.csv,CMS Hospital Provider Cost Report FY2024 (periods beginning 2023-10-01..2024-09-30); file modified 2026-09-29,True,Mercy Medical Center,unchanged,,https://mdmercy.com/patients-and-visitors/plan-your-visit/mercy-pharmacy-at-mcauley-plaza,,"Owned, accredited",High,"URAC SPP010483 + ACHC 96433 (both Mercy Medical Center, Inc.) + NPPES; Mercy website shows Mercy-operated pharmacy",Mercy Medical Center Outpatient Pharmacy,"Mercy Medical Center, Inc.",URAC SPP010483 Specialty Pharmacy | ACHC 96433 Specialty Pharmacy Services,,https://www.urac.org/directory/accreditation-details/?certification=SPP010483 | https://mdmercy.com/patients-and-visitors/plan-your-visit/mercy-pharmacy-at-mcauley-plaza,2026-10-02,Baltimore Mercy is distinct from Mercy Medical Center Springfield MA (being acquired by Baystate); search results on that were disregarded. Not on Shields list (Ascension Baltimore entry is a different system).,,
HSI00000671,Meritus Health,Hagerstown,MD,MD,1,True,1,1,265.0,0.0,1.0,nonprofit,100.0,0,2023 (rev. 2025-09),https://www.ahrq.gov/sites/default/files/wysiwyg/chsp/compendium/chsp-compendium-2023-rev.xlsx,AHRQ Compendium 2023 (system file rev. 2025-09); systems as of end-2023,False,396207060.0,HCRIS FY2023 (FY2022 fallback); acute member hospitals; G-3 line 3,0,524509247.0,HCRIS FY2024 (periods beginning 2023-10-01..2024-09-30); acute member CCNs; annualized where needed,0,0,32.4,False,False,True,False,https://data.cms.gov/sites/default/files/2026-09/e85544f7-57ef-477e-9640-313ac0aac400/CostReport_2024_Final.csv,CMS Hospital Provider Cost Report FY2024 (periods beginning 2023-10-01..2024-09-30); file modified 2026-09-29,True,Meritus Health,unchanged,,https://www.meritushealth.com/locations/meritus-specialty-pharmacy,,"Owned, accredited",High,URAC SPP010518 + ACHC 96561 + system web page,Meritus Specialty Pharmacy | Meritus Pharmacy Robinwood,"Meritus Medical Center, Inc (system member hospital)",URAC SPP010518 Specialty Pharmacy | ACHC 96561 Specialty Pharmacy Services,,https://www.urac.org/directory/accreditation-details/?certification=SPP010518 | https://www.meritushealth.com/locations/meritus-specialty-pharmacy,2026-10-02,Same 11110 Medical Campus Rd Suite 105 address on both records and system page. Not on Shields list; no outside manager found.,,
HSI00000818,TidalHealth Peninsula Regional,Salisbury,MD,DE;MD,2,True,3,3,322.0,0.0,1.0,nonprofit,100.0,0,2023 (rev. 2025-09),https://www.ahrq.gov/sites/default/files/wysiwyg/chsp/compendium/chsp-compendium-2023-rev.xlsx,AHRQ Compendium 2023 (system file rev. 2025-09); systems as of end-2023,False,646605983.0,HCRIS FY2023 (FY2022 fallback); acute member hospitals; G-3 line 3,1,791102402.0,HCRIS FY2024 (periods beginning 2023-10-01..2024-09-30); acute member CCNs; annualized where needed,1,0,22.3,False,True,False,False,https://data.cms.gov/sites/default/files/2026-09/e85544f7-57ef-477e-9640-313ac0aac400/CostReport_2024_Final.csv,CMS Hospital Provider Cost Report FY2024 (periods beginning 2023-10-01..2024-09-30); file modified 2026-09-29,True,TidalHealth Peninsula Regional,unchanged,,https://www.tidalhealth.org/about-us/our-heritage,,"Owned, accredited",High,URAC SPP010639 + ACHC 97606 + system web page; not on Shields list,TidalHealth Specialty Pharmacy,"TidalHealth Peninsula Regional, Inc.",URAC SPP010639 Specialty Pharmacy | ACHC 97606 Specialty Pharmacy Services,,https://www.urac.org/directory/accreditation-details/?certification=SPP010639 | https://www.tidalhealth.org/tidalhealth-specialty-pharmacy | https://npiregistry.cms.hhs.gov/provider-view/1871031559,2026-10-02,System acquired Atlantic General Hospital in 2025 (rebranded TidalHealth Atlantic March 2026); the system itself keeps its name. Pharmacy is wholly owned by the system legal entity.,,
HSI00001175,University of Maryland Medical System,Baltimore,MD,MD,1,True,13,11,2282.0,1.0,1.0,nonprofit,100.0,0,2023 (rev. 2025-09),https://www.ahrq.gov/sites/default/files/wysiwyg/chsp/compendium/chsp-compendium-2023-rev.xlsx,AHRQ Compendium 2023 (system file rev. 2025-09); systems as of end-2023,False,4215369169.0,HCRIS FY2023 (FY2022 fallback); acute member hospitals; G-3 line 3,1,4581332430.0,HCRIS FY2024 (periods beginning 2023-10-01..2024-09-30); acute member CCNs; annualized where needed,2,1,8.7,False,True,False,False,https://data.cms.gov/sites/default/files/2026-09/e85544f7-57ef-477e-9640-313ac0aac400/CostReport_2024_Final.csv,CMS Hospital Provider Cost Report FY2024 (periods beginning 2023-10-01..2024-09-30); file modified 2026-09-29,True,University of Maryland Medical System,unchanged,,https://en.wikipedia.org/wiki/University_of_Maryland_Medical_System,,"Owned, accredited",High,ACHC 96641 record plus UMMS specialty pharmacy web page stating ACHC-accredited,UMMS Pharmacy Services | UMMC Pharmacy at Linthicum,University of Maryland Medical Center (UMMS member),ACHC 96641 Specialty Pharmacy Services,,https://www.umms.org/health-services/pharmacy/services/specialty | https://www.umms.org/ummc/locations/pharmacy-linthicum,2026-10-02,Not on Shields list; no outside manager found. System status not separately verified beyond the website.,,
HSI00000197,Central Maine Healthcare Corporation,Lewiston,ME,ME,1,True,3,3,237.0,0.0,1.0,nonprofit,100.0,0,2023 (rev. 2025-09),https://www.ahrq.gov/sites/default/files/wysiwyg/chsp/compendium/chsp-compendium-2023-rev.xlsx,AHRQ Compendium 2023 (system file rev. 2025-09); systems as of end-2023,False,505155525.0,HCRIS FY2023 (FY2022 fallback); acute member hospitals; G-3 line 3,0,534839228.0,HCRIS FY2024 (periods beginning 2023-10-01..2024-09-30); acute member CCNs; annualized where needed,0,0,5.9,False,False,False,False,https://data.cms.gov/sites/default/files/2026-09/e85544f7-57ef-477e-9640-313ac0aac400/CostReport_2024_Final.csv,CMS Hospital Provider Cost Report FY2024 (periods beginning 2023-10-01..2024-09-30); file modified 2026-09-29,True,Central Maine Healthcare,acquired by,Prime Healthcare Foundation,https://www.primehealthcare.com/prime-healthcare-foundation-expands-mission-with-addition-of-central-maine-healthcare/,2026-02-16,"Owned, accredited",High,URAC SPP007293 plus CMHC specialty pharmacy web page; Prime Healthcare Foundation is nonprofit and hospitals keep own names and pharmacy,CMMC Specialty Pharmacy | CMMC Pharmacy,Central Maine Medical Center,URAC SPP007293 Specialty Pharmacy,,https://www.cmhc.org/services/pharmacy/cmmc-specialty-pharmacy/ | https://www.urac.org/directory/accreditation-details/?certification=SPP007293,2026-10-02,Prime Healthcare Foundation (nonprofit) became sole member Feb 2026; not treated as for-profit. Not on Shields list.,,
HSI00000610,MaineGeneral Health,Augusta,ME,ME,1,True,1,1,186.0,0.0,1.0,nonprofit,100.0,0,2023 (rev. 2025-09),https://www.ahrq.gov/sites/default/files/wysiwyg/chsp/compendium/chsp-compendium-2023-rev.xlsx,AHRQ Compendium 2023 (system file rev. 2025-09); systems as of end-2023,False,559762533.0,HCRIS FY2023 (FY2022 fallback); acute member hospitals; G-3 line 3,0,652653915.0,HCRIS FY2024 (periods beginning 2023-10-01..2024-09-30); acute member CCNs; annualized where needed,0,0,16.6,False,False,False,False,https://data.cms.gov/sites/default/files/2026-09/e85544f7-57ef-477e-9640-313ac0aac400/CostReport_2024_Final.csv,CMS Hospital Provider Cost Report FY2024 (periods beginning 2023-10-01..2024-09-30); file modified 2026-09-29,True,MaineGeneral Health,unchanged,,https://www.mainegeneral.org/medical-services/pharmacy/,,"Owned, not accredited",Medium,System website (specialty-only pharmacy) + NPPES secondary taxonomy,MaineGeneral Pharmacy,MaineGeneral Medical Center,,,https://www.mainegeneral.org/medical-services/pharmacy/ | https://npiregistry.cms.hhs.gov/provider-view/1477344976,2026-10-02,Pharmacy describes itself as specialty pharmacy; no URAC/ACHC found and no outside manager found. Status evidence is search result showing system operating independently (no merger found).,,
HSI00000611,MaineHealth,Portland,ME,ME;NH,2,True,10,9,1134.0,0.0,1.0,nonprofit,100.0,0,2023 (rev. 2025-09),https://www.ahrq.gov/sites/default/files/wysiwyg/chsp/compendium/chsp-compendium-2023-rev.xlsx,AHRQ Compendium 2023 (system file rev. 2025-09); systems as of end-2023,False,3250671683.0,HCRIS FY2023 (FY2022 fallback); acute member hospitals; G-3 line 3,0,3798073512.0,HCRIS FY2024 (periods beginning 2023-10-01..2024-09-30); acute member CCNs; annualized where needed,0,2,16.8,False,False,False,False,https://data.cms.gov/sites/default/files/2026-09/e85544f7-57ef-477e-9640-313ac0aac400/CostReport_2024_Final.csv,CMS Hospital Provider Cost Report FY2024 (periods beginning 2023-10-01..2024-09-30); file modified 2026-09-29,True,MaineHealth,unchanged,,https://www.pressherald.com/2026/08/10/york-hospital-mainehealth-merger-advances-after-state-approval/,,"Owned, accredited",High,URAC SPP010163 and ACHC 80199/90172 records plus MaineHealth specialty pharmacy web page,MaineHealth Pharmacy Maine Medical Center Portland | MaineHealth Pharmacy Specialty and Home Delivery Westbrook,MaineHealth (Maine nonprofit corporation),URAC SPP010163 Specialty Pharmacy | ACHC 80199 Specialty Pharmacy Services | ACHC 90172 Specialty Pharmacy Services,,https://www.urac.org/directory/accreditation-details/?certification=SPP010163 | https://www.mainehealth.org/maine-medical-center/care-services-mainehealth-maine-medical-center/pharmacy-services-mainehealth-maine-medical-center-portland/specialty-pharmacy-services-mainehealth-maine-medical-center,2026-10-02,"York Hospital merger into MaineHealth approved Aug 2026, expected to close 2026-10-01; system itself unchanged. Not on Shields list.",,
HSI00000330,Northern Light Health,Brewer,ME,ME,1,True,11,10,637.0,0.0,1.0,nonprofit,96.1,1,2023 (rev. 2025-09),https://www.ahrq.gov/sites/default/files/wysiwyg/chsp/compendium/chsp-compendium-2023-rev.xlsx,AHRQ Compendium 2023 (system file rev. 2025-09); systems as of end-2023,True,1755421283.0,HCRIS FY2023 (FY2022 fallback); acute member hospitals; G-3 line 3,0,1810478755.0,HCRIS FY2024 (periods beginning 2023-10-01..2024-09-30); acute member CCNs; annualized where needed,0,0,3.1,False,False,False,False,https://data.cms.gov/sites/default/files/2026-09/e85544f7-57ef-477e-9640-313ac0aac400/CostReport_2024_Final.csv,CMS Hospital Provider Cost Report FY2024 (periods beginning 2023-10-01..2024-09-30); file modified 2026-09-29,True,Northern Light Health,partly closed,,https://www.bangordailynews.com/2025/07/15/bangor/whats-next-northern-light-health-turmoil-joam40zk0w/,2025,"Owned, accredited",High,URAC SPP010654 and ACHC 78522/78523 for M Drug LLC (d/b/a Northern Light Pharmacy); NLH site,Northern Light Pharmacy | Northern Light Specialty Pharmacy,"M Drug, LLC (Northern Light Health subsidiary)",URAC SPP010654 Specialty Pharmacy | ACHC 78522 Specialty Pharmacy Services | ACHC 78523 Specialty Pharmacy Services,,https://northernlighthealth.org/Our-System/Northern-Light-Pharmacy | https://www.urac.org/directory/accreditation-details/?certification=SPP010654,2026-10-02,Inland Hospital (Waterville) closed in 2025; remaining hospitals still operate. NLH also sold its long-term care pharmacy business.,,
HSI00001412,Redington Fairview General Hospital,Skowhegan,ME,ME,1,True,1,1,25.0,0.0,1.0,nonprofit,100.0,0,2023 (rev. 2025-09),https://www.ahrq.gov/sites/default/files/wysiwyg/chsp/compendium/chsp-compendium-2023-rev.xlsx,AHRQ Compendium 2023 (system file rev. 2025-09); systems as of end-2023,False,135377547.0,HCRIS FY2023 (FY2022 fallback); acute member hospitals; G-3 line 3,0,152972335.0,HCRIS FY2024 (periods beginning 2023-10-01..2024-09-30); acute member CCNs; annualized where needed,0,0,13.0,False,False,False,False,https://data.cms.gov/sites/default/files/2026-09/e85544f7-57ef-477e-9640-313ac0aac400/CostReport_2024_Final.csv,CMS Hospital Provider Cost Report FY2024 (periods beginning 2023-10-01..2024-09-30); file modified 2026-09-29,True,Redington-Fairview General Hospital,unchanged,,https://www.rfgh.net/aboutus/hospital.xhtml,,None found,Medium,"No candidates; hospital website shows outpatient infusion services only, no pharmacy program",,,,,https://www.rfgh.net/aboutus/for-medical-professionals.xhtml,2026-10-02,"Hospital site describes itself as independent; one search summary mentioned MaineHealth/Northern Light affiliation, not verified. Outpatient infusion center exists but no infusion pharmacy found.",,
HSI00001274,York Hospital,York,ME,ME,1,True,1,1,54.0,0.0,1.0,nonprofit,100.0,0,2023 (rev. 2025-09),https://www.ahrq.gov/sites/default/files/wysiwyg/chsp/compendium/chsp-compendium-2023-rev.xlsx,AHRQ Compendium 2023 (system file rev. 2025-09); systems as of end-2023,False,197013972.0,HCRIS FY2023 (FY2022 fallback); acute member hospitals; G-3 line 3,0,190992593.0,HCRIS FY2024 (periods beginning 2023-10-01..2024-09-30); acute member CCNs; annualized where needed,0,0,-3.1,False,False,False,False,https://data.cms.gov/sites/default/files/2026-09/e85544f7-57ef-477e-9640-313ac0aac400/CostReport_2024_Final.csv,CMS Hospital Provider Cost Report FY2024 (periods beginning 2023-10-01..2024-09-30); file modified 2026-09-29,True,York Hospital (MaineHealth),merged into,MaineHealth,https://www.mainehealth.org/news/2026/08/state-approves-york-hospital-joining-mainehealth-clearing-path-integration,2026-10-01 (expected close),"Owned, accredited",Medium,"via MaineHealth: MaineHealth system specialty pharmacy, URAC accredited per MaineHealth web page",MaineHealth Pharmacy Specialty and Home Delivery Westbrook | Portland Specialty Pharmacy,MaineHealth,"URAC Specialty Pharmacy (MaineHealth Westbrook, through 02/01/2027, per web search)",,https://www.mainehealth.org/maine-medical-center/care-services-mainehealth-maine-medical-center/pharmacy-services-mainehealth-maine-medical-center-portland/specialty-pharmacy-services-mainehealth-maine-medical-center | https://www.mainepublic.org/health/2026-08-10/state-approves-merger-of-york-hospital-with-mainehealth | https://www.yorkhospital.com/care-and-services/infusion-therapy,2026-10-02,"State approved the merger Aug 2026 with close expected Oct 1, 2026; actual closing not confirmed. York's own site shows only a retail apothecary and oncology infusion, and New England Life Care lists York as a referral partner hospital.",,HSI00000611
HSI00000139,Bronson Healthcare Group,Kalamazoo,MI,MI,1,True,5,4,602.0,1.0,1.0,nonprofit,100.0,0,2023 (rev. 2025-09),https://www.ahrq.gov/sites/default/files/wysiwyg/chsp/compendium/chsp-compendium-2023-rev.xlsx,AHRQ Compendium 2023 (system file rev. 2025-09); systems as of end-2023,False,1456909821.0,HCRIS FY2023 (FY2022 fallback); acute member hospitals; G-3 line 3,0,1625958285.0,HCRIS FY2024 (periods beginning 2023-10-01..2024-09-30); acute member CCNs; annualized where needed,0,0,11.6,False,False,False,False,https://data.cms.gov/sites/default/files/2026-09/e85544f7-57ef-477e-9640-313ac0aac400/CostReport_2024_Final.csv,CMS Hospital Provider Cost Report FY2024 (periods beginning 2023-10-01..2024-09-30); file modified 2026-09-29,True,Bronson Healthcare Group,unchanged,,https://www.bronsonhealth.com/locations/bronson-outpatient-pharmacy-battle-creek/,,Managed or partnered,High,"Shields partner list (Bronson Healthcare, Kalamazoo MI) + URAC SPP010352 + ACHC 74573/98955 + Shields/Bronson web coverage",Bronson Battle Creek Hospital Outpatient Pharmacy | Bronson Specialty Pharmacy Program,Bronson Battle Creek Hospital; Bronson Methodist Hospital (member hospitals),URAC SPP010352 Specialty Pharmacy | ACHC 74573 Specialty Pharmacy Services | ACHC 98955 Specialty Pharmacy Services,Shields Health Solutions,https://shieldshealthsolutions.com/about-us/partner-health-systems | https://www.urac.org/directory/accreditation-details/?certification=SPP010352 | https://www.bronsonhealth.com/locations/bronson-outpatient-pharmacy-battle-creek/ | https://www.pharmacytimes.com/view/lessons-from-launching-a-health-system-specialty-pharmacy,2026-10-02,Shields partner list triggers Managed or partnered; accreditations are held by member hospitals. NPPES hit lists specialty as non-primary taxonomy but is corroborated by URAC/ACHC.,,
HSI00001021,Corewell Health,Grand Rapids,MI,MI,1,True,23,22,4623.0,1.0,1.0,nonprofit,99.2,1,2023 (rev. 2025-09),https://www.ahrq.gov/sites/default/files/wysiwyg/chsp/compendium/chsp-compendium-2023-rev.xlsx,AHRQ Compendium 2023 (system file rev. 2025-09); systems as of end-2023,True,8426810899.0,HCRIS FY2023 (FY2022 fallback); acute member hospitals; G-3 line 3,3,9326307003.0,HCRIS FY2024 (periods beginning 2023-10-01..2024-09-30); acute member CCNs; annualized where needed,3,0,10.7,False,True,False,False,https://data.cms.gov/sites/default/files/2026-09/e85544f7-57ef-477e-9640-313ac0aac400/CostReport_2024_Final.csv,CMS Hospital Provider Cost Report FY2024 (periods beginning 2023-10-01..2024-09-30); file modified 2026-09-29,True,Corewell Health,unchanged,,https://corewellhealth.org/about-us,,"Owned, accredited",Medium,ACHC 82290 (William Beaumont Hospital dba Corewell Health Specialty Pharmacy) + web search listing; no URAC,Corewell Health Specialty Pharmacy | Corewell Health Home Infusion,William Beaumont Hospital (Corewell Health member hospital/subsidiary),ACHC 82290 Specialty Pharmacy Services | ACHC 99035 Infusion Pharmacy Services | ACHC 78902 Home Infusion Therapy,,https://corewellhealth.org/care-and-specialties/pharmacy | https://npiregistry.cms.hhs.gov/provider-view/1437600103,2026-10-02,Not on Shields list; no outside manager found (Quest lab JV is unrelated). NPI 1881038057 is a hemophilia treatment center specialty pharmacy at Grand Rapids.,,
HSI00000288,Covenant Medical Center,Saginaw,MI,MI,1,True,1,1,464.0,0.0,2.0,church-operated,100.0,0,2023 (rev. 2025-09),https://www.ahrq.gov/sites/default/files/wysiwyg/chsp/compendium/chsp-compendium-2023-rev.xlsx,AHRQ Compendium 2023 (system file rev. 2025-09); systems as of end-2023,False,680859168.0,HCRIS FY2023 (FY2022 fallback); acute member hospitals; G-3 line 3,0,796939421.0,HCRIS FY2024 (periods beginning 2023-10-01..2024-09-30); acute member CCNs; annualized where needed,0,0,17.0,False,False,False,False,https://data.cms.gov/sites/default/files/2026-09/e85544f7-57ef-477e-9640-313ac0aac400/CostReport_2024_Final.csv,CMS Hospital Provider Cost Report FY2024 (periods beginning 2023-10-01..2024-09-30); file modified 2026-09-29,True,Covenant HealthCare,unchanged,,https://www.covenanthealthcare.com/,,Infusion or home infusion only,Medium,Covenant at Home Infusion Pharmacy page on covenanthealthcare.com plus outpatient pharmacy; no specialty retail dispensing or accreditation found,Covenant at Home Infusion Pharmacy | Covenant HealthCare Outpatient Pharmacy,Covenant HealthCare,,,https://m.covenanthealthcare.com/Covenant-at-Home/home-infusion.html | https://www.covenanthealthcare.com/ch/courtesyservices,2026-10-02,Own home infusion pharmacy (includes specialty infusion therapy) and Cooper campus outpatient pharmacy; a LinkedIn bio mentions specialty delivery and mail order but no site page confirms a specialty pharmacy. Nonbinding Aspire LOI leaves it independent.,,
HSI00000475,Henry Ford Health,Detroit,MI,MI,1,True,6,5,1787.0,1.0,1.0,nonprofit,100.0,0,2023 (rev. 2025-09),https://www.ahrq.gov/sites/default/files/wysiwyg/chsp/compendium/chsp-compendium-2023-rev.xlsx,AHRQ Compendium 2023 (system file rev. 2025-09); systems as of end-2023,False,4425533332.0,HCRIS FY2023 (FY2022 fallback); acute member hospitals; G-3 line 3,0,5282082328.0,HCRIS FY2024 (periods beginning 2023-10-01..2024-09-30); acute member CCNs; annualized where needed,0,0,19.4,False,False,False,False,https://data.cms.gov/sites/default/files/2026-09/e85544f7-57ef-477e-9640-313ac0aac400/CostReport_2024_Final.csv,CMS Hospital Provider Cost Report FY2024 (periods beginning 2023-10-01..2024-09-30); file modified 2026-09-29,True,Henry Ford Health,unchanged,,https://en.wikipedia.org/wiki/Henry_Ford_Health,,Managed or partnered,High,Shields partner list (Henry Ford Health System*) per rule; URAC SPP010405 and ACHC 78535 confirm owned pharmacy,Henry Ford Pharmacy Advantage Southfield,Henry Ford Health System,URAC SPP010405 Specialty Pharmacy | URAC rdcoe010001 Rare Disease Pharmacy Center of Excellence | ACHC 78535 Specialty Pharmacy Services,Shields Health Solutions,https://www.henryford.com/Services/Pharmacy/Pharmacy-Advantage-Specialty-Pharmacy/FAQ | https://www.urac.org/directory/accreditation-details/?certification=SPP010405 | https://shieldshealthsolutions.com/about-us/partner-health-systems,2026-10-02,"Tier set by Shields partner-list rule; Henry Ford website did not itself mention Shields, and the pharmacy appears wholly system-owned and accredited.",,
HSI00001319,Holland Hospital,Holland,MI,MI,1,True,1,1,189.0,0.0,1.0,nonprofit,100.0,0,2023 (rev. 2025-09),https://www.ahrq.gov/sites/default/files/wysiwyg/chsp/compendium/chsp-compendium-2023-rev.xlsx,AHRQ Compendium 2023 (system file rev. 2025-09); systems as of end-2023,False,262314826.0,HCRIS FY2023 (FY2022 fallback); acute member hospitals; G-3 line 3,0,281330792.0,HCRIS FY2024 (periods beginning 2023-10-01..2024-09-30); acute member CCNs; annualized where needed,0,0,7.2,False,False,False,False,https://data.cms.gov/sites/default/files/2026-09/e85544f7-57ef-477e-9640-313ac0aac400/CostReport_2024_Final.csv,CMS Hospital Provider Cost Report FY2024 (periods beginning 2023-10-01..2024-09-30); file modified 2026-09-29,True,Holland Hospital,unchanged,,https://record.umich.edu/articles/u-m-health-holland-hospital-announce-strategic-alliance/,,"Owned, accredited",High,"ACHC 95828 (Holland Community Hospital, member hospital address) plus Holland Hospital pharmacy page and 2026 specialty brochure",Holland Hospital Pharmacy Services | Holland Hospital Infusion Services,Holland Community Hospital (Holland Hospital),ACHC 95828 Specialty Pharmacy Services,,"https://www.hollandhospital.org/find-a-service/pharmacy-services | https://www.hollandhospital.org/sites/default/files/downloads/specialty-pharmacy-program-brochure-2026-03.pdf | https://organization.achc.org/print?legalCompanyName=Holland%20Community%20Hospital&dbaCompanyName=Holland%20Hospital%20Pharmacy%20Services&companyID=95828&full_address=Holland,%20MI%2049423&physicalAddress=602%20Michigan%20Avenue, | https://npiregistry.cms.hhs.gov/provider-view/1922936020",2026-10-02,U-M Health alliance (2023) is explicitly not a merger or ownership change. NPPES lists a Home Infusion taxonomy with specialty pharmacy in a secondary position.,,
HSI00000636,McLaren Health Care Corporation,Grand Blanc,MI,MI,1,True,13,11,1600.0,1.0,1.0,nonprofit,100.0,0,2023 (rev. 2025-09),https://www.ahrq.gov/sites/default/files/wysiwyg/chsp/compendium/chsp-compendium-2023-rev.xlsx,AHRQ Compendium 2023 (system file rev. 2025-09); systems as of end-2023,False,2554080903.0,HCRIS FY2023 (FY2022 fallback); acute member hospitals; G-3 line 3,0,2781764722.0,HCRIS FY2024 (periods beginning 2023-10-01..2024-09-30); acute member CCNs; annualized where needed,0,0,8.9,False,False,False,False,https://data.cms.gov/sites/default/files/2026-09/e85544f7-57ef-477e-9640-313ac0aac400/CostReport_2024_Final.csv,CMS Hospital Provider Cost Report FY2024 (periods beginning 2023-10-01..2024-09-30); file modified 2026-09-29,True,McLaren Health Care,unchanged,,https://www.crainsdetroit.com/health-care/mclaren-health-care-acquires-clarkston-medical-group,,"Owned, accredited",High,"URAC SPP010709 + ACHC 82267 (Karmanos Specialty Pharmacy, KSP) plus McLaren/Karmanos web pages",KSP (Karmanos Specialty Pharmacy) | McLaren Home Infusion,Barbara Ann Karmanos Cancer Hospital (McLaren member); McLaren Health Management Group (infusion),URAC SPP010709 Specialty Pharmacy | ACHC 82267 Specialty Pharmacy Services | ACHC 82687 Infusion Pharmacy Services,,https://www.karmanos.org/karmanos-foundation/news/ksp-mclarens-specialty-pharmacy-earns-full-urac-re-4582 | https://www.mclaren.org/main/infusion-services | https://www.urac.org/directory/accreditation-details/?certification=SPP010709,2026-10-02,"KSP markets itself as McLaren's specialty pharmacy; McLaren is not on the Shields list. Status search showed only physician-group acquisitions, no system-level change.",,
HSI00000652,Memorial Healthcare,Owosso,MI,MI,1,True,1,1,113.0,0.0,1.0,nonprofit,100.0,0,2023 (rev. 2025-09),https://www.ahrq.gov/sites/default/files/wysiwyg/chsp/compendium/chsp-compendium-2023-rev.xlsx,AHRQ Compendium 2023 (system file rev. 2025-09); systems as of end-2023,False,226383463.0,HCRIS FY2023 (FY2022 fallback); acute member hospitals; G-3 line 3,0,325044656.0,HCRIS FY2024 (periods beginning 2023-10-01..2024-09-30); acute member CCNs; annualized where needed,0,0,43.6,False,False,True,False,https://data.cms.gov/sites/default/files/2026-09/e85544f7-57ef-477e-9640-313ac0aac400/CostReport_2024_Final.csv,CMS Hospital Provider Cost Report FY2024 (periods beginning 2023-10-01..2024-09-30); file modified 2026-09-29,True,Memorial Healthcare,unchanged,,https://memorialhealthcare.org/about/presidents-message/,,"Owned, accredited",Medium,Own website states specialty pharmacy is ACHC accredited; no URAC/ACHC candidate matched,Memorial Healthcare Specialty Pharmacy | Owosso Outpatient Pharmacy,Memorial Healthcare,ACHC Specialty Pharmacy (per system website; no ID),,https://memorialhealthcare.org/service/memorial-pharmacy/,2026-10-02,"Matcher missed this; ACHC directory record not located, so single-source. Independent, expanding (Flushing pharmacy).",,
HSI00000715,Munson Healthcare,Traverse City,MI,MI,1,True,10,10,624.0,0.0,1.0,nonprofit,98.7,1,2023 (rev. 2025-09),https://www.ahrq.gov/sites/default/files/wysiwyg/chsp/compendium/chsp-compendium-2023-rev.xlsx,AHRQ Compendium 2023 (system file rev. 2025-09); systems as of end-2023,True,1248891162.0,HCRIS FY2023 (FY2022 fallback); acute member hospitals; G-3 line 3,2,1472658736.0,HCRIS FY2024 (periods beginning 2023-10-01..2024-09-30); acute member CCNs; annualized where needed,2,0,17.9,False,True,False,False,https://data.cms.gov/sites/default/files/2026-09/e85544f7-57ef-477e-9640-313ac0aac400/CostReport_2024_Final.csv,CMS Hospital Provider Cost Report FY2024 (periods beginning 2023-10-01..2024-09-30); file modified 2026-09-29,True,Munson Healthcare,unchanged,,https://www.traverseticker.com/news/can-munson-remain-independent/,,"Owned, accredited",High,URAC SPP010233 and ACHC 90069 plus system location page for Munson Healthcare Specialty Pharmacy,Munson Healthcare Specialty Pharmacy,Munson Medical Center (member hospital),URAC SPP010233 Specialty Pharmacy | ACHC 90069 Specialty Pharmacy Services,,https://www.urac.org/directory/accreditation-details/?certification=SPP010233 | https://www.munsonhealthcare.org/locations/munson-healthcare-specialty-pharmacy | https://www.munsonhealthcare.org/services/pharmacy/pharmacy-services,2026-10-02,Remains independent per 2024 reporting; Spectrum merger talks ended earlier. Not on Shields list; home infusion also offered.,,
HSI00001449,Oaklawn Hospital,Marshall,MI,MI,1,True,1,1,78.0,0.0,1.0,nonprofit,100.0,0,2023 (rev. 2025-09),https://www.ahrq.gov/sites/default/files/wysiwyg/chsp/compendium/chsp-compendium-2023-rev.xlsx,AHRQ Compendium 2023 (system file rev. 2025-09); systems as of end-2023,False,156589054.0,HCRIS FY2023 (FY2022 fallback); acute member hospitals; G-3 line 3,0,184983491.0,HCRIS FY2024 (periods beginning 2023-10-01..2024-09-30); acute member CCNs; annualized where needed,0,0,18.1,False,False,False,False,https://data.cms.gov/sites/default/files/2026-09/e85544f7-57ef-477e-9640-313ac0aac400/CostReport_2024_Final.csv,CMS Hospital Provider Cost Report FY2024 (periods beginning 2023-10-01..2024-09-30); file modified 2026-09-29,True,Oaklawn Hospital,unchanged,,https://oaklawnhospital.org/,,None found,Medium,Own pharmacy page shows standard outpatient retail only; no candidates,Oaklawn Pharmacy (retail outpatient),Oaklawn Hospital,,,https://oaklawnhospital.org/services/pharmacy/,2026-10-02,Owns a retail outpatient pharmacy with no specialty dispensing described. New CEO effective 2026-09-01.,,
HSI00001106,Trinity Health,Livonia,MI,CA;CT;DE;FL;GA;IA;ID;IL;IN;MA;MD;MI;NY;OH;OR;PA,16,True,105,97,14914.0,1.0,2.0,church-operated,97.0,19,2023 (rev. 2025-09),https://www.ahrq.gov/sites/default/files/wysiwyg/chsp/compendium/chsp-compendium-2023-rev.xlsx,AHRQ Compendium 2023 (system file rev. 2025-09); systems as of end-2023,True,21478015361.0,HCRIS FY2023 (FY2022 fallback); acute member hospitals; G-3 line 3,8,24829830947.0,HCRIS FY2024 (periods beginning 2023-10-01..2024-09-30); acute member CCNs; annualized where needed,8,2,15.6,False,True,False,False,https://data.cms.gov/sites/default/files/2026-09/e85544f7-57ef-477e-9640-313ac0aac400/CostReport_2024_Final.csv,CMS Hospital Provider Cost Report FY2024 (periods beginning 2023-10-01..2024-09-30); file modified 2026-09-29,True,Trinity Health,unchanged,,https://www.trinity-health.org/about-us,,"Owned, accredited",High,Trinity Health press release on dual URAC/ACHC accreditation; URAC and ACHC records for multiple system-owned pharmacies; Trinity not on Shields list,Trinity Health Pharmacy Services (Fort Wayne) | Trinity Health Pharmacy Solutions - Grand Rapids | Trinity Health Pharmacy - Hackley | Trinity Health Pharmacy - Wege Center | MercyOne Genesis FirstMed Specialty Pharmacy | MercyOne Waterloo Specialty Pharmacy | Loyola Outpatient Center pharmacy | St Joseph Mercy Professional Pharmacy,"Trinity Health Pharmacy Services LLC, Trinity Health-Michigan, GenVentures (MercyOne), Loyola University Medical Center and other Trinity subsidiaries",URAC SPP010175 Specialty Pharmacy | URAC SPP010181 Specialty Pharmacy | URAC SPP010700 Specialty Pharmacy | URAC SPP010451 Specialty Pharmacy | URAC SPP010572 Specialty Pharmacy | ACHC 79316 Specialty Pharmacy Services | ACHC 74905 Specialty Pharmacy Services | ACHC 75635 Specialty Pharmacy Services | ACHC 77560 Specialty Pharmacy Services | ACHC 79312 Specialty Pharmacy Services | ACHC 95372 Specialty Pharmacy Services | ACHC 94518 Specialty Pharmacy Services | ACHC 97130 Infusion Pharmacy Services | ACHC 88273 Infusion Pharmacy Services,,https://www.trinity-health.org/newsroom/press-releases/trinity-health-pharmacy-services-earns-dual-accreditation-specialty | https://www.trinity-health.org/our-services/specialty-pharmacy/for-providers | https://www.trinityhealthmichigan.org/services/pharmacy/specialty | https://www.urac.org/directory/accreditation-details/?certification=SPP010175,2026-10-02,"Multiple regional Trinity-owned accredited specialty pharmacies, no outside manager found. Loyola and MercyOne pharmacies are Trinity member subsidiaries.",,
HSI00000029,Allina Health,Minneapolis,MN,MN;WI,2,True,13,12,1759.0,0.0,1.0,nonprofit,100.0,0,2023 (rev. 2025-09),https://www.ahrq.gov/sites/default/files/wysiwyg/chsp/compendium/chsp-compendium-2023-rev.xlsx,AHRQ Compendium 2023 (system file rev. 2025-09); systems as of end-2023,False,3673942762.0,HCRIS FY2023 (FY2022 fallback); acute member hospitals; G-3 line 3,2,3859056729.0,HCRIS FY2024 (periods beginning 2023-10-01..2024-09-30); acute member CCNs; annualized where needed,2,0,5.0,False,True,False,False,https://data.cms.gov/sites/default/files/2026-09/e85544f7-57ef-477e-9640-313ac0aac400/CostReport_2024_Final.csv,CMS Hospital Provider Cost Report FY2024 (periods beginning 2023-10-01..2024-09-30); file modified 2026-09-29,True,Allina Health,unchanged,,https://www.allinahealth.org/about-us/news-releases/2026/allina-health-and-sutter-health-sign-definitive-agreement,,"Owned, accredited",High,URAC SPP010285 + NPPES specialty pharmacy (primary) + Allina 2025 annual report,Allina Health Specialty Pharmacy | Allina Health Heart Hospital Pharmacy | Allina Community Pharmacies,Allina Health System,URAC SPP010285 Specialty Pharmacy,,https://www.urac.org/directory/accreditation-details/?certification=SPP010285 | https://alltogetherbetter.com/annual-report/pharmacy/ | https://npiregistry.cms.hhs.gov/provider-view/1043312473,2025,Allina is not on the Shields list; central fill specialty dispensing opened 2025. NPI 1386047538 is its home infusion pharmacy.,,
HSI00000193,CentraCare,Saint Cloud,MN,MN,1,True,10,10,650.0,1.0,1.0,nonprofit,98.3,1,2023 (rev. 2025-09),https://www.ahrq.gov/sites/default/files/wysiwyg/chsp/compendium/chsp-compendium-2023-rev.xlsx,AHRQ Compendium 2023 (system file rev. 2025-09); systems as of end-2023,True,1430695521.0,HCRIS FY2023 (FY2022 fallback); acute member hospitals; G-3 line 3,1,1610898618.0,HCRIS FY2024 (periods beginning 2023-10-01..2024-09-30); acute member CCNs; annualized where needed,1,0,12.6,False,True,False,False,https://data.cms.gov/sites/default/files/2026-09/e85544f7-57ef-477e-9640-313ac0aac400/CostReport_2024_Final.csv,CMS Hospital Provider Cost Report FY2024 (periods beginning 2023-10-01..2024-09-30); file modified 2026-09-29,True,CentraCare,unchanged,,https://en.wikipedia.org/wiki/CentraCare_Health,,Managed or partnered,High,"Shields partner list (CentraCare Health, Saint Cloud MN) plus URAC and ACHC accreditation",CentraCare - Plaza Pharmacy,St. Cloud Hospital (CentraCare member),URAC SPP010702 Specialty Pharmacy | ACHC 77547 Specialty Pharmacy Services,Shields Health Solutions,https://shieldshealthsolutions.com/about-us/partner-health-systems | https://www.urac.org/directory/accreditation-details/?certification=SPP010702 | https://www.centracare.com/services/pharmacy/,2026-10-02,"Carris Health renamed CentraCare in 2022, before the 2023 baseline.",,
HSI00000207,Childrens Minnesota,Minneapolis,MN,MN,1,True,2,2,420.0,0.0,1.0,nonprofit,100.0,0,2023 (rev. 2025-09),https://www.ahrq.gov/sites/default/files/wysiwyg/chsp/compendium/chsp-compendium-2023-rev.xlsx,AHRQ Compendium 2023 (system file rev. 2025-09); systems as of end-2023,False,1016840113.0,HCRIS FY2023 (FY2022 fallback); acute member hospitals; G-3 line 3,1,1050930414.0,HCRIS FY2024 (periods beginning 2023-10-01..2024-09-30); acute member CCNs; annualized where needed,1,0,3.4,False,True,False,False,https://data.cms.gov/sites/default/files/2026-09/e85544f7-57ef-477e-9640-313ac0aac400/CostReport_2024_Final.csv,CMS Hospital Provider Cost Report FY2024 (periods beginning 2023-10-01..2024-09-30); file modified 2026-09-29,True,Children's Minnesota,unchanged,,https://www.childrensmn.org/your-visit/while-you-are-here/on-the-minneapolis-campus/pharmacy/,,"Owned, accredited",High,URAC SPP010117 record plus Children's Minnesota specialty pharmacy web listing and NPPES specialty records,Children's Minnesota Specialty Pharmacy | Children's Home Infusion Specialty Pharmacy,Children's Health Care d/b/a Children's Minnesota,URAC SPP010117 Specialty Pharmacy,,https://www.urac.org/directory/accreditation-details/?certification=SPP010117 | https://www.childrensmn.org/your-visit/while-you-are-here/on-the-minneapolis-campus/pharmacy/ | https://careers.childrensmn.org/us/en/job/260270OS/Specialty-Pharmacy-Manager,2026-10-02,Independent system since 1924 per search results; Minneapolis campus specialty pharmacy at 2530 Chicago Ave S Ste 175.,,
HSI00001301,Cuyuna Regional Medical Center,Crosby,MN,MN,1,True,2,2,25.0,0.0,1.0,nonprofit,100.0,0,2023 (rev. 2025-09),https://www.ahrq.gov/sites/default/files/wysiwyg/chsp/compendium/chsp-compendium-2023-rev.xlsx,AHRQ Compendium 2023 (system file rev. 2025-09); systems as of end-2023,False,180828344.0,HCRIS FY2023 (FY2022 fallback); acute member hospitals; G-3 line 3,1,193439855.0,HCRIS FY2024 (periods beginning 2023-10-01..2024-09-30); acute member CCNs; annualized where needed,1,0,7.0,False,True,False,False,https://data.cms.gov/sites/default/files/2026-09/e85544f7-57ef-477e-9640-313ac0aac400/CostReport_2024_Final.csv,CMS Hospital Provider Cost Report FY2024 (periods beginning 2023-10-01..2024-09-30); file modified 2026-09-29,True,Cuyuna Regional Medical Center,unchanged,,https://www.kaxe.org/local-news/2025-10-06/cuyuna-regional-medical-center-new-clinic-nisswa,,None found,Medium,No candidates; CRMC services page lists only two retail-type pharmacy locations,"CRMC retail pharmacies (Crosby, SuperOne)",Cuyuna Regional Medical Center,,,https://www.cuyunamed.org/services-specialties/,2026-10-02,Home care and hospice transitioning to Vivie by end of 2025; no infusion or specialty pharmacy found. Infusion center is oncology outpatient only.,,
HSI00000350,Essentia Health,Duluth,MN,ID;MN;ND;WI,4,True,18,18,966.0,1.0,1.0,nonprofit,97.4,1,2023 (rev. 2025-09),https://www.ahrq.gov/sites/default/files/wysiwyg/chsp/compendium/chsp-compendium-2023-rev.xlsx,AHRQ Compendium 2023 (system file rev. 2025-09); systems as of end-2023,True,2416962979.0,HCRIS FY2023 (FY2022 fallback); acute member hospitals; G-3 line 3,3,2816147784.0,HCRIS FY2024 (periods beginning 2023-10-01..2024-09-30); acute member CCNs; annualized where needed,3,0,16.5,False,True,False,False,https://data.cms.gov/sites/default/files/2026-09/e85544f7-57ef-477e-9640-313ac0aac400/CostReport_2024_Final.csv,CMS Hospital Provider Cost Report FY2024 (periods beginning 2023-10-01..2024-09-30); file modified 2026-09-29,True,Essentia Health,unchanged,,https://www.mprnews.org/story/2026/09/29/healthpartners-and-essentia-health-announce-plan-to-merge,2026-09-29,"Owned, accredited",High,URAC + ACHC Specialty Pharmacy records + NPPES + Essentia pharmacy listings,Essentia Health Specialty Pharmacy | Essentia Health Prescription Service Center,"The Duluth Clinic, Ltd (Essentia subsidiary)",URAC SPP010314 Specialty Pharmacy | ACHC 79459 Specialty Pharmacy Services,,https://www.urac.org/directory/accreditation-details/?certification=SPP010314 | https://www.essentiahealth.org/find-facility/essentia-health-superior-pharmacy,2026-10-02,"HealthPartners merger announced 2026-09-29 for 2027 (not yet effective), so status is unchanged for now; may become 'merged into HealthPartners'. Not on Shields list.",,
HSI00000357,Fairview Health Services,Minneapolis,MN,MN;WI,2,True,13,11,1636.0,1.0,2.0,church-operated,100.0,0,2023 (rev. 2025-09),https://www.ahrq.gov/sites/default/files/wysiwyg/chsp/compendium/chsp-compendium-2023-rev.xlsx,AHRQ Compendium 2023 (system file rev. 2025-09); systems as of end-2023,False,4233315777.0,HCRIS FY2023 (FY2022 fallback); acute member hospitals; G-3 line 3,1,4572861652.0,HCRIS FY2024 (periods beginning 2023-10-01..2024-09-30); acute member CCNs; annualized where needed,1,0,8.0,False,True,False,False,https://data.cms.gov/sites/default/files/2026-09/e85544f7-57ef-477e-9640-313ac0aac400/CostReport_2024_Final.csv,CMS Hospital Provider Cost Report FY2024 (periods beginning 2023-10-01..2024-09-30); file modified 2026-09-29,True,Fairview Health Services,unchanged,,https://www.healthcaredive.com/news/sanford-health-fairview-health-services-cancel-merger/689311/,,Managed or partnered,High,Shields partner list (M Health Fairview) plus URAC SPP010453 and rdcoe010019 for Fairview Pharmacy Services LLC,Fairview Specialty Pharmacy | Fairview Home Infusion,"Fairview Pharmacy Services, LLC (system subsidiary)",URAC SPP010453 Specialty Pharmacy | URAC rdcoe010019 Rare Disease Pharmacy Center of Excellence,Shields Health Solutions,https://shieldshealthsolutions.com/about-us/partner-health-systems | https://www.urac.org/directory/accreditation-details/?certification=SPP010453 | https://www.mhealthfairview.org/locations/fairview-specialty-pharmacy,2026-10-02,Operates under the M Health Fairview brand with the same hospitals. Shields partner status rests on the partner list rule; the web search did not independently show it.,,
HSI00000464,HealthPartners,Minneapolis,MN,MN;WI,2,True,10,10,1002.0,0.0,1.0,nonprofit,100.0,0,2023 (rev. 2025-09),https://www.ahrq.gov/sites/default/files/wysiwyg/chsp/compendium/chsp-compendium-2023-rev.xlsx,AHRQ Compendium 2023 (system file rev. 2025-09); systems as of end-2023,False,2381855768.0,HCRIS FY2023 (FY2022 fallback); acute member hospitals; G-3 line 3,1,2481094604.0,HCRIS FY2024 (periods beginning 2023-10-01..2024-09-30); acute member CCNs; annualized where needed,1,0,4.2,False,True,False,False,https://data.cms.gov/sites/default/files/2026-09/e85544f7-57ef-477e-9640-313ac0aac400/CostReport_2024_Final.csv,CMS Hospital Provider Cost Report FY2024 (periods beginning 2023-10-01..2024-09-30); file modified 2026-09-29,True,HealthPartners,unchanged,,https://www.northernnewsnow.com/2026/09/29/essentia-health-healthpartners-announce-planned-merger/,,"Owned, accredited",Medium,ACHC specialty pharmacy records for HealthPartners Inc and Regions Hospital Outpatient Pharmacy,HealthPartners Specialty Center Pharmacy | Regions Hospital Outpatient Pharmacy,"HealthPartners, Inc.; Regions Hospital",ACHC 53556 Specialty Pharmacy Services | ACHC 100194 Specialty Pharmacy Services,,"https://organization.achc.org/print?legalCompanyName=Regions%20Hospital&dbaCompanyName=Regions%20Hospital%20Outpatient%20Pharmacy&companyID=100194&full_address=St.%20Paul,%20MN%2055101&physicalAddress=640%20Jackson%20St, | https://www.healthpartners.com/provider-public/pharmacy-services/specialty-pharmacy/",2026-10-02,"Stale 2020 HealthPartners page lists CVS/Accredo etc. and no own specialty pharmacy, so ACHC records are the main support; a listing suggests Specialty Center Pharmacy may have closed in 2026. Planned Essentia merger (target 2027-01-01) not yet effective.",,
HSI00000567,Lake Region Healthcare,Fergus Falls,MN,MN,1,True,2,2,90.0,0.0,1.0,nonprofit,100.0,0,2023 (rev. 2025-09),https://www.ahrq.gov/sites/default/files/wysiwyg/chsp/compendium/chsp-compendium-2023-rev.xlsx,AHRQ Compendium 2023 (system file rev. 2025-09); systems as of end-2023,False,156737840.0,HCRIS FY2023 (FY2022 fallback); acute member hospitals; G-3 line 3,0,174175207.0,HCRIS FY2024 (periods beginning 2023-10-01..2024-09-30); acute member CCNs; annualized where needed,0,0,11.1,False,False,False,False,https://data.cms.gov/sites/default/files/2026-09/e85544f7-57ef-477e-9640-313ac0aac400/CostReport_2024_Final.csv,CMS Hospital Provider Cost Report FY2024 (periods beginning 2023-10-01..2024-09-30); file modified 2026-09-29,True,Lake Region Healthcare,unchanged,,https://www.lrhc.org/,,None found,Low,Own site read via curl: clinic page lists Thrifty White Pharmacy (outside retail operator) and an infusion center; no specialty pharmacy page found,,,,,https://www.lrhc.org/locations/fergus-falls-clinic-main/ | https://www.lrhc.org/services/cancer-care/,2026-10-02,"No URAC/ACHC/NPPES candidates. A search summary claimed a specialty pharmacy but no page on lrhc.org supports it, so confidence is Low.",,
HSI00000631,Mayo Clinic Health System,Rochester,MN,AZ;FL;IA;MN;WI,5,True,26,25,2792.0,0.0,1.0,nonprofit,57.1,3,2023 (rev. 2025-09),https://www.ahrq.gov/sites/default/files/wysiwyg/chsp/compendium/chsp-compendium-2023-rev.xlsx,AHRQ Compendium 2023 (system file rev. 2025-09); systems as of end-2023,True,10758468039.0,HCRIS FY2023 (FY2022 fallback); acute member hospitals; G-3 line 3,4,11698235063.0,HCRIS FY2024 (periods beginning 2023-10-01..2024-09-30); acute member CCNs; annualized where needed,4,0,8.7,False,True,False,False,https://data.cms.gov/sites/default/files/2026-09/e85544f7-57ef-477e-9640-313ac0aac400/CostReport_2024_Final.csv,CMS Hospital Provider Cost Report FY2024 (periods beginning 2023-10-01..2024-09-30); file modified 2026-09-29,True,Mayo Clinic Health System,unchanged,,https://www.mayoclinic.org/,,"Owned, accredited",High,URAC SPP010620 + ACHC 65635 (both Mayo Foundation) + NPPES 1932428547; search snippets state URAC and ACHC accredited,Mayo Clinic Specialty Pharmacy | Mayo Clinic Pharmacy | MCHS La Crosse Home Infusion Pharmacy | MCHS Eau Claire Hospital Pharmacy | Mayo Clinic Home Infusion Therapy (Jacksonville),Mayo Foundation for Medical Education and Research (parent of Mayo Clinic and Mayo Clinic Health System); infusion sites owned by MCHS entities and Mayo Clinic Jacksonville,"URAC SPP010620 Specialty Pharmacy (eff 2026-04-01, exp 2029-03-01) | ACHC 65635 Specialty Pharmacy Services | ACHC 93475 Infusion Pharmacy Services | ACHC 38892 Infusion Pharmacy Services | ACHC 90155 Infusion Pharmacy Services",,"https://www.urac.org/directory/accreditation-details/?certification=SPP010620 | https://organization.achc.org/print?legalCompanyName=Mayo%20Foundation%20for%20Medical%20Education%20and%20Research&dbaCompanyName=Mayo%20Clinic%20Pharmacy&companyID=65635&full_address=Rochester,%20MN%2055902&physicalAddress=3551%20Commercial%20Drive%20SW, | https://organization.achc.org/print?legalCompanyName=Mayo%20Clinic%20Health%20System%20La%20Crosse%20Hospital%20Pharmacy&dbaCompanyName=MCHS%20-%20La%20Crosse%20Home%20Infusion%20Pharmacy&companyID=93475&full_address=La%20Crosse,%20WI%2054601&physicalAddress=700%20West%20Avenue%20South, | https://organization.achc.org/print?legalCompanyName=Mayo%20Clinic%20Health%20System-Northwest%20Wisconsin%20Region,%20Inc.&dbaCompanyName=Mayo%20Clinic%20Health%20System%20-%20Eau%20Claire%20Hospital%20Pharmacy&companyID=38892&full_address=Eau%20Claire,%20WI%2054703&physicalAddress=1221%20Whipple%20St., | https://organization.achc.org/print?legalCompanyName=Mayo%20Clinic%20Jacksonville&dbaCompanyName=Mayo%20Clinic%20Home%20Infusion%20Therapy&companyID=90155&full_address=Jacksonville,%20FL%2032224&physicalAddress=4500%20San%20Pablo%20Rd,%20MANG%202131, | https://npiregistry.cms.hhs.gov/provider-view/1932428547 | https://npiregistry.cms.hhs.gov/provider-view/1609970664 | https://www.mayoclinic.org/patient-visitor-guide/minnesota/pharmacy-services",2026-10-02,"Specialty pharmacy sits in Mayo Foundation (Rochester), parent of Mayo Clinic Health System; the three ACHC infusion records are infusion-only. Mayo's own page could not be fetched, so web claims come from search snippets.",,
HSI00000749,North Memorial Health,Robbinsdale,MN,MN,1,True,2,2,476.0,0.0,1.0,nonprofit,100.0,0,2023 (rev. 2025-09),https://www.ahrq.gov/sites/default/files/wysiwyg/chsp/compendium/chsp-compendium-2023-rev.xlsx,AHRQ Compendium 2023 (system file rev. 2025-09); systems as of end-2023,False,853750761.0,HCRIS FY2023 (FY2022 fallback); acute member hospitals; G-3 line 3,0,929945988.0,HCRIS FY2024 (periods beginning 2023-10-01..2024-09-30); acute member CCNs; annualized where needed,0,0,8.9,False,False,False,False,https://data.cms.gov/sites/default/files/2026-09/e85544f7-57ef-477e-9640-313ac0aac400/CostReport_2024_Final.csv,CMS Hospital Provider Cost Report FY2024 (periods beginning 2023-10-01..2024-09-30); file modified 2026-09-29,True,North Memorial Health (Twin Cities Region of Sanford Health),acquired by,Sanford Health,https://www.fiercehealthcare.com/providers/sanford-health-unveils-deal-integrate-minnesota-area-north-memorial-health-invest-600m,2026-09,"Owned, accredited",High,North Memorial own URAC and ACHC accredited specialty pharmacy; remains system-owned after Sanford acquisition (no Sanford pharmacy found serving these hospitals),North Memorial Health Specialty Pharmacy | North Memorial Health Cancer Center Pharmacy,North Memorial Health Care a Nonprofit Minnesota Corporation,URAC SPP010675 Specialty Pharmacy | ACHC 82050 Specialty Pharmacy Services,,https://northmemorial.com/specialty/specialty-pharmacy-services/ | https://www.urac.org/directory/accreditation-details/?certification=SPP010675 | https://www.fiercehealthcare.com/providers/sanford-health-unveils-deal-integrate-minnesota-area-north-memorial-health-invest-600m,2026-10-02,Sanford Health acquisition closed Sept 2026; North Memorial remains a subsidiary corporation. Not on Shields list.,,HSI00000958
HSI00000789,Olmsted Medical Center,Rochester,MN,MN,1,True,1,1,61.0,0.0,1.0,nonprofit,100.0,0,2023 (rev. 2025-09),https://www.ahrq.gov/sites/default/files/wysiwyg/chsp/compendium/chsp-compendium-2023-rev.xlsx,AHRQ Compendium 2023 (system file rev. 2025-09); systems as of end-2023,False,234804057.0,HCRIS FY2023 (FY2022 fallback); acute member hospitals; G-3 line 3,0,257583149.0,HCRIS FY2024 (periods beginning 2023-10-01..2024-09-30); acute member CCNs; annualized where needed,0,0,9.7,False,False,False,False,https://data.cms.gov/sites/default/files/2026-09/e85544f7-57ef-477e-9640-313ac0aac400/CostReport_2024_Final.csv,CMS Hospital Provider Cost Report FY2024 (periods beginning 2023-10-01..2024-09-30); file modified 2026-09-29,True,Olmsted Medical Center,unchanged,,https://www.olmmed.org/clinical-services/infusion-therapy/,,Unknown,Low,"olmmed.org still returns Akamai 403 to curl; only search snippets seen (retail pharmacies, compounding, infusion therapy)",OMC Northwest Pharmacy | OMC Southeast Pharmacy | OMC Chatfield Pharmacy,,,,https://www.olmmed.org/clinical-services/pharmacy-services/refill-your-prescription/ | https://www.olmmed.org/clinical-services/infusion-therapy/,2026-10-02,"Own site unreadable by curl; no accreditation candidates. Snippets suggest retail pharmacies and an infusion clinic only, which is not enough to assign a tier.",confidence '' not allowed -> Low,
HSI00000881,Ridgeview Medical Center,Waconia,MN,MN,1,True,3,3,138.0,0.0,1.0,nonprofit,100.0,0,2023 (rev. 2025-09),https://www.ahrq.gov/sites/default/files/wysiwyg/chsp/compendium/chsp-compendium-2023-rev.xlsx,AHRQ Compendium 2023 (system file rev. 2025-09); systems as of end-2023,False,345077421.0,HCRIS FY2023 (FY2022 fallback); acute member hospitals; G-3 line 3,0,407728960.0,HCRIS FY2024 (periods beginning 2023-10-01..2024-09-30); acute member CCNs; annualized where needed,0,0,18.2,False,False,False,False,https://data.cms.gov/sites/default/files/2026-09/e85544f7-57ef-477e-9640-313ac0aac400/CostReport_2024_Final.csv,CMS Hospital Provider Cost Report FY2024 (periods beginning 2023-10-01..2024-09-30); file modified 2026-09-29,True,Ridgeview Medical Center,unchanged,,https://www.ridgeviewmedical.org/about-us/our-history/,,Unknown,Low,"Own site blocked by Akamai (403) even with browser headers; search snippets show only PharmD/MTM and home delivery, and a Minnesota Oncology infusion partnership",,,,,https://www.ridgeviewmedical.org/location/profile/minnesota-oncology-ridgeview-cancer-infusion-center/,2026-10-02,"Site still unreadable by curl; status unchanged per search results (independent, four campuses). Absence of specialty pharmacy cannot be concluded.",,
HSI00000937,Saint Lukes Hospital of Duluth,Duluth,MN,MN,1,True,2,2,254.0,0.0,1.0,nonprofit,100.0,0,2023 (rev. 2025-09),https://www.ahrq.gov/sites/default/files/wysiwyg/chsp/compendium/chsp-compendium-2023-rev.xlsx,AHRQ Compendium 2023 (system file rev. 2025-09); systems as of end-2023,False,529733873.0,HCRIS FY2023 (FY2022 fallback); acute member hospitals; G-3 line 3,0,-595491298.0,HCRIS FY2024 (periods beginning 2023-10-01..2024-09-30); acute member CCNs; annualized where needed,0,2,-212.4,False,False,True,True,https://data.cms.gov/sites/default/files/2026-09/e85544f7-57ef-477e-9640-313ac0aac400/CostReport_2024_Final.csv,CMS Hospital Provider Cost Report FY2024 (periods beginning 2023-10-01..2024-09-30); file modified 2026-09-29,True,Aspirus St. Luke's,acquired by,Aspirus Health,https://www.aspirus.org/stlukes,2024-03,"Owned, accredited",Medium,"via Aspirus Health: Aspirus Specialty Pharmacy (Wausau) listed on aspirus.org as retail and specialty pharmacy, URAC accredited fall 2024 per Aspirus pharmacy leader; Duluth pharmacy is Aspirus-run retail",Aspirus Specialty Pharmacy | Aspirus St. Luke's Pharmacy - Duluth,Aspirus Health,"URAC Specialty Pharmacy (Aspirus Specialty Pharmacy, secondhand, not record-verified)",,https://locations.aspirus.org/wi/wausau/1901-westwood-center-boulevard/pharmacies | https://locations.aspirus.org/mn/duluth/1000-east-first-street/pharmacies | https://pharmacy.wisc.edu/2025/06/13/class-notes-summer-2025/,2025-06-13,"URAC accreditation is from an alumni note by an Aspirus pharmacy leader, not a URAC record; whether Duluth patients are served by it (ships next day) is not explicit. Prior Unknown upgraded because Aspirus owns the specialty pharmacy.",,
HSI00001264,Winona Health,Winona,MN,MN,1,True,1,1,41.0,0.0,1.0,nonprofit,100.0,0,2023 (rev. 2025-09),https://www.ahrq.gov/sites/default/files/wysiwyg/chsp/compendium/chsp-compendium-2023-rev.xlsx,AHRQ Compendium 2023 (system file rev. 2025-09); systems as of end-2023,False,99627922.0,HCRIS FY2023 (FY2022 fallback); acute member hospitals; G-3 line 3,0,102074460.0,HCRIS FY2024 (periods beginning 2023-10-01..2024-09-30); acute member CCNs; annualized where needed,0,0,2.5,False,False,False,False,https://data.cms.gov/sites/default/files/2026-09/e85544f7-57ef-477e-9640-313ac0aac400/CostReport_2024_Final.csv,CMS Hospital Provider Cost Report FY2024 (periods beginning 2023-10-01..2024-09-30); file modified 2026-09-29,True,Winona Health,unchanged,,https://www.winonahealth.org/services/specialty-care/pharmacy/,,"Owned, not accredited",Low,NPPES-only: system-owned Winona Clinic Pharmacy NPI carries primary taxonomy Specialty Pharmacy; own site describes a retail pharmacy only,Winona Health Services Clinic Pharmacy (Winona Clinic Pharmacy),Winona Health Services,,,https://www.winonahealth.org/services/specialty-care/pharmacy/ | https://npiregistry.cms.hhs.gov/provider-view/1033998331,2026-10-02,"Own pharmacy page shows an ordinary retail clinic pharmacy with delivery; no specialty program or accreditation mentioned, so this tier rests on the NPPES taxonomy alone.",,
HSI00000055,Ascension Health,Saint Louis,MO,AL;CT;FL;IL;IN;KS;MD;MI;NY;OK;TN;TX;WI,13,False,120,104,15162.0,1.0,2.0,church-operated,99.6,2,2023 (rev. 2025-09),https://www.ahrq.gov/sites/default/files/wysiwyg/chsp/compendium/chsp-compendium-2023-rev.xlsx,AHRQ Compendium 2023 (system file rev. 2025-09); systems as of end-2023,True,21898168069.0,HCRIS FY2023 (FY2022 fallback); acute member hospitals; G-3 line 3,15,23875045519.0,HCRIS FY2024 (periods beginning 2023-10-01..2024-09-30); acute member CCNs; annualized where needed,16,9,9.0,False,True,False,False,https://data.cms.gov/sites/default/files/2026-09/e85544f7-57ef-477e-9640-313ac0aac400/CostReport_2024_Final.csv,CMS Hospital Provider Cost Report FY2024 (periods beginning 2023-10-01..2024-09-30); file modified 2026-09-29,True,Ascension Health,unchanged,,https://about.ascension.org/,,Managed or partnered,High,"Shields partner list (Ascension Health, many sites); Ascension Rx owned pharmacies hold URAC and ACHC accreditation",Ascension Rx 1001 (Austin) | Ascension Rx 1303 (Farmington Hills) | AscensionRx 1402 (Jacksonville) | Ascension Rx 1404 (Wichita) | Ascension Rx 1116 (Franklin WI) | Ascension at Home,"Ascension Pharmacy Services, LLC and Ascension subsidiaries",URAC SPP010608 Specialty Pharmacy | URAC SPP010389 Specialty Pharmacy | ACHC 99220 Specialty Pharmacy Services | ACHC 87449 Specialty Pharmacy Services | ACHC 96255 Specialty Pharmacy Services | ACHC 95425 Specialty Pharmacy Services | ACHC 99181 Specialty Pharmacy Services | ACHC 76025 Specialty Pharmacy Services and Infusion Pharmacy Services | ACHC 96365 Home Infusion Therapy,Shields Health Solutions,https://shieldshealthsolutions.com/about-us/partner-health-systems | https://healthcare.ascension.org/specialty-care/ascension-rx-pharmacy | https://www.urac.org/directory/accreditation-details/?certification=SPP010608 | https://www.urac.org/directory/accreditation-details/?certification=SPP010389,2026-10-02,Ascension is on the Shields list so tier is Managed or partnered despite owning an accredited Ascension Rx network. Owned pharmacies are the strongest independent evidence.,,
HSI00000070,BJC Healthcare,Saint Louis,MO,IL;MO,2,True,16,14,3180.0,0.0,1.0,nonprofit,99.2,1,2023 (rev. 2025-09),https://www.ahrq.gov/sites/default/files/wysiwyg/chsp/compendium/chsp-compendium-2023-rev.xlsx,AHRQ Compendium 2023 (system file rev. 2025-09); systems as of end-2023,True,6400289437.0,HCRIS FY2023 (FY2022 fallback); acute member hospitals; G-3 line 3,1,7016778842.0,HCRIS FY2024 (periods beginning 2023-10-01..2024-09-30); acute member CCNs; annualized where needed,2,0,9.6,False,True,False,False,https://data.cms.gov/sites/default/files/2026-09/e85544f7-57ef-477e-9640-313ac0aac400/CostReport_2024_Final.csv,CMS Hospital Provider Cost Report FY2024 (periods beginning 2023-10-01..2024-09-30); file modified 2026-09-29,True,BJC Health,renamed,,https://www.saintlukeskc.org/news/bjc-health-unveils-new-enterprise-brand,2026 rebrand (merger with Saint Luke's completed 2024-01-01),Managed or partnered,High,"Shields partner list (BJC HealthCare rows); URAC SPP010108, ACHC 91469; BJC web page",Advanced Family Care Pharmacy,Barnes-Jewish Hospital (BJC member hospital),URAC SPP010108 Specialty Pharmacy | ACHC 91469 Specialty Pharmacy Services,Shields Health Solutions,https://shieldshealthsolutions.com/about-us/partner-health-systems | https://www.bjc.org/locations/advanced-family-care-pharmacy | https://www.urac.org/directory/accreditation-details/?certification=SPP010108 | https://organization.achc.org/print?companyID=91469,2026-10-02,BJC merged with Saint Luke's on 2024-01-01 and rebranded as BJC Health in 2026; the hospitals in this packet are unchanged. Shields listing drives the tier; BJC pages do not name Shields.,,
HSI00001501,Boone Hospital Center,Columbia,MO,MO,1,True,1,1,278.0,0.0,1.0,nonprofit,100.0,0,2023 (rev. 2025-09),https://www.ahrq.gov/sites/default/files/wysiwyg/chsp/compendium/chsp-compendium-2023-rev.xlsx,AHRQ Compendium 2023 (system file rev. 2025-09); systems as of end-2023,False,346527763.0,HCRIS FY2023 (FY2022 fallback); acute member hospitals; G-3 line 3,0,426067415.0,HCRIS FY2024 (periods beginning 2023-10-01..2024-09-30); acute member CCNs; annualized where needed,0,0,23.0,False,False,False,False,https://data.cms.gov/sites/default/files/2026-09/e85544f7-57ef-477e-9640-313ac0aac400/CostReport_2024_Final.csv,CMS Hospital Provider Cost Report FY2024 (periods beginning 2023-10-01..2024-09-30); file modified 2026-09-29,True,Boone Health,unchanged,,https://boone.health/services/pharmacy/,,None found,Medium,Own website pharmacy page shows only Boone Plaza retail/discharge pharmacy; no candidates; not on Shields list,Boone Plaza Pharmacy,Boone Health,,,https://boone.health/services/pharmacy/,2026-10-02,Independent of BJC since 2021 and branded Boone Health. Infusion center exists but no home infusion pharmacy found.,,
HSI00000290,CoxHealth,Springfield,MO,MO,1,True,5,4,986.0,0.0,1.0,nonprofit,100.0,0,2023 (rev. 2025-09),https://www.ahrq.gov/sites/default/files/wysiwyg/chsp/compendium/chsp-compendium-2023-rev.xlsx,AHRQ Compendium 2023 (system file rev. 2025-09); systems as of end-2023,False,1883163248.0,HCRIS FY2023 (FY2022 fallback); acute member hospitals; G-3 line 3,0,2052899889.0,HCRIS FY2024 (periods beginning 2023-10-01..2024-09-30); acute member CCNs; annualized where needed,0,0,9.0,False,False,False,False,https://data.cms.gov/sites/default/files/2026-09/e85544f7-57ef-477e-9640-313ac0aac400/CostReport_2024_Final.csv,CMS Hospital Provider Cost Report FY2024 (periods beginning 2023-10-01..2024-09-30); file modified 2026-09-29,True,CoxHealth,unchanged,,https://www.coxhealth.com/our-locations/specialty-pharmacy-and-home-infusion-services/,,"Owned, accredited",High,ACHC Specialty Pharmacy Services records + CoxHealth web page + NPPES,CoxHealth Specialty Pharmacy | CoxHealth at Home,"Lester E Cox Medical Centers (member hospital); Coxs HPS of the Ozarks, Inc. (subsidiary)",ACHC 62751 Specialty Pharmacy Services | ACHC 62687 Specialty Pharmacy Services | ACHC 62751 Infusion Pharmacy Services | ACHC 62687 Infusion Pharmacy Services,,"https://www.coxhealth.com/our-locations/specialty-pharmacy-and-home-infusion-services/ | https://organization.achc.org/print?legalCompanyName=Lester%20E%20Cox%20Medical%20Centers&dbaCompanyName=CoxHealth%20Specialty%20Pharmacy&companyID=62751&full_address=Springfield,%20MO%2065807&physicalAddress=2240%20W.%20Sunset%20Suite%20106,",2026-10-02,Not on Shields list; no outside manager found. Cox College closure is unrelated to pharmacy.,,
HSI00000381,Freeman Health System,Joplin,MO,MO,1,True,2,2,384.0,0.0,1.0,nonprofit,100.0,0,2023 (rev. 2025-09),https://www.ahrq.gov/sites/default/files/wysiwyg/chsp/compendium/chsp-compendium-2023-rev.xlsx,AHRQ Compendium 2023 (system file rev. 2025-09); systems as of end-2023,False,620461020.0,HCRIS FY2023 (FY2022 fallback); acute member hospitals; G-3 line 3,0,647306403.0,HCRIS FY2024 (periods beginning 2023-10-01..2024-09-30); acute member CCNs; annualized where needed,0,0,4.3,False,False,False,False,https://data.cms.gov/sites/default/files/2026-09/e85544f7-57ef-477e-9640-313ac0aac400/CostReport_2024_Final.csv,CMS Hospital Provider Cost Report FY2024 (periods beginning 2023-10-01..2024-09-30); file modified 2026-09-29,True,Freeman Health System,unchanged,,https://talkbusiness.net/2026/03/freeman-health-system-in-joplin-mo-to-acquire-northwest-health-for-112-million/,2026-06-01,None found,Low,"No candidates; Freeman pharmacy and infusion pages show inpatient pharmacy, QuickMeds retail outpatient pharmacy and infusion center only",QuickMeds Pharmacy,,,,https://www.freemanhealth.com/specialty/pharmacy-services | https://freemanhealth.com/specialty/infusion-services | https://www.freemanhealth.com/service/quickmeds-pharmacy,2026-10-02,"Freeman acquired four Northwest Arkansas hospitals from CHS (closed 2026-06-01); it is the nonprofit acquirer, structure otherwise unchanged. One search summary mentioned specialty pharmacy, but the fetched pages did not confirm it.",,
HSI00000445,Hannibal Regional Healthcare System,Hannibal,MO,MO,1,True,1,1,86.0,0.0,1.0,nonprofit,100.0,0,2023 (rev. 2025-09),https://www.ahrq.gov/sites/default/files/wysiwyg/chsp/compendium/chsp-compendium-2023-rev.xlsx,AHRQ Compendium 2023 (system file rev. 2025-09); systems as of end-2023,False,245128764.0,HCRIS FY2023 (FY2022 fallback); acute member hospitals; G-3 line 3,0,273576127.0,HCRIS FY2024 (periods beginning 2023-10-01..2024-09-30); acute member CCNs; annualized where needed,0,0,11.6,False,False,False,False,https://data.cms.gov/sites/default/files/2026-09/e85544f7-57ef-477e-9640-313ac0aac400/CostReport_2024_Final.csv,CMS Hospital Provider Cost Report FY2024 (periods beginning 2023-10-01..2024-09-30); file modified 2026-09-29,True,Hannibal Regional Healthcare System,unchanged,,https://www.nemonews.net/2026/09/16/hannibal-regional-joins-show-me-high-value-network-to-strengthen-care-close-to-home/,,None found,Low,Own homepage lists no pharmacy services; search found only an NPPES-style institutional pharmacy listing; no candidates,,,,,https://www.hannibalregional.org/,2026-10-02,"Joined Show-Me High Value Network Sept 2026, stated not a merger. Only homepage checked, so Low confidence.",,
HSI00000568,Lake Regional Health System,Osage Beach,MO,MO,1,True,1,1,105.0,0.0,1.0,nonprofit,100.0,0,2023 (rev. 2025-09),https://www.ahrq.gov/sites/default/files/wysiwyg/chsp/compendium/chsp-compendium-2023-rev.xlsx,AHRQ Compendium 2023 (system file rev. 2025-09); systems as of end-2023,False,226828585.0,HCRIS FY2023 (FY2022 fallback); acute member hospitals; G-3 line 3,0,,HCRIS FY2024 (periods beginning 2023-10-01..2024-09-30); acute member CCNs; annualized where needed,1,0,,False,True,False,False,https://data.cms.gov/sites/default/files/2026-09/e85544f7-57ef-477e-9640-313ac0aac400/CostReport_2024_Final.csv,CMS Hospital Provider Cost Report FY2024 (periods beginning 2023-10-01..2024-09-30); file modified 2026-09-29,True,Lake Regional Health System,unchanged,,https://newsnetwork.mayoclinic.org/discussion/lake-regional-health-system-in-missouri-joins-mayo-clinic-care-network/,,None found,Medium,"Own pharmacy page fetched via curl: retail Lake Regional Pharmacy locations (refills, MedSync, compounding, delivery); no specialty pharmacy; not on Shields list",Lake Regional Pharmacy,Lake Regional Health System,,,https://www.lakeregional.com/services/pharmacy/,2026-10-02,"Joined Mayo Clinic Care Network July 2025, a clinical collaboration with the system remaining independent.",,
HSI00000660,Mercy,Chesterfield,MO,AR;IN;KS;MO;OK,5,True,45,37,4363.0,0.0,2.0,church-operated,97.2,5,2023 (rev. 2025-09),https://www.ahrq.gov/sites/default/files/wysiwyg/chsp/compendium/chsp-compendium-2023-rev.xlsx,AHRQ Compendium 2023 (system file rev. 2025-09); systems as of end-2023,True,6020353706.0,HCRIS FY2023 (FY2022 fallback); acute member hospitals; G-3 line 3,2,7295541597.0,HCRIS FY2024 (periods beginning 2023-10-01..2024-09-30); acute member CCNs; annualized where needed,3,1,21.2,False,True,False,True,https://data.cms.gov/sites/default/files/2026-09/e85544f7-57ef-477e-9640-313ac0aac400/CostReport_2024_Final.csv,CMS Hospital Provider Cost Report FY2024 (periods beginning 2023-10-01..2024-09-30); file modified 2026-09-29,True,Mercy,unchanged,,https://www.mercy.net/about/,,"Owned, accredited",High,URAC SPP010150 + Mercy web page citing URAC accreditation + NPPES; not on Shields list,Mercy Specialty Pharmacy | Mercy Specialty and Home Infusion Pharmacy Springfield | Mercy Compounding and Home Infusion Pharmacy,"Mercy Pharmacy Services, LLC (Mercy subsidiary)",URAC SPP010150 Specialty Pharmacy,,https://www.urac.org/directory/accreditation-details/?certification=SPP010150 | https://www.mercy.net/practice/mercy-specialty-pharmacy-riverport/ | https://www.mercy.net/service/home-infusion/,2026-10-02,"Multi-site system-owned specialty pharmacy network (MO, AR, OK). URAC expiration 2026-12-01 is still in the future.",,
HSI00000694,Missouri Delta Medical Center,Sikeston,MO,MO,1,True,1,1,98.0,0.0,1.0,nonprofit,100.0,0,2023 (rev. 2025-09),https://www.ahrq.gov/sites/default/files/wysiwyg/chsp/compendium/chsp-compendium-2023-rev.xlsx,AHRQ Compendium 2023 (system file rev. 2025-09); systems as of end-2023,False,126008629.0,HCRIS FY2023 (FY2022 fallback); acute member hospitals; G-3 line 3,0,149107186.0,HCRIS FY2024 (periods beginning 2023-10-01..2024-09-30); acute member CCNs; annualized where needed,0,0,18.3,False,False,False,False,https://data.cms.gov/sites/default/files/2026-09/e85544f7-57ef-477e-9640-313ac0aac400/CostReport_2024_Final.csv,CMS Hospital Provider Cost Report FY2024 (periods beginning 2023-10-01..2024-09-30); file modified 2026-09-29,True,Missouri Delta Medical Center,unchanged,,https://www.missouridelta.com/services/specialty-pharmacy,,"Owned, accredited",High,URAC SPP010626 and ACHC 97447 records plus system specialty pharmacy web page,Missouri Delta Medical Center Specialty Pharmacy | Missouri Delta Medical Center Pharmacy,Missouri Delta Medical Center,URAC SPP010626 Specialty Pharmacy | ACHC 97447 Specialty Pharmacy Services,,https://www.missouridelta.com/services/specialty-pharmacy | https://www.urac.org/directory/accreditation-details/?certification=SPP010626,2026-10-02,"Independent hospital; dual URAC/ACHC accredited, wholly hospital-owned pharmacy, no outside manager found.",,
HSI00000705,Mosaic Life Care,Saint Joseph,MO,MO,1,True,5,4,421.0,0.0,1.0,nonprofit,96.4,1,2023 (rev. 2025-09),https://www.ahrq.gov/sites/default/files/wysiwyg/chsp/compendium/chsp-compendium-2023-rev.xlsx,AHRQ Compendium 2023 (system file rev. 2025-09); systems as of end-2023,True,797074250.0,HCRIS FY2023 (FY2022 fallback); acute member hospitals; G-3 line 3,0,917897450.0,HCRIS FY2024 (periods beginning 2023-10-01..2024-09-30); acute member CCNs; annualized where needed,0,1,15.2,False,False,False,False,https://data.cms.gov/sites/default/files/2026-09/e85544f7-57ef-477e-9640-313ac0aac400/CostReport_2024_Final.csv,CMS Hospital Provider Cost Report FY2024 (periods beginning 2023-10-01..2024-09-30); file modified 2026-09-29,True,Mosaic Life Care,unchanged,,https://www.kq2.com/news/education-news/2026/09/30/mosaic-life-care-foundation-announces-recipient-of-judith-k-sabbert-spark-award/,,"Owned, not accredited",Medium,"Mosaic Life Care website: hospital-run Mosaic Specialty Pharmacy (Plaza 4, 2026); no accreditation or outside manager found",Mosaic Specialty Pharmacy,Mosaic Life Care,,,https://www.mymlc.com/Main/Service/pharmacy/,2026-10-02,Specialty pharmacy described as part of the hospital and opened in Plaza 4 around June 2026; unrelated to Mosaic Health (Elevance/CD&R).,,
HSI00001529,Ozarks Healthcare,West Plains,MO,MO,1,True,1,1,111.0,0.0,1.0,nonprofit,100.0,0,2023 (rev. 2025-09),https://www.ahrq.gov/sites/default/files/wysiwyg/chsp/compendium/chsp-compendium-2023-rev.xlsx,AHRQ Compendium 2023 (system file rev. 2025-09); systems as of end-2023,False,145776145.0,HCRIS FY2023 (FY2022 fallback); acute member hospitals; G-3 line 3,0,171800956.0,HCRIS FY2024 (periods beginning 2023-10-01..2024-09-30); acute member CCNs; annualized where needed,0,0,17.9,False,False,False,False,https://data.cms.gov/sites/default/files/2026-09/e85544f7-57ef-477e-9640-313ac0aac400/CostReport_2024_Final.csv,CMS Hospital Provider Cost Report FY2024 (periods beginning 2023-10-01..2024-09-30); file modified 2026-09-29,True,Ozarks Healthcare,unchanged,,"https://www.westplainsdailyquill.net/stories/ozarks-healthcare-named-regional-anchor-for-state-rural-health-push,229506",,"Owned, accredited",High,"URAC SPP010085 + ACHC 88448, both held by Ozarks Medical Center dba Ozarks Healthcare Specialty Pharmacy",Ozarks Healthcare Specialty Pharmacy | Ozarks Healthcare Pharmacy,Ozarks Medical Center (dba Ozarks Healthcare),URAC SPP010085 Specialty Pharmacy | ACHC 88448 Specialty Pharmacy Services,,https://www.urac.org/directory/accreditation-details/?certification=SPP010085 | https://www.beckershospitalreview.com/pharmacy/ozarks-healthcare-acquires-pharmacy.html,2026-10-02,Not on Shields list; no outside manager found. Health system acquired Bradford Pharmacy and rebranded as Ozarks Healthcare Pharmacy; accreditation entity address is the older Parkway Shopping Center site.,,
HSI00000902,SSM Health,Saint Louis,MO,IL;MO;OK;WI,4,True,40,37,4017.0,1.0,2.0,church-operated,95.2,10,2023 (rev. 2025-09),https://www.ahrq.gov/sites/default/files/wysiwyg/chsp/compendium/chsp-compendium-2023-rev.xlsx,AHRQ Compendium 2023 (system file rev. 2025-09); systems as of end-2023,True,6090214413.0,HCRIS FY2023 (FY2022 fallback); acute member hospitals; G-3 line 3,5,6718259874.0,HCRIS FY2024 (periods beginning 2023-10-01..2024-09-30); acute member CCNs; annualized where needed,5,0,10.3,False,True,False,False,https://data.cms.gov/sites/default/files/2026-09/e85544f7-57ef-477e-9640-313ac0aac400/CostReport_2024_Final.csv,CMS Hospital Provider Cost Report FY2024 (periods beginning 2023-10-01..2024-09-30); file modified 2026-09-29,True,SSM Health,unchanged,,https://www.ssmhealth.com/about-us,,Managed or partnered,High,SSM web page: SSM Health Pharmacy partners with Lumicera Health Services; URAC SPP010192 + ACHC 94814/83141 recorded,SSM Health Specialty Pharmacy | SSM Health Pharmacy,"Dean Retail Services, Inc. (SSM Health subsidiary)",URAC SPP010192 Specialty Pharmacy | ACHC 94814 Specialty Pharmacy Services | ACHC 83141 Specialty Pharmacy Services,Lumicera Health Services,https://www.ssmhealth.com/cardinal-glennon/location-details/specialty-pharmacy-st-louis-missouri | https://www.urac.org/directory/accreditation-details/?certification=SPP010192 | https://npiregistry.cms.hhs.gov/provider-view/1275265167,2026-10-02,"Not on Shields list; tier driven by named Lumicera partnership on SSM's own page. Pharmacy entity is a system subsidiary and accredited, so the Owned, accredited alternative is plausible if Lumicera is only a service partner.",,
HSI00000920,Saint Francis Healthcare System,Cape Girardeau,MO,MO,1,True,1,1,282.0,0.0,1.0,nonprofit,100.0,0,2023 (rev. 2025-09),https://www.ahrq.gov/sites/default/files/wysiwyg/chsp/compendium/chsp-compendium-2023-rev.xlsx,AHRQ Compendium 2023 (system file rev. 2025-09); systems as of end-2023,False,556597323.0,HCRIS FY2023 (FY2022 fallback); acute member hospitals; G-3 line 3,0,634848878.0,HCRIS FY2024 (periods beginning 2023-10-01..2024-09-30); acute member CCNs; annualized where needed,0,0,14.1,False,False,False,False,https://data.cms.gov/sites/default/files/2026-09/e85544f7-57ef-477e-9640-313ac0aac400/CostReport_2024_Final.csv,CMS Hospital Provider Cost Report FY2024 (periods beginning 2023-10-01..2024-09-30); file modified 2026-09-29,True,Saint Francis Healthcare System,unchanged,,https://www.kbsi23.com/news/missouri-highlands-health-care-acquires-saint-francis-poplar-bluff-campus/,2025-12-18,"Owned, accredited",Medium,URAC SPP010486 plus NPPES primary Specialty Pharmacy (same entity and address),Saint Francis Specialty Pharmacy,Saint Francis Medical Center,URAC SPP010486 Specialty Pharmacy,,https://www.urac.org/directory/accreditation-details/?certification=SPP010486 | https://npiregistry.cms.hhs.gov/provider-view/1376397539,2026-10-02,"Poplar Bluff campus was divested 2025-12-18 but the Cape Girardeau hospital (the only AHRQ member) is unaffected. Confidence Medium because the second source is NPPES, not a system web page.",,
HSI00000933,Saint Lukes Episcopal Presbyterian Hospital,Chesterfield,MO,MO,1,True,2,2,445.0,0.0,1.0,nonprofit,100.0,0,2023 (rev. 2025-09),https://www.ahrq.gov/sites/default/files/wysiwyg/chsp/compendium/chsp-compendium-2023-rev.xlsx,AHRQ Compendium 2023 (system file rev. 2025-09); systems as of end-2023,False,651443761.0,HCRIS FY2023 (FY2022 fallback); acute member hospitals; G-3 line 3,0,638062372.0,HCRIS FY2024 (periods beginning 2023-10-01..2024-09-30); acute member CCNs; annualized where needed,0,1,-2.1,False,False,False,False,https://data.cms.gov/sites/default/files/2026-09/e85544f7-57ef-477e-9640-313ac0aac400/CostReport_2024_Final.csv,CMS Hospital Provider Cost Report FY2024 (periods beginning 2023-10-01..2024-09-30); file modified 2026-09-29,True,St. Luke's Hospital (St. Louis),partly closed,,https://www.stlpr.org/health-science-environment/2025-06-23/st-lukes-to-close-des-peres-hospital-in-august,2025-08-01,None found,Low,Own-website pharmacy page shows only a retail/outpatient pharmacy with injectables; all candidates rejected,St. Luke's Pharmacy (retail/outpatient),St. Luke's Hospital,,,https://www.stlukes-stl.com/locations/st-lukes-pharmacy | https://www.stlpr.org/health-science-environment/2025-06-23/st-lukes-to-close-des-peres-hospital-in-august,2026-10-02,"Des Peres hospital closed 2025-08-01; Chesterfield remains and the system states it is independent (not BJC), so the Shields list does not apply. Evidence is absence on a thin site page, so confidence is Low.",,
HSI00000935,Saint Lukes Health System,Kansas City,MO,KS;MO,2,True,11,9,964.0,0.0,2.0,church-operated,97.4,1,2023 (rev. 2025-09),https://www.ahrq.gov/sites/default/files/wysiwyg/chsp/compendium/chsp-compendium-2023-rev.xlsx,AHRQ Compendium 2023 (system file rev. 2025-09); systems as of end-2023,True,1757451301.0,HCRIS FY2023 (FY2022 fallback); acute member hospitals; G-3 line 3,1,1945612094.0,HCRIS FY2024 (periods beginning 2023-10-01..2024-09-30); acute member CCNs; annualized where needed,1,0,10.7,False,True,False,False,https://data.cms.gov/sites/default/files/2026-09/e85544f7-57ef-477e-9640-313ac0aac400/CostReport_2024_Final.csv,CMS Hospital Provider Cost Report FY2024 (periods beginning 2023-10-01..2024-09-30); file modified 2026-09-29,True,Saint Luke's Health System (BJC HealthCare),merged into,BJC HealthCare,https://www.bjc.org/news/bjc-and-saint-lukes-complete-transaction-combine-single-integrated-health-system,2024-01-02,Managed or partnered,Medium,"via BJC HealthCare: BJC on Shields partner list (incl. Iola, KS = Allen County Regional Hospital, a Saint Luke's member); owned accredited Saint Luke's Specialty Pharmacy also confirmed",Saint Luke's Specialty Pharmacy | Saint Luke's Advanced Care Pharmacy | Saint Luke's Home Infusion Pharmacy,Saint Luke's Hospital of Kansas City (member hospital),URAC SPP010049 Specialty Pharmacy | ACHC 95525 Specialty Pharmacy Services,Shields Health Solutions,https://www.saintlukeskc.org/locations/saint-lukes-specialty-pharmacy | https://shieldshealthsolutions.com/about-us/partner-health-systems | https://www.urac.org/directory/accreditation-details/?certification=SPP010049,2026-10-02,"Shields listing is BJC-level; no evidence it manages the Saint Luke's KC pharmacy itself, so Medium. Tier would be Owned, accredited if the Shields rule were not applied.",,HSI00000070
HSI00001007,Southeast Health,Cape Girardeau,MO,MO,1,True,2,2,275.0,1.0,1.0,nonprofit,100.0,0,2023 (rev. 2025-09),https://www.ahrq.gov/sites/default/files/wysiwyg/chsp/compendium/chsp-compendium-2023-rev.xlsx,AHRQ Compendium 2023 (system file rev. 2025-09); systems as of end-2023,False,350096758.0,HCRIS FY2023 (FY2022 fallback); acute member hospitals; G-3 line 3,0,359181075.0,HCRIS FY2024 (periods beginning 2023-10-01..2024-09-30); acute member CCNs; annualized where needed,0,0,2.6,False,False,False,False,https://data.cms.gov/sites/default/files/2026-09/e85544f7-57ef-477e-9640-313ac0aac400/CostReport_2024_Final.csv,CMS Hospital Provider Cost Report FY2024 (periods beginning 2023-10-01..2024-09-30); file modified 2026-09-29,True,Mercy Hospital Southeast / Mercy Hospital Stoddard,acquired by,"Mercy (Mercy Health System, St. Louis)",https://www.mercy.net/newsroom/2024-01-03/forward-together--southeasthealth-joins-mercy/,2024-01-03,Infusion or home infusion only,Low,via Mercy: Mercy offers home infusion and retail Mercy Pharmacy in Cape Girardeau; no Mercy specialty pharmacy or accreditation found in this review,Mercy Home Infusion | Mercy Pharmacy - S Mount Auburn,Mercy,,,https://www.mercy.net/service/home-infusion/ | https://www.mercy.net/service/pharmacy/,2026-10-02,Mercy likely has a larger specialty pharmacy program that should be checked in Mercy's own system review; tier here is conservative. Home infusion availability specifically at Cape Girardeau is not confirmed.,,
HSI00001076,The Childrens Mercy Hospital,Kansas City,MO,KS;MO,2,True,2,2,370.0,0.0,1.0,nonprofit,100.0,0,2023 (rev. 2025-09),https://www.ahrq.gov/sites/default/files/wysiwyg/chsp/compendium/chsp-compendium-2023-rev.xlsx,AHRQ Compendium 2023 (system file rev. 2025-09); systems as of end-2023,False,1549883138.0,HCRIS FY2023 (FY2022 fallback); acute member hospitals; G-3 line 3,0,1726834755.0,HCRIS FY2024 (periods beginning 2023-10-01..2024-09-30); acute member CCNs; annualized where needed,0,0,11.4,False,False,False,False,https://data.cms.gov/sites/default/files/2026-09/e85544f7-57ef-477e-9640-313ac0aac400/CostReport_2024_Final.csv,CMS Hospital Provider Cost Report FY2024 (periods beginning 2023-10-01..2024-09-30); file modified 2026-09-29,True,Children's Mercy Kansas City,unchanged,,https://www.childrensmercy.org/about-us/,,"Owned, accredited",Medium,URAC SPP010551 + NPPES 1356839617 (same address); job posting for Specialty Pharmacy Manager (Riverside),Children's Mercy Riverside Pharmacy | Children's Mercy Hemophilia Treatment Center pharmacy | Children's Mercy Home Care Infusion & Pharmacy,The Children's Mercy Hospital (system itself),"URAC SPP010551 Specialty Pharmacy (eff 2026-01-01, exp 2029-01-01)",,https://www.urac.org/directory/accreditation-details/?certification=SPP010551 | https://npiregistry.cms.hhs.gov/provider-view/1356839617 | https://npiregistry.cms.hhs.gov/provider-view/1043473556 | https://npiregistry.cms.hhs.gov/provider-view/1598809600 | https://www.childrensmercy.org/your-visit/while-you-are-here/pharmacy/ | https://www.tealhq.com/job/specialty-pharmacy-manager-riverside_e7988683-3637-4d13-b4fb-80bfdaf6034b,2026-10-02,The system pharmacy page does not mention the specialty pharmacy; confirmation rests on URAC (legal entity is the system) plus a third-party job posting. No outside manager found.,,
HSI00001110,University Health,Kansas City,MO,MO,1,True,2,2,375.0,1.0,1.0,nonprofit,100.0,0,2023 (rev. 2025-09),https://www.ahrq.gov/sites/default/files/wysiwyg/chsp/compendium/chsp-compendium-2023-rev.xlsx,AHRQ Compendium 2023 (system file rev. 2025-09); systems as of end-2023,False,699595147.0,HCRIS FY2023 (FY2022 fallback); acute member hospitals; G-3 line 3,0,883766648.0,HCRIS FY2024 (periods beginning 2023-10-01..2024-09-30); acute member CCNs; annualized where needed,0,0,26.3,False,False,True,False,https://data.cms.gov/sites/default/files/2026-09/e85544f7-57ef-477e-9640-313ac0aac400/CostReport_2024_Final.csv,CMS Hospital Provider Cost Report FY2024 (periods beginning 2023-10-01..2024-09-30); file modified 2026-09-29,True,University Health,unchanged,,https://www.universityhealthkc.org/,,"Owned, not accredited",Low,Own Specialty Pharmacy Program page (seen in search results; fetch returned 403); no URAC/ACHC/NPPES candidates,University Health Specialty Pharmacy Program,University Health,,,https://www.universityhealthkc.org/services/pharmacy/specialty-pharmacy-program/,2026-10-02,"Renamed from Truman Medical Centers in Oct 2021, before 2023. Page content could not be fetched, so ownership and absence of accreditation rest on search snippet and absence of registry hits.",NPPES-only evidence -> confidence capped at Low,
HSI00000034,Anderson Regional Health System,Meridian,MS,MS,1,True,2,2,303.0,0.0,1.0,nonprofit,100.0,0,2023 (rev. 2025-09),https://www.ahrq.gov/sites/default/files/wysiwyg/chsp/compendium/chsp-compendium-2023-rev.xlsx,AHRQ Compendium 2023 (system file rev. 2025-09); systems as of end-2023,False,247778747.0,HCRIS FY2023 (FY2022 fallback); acute member hospitals; G-3 line 3,0,265327075.0,HCRIS FY2024 (periods beginning 2023-10-01..2024-09-30); acute member CCNs; annualized where needed,0,0,7.1,False,False,False,False,https://data.cms.gov/sites/default/files/2026-09/e85544f7-57ef-477e-9640-313ac0aac400/CostReport_2024_Final.csv,CMS Hospital Provider Cost Report FY2024 (periods beginning 2023-10-01..2024-09-30); file modified 2026-09-29,True,Baptist Anderson Regional Medical Center (Baptist Memorial Health Care),merged into,Baptist Memorial Health Care,https://www.baptistonline.org/news/baptist-memorial-and-anderson-regional-finalize-merger,2024-01-01,"Owned, accredited",High,URAC SPP010007 + ACHC 88765 held by member hospital; via Baptist Memorial Health Care,Anderson Pharmacy (Baptist Anderson Pharmacy),"Anderson Regional Medical Center (member hospital, now Baptist Anderson Regional Medical Center)",URAC SPP010007 Specialty Pharmacy | ACHC 88765 Specialty Pharmacy Services,,"https://www.urac.org/directory/accreditation-details/?certification=SPP010007 | https://organization.achc.org/print?legalCompanyName=Anderson%20Regional%20Medical%20Center&dbaCompanyName=Anderson%20%20Pharmacy&companyID=88765&full_address=Meridian,%20MS%2039301&physicalAddress=2024%2015th%20Street%201st%20floor%20Medical%20Towers, | https://www.baptistonline.org/locations/anderson",2026-10-02,URAC expiration 2026-10-01 treated as current per rule. Baptist Anderson site describes a full-service pharmacy and does not mention specialty or accreditation; Baptist Memorial itself is not on the Shields list.,,HSI00000081
HSI00000750,North Mississippi Health Services,Tupelo,MS,AL;MS,2,True,7,7,767.0,1.0,1.0,nonprofit,100.0,0,2023 (rev. 2025-09),https://www.ahrq.gov/sites/default/files/wysiwyg/chsp/compendium/chsp-compendium-2023-rev.xlsx,AHRQ Compendium 2023 (system file rev. 2025-09); systems as of end-2023,False,968273770.0,HCRIS FY2023 (FY2022 fallback); acute member hospitals; G-3 line 3,0,1109847666.0,HCRIS FY2024 (periods beginning 2023-10-01..2024-09-30); acute member CCNs; annualized where needed,0,0,14.6,False,False,False,False,https://data.cms.gov/sites/default/files/2026-09/e85544f7-57ef-477e-9640-313ac0aac400/CostReport_2024_Final.csv,CMS Hospital Provider Cost Report FY2024 (periods beginning 2023-10-01..2024-09-30); file modified 2026-09-29,True,North Mississippi Health Services,unchanged,,https://www.nmhs.net/Locations/NMMC-Specialty-Pharmacy,2025-04-21 (outreach lab sold to Labcorp only),"Owned, accredited",High,URAC SPP010667 and ACHC 74626 for NMMC Specialty Pharmacy; NPPES specialty-primary agrees; NMHS web page,NMMC Specialty Pharmacy | NMMC Outpatient Infusion Service Specialty Pharmacy,"North Mississippi Medical Center, Inc. (member hospital)",URAC SPP010667 Specialty Pharmacy | ACHC 74626 Specialty Pharmacy Services,,"https://www.urac.org/directory/accreditation-details/?certification=SPP010667 | https://www.nmhs.net/Locations/NMMC-Specialty-Pharmacy | https://organization.achc.org/print?legalCompanyName=North%20Mississippi%20Medical%20Center,%20Inc.&dbaCompanyName=NMMC%20Outpatient%20Infusion%20Service%20-%20Specialty%20Pharmacy&companyID=74626&full_address=Tupelo,%20MS%2038801&physicalAddress=738%20South%20Gloster%20St%20Ste%20B,",2026-10-02,"North Mississippi Vital Care (Vital Care franchise, Twin States Infusion LLC) appears independently owned; a possible NMHS-linked JV is unverified. Tier is unaffected since NMHS owns an accredited pharmacy.",,
HSI00000107,Benefis Health System,Great Falls,MT,MT,1,True,3,3,362.0,0.0,1.0,nonprofit,100.0,0,2023 (rev. 2025-09),https://www.ahrq.gov/sites/default/files/wysiwyg/chsp/compendium/chsp-compendium-2023-rev.xlsx,AHRQ Compendium 2023 (system file rev. 2025-09); systems as of end-2023,False,574592780.0,HCRIS FY2023 (FY2022 fallback); acute member hospitals; G-3 line 3,0,640759091.0,HCRIS FY2024 (periods beginning 2023-10-01..2024-09-30); acute member CCNs; annualized where needed,0,0,11.5,False,False,False,False,https://data.cms.gov/sites/default/files/2026-09/e85544f7-57ef-477e-9640-313ac0aac400/CostReport_2024_Final.csv,CMS Hospital Provider Cost Report FY2024 (periods beginning 2023-10-01..2024-09-30); file modified 2026-09-29,True,Benefis Health System,unchanged,,https://www.benefis.org/about-benefis/,,"Owned, accredited",High,URAC SPP010275 + ACHC 89958 + Benefis system news page,Benefis Specialty Pharmacy | Benefis Ambulatory Pharmacy,"Benefis Hospitals, Inc. (member hospital)",URAC SPP010275 Specialty Pharmacy (2024-08-01 to 2027-08-01) | ACHC 89958 Specialty Pharmacy Services,,"https://www.urac.org/directory/accreditation-details/?certification=SPP010275 | https://organization.achc.org/print?legalCompanyName=Benefis%20Hospitals,%20Inc.&dbaCompanyName=Benefis%20Specialty%20Pharmacy&companyID=89958&full_address=Great%20Falls,%20MT%2059405-4304&physicalAddress=Benefis%20Specialty%20Pharmacy-West%20Campus,%20500%2015th%20Ave%20South,%20Suite%202 | https://npiregistry.cms.hhs.gov/provider-view/1578254942 | https://www.benefis.org/about-benefis/news-center/2024/a-closer-look-at-the-benefis-specialty-pharmacy/ | https://www.visante.com/insights/case-studies/a-strategic-collaboration-for-sustained-340b-success-at-benefis-health-system/",Benefis news page 2024 (via search snippet; direct fetch returned 403); Visante case study 2025-09-29; registries 2026-10-02,"Benefis describes an entity-owned ambulatory, specialty and home infusion pharmacy; launched 2023. Visante is a 340B consultant, not a pharmacy manager; the NPPES hit lists specialty taxonomy as non-primary.",,
HSI00000114,Billings Clinic,Billings,MT,MT;WY,2,True,13,13,474.0,0.0,1.0,nonprofit,93.7,2,2023 (rev. 2025-09),https://www.ahrq.gov/sites/default/files/wysiwyg/chsp/compendium/chsp-compendium-2023-rev.xlsx,AHRQ Compendium 2023 (system file rev. 2025-09); systems as of end-2023,True,1090917393.0,HCRIS FY2023 (FY2022 fallback); acute member hospitals; G-3 line 3,5,1166238893.0,HCRIS FY2024 (periods beginning 2023-10-01..2024-09-30); acute member CCNs; annualized where needed,5,0,6.9,False,True,False,False,https://data.cms.gov/sites/default/files/2026-09/e85544f7-57ef-477e-9640-313ac0aac400/CostReport_2024_Final.csv,CMS Hospital Provider Cost Report FY2024 (periods beginning 2023-10-01..2024-09-30); file modified 2026-09-29,True,Billings Clinic-Logan Health,merged into,Billings Clinic-Logan Health,https://flatheadbeacon.com/2025/11/24/board-announces-billings-clinic-logan-health-ceo-as-merger-evolves/,2023-09-01,Managed or partnered,High,Shields partner list plus Shields press release; URAC and ACHC records also confirmed,"Billings Clinic Specialty Pharmacy | Billings Clinic Specialty Supplies and Services, LLC",Billings Clinic,URAC SPP010419 Specialty Pharmacy | ACHC 76298 Specialty Pharmacy Services,Shields Health Solutions,https://shieldshealthsolutions.com/shields-health-solutions-and-billings-clinic-collaborate-to-provide-enhanced-specialty-pharmacy-services-to-more-patients-and-families/ | https://www.billingsclinic.com/services-specialties/pharmacy-services/specialty-pharmacy/ | https://www.urac.org/directory/accreditation-details/?certification=SPP010419 | https://shieldshealthsolutions.com/about-us/partner-health-systems,2026-10-02,"Merged with Logan Health Sept 2023, rebrand planned 2026. Shields partnership since 2017.",,HSI00000538
HSI00000613,Bitterroot Health,Hamilton,MT,MT,1,True,1,1,25.0,0.0,1.0,nonprofit,100.0,0,2023 (rev. 2025-09),https://www.ahrq.gov/sites/default/files/wysiwyg/chsp/compendium/chsp-compendium-2023-rev.xlsx,AHRQ Compendium 2023 (system file rev. 2025-09); systems as of end-2023,False,107610836.0,HCRIS FY2023 (FY2022 fallback); acute member hospitals; G-3 line 3,0,130318019.0,HCRIS FY2024 (periods beginning 2023-10-01..2024-09-30); acute member CCNs; annualized where needed,0,0,21.1,False,False,False,False,https://data.cms.gov/sites/default/files/2026-09/e85544f7-57ef-477e-9640-313ac0aac400/CostReport_2024_Final.csv,CMS Hospital Provider Cost Report FY2024 (periods beginning 2023-10-01..2024-09-30); file modified 2026-09-29,True,Bitterroot Health,renamed,,https://www.bitterroothealth.org/about-us/,,None found,Low,Own site read via curl: Oncology & Infusion Center administers specialty medications; no pharmacy page or specialty pharmacy found,,,,,https://www.bitterroothealth.org/services/oncology-infusion/,2026-10-02,"Formerly Marcus Daly Memorial Hospital, now Bitterroot Health-Daly Hospital. Site has no pharmacy service page, and an on-site hospital pharmacy is the only pharmacy evidence.",,
HSI00000135,Bozeman Deaconess Hospital,Bozeman,MT,MT,1,True,1,1,139.0,0.0,1.0,nonprofit,100.0,0,2023 (rev. 2025-09),https://www.ahrq.gov/sites/default/files/wysiwyg/chsp/compendium/chsp-compendium-2023-rev.xlsx,AHRQ Compendium 2023 (system file rev. 2025-09); systems as of end-2023,False,413499189.0,HCRIS FY2023 (FY2022 fallback); acute member hospitals; G-3 line 3,0,515651492.0,HCRIS FY2024 (periods beginning 2023-10-01..2024-09-30); acute member CCNs; annualized where needed,0,0,24.7,False,False,False,False,https://data.cms.gov/sites/default/files/2026-09/e85544f7-57ef-477e-9640-313ac0aac400/CostReport_2024_Final.csv,CMS Hospital Provider Cost Report FY2024 (periods beginning 2023-10-01..2024-09-30); file modified 2026-09-29,True,Bozeman Health Deaconess Hospital,unchanged,,https://bozemanhealth.org/billings-clinic-and-bozeman-health-announce-expanded-collaboration-in-bozeman/,,None found,Low,"Own pharmacy page read: inpatient and retail pharmacies only (Highland Park, Big Sky); CPS there is in-house Clinical Pharmacy Services, not the outside CPS; only an NPPES secondary specialty taxonomy",Highland Park Pharmacy | Big Sky Pharmacy,Bozeman Health,,,https://bozemanhealth.org/services/pharmacy/,2026-10-02,"Billings Clinic tie is a 2025 collaboration, not a merger. Low because the NPPES specialty flag is unexplained.",,
HSI00000538,Logan Health,Kalispell,MT,MT,1,True,6,5,301.0,0.0,1.0,nonprofit,93.0,1,2023 (rev. 2025-09),https://www.ahrq.gov/sites/default/files/wysiwyg/chsp/compendium/chsp-compendium-2023-rev.xlsx,AHRQ Compendium 2023 (system file rev. 2025-09); systems as of end-2023,True,728337093.0,HCRIS FY2023 (FY2022 fallback); acute member hospitals; G-3 line 3,0,782862563.0,HCRIS FY2024 (periods beginning 2023-10-01..2024-09-30); acute member CCNs; annualized where needed,0,0,7.5,False,False,False,False,https://data.cms.gov/sites/default/files/2026-09/e85544f7-57ef-477e-9640-313ac0aac400/CostReport_2024_Final.csv,CMS Hospital Provider Cost Report FY2024 (periods beginning 2023-10-01..2024-09-30); file modified 2026-09-29,True,Billings Clinic-Logan Health (rebrand planned),merged into,Billings Clinic,https://flatheadbeacon.com/2024/11/19/billings-clinic-logan-health-merger-progresses-with-statewide-expansion-and-future-rebranding/,2023-09-01,Managed or partnered,Medium,"Shields partner list (Billings Clinic and Logan Health, Lovell WY); via Billings Clinic",Logan Health Pharmacy - Clinical | Billings Clinic Specialty Pharmacy,Billings Clinic / Logan Health,,Shields Health Solutions,https://shieldshealthsolutions.com/about-us/partner-health-systems | https://www.logan.org/billings-clinic-specialty-pharmacy-partners-with-logan-health-pharmacy-clinical/ | https://shieldshealthsolutions.com/shields-health-solutions-and-billings-clinic-collaborate-to-provide-enhanced-specialty-pharmacy-services-to-more-patients-and-families/,2024-02-02,Shields rule applied (list names Billings Clinic and Logan Health jointly); Shields 2022 release is with Billings Clinic. No URAC/ACHC record found for Logan.,,HSI00000114
HSI00000943,Saint Peters Health,Helena,MT,MT,1,True,1,1,125.0,0.0,1.0,nonprofit,100.0,0,2023 (rev. 2025-09),https://www.ahrq.gov/sites/default/files/wysiwyg/chsp/compendium/chsp-compendium-2023-rev.xlsx,AHRQ Compendium 2023 (system file rev. 2025-09); systems as of end-2023,False,289249142.0,HCRIS FY2023 (FY2022 fallback); acute member hospitals; G-3 line 3,0,334401790.0,HCRIS FY2024 (periods beginning 2023-10-01..2024-09-30); acute member CCNs; annualized where needed,0,0,15.6,False,False,False,False,https://data.cms.gov/sites/default/files/2026-09/e85544f7-57ef-477e-9640-313ac0aac400/CostReport_2024_Final.csv,CMS Hospital Provider Cost Report FY2024 (periods beginning 2023-10-01..2024-09-30); file modified 2026-09-29,True,St. Peter's Health,unchanged,,https://www.sphealth.org/stories-news/news/st-peters-health-and-billings-clinic-logan-health-explore-partnering-strengthen,,"Owned, accredited",High,URAC SPP010154 + NPPES specialty primary + system pharmacy page,St. Peter's Health Specialty Pharmacy,St. Peter's Health,URAC SPP010154 Specialty Pharmacy,,https://www.urac.org/directory/accreditation-details/?certification=SPP010154 | https://www.sphealth.org/specialties-treatments/pharmacy | https://npiregistry.cms.hhs.gov/provider-view/1447994546,2026-10-02,Exploring (not merger) partnership with Billings Clinic-Logan Health announced 2026-07-14. Not on Shields list; no outside manager found.,,
HSI00001526,Advocate Health,Charlotte,NC,AL;GA;IL;NC;SC;WI,6,True,58,53,10615.0,1.0,1.0,nonprofit,63.3,15,2023 (rev. 2025-09),https://www.ahrq.gov/sites/default/files/wysiwyg/chsp/compendium/chsp-compendium-2023-rev.xlsx,AHRQ Compendium 2023 (system file rev. 2025-09); systems as of end-2023,True,22368381601.0,HCRIS FY2023 (FY2022 fallback); acute member hospitals; G-3 line 3,5,23669186711.0,HCRIS FY2024 (periods beginning 2023-10-01..2024-09-30); acute member CCNs; annualized where needed,5,1,5.8,False,True,False,False,https://data.cms.gov/sites/default/files/2026-09/e85544f7-57ef-477e-9640-313ac0aac400/CostReport_2024_Final.csv,CMS Hospital Provider Cost Report FY2024 (periods beginning 2023-10-01..2024-09-30); file modified 2026-09-29,True,Advocate Health,unchanged,,https://www.advocatehealth.com/about-us,,"Owned, accredited",High,"ACHC Specialty Pharmacy Services records for Advocate, Aurora and Atrium pharmacies; Advocate and Atrium web pages show ACHC/URAC seals; not on Shields list",Advocate Pharmacy #1514 | Advocate Pharmacy #1510 | Aurora Specialty Pharmacy | ASLMC Pharmacy | Atrium Health Pharmacy Pavilion | Atrium Health Specialty Pharmacy Service (CarolinaCARE),"Advocate Health and Hospitals Corporation, Aurora Healthcare Metro Inc, Advocate North Side Health Network, CHS Pharmacy Services Inc (Atrium)",ACHC 94647 Specialty Pharmacy Services | ACHC 90160 Specialty Pharmacy Services | ACHC 46030 Specialty Pharmacy Services | ACHC 74041 Specialty Pharmacy Services,,https://www.advocatehealth.com/pharmacy/specialty-pharmacy | https://atriumhealth.org/medical-services/prevention-wellness/other-prevention-wellness-services/atrium-health-specialty-pharmacy-service/contact-us | https://apps.aurora.org/apsr/pdf/patientHandbook.pdf,2026-10-02,"URAC roster had no Advocate records, but ACHC records plus system web pages confirm accredited system-owned specialty pharmacies; Atrium site also shows a URAC seal not matched in the roster.",,
HSI00000171,Caromont Health System,Gastonia,NC,NC,1,True,1,1,424.0,0.0,1.0,nonprofit,100.0,0,2023 (rev. 2025-09),https://www.ahrq.gov/sites/default/files/wysiwyg/chsp/compendium/chsp-compendium-2023-rev.xlsx,AHRQ Compendium 2023 (system file rev. 2025-09); systems as of end-2023,False,641793587.0,HCRIS FY2023 (FY2022 fallback); acute member hospitals; G-3 line 3,0,822685423.0,HCRIS FY2024 (periods beginning 2023-10-01..2024-09-30); acute member CCNs; annualized where needed,0,0,28.2,False,False,True,False,https://data.cms.gov/sites/default/files/2026-09/e85544f7-57ef-477e-9640-313ac0aac400/CostReport_2024_Final.csv,CMS Hospital Provider Cost Report FY2024 (periods beginning 2023-10-01..2024-09-30); file modified 2026-09-29,True,CaroMont Health,unchanged,,https://caromonthealth.org/locations/caromont-health-retail-pharmacy/,,"Owned, not accredited",Low,NPPES Specialty Pharmacy primary taxonomy for Gaston Memorial Hospital Inc (updated 2026-09-30); own site shows only retail/discharge pharmacy and infusion center,Gaston Memorial Hospital Pharmacy | CaroMont Health Retail Pharmacy,"Gaston Memorial Hospital, Inc. (CaroMont Health)",,,https://npiregistry.cms.hhs.gov/provider-view/1508770595 | https://caromonthealth.org/locations/caromont-health-retail-pharmacy/,2026-10-02,Hospital-owned NPI with specialty taxonomy is the only specialty signal; no URAC/ACHC or outside manager found. Cancer center includes infusion bays and a pharmacy.,,
HSI00000263,Cone Health,Greensboro,NC,NC,1,True,3,3,936.0,0.0,1.0,nonprofit,100.0,0,2023 (rev. 2025-09),https://www.ahrq.gov/sites/default/files/wysiwyg/chsp/compendium/chsp-compendium-2023-rev.xlsx,AHRQ Compendium 2023 (system file rev. 2025-09); systems as of end-2023,False,1672470635.0,HCRIS FY2023 (FY2022 fallback); acute member hospitals; G-3 line 3,1,2031887817.0,HCRIS FY2024 (periods beginning 2023-10-01..2024-09-30); acute member CCNs; annualized where needed,1,0,21.5,False,True,False,False,https://data.cms.gov/sites/default/files/2026-09/e85544f7-57ef-477e-9640-313ac0aac400/CostReport_2024_Final.csv,CMS Hospital Provider Cost Report FY2024 (periods beginning 2023-10-01..2024-09-30); file modified 2026-09-29,True,Cone Health,acquired by,Risant Health,https://www.healthcaredive.com/news/risant-health-completes-acquisition-cone-health/734585/,2024-12-03,"Owned, accredited",High,"URAC and ACHC records plus Cone Health specialty pharmacy web page; Risant (nonprofit, Kaiser-backed) has no pharmacy serving these hospitals",Cone Health Community Pharmacy at Wesley Long | Cone Health Specialty Pharmacy and Home Delivery | Cone Health Centralized Services Pharmacy,The Moses H. Cone Memorial Hospital Operating Corporation,URAC SPP010340 Specialty Pharmacy | ACHC 76940 Specialty Pharmacy Services | ACHC 96990 Specialty Pharmacy Services,,https://www.conehealth.com/services/community-pharmacy/prescription-services/specialty-pharmacy/ | https://www.urac.org/directory/accreditation-details/?certification=SPP010340,2026-10-02,Acquired by Risant Health 2024-12-03 but keeps name and brand; pharmacy remains Cone-owned. Shields list does not include Cone.,,
HSI00000323,Duke University Health System,Durham,NC,NC,1,True,3,3,1535.0,0.0,1.0,nonprofit,80.4,1,2023 (rev. 2025-09),https://www.ahrq.gov/sites/default/files/wysiwyg/chsp/compendium/chsp-compendium-2023-rev.xlsx,AHRQ Compendium 2023 (system file rev. 2025-09); systems as of end-2023,True,4260582264.0,HCRIS FY2023 (FY2022 fallback); acute member hospitals; G-3 line 3,0,5382737360.0,HCRIS FY2024 (periods beginning 2023-10-01..2024-09-30); acute member CCNs; annualized where needed,1,0,26.3,False,True,True,False,https://data.cms.gov/sites/default/files/2026-09/e85544f7-57ef-477e-9640-313ac0aac400/CostReport_2024_Final.csv,CMS Hospital Provider Cost Report FY2024 (periods beginning 2023-10-01..2024-09-30); file modified 2026-09-29,True,Duke University Health System,unchanged,,https://corporate.dukehealth.org/news/duke-health-completes-acquisition-lake-norman-regional-medical-center,,Managed or partnered,High,Shields partner list + Shields/Duke May 2025 announcement; URAC SPP010074 and ACHC 97277/97278,Duke Specialty Pharmacy | Duke Cancer Center Specialty Pharmacy | Duke North Pavilion Retail Pharmacy | Duke Regional Hospital Outpatient Pharmacy,"Duke University Health System, Inc.",URAC SPP010074 Specialty Pharmacy | ACHC 97277 Specialty Pharmacy Services | ACHC 97278 Specialty Pharmacy Services,Shields Health Solutions,https://shieldshealthsolutions.com/duke-health-specialty-pharmacy-partnership/ | https://www.beckershospitalreview.com/pharmacy/duke-health-partners-with-shields-health-solutions-to-expand-specialty-pharmacy-services/ | https://www.urac.org/directory/accreditation-details/?certification=SPP010074 | https://shieldshealthsolutions.com/about-us/partner-health-systems,2025-05-13,URAC record expires 2026-11-01 but is treated as current. No merger or rename found.,,
HSI00001230,ECU Health,Greenville,NC,NC,1,True,9,9,1367.0,0.0,1.0,nonprofit,99.6,1,2023 (rev. 2025-09),https://www.ahrq.gov/sites/default/files/wysiwyg/chsp/compendium/chsp-compendium-2023-rev.xlsx,AHRQ Compendium 2023 (system file rev. 2025-09); systems as of end-2023,True,2106516050.0,HCRIS FY2023 (FY2022 fallback); acute member hospitals; G-3 line 3,1,2391665800.0,HCRIS FY2024 (periods beginning 2023-10-01..2024-09-30); acute member CCNs; annualized where needed,1,0,13.5,False,True,False,False,https://data.cms.gov/sites/default/files/2026-09/e85544f7-57ef-477e-9640-313ac0aac400/CostReport_2024_Final.csv,CMS Hospital Provider Cost Report FY2024 (periods beginning 2023-10-01..2024-09-30); file modified 2026-09-29,True,ECU Health,unchanged,,https://en.wikipedia.org/wiki/ECU_Health,,"Owned, accredited",High,URAC + ACHC records and ECU Health specialty pharmacy web page,ECU Health Specialty Pharmacy | ECU Health Home Infusion,"Pitt County Memorial Hospital, Incorporated (ECU Health Medical Center)",URAC SPP010055 Specialty Pharmacy | ACHC 77841 Specialty Pharmacy Services | ACHC 88847 Infusion Pharmacy Services,,https://www.urac.org/directory/accreditation-details/?certification=SPP010055 | https://www.ecuhealth.org/services/pharmacy-services/specialty-pharmacy/,2026-10-02,"Page mentions ACHC and URAC accreditation. Wikipedia notes Vidant renamed ECU Health in 2022, before the 2023 baseline.",,
HSI00000365,FirstHealth of the Carolinas,Pinehurst,NC,NC,1,True,3,3,415.0,0.0,1.0,nonprofit,100.0,0,2023 (rev. 2025-09),https://www.ahrq.gov/sites/default/files/wysiwyg/chsp/compendium/chsp-compendium-2023-rev.xlsx,AHRQ Compendium 2023 (system file rev. 2025-09); systems as of end-2023,False,926850008.0,HCRIS FY2023 (FY2022 fallback); acute member hospitals; G-3 line 3,1,922585972.0,HCRIS FY2024 (periods beginning 2023-10-01..2024-09-30); acute member CCNs; annualized where needed,1,0,-0.5,False,True,False,False,https://data.cms.gov/sites/default/files/2026-09/e85544f7-57ef-477e-9640-313ac0aac400/CostReport_2024_Final.csv,CMS Hospital Provider Cost Report FY2024 (periods beginning 2023-10-01..2024-09-30); file modified 2026-09-29,True,FirstHealth of the Carolinas,unchanged,,https://www.northcarolinahealthnews.org/tag/firsthealth-of-the-carolinas/,,"Owned, accredited",High,URAC SPP010357 + ACHC 93208 + FirstHealth specialty pharmacy web page,FirstHealth Outpatient Pharmacy (Specialty Pharmacy division),"FirstHealth of the Carolinas, Inc.",URAC SPP010357 Specialty Pharmacy | ACHC 93208 Specialty Pharmacy Services,,https://firsthealthrx.org/specialty-pharmacy | https://www.urac.org/directory/accreditation-details/?certification=SPP010357,2026-10-02,Same address as Moore Regional Hospital; owner is the system itself. No outside manager found and not on Shields list.,,
HSI00000518,Iredell Health System,Statesville,NC,NC,1,True,1,1,155.0,0.0,1.0,nonprofit,100.0,0,2023 (rev. 2025-09),https://www.ahrq.gov/sites/default/files/wysiwyg/chsp/compendium/chsp-compendium-2023-rev.xlsx,AHRQ Compendium 2023 (system file rev. 2025-09); systems as of end-2023,False,244411504.0,HCRIS FY2023 (FY2022 fallback); acute member hospitals; G-3 line 3,0,261240869.0,HCRIS FY2024 (periods beginning 2023-10-01..2024-09-30); acute member CCNs; annualized where needed,0,0,6.9,False,False,False,False,https://data.cms.gov/sites/default/files/2026-09/e85544f7-57ef-477e-9640-313ac0aac400/CostReport_2024_Final.csv,CMS Hospital Provider Cost Report FY2024 (periods beginning 2023-10-01..2024-09-30); file modified 2026-09-29,True,Iredell Health System,unchanged,,https://www.iredellhealth.org/news/releases/iredell-health-system-officially-purchases-davis-regional-psychiatric-hospital-davis-regional-medical-center/,2024-10,None found,Medium,"Own site read via curl: inpatient pharmacy only and outpatient infusion center; no specialty, home infusion, accreditation or manager",Iredell Memorial Hospital inpatient pharmacy,Iredell Health System,,,https://www.iredellhealth.org/Our-Services/Pharmacy.aspx | https://www.iredellhealth.org/services/infusion-services/,2026-10-02,Bought Davis Regional from CHS in Oct 2024 and remains nonprofit under the same name.,,
HSI00000773,Novant Health,Winston Salem,NC,NC,1,True,13,12,2976.0,0.0,1.0,nonprofit,99.2,1,2023 (rev. 2025-09),https://www.ahrq.gov/sites/default/files/wysiwyg/chsp/compendium/chsp-compendium-2023-rev.xlsx,AHRQ Compendium 2023 (system file rev. 2025-09); systems as of end-2023,True,6337106095.0,HCRIS FY2023 (FY2022 fallback); acute member hospitals; G-3 line 3,0,7598415615.0,HCRIS FY2024 (periods beginning 2023-10-01..2024-09-30); acute member CCNs; annualized where needed,0,0,19.9,False,False,False,False,https://data.cms.gov/sites/default/files/2026-09/e85544f7-57ef-477e-9640-313ac0aac400/CostReport_2024_Final.csv,CMS Hospital Provider Cost Report FY2024 (periods beginning 2023-10-01..2024-09-30); file modified 2026-09-29,True,Novant Health,unchanged,,https://www.novanthealth.org/about/company/our-history/,,Managed or partnered,High,"Shields partner list (Novant Health, Winston-Salem); also URAC and ACHC accreditations",Novant Health Specialty Pharmacy | Novant Health Pharmacy | NH NHRMC Outpatient Pharmacy,"Novant Health, Inc. and subsidiaries (NH NHRMC LLC, The Presbyterian Hospital, NH Thomasville Medical Center LLC)",URAC SPP010054 Specialty Pharmacy | URAC SPP010648 Specialty Pharmacy | ACHC 77615 Specialty Pharmacy Services | ACHC 78082 Specialty Pharmacy Services | ACHC 78733 Specialty Pharmacy Services | ACHC 82038 Specialty Pharmacy Services,Shields Health Solutions,https://www.novanthealth.org/healthy-headlines/novant-health-specialty-pharmacy-improves-patient-outcomes | https://www.novanthealth.org/services/pharmacy/ | https://www.urac.org/directory/accreditation-details/?certification=SPP010054 | https://www.urac.org/directory/accreditation-details/?certification=SPP010648 | https://shieldshealthsolutions.com/about-us/partner-health-systems,2026-10-02,"Owned accredited pharmacies exist but Shields listing takes precedence. NHRMC (New Hanover) joined Novant in 2021, before the 2023 compendium.",,
HSI00001236,WakeMed Health and Hospitals,Raleigh,NC,NC,1,True,2,2,839.0,0.0,1.0,nonprofit,100.0,0,2023 (rev. 2025-09),https://www.ahrq.gov/sites/default/files/wysiwyg/chsp/compendium/chsp-compendium-2023-rev.xlsx,AHRQ Compendium 2023 (system file rev. 2025-09); systems as of end-2023,False,1673846596.0,HCRIS FY2023 (FY2022 fallback); acute member hospitals; G-3 line 3,0,1849156183.0,HCRIS FY2024 (periods beginning 2023-10-01..2024-09-30); acute member CCNs; annualized where needed,0,0,10.5,False,False,False,False,https://data.cms.gov/sites/default/files/2026-09/e85544f7-57ef-477e-9640-313ac0aac400/CostReport_2024_Final.csv,CMS Hospital Provider Cost Report FY2024 (periods beginning 2023-10-01..2024-09-30); file modified 2026-09-29,True,WakeMed Health & Hospitals,unchanged,,https://www.wral.com/news/local/where-wake-county-and-state-leaders-stand-ahead-of-atrium-wakemed-merger-vote-september-2026/,,"Owned, not accredited",Low,NPPES 1093663783 only (WakeMed OP LLC dba WakeMed Specialty Pharmacy); directory listings show the pharmacy operating,WakeMed Specialty Pharmacy,WakeMed OP LLC (apparent WakeMed subsidiary; not confirmed on a WakeMed page),,,https://npiregistry.cms.hhs.gov/provider-view/1093663783 | https://www.healthgrades.com/pharmacy/wakemed-specialty-pharmacy-u2tvl6r | https://www.wakemed.org/location/outpatient-pharmacy-raleigh-campus,2026-10-02,"No URAC/ACHC record and no WakeMed page describing a specialty pharmacy, so the tier is inferred from NPPES plus a directory listing. A partner is not ruled out.",,
HSI00000032,Altru Health System,Grand Forks,ND,ND,1,True,2,1,198.0,0.0,1.0,nonprofit,100.0,0,2023 (rev. 2025-09),https://www.ahrq.gov/sites/default/files/wysiwyg/chsp/compendium/chsp-compendium-2023-rev.xlsx,AHRQ Compendium 2023 (system file rev. 2025-09); systems as of end-2023,False,606228574.0,HCRIS FY2023 (FY2022 fallback); acute member hospitals; G-3 line 3,0,620323960.0,HCRIS FY2024 (periods beginning 2023-10-01..2024-09-30); acute member CCNs; annualized where needed,0,0,2.3,False,False,False,False,https://data.cms.gov/sites/default/files/2026-09/e85544f7-57ef-477e-9640-313ac0aac400/CostReport_2024_Final.csv,CMS Hospital Provider Cost Report FY2024 (periods beginning 2023-10-01..2024-09-30); file modified 2026-09-29,True,Altru Health System,unchanged,,https://www.grandforksherald.com/business/altru-health-commonspirit-begin-talks-for-altru-to-take-over-three-more-hospitals-including-bismarck,2026-03-01,"Owned, accredited",High,URAC SPP010113 plus Altru website and 2020 press release,"Altru Specialty Pharmacy | Altru Specialty Services, LLC d/b/a Altru Retail Pharmacy","Altru Specialty Services, LLC (Altru subsidiary)",URAC SPP010113 Specialty Pharmacy,,https://www.urac.org/directory/accreditation-details/?certification=SPP010113 | https://www.altru.org/services/pharmacy-services/altru-specialty-pharmacy | https://www.altru.org/press-center/press-releases/2020/altru-earns-urac-accreditation-in-specialty-pharmacy,2026-10-02,Altru acquired Devils Lake hospital from CommonSpirit on 2026-03-01 (system itself unchanged). Not on Shields list.,,
HSI00001107,Trinity Health,Minot,ND,ND,1,True,2,2,170.0,0.0,1.0,nonprofit,100.0,0,2023 (rev. 2025-09),https://www.ahrq.gov/sites/default/files/wysiwyg/chsp/compendium/chsp-compendium-2023-rev.xlsx,AHRQ Compendium 2023 (system file rev. 2025-09); systems as of end-2023,False,465452333.0,HCRIS FY2023 (FY2022 fallback); acute member hospitals; G-3 line 3,0,500156398.0,HCRIS FY2024 (periods beginning 2023-10-01..2024-09-30); acute member CCNs; annualized where needed,0,0,7.5,False,False,False,False,https://data.cms.gov/sites/default/files/2026-09/e85544f7-57ef-477e-9640-313ac0aac400/CostReport_2024_Final.csv,CMS Hospital Provider Cost Report FY2024 (periods beginning 2023-10-01..2024-09-30); file modified 2026-09-29,True,Trinity Health,partly closed,,https://www.kfyrtv.com/2026/03/17/trinity-health-st-josephs-ceasing-operations-services-moved-other-locations/,2026-03-17,None found,Medium,Own-site outpatient pharmacy page shows retail only; no candidates; not on Shields list,Trinity Health Outpatient Pharmacy,Trinity Health (Minot),,,https://www.trinityhealth.org/trinity-health-outpatient-pharmacy/,2026-10-02,"St. Joseph's campus ceased operations (announced Mar 2026); services moved to the southwest campus and system continues. Retail, hospital and CancerCare pharmacies only found.",,
HSI00000360,Boys Town National Research Hospital,Boys Town,NE,NE,1,True,1,1,52.0,0.0,1.0,nonprofit,100.0,0,2023 (rev. 2025-09),https://www.ahrq.gov/sites/default/files/wysiwyg/chsp/compendium/chsp-compendium-2023-rev.xlsx,AHRQ Compendium 2023 (system file rev. 2025-09); systems as of end-2023,False,173147816.0,HCRIS FY2023 (FY2022 fallback); acute member hospitals; G-3 line 3,0,202647915.0,HCRIS FY2024 (periods beginning 2023-10-01..2024-09-30); acute member CCNs; annualized where needed,0,0,17.0,False,False,False,False,https://data.cms.gov/sites/default/files/2026-09/e85544f7-57ef-477e-9640-313ac0aac400/CostReport_2024_Final.csv,CMS Hospital Provider Cost Report FY2024 (periods beginning 2023-10-01..2024-09-30); file modified 2026-09-29,True,Boys Town National Research Hospital,unchanged,,https://www.boystownhospital.org/about,,None found,Low,No candidates; boystownhospital.org homepage shows no specialty pharmacy; searches found only a general hospital pharmacy listing,,,,,https://www.boystownhospital.org/,2026-10-02,Independent; $300M expansion announced Nov 2025. Only a general hospital pharmacy listing was found.,,
HSI00000143,Bryan Health,Lincoln,NE,NE,1,True,8,8,700.0,0.0,1.0,nonprofit,84.4,2,2023 (rev. 2025-09),https://www.ahrq.gov/sites/default/files/wysiwyg/chsp/compendium/chsp-compendium-2023-rev.xlsx,AHRQ Compendium 2023 (system file rev. 2025-09); systems as of end-2023,True,1131072924.0,HCRIS FY2023 (FY2022 fallback); acute member hospitals; G-3 line 3,2,1228190654.0,HCRIS FY2024 (periods beginning 2023-10-01..2024-09-30); acute member CCNs; annualized where needed,2,0,8.6,False,True,False,False,https://data.cms.gov/sites/default/files/2026-09/e85544f7-57ef-477e-9640-313ac0aac400/CostReport_2024_Final.csv,CMS Hospital Provider Cost Report FY2024 (periods beginning 2023-10-01..2024-09-30); file modified 2026-09-29,True,Bryan Health,unchanged,,https://en.wikipedia.org/wiki/Bryan_Health,,"Owned, not accredited",Medium,own site (browser pane after curl 403) and web: Bryan runs an in-house specialty pharmacy for employees and dependents; infusion center is nurse-run; no accreditation found; not on Shields list,Bryan Employee Specialty Pharmacy,Bryan Health,,,https://www.bryanhealth.com/services/specialty-clinic/infusion-center/ | https://www.yellowpages.com/lincoln-ne/mip/bryan-employee-specialty-pharmacy-576147977,2026-10-02,"Specialty pharmacy serves only employee health plan members, not the public. Pender Community Hospital affiliation in June 2025 is not a merger.",,
HSI00000213,Childrens Hospital and Medical Center,Omaha,NE,NE,1,True,1,1,186.0,0.0,1.0,nonprofit,100.0,0,2023 (rev. 2025-09),https://www.ahrq.gov/sites/default/files/wysiwyg/chsp/compendium/chsp-compendium-2023-rev.xlsx,AHRQ Compendium 2023 (system file rev. 2025-09); systems as of end-2023,False,501071414.0,HCRIS FY2023 (FY2022 fallback); acute member hospitals; G-3 line 3,0,709726525.0,HCRIS FY2024 (periods beginning 2023-10-01..2024-09-30); acute member CCNs; annualized where needed,0,0,41.6,False,False,True,False,https://data.cms.gov/sites/default/files/2026-09/e85544f7-57ef-477e-9640-313ac0aac400/CostReport_2024_Final.csv,CMS Hospital Provider Cost Report FY2024 (periods beginning 2023-10-01..2024-09-30); file modified 2026-09-29,True,Children's Nebraska,renamed,,https://www.wowt.com/2023/10/04/childrens-announces-name-change-childrens-nebraska/,2023-10-04,"Owned, accredited",High,URAC SPP010071 + ACHC 88946 + system web page,Children's Home Healthcare & Specialty Pharmacy,Children's Hospital & Medical Center (Children's Nebraska),URAC SPP010071 Specialty Pharmacy | ACHC 88946 Specialty Pharmacy Services | PCAB,,https://www.childrensnebraska.org/locations/childrens-home-healthcare-pharmacy | https://www.urac.org/directory/accreditation-details/?certification=SPP010071,2026-10-02,"Hospital itself owns pharmacy; page states PCAB, ACHC and URAC accreditation. Not on Shields list.",,
HSI00000358,Faith Regional Health Services,Norfolk,NE,NE,1,True,4,4,173.0,0.0,1.0,nonprofit,89.0,1,2023 (rev. 2025-09),https://www.ahrq.gov/sites/default/files/wysiwyg/chsp/compendium/chsp-compendium-2023-rev.xlsx,AHRQ Compendium 2023 (system file rev. 2025-09); systems as of end-2023,True,220090975.0,HCRIS FY2023 (FY2022 fallback); acute member hospitals; G-3 line 3,0,237927373.0,HCRIS FY2024 (periods beginning 2023-10-01..2024-09-30); acute member CCNs; annualized where needed,0,0,8.1,False,False,False,False,https://data.cms.gov/sites/default/files/2026-09/e85544f7-57ef-477e-9640-313ac0aac400/CostReport_2024_Final.csv,CMS Hospital Provider Cost Report FY2024 (periods beginning 2023-10-01..2024-09-30); file modified 2026-09-29,True,Faith Health,renamed,,https://www.ktiv.com/2026/03/24/faith-regional-health-services-rebrands-faith-health-after-30-years/,2026-03-24,None found,Low,No candidates; own site (search snippets) shows only Pill Box outpatient pharmacy and infusion center,Pill Box Pharmacy,Faith Health,,,https://www.faith.health/medical-services/pharmacy-services/ | https://www.faith.health/medical-services/infusion-services/,2026-10-02,"Rebranded to Faith Health in March 2026, no ownership change. Own-site fetches were blocked (403), so conclusion rests on search-result content; not on Shields list.",,
HSI00000753,Great Plains Health,North Platte,NE,NE,1,True,1,1,96.0,0.0,1.0,nonprofit,100.0,0,2023 (rev. 2025-09),https://www.ahrq.gov/sites/default/files/wysiwyg/chsp/compendium/chsp-compendium-2023-rev.xlsx,AHRQ Compendium 2023 (system file rev. 2025-09); systems as of end-2023,False,287745271.0,HCRIS FY2023 (FY2022 fallback); acute member hospitals; G-3 line 3,0,,HCRIS FY2024 (periods beginning 2023-10-01..2024-09-30); acute member CCNs; annualized where needed,1,0,,False,True,False,False,https://data.cms.gov/sites/default/files/2026-09/e85544f7-57ef-477e-9640-313ac0aac400/CostReport_2024_Final.csv,CMS Hospital Provider Cost Report FY2024 (periods beginning 2023-10-01..2024-09-30); file modified 2026-09-29,True,Great Plains Health,unchanged,,https://www.gphealth.org/about-us/,,"Owned, not accredited",Low,Search snippet of own-site page for Great Plains Health Pharmacy Solutions (oral oncology retail pharmacy); page fetch returned 403,Great Plains Health Pharmacy Solutions,Great Plains Health,,,https://www.gphealth.org/services/cancer-care/pharmacysolutions/,2026-10-02,"System-run oncology retail pharmacy at Callahan Cancer Center focused on oral oncology drugs; no accreditation or outside partner found. Page could not be fetched, so evidence is thin.",,
HSI00000623,Mary Lanning Healthcare,Hastings,NE,NE,1,True,1,1,97.0,0.0,1.0,nonprofit,100.0,0,2023 (rev. 2025-09),https://www.ahrq.gov/sites/default/files/wysiwyg/chsp/compendium/chsp-compendium-2023-rev.xlsx,AHRQ Compendium 2023 (system file rev. 2025-09); systems as of end-2023,False,200043551.0,HCRIS FY2023 (FY2022 fallback); acute member hospitals; G-3 line 3,0,213688953.0,HCRIS FY2024 (periods beginning 2023-10-01..2024-09-30); acute member CCNs; annualized where needed,0,0,6.8,False,False,False,False,https://data.cms.gov/sites/default/files/2026-09/e85544f7-57ef-477e-9640-313ac0aac400/CostReport_2024_Final.csv,CMS Hospital Provider Cost Report FY2024 (periods beginning 2023-10-01..2024-09-30); file modified 2026-09-29,True,Mary Lanning Healthcare,unchanged,,https://www.marylanning.org/contact-us/,,None found,Low,Own website pharmacy page: inpatient and cancer-center clean-room pharmacies only; no candidates,Mary Lanning Healthcare Pharmacy,Mary Lanning Healthcare,,,https://www.marylanning.org/our-services/pharmacy | https://www.marylanning.org/our-services/infusion-unit,2026-10-02,"Hospice, home health and Lifeline lines were sold to Sanford Good Samaritan Society in 2025 but the hospital is unchanged. Cancer-center pharmacies do chemo compounding; no retail specialty dispensing confirmed.",,
HSI00000672,Methodist Health System,Omaha,NE,IA;NE,2,True,3,3,540.0,0.0,1.0,nonprofit,100.0,0,2023 (rev. 2025-09),https://www.ahrq.gov/sites/default/files/wysiwyg/chsp/compendium/chsp-compendium-2023-rev.xlsx,AHRQ Compendium 2023 (system file rev. 2025-09); systems as of end-2023,False,962865224.0,HCRIS FY2023 (FY2022 fallback); acute member hospitals; G-3 line 3,0,1007052175.0,HCRIS FY2024 (periods beginning 2023-10-01..2024-09-30); acute member CCNs; annualized where needed,0,0,4.6,False,False,False,False,https://data.cms.gov/sites/default/files/2026-09/e85544f7-57ef-477e-9640-313ac0aac400/CostReport_2024_Final.csv,CMS Hospital Provider Cost Report FY2024 (periods beginning 2023-10-01..2024-09-30); file modified 2026-09-29,True,Methodist Health System (Nebraska Methodist Health System),unchanged,,https://bestcare.org/locations,,None found,Low,No candidates; own website locations page and searches show no specialty or infusion pharmacy,,,,,https://bestcare.org/locations,2026-10-02,"Own site search returned no pharmacy pages, so absence is weakly supported; Fremont Health is affiliated. No pharmacy page was found at all, so this is thin evidence.",,
HSI00000871,Regional West Health Services,Scottsbluff,NE,NE,1,True,3,3,132.0,0.0,1.0,nonprofit,100.0,0,2023 (rev. 2025-09),https://www.ahrq.gov/sites/default/files/wysiwyg/chsp/compendium/chsp-compendium-2023-rev.xlsx,AHRQ Compendium 2023 (system file rev. 2025-09); systems as of end-2023,False,228021514.0,HCRIS FY2023 (FY2022 fallback); acute member hospitals; G-3 line 3,1,246287264.0,HCRIS FY2024 (periods beginning 2023-10-01..2024-09-30); acute member CCNs; annualized where needed,1,1,8.0,False,True,False,False,https://data.cms.gov/sites/default/files/2026-09/e85544f7-57ef-477e-9640-313ac0aac400/CostReport_2024_Final.csv,CMS Hospital Provider Cost Report FY2024 (periods beginning 2023-10-01..2024-09-30); file modified 2026-09-29,True,Regional West Health Services,unchanged,,https://www.rwhs.org/,,None found,Medium,rwhs.org outpatient pharmacy page lists only Community Pharmacy/Meds-to-Beds; ACHC candidate rejected,Community Pharmacy,Regional West Health Services,,,https://www.rwhs.org/patients/pharmacy-services/outpatient-pharmacy-services | https://www.rwhs.org/news/regional-west-medical-center-opens-infusion-center,2026-10-02,Hospital infusion center and a retail Community Pharmacy only; no specialty pharmacy or accreditation found.,,
HSI00001085,The Nebraska Medical Center,Omaha,NE,IA;NE,2,True,4,3,686.0,0.0,1.0,nonprofit,89.9,1,2023 (rev. 2025-09),https://www.ahrq.gov/sites/default/files/wysiwyg/chsp/compendium/chsp-compendium-2023-rev.xlsx,AHRQ Compendium 2023 (system file rev. 2025-09); systems as of end-2023,True,1588789597.0,HCRIS FY2023 (FY2022 fallback); acute member hospitals; G-3 line 3,0,2021535687.0,HCRIS FY2024 (periods beginning 2023-10-01..2024-09-30); acute member CCNs; annualized where needed,0,0,27.2,False,False,True,False,https://data.cms.gov/sites/default/files/2026-09/e85544f7-57ef-477e-9640-313ac0aac400/CostReport_2024_Final.csv,CMS Hospital Provider Cost Report FY2024 (periods beginning 2023-10-01..2024-09-30); file modified 2026-09-29,True,Nebraska Medicine,unchanged,"University of Nebraska (sole-owner deal approved 2026-01-15, Clarkson buyout; closing targeted 2026-06-30, completion not confirmed)",https://nebraskapublicmedia.org/en/news/news-articles/nu-becomes-sole-owner-of-nebraska-medicine-in-unanimous-regents-vote/,2026-06-30,"Owned, accredited",High,URAC SPP010082 + ACHC 80750/88718 + NPPES specialty primary; nebraskamed.com pharmacy page cites ACHC and URAC,The Nebraska Medical Center Clinic Pharmacy | Nebraska Medicine Hub Pharmacy | Nebraska Medicine Home Infusion Pharmacy,The Nebraska Medical Center (Nebraska Medicine),URAC SPP010082 Specialty Pharmacy | ACHC 80750 Specialty Pharmacy Services | ACHC 88718 Specialty Pharmacy Services,,"https://www.urac.org/directory/accreditation-details/?certification=SPP010082 | https://www.nebraskamed.com/pharmacy | https://organization.achc.org/print?legalCompanyName=The%20Nebraska%20Medical%20Center&dbaCompanyName=The%20Nebraska%20Medical%20Center%20Clinic%20Pharmacy&companyID=80750&full_address=Omaha,%20NE%2068198&physicalAddress=4400%20Emile%20Street,",2026-01-15,Ownership shifts from Clarkson/UNMC joint to University of Nebraska but remains nonprofit with same name; status kept unchanged. Not on Shields list (CHI Health Omaha is a different system).,,
HSI00000165,Capital Region Health Care,Concord,NH,NH,1,True,3,3,317.0,0.0,1.0,nonprofit,100.0,0,2023 (rev. 2025-09),https://www.ahrq.gov/sites/default/files/wysiwyg/chsp/compendium/chsp-compendium-2023-rev.xlsx,AHRQ Compendium 2023 (system file rev. 2025-09); systems as of end-2023,False,731500246.0,HCRIS FY2023 (FY2022 fallback); acute member hospitals; G-3 line 3,0,774762087.0,HCRIS FY2024 (periods beginning 2023-10-01..2024-09-30); acute member CCNs; annualized where needed,0,0,5.9,False,False,False,False,https://data.cms.gov/sites/default/files/2026-09/e85544f7-57ef-477e-9640-313ac0aac400/CostReport_2024_Final.csv,CMS Hospital Provider Cost Report FY2024 (periods beginning 2023-10-01..2024-09-30); file modified 2026-09-29,True,Concord Hospital Health System,unchanged,,https://www.concordhospital.org/,,None found,Medium,"Own site: infusion therapy page read (administration only, hospital pharmacists); no specialty or home infusion pharmacy; on-campus Prescription Center is independent",,,,,https://www.concordhospital.org/medical-services/infusion-therapy/,2026-10-02,Franklin and Laconia hospitals were acquired 2021-22 and are already counted as members. The Prescription Center at 246 Pleasant St is independently owned since 1951.,,
HSI00000299,Dartmouth-Hitchcock,Lebanon,NH,NH;VT,2,True,8,8,771.0,0.0,1.0,nonprofit,100.0,0,2023 (rev. 2025-09),https://www.ahrq.gov/sites/default/files/wysiwyg/chsp/compendium/chsp-compendium-2023-rev.xlsx,AHRQ Compendium 2023 (system file rev. 2025-09); systems as of end-2023,False,2217922733.0,HCRIS FY2023 (FY2022 fallback); acute member hospitals; G-3 line 3,0,2805813110.0,HCRIS FY2024 (periods beginning 2023-10-01..2024-09-30); acute member CCNs; annualized where needed,0,0,26.5,False,False,True,False,https://data.cms.gov/sites/default/files/2026-09/e85544f7-57ef-477e-9640-313ac0aac400/CostReport_2024_Final.csv,CMS Hospital Provider Cost Report FY2024 (periods beginning 2023-10-01..2024-09-30); file modified 2026-09-29,True,Dartmouth Health,unchanged,,https://www.dartmouth-hitchcock.org/patients-visitors/specialty-pharmacy,Renamed Dartmouth Health in 2022 (before 2023 baseline); GraniteOne merger cancelled,"Owned, accredited",High,ACHC 74060/74061 records plus D-H specialty pharmacy web page (URAC and ACHC); no outside manager; not on Shields list,Dartmouth-Hitchcock Specialty Pharmacy | Dartmouth Hitchcock Pharmacy (Hooksett) | Dartmouth-Hitchcock Pharmacy at Centerra | Dartmouth Health Infusion Pharmacy,Mary Hitchcock Memorial Hospital (member hospital),ACHC 74060 Specialty Pharmacy Services | ACHC 74061 Specialty Pharmacy Services | URAC Specialty Pharmacy (per D-H web page; cert number not in packet),,"https://www.dartmouth-hitchcock.org/patients-visitors/specialty-pharmacy | https://organization.achc.org/print?legalCompanyName=Mary%20Hitchcock%20Memorial%20Hospital&dbaCompanyName=Dartmouth%20Hitchcock%20Pharmacy&companyID=74060&full_address=Hooksett,%20NH%2003106&physicalAddress=1000%20Quality%20Drive,",2026-10-02,"Renamed Dartmouth Health in 2022, before the 2023 baseline, so classified as unchanged. Both NPPES records are the same Hooksett pharmacy site and corroborate ACHC.",,
HSI00000355,Exeter Health Resources,Exeter,NH,NH,1,True,1,1,99.0,0.0,1.0,nonprofit,100.0,0,2023 (rev. 2025-09),https://www.ahrq.gov/sites/default/files/wysiwyg/chsp/compendium/chsp-compendium-2023-rev.xlsx,AHRQ Compendium 2023 (system file rev. 2025-09); systems as of end-2023,False,295623876.0,HCRIS FY2023 (FY2022 fallback); acute member hospitals; G-3 line 3,0,304938905.0,HCRIS FY2024 (periods beginning 2023-10-01..2024-09-30); acute member CCNs; annualized where needed,0,0,3.2,False,False,False,False,https://data.cms.gov/sites/default/files/2026-09/e85544f7-57ef-477e-9640-313ac0aac400/CostReport_2024_Final.csv,CMS Hospital Provider Cost Report FY2024 (periods beginning 2023-10-01..2024-09-30); file modified 2026-09-29,True,Exeter Health Resources,merged into,Beth Israel Lahey Health,https://www.nhbr.com/exeter-health-resources-merges-with-beth-israel-lahey/,2023-07-01,"Owned, accredited",Medium,via Beth Israel Lahey Health; BILH Specialty Pharmacy URAC accreditation,BILH Specialty Pharmacy,Beth Israel Lahey Health,"URAC Specialty Pharmacy and Mail Service Pharmacy (BILH Specialty Pharmacy, cert id not verified)",,https://bilh.org/care-options/pharmacy | https://bilh.org/-/media/files/bilh/bilh-specialty-pharmacy-welcome-kit.pdf,2026-10-02,"Exeter joined BILH on 2023-07-01; BILH Specialty Pharmacy is URAC accredited and serves the BILH system, but explicit service to Exeter was not confirmed.",,
HSI00001447,North Country Healthcare,Whitefield,NH,NH,1,True,3,3,50.0,0.0,1.0,nonprofit,100.0,0,2023 (rev. 2025-09),https://www.ahrq.gov/sites/default/files/wysiwyg/chsp/compendium/chsp-compendium-2023-rev.xlsx,AHRQ Compendium 2023 (system file rev. 2025-09); systems as of end-2023,False,166810522.0,HCRIS FY2023 (FY2022 fallback); acute member hospitals; G-3 line 3,1,160857548.0,HCRIS FY2024 (periods beginning 2023-10-01..2024-09-30); acute member CCNs; annualized where needed,1,0,-3.6,False,True,False,False,https://data.cms.gov/sites/default/files/2026-09/e85544f7-57ef-477e-9640-313ac0aac400/CostReport_2024_Final.csv,CMS Hospital Provider Cost Report FY2024 (periods beginning 2023-10-01..2024-09-30); file modified 2026-09-29,True,North Country Healthcare,unchanged,,https://northcountryhealth.org/androscoggin-valley-hospital/,,None found,Low,"No candidates; NCH site lists NCH Pharmacy and infusion services only, with no specialty or home infusion pharmacy",NCH Pharmacy,,,,https://northcountryhealth.org/androscoggin-valley-hospital/ | https://weeksmedical.org/department/infusion-services/,2026-10-02,Still independent (outsourced revenue cycle to Hartzler 2025; NH AG charitable trusts review closed May 2026); parent now lists Upper Connecticut Valley Hospital as an affiliate. Infusion is hospital outpatient only.,,
HSI00000338,Solutionhealth,Manchester,NH,NH,1,True,2,2,353.0,0.0,1.0,nonprofit,100.0,0,2023 (rev. 2025-09),https://www.ahrq.gov/sites/default/files/wysiwyg/chsp/compendium/chsp-compendium-2023-rev.xlsx,AHRQ Compendium 2023 (system file rev. 2025-09); systems as of end-2023,False,953793592.0,HCRIS FY2023 (FY2022 fallback); acute member hospitals; G-3 line 3,0,1088940186.0,HCRIS FY2024 (periods beginning 2023-10-01..2024-09-30); acute member CCNs; annualized where needed,0,0,14.2,False,False,False,False,https://data.cms.gov/sites/default/files/2026-09/e85544f7-57ef-477e-9640-313ac0aac400/CostReport_2024_Final.csv,CMS Hospital Provider Cost Report FY2024 (periods beginning 2023-10-01..2024-09-30); file modified 2026-09-29,True,SolutionHealth (Elliot Health System / Southern New Hampshire Health),unchanged,,https://www.doj.nh.gov/multimedia/3102026-public-hearing-regarding-pending-transaction-between-southern-new-hampshire,,Managed or partnered,Medium,"Shields partner list (Elliot Hospital / Solution Health, Manchester NH)",,,,Shields Health Solutions,https://shieldshealthsolutions.com/about-us/partner-health-systems,2026-10-02,"Disaffiliation of Elliot, Southern NH Health and Home Health was filed July 2025 with NH Charitable Trusts Unit and heard 2026-03-10; final outcome not confirmed, so status kept unchanged. No URAC/ACHC/NPPES candidates; tier rests on Shields list (Elliot) and Southern NH Medical Center pharmacy not separately researched.",,
HSI00001369,AtlantiCare,Egg Harbor Township,NJ,NJ,1,True,1,1,532.0,0.0,1.0,nonprofit,100.0,0,2023 (rev. 2025-09),https://www.ahrq.gov/sites/default/files/wysiwyg/chsp/compendium/chsp-compendium-2023-rev.xlsx,AHRQ Compendium 2023 (system file rev. 2025-09); systems as of end-2023,False,836274659.0,HCRIS FY2023 (FY2022 fallback); acute member hospitals; G-3 line 3,0,862209738.0,HCRIS FY2024 (periods beginning 2023-10-01..2024-09-30); acute member CCNs; annualized where needed,0,0,3.1,False,False,False,False,https://data.cms.gov/sites/default/files/2026-09/e85544f7-57ef-477e-9640-313ac0aac400/CostReport_2024_Final.csv,CMS Hospital Provider Cost Report FY2024 (periods beginning 2023-10-01..2024-09-30); file modified 2026-09-29,True,AtlantiCare,unchanged,Geisinger (Risant Health),https://www.atlanticare.org/services/pharmacy-services,,"Owned, accredited",High,URAC SPP010520 and ACHC 97209 records agree with AtlantiCare specialty pharmacy web page,AtlantiCare Pharmacy - Galloway | AtlantiCare Specialty Pharmacy,"AtlantiCare Regional Medical Center, Inc. (member hospital)",URAC SPP010520 Specialty Pharmacy | ACHC 97209 Specialty Pharmacy Services,,https://www.atlanticare.org/services/pharmacy-services | https://www.urac.org/directory/accreditation-details/?certification=SPP010520,2024-11-01,"AtlantiCare has been a Geisinger subsidiary since 2014 (Geisinger joined Risant Health in 2024), so no change since 2023 in its own structure. No outside manager named on the pharmacy page.",,
HSI00000060,Atlantic Health System,Morristown,NJ,NJ,1,True,6,5,1568.0,0.0,1.0,nonprofit,100.0,0,2023 (rev. 2025-09),https://www.ahrq.gov/sites/default/files/wysiwyg/chsp/compendium/chsp-compendium-2023-rev.xlsx,AHRQ Compendium 2023 (system file rev. 2025-09); systems as of end-2023,False,3399656618.0,HCRIS FY2023 (FY2022 fallback); acute member hospitals; G-3 line 3,0,3743973894.0,HCRIS FY2024 (periods beginning 2023-10-01..2024-09-30); acute member CCNs; annualized where needed,0,0,10.1,False,False,False,False,https://data.cms.gov/sites/default/files/2026-09/e85544f7-57ef-477e-9640-313ac0aac400/CostReport_2024_Final.csv,CMS Hospital Provider Cost Report FY2024 (periods beginning 2023-10-01..2024-09-30); file modified 2026-09-29,True,Atlantic Health System,unchanged,,https://www.healthcaredive.com/news/saint-peters-atlantic-health-scrap-merger/802213/,,None found,Medium,No URAC/ACHC/NPPES candidates; own pharmacy pages show only retail and infusion-center pharmacies,,,,,https://www.atlantichealth.org/services/pharmacy-services,2026-10-02,Site mentions retail pharmacies at Morristown and Newton and infusion centers only; no specialty or home infusion pharmacy found. No dedicated merger search was run; status rests on the current system homepage.,,
HSI00001396,Cape Regional Health System,Cape May Court House,NJ,NJ,1,True,1,1,149.0,0.0,1.0,nonprofit,100.0,0,2023 (rev. 2025-09),https://www.ahrq.gov/sites/default/files/wysiwyg/chsp/compendium/chsp-compendium-2023-rev.xlsx,AHRQ Compendium 2023 (system file rev. 2025-09); systems as of end-2023,False,130402745.0,HCRIS FY2023 (FY2022 fallback); acute member hospitals; G-3 line 3,0,134033053.0,HCRIS FY2024 (periods beginning 2023-10-01..2024-09-30); acute member CCNs; annualized where needed,0,0,2.8,False,False,False,False,https://data.cms.gov/sites/default/files/2026-09/e85544f7-57ef-477e-9640-313ac0aac400/CostReport_2024_Final.csv,CMS Hospital Provider Cost Report FY2024 (periods beginning 2023-10-01..2024-09-30); file modified 2026-09-29,True,Cooper University Hospital Cape Regional,acquired by,Cooper University Health Care,https://blogs.cooperhealth.org/news/2024/07/its-official-cape-regional-is-now-part-of-cooper-university-health-care/,2024-07-01,Managed or partnered,Low,via Cooper University Health Care: Cooper University Hospital is on Shields partner list (2026-10-02); Shields rule applied to the current parent; service to the Cape Regional hospital not confirmed,"Direct Meds at Cooper Pharmacy (apparently retail/outpatient, 1 Cooper Plz, Camden NJ; third-party directory listings show specialty drugs dispensed)","Cooper University Health Care (parent); Cape Regional Medical Center, Inc. is now a Cooper subsidiary",,Shields Health Solutions,https://shieldshealthsolutions.com/about-us/partner-health-systems | https://blogs.cooperhealth.org/news/2024/07/its-official-cape-regional-is-now-part-of-cooper-university-health-care/ | https://www.cooperhealth.org/treatments/infusion-therapy | https://www.healthgrades.com/pharmacy/direct-meds-at-cooper-pharmacy-pdaeyb,2026-10-02,"Cooper's Camden pharmacy (Direct Meds, apparently retail) sits at a Shields-listed system but no source states Shields manages it or that it serves the Cape Regional hospital, so confidence is Low. Cape Regional's own site shows only nurse-administered outpatient infusion; no URAC/ACHC/NPPES records found for Cooper or Cape.",,HSI00001079
HSI00000164,Capital Health System,Trenton,NJ,NJ,1,True,2,2,382.0,0.0,1.0,nonprofit,100.0,0,2023 (rev. 2025-09),https://www.ahrq.gov/sites/default/files/wysiwyg/chsp/compendium/chsp-compendium-2023-rev.xlsx,AHRQ Compendium 2023 (system file rev. 2025-09); systems as of end-2023,False,1329494907.0,HCRIS FY2023 (FY2022 fallback); acute member hospitals; G-3 line 3,0,1198378911.0,HCRIS FY2024 (periods beginning 2023-10-01..2024-09-30); acute member CCNs; annualized where needed,0,0,-9.9,False,False,False,False,https://data.cms.gov/sites/default/files/2026-09/e85544f7-57ef-477e-9640-313ac0aac400/CostReport_2024_Final.csv,CMS Hospital Provider Cost Report FY2024 (periods beginning 2023-10-01..2024-09-30); file modified 2026-09-29,True,Capital Health System,unchanged,,https://www.capitalhealth.org/,,None found,Medium,Own website homepage and web search show no specialty/infusion pharmacy; no candidates,,,,,https://www.capitalhealth.org/,2026-10-02,"Capital Health Community Pharmacy LLC (Pennington) appears to be retail only. The 2025 closure of East Trenton (former St. Francis, acquired 2022) does not affect the 2023 member hospitals.",,
HSI00000194,Centrastate Healthcare System,Freehold,NJ,NJ,1,True,1,1,240.0,0.0,1.0,nonprofit,100.0,0,2023 (rev. 2025-09),https://www.ahrq.gov/sites/default/files/wysiwyg/chsp/compendium/chsp-compendium-2023-rev.xlsx,AHRQ Compendium 2023 (system file rev. 2025-09); systems as of end-2023,False,307776553.0,HCRIS FY2023 (FY2022 fallback); acute member hospitals; G-3 line 3,0,380309433.0,HCRIS FY2024 (periods beginning 2023-10-01..2024-09-30); acute member CCNs; annualized where needed,0,0,23.6,False,False,False,False,https://data.cms.gov/sites/default/files/2026-09/e85544f7-57ef-477e-9640-313ac0aac400/CostReport_2024_Final.csv,CMS Hospital Provider Cost Report FY2024 (periods beginning 2023-10-01..2024-09-30); file modified 2026-09-29,True,Atlantic Health CentraState Medical Center,unchanged,Atlantic Health System (majority co-member),https://www.atlantichealth.org/locations/centrastate-medical-center/pharmacy,,"Owned, not accredited",Low,atlantichealth.org page (curl) presents CentraState Specialty Script as a hospital-lobby retail outpatient pharmacy handling specialty meds; no accreditation found; NPPES NPI-2 is a separate LLC with pharmacist member,CentraState Specialty Script Pharmacy,"Specialty Script Freehold LLC (NPPES); presented as system pharmacy, ownership by CentraState not confirmed",,,https://www.atlantichealth.org/locations/centrastate-medical-center/pharmacy | https://npiregistry.cms.hhs.gov/provider-view/1710425566,2026-10-02,"NPPES lists the pharmacy under an LLC (pharmacist member, 2017 update), so it may be a contracted or JV operator rather than wholly system-owned. Atlantic Health holds 51% of CentraState; no named outside manager or accreditation found.",,
HSI00001079,Cooper University Health Care,Camden,NJ,NJ,1,True,1,1,578.0,1.0,1.0,nonprofit,100.0,0,2023 (rev. 2025-09),https://www.ahrq.gov/sites/default/files/wysiwyg/chsp/compendium/chsp-compendium-2023-rev.xlsx,AHRQ Compendium 2023 (system file rev. 2025-09); systems as of end-2023,False,1608952000.0,HCRIS FY2023 (FY2022 fallback); acute member hospitals; G-3 line 3,0,1759165369.0,HCRIS FY2024 (periods beginning 2023-10-01..2024-09-30); acute member CCNs; annualized where needed,0,0,9.3,False,False,False,False,https://data.cms.gov/sites/default/files/2026-09/e85544f7-57ef-477e-9640-313ac0aac400/CostReport_2024_Final.csv,CMS Hospital Provider Cost Report FY2024 (periods beginning 2023-10-01..2024-09-30); file modified 2026-09-29,True,Cooper Norcross Health,renamed,,https://njbiz.com/cooper-norcross-health-name-change/,2024-07-01 (Cape Regional merger); renamed after board vote July 27,Managed or partnered,High,"Shields partner list (Cooper University Hospital, Camden NJ) plus ACHC Specialty Pharmacy Services record for Walgreens Pharmacy at Cooper Health System",Walgreens Pharmacy at Cooper Health System (Voorhees) | Shields Health Solutions-managed specialty pharmacy,Walgreen Co (on-site pharmacy at Cooper campus),ACHC 82721 Specialty Pharmacy Services,Shields Health Solutions,"https://shieldshealthsolutions.com/about-us/partner-health-systems | https://organization.achc.org/print?legalCompanyName=Walgreen%20Co&dbaCompanyName=Walgreens%20Pharmacy%20at%20Cooper%20Health%20System&companyID=82721&full_address=Voorhees,%20NJ%2008043&physicalAddress=900%20Centennial%20Blvd%20, | https://njbiz.com/cooper-norcross-health-name-change/",2026-10-02,Walgreens-operated specialty pharmacy on Cooper campus (ACHC) and Cooper is on the Shields list; Cape Regional added July 2024.,,
HSI00001442,Englewood Health,Englewood,NJ,NJ,1,True,1,1,274.0,0.0,1.0,nonprofit,100.0,0,2023 (rev. 2025-09),https://www.ahrq.gov/sites/default/files/wysiwyg/chsp/compendium/chsp-compendium-2023-rev.xlsx,AHRQ Compendium 2023 (system file rev. 2025-09); systems as of end-2023,False,1062660425.0,HCRIS FY2023 (FY2022 fallback); acute member hospitals; G-3 line 3,0,1162115092.0,HCRIS FY2024 (periods beginning 2023-10-01..2024-09-30); acute member CCNs; annualized where needed,0,0,9.4,False,False,False,False,https://data.cms.gov/sites/default/files/2026-09/e85544f7-57ef-477e-9640-313ac0aac400/CostReport_2024_Final.csv,CMS Hospital Provider Cost Report FY2024 (periods beginning 2023-10-01..2024-09-30); file modified 2026-09-29,True,Englewood Health,unchanged,,https://www.englewoodhealth.org/news-and-stories/rwjbarnabas-health-and-englewood-health-sign-definitive-agreement,,None found,Medium,Own site: department directory lists only inpatient Pharmacy and Infusion Center; no specialty/home infusion pharmacy; no candidates,,,,,https://www.englewoodhealth.org/contact-us/department-directory | https://www.englewoodhealth.org/service/infusion-center,2026-10-02,"Definitive agreement to join RWJBarnabas Health signed 2026-01-05, closing expected early 2027, so still independent today. Not on Shields list; RWJBarnabas not assessed.",,
HSI00000439,Hackensack Meridian Health,Edison,NJ,NJ,1,True,13,10,3075.0,1.0,1.0,nonprofit,100.0,0,2023 (rev. 2025-09),https://www.ahrq.gov/sites/default/files/wysiwyg/chsp/compendium/chsp-compendium-2023-rev.xlsx,AHRQ Compendium 2023 (system file rev. 2025-09); systems as of end-2023,False,6382999921.0,HCRIS FY2023 (FY2022 fallback); acute member hospitals; G-3 line 3,1,7057878437.0,HCRIS FY2024 (periods beginning 2023-10-01..2024-09-30); acute member CCNs; annualized where needed,1,0,10.6,False,True,False,False,https://data.cms.gov/sites/default/files/2026-09/e85544f7-57ef-477e-9640-313ac0aac400/CostReport_2024_Final.csv,CMS Hospital Provider Cost Report FY2024 (periods beginning 2023-10-01..2024-09-30); file modified 2026-09-29,True,Hackensack Meridian Health,unchanged,,https://www.hackensackmeridianhealth.org/en/about-us,,Managed or partnered,High,Shields partner list (Hackensack Meridian Health*); URAC SPP010096 and ACHC 87147; HMH web page,Hackensack Meridian Specialty Pharmacy (Hackensack Meridian Health Pharmacy) | Hackensack University Medical Center Plaza Pharmacy,"Hackensack Meridian Ambulatory Care, Inc. (HMH subsidiary)",URAC SPP010096 Specialty Pharmacy | ACHC 87147 Specialty Pharmacy Services,Shields Health Solutions,https://shieldshealthsolutions.com/about-us/partner-health-systems | https://www.hackensackmeridianhealth.org/en/locations/hackensack-meridian-specialty-pharmacy | https://www.urac.org/directory/accreditation-details/?certification=SPP010096 | https://organization.achc.org/print?companyID=87147,2026-10-02,Shields list shows HMH with an asterisk (unexplained in retrieved text); rule applied. Eatontown pharmacy is owned by an HMH subsidiary and holds both URAC and ACHC.,,
HSI00001389,Holy Name Medical Center,Teaneck,NJ,NJ,1,True,1,1,289.0,0.0,1.0,nonprofit,100.0,0,2023 (rev. 2025-09),https://www.ahrq.gov/sites/default/files/wysiwyg/chsp/compendium/chsp-compendium-2023-rev.xlsx,AHRQ Compendium 2023 (system file rev. 2025-09); systems as of end-2023,False,493379973.0,HCRIS FY2023 (FY2022 fallback); acute member hospitals; G-3 line 3,0,558679584.0,HCRIS FY2024 (periods beginning 2023-10-01..2024-09-30); acute member CCNs; annualized where needed,0,0,13.2,False,False,False,False,https://data.cms.gov/sites/default/files/2026-09/e85544f7-57ef-477e-9640-313ac0aac400/CostReport_2024_Final.csv,CMS Hospital Provider Cost Report FY2024 (periods beginning 2023-10-01..2024-09-30); file modified 2026-09-29,True,Holy Name Medical Center,unchanged,,https://projects.propublica.org/nonprofits/organizations/221487322,,None found,Low,Own pharmacy page lists only retail PharmaCare and meds-to-beds; no candidates,Holy Name PharmaCare,Holy Name Medical Center Inc.,,,https://www.holyname.org/pharmacy/,2026-10-02,"Only a Mount Sinai clinical alliance, not an acquisition. Retail pharmacy serves infusion center and MS center patients but no specialty pharmacy found.",,
HSI00000502,Hunterdon Healthcare System,Flemington,NJ,NJ,1,True,1,1,184.0,0.0,1.0,nonprofit,100.0,0,2023 (rev. 2025-09),https://www.ahrq.gov/sites/default/files/wysiwyg/chsp/compendium/chsp-compendium-2023-rev.xlsx,AHRQ Compendium 2023 (system file rev. 2025-09); systems as of end-2023,False,392337764.0,HCRIS FY2023 (FY2022 fallback); acute member hospitals; G-3 line 3,0,422498810.0,HCRIS FY2024 (periods beginning 2023-10-01..2024-09-30); acute member CCNs; annualized where needed,0,0,7.7,False,False,False,False,https://data.cms.gov/sites/default/files/2026-09/e85544f7-57ef-477e-9640-313ac0aac400/CostReport_2024_Final.csv,CMS Hospital Provider Cost Report FY2024 (periods beginning 2023-10-01..2024-09-30); file modified 2026-09-29,True,Hunterdon Health,unchanged,,https://www.hackensackmeridianhealth.org/en/news/2026/06/22/hunterdon-health-and-hmh-sign-letter-of-intent-for-proposed-merger,,None found,Low,"ACHC SPS record belongs to Hunterdon Hematology Oncology LLC, a separately branded physician practice with its own site, not shown to be system-owned; Hunterdon Regional Pharmacy is retail",Hunterdon Regional Pharmacy | Hunterdon Hematology Oncology pharmacy,"Hunterdon Hematology Oncology LLC (independent practice, tie to system unconfirmed)","ACHC 71467 Specialty Pharmacy Services (Hunterdon Hematology Oncology, 08/21/2024-08/20/2027)",,https://hhocancer.com/about/ | https://www.hunterdonhealth.org/locations/hunterdon-regional-pharmacy | https://www.hunterdonhealth.org/hunterdon-regional-cancer-center/our-oncology-team,2026-10-02,"HMH merger is only a June 2026 letter of intent. Reviewer flag: if HHO is deemed affiliated, tier would become Owned, accredited (ACHC 71467); ownership unproven.",,
HSI00000514,Inspira Health Network,Mullica Hill,NJ,NJ,1,True,4,4,679.0,0.0,1.0,nonprofit,83.4,1,2023 (rev. 2025-09),https://www.ahrq.gov/sites/default/files/wysiwyg/chsp/compendium/chsp-compendium-2023-rev.xlsx,AHRQ Compendium 2023 (system file rev. 2025-09); systems as of end-2023,True,1054852552.0,HCRIS FY2023 (FY2022 fallback); acute member hospitals; G-3 line 3,1,1117846242.0,HCRIS FY2024 (periods beginning 2023-10-01..2024-09-30); acute member CCNs; annualized where needed,2,0,6.0,False,True,False,False,https://data.cms.gov/sites/default/files/2026-09/e85544f7-57ef-477e-9640-313ac0aac400/CostReport_2024_Final.csv,CMS Hospital Provider Cost Report FY2024 (periods beginning 2023-10-01..2024-09-30); file modified 2026-09-29,True,Inspira Health Network,unchanged,,https://www.inspirahealthnetwork.org/news/provider-inspiration/inside-look-infusion-services-inspira,,None found,Low,No URAC/ACHC/NPPES candidates; inspirahealthnetwork.org pharmacy and infusion pages show retail pharmacy and outpatient infusion centers only,Inspira Health Pharmacy Mullica Hill,,,,https://www.inspirahealthnetwork.org/locations/inspira-medical-center-mullica-hill-outpatient-center/inspira-health-pharmacy-mullica | https://www.inspirahealthnetwork.org/news/provider-inspiration/inside-look-infusion-services-inspira,2026-10-02,Status search returned no Inspira merger news. Retail pharmacy page lists no specialty services; not on Shields list.,,
HSI00000863,RWJBarnabas Health,West Orange,NJ,NJ,1,True,16,14,3966.0,1.0,1.0,nonprofit,98.7,1,2023 (rev. 2025-09),https://www.ahrq.gov/sites/default/files/wysiwyg/chsp/compendium/chsp-compendium-2023-rev.xlsx,AHRQ Compendium 2023 (system file rev. 2025-09); systems as of end-2023,True,6695462887.0,HCRIS FY2023 (FY2022 fallback); acute member hospitals; G-3 line 3,0,7360981170.0,HCRIS FY2024 (periods beginning 2023-10-01..2024-09-30); acute member CCNs; annualized where needed,1,0,9.9,False,True,False,False,https://data.cms.gov/sites/default/files/2026-09/e85544f7-57ef-477e-9640-313ac0aac400/CostReport_2024_Final.csv,CMS Hospital Provider Cost Report FY2024 (periods beginning 2023-10-01..2024-09-30); file modified 2026-09-29,True,RWJBarnabas Health,unchanged,,https://www.rwjbh.org/about-us/,,"Owned, accredited",High,URAC SPP010471 + ACHC 75803 + RWJBH page describing a wholly-owned specialty pharmacy company; not on Shields list,RWJBarnabas Health Infusion and Specialty Pharmacy | RWJBarnabas Health Specialty Pharmacy,"Livingston Infusion Care, Inc. (wholly owned RWJBarnabas Health subsidiary)",URAC SPP010471 Specialty Pharmacy | ACHC 75803 Specialty Pharmacy Services,,https://www.rwjbh.org/treatment-care/infusion-and-specialty-pharmacy/ | https://www.rwjbh.org/for-health-care-professionals/pharmacy/pharmacy-divisions/integrated-service/rwjbarnabas-health-specialty-pharmacy/ | https://www.urac.org/directory/accreditation-details/?certification=SPP010471,2026-10-02,Also holds Joint Commission accreditation per RWJBH. NPPES hit lists specialty as non-primary.,,
HSI00000929,Saint Josephs Health,Paterson,NJ,NJ,1,True,2,2,681.0,1.0,2.0,church-operated,100.0,0,2023 (rev. 2025-09),https://www.ahrq.gov/sites/default/files/wysiwyg/chsp/compendium/chsp-compendium-2023-rev.xlsx,AHRQ Compendium 2023 (system file rev. 2025-09); systems as of end-2023,False,832108365.0,HCRIS FY2023 (FY2022 fallback); acute member hospitals; G-3 line 3,1,933410711.0,HCRIS FY2024 (periods beginning 2023-10-01..2024-09-30); acute member CCNs; annualized where needed,1,0,12.2,False,True,False,False,https://data.cms.gov/sites/default/files/2026-09/e85544f7-57ef-477e-9640-313ac0aac400/CostReport_2024_Final.csv,CMS Hospital Provider Cost Report FY2024 (periods beginning 2023-10-01..2024-09-30); file modified 2026-09-29,True,St. Joseph's Health,unchanged,Sisters of Charity of Saint Elizabeth (sponsor),https://njbiz.com/horizon-says-st-josephs-health-leaving-network/,,"Owned, accredited",High,URAC SPP010414 + ACHC 94527 + system website (dual-accredited specialty pharmacy),St. Joseph's University Medical Center Specialty Pharmacy | St. Joseph's Health Pharmacy,"St. Joseph's University Medical Center, Inc.",URAC SPP010414 Specialty Pharmacy | ACHC 94527 Specialty Pharmacy Services,,"https://www.urac.org/directory/accreditation-details/?certification=SPP010414 | https://stjosephshealth.org/health-services/pharmacy-services/specialty-pharmacy/ | https://organization.achc.org/print?legalCompanyName=St.%20Joseph's%20University%20Medical%20Center,%20Inc.&dbaCompanyName=St.%20Joseph's%20University%20Medical%20Center%20Specialty%20Pharmacy&companyID=94527&full_address=Paterson,%20NJ%2007503&physicalAddress=703%20Main%20Street,%20Regan%20Building%20Basement,%20Rm%20RB37,",2025-12-31,Website copyright 2025; no outside manager mentioned. Not on Shields list; St. Joseph's Health Pharmacy LLC retail sites are system subsidiaries.,,
HSI00000942,Saint Peters Healthcare System,New Brunswick,NJ,NJ,1,True,1,1,352.0,0.0,1.0,nonprofit,100.0,0,2023 (rev. 2025-09),https://www.ahrq.gov/sites/default/files/wysiwyg/chsp/compendium/chsp-compendium-2023-rev.xlsx,AHRQ Compendium 2023 (system file rev. 2025-09); systems as of end-2023,False,549344505.0,HCRIS FY2023 (FY2022 fallback); acute member hospitals; G-3 line 3,0,589061302.0,HCRIS FY2024 (periods beginning 2023-10-01..2024-09-30); acute member CCNs; annualized where needed,0,0,7.2,False,False,False,False,https://data.cms.gov/sites/default/files/2026-09/e85544f7-57ef-477e-9640-313ac0aac400/CostReport_2024_Final.csv,CMS Hospital Provider Cost Report FY2024 (periods beginning 2023-10-01..2024-09-30); file modified 2026-09-29,True,Saint Peter's Healthcare System,unchanged,,https://www.healthcaredive.com/news/saint-peters-atlantic-health-scrap-merger/802213/,2025-10-07,Managed or partnered,Medium,System press release 2025-03-04 (system-owned specialty pharmacy in partnership with Clearway Health) plus NPPES Saint Peter's Specialty Pharmacy record,"Saint Peter's Specialty Pharmacy (562 Easton Ave Ste B, Somerset NJ)",Saint Peter's University Hospital / Saint Peter's Healthcare System,,Clearway Health,https://www.prnewswire.com/news-releases/saint-peters-healthcare-system-announces-plan-to-open-first-specialty-pharmacy-partnership-with-clearway-health-to-provide-access-to-medications-for-managing-complex-medical-conditions-302390696.html | https://npiregistry.cms.hhs.gov/provider-view/1952289332 | https://www.saintpetershcs.com/visitors/walgreens-at-saint-peter%E2%80%99s,2025-03-04,"Atlantic Health merger was abandoned 2025-10-07, so system is independent. Own specialty pharmacy launched with Clearway Health as strategic partner; no URAC/ACHC accreditation found for it (Clearway offers accreditation guidance).",,
HSI00001532,Shore Physicians Group,Somers Point,NJ,NJ,1,True,1,1,199.0,0.0,1.0,nonprofit,100.0,0,2023 (rev. 2025-09),https://www.ahrq.gov/sites/default/files/wysiwyg/chsp/compendium/chsp-compendium-2023-rev.xlsx,AHRQ Compendium 2023 (system file rev. 2025-09); systems as of end-2023,False,247528189.0,HCRIS FY2023 (FY2022 fallback); acute member hospitals; G-3 line 3,0,250669894.0,HCRIS FY2024 (periods beginning 2023-10-01..2024-09-30); acute member CCNs; annualized where needed,0,0,1.3,False,False,False,False,https://data.cms.gov/sites/default/files/2026-09/e85544f7-57ef-477e-9640-313ac0aac400/CostReport_2024_Final.csv,CMS Hospital Provider Cost Report FY2024 (periods beginning 2023-10-01..2024-09-30); file modified 2026-09-29,True,Shore Medical Center,unchanged,,https://www.shoremedicalcenter.org/about,,None found,Low,No candidates; own website infusion page and search show only hospital pharmacy and outpatient infusion suite,,,,,https://www.shoremedicalcenter.org/departments/iv-therapy,2026-10-02,Independent nonprofit (formerly Shore Memorial Hospital); only an outpatient infusion center found. Not on Shields list.,,
HSI00001218,Valley Health System,Ridgewood,NJ,NJ,1,True,1,1,385.0,0.0,1.0,nonprofit,100.0,0,2023 (rev. 2025-09),https://www.ahrq.gov/sites/default/files/wysiwyg/chsp/compendium/chsp-compendium-2023-rev.xlsx,AHRQ Compendium 2023 (system file rev. 2025-09); systems as of end-2023,False,1024442467.0,HCRIS FY2023 (FY2022 fallback); acute member hospitals; G-3 line 3,0,1089526146.0,HCRIS FY2024 (periods beginning 2023-10-01..2024-09-30); acute member CCNs; annualized where needed,0,0,6.4,False,False,False,False,https://data.cms.gov/sites/default/files/2026-09/e85544f7-57ef-477e-9640-313ac0aac400/CostReport_2024_Final.csv,CMS Hospital Provider Cost Report FY2024 (periods beginning 2023-10-01..2024-09-30); file modified 2026-09-29,True,Valley Health System,unchanged,,https://www.valleyhealth.com/trending/valley-hospitals-move-paramus-april-14-2024,2024-04-14,"Owned, accredited",High,URAC SPP010291 plus system web page confirming URAC specialty accreditation,Valley Health Pharmacy Prescription Processing Center | Valley Health Pharmacy | Valley Health Pharmacy-Mahwah,"The Valley Hospital, Inc.",URAC SPP010291 Specialty Pharmacy,,https://www.urac.org/directory/accreditation-details/?certification=SPP010291 | https://www.valleyhealth.com/services/specialty-pharmacy,2026-10-02,"Hospital relocated from Ridgewood to Paramus in April 2024, no ownership change. No outside manager mentioned.",,
HSI00001233,Virtua Health,Marlton,NJ,NJ,1,True,5,5,1329.0,0.0,1.0,nonprofit,100.0,0,2023 (rev. 2025-09),https://www.ahrq.gov/sites/default/files/wysiwyg/chsp/compendium/chsp-compendium-2023-rev.xlsx,AHRQ Compendium 2023 (system file rev. 2025-09); systems as of end-2023,False,2017054711.0,HCRIS FY2023 (FY2022 fallback); acute member hospitals; G-3 line 3,1,2256066534.0,HCRIS FY2024 (periods beginning 2023-10-01..2024-09-30); acute member CCNs; annualized where needed,1,0,11.8,False,True,False,False,https://data.cms.gov/sites/default/files/2026-09/e85544f7-57ef-477e-9640-313ac0aac400/CostReport_2024_Final.csv,CMS Hospital Provider Cost Report FY2024 (periods beginning 2023-10-01..2024-09-30); file modified 2026-09-29,True,Virtua Health,unchanged,,https://healthcaredive.com/news/christianacare-virtua-health-end-merger-talks/808371/,,"Owned, not accredited",Low,Virtua Specialty Pharmacy web page; NPPES retail record at Berlin NJ; no accreditation found,Virtua Specialty Pharmacy,Virtua Health (Virtua Home Care-Community Nursing Services Inc per NPPES),,,https://www.virtua.org/Services/Specialty-Pharmacy | https://npiregistry.cms.hhs.gov/provider-view/1689393837,2026-10-02,ChristianaCare merger talks ended Dec 2025. NPPES record is retail taxonomy though the contact email suggests the Berlin pharmacy is the specialty pharmacy; accreditation unverified.,,
HSI00000394,Gerald Champion Regional Medical Center,Alamogordo,NM,NM,1,True,1,1,66.0,0.0,1.0,nonprofit,100.0,0,2023 (rev. 2025-09),https://www.ahrq.gov/sites/default/files/wysiwyg/chsp/compendium/chsp-compendium-2023-rev.xlsx,AHRQ Compendium 2023 (system file rev. 2025-09); systems as of end-2023,False,245946571.0,HCRIS FY2023 (FY2022 fallback); acute member hospitals; G-3 line 3,0,323328171.0,HCRIS FY2024 (periods beginning 2023-10-01..2024-09-30); acute member CCNs; annualized where needed,0,0,31.5,False,False,True,False,https://data.cms.gov/sites/default/files/2026-09/e85544f7-57ef-477e-9640-313ac0aac400/CostReport_2024_Final.csv,CMS Hospital Provider Cost Report FY2024 (periods beginning 2023-10-01..2024-09-30); file modified 2026-09-29,True,CHRISTUS Gerald Champion Regional Medical Center,acquired by,CHRISTUS Health,https://www.christushealth.org/connect/news/gerald-champion,2023-07-01,Managed or partnered,Medium,via CHRISTUS Health; CHRISTUS location page shows only in-hospital retail pharmacy and infusion center,,CHRISTUS Health,,Shields Health Solutions,https://www.christushealth.org/locations/gerald-champion | https://shieldshealthsolutions.com/about-us/partner-health-systems,2026-10-02,Hospital infusion center and retail pharmacy only; did not research CHRISTUS system-wide specialty pharmacy serving this hospital.,on Shields partner list: None found -> Managed or partnered,HSI00000152
HSI00000843,Presbyterian Healthcare Services,Albuquerque,NM,NM,1,True,9,9,1222.0,1.0,1.0,nonprofit,100.0,0,2023 (rev. 2025-09),https://www.ahrq.gov/sites/default/files/wysiwyg/chsp/compendium/chsp-compendium-2023-rev.xlsx,AHRQ Compendium 2023 (system file rev. 2025-09); systems as of end-2023,False,1933309042.0,HCRIS FY2023 (FY2022 fallback); acute member hospitals; G-3 line 3,2,2339157978.0,HCRIS FY2024 (periods beginning 2023-10-01..2024-09-30); acute member CCNs; annualized where needed,2,0,21.0,False,True,False,False,https://data.cms.gov/sites/default/files/2026-09/e85544f7-57ef-477e-9640-313ac0aac400/CostReport_2024_Final.csv,CMS Hospital Provider Cost Report FY2024 (periods beginning 2023-10-01..2024-09-30); file modified 2026-09-29,True,Presbyterian Healthcare Services,unchanged,,https://www.healthcaredive.com/news/unitypoint-health-presbyterian-healthcare-services-call-off-cross-market-m/696519/,,"Owned, accredited",High,URAC SPP010111 + ACHC 94197 + NPPES 1932400397 for Presbyterian Specialty Care Pharmacy,Presbyterian Specialty Care Pharmacy,Presbyterian Healthcare Services,URAC SPP010111 Specialty Pharmacy | ACHC 94197 Specialty Pharmacy Services,,https://www.urac.org/directory/accreditation-details/?certification=SPP010111 | https://www.healthcaredive.com/news/unitypoint-health-presbyterian-healthcare-services-call-off-cross-market-m/696519/,2026-10-02,"UnityPoint merger was called off, so structure is unchanged. URAC record expires 2026-12-01.",,
HSI00000956,San Juan Regional Medical Center,Farmington,NM,NM,1,True,2,1,191.0,1.0,1.0,nonprofit,100.0,0,2023 (rev. 2025-09),https://www.ahrq.gov/sites/default/files/wysiwyg/chsp/compendium/chsp-compendium-2023-rev.xlsx,AHRQ Compendium 2023 (system file rev. 2025-09); systems as of end-2023,False,346932388.0,HCRIS FY2023 (FY2022 fallback); acute member hospitals; G-3 line 3,0,367938584.0,HCRIS FY2024 (periods beginning 2023-10-01..2024-09-30); acute member CCNs; annualized where needed,0,0,6.1,False,False,False,False,https://data.cms.gov/sites/default/files/2026-09/e85544f7-57ef-477e-9640-313ac0aac400/CostReport_2024_Final.csv,CMS Hospital Provider Cost Report FY2024 (periods beginning 2023-10-01..2024-09-30); file modified 2026-09-29,True,San Juan Regional Medical Center,unchanged,,https://www.sanjuanregional.com/,,None found,Low,"No candidates; own website homepage and services directory list no pharmacy, specialty or infusion pharmacy",,,,,https://www.sanjuanregional.com/services,2026-10-02,"Still independent nonprofit; web presence silent on pharmacy, so absence is based on site review plus web search only.",,
HSI00000178,Carson Tahoe Health,Carson City,NV,NV,1,True,3,1,175.0,0.0,1.0,nonprofit,100.0,0,2023 (rev. 2025-09),https://www.ahrq.gov/sites/default/files/wysiwyg/chsp/compendium/chsp-compendium-2023-rev.xlsx,AHRQ Compendium 2023 (system file rev. 2025-09); systems as of end-2023,False,359182636.0,HCRIS FY2023 (FY2022 fallback); acute member hospitals; G-3 line 3,0,419840412.0,HCRIS FY2024 (periods beginning 2023-10-01..2024-09-30); acute member CCNs; annualized where needed,0,0,16.9,False,False,False,False,https://data.cms.gov/sites/default/files/2026-09/e85544f7-57ef-477e-9640-313ac0aac400/CostReport_2024_Final.csv,CMS Hospital Provider Cost Report FY2024 (periods beginning 2023-10-01..2024-09-30); file modified 2026-09-29,True,Carson Tahoe Health,unchanged,,https://www.carsontahoe.com/about-us.html,,None found,Low,"No candidates; own website and search show only an ambulatory infusion center, no pharmacy",,,,,https://www.carsontahoe.com/about-us.html | https://www.carsontahoe.com/infusion-center.html,2026-10-02,Independent nonprofit affiliated with University of Utah Health; not on Shields list. Only an outpatient infusion center (not a pharmacy) was found.,,
HSI00000874,Renown Health,Reno,NV,NV,1,True,3,2,592.0,0.0,1.0,nonprofit,100.0,0,2023 (rev. 2025-09),https://www.ahrq.gov/sites/default/files/wysiwyg/chsp/compendium/chsp-compendium-2023-rev.xlsx,AHRQ Compendium 2023 (system file rev. 2025-09); systems as of end-2023,False,1098864687.0,HCRIS FY2023 (FY2022 fallback); acute member hospitals; G-3 line 3,1,1510003258.0,HCRIS FY2024 (periods beginning 2023-10-01..2024-09-30); acute member CCNs; annualized where needed,0,0,37.4,False,True,True,False,https://data.cms.gov/sites/default/files/2026-09/e85544f7-57ef-477e-9640-313ac0aac400/CostReport_2024_Final.csv,CMS Hospital Provider Cost Report FY2024 (periods beginning 2023-10-01..2024-09-30); file modified 2026-09-29,True,Renown Health,unchanged,,https://en.wikipedia.org/wiki/Renown_Health,,Managed or partnered,High,URAC SPP010338 + ACHC 82170 + NPPES 1871195347 + Shields partner list,Renown Pharmacy | Renown Specialty Pharmacy,Renown Regional Medical Center (member hospital),"URAC SPP010338 Specialty Pharmacy (eff 2024-12-01, exp 2027-12-01) | ACHC 82170 Specialty Pharmacy Services",Shields Health Solutions,"https://www.urac.org/directory/accreditation-details/?certification=SPP010338 | https://organization.achc.org/print?legalCompanyName=Renown%20Regional%20Medical%20Center&dbaCompanyName=Renown%20Pharmacy&companyID=82170&full_address=Reno,%20NV%2089502&physicalAddress=21%20Locust%20Street, | https://npiregistry.cms.hhs.gov/provider-view/1871195347 | https://shieldshealthsolutions.com/about-us/partner-health-systems | https://www.renown.org/Health-Services/Pharmacy",['2026-10-02'],Renown is on Shields' partner-health-system list; exact scope (Shields managing this pharmacy) is inferred from the listing and not confirmed by a Renown press release. Renown's own pages do not name Shields.,,
HSI00000019,Albany Medical Center,Albany,NY,NY,1,True,3,2,890.0,0.0,1.0,nonprofit,100.0,0,2023 (rev. 2025-09),https://www.ahrq.gov/sites/default/files/wysiwyg/chsp/compendium/chsp-compendium-2023-rev.xlsx,AHRQ Compendium 2023 (system file rev. 2025-09); systems as of end-2023,False,1674703576.0,HCRIS FY2023 (FY2022 fallback); acute member hospitals; G-3 line 3,0,1709870023.0,HCRIS FY2024 (periods beginning 2023-10-01..2024-09-30); acute member CCNs; annualized where needed,0,0,2.1,False,False,False,False,https://data.cms.gov/sites/default/files/2026-09/e85544f7-57ef-477e-9640-313ac0aac400/CostReport_2024_Final.csv,CMS Hospital Provider Cost Report FY2024 (periods beginning 2023-10-01..2024-09-30); file modified 2026-09-29,True,Albany Med Health System,renamed,,https://www.albanymed.org/patients-visitors/pharmacies/,,Managed or partnered,High,"Shields partner list (Albany Medical Center, Albany NY); URAC SPP010569 + ACHC 76104",Albany Medical Center Pharmacy,Albany Med Health System / Albany Medical Center,URAC SPP010569 Specialty Pharmacy | ACHC 76104 Specialty Pharmacy Services,Shields Health Solutions,https://www.urac.org/directory/accreditation-details/?certification=SPP010569 | https://shieldshealthsolutions.com/about-us/partner-health-systems | https://www.albanymed.org/patients-visitors/pharmacies/,2026-10-02,"System now operates as Albany Med Health System (adds Glens Falls, Columbia Memorial; Ellis Medicine talks ongoing). Shields job postings in Albany corroborate partnership.",,
HSI00000052,Arnot Health,Elmira,NY,NY,1,True,3,3,206.0,1.0,1.0,nonprofit,100.0,0,2023 (rev. 2025-09),https://www.ahrq.gov/sites/default/files/wysiwyg/chsp/compendium/chsp-compendium-2023-rev.xlsx,AHRQ Compendium 2023 (system file rev. 2025-09); systems as of end-2023,False,328076798.0,HCRIS FY2023 (FY2022 fallback); acute member hospitals; G-3 line 3,1,392300568.0,HCRIS FY2024 (periods beginning 2023-10-01..2024-09-30); acute member CCNs; annualized where needed,1,0,19.6,False,True,False,False,https://data.cms.gov/sites/default/files/2026-09/e85544f7-57ef-477e-9640-313ac0aac400/CostReport_2024_Final.csv,CMS Hospital Provider Cost Report FY2024 (periods beginning 2023-10-01..2024-09-30); file modified 2026-09-29,True,Arnot Health,merged into,Centralus Health (joint parent of Arnot Health and Cayuga Health),https://www.myhometowntoday.com/news/regional-news/elmira-corning/chemung-county/arnot-health-and-cayuga-health-complete-merger/,2025-01-08,Managed or partnered,High,URAC SPP010695 + ACHC 91770 + Arnot Health website/press release (Trellis Rx partnership),Arnot Health Specialty Pharmacy,Arnot Ogden Medical Center (member hospital),"URAC SPP010695 Specialty Pharmacy (eff 2026-07-01, exp 2029-07-01) | ACHC 91770 Specialty Pharmacy Services",Trellis Rx (Comprehensive Pharmacy Services),"https://www.urac.org/directory/accreditation-details/?certification=SPP010695 | https://organization.achc.org/print?legalCompanyName=Arnot%20Ogden%20Medical%20Center&dbaCompanyName=&companyID=91770&full_address=Elmira,%20NY%2014901&physicalAddress=200%20Madison%20Ave%20Suite%201G, | https://www.arnothealth.org/specialty-pharmacy | https://www.arnothealth.org/news/partnering-with-trellis-rx-on-specialty-pharmacy-services","{'https://www.arnothealth.org/specialty-pharmacy': '2026-10-02', 'https://www.arnothealth.org/news/partnering-with-trellis-rx-on-specialty-pharmacy-services': '2021 (date shown not verified)'}","Both accreditations held by Arnot Ogden Medical Center at 200 Madison Ave, same address as the pharmacy. Trellis role (embedded pharmacists, fund/build/operate) is from the press-release search summary and the welcome-booklet URL; booklet PDF was unreadable.",,
HSI00001283,Auburn Community Hospital,Auburn,NY,NY,1,True,1,1,85.0,0.0,1.0,nonprofit,100.0,0,2023 (rev. 2025-09),https://www.ahrq.gov/sites/default/files/wysiwyg/chsp/compendium/chsp-compendium-2023-rev.xlsx,AHRQ Compendium 2023 (system file rev. 2025-09); systems as of end-2023,False,141092496.0,HCRIS FY2023 (FY2022 fallback); acute member hospitals; G-3 line 3,0,175655718.0,HCRIS FY2024 (periods beginning 2023-10-01..2024-09-30); acute member CCNs; annualized where needed,0,0,24.5,False,False,False,False,https://data.cms.gov/sites/default/files/2026-09/e85544f7-57ef-477e-9640-313ac0aac400/CostReport_2024_Final.csv,CMS Hospital Provider Cost Report FY2024 (periods beginning 2023-10-01..2024-09-30); file modified 2026-09-29,True,Auburn Community Hospital,unchanged,,https://www.auburnhospital.org/about-us/,,"Owned, not accredited",Medium,"Hospital pharmacy web page: in-house specialty pharmacy (oncology, rheumatology); accreditation claimed but body not named; no URAC/ACHC candidates",Auburn Community Hospital Pharmacy / Specialty Pharmacy,Auburn Community Hospital,,,https://www.auburnhospital.org/programs-services/pharmacy/,2026-10-02,"Page says the program 'achieved accreditation' without naming URAC/ACHC and no roster match was found, so tier is Owned, not accredited; worth a manual check. Not on Shields list.",,
HSI00000087,Bassett Healthcare Network,Cooperstown,NY,NY,1,True,5,5,279.0,0.0,1.0,nonprofit,81.0,1,2023 (rev. 2025-09),https://www.ahrq.gov/sites/default/files/wysiwyg/chsp/compendium/chsp-compendium-2023-rev.xlsx,AHRQ Compendium 2023 (system file rev. 2025-09); systems as of end-2023,True,710966419.0,HCRIS FY2023 (FY2022 fallback); acute member hospitals; G-3 line 3,0,901064933.0,HCRIS FY2024 (periods beginning 2023-10-01..2024-09-30); acute member CCNs; annualized where needed,0,0,26.7,False,False,True,False,https://data.cms.gov/sites/default/files/2026-09/e85544f7-57ef-477e-9640-313ac0aac400/CostReport_2024_Final.csv,CMS Hospital Provider Cost Report FY2024 (periods beginning 2023-10-01..2024-09-30); file modified 2026-09-29,True,Bassett Healthcare Network,unchanged,,https://www.wbng.com/2026/09/30/bassett-healthcare-network-completes-first-phase-7-million-cancer-institute-expansion/,,"Owned, accredited",Medium,URAC SPP010739 FoxCare Pharmacy plus NPPES primary Specialty Pharmacy (same entity and address),FoxCare Pharmacy,The Mary Imogene Bassett Hospital (member hospital),URAC SPP010739 Specialty Pharmacy,,https://www.urac.org/directory/accreditation-details/?certification=SPP010739 | https://npiregistry.cms.hhs.gov/provider-view/1174419196,2026-10-02,"Second source is NPPES, not a system web page, so Medium. Not on Shields list; no outside manager found.",,
HSI00000140,BronxCare Health System,Bronx,NY,NY,1,True,1,1,454.0,1.0,1.0,nonprofit,100.0,0,2023 (rev. 2025-09),https://www.ahrq.gov/sites/default/files/wysiwyg/chsp/compendium/chsp-compendium-2023-rev.xlsx,AHRQ Compendium 2023 (system file rev. 2025-09); systems as of end-2023,False,871269556.0,HCRIS FY2023 (FY2022 fallback); acute member hospitals; G-3 line 3,0,983263032.0,HCRIS FY2024 (periods beginning 2023-10-01..2024-09-30); acute member CCNs; annualized where needed,0,0,12.9,False,False,False,False,https://data.cms.gov/sites/default/files/2026-09/e85544f7-57ef-477e-9640-313ac0aac400/CostReport_2024_Final.csv,CMS Hospital Provider Cost Report FY2024 (periods beginning 2023-10-01..2024-09-30); file modified 2026-09-29,True,BronxCare Health System,unchanged,,https://www.bronxcare.org/our-services/pharmacy-department/,,Unknown,Low,bronxcare.org unreachable by curl and WebFetch (connection timeout/refused); search snippets of own pharmacy page cite an oncology pharmacy and Paramount Specialty Pharmacy as contract pharmacy of choice,BronxCare Specialty Pharmacy (per Healthgrades) | Paramount Specialty Pharmacy (contract),,,,https://www.bronxcare.org/our-services/pharmacy-department/ | https://www.healthgrades.com/pharmacy/bronxcare-specialty-pharmacy-pa00019972,2026-10-02,Site could not be read; evidence conflicts between a listed BronxCare Specialty Pharmacy and a contracted outside specialty pharmacy. Status unchanged per search; evidence URL is a search-surfaced page.,,
HSI00001288,Brookdale University Hospital And Medical Center,Brooklyn,NY,NY,1,True,1,1,498.0,1.0,1.0,nonprofit,100.0,0,2023 (rev. 2025-09),https://www.ahrq.gov/sites/default/files/wysiwyg/chsp/compendium/chsp-compendium-2023-rev.xlsx,AHRQ Compendium 2023 (system file rev. 2025-09); systems as of end-2023,False,680306497.0,HCRIS FY2023 (FY2022 fallback); acute member hospitals; G-3 line 3,0,739267568.0,HCRIS FY2024 (periods beginning 2023-10-01..2024-09-30); acute member CCNs; annualized where needed,0,0,8.7,False,False,False,False,https://data.cms.gov/sites/default/files/2026-09/e85544f7-57ef-477e-9640-313ac0aac400/CostReport_2024_Final.csv,CMS Hospital Provider Cost Report FY2024 (periods beginning 2023-10-01..2024-09-30); file modified 2026-09-29,True,Brookdale University Hospital and Medical Center (One Brooklyn Health),unchanged,One Brooklyn Health System,https://onebrooklynhealth.org/services/retail-pharmacy-services,,"Owned, not accredited",Low,One Brooklyn Health retail pharmacy page lists on-site Specialty Care Pharmacy and Brookdale RX; no accreditation or outside manager found,Brookdale RX | Specialty Care Pharmacy | Urgent Care RX,One Brooklyn Health System (unverified for Specialty Care Pharmacy),,,https://onebrooklynhealth.org/services/retail-pharmacy-services,2026-10-02,Page names a Specialty Care Pharmacy among on-site pharmacies but gives no description of drugs dispensed or ownership; call is weak. Unchanged since 2023 (part of OBH since 2016/2018).,,
HSI00000186,Catholic Health,Rockville Centre,NY,NY,1,True,6,6,1724.0,1.0,2.0,church-operated,100.0,0,2023 (rev. 2025-09),https://www.ahrq.gov/sites/default/files/wysiwyg/chsp/compendium/chsp-compendium-2023-rev.xlsx,AHRQ Compendium 2023 (system file rev. 2025-09); systems as of end-2023,False,2587604508.0,HCRIS FY2023 (FY2022 fallback); acute member hospitals; G-3 line 3,0,2774021738.0,HCRIS FY2024 (periods beginning 2023-10-01..2024-09-30); acute member CCNs; annualized where needed,0,0,7.2,False,False,False,False,https://data.cms.gov/sites/default/files/2026-09/e85544f7-57ef-477e-9640-313ac0aac400/CostReport_2024_Final.csv,CMS Hospital Provider Cost Report FY2024 (periods beginning 2023-10-01..2024-09-30); file modified 2026-09-29,True,Catholic Health,unchanged,,https://www.catholichealthli.org/about-catholic-health,,"Owned, accredited",Medium,System web page (My CHS Rx claims ACHC and URAC specialty accreditation) + ACHC infusion record for My CHS Rx,My CHS Rx Specialty Pharmacy | Catholic Health Home Infusion Pharmacy,Catholic Health Long Island (My CHS Rx),"ACHC 96711 Infusion Pharmacy Services (My CHS Rx) | URAC Specialty Pharmacy (per system web page, cert not matched) | ACHC Specialty Pharmacy (per system web page, record not matched)",,https://www.catholichealthli.org/services/pharmacy/specialty-pharmacy | https://www.catholichealthli.org/services/home-infusion,2026-10-02,"Hospital list is Long Island (Catholic Health Long Island); the Buffalo URAC/ACHC records belong to a separate system. Accreditation records for My CHS Rx specialty were not in the candidate set, so rated Medium.",,
HSI00001430,Catholic Health Systems,Buffalo,NY,NY,1,True,5,5,1046.0,1.0,2.0,church-operated,100.0,0,2023 (rev. 2025-09),https://www.ahrq.gov/sites/default/files/wysiwyg/chsp/compendium/chsp-compendium-2023-rev.xlsx,AHRQ Compendium 2023 (system file rev. 2025-09); systems as of end-2023,False,1102141213.0,HCRIS FY2023 (FY2022 fallback); acute member hospitals; G-3 line 3,0,1268450667.0,HCRIS FY2024 (periods beginning 2023-10-01..2024-09-30); acute member CCNs; annualized where needed,0,0,15.1,False,False,False,False,https://data.cms.gov/sites/default/files/2026-09/e85544f7-57ef-477e-9640-313ac0aac400/CostReport_2024_Final.csv,CMS Hospital Provider Cost Report FY2024 (periods beginning 2023-10-01..2024-09-30); file modified 2026-09-29,True,"Catholic Health System, Inc. (Catholic Health, Buffalo)",unchanged,,https://buffalonews.com/news/local/business/health-care/article_2be44a3e-a8da-487b-847b-81e0e237898b.html,,Managed or partnered,Medium,Catholic Health web page (Trellis Rx partnership); URAC and ACHC records at Sisters Hospital,Catholic Health Rx at Sisters Hospital | Catholic Health Infusion Pharmacy,"Catholic Health System Infusion Pharmacy, Inc. (system subsidiary)",URAC SPP010563 Specialty Pharmacy | ACHC 84981 Specialty Pharmacy Services | ACHC 96858 Infusion Pharmacy Services | ACHC 40119 Home Infusion Therapy,Trellis Rx,https://www.chsbuffalo.org/blog/ch-launches-specialty-pharmacy/ | https://www.urac.org/directory/accreditation-details/?certification=SPP010563,2021-05-07,"Specialty pharmacy launched 2021 in partnership with Trellis Rx; page is dated and does not state current ownership split, so Medium. Not on Shields list.",,
HSI00000189,Cayuga Medical Center,Ithaca,NY,NY,1,True,2,2,114.0,0.0,1.0,nonprofit,100.0,0,2023 (rev. 2025-09),https://www.ahrq.gov/sites/default/files/wysiwyg/chsp/compendium/chsp-compendium-2023-rev.xlsx,AHRQ Compendium 2023 (system file rev. 2025-09); systems as of end-2023,False,303402454.0,HCRIS FY2023 (FY2022 fallback); acute member hospitals; G-3 line 3,1,402820465.0,HCRIS FY2024 (periods beginning 2023-10-01..2024-09-30); acute member CCNs; annualized where needed,0,0,32.8,False,True,True,False,https://data.cms.gov/sites/default/files/2026-09/e85544f7-57ef-477e-9640-313ac0aac400/CostReport_2024_Final.csv,CMS Hospital Provider Cost Report FY2024 (periods beginning 2023-10-01..2024-09-30); file modified 2026-09-29,True,Cayuga Health (part of Centralus Health),merged into,Centralus Health,https://ithacavoice.org/2025/01/cayuga-and-arnot-health-to-affiliate-under-sprawling-new-health-system/,2025-01,"Owned, accredited",High,"URAC SPP010624 + ACHC 99100 + NPPES, all Cayuga Medical Center at Ithaca, same address",Cayuga Medical Center Outpatient/Specialty Pharmacy | Cayuga Employee Pharmacy,"Cayuga Medical Center at Ithaca, Inc",URAC SPP010624 Specialty Pharmacy | ACHC 99100 Specialty Pharmacy Services,,https://www.urac.org/directory/accreditation-details/?certification=SPP010624 | https://cayugahealth.org/hospital/cayuga-outpatient-pharmacy/ | https://npiregistry.cms.hhs.gov/provider-view/1730596131,2026-10-02,Cayuga merged with Arnot Health into Centralus Health (Jan 2025); pharmacy remains wholly hospital-owned. Not on Shields list.,,
HSI00000236,Columbia Memorial Health,Hudson,NY,NY,1,True,1,1,192.0,0.0,1.0,nonprofit,100.0,0,2023 (rev. 2025-09),https://www.ahrq.gov/sites/default/files/wysiwyg/chsp/compendium/chsp-compendium-2023-rev.xlsx,AHRQ Compendium 2023 (system file rev. 2025-09); systems as of end-2023,False,129707715.0,HCRIS FY2023 (FY2022 fallback); acute member hospitals; G-3 line 3,0,156210885.0,HCRIS FY2024 (periods beginning 2023-10-01..2024-09-30); acute member CCNs; annualized where needed,0,0,20.4,False,False,False,False,https://data.cms.gov/sites/default/files/2026-09/e85544f7-57ef-477e-9640-313ac0aac400/CostReport_2024_Final.csv,CMS Hospital Provider Cost Report FY2024 (periods beginning 2023-10-01..2024-09-30); file modified 2026-09-29,True,Columbia Memorial Health (Albany Med Health System),acquired by,Albany Med Health System,https://www.albanymed.org/hudson/about-columbia-memorial-health/,2016,Managed or partnered,Low,"via Albany Med Health System: parent is on Shields partner list (Albany Medical Center, Albany NY); Albany Med specialty pharmacies URAC/ACHC accredited",Albany Medical Center Specialty Pharmacy | Glens Falls Hospital Specialty Pharmacy,Albany Med Health System,"URAC (Albany Med Health System, valid through 2029-02-01; cert number not seen) | ACHC (Albany Med Health System)",Shields Health Solutions,https://www.albanymed.org/patients-visitors/pharmacies/ | https://shieldshealthsolutions.com/about-us/partner-health-systems,2026-10-02,"Joined Albany Med in 2016 (before the 2023 Compendium); Albany Med pharmacy page lists only Albany and Glens Falls locations, none in Hudson, so service to these hospitals is unconfirmed. Tier follows the Shields rule via the parent.",,HSI00000019;HSI00000401
HSI00001386,Crouse Health System,Syracuse,NY,NY,1,True,1,1,502.0,0.0,1.0,nonprofit,100.0,0,2023 (rev. 2025-09),https://www.ahrq.gov/sites/default/files/wysiwyg/chsp/compendium/chsp-compendium-2023-rev.xlsx,AHRQ Compendium 2023 (system file rev. 2025-09); systems as of end-2023,False,533777689.0,HCRIS FY2023 (FY2022 fallback); acute member hospitals; G-3 line 3,0,556154947.0,HCRIS FY2024 (periods beginning 2023-10-01..2024-09-30); acute member CCNs; annualized where needed,0,0,4.2,False,False,False,False,https://data.cms.gov/sites/default/files/2026-09/e85544f7-57ef-477e-9640-313ac0aac400/CostReport_2024_Final.csv,CMS Hospital Provider Cost Report FY2024 (periods beginning 2023-10-01..2024-09-30); file modified 2026-09-29,True,Crouse Health System,unchanged,,https://www.crouse.org/services/cancer-care/infusion-service/,,None found,Medium,No URAC/ACHC/NPPES candidates; own website pages show only inpatient/employee pharmacy and in-house infusion room,,,,,https://www.crouse.org/services/cancer-care/infusion-service/ | https://www.beckershospitalreview.com/hospital-transactions-and-valuation/crouse-wont-look-for-a-partner-after-failed-merger-attempt/,2026-10-02,SUNY Upstate merger was called off and Crouse remains independent. Only hospital infusion room and employee pharmacy found; not on Shields list.,,
HSI00000339,Ellis Medicine,Schenectady,NY,NY,1,True,2,2,270.0,0.0,1.0,nonprofit,100.0,0,2023 (rev. 2025-09),https://www.ahrq.gov/sites/default/files/wysiwyg/chsp/compendium/chsp-compendium-2023-rev.xlsx,AHRQ Compendium 2023 (system file rev. 2025-09); systems as of end-2023,False,401432172.0,HCRIS FY2023 (FY2022 fallback); acute member hospitals; G-3 line 3,1,435312734.0,HCRIS FY2024 (periods beginning 2023-10-01..2024-09-30); acute member CCNs; annualized where needed,1,0,8.4,False,True,False,False,https://data.cms.gov/sites/default/files/2026-09/e85544f7-57ef-477e-9640-313ac0aac400/CostReport_2024_Final.csv,CMS Hospital Provider Cost Report FY2024 (periods beginning 2023-10-01..2024-09-30); file modified 2026-09-29,True,Ellis Medicine,unchanged,,https://www.spectrumlocalnews.com/nys/hudson-valley/news/2026/10/01/ellis-medicine-president-addresses-merger-talks,,None found,Medium,Own infusion page: no specialty pharmacy; only an Ellis Nott Street retail pharmacy seen in search; no candidates,Ellis Nott Street Pharmacy,,,,https://www.ellismedicine.org/services/infusion-therapy.aspx,2026-10-02,"Independent as of 2026-10-01 with merger/affiliation talks with Albany Med (a Shields partner) at early stage, ended St. Peter's talks in 2024. Retail Nott Street Pharmacy exists but no specialty dispensing found.",,
HSI00000347,Episcopal Health Services,Garden City,NY,NY,1,True,1,1,140.0,1.0,1.0,nonprofit,100.0,0,2023 (rev. 2025-09),https://www.ahrq.gov/sites/default/files/wysiwyg/chsp/compendium/chsp-compendium-2023-rev.xlsx,AHRQ Compendium 2023 (system file rev. 2025-09); systems as of end-2023,False,238874000.0,HCRIS FY2023 (FY2022 fallback); acute member hospitals; G-3 line 3,0,257538498.0,HCRIS FY2024 (periods beginning 2023-10-01..2024-09-30); acute member CCNs; annualized where needed,0,0,7.8,False,False,False,False,https://data.cms.gov/sites/default/files/2026-09/e85544f7-57ef-477e-9640-313ac0aac400/CostReport_2024_Final.csv,CMS Hospital Provider Cost Report FY2024 (periods beginning 2023-10-01..2024-09-30); file modified 2026-09-29,True,Episcopal Health Services,unchanged,,https://ehs.org/services/pharmacy/,,"Owned, accredited",High,ACHC Specialty Pharmacy Services record 86823 plus EHS website stating 'ACHC specialty accredited',St. John's Pharmacy | Episcopal Health Services Pharmacy,Episcopal Health Services Inc.,ACHC 86823 Specialty Pharmacy Services,,"https://ehs.org/services/pharmacy/ | https://organization.achc.org/print?legalCompanyName=Episcopal%20Health%20Services%20Inc.&dbaCompanyName=St.%20John's%20Pharmacy&companyID=86823&full_address=Far%20Rockaway,%20NY%2011691&physicalAddress=327%20Beach%2019th%20Street,%20Lobby,",2026-10-02,Pharmacy is on-site at St. John's Episcopal Hospital; no outside manager named; not on Shields list. Status check showed no change through 2024 data; status URL is current pharmacy page under same name.,,
HSI00000362,Finger Lakes Regional Health System,Geneva,NY,NY,1,True,2,2,142.0,0.0,1.0,nonprofit,100.0,0,2023 (rev. 2025-09),https://www.ahrq.gov/sites/default/files/wysiwyg/chsp/compendium/chsp-compendium-2023-rev.xlsx,AHRQ Compendium 2023 (system file rev. 2025-09); systems as of end-2023,False,145485873.0,HCRIS FY2023 (FY2022 fallback); acute member hospitals; G-3 line 3,0,169559220.0,HCRIS FY2024 (periods beginning 2023-10-01..2024-09-30); acute member CCNs; annualized where needed,0,0,16.5,False,False,False,False,https://data.cms.gov/sites/default/files/2026-09/e85544f7-57ef-477e-9640-313ac0aac400/CostReport_2024_Final.csv,CMS Hospital Provider Cost Report FY2024 (periods beginning 2023-10-01..2024-09-30); file modified 2026-09-29,True,UR Medicine Finger Lakes Health,merged into,University of Rochester Medical Center (UR Medicine),https://www.flhealth.org/patients-visitors/news/2023-news/flh-will-affiliate-with-urmc-august-1,2023-08-01,"Owned, accredited",Medium,"via University of Rochester Medical Center; URMC page states UR Specialty Pharmacy serves UR Medicine patients, URAC accredited to 08/01/2028 (not in candidate file)",UR Specialty Pharmacy,University of Rochester Medical Center,"URAC Specialty Pharmacy (UR Specialty Pharmacy, good through 2028-08-01; ID not verified)",,https://www.urmc.rochester.edu/locations/ur-specialty-pharmacy | https://www.flhealth.org/locations/hospitals,2026-10-02,Hospitals are now UR Medicine members; no FLH-local specialty pharmacy found. Not on Shields list; URMC specialty pharmacy serving these hospitals is inferred from UR Medicine-wide wording and single-source.,,HSI00001179
HSI00000423,Garnet Health,Middletown,NY,NY,1,True,3,3,420.0,0.0,1.0,nonprofit,100.0,0,2023 (rev. 2025-09),https://www.ahrq.gov/sites/default/files/wysiwyg/chsp/compendium/chsp-compendium-2023-rev.xlsx,AHRQ Compendium 2023 (system file rev. 2025-09); systems as of end-2023,False,653970977.0,HCRIS FY2023 (FY2022 fallback); acute member hospitals; G-3 line 3,0,730218016.0,HCRIS FY2024 (periods beginning 2023-10-01..2024-09-30); acute member CCNs; annualized where needed,0,0,11.7,False,False,False,False,https://data.cms.gov/sites/default/files/2026-09/e85544f7-57ef-477e-9640-313ac0aac400/CostReport_2024_Final.csv,CMS Hospital Provider Cost Report FY2024 (periods beginning 2023-10-01..2024-09-30); file modified 2026-09-29,True,Garnet Health,unchanged,,https://midhudsonnews.com/2026/05/24/garnet-montefiore-affiliation-advances-amid-concerns-over-hudson-valley-healthcare-access/,,None found,Low,"Garnet website search (hospital pharmacy, infusion centers, 340B); no candidates",,,,,https://www.garnethealth.org/news/garnet-health-join-montefiore-health-system | https://www.garnethealth.org/services/cancer-care/cancer-treatment/infusion-therapy,2025-10-15,"Only a hospital pharmacy and clinic infusion centers found; affiliation with Montefiore (a Shields partner) signed but not yet closed pending regulatory approval, so re-check if it completes.",,
HSI00000401,Glens Falls Hospital,Glens Falls,NY,NY,1,True,1,1,391.0,0.0,1.0,nonprofit,100.0,0,2023 (rev. 2025-09),https://www.ahrq.gov/sites/default/files/wysiwyg/chsp/compendium/chsp-compendium-2023-rev.xlsx,AHRQ Compendium 2023 (system file rev. 2025-09); systems as of end-2023,False,363748525.0,HCRIS FY2023 (FY2022 fallback); acute member hospitals; G-3 line 3,0,424301463.0,HCRIS FY2024 (periods beginning 2023-10-01..2024-09-30); acute member CCNs; annualized where needed,0,0,16.6,False,False,False,False,https://data.cms.gov/sites/default/files/2026-09/e85544f7-57ef-477e-9640-313ac0aac400/CostReport_2024_Final.csv,CMS Hospital Provider Cost Report FY2024 (periods beginning 2023-10-01..2024-09-30); file modified 2026-09-29,True,Glens Falls Hospital (Albany Med Health System),merged into,Albany Med Health System,https://www.albanymed.org/glensfalls/about-glens-falls-hospital/,2020-02,Managed or partnered,High,"URAC SPP010602 + ACHC 87330 + Albany Med pharmacies page (URAC through 2029-02-01, ACHC Gold Seal); no outside manager found",Glens Falls Hospital Specialty Pharmacy,Glens Falls Hospital (parent Albany Med Health System),URAC SPP010602 Specialty Pharmacy | ACHC 87330 Specialty Pharmacy Services,Shields Health Solutions,https://www.urac.org/directory/accreditation-details/?certification=SPP010602 | https://www.albanymed.org/patients-visitors/pharmacies/ | https://shieldshealthsolutions.com/about-us/partner-health-systems,2026-10-02,"Affiliation with Albany Med was effective 2020, rebranded 2024. Albany Medical Center is on the Shields list but no Shields link to the Glens Falls pharmacy was found; reviewer should decide.","on Shields partner list: Owned, accredited -> Managed or partnered",HSI00000019;HSI00000236
HSI00000515,Interfaith Medical Center,Brooklyn,NY,NY,1,True,1,1,,,1.0,nonprofit,,0,2023 (rev. 2025-09),https://www.ahrq.gov/sites/default/files/wysiwyg/chsp/compendium/chsp-compendium-2023-rev.xlsx,AHRQ Compendium 2023 (system file rev. 2025-09); systems as of end-2023,False,,HCRIS FY2023 (FY2022 fallback); acute member hospitals; G-3 line 3,1,,HCRIS FY2024 (periods beginning 2023-10-01..2024-09-30); acute member CCNs; annualized where needed,1,0,,True,True,False,False,https://data.cms.gov/sites/default/files/2026-09/e85544f7-57ef-477e-9640-313ac0aac400/CostReport_2024_Final.csv,CMS Hospital Provider Cost Report FY2024 (periods beginning 2023-10-01..2024-09-30); file modified 2026-09-29,True,Interfaith Medical Center (One Brooklyn Health),merged into,One Brooklyn Health System,https://onebrooklynhealth.org/health-care-professionals/pharmacy-residency-program,,None found,Low,"via One Brooklyn Health; no candidates, own-site pages show retail/hospital pharmacy only; not on Shields list",Brookdale RX | Urgent Care RX,One Brooklyn Health System,,,https://onebrooklynhealth.org/health-care-professionals/pharmacy-residency-program,2026-10-02,Interfaith is one of three One Brooklyn Health member hospitals; the combination predates 2023 so the status label is approximate. Only retail and 340B community-pharmacy arrangements were found.,,HSI00001288
HSI00000537,Kaleida Health,Buffalo,NY,NY;PA,2,True,4,4,1176.0,0.0,1.0,nonprofit,100.0,0,2023 (rev. 2025-09),https://www.ahrq.gov/sites/default/files/wysiwyg/chsp/compendium/chsp-compendium-2023-rev.xlsx,AHRQ Compendium 2023 (system file rev. 2025-09); systems as of end-2023,False,1710307175.0,HCRIS FY2023 (FY2022 fallback); acute member hospitals; G-3 line 3,1,1941983576.0,HCRIS FY2024 (periods beginning 2023-10-01..2024-09-30); acute member CCNs; annualized where needed,1,0,13.5,False,True,False,False,https://data.cms.gov/sites/default/files/2026-09/e85544f7-57ef-477e-9640-313ac0aac400/CostReport_2024_Final.csv,CMS Hospital Provider Cost Report FY2024 (periods beginning 2023-10-01..2024-09-30); file modified 2026-09-29,True,Kaleida Health,unchanged,,https://hallrender.com/2026/09/25/health-provider-news-171,,"Owned, accredited",High,URAC SPP010603 + ACHC 97210 + Buffalo News March 2026 dual-accreditation story,Kaleida Health Specialty Pharmacy | Kaleida Health Outpatient Pharmacy,Kaleida Health,URAC SPP010603 Specialty Pharmacy | ACHC 97210 Specialty Pharmacy Services (Distinction in Oncology),,https://buffalonews.com/news/community/article_81259f9e-1617-529e-96e1-9247f706b754.html | https://www.urac.org/directory/accreditation-details/?certification=SPP010603,2026-03,State-ordered Kaleida-ECMC combination is in progress and Bradford (PA) campus is slated to close by Dec 1 2026; neither completed as of today. Not on Shields list.,,
HSI00000642,Medisys Health Network,Jamaica,NY,NY,1,True,2,2,528.0,1.0,1.0,nonprofit,100.0,0,2023 (rev. 2025-09),https://www.ahrq.gov/sites/default/files/wysiwyg/chsp/compendium/chsp-compendium-2023-rev.xlsx,AHRQ Compendium 2023 (system file rev. 2025-09); systems as of end-2023,False,1027920756.0,HCRIS FY2023 (FY2022 fallback); acute member hospitals; G-3 line 3,0,1086333488.0,HCRIS FY2024 (periods beginning 2023-10-01..2024-09-30); acute member CCNs; annualized where needed,0,0,5.7,False,False,False,False,https://data.cms.gov/sites/default/files/2026-09/e85544f7-57ef-477e-9640-313ac0aac400/CostReport_2024_Final.csv,CMS Hospital Provider Cost Report FY2024 (periods beginning 2023-10-01..2024-09-30); file modified 2026-09-29,True,MediSys Health Network,unchanged,,https://medisyshealth.org/,,None found,Low,No candidates; own site shows only retail Jamaica Rx and inpatient/ambulatory pharmacy,,,,,https://medisyshealth.org/newsletter/extended-hours-and-expanded-services-for-jamaica-rx/ | https://jamaicahospital.org/,2014-11-03,"Only a 2014 Jamaica Rx retail pharmacy article was read, so absence is thinly supported. The Flushing specialty pharmacy found in search belongs to NewYork-Presbyterian Queens, a different system.",,
HSI00000697,Mohawk Valley Health System,Utica,NY,NY,1,True,1,1,346.0,0.0,1.0,nonprofit,100.0,0,2023 (rev. 2025-09),https://www.ahrq.gov/sites/default/files/wysiwyg/chsp/compendium/chsp-compendium-2023-rev.xlsx,AHRQ Compendium 2023 (system file rev. 2025-09); systems as of end-2023,False,413478743.0,HCRIS FY2023 (FY2022 fallback); acute member hospitals; G-3 line 3,0,620428859.0,HCRIS FY2024 (periods beginning 2023-10-01..2024-09-30); acute member CCNs; annualized where needed,0,0,50.1,False,False,True,False,https://data.cms.gov/sites/default/files/2026-09/e85544f7-57ef-477e-9640-313ac0aac400/CostReport_2024_Final.csv,CMS Hospital Provider Cost Report FY2024 (periods beginning 2023-10-01..2024-09-30); file modified 2026-09-29,True,Mohawk Valley Health System,unchanged,,https://www.mvhealthsystem.org/about/,,Managed or partnered,Medium,MVHS press release 2022-11-10: Trellis Rx (CPS) manages specialty pharmacy,MVHS Specialty Pharmacy,Mohawk Valley Health System,,Trellis Rx (CPS Solutions),https://www.mvhealthsystem.org/press/mohawk-valley-health-system-launches-integrated-specialty-pharmacy-and-disease-management-services-for-patients-with-chronic-and-complex-conditions/ | https://www.mvhealthsystem.org/specialty-pharmacy/,2022-11-10,A search snippet calls the pharmacy dually accredited but no URAC/ACHC record found or confirmed. St. Luke's and St. Elizabeth closed/consolidated into Wynn Hospital in 2023.,,
HSI00000700,Montefiore Medical Center,Bronx,NY,NY,1,True,8,7,2370.0,1.0,1.0,nonprofit,100.0,0,2023 (rev. 2025-09),https://www.ahrq.gov/sites/default/files/wysiwyg/chsp/compendium/chsp-compendium-2023-rev.xlsx,AHRQ Compendium 2023 (system file rev. 2025-09); systems as of end-2023,False,5475947995.0,HCRIS FY2023 (FY2022 fallback); acute member hospitals; G-3 line 3,1,6528364932.0,HCRIS FY2024 (periods beginning 2023-10-01..2024-09-30); acute member CCNs; annualized where needed,1,0,19.2,False,True,False,True,https://data.cms.gov/sites/default/files/2026-09/e85544f7-57ef-477e-9640-313ac0aac400/CostReport_2024_Final.csv,CMS Hospital Provider Cost Report FY2024 (periods beginning 2023-10-01..2024-09-30); file modified 2026-09-29,True,Montefiore Einstein,renamed,,https://montefioreeinstein.org/patient-care/about,,Managed or partnered,High,"Shields partner list (Montefiore Health, Bronx); URAC SPP010065 and ACHC records",Montefiore Specialty Pharmacy | Montefiore Community Pharmacy @ Moses,Montefiore Medical Center,URAC SPP010065 Specialty Pharmacy | ACHC 78552 Specialty Pharmacy Services | ACHC 93420 Specialty Pharmacy Services,Shields Health Solutions,https://shieldshealthsolutions.com/about-us/partner-health-systems | https://www.urac.org/directory/accreditation-details/?certification=SPP010065 | https://montefioreeinsteinnow.org/update/2024-may-13/advanced-pharmacy-opens-in-westchester,2026-10-02,Tier set by Shields-list rule; pharmacy is hospital-owned and accredited. NPPES specialty taxonomy is secondary on both records.,,
HSI00000711,Mount Sinai Health System,New York,NY,NY,1,True,5,4,2429.0,1.0,1.0,nonprofit,100.0,0,2023 (rev. 2025-09),https://www.ahrq.gov/sites/default/files/wysiwyg/chsp/compendium/chsp-compendium-2023-rev.xlsx,AHRQ Compendium 2023 (system file rev. 2025-09); systems as of end-2023,False,8458357995.0,HCRIS FY2023 (FY2022 fallback); acute member hospitals; G-3 line 3,0,6502514783.0,HCRIS FY2024 (periods beginning 2023-10-01..2024-09-30); acute member CCNs; annualized where needed,0,0,-23.1,False,False,False,True,https://data.cms.gov/sites/default/files/2026-09/e85544f7-57ef-477e-9640-313ac0aac400/CostReport_2024_Final.csv,CMS Hospital Provider Cost Report FY2024 (periods beginning 2023-10-01..2024-09-30); file modified 2026-09-29,True,Mount Sinai Health System,partly closed,,https://en.wikipedia.org/wiki/Mount_Sinai_Beth_Israel,2025-04,Managed or partnered,High,Shields partner list (rule) plus URAC SPP010588 and ACHC records,Mount Sinai Pharmacy - Specialty | Mount Sinai Specialty Pharmacy | Mount Sinai Pharmacy - Mount Sinai West | Mount Sinai Pharmacy - Chelsea | Mount Sinai Home Infusion,The Mount Sinai Hospital; St. Luke's Roosevelt Hospital Center,URAC SPP010588 Specialty Pharmacy | ACHC 83291 Specialty Pharmacy Services | ACHC 83292 Specialty Pharmacy Services | ACHC 98580 Specialty Pharmacy Services | ACHC 87317 Infusion Pharmacy Services,Shields Health Solutions,https://shieldshealthsolutions.com/about-us/partner-health-systems | https://www.urac.org/directory/accreditation-details/?certification=SPP010588 | https://icahn.mssm.edu/about/departments/pharmacy,2026-10-02,Owned accredited pharmacies exist but Shields listing takes precedence. South Nassau (Mount Sinai South Nassau) is a member hospital; its pharmacy not separately assessed.,,
HSI00000717,NYU Langone Health,New York,NY,NY,1,True,5,4,1780.0,0.0,1.0,nonprofit,100.0,0,2023 (rev. 2025-09),https://www.ahrq.gov/sites/default/files/wysiwyg/chsp/compendium/chsp-compendium-2023-rev.xlsx,AHRQ Compendium 2023 (system file rev. 2025-09); systems as of end-2023,False,7505770169.0,HCRIS FY2023 (FY2022 fallback); acute member hospitals; G-3 line 3,2,,HCRIS FY2024 (periods beginning 2023-10-01..2024-09-30); acute member CCNs; annualized where needed,4,0,,False,True,False,False,https://data.cms.gov/sites/default/files/2026-09/e85544f7-57ef-477e-9640-313ac0aac400/CostReport_2024_Final.csv,CMS Hospital Provider Cost Report FY2024 (periods beginning 2023-10-01..2024-09-30); file modified 2026-09-29,True,NYU Langone Health,unchanged,,https://nyulangone.org/our-story,,Managed or partnered,High,Shields partner list (NYU Langone Health); URAC SPP010119 and ACHC 73737,NYU Langone Specialty Pharmacy,NYU Langone Hospitals,URAC SPP010119 Specialty Pharmacy | ACHC 73737 Specialty Pharmacy Services,Shields Health Solutions,https://shieldshealthsolutions.com/about-us/partner-health-systems | https://nyulangone.org/locations/nyu-langone-specialty-pharmacy-at-industry-city | https://www.urac.org/directory/accreditation-details/?certification=SPP010119,2026-10-02,Long Island Community Hospital was fully acquired in 2025 and is now NYU Langone Hospital - Suffolk; same system.,,
HSI00000731,New York Presbyterian Healthcare System,New York,NY,NY,1,True,8,7,3454.0,1.0,1.0,nonprofit,100.0,0,2023 (rev. 2025-09),https://www.ahrq.gov/sites/default/files/wysiwyg/chsp/compendium/chsp-compendium-2023-rev.xlsx,AHRQ Compendium 2023 (system file rev. 2025-09); systems as of end-2023,False,10592554644.0,HCRIS FY2023 (FY2022 fallback); acute member hospitals; G-3 line 3,4,11453397826.0,HCRIS FY2024 (periods beginning 2023-10-01..2024-09-30); acute member CCNs; annualized where needed,4,0,8.1,False,True,False,False,https://data.cms.gov/sites/default/files/2026-09/e85544f7-57ef-477e-9640-313ac0aac400/CostReport_2024_Final.csv,CMS Hospital Provider Cost Report FY2024 (periods beginning 2023-10-01..2024-09-30); file modified 2026-09-29,True,NewYork-Presbyterian,unchanged,,https://www.nyp.org/about,,Managed or partnered,High,Shields partner list (New York-Presbyterian Healthcare); URAC/ACHC accreditation recorded,NewYork-Presbyterian Specialty Pharmacy | NewYork-Presbyterian Pharmacy (White Plains) | NewYork-Presbyterian/Queens specialty pharmacy,The New York and Presbyterian Hospital; NewYork-Presbyterian/Queens (member hospital),URAC SPP010506 Specialty Pharmacy | ACHC 76305 Specialty Pharmacy Services | ACHC 96629 Specialty Pharmacy Services,Shields Health Solutions,https://www.nyp.org/specialty-pharmacy-program | https://www.urac.org/directory/accreditation-details/?certification=SPP010506 | https://shieldshealthsolutions.com/about-us/partner-health-systems,2026-10-02,NPPES hits list specialty only as non-primary taxonomy; accreditation records carry the call.,,
HSI00000737,Niagara Falls Memorial Medical Center,Niagara Falls,NY,NY,1,True,1,1,133.0,1.0,1.0,nonprofit,100.0,0,2023 (rev. 2025-09),https://www.ahrq.gov/sites/default/files/wysiwyg/chsp/compendium/chsp-compendium-2023-rev.xlsx,AHRQ Compendium 2023 (system file rev. 2025-09); systems as of end-2023,False,90885078.0,HCRIS FY2023 (FY2022 fallback); acute member hospitals; G-3 line 3,0,97517747.0,HCRIS FY2024 (periods beginning 2023-10-01..2024-09-30); acute member CCNs; annualized where needed,0,0,7.3,False,False,False,False,https://data.cms.gov/sites/default/files/2026-09/e85544f7-57ef-477e-9640-313ac0aac400/CostReport_2024_Final.csv,CMS Hospital Provider Cost Report FY2024 (periods beginning 2023-10-01..2024-09-30); file modified 2026-09-29,True,Niagara Falls Memorial Medical Center,unchanged,,https://www.nfmmc.org/pharmacy,,Managed or partnered,Low,NPPES specialty taxonomy (non-primary) plus nfmmc.org page showing Parkview Health Services partnership,Parkview Rx Niagara Falls,"PHS NFM, LLC (Parkview Health Services)",,Parkview Health Services,https://www.nfmmc.org/pharmacy | https://npiregistry.cms.hhs.gov/provider-view/1750968236,2026-10-02,"Referral-based outpatient pharmacy in the hospital run in partnership with Parkview Health Services (primary taxonomy long-term care pharmacy); specialty dispensing not confirmed on the site, so Low.",,
HSI00000767,Northwell Health,New Hyde Park,NY,NY,1,True,19,18,5412.0,1.0,1.0,nonprofit,94.0,1,2023 (rev. 2025-09),https://www.ahrq.gov/sites/default/files/wysiwyg/chsp/compendium/chsp-compendium-2023-rev.xlsx,AHRQ Compendium 2023 (system file rev. 2025-09); systems as of end-2023,True,13534973554.0,HCRIS FY2023 (FY2022 fallback); acute member hospitals; G-3 line 3,2,16008905901.0,HCRIS FY2024 (periods beginning 2023-10-01..2024-09-30); acute member CCNs; annualized where needed,2,0,18.3,False,True,False,True,https://data.cms.gov/sites/default/files/2026-09/e85544f7-57ef-477e-9640-313ac0aac400/CostReport_2024_Final.csv,CMS Hospital Provider Cost Report FY2024 (periods beginning 2023-10-01..2024-09-30); file modified 2026-09-29,True,Northwell Health,unchanged,,https://www.northwell.edu/about-northwell,,Managed or partnered,High,"Shields partner list (Northwell Health, New Hyde Park NY and Danbury CT); URAC/ACHC records for Vivo Health Pharmacy","Vivo Health Pharmacy (Manhasset, Lenox Hill, Staten Island, LIJ, South Shore, Zucker Hillside)","Member hospitals (North Shore University Hospital, Lenox Hill Hospital, Staten Island University Hospital)",URAC SPP010583 Specialty Pharmacy | ACHC 87811 Specialty Pharmacy Services | ACHC 87812 Specialty Pharmacy Services,Shields Health Solutions,https://shieldshealthsolutions.com/about-us/partner-health-systems | https://www.northwell.edu/find-care/services-we-offer/vivohealth | https://www.urac.org/directory/accreditation-details/?certification=SPP010583,2026-10-02,Shields partner list rule applied; Vivo Health is Northwell's own accredited specialty pharmacy. Vivo Health PBM is a separate entity.,,
HSI00000792,Oneida Health,Oneida,NY,NY,1,True,1,1,101.0,0.0,1.0,nonprofit,100.0,0,2023 (rev. 2025-09),https://www.ahrq.gov/sites/default/files/wysiwyg/chsp/compendium/chsp-compendium-2023-rev.xlsx,AHRQ Compendium 2023 (system file rev. 2025-09); systems as of end-2023,False,137917603.0,HCRIS FY2023 (FY2022 fallback); acute member hospitals; G-3 line 3,0,151703011.0,HCRIS FY2024 (periods beginning 2023-10-01..2024-09-30); acute member CCNs; annualized where needed,0,0,10.0,False,False,False,False,https://data.cms.gov/sites/default/files/2026-09/e85544f7-57ef-477e-9640-313ac0aac400/CostReport_2024_Final.csv,CMS Hospital Provider Cost Report FY2024 (periods beginning 2023-10-01..2024-09-30); file modified 2026-09-29,True,Oneida Health,unchanged,,https://www.oneidahealth.org/our-organization/,,None found,Low,"No candidates; own site care-services and infusion center pages show hospital outpatient infusion center (with Roswell Park), no pharmacy",,Oneida Health,,,https://www.oneidahealth.org/care-services/ | https://www.oneidahealth.org/infusion-center/,2026-10-02,"Infusion center is a clinical service, not a pharmacy; no pharmacy page found on own site.",,
HSI00000798,Oswego Health,Oswego,NY,NY,1,True,1,1,132.0,0.0,1.0,nonprofit,100.0,0,2023 (rev. 2025-09),https://www.ahrq.gov/sites/default/files/wysiwyg/chsp/compendium/chsp-compendium-2023-rev.xlsx,AHRQ Compendium 2023 (system file rev. 2025-09); systems as of end-2023,False,144085310.0,HCRIS FY2023 (FY2022 fallback); acute member hospitals; G-3 line 3,0,141749555.0,HCRIS FY2024 (periods beginning 2023-10-01..2024-09-30); acute member CCNs; annualized where needed,0,0,-1.6,False,False,False,False,https://data.cms.gov/sites/default/files/2026-09/e85544f7-57ef-477e-9640-313ac0aac400/CostReport_2024_Final.csv,CMS Hospital Provider Cost Report FY2024 (periods beginning 2023-10-01..2024-09-30); file modified 2026-09-29,True,Oswego Health,unchanged,,https://www.oswegohealth.org/,,None found,Medium,"Own site fetched via curl: only an inpatient/institutional Oswego Hospital Pharmacy (serves hospital, urgent cares, SNF); no retail or specialty pharmacy; not on Shields list",Oswego Hospital Pharmacy,Oswego Health,,,https://www.oswegohealth.org/news/releases/oswego-health-promotes-sarah-driscoll-to-director-of-pharmacy/,2023-10-23,Latest news (Aug 2026) shows independent operation. Pharmacy release dated 2023-10-23.,,
HSI00000879,Richmond University Medical Center,Staten Island,NY,NY,1,True,1,1,209.0,1.0,1.0,nonprofit,100.0,0,2023 (rev. 2025-09),https://www.ahrq.gov/sites/default/files/wysiwyg/chsp/compendium/chsp-compendium-2023-rev.xlsx,AHRQ Compendium 2023 (system file rev. 2025-09); systems as of end-2023,False,380053310.0,HCRIS FY2023 (FY2022 fallback); acute member hospitals; G-3 line 3,0,411808707.0,HCRIS FY2024 (periods beginning 2023-10-01..2024-09-30); acute member CCNs; annualized where needed,0,0,8.4,False,False,False,False,https://data.cms.gov/sites/default/files/2026-09/e85544f7-57ef-477e-9640-313ac0aac400/CostReport_2024_Final.csv,CMS Hospital Provider Cost Report FY2024 (periods beginning 2023-10-01..2024-09-30); file modified 2026-09-29,True,Richmond University Medical Center,unchanged,,https://ny1.com/nyc/staten-island/news/2026/08/05/new-president-of-rumc-says-conversations-about-merger-are-in-progress,,None found,Low,Own-site pages show ambulatory infusion center and a pharmacy link only; NPPES candidate is an independent pharmacy,,,,,https://rumcsi.org/services/ambulatory-infusion-center/ | http://www.richmondspecialty.com/about-us.html,2026-08-05,"Merger talks reported Aug 2026, nothing completed. Specialty pharmacy tenant in lobby is independent; ownership structure not verified beyond its own site.",,
HSI00000882,Riverside Health Care System,Yonkers,NY,NY,1,True,2,2,319.0,1.0,1.0,nonprofit,100.0,0,2023 (rev. 2025-09),https://www.ahrq.gov/sites/default/files/wysiwyg/chsp/compendium/chsp-compendium-2023-rev.xlsx,AHRQ Compendium 2023 (system file rev. 2025-09); systems as of end-2023,False,268083536.0,HCRIS FY2023 (FY2022 fallback); acute member hospitals; G-3 line 3,1,255629636.0,HCRIS FY2024 (periods beginning 2023-10-01..2024-09-30); acute member CCNs; annualized where needed,1,0,-4.6,False,True,False,False,https://data.cms.gov/sites/default/files/2026-09/e85544f7-57ef-477e-9640-313ac0aac400/CostReport_2024_Final.csv,CMS Hospital Provider Cost Report FY2024 (periods beginning 2023-10-01..2024-09-30); file modified 2026-09-29,True,St. John's Riverside Hospital,unchanged,,https://www.crainsnewyork.com/health-care/cny-montefiore-st-johns-riverside-20260924/,,None found,Low,Own site (riversidehealth.org via curl) and site search show no pharmacy or infusion services; Montefiore deal approved Sept 2026 but not closed,,,,,https://riversidehealth.org/,2026-10-02,NY approved the Montefiore takeover in late Sept 2026 but it had not closed as of 2026-10-02; once closed the tier should follow Montefiore (Shields partner). Marked unchanged until closing.,,
HSI00000889,Rochester Regional Health System,Rochester,NY,NY,1,True,6,6,1057.0,1.0,1.0,nonprofit,73.2,1,2023 (rev. 2025-09),https://www.ahrq.gov/sites/default/files/wysiwyg/chsp/compendium/chsp-compendium-2023-rev.xlsx,AHRQ Compendium 2023 (system file rev. 2025-09); systems as of end-2023,True,2158219376.0,HCRIS FY2023 (FY2022 fallback); acute member hospitals; G-3 line 3,0,2405298606.0,HCRIS FY2024 (periods beginning 2023-10-01..2024-09-30); acute member CCNs; annualized where needed,0,0,11.4,False,False,False,False,https://data.cms.gov/sites/default/files/2026-09/e85544f7-57ef-477e-9640-313ac0aac400/CostReport_2024_Final.csv,CMS Hospital Provider Cost Report FY2024 (periods beginning 2023-10-01..2024-09-30); file modified 2026-09-29,True,Rochester Regional Health,unchanged,,https://en.wikipedia.org/wiki/Rochester_Regional_Health,,"Owned, accredited",High,URAC SPP010280 + ACHC 80073 + RRH Wilson specialty pharmacy web page,"Wilson Pharmacy / Rochester Regional Health Specialty Pharmacy | Rochester Regional Health Home Infusion Pharmacy, LLC",Rochester General Hospital (member hospital); infusion pharmacy is a system LLC,URAC SPP010280 Specialty Pharmacy | ACHC 80073 Specialty Pharmacy Services | ACHC 45287 Infusion Pharmacy Services,,https://www.urac.org/directory/accreditation-details/?certification=SPP010280 | https://www.rochesterregional.org/locations/rochester-general-hospital/wilson/specialty-pharmacy,2026-10-02,Not on Shields list; no outside manager found. NPI 1255847489 has retail primary taxonomy but matches the confirmed Wilson Pharmacy.,,
HSI00000910,SBH Health System,Bronx,NY,NY,1,True,1,1,283.0,1.0,1.0,nonprofit,100.0,0,2023 (rev. 2025-09),https://www.ahrq.gov/sites/default/files/wysiwyg/chsp/compendium/chsp-compendium-2023-rev.xlsx,AHRQ Compendium 2023 (system file rev. 2025-09); systems as of end-2023,False,470220492.0,HCRIS FY2023 (FY2022 fallback); acute member hospitals; G-3 line 3,0,495005468.0,HCRIS FY2024 (periods beginning 2023-10-01..2024-09-30); acute member CCNs; annualized where needed,0,0,5.3,False,False,False,False,https://data.cms.gov/sites/default/files/2026-09/e85544f7-57ef-477e-9640-313ac0aac400/CostReport_2024_Final.csv,CMS Hospital Provider Cost Report FY2024 (periods beginning 2023-10-01..2024-09-30); file modified 2026-09-29,True,SBH Health System,unchanged,,https://www.sbhny.org/about-sbh/,,"Owned, not accredited",Medium,SBH pharmacy web page describes St. Barnabas Hospital Specialty Pharmacy; no URAC/ACHC record found,St. Barnabas Hospital Specialty Pharmacy,SBH Health System / St. Barnabas Hospital (inferred from hospital branding and NPPES name),,,https://www.sbhny.org/our-services/pharmacy/,2026-10-02,"Page does not name an operator, manager or accreditation; ownership is inferred from hospital branding. Operating independent of a merger; Jan 2025 Hochul funding and Cityblock/Union Community Health Center partnership are behavioral-health related.",,
HSI00000925,Saint Joseph Medical Center,Yonkers,NY,NY,1,True,1,1,122.0,1.0,1.0,nonprofit,100.0,0,2023 (rev. 2025-09),https://www.ahrq.gov/sites/default/files/wysiwyg/chsp/compendium/chsp-compendium-2023-rev.xlsx,AHRQ Compendium 2023 (system file rev. 2025-09); systems as of end-2023,False,229132098.0,HCRIS FY2023 (FY2022 fallback); acute member hospitals; G-3 line 3,0,263159534.0,HCRIS FY2024 (periods beginning 2023-10-01..2024-09-30); acute member CCNs; annualized where needed,0,0,14.9,False,False,False,False,https://data.cms.gov/sites/default/files/2026-09/e85544f7-57ef-477e-9640-313ac0aac400/CostReport_2024_Final.csv,CMS Hospital Provider Cost Report FY2024 (periods beginning 2023-10-01..2024-09-30); file modified 2026-09-29,True,Saint Joseph's Medical Center,unchanged,,https://saintjosephs.org/,,None found,Low,No candidates; own site pages show no pharmacy services,,,,,https://saintjosephs.org/locations/medical-practices-pc/,2026-10-02,Sponsored by Sisters of Charity Ministry Network; site shows no pharmacy pages. Search hits for stjosephshealth.org are a different (NJ) system.,,
HSI00000930,Saint Lawrence Health System,Potsdam,NY,NY,1,True,3,3,144.0,0.0,1.0,nonprofit,100.0,0,2023 (rev. 2025-09),https://www.ahrq.gov/sites/default/files/wysiwyg/chsp/compendium/chsp-compendium-2023-rev.xlsx,AHRQ Compendium 2023 (system file rev. 2025-09); systems as of end-2023,False,327757679.0,HCRIS FY2023 (FY2022 fallback); acute member hospitals; G-3 line 3,0,317790352.0,HCRIS FY2024 (periods beginning 2023-10-01..2024-09-30); acute member CCNs; annualized where needed,1,0,-3.0,False,True,False,False,https://data.cms.gov/sites/default/files/2026-09/e85544f7-57ef-477e-9640-313ac0aac400/CostReport_2024_Final.csv,CMS Hospital Provider Cost Report FY2024 (periods beginning 2023-10-01..2024-09-30); file modified 2026-09-29,True,St. Lawrence Health (Rochester Regional Health),acquired by,Rochester Regional Health,https://en.wikipedia.org/wiki/St._Lawrence_Health_System,2021-01,"Owned, accredited",High,via Rochester Regional Health: its Specialty Pharmacy page shows URAC and ACHC accreditation; no outside manager,Rochester Regional Health Specialty Pharmacy,Rochester Regional Health,URAC Specialty Pharmacy (exp 08/01/2027) | ACHC Specialty Pharmacy Services,,https://www.rochesterregional.org/locations/pharmacy/specialty-pharmacy,2026-10-02,"Acquisition by Rochester Regional occurred in 2021, before the 2023 compendium; the acquirer's pharmacy is assumed to serve these North Country hospitals, which the page did not explicitly confirm (pharmacy is in Rochester).",,HSI00000889;HSI00001179
HSI00001381,Saint Marys Healthcare,Amsterdam,NY,NY,1,True,2,1,100.0,0.0,1.0,nonprofit,100.0,0,2023 (rev. 2025-09),https://www.ahrq.gov/sites/default/files/wysiwyg/chsp/compendium/chsp-compendium-2023-rev.xlsx,AHRQ Compendium 2023 (system file rev. 2025-09); systems as of end-2023,False,151769773.0,HCRIS FY2023 (FY2022 fallback); acute member hospitals; G-3 line 3,0,173774438.0,HCRIS FY2024 (periods beginning 2023-10-01..2024-09-30); acute member CCNs; annualized where needed,0,0,14.5,False,False,False,False,https://data.cms.gov/sites/default/files/2026-09/e85544f7-57ef-477e-9640-313ac0aac400/CostReport_2024_Final.csv,CMS Hospital Provider Cost Report FY2024 (periods beginning 2023-10-01..2024-09-30); file modified 2026-09-29,True,St. Mary's Healthcare,unchanged,,https://www.smha.org/aboutus/,,None found,Low,"No candidates; own website shows community pharmacy and infusion center only, no specialty pharmacy",St. Mary's Community Pharmacy,St. Mary's Healthcare,,,https://www.smha.org/services/pharmacy/ | https://www.smha.org/services/infusion-therapies/,2026-10-02,Independent; has an outpatient community pharmacy and hospital infusion center but no specialty or infusion pharmacy program found. Joined Nathan Littauer in a physician PC in 2025 (not a merger).,,
HSI00000952,Samaritan Health,Watertown,NY,NY,1,True,2,2,185.0,0.0,1.0,nonprofit,100.0,0,2023 (rev. 2025-09),https://www.ahrq.gov/sites/default/files/wysiwyg/chsp/compendium/chsp-compendium-2023-rev.xlsx,AHRQ Compendium 2023 (system file rev. 2025-09); systems as of end-2023,False,323381706.0,HCRIS FY2023 (FY2022 fallback); acute member hospitals; G-3 line 3,0,349445856.0,HCRIS FY2024 (periods beginning 2023-10-01..2024-09-30); acute member CCNs; annualized where needed,0,1,8.1,False,False,False,False,https://data.cms.gov/sites/default/files/2026-09/e85544f7-57ef-477e-9640-313ac0aac400/CostReport_2024_Final.csv,CMS Hospital Provider Cost Report FY2024 (periods beginning 2023-10-01..2024-09-30); file modified 2026-09-29,True,Samaritan Health,unchanged,,https://samaritanhealth.com/about-samaritan-health/our-story-mission/,,"Owned, not accredited",Medium,System web page for Samaritan CareRx specialty pharmacy; no accreditation found,Samaritan CareRx,Samaritan Medical Center,,,https://samaritanhealth.com/service/samaritan-care-rx/ | https://npiregistry.cms.hhs.gov/provider-view/1447051305,2026-10-02,Oregon Samaritan Health Services/MultiCare news is unrelated. No outside manager or accreditation stated on page.,,
HSI00001407,The Brooklyn Hospital Center,Brooklyn,NY,NY,1,True,1,1,236.0,1.0,1.0,nonprofit,100.0,0,2023 (rev. 2025-09),https://www.ahrq.gov/sites/default/files/wysiwyg/chsp/compendium/chsp-compendium-2023-rev.xlsx,AHRQ Compendium 2023 (system file rev. 2025-09); systems as of end-2023,False,429581616.0,HCRIS FY2023 (FY2022 fallback); acute member hospitals; G-3 line 3,0,428813166.0,HCRIS FY2024 (periods beginning 2023-10-01..2024-09-30); acute member CCNs; annualized where needed,0,0,-0.2,False,False,False,False,https://data.cms.gov/sites/default/files/2026-09/e85544f7-57ef-477e-9640-313ac0aac400/CostReport_2024_Final.csv,CMS Hospital Provider Cost Report FY2024 (periods beginning 2023-10-01..2024-09-30); file modified 2026-09-29,True,The Brooklyn Hospital Center,unchanged,,https://www.tbh.org/visitor-information/pharmacy-care/specialty-pharmacy,,Managed or partnered,High,"Hospital web page and press release (partnership with Clearway Health), ACHC 94305 owned by hospital, NPPES specialty primary",The Brooklyn Hospital Center Specialty Pharmacy,The Brooklyn Hospital Center,ACHC 94305 Specialty Pharmacy Services,Clearway Health,https://www.tbh.org/visitor-information/pharmacy-care/specialty-pharmacy | https://www.tbh.org/news/brooklyn-hospital-center-partners-clearway-health-expand-specialty-pharmacy-medication-access | https://npiregistry.cms.hhs.gov/provider-view/1962936229,2026-10-02,"Severe financial distress (bankruptcy considered, closure risk reported through March 2026) but still operating. Clearway partnership dates from July 2023; not on Shields list.",,
HSI00001138,United Health Services,Binghamton,NY,NY,1,True,3,3,412.0,0.0,1.0,nonprofit,100.0,0,2023 (rev. 2025-09),https://www.ahrq.gov/sites/default/files/wysiwyg/chsp/compendium/chsp-compendium-2023-rev.xlsx,AHRQ Compendium 2023 (system file rev. 2025-09); systems as of end-2023,False,912780704.0,HCRIS FY2023 (FY2022 fallback); acute member hospitals; G-3 line 3,0,1073629396.0,HCRIS FY2024 (periods beginning 2023-10-01..2024-09-30); acute member CCNs; annualized where needed,0,0,17.6,False,False,False,False,https://data.cms.gov/sites/default/files/2026-09/e85544f7-57ef-477e-9640-313ac0aac400/CostReport_2024_Final.csv,CMS Hospital Provider Cost Report FY2024 (periods beginning 2023-10-01..2024-09-30); file modified 2026-09-29,True,United Health Services,unchanged,,https://www.nyuhs.org/,,"Owned, accredited",High,URAC SPP010153 and ACHC 77830 confirmed; UHS web page lists both,UHS Hospitals Specialty Pharmacy,"United Health Services Hospitals, Inc.",URAC SPP010153 Specialty Pharmacy | ACHC 77830 Specialty Pharmacy Services,,"https://www.nyuhs.org/care-treatment/pharmacy/specialty-pharmacy | https://www.urac.org/directory/accreditation-details/?certification=SPP010153 | https://organization.achc.org/print?legalCompanyName=United%20Health%20Services%20Hospitals,%20Inc.&dbaCompanyName=&companyID=77830&full_address=Johnson%20City,%20NY%2013790&physicalAddress=345%20Main%20Street%20Suite%20A,",2026-10-02,"NPPES 1740837806 (same address) is a corroborating record for the same pharmacy, so confirmed too. Not on Shields list.",,
HSI00001179,University of Rochester Medical Center,Rochester,NY,NY,1,True,6,6,1254.0,0.0,1.0,nonprofit,100.0,0,2023 (rev. 2025-09),https://www.ahrq.gov/sites/default/files/wysiwyg/chsp/compendium/chsp-compendium-2023-rev.xlsx,AHRQ Compendium 2023 (system file rev. 2025-09); systems as of end-2023,False,4163540871.0,HCRIS FY2023 (FY2022 fallback); acute member hospitals; G-3 line 3,0,5253994677.0,HCRIS FY2024 (periods beginning 2023-10-01..2024-09-30); acute member CCNs; annualized where needed,0,0,26.2,False,False,True,False,https://data.cms.gov/sites/default/files/2026-09/e85544f7-57ef-477e-9640-313ac0aac400/CostReport_2024_Final.csv,CMS Hospital Provider Cost Report FY2024 (periods beginning 2023-10-01..2024-09-30); file modified 2026-09-29,True,University of Rochester Medicine,renamed,,https://www.fingerlakes1.com/2026/04/16/urmc-ur-medicine-to-be-rebranded-as-university-of-rochester-medicine-in-systemwide-change/,2026-04-16,"Owned, accredited",High,URAC SPP010482 + ACHC Specialty Pharmacy Services records for University of Rochester Specialty Pharmacy,University of Rochester Specialty Pharmacy | UR Medicine Home Infusion Pharmacy,University of Rochester (Strong Memorial Hospital Division),URAC SPP010482 Specialty Pharmacy | ACHC 83082 Specialty Pharmacy Services | ACHC 93397 Specialty Pharmacy Services | ACHC 83083 Specialty Pharmacy Services,,https://www.urac.org/directory/accreditation-details/?certification=SPP010482 | https://www.fingerlakes1.com/2026/04/16/urmc-ur-medicine-to-be-rebranded-as-university-of-rochester-medicine-in-systemwide-change/,2026-10-02,Rebranded April 2026 from URMC/UR Medicine; individual hospitals keep names. Not on Shields list.,,
HSI00000008,Adena Health System,Chillicothe,OH,OH,1,True,4,4,298.0,0.0,1.0,nonprofit,100.0,0,2023 (rev. 2025-09),https://www.ahrq.gov/sites/default/files/wysiwyg/chsp/compendium/chsp-compendium-2023-rev.xlsx,AHRQ Compendium 2023 (system file rev. 2025-09); systems as of end-2023,False,601769408.0,HCRIS FY2023 (FY2022 fallback); acute member hospitals; G-3 line 3,0,595787000.0,HCRIS FY2024 (periods beginning 2023-10-01..2024-09-30); acute member CCNs; annualized where needed,0,0,-1.0,False,False,False,False,https://data.cms.gov/sites/default/files/2026-09/e85544f7-57ef-477e-9640-313ac0aac400/CostReport_2024_Final.csv,CMS Hospital Provider Cost Report FY2024 (periods beginning 2023-10-01..2024-09-30); file modified 2026-09-29,True,Adena Health,unchanged,,https://www.adena.org/articles/adena-health-finalizes-acquisition-of-fairfield-medical-center,2026-09-01,"Owned, not accredited",Medium,NPPES 3336S0011X (Adena Specialty and Home Delivery Pharmacy) + Adena website specialty pharmacy page; no accreditation found,Adena Pharmacy LLC dba Adena Specialty and Home Delivery Pharmacy,Adena Pharmacy LLC (Adena subsidiary),,,https://www.adena.org/types-of-care/specialties/pharmacy | https://npiregistry.cms.hhs.gov/provider-view/1659647170,2026-10-02,"Adena acquired Fairfield Medical Center (renamed Adena Fairfield) on 2026-09-01, an expansion that leaves Adena itself unchanged. Accreditation not confirmed on Adena page and not in URAC/ACHC candidates.",,
HSI00000211,Akron Childrens Hospital,Akron,OH,OH,1,True,1,1,408.0,0.0,1.0,nonprofit,100.0,0,2023 (rev. 2025-09),https://www.ahrq.gov/sites/default/files/wysiwyg/chsp/compendium/chsp-compendium-2023-rev.xlsx,AHRQ Compendium 2023 (system file rev. 2025-09); systems as of end-2023,False,1113626754.0,HCRIS FY2023 (FY2022 fallback); acute member hospitals; G-3 line 3,0,1249831958.0,HCRIS FY2024 (periods beginning 2023-10-01..2024-09-30); acute member CCNs; annualized where needed,0,0,12.2,False,False,False,False,https://data.cms.gov/sites/default/files/2026-09/e85544f7-57ef-477e-9640-313ac0aac400/CostReport_2024_Final.csv,CMS Hospital Provider Cost Report FY2024 (periods beginning 2023-10-01..2024-09-30); file modified 2026-09-29,True,Akron Children's,renamed,,https://en.wikipedia.org/wiki/Akron_Children's_Hospital,2023,"Owned, accredited",High,URAC + ACHC records and system web page,Akron Children's Specialty Pharmacy | Akron Children's Hospital Outpatient Pharmacy,Children's Hospital Medical Center of Akron,URAC SPP010397 Specialty Pharmacy | ACHC 97967 Specialty Pharmacy Services,,https://www.akronchildrens.org/pages/Specialty-Pharmacy.html | https://www.urac.org/directory/accreditation-details/?certification=SPP010397,2026-10-02,Boardman outpatient pharmacy is also an Akron Children's NPPES specialty entity. System renamed from Akron Children's Hospital in 2023 and expanded (Salem Regional asset purchase 2024).,,
HSI00000065,Aultman Health Foundation,Canton,OH,OH,1,True,5,3,410.0,0.0,1.0,nonprofit,100.0,0,2023 (rev. 2025-09),https://www.ahrq.gov/sites/default/files/wysiwyg/chsp/compendium/chsp-compendium-2023-rev.xlsx,AHRQ Compendium 2023 (system file rev. 2025-09); systems as of end-2023,False,828154613.0,HCRIS FY2023 (FY2022 fallback); acute member hospitals; G-3 line 3,0,858324080.0,HCRIS FY2024 (periods beginning 2023-10-01..2024-09-30); acute member CCNs; annualized where needed,0,0,3.6,False,False,False,False,https://data.cms.gov/sites/default/files/2026-09/e85544f7-57ef-477e-9640-313ac0aac400/CostReport_2024_Final.csv,CMS Hospital Provider Cost Report FY2024 (periods beginning 2023-10-01..2024-09-30); file modified 2026-09-29,True,Aultman Health System,renamed,,https://aultman.org/home/about/aultman-hospital/mission/,2024-06,Managed or partnered,High,Aultman 2021 launch release (partnership with Trellis Rx per search summary); URAC SPP010669 and ACHC 86977 confirmed,Aultman Specialty Pharmacy | Aultman Employee Pharmacy,Aultman Hospital,URAC SPP010669 Specialty Pharmacy | ACHC 86977 Specialty Pharmacy Services,Trellis Rx,https://aultman.org/news/october-2021/aultman-launches-fully-integrated-specialty-pharmacy-services-to-enhance-care-for-patients-with-chronic-and-complex-diseases/ | https://aultman.org/home/services/support-services/aultman-specialty-pharmacy-services/ | https://www.urac.org/directory/accreditation-details/?certification=SPP010669,2021-10-01,"Renamed Aultman Health System June 2024; Alliance Community Hospital affiliated. Trellis Rx partnership comes from the search snippet, not the fetched page, so verify.",,
HSI00000116,Blanchard Valley Health System,Findlay,OH,OH,1,True,2,2,177.0,0.0,1.0,nonprofit,100.0,0,2023 (rev. 2025-09),https://www.ahrq.gov/sites/default/files/wysiwyg/chsp/compendium/chsp-compendium-2023-rev.xlsx,AHRQ Compendium 2023 (system file rev. 2025-09); systems as of end-2023,False,374711969.0,HCRIS FY2023 (FY2022 fallback); acute member hospitals; G-3 line 3,0,366632788.0,HCRIS FY2024 (periods beginning 2023-10-01..2024-09-30); acute member CCNs; annualized where needed,0,0,-2.2,False,False,False,False,https://data.cms.gov/sites/default/files/2026-09/e85544f7-57ef-477e-9640-313ac0aac400/CostReport_2024_Final.csv,CMS Hospital Provider Cost Report FY2024 (periods beginning 2023-10-01..2024-09-30); file modified 2026-09-29,True,Blanchard Valley Health System,unchanged,,https://en.wikipedia.org/wiki/Blanchard_Valley_Health_System,,None found,Medium,System pharmacy page lists only outpatient/inpatient/cardiac medication pharmacies; no candidates,Center for Medication Management | Harry's Pharmacy,Blanchard Valley Health System,,,https://www.bvhealthsystem.org/education-resources/pharmacy/pharmacy,2026-10-02,"Joined OSU Heart & Vascular Network in 2025 (collaboration, not ownership change). Not on Shields list.",,
HSI00001428,Bon Secours Mercy Health,Cincinnati,OH,KY;OH;SC;VA,4,True,37,36,5641.0,1.0,2.0,church-operated,100.0,0,2023 (rev. 2025-09),https://www.ahrq.gov/sites/default/files/wysiwyg/chsp/compendium/chsp-compendium-2023-rev.xlsx,AHRQ Compendium 2023 (system file rev. 2025-09); systems as of end-2023,False,9031417176.0,HCRIS FY2023 (FY2022 fallback); acute member hospitals; G-3 line 3,2,10151763575.0,HCRIS FY2024 (periods beginning 2023-10-01..2024-09-30); acute member CCNs; annualized where needed,2,8,12.4,False,True,False,False,https://data.cms.gov/sites/default/files/2026-09/e85544f7-57ef-477e-9640-313ac0aac400/CostReport_2024_Final.csv,CMS Hospital Provider Cost Report FY2024 (periods beginning 2023-10-01..2024-09-30); file modified 2026-09-29,True,Bon Secours Mercy Health,unchanged,,https://www.bsmhealth.org/about-us,,"Owned, not accredited",Low,BSMH 2025 ancillary services report: Harness Health Pharmacy offers specialty pharmacy; no URAC/ACHC specialty record found,Harness Health Pharmacy | Community Mercy Home Care Services Pharmacy,"Bon Secours Mercy Health, Inc. (Harness Health Partners trademark)",,,https://bsmhealth.org/bon-secours-mercy-health-highlights-growth-quality-gains-in-ancillary-services/ | https://bsmhealth.org/brands/,2026-10-02,"ACHC 71417 is an Infusion Pharmacy record only, and the Harness specialty claim rests on one web source with no specialty accreditation located; not on Shields list. NPPES records are non-specialty-primary retail/outpatient pharmacies.",,
HSI00000224,Cincinnati Childrens Hospital Medical Center,Cincinnati,OH,OH,1,True,1,1,711.0,0.0,1.0,nonprofit,100.0,0,2023 (rev. 2025-09),https://www.ahrq.gov/sites/default/files/wysiwyg/chsp/compendium/chsp-compendium-2023-rev.xlsx,AHRQ Compendium 2023 (system file rev. 2025-09); systems as of end-2023,False,2508408288.0,HCRIS FY2023 (FY2022 fallback); acute member hospitals; G-3 line 3,0,2876836000.0,HCRIS FY2024 (periods beginning 2023-10-01..2024-09-30); acute member CCNs; annualized where needed,0,0,14.7,False,False,False,False,https://data.cms.gov/sites/default/files/2026-09/e85544f7-57ef-477e-9640-313ac0aac400/CostReport_2024_Final.csv,CMS Hospital Provider Cost Report FY2024 (periods beginning 2023-10-01..2024-09-30); file modified 2026-09-29,True,Cincinnati Children's Hospital Medical Center,unchanged,,https://www.cincinnatichildrens.org/about/uc-affiliation,,"Owned, accredited",High,URAC SPP010530 + Cincinnati Children's Home Care Pharmacy web page (dual-accredited),"Cincinnati Children's Home Care Pharmacy (specialty, infusion, enteral)",Cincinnati Children's Hospital Medical Center,"URAC SPP010530 Specialty Pharmacy (eff 2025-12-01, exp 2028-12-01)",,https://www.urac.org/directory/accreditation-details/?certification=SPP010530 | https://www.cincinnatichildrens.org/service/h/home-care-pharmacy | https://www.cincinnatichildrens.org/service/p/pharmacy/services,"{'https://www.cincinnatichildrens.org/service/h/home-care-pharmacy': '2026-10-02', 'https://www.cincinnatichildrens.org/service/p/pharmacy/services': '2026-10-02'}",Web page says dual-accredited by Joint Commission and URAC; no ACHC record found and no outside manager named. No Cincinnati Children's NPPES specialty-taxonomy record was in the candidates.,,
HSI00001078,Cleveland Clinic,Cleveland,OH,FL;OH,2,True,21,18,5048.0,1.0,1.0,nonprofit,100.0,0,2023 (rev. 2025-09),https://www.ahrq.gov/sites/default/files/wysiwyg/chsp/compendium/chsp-compendium-2023-rev.xlsx,AHRQ Compendium 2023 (system file rev. 2025-09); systems as of end-2023,False,12313311364.0,HCRIS FY2023 (FY2022 fallback); acute member hospitals; G-3 line 3,1,13343477172.0,HCRIS FY2024 (periods beginning 2023-10-01..2024-09-30); acute member CCNs; annualized where needed,1,0,8.4,False,True,False,False,https://data.cms.gov/sites/default/files/2026-09/e85544f7-57ef-477e-9640-313ac0aac400/CostReport_2024_Final.csv,CMS Hospital Provider Cost Report FY2024 (periods beginning 2023-10-01..2024-09-30); file modified 2026-09-29,True,Cleveland Clinic,unchanged,,https://my.clevelandclinic.org/about,,"Owned, accredited",High,URAC SPP010465 + ACHC 93263 + system web page; not on Shields list,Cleveland Clinic Specialty/Home Delivery Pharmacy,The Cleveland Clinic Foundation,URAC SPP010465 Specialty Pharmacy | ACHC 93263 Specialty Pharmacy Services,,https://www.urac.org/directory/accreditation-details/?certification=SPP010465 | https://my.clevelandclinic.org/departments/pharmacy/services/specialty-pharmacy | https://npiregistry.cms.hhs.gov/provider-view/1578967782,2026-10-02,"Wholly system-owned mail-order specialty pharmacy in Beachwood, OH. No outside manager found.",,
HSI00000302,Dayton Childrens,Dayton,OH,OH,1,True,1,1,181.0,0.0,1.0,nonprofit,100.0,0,2023 (rev. 2025-09),https://www.ahrq.gov/sites/default/files/wysiwyg/chsp/compendium/chsp-compendium-2023-rev.xlsx,AHRQ Compendium 2023 (system file rev. 2025-09); systems as of end-2023,False,569126150.0,HCRIS FY2023 (FY2022 fallback); acute member hospitals; G-3 line 3,0,661365054.0,HCRIS FY2024 (periods beginning 2023-10-01..2024-09-30); acute member CCNs; annualized where needed,0,0,16.2,False,False,False,False,https://data.cms.gov/sites/default/files/2026-09/e85544f7-57ef-477e-9640-313ac0aac400/CostReport_2024_Final.csv,CMS Hospital Provider Cost Report FY2024 (periods beginning 2023-10-01..2024-09-30); file modified 2026-09-29,True,Dayton Children's Hospital,unchanged,,https://en.wikipedia.org/wiki/Dayton_Children's_Hospital,,"Owned, accredited",High,URAC SPP010241 + ACHC 80136 records and system pharmacy page,Dayton Children's Hospital Specialty Pharmacy,Dayton Children's Hospital,URAC SPP010241 Specialty Pharmacy | ACHC 80136 Specialty Pharmacy Services,,https://www.urac.org/directory/accreditation-details/?certification=SPP010241 | https://childrensdayton.org/services/pharmacy/,2026-10-02,"Operated in-house, no outside manager; not on Shields list. 2026 changes were only a Mercy Health pediatric practice acquisition and campus naming (Golisano).",,
HSI00000356,Fairfield Medical Center,Lancaster,OH,OH,1,True,1,1,185.0,0.0,1.0,nonprofit,100.0,0,2023 (rev. 2025-09),https://www.ahrq.gov/sites/default/files/wysiwyg/chsp/compendium/chsp-compendium-2023-rev.xlsx,AHRQ Compendium 2023 (system file rev. 2025-09); systems as of end-2023,False,315876820.0,HCRIS FY2023 (FY2022 fallback); acute member hospitals; G-3 line 3,0,327578394.0,HCRIS FY2024 (periods beginning 2023-10-01..2024-09-30); acute member CCNs; annualized where needed,0,0,3.7,False,False,False,False,https://data.cms.gov/sites/default/files/2026-09/e85544f7-57ef-477e-9640-313ac0aac400/CostReport_2024_Final.csv,CMS Hospital Provider Cost Report FY2024 (periods beginning 2023-10-01..2024-09-30); file modified 2026-09-29,True,Adena Fairfield Medical Center,acquired by,Adena Health,https://www.adena.org/articles/adena-health-finalizes-acquisition-of-fairfield-medical-center,2026-09-01,None found,Low,FMC site (curl) shows Kroger-run campus pharmacy and infusion center only; Adena Specialty Pharmacy exists but no evidence it serves FMC after a one-month-old deal,Kroger Pharmacy (FMC campus) | Adena Specialty Pharmacy (acquirer),Adena Health (parent),,,https://www.adena.org/types-of-care/specialties/pharmacy | https://www.fmchealth.org/adena-fairfield-medical-center/,2026-09-01,Acquisition by nonprofit Adena closed 2026-09-01. Adena runs its own specialty pharmacy (accreditation not found) that may later cover FMC.,,HSI00000008
HSI00000363,Firelands Regional Health System,Sandusky,OH,OH,1,True,1,1,149.0,0.0,1.0,nonprofit,100.0,0,2023 (rev. 2025-09),https://www.ahrq.gov/sites/default/files/wysiwyg/chsp/compendium/chsp-compendium-2023-rev.xlsx,AHRQ Compendium 2023 (system file rev. 2025-09); systems as of end-2023,False,244998572.0,HCRIS FY2023 (FY2022 fallback); acute member hospitals; G-3 line 3,0,256863728.0,HCRIS FY2024 (periods beginning 2023-10-01..2024-09-30); acute member CCNs; annualized where needed,0,0,4.8,False,False,False,False,https://data.cms.gov/sites/default/files/2026-09/e85544f7-57ef-477e-9640-313ac0aac400/CostReport_2024_Final.csv,CMS Hospital Provider Cost Report FY2024 (periods beginning 2023-10-01..2024-09-30); file modified 2026-09-29,True,Firelands Health,renamed,,https://www.firelands.com/about-us/history/,2025-05-17,None found,Medium,"Own pharmacy and infusion pages read via curl with full browser headers: inpatient, retail, cancer center pharmacy, outpatient infusion center; no specialty or home infusion",Firelands Retail Pharmacy | Cancer Center Pharmacy,Firelands Health,,,https://www.firelands.com/medical-care/pharmacy/ | https://www.firelands.com/medical-care/infusion-therapy/,2026-10-02,Acquired Bellevue Hospital May 2025 and is now Firelands Health. Plain curl got 403; adding Sec-Fetch and Referer headers got 200.,,
HSI00000367,Fisher Titus Medical Center,Norwalk,OH,OH,1,True,1,1,78.0,0.0,1.0,nonprofit,100.0,0,2023 (rev. 2025-09),https://www.ahrq.gov/sites/default/files/wysiwyg/chsp/compendium/chsp-compendium-2023-rev.xlsx,AHRQ Compendium 2023 (system file rev. 2025-09); systems as of end-2023,False,155093229.0,HCRIS FY2023 (FY2022 fallback); acute member hospitals; G-3 line 3,0,154844222.0,HCRIS FY2024 (periods beginning 2023-10-01..2024-09-30); acute member CCNs; annualized where needed,0,0,-0.2,False,False,False,False,https://data.cms.gov/sites/default/files/2026-09/e85544f7-57ef-477e-9640-313ac0aac400/CostReport_2024_Final.csv,CMS Hospital Provider Cost Report FY2024 (periods beginning 2023-10-01..2024-09-30); file modified 2026-09-29,True,Fisher-Titus Medical Center,unchanged,,https://www.fishertitus.org/who-we-are,,None found,Low,No candidates; own site pages show only inpatient/hospital-outpatient pharmacy,,,,,https://www.fishertitus.org/medical-services/pharmacy-services/,2026-10-02,"A third-party Optum listing mentions specialty/infusion pharmacy at Wakeman Health Center, unverified and not on Fisher-Titus pages. Infusion therapy is hospital-based.",,
HSI00000391,Genesis Healthcare System,Zanesville,OH,OH,1,True,1,1,277.0,0.0,2.0,church-operated,100.0,0,2023 (rev. 2025-09),https://www.ahrq.gov/sites/default/files/wysiwyg/chsp/compendium/chsp-compendium-2023-rev.xlsx,AHRQ Compendium 2023 (system file rev. 2025-09); systems as of end-2023,False,564870224.0,HCRIS FY2023 (FY2022 fallback); acute member hospitals; G-3 line 3,0,618812462.0,HCRIS FY2024 (periods beginning 2023-10-01..2024-09-30); acute member CCNs; annualized where needed,0,0,9.5,False,False,False,False,https://data.cms.gov/sites/default/files/2026-09/e85544f7-57ef-477e-9640-313ac0aac400/CostReport_2024_Final.csv,CMS Hospital Provider Cost Report FY2024 (periods beginning 2023-10-01..2024-09-30); file modified 2026-09-29,True,Genesis HealthCare System,unchanged,,https://www.genesishcs.org/our-impact/about-us,,"Owned, accredited",High,URAC SPP010072 and ACHC 78604 for Genesis Specialty Pharmacy LLC plus system web page and NPPES,Genesis Specialty Pharmacy,"Genesis Specialty Pharmacy, LLC (Genesis HealthCare System subsidiary)",URAC SPP010072 Specialty Pharmacy | ACHC 78604 Specialty Pharmacy Services,,https://www.genesishcs.org/find-locations/genesis-specialty-pharmacy | https://www.urac.org/directory/accreditation-details/?certification=SPP010072,2026-10-02,"Iowa Genesis Health System merger with MercyOne is unrelated. Two NPPES records at the same address (one lists the system name, one the LLC) are duplicates.",,
HSI00000490,Holzer Health System,Gallipolis,OH,OH,1,True,2,2,172.0,0.0,1.0,nonprofit,100.0,0,2023 (rev. 2025-09),https://www.ahrq.gov/sites/default/files/wysiwyg/chsp/compendium/chsp-compendium-2023-rev.xlsx,AHRQ Compendium 2023 (system file rev. 2025-09); systems as of end-2023,False,229777396.0,HCRIS FY2023 (FY2022 fallback); acute member hospitals; G-3 line 3,0,254097830.0,HCRIS FY2024 (periods beginning 2023-10-01..2024-09-30); acute member CCNs; annualized where needed,0,0,10.6,False,False,False,False,https://data.cms.gov/sites/default/files/2026-09/e85544f7-57ef-477e-9640-313ac0aac400/CostReport_2024_Final.csv,CMS Hospital Provider Cost Report FY2024 (periods beginning 2023-10-01..2024-09-30); file modified 2026-09-29,True,Holzer Health System,unchanged,,https://www.holzer.org/about/,,"Owned, accredited",High,"URAC + ACHC records, holzer.org specialty pharmacy page, NPPES",Holzer Specialty Pharmacy,Holzer Hospital Foundation (system affiliate),URAC SPP010504 Specialty Pharmacy | ACHC 86724 Specialty Pharmacy Services,,https://www.holzer.org/locations/locations-profile/specialty-pharmacy/ | https://www.urac.org/directory/accreditation-details/?certification=SPP010504,2026-10-02,Holzer Hospital Foundation is the system's foundation and owns the pharmacy; not on Shields list.,,
HSI00000546,Kettering Health,Kettering,OH,OH,1,True,8,7,1217.0,0.0,2.0,church-operated,100.0,0,2023 (rev. 2025-09),https://www.ahrq.gov/sites/default/files/wysiwyg/chsp/compendium/chsp-compendium-2023-rev.xlsx,AHRQ Compendium 2023 (system file rev. 2025-09); systems as of end-2023,False,2253350100.0,HCRIS FY2023 (FY2022 fallback); acute member hospitals; G-3 line 3,0,2284376925.0,HCRIS FY2024 (periods beginning 2023-10-01..2024-09-30); acute member CCNs; annualized where needed,0,0,1.4,False,False,False,False,https://data.cms.gov/sites/default/files/2026-09/e85544f7-57ef-477e-9640-313ac0aac400/CostReport_2024_Final.csv,CMS Hospital Provider Cost Report FY2024 (periods beginning 2023-10-01..2024-09-30); file modified 2026-09-29,True,Kettering Health,unchanged,,https://www.beckershospitalreview.com/hospital-transactions-and-valuation/ohio-hospital-signs-letter-of-intent-to-join-kettering-health/,,"Owned, accredited",High,URAC SPP010102 + ACHC 88702 + system web page,Kettering Health Specialty Pharmacy,Dayton Osteopathic Hospital (Kettering Health member hospital),URAC SPP010102 Specialty Pharmacy | ACHC 88702 Specialty Pharmacy Services,,https://ketteringhealth.org/services-treatments/cancer-care/specialty-pharmacy/ | https://www.urac.org/directory/accreditation-details/?certification=SPP010102,2026-10-02,"Own site states URAC and ACHC accreditation and no outside partner; not on Shields list. Knox Community Hospital LOI pending, not affecting classification.",,
HSI00001580,Knox Community Hospital,Mount Vernon,OH,OH,1,True,1,1,64.0,0.0,1.0,nonprofit,100.0,0,2023 (rev. 2025-09),https://www.ahrq.gov/sites/default/files/wysiwyg/chsp/compendium/chsp-compendium-2023-rev.xlsx,AHRQ Compendium 2023 (system file rev. 2025-09); systems as of end-2023,False,212019640.0,HCRIS FY2023 (FY2022 fallback); acute member hospitals; G-3 line 3,0,198780933.0,HCRIS FY2024 (periods beginning 2023-10-01..2024-09-30); acute member CCNs; annualized where needed,0,0,-6.2,False,False,False,False,https://data.cms.gov/sites/default/files/2026-09/e85544f7-57ef-477e-9640-313ac0aac400/CostReport_2024_Final.csv,CMS Hospital Provider Cost Report FY2024 (periods beginning 2023-10-01..2024-09-30); file modified 2026-09-29,True,Knox Community Hospital,unchanged,,https://www.wyso.org/news/2026-07-28/knox-community-hospital-looks-at-joining-kettering-health,,"Owned, accredited",High,"URAC SPP010146 plus KCH web pages (URAC 2024-02, ACHC 2024-06)",KCH Outpatient Pharmacy | KCH Specialty Pharmacy,Knox Community Hospital,"URAC SPP010146 Specialty Pharmacy | ACHC Specialty Pharmacy Services (announced 2024-06-07, no number)",,https://www.urac.org/directory/accreditation-details/?certification=SPP010146 | https://www.kch.org/articles/kch-specialty-pharmacy-achieves-accreditation-achc | https://www.kch.org/articles/kch-outpatient-pharmacy-earns-specialty-pharmacy-accreditation-urac,2024-06-07,"Non-binding LOI to join Kettering Health signed 2026-07-28; not closed, so status unchanged.",,
HSI00000581,Licking Memorial Health Systems,Newark,OH,OH,1,True,1,1,219.0,0.0,1.0,nonprofit,100.0,0,2023 (rev. 2025-09),https://www.ahrq.gov/sites/default/files/wysiwyg/chsp/compendium/chsp-compendium-2023-rev.xlsx,AHRQ Compendium 2023 (system file rev. 2025-09); systems as of end-2023,False,323668033.0,HCRIS FY2023 (FY2022 fallback); acute member hospitals; G-3 line 3,0,357546659.0,HCRIS FY2024 (periods beginning 2023-10-01..2024-09-30); acute member CCNs; annualized where needed,0,0,10.5,False,False,False,False,https://data.cms.gov/sites/default/files/2026-09/e85544f7-57ef-477e-9640-313ac0aac400/CostReport_2024_Final.csv,CMS Hospital Provider Cost Report FY2024 (periods beginning 2023-10-01..2024-09-30); file modified 2026-09-29,True,Licking Memorial Health Systems,unchanged,,https://www.lmhealth.org/Services-Facilities/Hospital-Services/Specialty-Pharmacy,,"Owned, accredited",High,URAC SPP010294 + ACHC 91509 + LMH web page; NPPES agrees,LMH Specialty Pharmacy | Licking Memorial Pharmacy,Licking Memorial Hospital (member hospital of the system),URAC SPP010294 Specialty Pharmacy | ACHC 91509 Specialty Pharmacy Services,,https://www.urac.org/directory/accreditation-details/?certification=SPP010294 | https://www.lmhealth.org/Services-Facilities/Hospital-Services/Specialty-Pharmacy | https://npiregistry.cms.hhs.gov/provider-view/1689458762,2026-10-02,All candidates are the same system-owned pharmacy at the Newark campus. No outside manager; not on Shields list.,,
HSI00000649,Memorial Health System,Marietta,OH,OH;WV,2,True,3,3,219.0,0.0,1.0,nonprofit,100.0,0,2023 (rev. 2025-09),https://www.ahrq.gov/sites/default/files/wysiwyg/chsp/compendium/chsp-compendium-2023-rev.xlsx,AHRQ Compendium 2023 (system file rev. 2025-09); systems as of end-2023,False,590232202.0,HCRIS FY2023 (FY2022 fallback); acute member hospitals; G-3 line 3,0,669011291.0,HCRIS FY2024 (periods beginning 2023-10-01..2024-09-30); acute member CCNs; annualized where needed,0,0,13.3,False,False,False,False,https://data.cms.gov/sites/default/files/2026-09/e85544f7-57ef-477e-9640-313ac0aac400/CostReport_2024_Final.csv,CMS Hospital Provider Cost Report FY2024 (periods beginning 2023-10-01..2024-09-30); file modified 2026-09-29,True,Memorial Health System,unchanged,,https://www.newsandsentinel.com/news/business/2025/08/memorial-health-system-details-rural-challenges-expansion-plans/,,"Owned, not accredited",Medium,System web page for Marietta Memorial Specialty Pharmacy; no URAC/ACHC found,Marietta Memorial Specialty Pharmacy,"Memorial Health System (Marietta, OH)",,,https://www.mhsystem.org/services/specialty-pharmacy/why-choose-us/ | https://www.wtap.com/2020/10/05/memorial-health-system-opens-specialty-pharmacy-in-belpre/,2026-10-02,No accreditation stated on the page and no URAC/ACHC candidates; accreditation could exist but was not found. Not on Shields list.,,
HSI00000722,Nationwide Childrens Hospital,Columbus,OH,OH,1,True,2,2,747.0,0.0,1.0,nonprofit,100.0,0,2023 (rev. 2025-09),https://www.ahrq.gov/sites/default/files/wysiwyg/chsp/compendium/chsp-compendium-2023-rev.xlsx,AHRQ Compendium 2023 (system file rev. 2025-09); systems as of end-2023,False,2377938488.0,HCRIS FY2023 (FY2022 fallback); acute member hospitals; G-3 line 3,0,2542973053.0,HCRIS FY2024 (periods beginning 2023-10-01..2024-09-30); acute member CCNs; annualized where needed,0,0,6.9,False,False,False,False,https://data.cms.gov/sites/default/files/2026-09/e85544f7-57ef-477e-9640-313ac0aac400/CostReport_2024_Final.csv,CMS Hospital Provider Cost Report FY2024 (periods beginning 2023-10-01..2024-09-30); file modified 2026-09-29,True,Nationwide Children's Hospital,unchanged,,https://www.nationwidechildrens.org/locations/toledo/faqs,,"Owned, accredited",High,URAC SPP010186 + ACHC 77328 + system web page + NPPES,Nationwide Children's Hospital Specialty Pharmacy,Nationwide Children's Hospital,URAC SPP010186 Specialty Pharmacy | ACHC 77328 Specialty Pharmacy Services,,https://www.nationwidechildrens.org/specialties/pharmacy-services/specialty-pharmacy | https://www.urac.org/directory/accreditation-details/?certification=SPP010186 | https://pediatricsnationwide.org/2026/06/05/nationwide-childrens-specialty-pharmacy-expands-access-to-life-changing-care/,2026-06-05,Toledo hospital (ex-Mercy) joined 2022; Wood County pediatric offices joined Apr 2026.,,
HSI00000784,Ohiohealth,Columbus,OH,OH,1,True,14,14,2280.0,1.0,2.0,church-operated,99.0,1,2023 (rev. 2025-09),https://www.ahrq.gov/sites/default/files/wysiwyg/chsp/compendium/chsp-compendium-2023-rev.xlsx,AHRQ Compendium 2023 (system file rev. 2025-09); systems as of end-2023,True,4770312096.0,HCRIS FY2023 (FY2022 fallback); acute member hospitals; G-3 line 3,0,5306520307.0,HCRIS FY2024 (periods beginning 2023-10-01..2024-09-30); acute member CCNs; annualized where needed,0,2,11.2,False,False,False,False,https://data.cms.gov/sites/default/files/2026-09/e85544f7-57ef-477e-9640-313ac0aac400/CostReport_2024_Final.csv,CMS Hospital Provider Cost Report FY2024 (periods beginning 2023-10-01..2024-09-30); file modified 2026-09-29,True,Ohiohealth,unchanged,,https://www.ohiohealth.com/about-us,,"Owned, accredited",High,"URAC SPP010359 + ACHC 97124 + NPPES 1720826373, all OhioHealth Corporation at Canal Winchester",OhioHealth Specialty Pharmacy,OhioHealth Corporation,URAC SPP010359 Specialty Pharmacy | ACHC 97124 Specialty Pharmacy Services,,https://www.urac.org/directory/accreditation-details/?certification=SPP010359 | https://www.healthgrades.com/pharmacy/ohiohealth-specialty-pharmacy-pa00013044,2026-10-02,Not on Shields list. HomeReach NPI is likely an OhioHealth home-care affiliate (uncertain).,,
HSI00000842,Premier Health,Dayton,OH,OH,1,True,3,3,1282.0,0.0,1.0,nonprofit,100.0,0,2023 (rev. 2025-09),https://www.ahrq.gov/sites/default/files/wysiwyg/chsp/compendium/chsp-compendium-2023-rev.xlsx,AHRQ Compendium 2023 (system file rev. 2025-09); systems as of end-2023,False,1888992647.0,HCRIS FY2023 (FY2022 fallback); acute member hospitals; G-3 line 3,0,1988937171.0,HCRIS FY2024 (periods beginning 2023-10-01..2024-09-30); acute member CCNs; annualized where needed,0,0,5.3,False,False,False,False,https://data.cms.gov/sites/default/files/2026-09/e85544f7-57ef-477e-9640-313ac0aac400/CostReport_2024_Final.csv,CMS Hospital Provider Cost Report FY2024 (periods beginning 2023-10-01..2024-09-30); file modified 2026-09-29,True,Premier Health,unchanged,,https://www.premierhealth.com/news-and-events/news,,Managed or partnered,High,URAC SPP010432 + premierhealth.com page stating pharmacy is operated by Fidelity Health Care,Premier Health Specialty Pharmacy,Miami Valley Hospital (Premier Health member),URAC SPP010432 Specialty Pharmacy,Fidelity Health Care,https://www.urac.org/directory/accreditation-details/?certification=SPP010432 | https://www.premierhealth.com/locations/pharmacies/specialty-pharmacy,2026-10-02,System site states the specialty pharmacy is operated by Fidelity Health Care; not on Shields list. Premier appears to retain ownership via Miami Valley Hospital.,,
HSI00000848,ProMedica,Toledo,OH,MI;OH,2,True,11,11,1272.0,0.0,1.0,nonprofit,100.0,0,2023 (rev. 2025-09),https://www.ahrq.gov/sites/default/files/wysiwyg/chsp/compendium/chsp-compendium-2023-rev.xlsx,AHRQ Compendium 2023 (system file rev. 2025-09); systems as of end-2023,False,2417175600.0,HCRIS FY2023 (FY2022 fallback); acute member hospitals; G-3 line 3,2,2776411857.0,HCRIS FY2024 (periods beginning 2023-10-01..2024-09-30); acute member CCNs; annualized where needed,2,0,14.9,False,True,False,True,https://data.cms.gov/sites/default/files/2026-09/e85544f7-57ef-477e-9640-313ac0aac400/CostReport_2024_Final.csv,CMS Hospital Provider Cost Report FY2024 (periods beginning 2023-10-01..2024-09-30); file modified 2026-09-29,True,ProMedica,unchanged,,https://www.promedica.org/,,"Owned, accredited",High,URAC SPP010455 + ACHC 77833 + NPPES 1245986694 + ProMedica website,"ProMedica Specialty Pharmacy | ProMedica Pharmacy Group, LLC | ProMedica Home Infusion Pharmacy Services | ProMedica Outpatient Pharmacy","ProMedica Pharmacy Group, LLC (ProMedica subsidiary; Toledo Hospital owns infusion and outpatient NPIs)","URAC SPP010455 Specialty Pharmacy (eff 2025-07-01, exp 2028-07-01) | ACHC 77833 Specialty Pharmacy Services",,"https://www.urac.org/directory/accreditation-details/?certification=SPP010455 | https://organization.achc.org/print?legalCompanyName=ProMedica%20Pharmacy%20Group,%20LLC&dbaCompanyName=ProMedica%20Specialty%20Pharmacy&companyID=77833&full_address=Toledo,%20OH%2043606&physicalAddress=3142%20W%20Central%20Ave, | https://npiregistry.cms.hhs.gov/provider-view/1245986694 | https://npiregistry.cms.hhs.gov/provider-view/1386535011 | https://npiregistry.cms.hhs.gov/provider-view/1740217678 | https://www.promedica.org/locations-and-doctors/location/clinics/promedica-specialty-pharmacy",['2026-10-02'],"All three NPPES records are ProMedica entities; 1386535011 is home infusion and 1740217678 is retail outpatient (specialty taxonomy only in a secondary position), so only 1245986694 supports specialty. No outside manager found; the ProMedica page itself was only seen via search snippet.",,
HSI00001350,Salem Regional Medical Center,Salem,OH,OH,1,True,1,1,87.0,0.0,1.0,nonprofit,100.0,0,2023 (rev. 2025-09),https://www.ahrq.gov/sites/default/files/wysiwyg/chsp/compendium/chsp-compendium-2023-rev.xlsx,AHRQ Compendium 2023 (system file rev. 2025-09); systems as of end-2023,False,106899288.0,HCRIS FY2023 (FY2022 fallback); acute member hospitals; G-3 line 3,0,108028370.0,HCRIS FY2024 (periods beginning 2023-10-01..2024-09-30); acute member CCNs; annualized where needed,0,0,1.1,False,False,False,False,https://data.cms.gov/sites/default/files/2026-09/e85544f7-57ef-477e-9640-313ac0aac400/CostReport_2024_Final.csv,CMS Hospital Provider Cost Report FY2024 (periods beginning 2023-10-01..2024-09-30); file modified 2026-09-29,True,Salem Regional Medical Center,unchanged,,https://www.salemregional.com/about-us/our-story,,None found,Medium,Own website and search: only hospital Cancer and Infusion Center; no pharmacy services; no candidates,,,,,https://www.salemregional.com/outpatient-care/infusion-services,2026-10-02,"Site calls it independent; the Aug 2024 Akron Children's deal covered only two pediatric practices, not the hospital. Not on Shields list.",,
HSI00001481,Southern Ohio Medical Center,Portsmouth,OH,OH,1,True,1,1,192.0,0.0,1.0,nonprofit,100.0,0,2023 (rev. 2025-09),https://www.ahrq.gov/sites/default/files/wysiwyg/chsp/compendium/chsp-compendium-2023-rev.xlsx,AHRQ Compendium 2023 (system file rev. 2025-09); systems as of end-2023,False,424296379.0,HCRIS FY2023 (FY2022 fallback); acute member hospitals; G-3 line 3,0,454711974.0,HCRIS FY2024 (periods beginning 2023-10-01..2024-09-30); acute member CCNs; annualized where needed,0,0,7.2,False,False,False,False,https://data.cms.gov/sites/default/files/2026-09/e85544f7-57ef-477e-9640-313ac0aac400/CostReport_2024_Final.csv,CMS Hospital Provider Cost Report FY2024 (periods beginning 2023-10-01..2024-09-30); file modified 2026-09-29,True,Southern Ohio Medical Center,unchanged,,https://www.somc.org/services/pharmacies/,,Managed or partnered,High,"URAC SPP010609 + ACHC 79129 (both SOMC-owned) + Trellis Rx/CPS partnership (Trellis, RxInsider, SOMC web)",SOMC Specialty Pharmacy,Southern Ohio Medical Center,URAC SPP010609 Specialty Pharmacy | ACHC 79129 Specialty Pharmacy Services,Trellis Rx (Comprehensive Pharmacy Services),https://www.trellisrx.com/southern-ohio-medical-center-trellisrx-partnership/ | https://rxinsider.com/market-buzz/19280-case-study-southern-ohio-medical-center-puts-patients-first-with-innovative-specialty-pharmacy-services-cps/ | https://www.urac.org/directory/accreditation-details/?certification=SPP010609 | https://www.somc.org/services/pharmacies/,2026-10-02,Specialty pharmacy launched 2018 in partnership with Trellis Rx (CPS); ACHC reaccreditation reported July 2024. Not on Shields list.,,
HSI00001077,The Christ Hospital Health Network,Cincinnati,OH,OH,1,True,1,1,444.0,0.0,1.0,nonprofit,100.0,0,2023 (rev. 2025-09),https://www.ahrq.gov/sites/default/files/wysiwyg/chsp/compendium/chsp-compendium-2023-rev.xlsx,AHRQ Compendium 2023 (system file rev. 2025-09); systems as of end-2023,False,920961957.0,HCRIS FY2023 (FY2022 fallback); acute member hospitals; G-3 line 3,0,1065393631.0,HCRIS FY2024 (periods beginning 2023-10-01..2024-09-30); acute member CCNs; annualized where needed,0,0,15.7,False,False,False,False,https://data.cms.gov/sites/default/files/2026-09/e85544f7-57ef-477e-9640-313ac0aac400/CostReport_2024_Final.csv,CMS Hospital Provider Cost Report FY2024 (periods beginning 2023-10-01..2024-09-30); file modified 2026-09-29,True,The Christ Hospital Health Network,unchanged,,https://www.thechristhospital.com/news-and-events/press-releases/the-christ-hospital-health-network-acquires-anderson-ob-gyn-group/,,None found,Low,No candidates; own-website Apothecary page shows retail pharmacy only,The Christ Hospital Apothecary (retail),The Christ Hospital,,,https://www.thechristhospital.com/locations/locations-hospital/patient-guide/pharmacy,2026-04-15,Only a full-service retail Apothecary found; no specialty or infusion pharmacy mentioned.,,
HSI00001104,TriHealth,Cincinnati,OH,OH,1,True,3,2,468.0,0.0,1.0,nonprofit,100.0,0,2023 (rev. 2025-09),https://www.ahrq.gov/sites/default/files/wysiwyg/chsp/compendium/chsp-compendium-2023-rev.xlsx,AHRQ Compendium 2023 (system file rev. 2025-09); systems as of end-2023,False,878150925.0,HCRIS FY2023 (FY2022 fallback); acute member hospitals; G-3 line 3,0,1024135165.0,HCRIS FY2024 (periods beginning 2023-10-01..2024-09-30); acute member CCNs; annualized where needed,0,0,16.6,False,False,False,False,https://data.cms.gov/sites/default/files/2026-09/e85544f7-57ef-477e-9640-313ac0aac400/CostReport_2024_Final.csv,CMS Hospital Provider Cost Report FY2024 (periods beginning 2023-10-01..2024-09-30); file modified 2026-09-29,True,TriHealth,unchanged,,https://www.trihealth.com/news/clinton-memorial-hospital-to-join-trihealth,,"Owned, accredited",High,URAC SPP010086 and ACHC 89529 held by Bethesda Hospital Inc. (TriHealth) plus TriHealth web page,TriHealth Pharmacy Solutions,Bethesda Hospital Inc. (TriHealth member hospital),URAC SPP010086 Specialty Pharmacy | ACHC 89529 Specialty Pharmacy Services,,https://www.trihealth.com/services/pharmacy/trihealth-pharmacy-solutions | https://www.urac.org/directory/accreditation-details/?certification=SPP010086,2026-10-02,Same name and structure; added Clinton Memorial (now TriHealth Clinton Regional Hospital). Not on Shields list.,,
HSI00001118,UC Health,Cincinnati,OH,OH,1,True,5,2,711.0,1.0,1.0,nonprofit,100.0,0,2023 (rev. 2025-09),https://www.ahrq.gov/sites/default/files/wysiwyg/chsp/compendium/chsp-compendium-2023-rev.xlsx,AHRQ Compendium 2023 (system file rev. 2025-09); systems as of end-2023,False,1616910658.0,HCRIS FY2023 (FY2022 fallback); acute member hospitals; G-3 line 3,0,2249294136.0,HCRIS FY2024 (periods beginning 2023-10-01..2024-09-30); acute member CCNs; annualized where needed,0,0,39.1,False,False,True,False,https://data.cms.gov/sites/default/files/2026-09/e85544f7-57ef-477e-9640-313ac0aac400/CostReport_2024_Final.csv,CMS Hospital Provider Cost Report FY2024 (periods beginning 2023-10-01..2024-09-30); file modified 2026-09-29,True,UC Health,unchanged,,https://www.uchealth.com/en/pharmacy-services,,"Owned, accredited",Medium,UC Health specialty pharmacy web page stating URAC Specialty Pharmacy accreditation; not in URAC candidate list,UC Health Specialty Pharmacy,"UC Health (University of Cincinnati Medical Center, LLC)",URAC Specialty Pharmacy (exp 2029-07-01 per UC Health site; cert number not found),,https://www.uchealth.com/en/pharmacy-services/specialty-pharmacy,2026-10-02,"Matcher missed this pharmacy; URAC roster record not located, so confidence is Medium on the system page alone. Shields lists UCHealth (Colorado), not UC Health Cincinnati.",,
HSI00001156,University Hospitals,Shaker Heights,OH,OH,1,True,17,15,2376.0,0.0,1.0,nonprofit,99.0,1,2023 (rev. 2025-09),https://www.ahrq.gov/sites/default/files/wysiwyg/chsp/compendium/chsp-compendium-2023-rev.xlsx,AHRQ Compendium 2023 (system file rev. 2025-09); systems as of end-2023,True,7217868976.0,HCRIS FY2023 (FY2022 fallback); acute member hospitals; G-3 line 3,1,7241482924.0,HCRIS FY2024 (periods beginning 2023-10-01..2024-09-30); acute member CCNs; annualized where needed,1,0,0.3,False,True,False,False,https://data.cms.gov/sites/default/files/2026-09/e85544f7-57ef-477e-9640-313ac0aac400/CostReport_2024_Final.csv,CMS Hospital Provider Cost Report FY2024 (periods beginning 2023-10-01..2024-09-30); file modified 2026-09-29,True,University Hospitals,unchanged,,https://en.wikipedia.org/wiki/University_Hospitals_Cleveland_Medical_Center,,"Owned, accredited",Medium,"UH website (UH Meds, LLC claims ACHC and URAC); no matching roster record found",University Hospitals Specialty Pharmacy | UH Meds,"UH Meds, LLC (University Hospitals subsidiary)",ACHC and URAC (claimed on UH website; no record id matched),,https://www.uhhospitals.org/services/pharmacy-services/services/specialty-pharmacy | https://www.uhhospitals.org/services/home-care-services/traditional-home-care/services-and-treatments/infusion-services,2026-10-02,UH site states its specialty pharmacy is ACHC and URAC accredited but the URAC/ACHC rosters showed no matching record; Shields list does not include UH.,,
HSI00000507,Integris Health,Oklahoma City,OK,OK,1,True,10,10,1169.0,1.0,1.0,nonprofit,95.3,2,2023 (rev. 2025-09),https://www.ahrq.gov/sites/default/files/wysiwyg/chsp/compendium/chsp-compendium-2023-rev.xlsx,AHRQ Compendium 2023 (system file rev. 2025-09); systems as of end-2023,True,1749630034.0,HCRIS FY2023 (FY2022 fallback); acute member hospitals; G-3 line 3,1,2075499917.0,HCRIS FY2024 (periods beginning 2023-10-01..2024-09-30); acute member CCNs; annualized where needed,1,0,18.6,False,True,False,False,https://data.cms.gov/sites/default/files/2026-09/e85544f7-57ef-477e-9640-313ac0aac400/CostReport_2024_Final.csv,CMS Hospital Provider Cost Report FY2024 (periods beginning 2023-10-01..2024-09-30); file modified 2026-09-29,True,Integris Health,unchanged,,https://integrishealth.org/services/medical/pharmacy,,"Owned, accredited",High,URAC SPP010431 + ACHC 71039 + NPPES + system pharmacy page,INTEGRIS Pharmacy 4188 | INTEGRIS Health Cancer Institute Pharmacy,"INTEGRIS ProHealth, Inc. (Integris subsidiary)",URAC SPP010431 Specialty Pharmacy | ACHC 71039 Specialty Pharmacy Services,,https://integrishealth.org/locations/pharmacy/integris-health-pharmacy-cancer-institute | https://www.urac.org/directory/accreditation-details/?certification=SPP010431,2026-10-02,Status search returned only an unrelated Integris IT firm; no health-system change found. Not on Shields list; ProHealth-as-subsidiary is inferred from legal name.,,
HSI00001383,OU Health,Oklahoma City,OK,OK,1,True,2,2,819.0,1.0,1.0,nonprofit,100.0,0,2023 (rev. 2025-09),https://www.ahrq.gov/sites/default/files/wysiwyg/chsp/compendium/chsp-compendium-2023-rev.xlsx,AHRQ Compendium 2023 (system file rev. 2025-09); systems as of end-2023,False,1646713049.0,HCRIS FY2023 (FY2022 fallback); acute member hospitals; G-3 line 3,1,2411266011.0,HCRIS FY2024 (periods beginning 2023-10-01..2024-09-30); acute member CCNs; annualized where needed,1,0,46.4,False,True,True,False,https://data.cms.gov/sites/default/files/2026-09/e85544f7-57ef-477e-9640-313ac0aac400/CostReport_2024_Final.csv,CMS Hospital Provider Cost Report FY2024 (periods beginning 2023-10-01..2024-09-30); file modified 2026-09-29,True,OU Health,unchanged,,https://www.ouhealth.com/about-ou-health/ou-health-for-oklahomans/,,"Owned, not accredited",Low,"own site (curl 200): system-owned retail and infusion pharmacies with home delivery, cold-chain shipping and oncology pharmacy; no explicit specialty pharmacy or accreditation found; not on Shields list",OU Health Pharmacy Campus Central | OU Health Stephenson Cancer Center Pharmacy | OU Health Pharmacy Nicholson Tower,OU Health,,,https://www.ouhealth.com/health-services/pharmacy-services/ | https://www.ouhealth.com/stephenson-cancer-center/cancer-treatments/cancer-pharmacy-services/,2026-10-02,"OU Health is acquiring Dean McGee Eye Institute (expected Jan 2026), not a status change. Specialty dispensing is inferred from home-delivered oncology and cold-chain prescriptions, so confidence is low.",,
HSI00000919,Saint Francis Health System,Tulsa,OK,OK,1,True,8,7,1382.0,1.0,1.0,nonprofit,91.4,1,2023 (rev. 2025-09),https://www.ahrq.gov/sites/default/files/wysiwyg/chsp/compendium/chsp-compendium-2023-rev.xlsx,AHRQ Compendium 2023 (system file rev. 2025-09); systems as of end-2023,True,2000043990.0,HCRIS FY2023 (FY2022 fallback); acute member hospitals; G-3 line 3,2,2453867684.0,HCRIS FY2024 (periods beginning 2023-10-01..2024-09-30); acute member CCNs; annualized where needed,2,0,22.7,False,True,False,False,https://data.cms.gov/sites/default/files/2026-09/e85544f7-57ef-477e-9640-313ac0aac400/CostReport_2024_Final.csv,CMS Hospital Provider Cost Report FY2024 (periods beginning 2023-10-01..2024-09-30); file modified 2026-09-29,True,Saint Francis Health System,unchanged,,https://www.saintfrancis.com/about-us,,"Owned, not accredited",Low,"System pharmacy page lists non-oncology specialty, oncology specialty and home infusion pharmacies; URAC claim only in a search snippet",Saint Francis Warren Clinic Tower Pharmacy | Saint Francis Oncology Pharmacy,"Saint Francis Hospital, Inc.",,,https://www.saintfrancis.com/services/pharmacy | https://npiregistry.cms.hhs.gov/provider-view/1184161283 | https://npiregistry.cms.hhs.gov/provider-view/1487191599,2026-10-02,Search snippet said URAC accredited but the fetched page did not and no URAC record matched; verify. Not on Shields list.,,
HSI00000054,Asante Health System,Medford,OR,OR,1,True,3,3,489.0,1.0,1.0,nonprofit,100.0,0,2023 (rev. 2025-09),https://www.ahrq.gov/sites/default/files/wysiwyg/chsp/compendium/chsp-compendium-2023-rev.xlsx,AHRQ Compendium 2023 (system file rev. 2025-09); systems as of end-2023,False,1111891160.0,HCRIS FY2023 (FY2022 fallback); acute member hospitals; G-3 line 3,0,1253440758.0,HCRIS FY2024 (periods beginning 2023-10-01..2024-09-30); acute member CCNs; annualized where needed,0,0,12.7,False,False,False,False,https://data.cms.gov/sites/default/files/2026-09/e85544f7-57ef-477e-9640-313ac0aac400/CostReport_2024_Final.csv,CMS Hospital Provider Cost Report FY2024 (periods beginning 2023-10-01..2024-09-30); file modified 2026-09-29,True,Asante,unchanged,,https://www.asante.org/about-us/news/2025/changes-coming-for-ashland-community-hospital-in-2026/,,"Owned, accredited",High,"Two ACHC Specialty Pharmacy Services records under Asante, plus asante.org Asante Pharmacy page (search snippet; direct fetch returned 403) and NPPES specialty taxonomy",Asante Pharmacy | Mary & Dick Heimann Cancer Center Pharmacy,"Asante (Asante Health Systems, Inc.)",ACHC 88458 Specialty Pharmacy Services | ACHC 75491 Specialty Pharmacy Services,,"https://organization.achc.org/print?legalCompanyName=Asante&dbaCompanyName=Mary%20&%20Dick%20Heimann%20Cancer%20Center%20Pharmacy&companyID=88458&full_address=Medford,%20OR%2097504&physicalAddress=3011%20E.%20Barnett%20Road, | https://organization.achc.org/print?legalCompanyName=Asante%20Pharmacy&dbaCompanyName=Asante&companyID=75491&full_address=Medford,%20OR%2097504&physicalAddress=2900%20E.%20Barnett%20Rd.%20Suite%201, | https://www.asante.org/services/asante-pharmacy/ | https://npiregistry.cms.hhs.gov/provider-view/1699426684",2026-10-02,Ashland Community Hospital is becoming a satellite campus of Rogue Regional in 2026; system otherwise unchanged. Not on Shields list.,,
HSI00000416,Grande Ronde Hospital and Clinics,La Grande,OR,OR,1,True,1,1,25.0,0.0,1.0,nonprofit,100.0,0,2023 (rev. 2025-09),https://www.ahrq.gov/sites/default/files/wysiwyg/chsp/compendium/chsp-compendium-2023-rev.xlsx,AHRQ Compendium 2023 (system file rev. 2025-09); systems as of end-2023,False,134753078.0,HCRIS FY2023 (FY2022 fallback); acute member hospitals; G-3 line 3,0,148153101.0,HCRIS FY2024 (periods beginning 2023-10-01..2024-09-30); acute member CCNs; annualized where needed,0,0,9.9,False,False,False,False,https://data.cms.gov/sites/default/files/2026-09/e85544f7-57ef-477e-9640-313ac0aac400/CostReport_2024_Final.csv,CMS Hospital Provider Cost Report FY2024 (periods beginning 2023-10-01..2024-09-30); file modified 2026-09-29,True,Grande Ronde Hospital and Clinics,unchanged,,https://www.grh.org/,,None found,Medium,Own site read via curl: infusion and oncology pages describe clinic infusion administration only; no specialty or outpatient pharmacy page; Oregon registry shows hospital pharmacy only,GRH Pharmacy,Grande Ronde Hospital,,,https://www.grh.org/our-services/infusion-services/ | https://www.grh.org/our-services/hematology-and-oncology/ | https://www.oregon.gov/pharmacy/Documents/List_of_Registered_Pharmacies.pdf,2026-10-02,Home Care Services page exists but no home infusion pharmacy was identified. No accreditation candidates.,,
HSI00000576,Legacy Health,Portland,OR,OR;WA,2,True,7,7,1005.0,1.0,1.0,nonprofit,97.6,1,2023 (rev. 2025-09),https://www.ahrq.gov/sites/default/files/wysiwyg/chsp/compendium/chsp-compendium-2023-rev.xlsx,AHRQ Compendium 2023 (system file rev. 2025-09); systems as of end-2023,True,2495594168.0,HCRIS FY2023 (FY2022 fallback); acute member hospitals; G-3 line 3,0,2868950782.0,HCRIS FY2024 (periods beginning 2023-10-01..2024-09-30); acute member CCNs; annualized where needed,0,0,15.0,False,False,False,False,https://data.cms.gov/sites/default/files/2026-09/e85544f7-57ef-477e-9640-313ac0aac400/CostReport_2024_Final.csv,CMS Hospital Provider Cost Report FY2024 (periods beginning 2023-10-01..2024-09-30); file modified 2026-09-29,True,Legacy Health,unchanged,,https://www.opb.org/article/2025/05/05/ohsu-legacy-merger/,2025-05-05,"Owned, accredited",High,URAC and ACHC records for Legacy Salmon Creek Apothecary; Legacy pages say specialty meds available via Apothecaries,The Apothecary at Salmon Creek | Legacy Salmon Creek Apothecary | Legacy Pharmacy at Holladay Park,Legacy Salmon Creek Hospital (member hospital),URAC SPP010200 Specialty Pharmacy | ACHC 78749 Specialty Pharmacy Services,,https://www.urac.org/directory/accreditation-details/?certification=SPP010200 | https://www.legacyhealth.org/doctors-and-locations/pharmacy/good-sam,2026-10-02,"OHSU merger was called off May 2025. Option Care at Legacy Health is an infusion JV, noted, but system owns accredited specialty pharmacy.",,
HSI00000912,Saint Charles Health System,Bend,OR,OR,1,True,4,4,340.0,0.0,1.0,nonprofit,100.0,0,2023 (rev. 2025-09),https://www.ahrq.gov/sites/default/files/wysiwyg/chsp/compendium/chsp-compendium-2023-rev.xlsx,AHRQ Compendium 2023 (system file rev. 2025-09); systems as of end-2023,False,864097261.0,HCRIS FY2023 (FY2022 fallback); acute member hospitals; G-3 line 3,1,1156850667.0,HCRIS FY2024 (periods beginning 2023-10-01..2024-09-30); acute member CCNs; annualized where needed,1,0,33.9,False,True,True,False,https://data.cms.gov/sites/default/files/2026-09/e85544f7-57ef-477e-9640-313ac0aac400/CostReport_2024_Final.csv,CMS Hospital Provider Cost Report FY2024 (periods beginning 2023-10-01..2024-09-30); file modified 2026-09-29,True,St. Charles Health System,unchanged,,https://stcharleshealthcare.org/about-us,,"Owned, accredited",High,URAC SPP010268 and ACHC 96535 agree; NPPES and system website corroborate,St. Charles Specialty Pharmacy,"St. Charles Health System, Inc.",URAC SPP010268 Specialty Pharmacy | ACHC 96535 Specialty Pharmacy Services,,https://www.urac.org/directory/accreditation-details/?certification=SPP010268 | https://stcharleshealthcare.org/services/specialty-pharmacy,2026-10-02,"Merged with The Center for Orthopedics & Neurosurgery in Feb 2025; system name unchanged. ACHC record names the pharmacy as the legal entity, treated as a system subsidiary on the shared address with the URAC record.",,
HSI00000947,Salem Health Hospitals and Clinics,Salem,OR,OR,1,True,2,2,559.0,0.0,1.0,nonprofit,100.0,0,2023 (rev. 2025-09),https://www.ahrq.gov/sites/default/files/wysiwyg/chsp/compendium/chsp-compendium-2023-rev.xlsx,AHRQ Compendium 2023 (system file rev. 2025-09); systems as of end-2023,False,916982146.0,HCRIS FY2023 (FY2022 fallback); acute member hospitals; G-3 line 3,0,1083840708.0,HCRIS FY2024 (periods beginning 2023-10-01..2024-09-30); acute member CCNs; annualized where needed,0,0,18.2,False,False,False,False,https://data.cms.gov/sites/default/files/2026-09/e85544f7-57ef-477e-9640-313ac0aac400/CostReport_2024_Final.csv,CMS Hospital Provider Cost Report FY2024 (periods beginning 2023-10-01..2024-09-30); file modified 2026-09-29,True,Salem Health Hospitals & Clinics,unchanged,,https://www.kptv.com/2026/09/03/santiam-hospital-clinics-become-part-salem-health-merger-is-finalized/,2026-09-03,None found,Medium,Own website pharmacy page shows retail outpatient pharmacy and infusion clinic only; no candidates,,,,,https://salemhealth.org/services/pharmacy,2026-10-02,"Salem Health is the acquirer of Santiam Hospital (merger finalized Sept 2026), so its own status is unchanged. A search snippet shows only 340B contract pharmacy ties to CVS Specialty/CarelonRx, not an owned specialty pharmacy.",,
HSI00000951,Samaritan Health Services,Corvallis,OR,OR,1,True,5,5,298.0,0.0,1.0,nonprofit,100.0,0,2023 (rev. 2025-09),https://www.ahrq.gov/sites/default/files/wysiwyg/chsp/compendium/chsp-compendium-2023-rev.xlsx,AHRQ Compendium 2023 (system file rev. 2025-09); systems as of end-2023,False,1134385329.0,HCRIS FY2023 (FY2022 fallback); acute member hospitals; G-3 line 3,0,1170793983.0,HCRIS FY2024 (periods beginning 2023-10-01..2024-09-30); acute member CCNs; annualized where needed,0,0,3.2,False,False,False,False,https://data.cms.gov/sites/default/files/2026-09/e85544f7-57ef-477e-9640-313ac0aac400/CostReport_2024_Final.csv,CMS Hospital Provider Cost Report FY2024 (periods beginning 2023-10-01..2024-09-30); file modified 2026-09-29,True,Samaritan Health Services,unchanged,,https://www.multicare.org/newsroom/2026/08/oregon-health-authority-approves-samaritans-affiliation-with-multicare-health-system-advancing-investment-in-local-healthcare/,,"Owned, accredited",High,URAC SPP010543 + ACHC 87316 held by member hospital Good Samaritan Hospital Corvallis,Samaritan Specialty Pharmacy,Good Samaritan Hospital Corvallis (member hospital),URAC SPP010543 Specialty Pharmacy | ACHC 87316 Specialty Pharmacy Services,,"https://www.urac.org/directory/accreditation-details/?certification=SPP010543 | https://organization.achc.org/print?legalCompanyName=Good%20Samaritan%20Hospital%20Corvallis&dbaCompanyName=Samaritan%20Specialty%20Pharmacy&companyID=87316&full_address=Corvallis,%20OR%2097330&physicalAddress=2300%20NW%20Walnut%20Blvd,%20Lower%20Level, | https://samhealth.org/health-services/all-services/pharmacy/",2026-10-02,"OHA approved the MultiCare affiliation in Aug 2026; closing targeted early Q4 2026, not yet complete as of search. Classified as unchanged until it closes.",,
HSI00000994,Sky Lakes Medical Center,Klamath Falls,OR,OR,1,True,1,1,90.0,0.0,1.0,nonprofit,100.0,0,2023 (rev. 2025-09),https://www.ahrq.gov/sites/default/files/wysiwyg/chsp/compendium/chsp-compendium-2023-rev.xlsx,AHRQ Compendium 2023 (system file rev. 2025-09); systems as of end-2023,False,288377272.0,HCRIS FY2023 (FY2022 fallback); acute member hospitals; G-3 line 3,0,308107327.0,HCRIS FY2024 (periods beginning 2023-10-01..2024-09-30); acute member CCNs; annualized where needed,0,0,6.8,False,False,False,False,https://data.cms.gov/sites/default/files/2026-09/e85544f7-57ef-477e-9640-313ac0aac400/CostReport_2024_Final.csv,CMS Hospital Provider Cost Report FY2024 (periods beginning 2023-10-01..2024-09-30); file modified 2026-09-29,True,Sky Lakes Medical Center,unchanged,,https://www.skylakes.org/services/pharmacy/specialty-pharmacy/,,"Owned, accredited",High,"URAC SPP010441 + ACHC 95378 + NPPES, all under Sky Lakes Medical Center Inc; own web page confirms ACHC and URAC accreditation",Sky Lakes Specialty Pharmacy,"Sky Lakes Medical Center, Inc",URAC SPP010441 Specialty Pharmacy | ACHC 95378 Specialty Pharmacy Services,,https://www.skylakes.org/services/pharmacy/specialty-pharmacy/ | https://www.urac.org/directory/accreditation-details/?certification=SPP010441,2026-10-02,"Hospital-owned entity at hospital address; no outside manager found. The status search was folded into the specialty-pharmacy search, so status is based on current system web pages only.",,
HSI00000025,Allegheny Health Network,Pittsburgh,PA,NY;PA,2,True,11,11,2082.0,0.0,1.0,nonprofit,98.1,1,2023 (rev. 2025-09),https://www.ahrq.gov/sites/default/files/wysiwyg/chsp/compendium/chsp-compendium-2023-rev.xlsx,AHRQ Compendium 2023 (system file rev. 2025-09); systems as of end-2023,True,3195648927.0,HCRIS FY2023 (FY2022 fallback); acute member hospitals; G-3 line 3,0,3612631248.0,HCRIS FY2024 (periods beginning 2023-10-01..2024-09-30); acute member CCNs; annualized where needed,0,0,13.0,False,False,False,True,https://data.cms.gov/sites/default/files/2026-09/e85544f7-57ef-477e-9640-313ac0aac400/CostReport_2024_Final.csv,CMS Hospital Provider Cost Report FY2024 (periods beginning 2023-10-01..2024-09-30); file modified 2026-09-29,True,Allegheny Health Network,unchanged,,https://www.healthcaredive.com/news/allegheny-health-network-heritage-valley-health-system-merger-pennsylvania/824343/,,"Owned, accredited",Medium,"URAC SPP010131 (West Penn Allegheny Health System, AHN predecessor entity) + NPPES specialty-primary record",West Penn Central Pharmacy,"West Penn Allegheny Health System, Inc. (AHN legal entity within Highmark Health)",URAC SPP010131 Specialty Pharmacy,,https://www.urac.org/directory/accreditation-details/?certification=SPP010131 | https://npiregistry.cms.hhs.gov/provider-view/1154281806,2026-10-02,"No AHN-website specialty pharmacy page was found in search, so confidence is Medium. AHN is a Highmark Health subsidiary (insurer parent, nonprofit).",,
HSI00000051,Armstrong County Memorial Hospital,Kittanning,PA,PA,1,True,1,1,95.0,0.0,1.0,nonprofit,100.0,0,2023 (rev. 2025-09),https://www.ahrq.gov/sites/default/files/wysiwyg/chsp/compendium/chsp-compendium-2023-rev.xlsx,AHRQ Compendium 2023 (system file rev. 2025-09); systems as of end-2023,False,119911605.0,HCRIS FY2023 (FY2022 fallback); acute member hospitals; G-3 line 3,0,136826131.0,HCRIS FY2024 (periods beginning 2023-10-01..2024-09-30); acute member CCNs; annualized where needed,0,0,14.1,False,False,False,False,https://data.cms.gov/sites/default/files/2026-09/e85544f7-57ef-477e-9640-313ac0aac400/CostReport_2024_Final.csv,CMS Hospital Provider Cost Report FY2024 (periods beginning 2023-10-01..2024-09-30); file modified 2026-09-29,True,Armstrong County Memorial Hospital,unchanged,"Mountains Health (formerly Pennsylvania Mountains Care Network), affiliation only; hospital remains separate nonprofit",https://www.acmh.org/Resource-AFFILIATION-ANNOUNCEMENT,2024-07-01,None found,Low,No candidates; acmh.org about page and search show only an in-hospital infusion center and 340B participation,,,,,https://www.acmh.org/about-acmh,2026-10-02,"Joined a network affiliation July 2024 but kept separate licensure and identity, so classified on its own. Only an Infusion Center was found; no pharmacy page located.",,
HSI00000146,Butler Health System,Butler,PA,PA,1,True,2,2,332.0,0.0,1.0,nonprofit,100.0,0,2023 (rev. 2025-09),https://www.ahrq.gov/sites/default/files/wysiwyg/chsp/compendium/chsp-compendium-2023-rev.xlsx,AHRQ Compendium 2023 (system file rev. 2025-09); systems as of end-2023,False,326635300.0,HCRIS FY2023 (FY2022 fallback); acute member hospitals; G-3 line 3,0,356467617.0,HCRIS FY2024 (periods beginning 2023-10-01..2024-09-30); acute member CCNs; annualized where needed,0,0,9.1,False,False,False,False,https://data.cms.gov/sites/default/files/2026-09/e85544f7-57ef-477e-9640-313ac0aac400/CostReport_2024_Final.csv,CMS Hospital Provider Cost Report FY2024 (periods beginning 2023-10-01..2024-09-30); file modified 2026-09-29,True,Independence Health System,renamed,,https://www.independence.health/newsroom/2023/may/excela-butler-change-name-to-independence-health/,2023-05-24,None found,Low,"No candidates; Independence Health System pharmacy page lists only retail/outpatient pharmacies (Butler, Westmoreland)",Butler Memorial Hospital Retail Pharmacy | Westmoreland Hospital Outpatient Pharmacy,,,,https://www.independence.health/services/pharmacy/,2026-10-02,Butler merged with Excela Health on 2023-01-01 and renamed Independence Health System in May 2023. Not on Shields list; only retail pharmacies found.,,
HSI00000320,Doylestown Health,Doylestown,PA,PA,1,True,1,1,247.0,0.0,1.0,nonprofit,100.0,0,2023 (rev. 2025-09),https://www.ahrq.gov/sites/default/files/wysiwyg/chsp/compendium/chsp-compendium-2023-rev.xlsx,AHRQ Compendium 2023 (system file rev. 2025-09); systems as of end-2023,False,317137834.0,HCRIS FY2023 (FY2022 fallback); acute member hospitals; G-3 line 3,0,373042132.0,HCRIS FY2024 (periods beginning 2023-10-01..2024-09-30); acute member CCNs; annualized where needed,0,0,17.6,False,False,False,False,https://data.cms.gov/sites/default/files/2026-09/e85544f7-57ef-477e-9640-313ac0aac400/CostReport_2024_Final.csv,CMS Hospital Provider Cost Report FY2024 (periods beginning 2023-10-01..2024-09-30); file modified 2026-09-29,True,Penn Medicine Doylestown Health,acquired by,University of Pennsylvania Health System (Penn Medicine),https://www.inquirer.com/health/penn-medicine-doylestown-health-completing-merger-20250327.html,2025-04-01,"Owned, accredited",Medium,via Penn Medicine: Penn Specialty Pharmacy Services described as URAC and ACHC accredited on Penn pharmacy page (search snippet); URAC directory lists UPenn facilities in Philadelphia and Radnor,Penn Specialty Pharmacy,University of Pennsylvania Health System,"URAC Specialty Pharmacy (Penn, per Penn site) | ACHC (Penn pharmacy services, per Penn site)",,https://www.pennmedicine.org/services/pharmacy | https://accreditnet2.urac.org/UracPortal/Directory/CompanyView/3026/820/68e1a9f9-beb7-4947-95aa-c5aa21db64a7,2026-10-02,Penn pages did not load directly so accreditation rests on search snippets. No Doylestown-specific specialty pharmacy site found; tier follows the acquirer.,,
HSI00000352,Evangelical Community Hospital,Lewisburg,PA,PA,1,True,1,1,119.0,0.0,1.0,nonprofit,100.0,0,2023 (rev. 2025-09),https://www.ahrq.gov/sites/default/files/wysiwyg/chsp/compendium/chsp-compendium-2023-rev.xlsx,AHRQ Compendium 2023 (system file rev. 2025-09); systems as of end-2023,False,223605081.0,HCRIS FY2023 (FY2022 fallback); acute member hospitals; G-3 line 3,0,249937537.0,HCRIS FY2024 (periods beginning 2023-10-01..2024-09-30); acute member CCNs; annualized where needed,0,0,11.8,False,False,False,False,https://data.cms.gov/sites/default/files/2026-09/e85544f7-57ef-477e-9640-313ac0aac400/CostReport_2024_Final.csv,CMS Hospital Provider Cost Report FY2024 (periods beginning 2023-10-01..2024-09-30); file modified 2026-09-29,True,WellSpan Evangelical Community Hospital,acquired by,WellSpan Health,https://www.wellspan.org/choose-evangelical,2024-07-08,"Owned, not accredited",Low,"via WellSpan Health; WellSpan Specialty Pharmacy (Fairfield, PA) and WellSpan Infusion Service; no accreditation found",WellSpan Specialty Pharmacy | WellSpan Infusion Service,WellSpan Health,,,https://www.wellspan.org/-/media/Project/Wellspan-Site-Tenant/wellspan-site/data/media/files/Locations/Specialty-Pharmacy/PharmacyWelcomePacket.pdf | http://www.wellspan.org/programs-services/all-wellspan-services-(a-z)/infusion-services/,2026-10-02,Not confirmed that WellSpan Specialty Pharmacy serves the Lewisburg hospital specifically; accreditation not verified (no URAC/ACHC candidate matched). Needs follow-up on WellSpan accreditation.,,HSI00001243
HSI00000354,Excela Health,Greensburg,PA,PA,1,True,3,3,431.0,0.0,1.0,nonprofit,100.0,0,2023 (rev. 2025-09),https://www.ahrq.gov/sites/default/files/wysiwyg/chsp/compendium/chsp-compendium-2023-rev.xlsx,AHRQ Compendium 2023 (system file rev. 2025-09); systems as of end-2023,False,511850251.0,HCRIS FY2023 (FY2022 fallback); acute member hospitals; G-3 line 3,0,543275101.0,HCRIS FY2024 (periods beginning 2023-10-01..2024-09-30); acute member CCNs; annualized where needed,0,0,6.1,False,False,False,False,https://data.cms.gov/sites/default/files/2026-09/e85544f7-57ef-477e-9640-313ac0aac400/CostReport_2024_Final.csv,CMS Hospital Provider Cost Report FY2024 (periods beginning 2023-10-01..2024-09-30); file modified 2026-09-29,True,Independence Health System,merged into,Independence Health System,https://www.independence.health/newsroom/2023/may/excela-butler-change-name-to-independence-health/,2023-01-01,None found,Low,No candidates; Independence Health System pharmacy page lists only retail/outpatient pharmacies,Westmoreland Hospital Outpatient Pharmacy,Independence Health System,,,https://www.independence.health/services/pharmacy/ | https://www.independence.health/newsroom/2025/february/independence-health-system-unveils-outpatient-ph/,2026-10-02,"Excela merged with Butler Health System 2023-01-01 and renamed Independence Health System; classified under the combined system. Only outpatient retail pharmacy found, no specialty or infusion pharmacy.",,HSI00000146
HSI00000388,Geisinger,Danville,PA,PA,1,True,9,9,1292.0,0.0,1.0,nonprofit,100.0,0,2023 (rev. 2025-09),https://www.ahrq.gov/sites/default/files/wysiwyg/chsp/compendium/chsp-compendium-2023-rev.xlsx,AHRQ Compendium 2023 (system file rev. 2025-09); systems as of end-2023,False,3221443265.0,HCRIS FY2023 (FY2022 fallback); acute member hospitals; G-3 line 3,2,4269348090.0,HCRIS FY2024 (periods beginning 2023-10-01..2024-09-30); acute member CCNs; annualized where needed,2,1,32.5,False,True,True,False,https://data.cms.gov/sites/default/files/2026-09/e85544f7-57ef-477e-9640-313ac0aac400/CostReport_2024_Final.csv,CMS Hospital Provider Cost Report FY2024 (periods beginning 2023-10-01..2024-09-30); file modified 2026-09-29,True,Geisinger,acquired by,Risant Health,https://www.geisinger.org/about-geisinger/news-and-media/news-releases/2024/04/02/15/07/risant-health-completes-acquisition-of-geisinger,2024-03-31,"Owned, accredited",High,URAC SPP010578 + ACHC 79146 etc.; Geisinger's own pharmacy (Risant has no separate specialty pharmacy serving these hospitals),Geisinger Specialty Pharmacy | Geisinger Home Infusion Services,"Geisinger Pharmacy, LLC (Geisinger subsidiary)",URAC SPP010578 Specialty Pharmacy | ACHC 79146 Specialty Pharmacy Services | ACHC 89179 Specialty Pharmacy Services | ACHC 89180 Specialty Pharmacy Services | ACHC 89181 Specialty Pharmacy Services,,https://www.urac.org/directory/accreditation-details/?certification=SPP010578 | https://www.prnewswire.com/news-releases/risant-health-completes-acquisition-of-geisinger-302105927.html,2026-10-02,"Geisinger joined nonprofit Risant Health (Kaiser) in 2024 and keeps its own name. Home infusion ACHC records (82119, 86417, 95240, 96643) are the same Geisinger Pharmacy LLC.",,
HSI00000415,Grand View Hospital,Sellersville,PA,PA,1,True,1,1,180.0,0.0,1.0,nonprofit,100.0,0,2023 (rev. 2025-09),https://www.ahrq.gov/sites/default/files/wysiwyg/chsp/compendium/chsp-compendium-2023-rev.xlsx,AHRQ Compendium 2023 (system file rev. 2025-09); systems as of end-2023,False,236302074.0,HCRIS FY2023 (FY2022 fallback); acute member hospitals; G-3 line 3,0,275227452.0,HCRIS FY2024 (periods beginning 2023-10-01..2024-09-30); acute member CCNs; annualized where needed,0,0,16.5,False,False,False,False,https://data.cms.gov/sites/default/files/2026-09/e85544f7-57ef-477e-9640-313ac0aac400/CostReport_2024_Final.csv,CMS Hospital Provider Cost Report FY2024 (periods beginning 2023-10-01..2024-09-30); file modified 2026-09-29,True,Grand View Health (St. Luke's University Health Network),acquired by,St. Luke's University Health Network,https://bucksco.today/2025/07/grand-view-health-st-lukes-network/,2025-07-01,"Owned, not accredited",Low,via St. Luke's University Health Network (HomeStar Rx and Infusion Services web page),St. Luke's HomeStar Pharmacy (Rx and Infusion Services),St. Luke's University Health Network,,,https://www.slhn.org/homestar-pharmacy | https://bucksco.today/2025/07/grand-view-health-st-lukes-network/,2026-10-02,"No accreditation found for HomeStar, and the page does not say it serves Grand View; no Shields listing. Call is thin and should be spot-checked.",,HSI00000936
HSI00000430,Guthrie Healthcare System,Sayre,PA,NY;PA,2,True,5,5,426.0,0.0,1.0,nonprofit,100.0,0,2023 (rev. 2025-09),https://www.ahrq.gov/sites/default/files/wysiwyg/chsp/compendium/chsp-compendium-2023-rev.xlsx,AHRQ Compendium 2023 (system file rev. 2025-09); systems as of end-2023,False,789070697.0,HCRIS FY2023 (FY2022 fallback); acute member hospitals; G-3 line 3,1,983794718.0,HCRIS FY2024 (periods beginning 2023-10-01..2024-09-30); acute member CCNs; annualized where needed,1,0,24.7,False,True,False,False,https://data.cms.gov/sites/default/files/2026-09/e85544f7-57ef-477e-9640-313ac0aac400/CostReport_2024_Final.csv,CMS Hospital Provider Cost Report FY2024 (periods beginning 2023-10-01..2024-09-30); file modified 2026-09-29,True,The Guthrie Clinic,unchanged,,https://www.guthrie.org/services-treatments/specialty-pharmacy,,"Owned, not accredited",Medium,Guthrie website specialty pharmacy page plus NPPES specialty record; no accreditation found; not on Shields list,Guthrie Specialty Pharmacy (Johnson City Pavilion),"Our Lady of Lourdes Memorial Hospital, Inc. (Guthrie member)",,,https://www.guthrie.org/services-treatments/specialty-pharmacy | https://npiregistry.cms.hhs.gov/provider-view/1730982596,2026-10-02,Guthrie Specialty Pharmacy at 501 Reynolds Rd is run by Guthrie (Lourdes entity); page lists no URAC/ACHC accreditation and no outside manager.,,
HSI00000476,Heritage Valley Health System,Beaver,PA,PA,1,True,3,3,365.0,0.0,1.0,nonprofit,23.8,2,2023 (rev. 2025-09),https://www.ahrq.gov/sites/default/files/wysiwyg/chsp/compendium/chsp-compendium-2023-rev.xlsx,AHRQ Compendium 2023 (system file rev. 2025-09); systems as of end-2023,True,377419696.0,HCRIS FY2023 (FY2022 fallback); acute member hospitals; G-3 line 3,0,342822760.0,HCRIS FY2024 (periods beginning 2023-10-01..2024-09-30); acute member CCNs; annualized where needed,1,0,-9.2,False,True,False,False,https://data.cms.gov/sites/default/files/2026-09/e85544f7-57ef-477e-9640-313ac0aac400/CostReport_2024_Final.csv,CMS Hospital Provider Cost Report FY2024 (periods beginning 2023-10-01..2024-09-30); file modified 2026-09-29,True,AHN Beaver Hospital-Heritage Valley; AHN Sewickley Hospital-Heritage Valley,merged into,Allegheny Health Network (Highmark Health),https://www.prnewswire.com/news-releases/heritage-valley-health-system-enters-new-era-as-part-of-allegheny-health-network-302815526.html,2026-07-02,Managed or partnered,Medium,Co-owner of Chartwell Pennsylvania LP (URAC specialty and ACHC accredited home infusion/specialty JV) which is in the Shields Excelera network; no wholly owned specialty pharmacy; hospital retail pharmacies only,Chartwell Pennsylvania LP (JV) | Heritage Valley retail pharmacies,"Chartwell Pennsylvania LP (UPMC, Butler Health System, Heritage Valley, Washington Health System)","URAC Specialty Pharmacy (Chartwell, per chartwellpa.com) | ACHC (Chartwell, per chartwellpa.com)","Shields Health Solutions (Excelera network, via Chartwell JV); UPMC-led JV",https://chartwellpa.com/about/about-chartwell.asp | https://shieldshealthsolutions.com/chartwell-pennsylvania-lp-affiliated-with-upmc-d-b-a-university-of-pittsburgh-medical-center-joins-the-excelera-network-to-optimize-specialty-pharmacy-and-home-infusion-services/ | https://www.heritagevalley.org/services/retail-pharmacy-2,2026-10-02,"Heritage Valley is not itself on the Shields partner list; the call rests on the Chartwell JV (Shields Excelera network, UPMC-led), so partnered rather than owned. AHN own specialty pharmacy was not assessed.",,
HSI00000488,Holy Redeemer Health System,Huntingdon Valley,PA,PA,1,True,1,1,213.0,1.0,2.0,church-operated,100.0,0,2023 (rev. 2025-09),https://www.ahrq.gov/sites/default/files/wysiwyg/chsp/compendium/chsp-compendium-2023-rev.xlsx,AHRQ Compendium 2023 (system file rev. 2025-09); systems as of end-2023,False,216163220.0,HCRIS FY2023 (FY2022 fallback); acute member hospitals; G-3 line 3,0,237333730.0,HCRIS FY2024 (periods beginning 2023-10-01..2024-09-30); acute member CCNs; annualized where needed,0,0,9.8,False,False,False,False,https://data.cms.gov/sites/default/files/2026-09/e85544f7-57ef-477e-9640-313ac0aac400/CostReport_2024_Final.csv,CMS Hospital Provider Cost Report FY2024 (periods beginning 2023-10-01..2024-09-30); file modified 2026-09-29,True,Redeemer Health,renamed,,https://www.redeemerhealth.org/locations/easyrx-specialty-pharmacy-services,,"Owned, accredited",High,ACHC 99188 Specialty Pharmacy Services plus Redeemer Health web page on in-house EasyRx specialty team,EasyRx at Holy Redeemer,Holy Redeemer Health System (Redeemer Health),ACHC 99188 Specialty Pharmacy Services | ACHC 93563 Home Infusion Therapy,,https://www.redeemerhealth.org/locations/easyrx-specialty-pharmacy-services | https://www.redeemerhealth.org/services/health-care/pharmacy-services,2026-10-02,"Rebranded Redeemer Health; divested NJ home care to BAYADA (Oct 2024) and Chestnut Hill stake to Temple (2025), hospital still operating. Not on Shields list; EasyRx page did not state accreditation, ACHC record is the source.",,
HSI00001324,Indiana Regional Medical Center,Indiana,PA,PA,1,True,1,1,134.0,0.0,1.0,nonprofit,100.0,0,2023 (rev. 2025-09),https://www.ahrq.gov/sites/default/files/wysiwyg/chsp/compendium/chsp-compendium-2023-rev.xlsx,AHRQ Compendium 2023 (system file rev. 2025-09); systems as of end-2023,False,189722674.0,HCRIS FY2023 (FY2022 fallback); acute member hospitals; G-3 line 3,0,233329634.0,HCRIS FY2024 (periods beginning 2023-10-01..2024-09-30); acute member CCNs; annualized where needed,0,0,23.0,False,False,False,False,https://data.cms.gov/sites/default/files/2026-09/e85544f7-57ef-477e-9640-313ac0aac400/CostReport_2024_Final.csv,CMS Hospital Provider Cost Report FY2024 (periods beginning 2023-10-01..2024-09-30); file modified 2026-09-29,True,Indiana Regional Medical Center,unchanged,,https://www.irmc.org/,,None found,Medium,"Own site fetched via curl: infusion center page and services menu show hospital infusion center only, no pharmacy page; not on Shields list",,,,,https://www.irmc.org/services/infusion-services/ | https://www.irmc.org/,2026-10-02,"Footer reads A Partner of Mountains Health (PA Mountains Care Network rebranded Jan 2026), a hospital partnership; IRMC retains its name. Infusion is a hospital infusion center, not an infusion pharmacy.",,
HSI00000048,Jefferson Health,Philadelphia,PA,NJ;PA,2,True,9,7,3181.0,1.0,1.0,nonprofit,100.0,0,2023 (rev. 2025-09),https://www.ahrq.gov/sites/default/files/wysiwyg/chsp/compendium/chsp-compendium-2023-rev.xlsx,AHRQ Compendium 2023 (system file rev. 2025-09); systems as of end-2023,False,5252085804.0,HCRIS FY2023 (FY2022 fallback); acute member hospitals; G-3 line 3,0,5688835406.0,HCRIS FY2024 (periods beginning 2023-10-01..2024-09-30); acute member CCNs; annualized where needed,0,0,8.3,False,False,False,False,https://data.cms.gov/sites/default/files/2026-09/e85544f7-57ef-477e-9640-313ac0aac400/CostReport_2024_Final.csv,CMS Hospital Provider Cost Report FY2024 (periods beginning 2023-10-01..2024-09-30); file modified 2026-09-29,True,Jefferson Health,unchanged,,https://www.jeffersonhealth.org/about-us,,"Owned, accredited",High,"URAC SPP010262 and SPP010363, ACHC 77949, Jefferson web pages; not on Shields list",Jefferson Specialty Pharmacy | Einstein at Center One Pharmacy | Jefferson Home Infusion Services,"Walnut Home Therapeutics, Inc. (Jefferson subsidiary); Albert Einstein Medical Center (member hospital)",URAC SPP010262 Specialty Pharmacy | URAC SPP010363 Specialty Pharmacy | ACHC 77949 Specialty Pharmacy Services,,https://www.jeffersonhealth.org/clinical-specialties/specialty-pharmacy | https://www.jeffersonhealth.org/locations/center-one-pharmacy | https://www.urac.org/directory/accreditation-details/?certification=SPP010262 | https://www.urac.org/directory/accreditation-details/?certification=SPP010363,2026-10-02,"Two system-owned URAC-accredited pharmacies. Walnut Home Therapeutics ownership is inferred from the Jefferson-branded dba and Jefferson web pages, not a corporate filing.",,
HSI00000686,Lecom Health,Erie,PA,PA,1,True,2,2,144.0,1.0,1.0,nonprofit,100.0,0,2023 (rev. 2025-09),https://www.ahrq.gov/sites/default/files/wysiwyg/chsp/compendium/chsp-compendium-2023-rev.xlsx,AHRQ Compendium 2023 (system file rev. 2025-09); systems as of end-2023,False,86086800.0,HCRIS FY2023 (FY2022 fallback); acute member hospitals; G-3 line 3,0,108592430.0,HCRIS FY2024 (periods beginning 2023-10-01..2024-09-30); acute member CCNs; annualized where needed,0,0,26.1,False,False,True,False,https://data.cms.gov/sites/default/files/2026-09/e85544f7-57ef-477e-9640-313ac0aac400/CostReport_2024_Final.csv,CMS Hospital Provider Cost Report FY2024 (periods beginning 2023-10-01..2024-09-30); file modified 2026-09-29,True,LECOM Health,renamed,,https://lecom.edu/millcreek-hospital-renamed-to-lecom-medical-center-and-behavioral-health-pavilion/,2025-02-06,None found,Low,No candidates; LECOM pharmacy page and news show only inpatient/outpatient pharmacy and Colonial Family retail pharmacies,Colonial Family Pharmacy,LECOM Health,,,https://lecomhealth.com/pharmacy-services/ | https://lecomhealth.com/news/health-system-news/lecom-augments-health-system-with-new-pharmacies/,2026-10-02,Millcreek Community Hospital renamed LECOM Medical Center and Behavioral Health Pavilion in Feb 2025. Retail pharmacies only; no specialty or home infusion found.,,
HSI00000577,Lehigh Valley Health Network,Allentown,PA,PA,1,True,10,9,1679.0,0.0,1.0,nonprofit,100.0,0,2023 (rev. 2025-09),https://www.ahrq.gov/sites/default/files/wysiwyg/chsp/compendium/chsp-compendium-2023-rev.xlsx,AHRQ Compendium 2023 (system file rev. 2025-09); systems as of end-2023,False,3399868006.0,HCRIS FY2023 (FY2022 fallback); acute member hospitals; G-3 line 3,5,4405645352.0,HCRIS FY2024 (periods beginning 2023-10-01..2024-09-30); acute member CCNs; annualized where needed,4,0,29.6,False,True,True,False,https://data.cms.gov/sites/default/files/2026-09/e85544f7-57ef-477e-9640-313ac0aac400/CostReport_2024_Final.csv,CMS Hospital Provider Cost Report FY2024 (periods beginning 2023-10-01..2024-09-30); file modified 2026-09-29,True,Lehigh Valley Health Network,merged into,Jefferson Health (Thomas Jefferson University),https://www.jefferson.edu/about/news-and-events/2024/08/jefferson-lehigh-valley-health-network-complete-combination.html,2024-08-01,"Owned, accredited",High,"URAC SPP010604 + ACHC 95429 held by Lehigh Valley Hospital, Inc.; via Jefferson (merged 2024)",Lehigh Valley Pharmacy Services,"Lehigh Valley Hospital, Inc. (system member, now Jefferson)",URAC SPP010604 Specialty Pharmacy | ACHC 95429 Specialty Pharmacy Services,,https://www.urac.org/directory/accreditation-details/?certification=SPP010604 | https://www.jeffersonhealth.org/lvhn | https://www.lvhn.org/sites/default/files/2025-09/LVHN%20Pharmacy%20Services%20Annual%20Report%202024.pdf,2026-10-02,Merged into Jefferson Health Aug 2024; LVHN pharmacy continues under its own accreditations. Jefferson's own specialty pharmacy not assessed.,,
HSI00000608,Main Line Health,Bryn Mawr,PA,PA,1,True,5,4,1049.0,0.0,1.0,nonprofit,100.0,0,2023 (rev. 2025-09),https://www.ahrq.gov/sites/default/files/wysiwyg/chsp/compendium/chsp-compendium-2023-rev.xlsx,AHRQ Compendium 2023 (system file rev. 2025-09); systems as of end-2023,False,1640122092.0,HCRIS FY2023 (FY2022 fallback); acute member hospitals; G-3 line 3,0,1946747060.0,HCRIS FY2024 (periods beginning 2023-10-01..2024-09-30); acute member CCNs; annualized where needed,0,0,18.7,False,False,False,False,https://data.cms.gov/sites/default/files/2026-09/e85544f7-57ef-477e-9640-313ac0aac400/CostReport_2024_Final.csv,CMS Hospital Provider Cost Report FY2024 (periods beginning 2023-10-01..2024-09-30); file modified 2026-09-29,True,Main Line Health,unchanged,,https://www.mainlinehealth.org/news/2025/08/08/main-line-health-names-five,,"Owned, not accredited",Medium,"Main Line Health specialty pharmacy web page (in-house, accreditation being pursued)",Main Line Health Specialty Pharmacy,Main Line Health,,,https://www.mainlinehealth.org/specialties/pharmacy/specialty,2026-10-02,"No URAC/ACHC/NPPES candidates; page states URAC and ACHC accreditation is being pursued. Likely to move to Owned, accredited once granted.",,
HSI00000639,Meadville Medical Center,Meadville,PA,PA,1,True,2,2,225.0,0.0,1.0,nonprofit,100.0,0,2023 (rev. 2025-09),https://www.ahrq.gov/sites/default/files/wysiwyg/chsp/compendium/chsp-compendium-2023-rev.xlsx,AHRQ Compendium 2023 (system file rev. 2025-09); systems as of end-2023,False,290822829.0,HCRIS FY2023 (FY2022 fallback); acute member hospitals; G-3 line 3,0,321953567.0,HCRIS FY2024 (periods beginning 2023-10-01..2024-09-30); acute member CCNs; annualized where needed,0,0,10.7,False,False,False,False,https://data.cms.gov/sites/default/files/2026-09/e85544f7-57ef-477e-9640-313ac0aac400/CostReport_2024_Final.csv,CMS Hospital Provider Cost Report FY2024 (periods beginning 2023-10-01..2024-09-30); file modified 2026-09-29,True,Meadville Medical Center,unchanged,,https://www.mmchs.org/news/meadville-medical-center-to-acquire-physician-practices-in-sharon-regional-service-area/,,"Owned, accredited",Medium,System web page (mmchs.org/pharmacy) states ACHC and URAC specialty accreditation for Mill Run pharmacy; not in packet candidates,Mill Run Community Pharmacy,Meadville Medical Center (purchased 2021),"URAC Specialty Pharmacy (per MMC page, earned 2026-05-05; cert number not found) | ACHC Specialty Pharmacy Services (per MMC page; ID not found)",,https://www.mmchs.org/pharmacy/ | https://www.mmchs.org/directory/locations/mill-run-community-pharmacy/,2026-10-02,"Packet had no URAC/ACHC candidates, so accreditation rests on the system's own page; cert IDs should be verified. Not on Shields list; no outside manager mentioned.",,
HSI00000710,Mount Nittany Health System,State College,PA,PA,1,True,1,1,248.0,0.0,1.0,nonprofit,100.0,0,2023 (rev. 2025-09),https://www.ahrq.gov/sites/default/files/wysiwyg/chsp/compendium/chsp-compendium-2023-rev.xlsx,AHRQ Compendium 2023 (system file rev. 2025-09); systems as of end-2023,False,441702485.0,HCRIS FY2023 (FY2022 fallback); acute member hospitals; G-3 line 3,0,505452421.0,HCRIS FY2024 (periods beginning 2023-10-01..2024-09-30); acute member CCNs; annualized where needed,0,0,14.4,False,False,False,False,https://data.cms.gov/sites/default/files/2026-09/e85544f7-57ef-477e-9640-313ac0aac400/CostReport_2024_Final.csv,CMS Hospital Provider Cost Report FY2024 (periods beginning 2023-10-01..2024-09-30); file modified 2026-09-29,True,Mount Nittany Health,unchanged,,https://mountnittany.org/about-us,,None found,Medium,Own website pharmacy and infusion pages show inpatient/anticoag clinic only; no candidates; not on Shields list,,,,,https://mountnittany.org/services/pharmacy/ | https://mountnittany.org/services/infusion-services,2026-10-02,Only hospital infusion center and anticoagulation clinic found; no specialty or outpatient dispensing pharmacy.,,
HSI00000819,Penn Highlands Healthcare,Du Bois,PA,PA,1,True,8,8,633.0,1.0,1.0,nonprofit,100.0,0,2023 (rev. 2025-09),https://www.ahrq.gov/sites/default/files/wysiwyg/chsp/compendium/chsp-compendium-2023-rev.xlsx,AHRQ Compendium 2023 (system file rev. 2025-09); systems as of end-2023,False,744506943.0,HCRIS FY2023 (FY2022 fallback); acute member hospitals; G-3 line 3,1,889573276.0,HCRIS FY2024 (periods beginning 2023-10-01..2024-09-30); acute member CCNs; annualized where needed,1,0,19.5,False,True,False,False,https://data.cms.gov/sites/default/files/2026-09/e85544f7-57ef-477e-9640-313ac0aac400/CostReport_2024_Final.csv,CMS Hospital Provider Cost Report FY2024 (periods beginning 2023-10-01..2024-09-30); file modified 2026-09-29,True,Penn Highlands Healthcare,unchanged,,https://en.wikipedia.org/wiki/Penn_Highlands_Healthcare,,"Owned, accredited",High,URAC SPP010644 and ACHC 97875 plus system news page on specialty pharmacy opened March 2025,Penn Highlands Specialty Pharmacy,DuBois Regional Medical Center (member hospital),URAC SPP010644 Specialty Pharmacy | ACHC 97875 Specialty Pharmacy Services,,https://www.urac.org/directory/accreditation-details/?certification=SPP010644 | https://www.phhealthcare.org/news/penn-highlands-dubois-news/penn-highlands-healthcare-opens-specialty-pharmacy-in-dubois | https://www.phhealthcare.org/location/retail-pharmacy/penn-highlands-specialty-pharmacy-1148,2025-03-05,"Not on Shields list; no outside manager found. Personal care division sold to Help at Home Jan 2025, not relevant to pharmacy.",,
HSI00000821,Penn State Health Milton S Hershey Medical Center,Hershey,PA,PA,1,True,5,5,1061.0,0.0,1.0,nonprofit,100.0,0,2023 (rev. 2025-09),https://www.ahrq.gov/sites/default/files/wysiwyg/chsp/compendium/chsp-compendium-2023-rev.xlsx,AHRQ Compendium 2023 (system file rev. 2025-09); systems as of end-2023,False,2815489002.0,HCRIS FY2023 (FY2022 fallback); acute member hospitals; G-3 line 3,1,3450527813.0,HCRIS FY2024 (periods beginning 2023-10-01..2024-09-30); acute member CCNs; annualized where needed,0,0,22.6,False,True,False,False,https://data.cms.gov/sites/default/files/2026-09/e85544f7-57ef-477e-9640-313ac0aac400/CostReport_2024_Final.csv,CMS Hospital Provider Cost Report FY2024 (periods beginning 2023-10-01..2024-09-30); file modified 2026-09-29,True,Penn State Health,unchanged,,https://www.pennstatehealth.org/locations/milton-s-hershey-medical-center/pharmacy,,"Owned, accredited",High,URAC SPP010077 + Penn State Health pharmacy page (URAC and Joint Commission),Penn State Health Milton S Hershey Medical Center Specialty Pharmacy,Penn State Health Milton S Hershey Medical Center,URAC SPP010077 Specialty Pharmacy,,https://www.urac.org/directory/accreditation-details/?certification=SPP010077 | https://www.pennstatehealth.org/locations/milton-s-hershey-medical-center/pharmacy,2026-10-02,No outside manager indicated. Dedicated status search not run beyond pharmacy search; no change evident on current system page.,,
HSI00000913,Saint Clair Hospital,Pittsburgh,PA,PA,1,True,1,1,297.0,0.0,1.0,nonprofit,100.0,0,2023 (rev. 2025-09),https://www.ahrq.gov/sites/default/files/wysiwyg/chsp/compendium/chsp-compendium-2023-rev.xlsx,AHRQ Compendium 2023 (system file rev. 2025-09); systems as of end-2023,False,369497677.0,HCRIS FY2023 (FY2022 fallback); acute member hospitals; G-3 line 3,0,381136862.0,HCRIS FY2024 (periods beginning 2023-10-01..2024-09-30); acute member CCNs; annualized where needed,0,0,3.2,False,False,False,False,https://data.cms.gov/sites/default/files/2026-09/e85544f7-57ef-477e-9640-313ac0aac400/CostReport_2024_Final.csv,CMS Hospital Provider Cost Report FY2024 (periods beginning 2023-10-01..2024-09-30); file modified 2026-09-29,True,St. Clair Health,unchanged,,https://www.stclair.org/st-clair-info/media-center/news/,2021,Managed or partnered,Medium,System web page (via search result) describing Walgreens Specialty Pharmacy in Dunlap Outpatient Center lobby,Walgreens Specialty Pharmacy at St. Clair Health,Walgreens (on-site),,Walgreens,https://www.stclair.org/services/az-listing/walgreens-pharmacy/,2026-10-02,Walgreens page returned 403 on fetch; relied on search snippet from stclair.org. Rebranded to St. Clair Health in 2021 (before 2023 baseline); not on Shields list.,,
HSI00000936,Saint Lukes University Health Network,Bethlehem,PA,NJ;PA,2,True,11,11,1292.0,0.0,1.0,nonprofit,100.0,0,2023 (rev. 2025-09),https://www.ahrq.gov/sites/default/files/wysiwyg/chsp/compendium/chsp-compendium-2023-rev.xlsx,AHRQ Compendium 2023 (system file rev. 2025-09); systems as of end-2023,False,10269840892.0,HCRIS FY2023 (FY2022 fallback); acute member hospitals; G-3 line 3,2,3142285524.0,HCRIS FY2024 (periods beginning 2023-10-01..2024-09-30); acute member CCNs; annualized where needed,2,0,-69.4,False,True,True,True,https://data.cms.gov/sites/default/files/2026-09/e85544f7-57ef-477e-9640-313ac0aac400/CostReport_2024_Final.csv,CMS Hospital Provider Cost Report FY2024 (periods beginning 2023-10-01..2024-09-30); file modified 2026-09-29,True,St. Luke's University Health Network,unchanged,,https://www.wfmz.com/news/area/southeastern-pa/upper-bucks-county/here-for-the-next-113-years-st-luke-s-grand-view-looks-to-the-future-amid-financial-turnaround/article_db44f837-7858-4baf-a416-6e83cc3531eb.html,,"Owned, accredited",High,ACHC 77624 Specialty Pharmacy Services + slhn.org HomeStar page stating system ownership; not on Shields list,St. Luke's HomeStar Pharmacy | Homestar RX and Infusion Services,St. Luke's Homestar Services LLC (St. Luke's University Health Network subsidiary),ACHC 77624 Specialty Pharmacy Services | ACHC 77624 Infusion Pharmacy Services,,"https://organization.achc.org/print?legalCompanyName=St.%20Luke’s%20Homestar%20Services%20LLC&dbaCompanyName=Homestar%20RX%20and%20Infusion%20Services&companyID=77624&full_address=Bethlehem%20,%20PA%2018017&physicalAddress=77%20S%20Commerce%20Way%20Suite%20200, | https://www.slhn.org/homestar",2026-10-02,HomeStar is system-owned and offers specialty and home infusion; the three NPPES records are retail-primary HomeStar locations of the same LLC. St. Luke's acquired Grand View Health in July 2025 with no name or ownership change to the system.,,
HSI00001065,Temple University Health System,Philadelphia,PA,PA,1,True,4,3,889.0,1.0,1.0,nonprofit,100.0,0,2023 (rev. 2025-09),https://www.ahrq.gov/sites/default/files/wysiwyg/chsp/compendium/chsp-compendium-2023-rev.xlsx,AHRQ Compendium 2023 (system file rev. 2025-09); systems as of end-2023,False,2122841693.0,HCRIS FY2023 (FY2022 fallback); acute member hospitals; G-3 line 3,1,2748918768.0,HCRIS FY2024 (periods beginning 2023-10-01..2024-09-30); acute member CCNs; annualized where needed,1,0,29.5,False,True,True,False,https://data.cms.gov/sites/default/files/2026-09/e85544f7-57ef-477e-9640-313ac0aac400/CostReport_2024_Final.csv,CMS Hospital Provider Cost Report FY2024 (periods beginning 2023-10-01..2024-09-30); file modified 2026-09-29,True,Temple University Health System,unchanged,,https://www.inquirer.com/health/temple-health-bought-out-redeemer-chestnut-hill-hospital-20250819.html,,"Owned, accredited",High,"URAC + ACHC records and Temple Health pharmacy web page; owned by Temple University Hospital, Inc; not on Shields list",Temple Health Specialty Pharmacy | Fox Chase Cancer Center Pharmacy,"Temple University Hospital, Inc",URAC SPP010536 Specialty Pharmacy | ACHC 87406 Specialty Pharmacy Services,,https://www.templehealth.org/services/pharmacy | https://www.urac.org/directory/accreditation-details/?certification=SPP010536,2026-10-02,Temple page states dual URAC and ACHC accreditation and names no outside partner. Temple bought out Redeemer Health's 20% of Chestnut Hill Hospital in Aug 2025.,,
HSI00001075,The Childrens Hospital of Philadelphia,Philadelphia,PA,PA,1,True,1,1,667.0,0.0,1.0,nonprofit,100.0,0,2023 (rev. 2025-09),https://www.ahrq.gov/sites/default/files/wysiwyg/chsp/compendium/chsp-compendium-2023-rev.xlsx,AHRQ Compendium 2023 (system file rev. 2025-09); systems as of end-2023,False,2695079245.0,HCRIS FY2023 (FY2022 fallback); acute member hospitals; G-3 line 3,0,3365657963.0,HCRIS FY2024 (periods beginning 2023-10-01..2024-09-30); acute member CCNs; annualized where needed,0,0,24.9,False,False,False,False,https://data.cms.gov/sites/default/files/2026-09/e85544f7-57ef-477e-9640-313ac0aac400/CostReport_2024_Final.csv,CMS Hospital Provider Cost Report FY2024 (periods beginning 2023-10-01..2024-09-30); file modified 2026-09-29,True,Children's Hospital of Philadelphia,unchanged,,https://www.chop.edu/news/christianacare-and-childrens-hospital-philadelphia-agree-join-forces-expand-access-world-class,,"Owned, accredited",High,URAC SPP010524 plus CHOP specialty pharmacy web page and NPPES,Children's Hospital Home Care Specialty Pharmacy,The Children's Hospital of Philadelphia (department of CHOP),URAC SPP010524 Specialty Pharmacy,,https://www.urac.org/directory/accreditation-details/?certification=SPP010524 | https://www.chop.edu/centers-and-programs/childrens-hospital-home-care-specialty-pharmacy,2026-10-02,"2026 ChristianaCare affiliation is a collaboration, not an acquisition. NPI 1548330350 is the same entity's home infusion pharmacy.",,
HSI00000866,Tower Health,West Reading,PA,PA,1,True,6,4,1064.0,0.0,1.0,nonprofit,100.0,0,2023 (rev. 2025-09),https://www.ahrq.gov/sites/default/files/wysiwyg/chsp/compendium/chsp-compendium-2023-rev.xlsx,AHRQ Compendium 2023 (system file rev. 2025-09); systems as of end-2023,False,1683034476.0,HCRIS FY2023 (FY2022 fallback); acute member hospitals; G-3 line 3,0,2002567380.0,HCRIS FY2024 (periods beginning 2023-10-01..2024-09-30); acute member CCNs; annualized where needed,0,0,19.0,False,False,False,False,https://data.cms.gov/sites/default/files/2026-09/e85544f7-57ef-477e-9640-313ac0aac400/CostReport_2024_Final.csv,CMS Hospital Provider Cost Report FY2024 (periods beginning 2023-10-01..2024-09-30); file modified 2026-09-29,True,Tower Health,unchanged,,https://en.wikipedia.org/wiki/Tower_Health,,"Owned, accredited",High,URAC SPP010173 + Tower Health website describing dual-accredited Reading Hospital pharmacy,Reading Hospital Ambulatory Pharmacy (5th Avenue Pharmacy),Reading Hospital (member hospital),URAC SPP010173 Specialty Pharmacy,,https://www.urac.org/directory/accreditation-details/?certification=SPP010173 | https://towerhealth.org/locations/reading-hospital-ambulatory-pharmacy,2026-10-02,Jefferson Health clinical affiliation announced July 2026; Tower remains independent. Website says dual-accredited; second accreditor not identified.,,
HSI00001126,UPMC,Pittsburgh,PA,MD;NY;PA,3,True,34,32,5972.0,1.0,1.0,nonprofit,97.7,1,2023 (rev. 2025-09),https://www.ahrq.gov/sites/default/files/wysiwyg/chsp/compendium/chsp-compendium-2023-rev.xlsx,AHRQ Compendium 2023 (system file rev. 2025-09); systems as of end-2023,True,10134615484.0,HCRIS FY2023 (FY2022 fallback); acute member hospitals; G-3 line 3,4,12203502730.0,HCRIS FY2024 (periods beginning 2023-10-01..2024-09-30); acute member CCNs; annualized where needed,4,1,20.4,False,True,False,False,https://data.cms.gov/sites/default/files/2026-09/e85544f7-57ef-477e-9640-313ac0aac400/CostReport_2024_Final.csv,CMS Hospital Provider Cost Report FY2024 (periods beginning 2023-10-01..2024-09-30); file modified 2026-09-29,True,UPMC,unchanged,,https://www.upmc.com/,,"Owned, accredited",High,ACHC 93432 and 80783 + UPMC Forbes Pharmacy web page,Forbes Pharmacy | Pint Size Prescriptions (UPMC Children's),UPMC Community Provider Services (UPMC subsidiary),ACHC 93432 Specialty Pharmacy Services | ACHC 80783 Specialty Pharmacy Services,,"https://organization.achc.org/print?legalCompanyName=UPMC%20Community%20Provider%20Services&dbaCompanyName=Pint%20Size%20Prescriptions&companyID=93432&full_address=Pittsburgh,%20PA%2015224&physicalAddress=4401%20Penn%20Avenue,%20Floor%201, | https://organization.achc.org/print?legalCompanyName=UPMC%20Community%20Provider%20Services%20d/b/a%20Forbes%20Pharmacy&dbaCompanyName=Forbes%20Pharmacy&companyID=80783&full_address=Pittsburgh,%20PA%2015213&physicalAddress=3501%20Forbes%20Avenue, | https://www.upmc.com/services/pharmacy/forbes | https://www.upmc.com/services/pharmacy | https://chartwellpa.com/about/press-releases/ChartwellPA-URAC-accreditation.asp | https://carepathrxllc.com/2020/12/01/carepathrx-announces-landmark-partnership-with-upmc/","['2026-10-02', '2018-06-20 (Chartwell URAC release)', '2020-12-01 (CarepathRx release)']","Separately, UPMC-affiliated Chartwell Pennsylvania (home infusion and specialty, URAC-accredited 2018; owned by UPMC, Butler, Heritage Valley, Washington Health) is managed by CarepathRx (UPMC is an investor) and joined Shields' Excelera network in 2020; it is a separate JV and not counted as the owned-pharmacy basis. The Pint Size Prescriptions address is believed to be the UPMC Children's campus.",,
HSI00000820,University of Pennsylvania Health System,Philadelphia,PA,NJ;PA,2,True,9,6,2929.0,1.0,1.0,nonprofit,100.0,0,2023 (rev. 2025-09),https://www.ahrq.gov/sites/default/files/wysiwyg/chsp/compendium/chsp-compendium-2023-rev.xlsx,AHRQ Compendium 2023 (system file rev. 2025-09); systems as of end-2023,False,7482702719.0,HCRIS FY2023 (FY2022 fallback); acute member hospitals; G-3 line 3,0,8623360997.0,HCRIS FY2024 (periods beginning 2023-10-01..2024-09-30); acute member CCNs; annualized where needed,0,0,15.2,False,False,False,False,https://data.cms.gov/sites/default/files/2026-09/e85544f7-57ef-477e-9640-313ac0aac400/CostReport_2024_Final.csv,CMS Hospital Provider Cost Report FY2024 (periods beginning 2023-10-01..2024-09-30); file modified 2026-09-29,True,University of Pennsylvania Health System,unchanged,,https://www.pennmedicine.org/news/doylestown-health-joins-university-of-pennsylvania-health-system,,"Owned, accredited",High,URAC and ACHC records held by Trustees of the University of Pennsylvania plus Penn Specialty Pharmacy web page,Penn Specialty Pharmacy | Penn Medicine University City Apothecary | Penn Presbyterian Apothecary | Penn Medicine Cherry Hill Pharmacy | Penn Home Infusion Therapy,Trustees of the University of Pennsylvania (parent controlling UPHS) and Penn Presbyterian Medical Center,URAC SPP010462 Specialty Pharmacy | ACHC 76772 Specialty Pharmacy Services | ACHC 76781 Specialty Pharmacy Services | ACHC 76782 Specialty Pharmacy Services | ACHC 76784 Specialty Pharmacy Services | ACHC 76785 Specialty Pharmacy Services | ACHC 76788 Specialty Pharmacy Services | ACHC 76789 Specialty Pharmacy Services | ACHC 89173 Specialty Pharmacy Services,,https://www.pennmedicine.org/services/pharmacy/specialty-pharmacy | https://www.urac.org/directory/accreditation-details/?certification=SPP010462 | https://www.pennmedicine.org/services/pharmacy,2026-10-02,Not on Shields list. Princeton Health is listed as a member; status of that integration was not separately verified.,,
HSI00001238,Washington Health System,Washington,PA,PA,1,True,2,2,232.0,0.0,1.0,nonprofit,100.0,0,2023 (rev. 2025-09),https://www.ahrq.gov/sites/default/files/wysiwyg/chsp/compendium/chsp-compendium-2023-rev.xlsx,AHRQ Compendium 2023 (system file rev. 2025-09); systems as of end-2023,False,254790529.0,HCRIS FY2023 (FY2022 fallback); acute member hospitals; G-3 line 3,0,266037979.0,HCRIS FY2024 (periods beginning 2023-10-01..2024-09-30); acute member CCNs; annualized where needed,0,0,4.4,False,False,False,False,https://data.cms.gov/sites/default/files/2026-09/e85544f7-57ef-477e-9640-313ac0aac400/CostReport_2024_Final.csv,CMS Hospital Provider Cost Report FY2024 (periods beginning 2023-10-01..2024-09-30); file modified 2026-09-29,True,UPMC Washington / UPMC Greene,merged into,UPMC,https://www.upmc.com/media/news/060124-whs-and-upmc-merger,2024-06-01,"Owned, accredited",Medium,"via UPMC: Chartwell Pennsylvania (UPMC-led LP, URAC Specialty Pharmacy since 2018) serves the region; no direct URAC record for it in packet",Chartwell Specialty Pharmacy | UPMC Washington Outpatient Pharmacy,"Chartwell Pennsylvania, LP (UPMC, with Butler, Heritage Valley, Washington Health System as partners)","URAC Specialty Pharmacy (Chartwell Pennsylvania, 2018)",,https://www.upmc.com/services/pharmacy/washington | https://chartwellpa.com/about/press-releases/ChartwellPA-URAC-accreditation.asp | https://www.prnewswire.com/news-releases/chartwell-pennsylvania-lp-affiliated-with-upmc-dba-university-of-pittsburgh-medical-center-joins-the-excelera-network-to-optimize-specialty-pharmacy-and-home-infusion-services-301132477.html,2026-10-02,"Chartwell is a JV (UPMC plus others including Washington Health System), so Owned tier is a judgment call; other UPMC-owned specialty pharmacy not verified. Not on Shields list.",,HSI00001126
HSI00001242,Wayne Memorial Health System,Honesdale,PA,PA,1,True,1,1,92.0,0.0,1.0,nonprofit,100.0,0,2023 (rev. 2025-09),https://www.ahrq.gov/sites/default/files/wysiwyg/chsp/compendium/chsp-compendium-2023-rev.xlsx,AHRQ Compendium 2023 (system file rev. 2025-09); systems as of end-2023,False,103550317.0,HCRIS FY2023 (FY2022 fallback); acute member hospitals; G-3 line 3,0,137071075.0,HCRIS FY2024 (periods beginning 2023-10-01..2024-09-30); acute member CCNs; annualized where needed,0,0,32.4,False,False,True,False,https://data.cms.gov/sites/default/files/2026-09/e85544f7-57ef-477e-9640-313ac0aac400/CostReport_2024_Final.csv,CMS Hospital Provider Cost Report FY2024 (periods beginning 2023-10-01..2024-09-30); file modified 2026-09-29,True,Wayne Memorial Hospital (Wayne Memorial Health System),unchanged,,https://www.wmh.org/about/,,None found,Low,No candidates; wmh.org shows retail outpatient pharmacy and hospital infusion clinic only,Wayne Health Pharmacy & Medical Equipment,,,,https://www.wmh.org/services/cancer-care-infusion-clinic/ | http://www.wmh.org/wayne-memorial-hospital/pharmacy-medical-equipment/,2026-10-02,"Retail pharmacy and in-clinic infusion only; no specialty or home infusion pharmacy found. Status page was seen only in search results, not fetched.",,
HSI00001243,Wellspan Health,York,PA,PA,1,True,8,6,1160.0,0.0,1.0,nonprofit,100.0,0,2023 (rev. 2025-09),https://www.ahrq.gov/sites/default/files/wysiwyg/chsp/compendium/chsp-compendium-2023-rev.xlsx,AHRQ Compendium 2023 (system file rev. 2025-09); systems as of end-2023,False,2892632677.0,HCRIS FY2023 (FY2022 fallback); acute member hospitals; G-3 line 3,0,3295031178.0,HCRIS FY2024 (periods beginning 2023-10-01..2024-09-30); acute member CCNs; annualized where needed,0,0,13.9,False,False,False,False,https://data.cms.gov/sites/default/files/2026-09/e85544f7-57ef-477e-9640-313ac0aac400/CostReport_2024_Final.csv,CMS Hospital Provider Cost Report FY2024 (periods beginning 2023-10-01..2024-09-30); file modified 2026-09-29,True,WellSpan Health,unchanged,,https://www.cpbj.com/wellspan-health-expands-reach-with-hospital-acquisition/,,"Owned, accredited",High,"URAC SPP010736 (WellSpan Pharmacy, Inc.) plus WellSpan website specialty pharmacy page and NPPES","WellSpan Specialty Pharmacy | WellSpan Pharmacy, Inc.","WellSpan Pharmacy, Inc. (WellSpan Health subsidiary)","URAC SPP010736 Specialty Pharmacy (effective 2026-09-01, exp 2029-08-01)",,https://www.urac.org/directory/accreditation-details/?certification=SPP010736 | https://www.wellspan.org/locations/wellspan-pharmacy-at-fairfield-loc0000168592,2026-10-02,"WellSpan acquired Evangelical Community Hospital in 2024 (added hospital, system unchanged). Not on Shields list.",,
HSI00000166,Care New England Health System,Providence,RI,RI,1,True,3,2,570.0,1.0,1.0,nonprofit,100.0,0,2023 (rev. 2025-09),https://www.ahrq.gov/sites/default/files/wysiwyg/chsp/compendium/chsp-compendium-2023-rev.xlsx,AHRQ Compendium 2023 (system file rev. 2025-09); systems as of end-2023,False,828583377.0,HCRIS FY2023 (FY2022 fallback); acute member hospitals; G-3 line 3,0,955037785.0,HCRIS FY2024 (periods beginning 2023-10-01..2024-09-30); acute member CCNs; annualized where needed,0,0,15.3,False,False,False,False,https://data.cms.gov/sites/default/files/2026-09/e85544f7-57ef-477e-9640-313ac0aac400/CostReport_2024_Final.csv,CMS Hospital Provider Cost Report FY2024 (periods beginning 2023-10-01..2024-09-30); file modified 2026-09-29,True,Care New England Health System,unchanged,,https://en.wikipedia.org/wiki/Care_New_England,,Managed or partnered,High,"Shields partner list (Care New England, Warwick RI) plus URAC SPP010203 and ACHC 79037 for system-owned pharmacy",Care New England Specialty Pharmacy | Care New England Pharmacy LLC,"Care New England, LLC / Care New England Pharmacy LLC (system subsidiary)",URAC SPP010203 Specialty Pharmacy | ACHC 79037 Specialty Pharmacy Services,Shields Health Solutions,"https://shieldshealthsolutions.com/about-us/partner-health-systems | https://www.urac.org/directory/accreditation-details/?certification=SPP010203 | https://organization.achc.org/print?legalCompanyName=Care%20New%20England%20Pharmacy%20LLC&dbaCompanyName=&companyID=79037&full_address=Warwick,%20RI%2002886&physicalAddress=455%20Toll%20Gate%20Road, | https://www.carenewengland.org/pharmacy",2026-10-02,Accredited system-owned specialty pharmacy; Shields listing takes precedence. Status searches show Lifespan merger failed and CNE stayed independent; later merger activity not confirmed.,,
HSI00000585,Lifespan,Providence,RI,RI,1,True,4,3,963.0,0.0,1.0,nonprofit,100.0,0,2023 (rev. 2025-09),https://www.ahrq.gov/sites/default/files/wysiwyg/chsp/compendium/chsp-compendium-2023-rev.xlsx,AHRQ Compendium 2023 (system file rev. 2025-09); systems as of end-2023,False,2172800974.0,HCRIS FY2023 (FY2022 fallback); acute member hospitals; G-3 line 3,0,2370941303.0,HCRIS FY2024 (periods beginning 2023-10-01..2024-09-30); acute member CCNs; annualized where needed,0,0,9.1,False,False,False,False,https://data.cms.gov/sites/default/files/2026-09/e85544f7-57ef-477e-9640-313ac0aac400/CostReport_2024_Final.csv,CMS Hospital Provider Cost Report FY2024 (periods beginning 2023-10-01..2024-09-30); file modified 2026-09-29,True,Brown University Health,renamed,,https://www.brownhealth.org/news/lifespan-brown-university-health,2024-10,"Owned, accredited",High,URAC Specialty Pharmacy record + Brown University Health pharmacy page + NPPES specialty taxonomy,Brown University Health Specialty Pharmacy | Brown University Health Pharmacy,"Lifespan Pharmacy, LLC (system subsidiary)",URAC SPP010067 Specialty Pharmacy,,https://www.brownhealth.org/centers-services/pharmacy | https://www.urac.org/directory/accreditation-details/?certification=SPP010067 | https://www.brownhealth.org/news/lifespan-brown-university-health,2026-10-02,Care New England (not Lifespan/Brown) is the Shields-listed Rhode Island partner. URAC expiry 2026-10-01 treated as current per rule.,,
HSI00000998,South County Health,Wakefield,RI,RI,1,True,1,1,79.0,0.0,1.0,nonprofit,100.0,0,2023 (rev. 2025-09),https://www.ahrq.gov/sites/default/files/wysiwyg/chsp/compendium/chsp-compendium-2023-rev.xlsx,AHRQ Compendium 2023 (system file rev. 2025-09); systems as of end-2023,False,224831385.0,HCRIS FY2023 (FY2022 fallback); acute member hospitals; G-3 line 3,0,229888317.0,HCRIS FY2024 (periods beginning 2023-10-01..2024-09-30); acute member CCNs; annualized where needed,0,0,2.2,False,False,False,False,https://data.cms.gov/sites/default/files/2026-09/e85544f7-57ef-477e-9640-313ac0aac400/CostReport_2024_Final.csv,CMS Hospital Provider Cost Report FY2024 (periods beginning 2023-10-01..2024-09-30); file modified 2026-09-29,True,South County Health,unchanged,,https://www.southcountyhealth.org/about-sch/about-sch/our-mission,,None found,Low,No candidates; website infusion/home pages show only hospital cancer-center infusion; not on Shields list,,,,,https://www.southcountyhealth.org/services-care/specialty-care/cancer-care/infusion-therapy,2026-10-02,Only hospital-based outpatient infusion and pharmacy residency found; dedicated pharmacy page not reviewed. Merger talks with Yale New Haven Health ended earlier.,,
HSI00001382,AnMed Health,Anderson,SC,SC,1,True,2,2,409.0,0.0,1.0,nonprofit,100.0,0,2023 (rev. 2025-09),https://www.ahrq.gov/sites/default/files/wysiwyg/chsp/compendium/chsp-compendium-2023-rev.xlsx,AHRQ Compendium 2023 (system file rev. 2025-09); systems as of end-2023,False,622732411.0,HCRIS FY2023 (FY2022 fallback); acute member hospitals; G-3 line 3,0,737903672.0,HCRIS FY2024 (periods beginning 2023-10-01..2024-09-30); acute member CCNs; annualized where needed,0,0,18.5,False,False,False,False,https://data.cms.gov/sites/default/files/2026-09/e85544f7-57ef-477e-9640-313ac0aac400/CostReport_2024_Final.csv,CMS Hospital Provider Cost Report FY2024 (periods beginning 2023-10-01..2024-09-30); file modified 2026-09-29,True,AnMed,unchanged,,https://anmed.org/about/news-media/news/anmed-and-urgent-care-group-launch-anmed-urgent-care,,Infusion or home infusion only,Low,Directory listings of AnMed Health Home Infusion pharmacy (NPI 1831120435); own site shows infusion center only,AnMed Health Home Infusion,AnMed,,,https://anmed.org/services/infusion-therapy | https://opennpi.com/provider/1831120435,2026-10-02,Home infusion pharmacy evidence is from third-party directories only; no specialty dispensing or accreditation found.,,
HSI00000271,Conway Medical Center,Conway,SC,SC,1,True,1,1,171.0,0.0,1.0,nonprofit,100.0,0,2023 (rev. 2025-09),https://www.ahrq.gov/sites/default/files/wysiwyg/chsp/compendium/chsp-compendium-2023-rev.xlsx,AHRQ Compendium 2023 (system file rev. 2025-09); systems as of end-2023,False,270969273.0,HCRIS FY2023 (FY2022 fallback); acute member hospitals; G-3 line 3,0,290165782.0,HCRIS FY2024 (periods beginning 2023-10-01..2024-09-30); acute member CCNs; annualized where needed,0,0,7.1,False,False,False,False,https://data.cms.gov/sites/default/files/2026-09/e85544f7-57ef-477e-9640-313ac0aac400/CostReport_2024_Final.csv,CMS Hospital Provider Cost Report FY2024 (periods beginning 2023-10-01..2024-09-30); file modified 2026-09-29,True,Conway Medical Center,unchanged,,https://www.conwaymedicalcenter.com/about/,,Managed or partnered,High,URAC + ACHC records plus VytlOne press release (build and manage),CMC Specialty Pharmacy | Conway Specialty Pharmacy,"Conway Hospital, Inc.",URAC SPP010505 Specialty Pharmacy | ACHC 97624 Specialty Pharmacy Services,VytlOne (ProxsysRx),https://vytlone.com/blog/vytlone-to-build-specialty-pharmacy-for-conway-medical-center/ | https://www.conwaymedicalcenter.com/locations/cmc-specialty-pharmacy/ | https://www.urac.org/directory/accreditation-details/?certification=SPP010505,2024-07-31,Novant Health holds a 30% minority interest but CMC remains independent. VytlOne contracted July 2024 to build and manage the pharmacy; not on Shields list.,,
HSI00000579,Lexington Medical Center,West Columbia,SC,SC,1,True,1,1,541.0,0.0,1.0,nonprofit,100.0,0,2023 (rev. 2025-09),https://www.ahrq.gov/sites/default/files/wysiwyg/chsp/compendium/chsp-compendium-2023-rev.xlsx,AHRQ Compendium 2023 (system file rev. 2025-09); systems as of end-2023,False,1513233364.0,HCRIS FY2023 (FY2022 fallback); acute member hospitals; G-3 line 3,0,1587166883.0,HCRIS FY2024 (periods beginning 2023-10-01..2024-09-30); acute member CCNs; annualized where needed,0,0,4.9,False,False,False,False,https://data.cms.gov/sites/default/files/2026-09/e85544f7-57ef-477e-9640-313ac0aac400/CostReport_2024_Final.csv,CMS Hospital Provider Cost Report FY2024 (periods beginning 2023-10-01..2024-09-30); file modified 2026-09-29,True,Lexington Health (formerly Lexington Medical Center),renamed,,https://www.centralsc.org/news/lexington-medical-center-network-of-care-is-now-known-as-lexington-health,2025-08,Unknown,Low,All candidates rejected; only third-party directory listings for system oncology outpatient dispensing pharmacy,"Lexington Oncology Outpatient Dispensing Pharmacy (222 E Medical Ln Ste 400, West Columbia)","Lexington County Health Service District, Inc. (Lexington Medical Center)",,,https://www.rxless.com/pharmacies/southcarolina/westcolumbia/lexington-oncology-outpatient-dispensing-pharmacy/222-E-MEDICAL-LN-STE-400/1023616232,{'rxless listing': '2026-10-02'},"A system oncology outpatient dispensing pharmacy exists but lexhealth.com did not confirm it as specialty or accredited; could be Owned, not accredited with direct confirmation. Palmetto Infusion Services appears unrelated (not verified).",,
HSI00000637,McLeod Health,Florence,SC,SC,1,True,6,5,846.0,1.0,1.0,nonprofit,100.0,0,2023 (rev. 2025-09),https://www.ahrq.gov/sites/default/files/wysiwyg/chsp/compendium/chsp-compendium-2023-rev.xlsx,AHRQ Compendium 2023 (system file rev. 2025-09); systems as of end-2023,False,1329212264.0,HCRIS FY2023 (FY2022 fallback); acute member hospitals; G-3 line 3,0,1608987235.0,HCRIS FY2024 (periods beginning 2023-10-01..2024-09-30); acute member CCNs; annualized where needed,0,0,21.0,False,False,False,False,https://data.cms.gov/sites/default/files/2026-09/e85544f7-57ef-477e-9640-313ac0aac400/CostReport_2024_Final.csv,CMS Hospital Provider Cost Report FY2024 (periods beginning 2023-10-01..2024-09-30); file modified 2026-09-29,True,McLeod Health,unchanged,,https://www.mcleodhealth.org/news-entry/mcleod-specialty-pharmacy-achieves-accreditation-with-achc/,,"Owned, accredited",High,ACHC 98250 record plus McLeod news release 2025-12-04; owned by McLeod Regional Medical Center; not on Shields list,McLeod Choice Pharmacy | McLeod Outpatient Pharmacy | McLeod Choice Infusion Services,"McLeod Regional Medical Center of the Pee Dee, Inc",ACHC 98250 Specialty Pharmacy Services,,https://www.mcleodhealth.org/news-entry/mcleod-specialty-pharmacy-achieves-accreditation-with-achc/ | https://www.mcleodhealth.org/pharmacy/patients/,2025-12-04,"NPPES 1821845512 (McLeod Choice Infusion Services, home infusion taxonomy primary) shares the 501 E Cheves St outpatient pharmacy address. No outside manager found.",,
HSI00001378,Prisma Health,Greenville,SC,SC,1,True,12,10,2129.0,1.0,1.0,nonprofit,100.0,0,2023 (rev. 2025-09),https://www.ahrq.gov/sites/default/files/wysiwyg/chsp/compendium/chsp-compendium-2023-rev.xlsx,AHRQ Compendium 2023 (system file rev. 2025-09); systems as of end-2023,False,4181808678.0,HCRIS FY2023 (FY2022 fallback); acute member hospitals; G-3 line 3,0,4579768521.0,HCRIS FY2024 (periods beginning 2023-10-01..2024-09-30); acute member CCNs; annualized where needed,0,0,9.5,False,False,False,False,https://data.cms.gov/sites/default/files/2026-09/e85544f7-57ef-477e-9640-313ac0aac400/CostReport_2024_Final.csv,CMS Hospital Provider Cost Report FY2024 (periods beginning 2023-10-01..2024-09-30); file modified 2026-09-29,True,Prisma Health,unchanged,,https://prismahealth.org/patients-and-guests/news/prisma-health-acquires-urgent-care-centers-across-south-carolina,,"Owned, accredited",High,URAC SPP010440 + ACHC 80836 + Prisma specialty pharmacy web page,Prisma Health Specialty Pharmacy,Greenville Health Corporation / Prisma Health,URAC SPP010440 Specialty Pharmacy | ACHC 80836 Specialty Pharmacy Services,,https://prismahealth.org/locations/ambulatory-labs-other/pharmacy-locations/specialty-pharmacy | https://www.urac.org/directory/accreditation-details/?certification=SPP010440,2026-10-02,Not on Shields list; no outside manager found.,,
HSI00000068,Avera Health,Sioux Falls,SD,IA;MN;NE;SD,4,True,42,39,1324.0,0.0,2.0,church-operated,92.1,4,2023 (rev. 2025-09),https://www.ahrq.gov/sites/default/files/wysiwyg/chsp/compendium/chsp-compendium-2023-rev.xlsx,AHRQ Compendium 2023 (system file rev. 2025-09); systems as of end-2023,True,2517473889.0,HCRIS FY2023 (FY2022 fallback); acute member hospitals; G-3 line 3,4,3185577339.0,HCRIS FY2024 (periods beginning 2023-10-01..2024-09-30); acute member CCNs; annualized where needed,3,0,26.5,False,True,True,False,https://data.cms.gov/sites/default/files/2026-09/e85544f7-57ef-477e-9640-313ac0aac400/CostReport_2024_Final.csv,CMS Hospital Provider Cost Report FY2024 (periods beginning 2023-10-01..2024-09-30); file modified 2026-09-29,True,Avera Health,unchanged,,https://en.wikipedia.org/wiki/Avera_Health,,Managed or partnered,High,Shields partner list (rule) + URAC and ACHC records,Avera Specialty Pharmacy | Avera McKennan Home Infusion,Avera McKennan (system member hospital),URAC SPP010286 Specialty Pharmacy | ACHC 66035 Specialty Pharmacy Services,Shields Health Solutions,https://shieldshealthsolutions.com/about-us/partner-health-systems | https://www.urac.org/directory/accreditation-details/?certification=SPP010286 | https://www.avera.org/services/pharmacy/specialty-pharmacy-services/,2026-10-02,"Avera appears on Shields list for Rock Valley IA, Granite Falls MN, Creighton NE and Sioux Falls SD.",,
HSI00000868,Monument Health,Rapid City,SD,SD;WY,2,True,10,9,522.0,0.0,1.0,nonprofit,97.7,1,2023 (rev. 2025-09),https://www.ahrq.gov/sites/default/files/wysiwyg/chsp/compendium/chsp-compendium-2023-rev.xlsx,AHRQ Compendium 2023 (system file rev. 2025-09); systems as of end-2023,True,980321335.0,HCRIS FY2023 (FY2022 fallback); acute member hospitals; G-3 line 3,1,1118496917.0,HCRIS FY2024 (periods beginning 2023-10-01..2024-09-30); acute member CCNs; annualized where needed,1,0,14.1,False,True,False,False,https://data.cms.gov/sites/default/files/2026-09/e85544f7-57ef-477e-9640-313ac0aac400/CostReport_2024_Final.csv,CMS Hospital Provider Cost Report FY2024 (periods beginning 2023-10-01..2024-09-30); file modified 2026-09-29,True,Monument Health,unchanged,,https://monument.health/rapid-city-medical-center-officially-joins-monument-health/,2026-05-01,Managed or partnered,High,"Shields partner list (Monument Health, Rapid City SD); URAC SPP010406 plus system web page",Monument Health Home+ Specialty Pharmacy,"Monument Health Home Plus, LLC (Monument Health subsidiary)",URAC SPP010406 Specialty Pharmacy,Shields Health Solutions,https://www.urac.org/directory/accreditation-details/?certification=SPP010406 | https://monument.health/service/specialty-pharmacy/ | https://shieldshealthsolutions.com/about-us/partner-health-systems,2026-10-02,Still unchanged in structure; acquired Rapid City Medical Center (outpatient clinics) effective 2026-05-01. Monument's own page does not mention Shields; the call rests on the Shields list rule.,,
HSI00000958,Sanford Health,Sioux Falls,SD,IA;MN;MT;ND;SD,5,True,41,40,1925.0,0.0,1.0,nonprofit,94.1,5,2023 (rev. 2025-09),https://www.ahrq.gov/sites/default/files/wysiwyg/chsp/compendium/chsp-compendium-2023-rev.xlsx,AHRQ Compendium 2023 (system file rev. 2025-09); systems as of end-2023,True,4666228728.0,HCRIS FY2023 (FY2022 fallback); acute member hospitals; G-3 line 3,6,5284256956.0,HCRIS FY2024 (periods beginning 2023-10-01..2024-09-30); acute member CCNs; annualized where needed,5,1,13.2,False,True,False,False,https://data.cms.gov/sites/default/files/2026-09/e85544f7-57ef-477e-9640-313ac0aac400/CostReport_2024_Final.csv,CMS Hospital Provider Cost Report FY2024 (periods beginning 2023-10-01..2024-09-30); file modified 2026-09-29,True,Sanford Health,unchanged,,https://en.wikipedia.org/wiki/Sanford_Health,,"Owned, accredited",High,URAC and ACHC records for Sanford Pharmacy Broadway plus Sanford website and reaccreditation news,Sanford Specialty Pharmacy | Sanford Pharmacy Broadway,Sanford Medical Center Fargo,URAC SPP010436 Specialty Pharmacy | ACHC 74724 Specialty Pharmacy Services,,https://www.urac.org/directory/accreditation-details/?certification=SPP010436 | https://www.sanfordhealth.org/locations/sanford-specialty-pharmacy | https://www.midwestmedicaledition.com/articles/sanford-specialty-pharmacy-reaccreditation,2026-10-02,Sanford is the acquirer in 2025 Marshfield Clinic and Prairie Lakes mergers and the Sept 2026 North Memorial combination; the name and ownership of the 2023 member hospitals are unchanged. Not on the Shields list.,,
HSI00001284,Ballad Health,Johnson City,TN,TN;VA,2,True,22,21,1635.0,1.0,1.0,nonprofit,100.0,0,2023 (rev. 2025-09),https://www.ahrq.gov/sites/default/files/wysiwyg/chsp/compendium/chsp-compendium-2023-rev.xlsx,AHRQ Compendium 2023 (system file rev. 2025-09); systems as of end-2023,False,2104074046.0,HCRIS FY2023 (FY2022 fallback); acute member hospitals; G-3 line 3,4,2381062175.0,HCRIS FY2024 (periods beginning 2023-10-01..2024-09-30); acute member CCNs; annualized where needed,4,0,13.2,False,True,False,False,https://data.cms.gov/sites/default/files/2026-09/e85544f7-57ef-477e-9640-313ac0aac400/CostReport_2024_Final.csv,CMS Hospital Provider Cost Report FY2024 (periods beginning 2023-10-01..2024-09-30); file modified 2026-09-29,True,Ballad Health,unchanged,,https://en.wikipedia.org/wiki/Ballad_Health,,"Owned, accredited",High,URAC SPP010219/220/221 and ACHC 93093/93094/93095 held by Ballad predecessor entities; Ballad news page confirms; not on Shields list,"Ballad Health Specialty Pharmacy (Kingsport, Johnson City, Bristol)",Mountain States Health Alliance and Wellmont Health System (Ballad subsidiaries),URAC SPP010219 Specialty Pharmacy | URAC SPP010220 Specialty Pharmacy | URAC SPP010221 Specialty Pharmacy | ACHC 93093 Specialty Pharmacy Services | ACHC 93095 Specialty Pharmacy Services | ACHC 93094 Specialty Pharmacy Services,,https://www.balladhealth.org/news/specialty-pharmacy-high-level-accreditations | https://www.urac.org/directory/accreditation-details/?certification=SPP010220,2026-10-02,"MSHA and Wellmont are the merged predecessors of Ballad. NPPES hits are BH Specialty Pharmacy sites, not primary-taxonomy, but corroborate.",,
HSI00000081,Baptist Memorial Health Care Corporation,Memphis,TN,AR;MS;TN,3,True,21,19,2368.0,0.0,2.0,church-operated,100.0,0,2023 (rev. 2025-09),https://www.ahrq.gov/sites/default/files/wysiwyg/chsp/compendium/chsp-compendium-2023-rev.xlsx,AHRQ Compendium 2023 (system file rev. 2025-09); systems as of end-2023,False,2947353936.0,HCRIS FY2023 (FY2022 fallback); acute member hospitals; G-3 line 3,2,3531155183.0,HCRIS FY2024 (periods beginning 2023-10-01..2024-09-30); acute member CCNs; annualized where needed,2,0,19.8,False,True,False,False,https://data.cms.gov/sites/default/files/2026-09/e85544f7-57ef-477e-9640-313ac0aac400/CostReport_2024_Final.csv,CMS Hospital Provider Cost Report FY2024 (periods beginning 2023-10-01..2024-09-30); file modified 2026-09-29,True,Baptist Memorial Health Care Corporation,unchanged,,https://www.baptistonline.org/services/pharmacy-services,,"Owned, accredited",High,URAC SPP010373 and ACHC 88037 plus Baptist website,Baptist Specialty Pharmacy (Walnut Grove Plaza Pharmacy #2),Baptist Memorial Hospital-Tipton (member hospital),URAC SPP010373 Specialty Pharmacy | ACHC 88037 Specialty Pharmacy Services,,https://www.urac.org/directory/accreditation-details/?certification=SPP010373 | https://www.baptistonline.org/services/pharmacy-services | https://www.baptistonline.org/locations/specialty-facilities/baptist-walnut-grove-plaza-pharmacy,2026-10-02,Not on Shields list (Baptist Health entries there are other systems). Owning entity Baptist Memorial Hospital-Tipton is a member hospital.,,
HSI00000286,Covenant Health,Knoxville,TN,TN,1,True,10,9,1162.0,0.0,1.0,nonprofit,100.0,0,2023 (rev. 2025-09),https://www.ahrq.gov/sites/default/files/wysiwyg/chsp/compendium/chsp-compendium-2023-rev.xlsx,AHRQ Compendium 2023 (system file rev. 2025-09); systems as of end-2023,False,1398634970.0,HCRIS FY2023 (FY2022 fallback); acute member hospitals; G-3 line 3,0,1087637599.0,HCRIS FY2024 (periods beginning 2023-10-01..2024-09-30); acute member CCNs; annualized where needed,1,0,-22.2,False,True,False,False,https://data.cms.gov/sites/default/files/2026-09/e85544f7-57ef-477e-9640-313ac0aac400/CostReport_2024_Final.csv,CMS Hospital Provider Cost Report FY2024 (periods beginning 2023-10-01..2024-09-30); file modified 2026-09-29,True,Covenant Health,unchanged,,https://www.wvlt.tv/2026/02/10/covenant-health-acquires-urgent-care-locations-lenoir-city-knoxville/,,Infusion or home infusion only,Medium,Fort Sanders Regional website home infusion page plus NPPES home infusion taxonomy record; no specialty pharmacy or accreditation found,Fort Sanders Regional Infusion Services | Covenant Homecare Infusion | CovRx,Fort Sanders Regional Medical Center (Covenant Health member hospital),,,https://www.covenanthealth.com/fort-sanders-regional/services/infusion-services/ | https://npiregistry.cms.hhs.gov/provider-view/1629066378 | https://www.covenanthealth.com/covrx-covenants-in-house-pharmacy/,2026-10-02,NPPES record has Home Infusion Therapy as primary taxonomy with Specialty Pharmacy secondary; no retail specialty dispensing or URAC/ACHC found. Not on Shields list.,,
HSI00000327,East Tennessee Childrens Hospital Association,Knoxville,TN,TN,1,True,1,1,,,1.0,nonprofit,,0,2023 (rev. 2025-09),https://www.ahrq.gov/sites/default/files/wysiwyg/chsp/compendium/chsp-compendium-2023-rev.xlsx,AHRQ Compendium 2023 (system file rev. 2025-09); systems as of end-2023,False,,HCRIS FY2023 (FY2022 fallback); acute member hospitals; G-3 line 3,1,312649794.0,HCRIS FY2024 (periods beginning 2023-10-01..2024-09-30); acute member CCNs; annualized where needed,0,0,,True,True,False,False,https://data.cms.gov/sites/default/files/2026-09/e85544f7-57ef-477e-9640-313ac0aac400/CostReport_2024_Final.csv,CMS Hospital Provider Cost Report FY2024 (periods beginning 2023-10-01..2024-09-30); file modified 2026-09-29,True,Dolly Parton Children's Hospital,renamed,,https://www.wvlt.tv/2026/02/26/east-tennessee-childrens-hospital-changes-name-honor-dolly-parton/,2026-02-26,"Owned, accredited",High,URAC SPP010308 + ACHC 96555 held by the hospital association; hospital specialty pharmacy web page agrees,Dolly Parton Children's Hospital Specialty Pharmacy (formerly East Tennessee Children's Hospital Specialty Pharmacy),"East Tennessee Children's Hospital Association, Inc.",URAC SPP010308 Specialty Pharmacy | ACHC 96555 Specialty Pharmacy Services,,https://www.urac.org/directory/accreditation-details/?certification=SPP010308 | https://www.dollychildrens.org/your-visit/specialty-pharmacy/,2026-10-02,"Rename was a naming partnership, not a transaction. Direct fetch of the pharmacy page was blocked, so the website agreement comes from the search snippet.",,
HSI00000675,Methodist Le Bonheur Healthcare,Memphis,TN,MS;TN,2,True,3,2,1395.0,1.0,2.0,church-operated,100.0,0,2023 (rev. 2025-09),https://www.ahrq.gov/sites/default/files/wysiwyg/chsp/compendium/chsp-compendium-2023-rev.xlsx,AHRQ Compendium 2023 (system file rev. 2025-09); systems as of end-2023,False,1734928473.0,HCRIS FY2023 (FY2022 fallback); acute member hospitals; G-3 line 3,0,1830674311.0,HCRIS FY2024 (periods beginning 2023-10-01..2024-09-30); acute member CCNs; annualized where needed,0,0,5.5,False,False,False,False,https://data.cms.gov/sites/default/files/2026-09/e85544f7-57ef-477e-9640-313ac0aac400/CostReport_2024_Final.csv,CMS Hospital Provider Cost Report FY2024 (periods beginning 2023-10-01..2024-09-30); file modified 2026-09-29,True,Methodist Le Bonheur Healthcare,unchanged,,https://www.lebonheur.org/why-le-bonheur/methodist-le-bonheur-healthcare,,"Owned, accredited",Medium,System website states Pharm to Door is URAC-accredited as a specialty pharmacy; no URAC roster record matched,Methodist Le Bonheur Healthcare Outpatient Pharmacy | Pharm to Door,Methodist Le Bonheur Healthcare,URAC Specialty Pharmacy (per system website; cert number not found),,https://www.methodisthealth.org/healthcare-services/Pharmacy/home-delivery-prescription-service | https://www.methodisthealth.org/healthcare-services/Pharmacy/outpatient-pharmacy-service,2026-10-02,No candidates; URAC claim comes from the system's own pages and search snippets. Not on Shields list.,,
HSI00000870,Regional One Health,Memphis,TN,TN,1,True,2,1,291.0,1.0,1.0,nonprofit,100.0,0,2023 (rev. 2025-09),https://www.ahrq.gov/sites/default/files/wysiwyg/chsp/compendium/chsp-compendium-2023-rev.xlsx,AHRQ Compendium 2023 (system file rev. 2025-09); systems as of end-2023,False,407880356.0,HCRIS FY2023 (FY2022 fallback); acute member hospitals; G-3 line 3,0,453336800.0,HCRIS FY2024 (periods beginning 2023-10-01..2024-09-30); acute member CCNs; annualized where needed,0,0,11.1,False,False,False,False,https://data.cms.gov/sites/default/files/2026-09/e85544f7-57ef-477e-9640-313ac0aac400/CostReport_2024_Final.csv,CMS Hospital Provider Cost Report FY2024 (periods beginning 2023-10-01..2024-09-30); file modified 2026-09-29,True,Regional One Health,unchanged,,https://www.regionalonehealth.org/,,"Owned, accredited",High,"URAC SPP010424 + ACHC 96582/96583/96584 + system website (operated by Regional One itself, not Shields)",Regional One Health Specialty Pharmacy | Regional One Health Pharmacy Stage Post | Regional One Health East pharmacy,Shelby County Health Care Corporation d/b/a Regional One Health (system's own legal entity),"URAC SPP010424 Specialty Pharmacy (eff 2025-05-01, exp 2028-05-01) | ACHC 96582 Specialty Pharmacy Services | ACHC 96583 Specialty Pharmacy Services | ACHC 96584 Specialty Pharmacy Services | Joint Commission (per system website)",,"https://www.urac.org/directory/accreditation-details/?certification=SPP010424 | https://organization.achc.org/print?legalCompanyName=Regional%20One%20Health%20Pharmacy%20Stage%20Post&dbaCompanyName=&companyID=96582&full_address=Bartlett,%20TN%2038133&physicalAddress=3111%20Stage%20Post%20Dr%20Ste102-104, | https://organization.achc.org/print?legalCompanyName=Shelby%20County%20Health%20Care&dbaCompanyName=Regional%20One%20Health&companyID=96584&full_address=Memphis,%20TN%2038103&physicalAddress=880%20Madison%20Avenue, | https://organization.achc.org/print?legalCompanyName=Shelby%20County%20Health%20Care%20Corp&dbaCompanyName=Regional%20One%20Health%20East&companyID=96583&full_address=Memphis,%20TN%2038119&physicalAddress=6555%20Quince%20Rd., | https://npiregistry.cms.hhs.gov/provider-view/1710959614 | https://npiregistry.cms.hhs.gov/provider-view/1679120281 | https://npiregistry.cms.hhs.gov/provider-view/1245603620 | https://www.regionalonehealth.org/specialty-pharmacy/",2026-10-02,"Website states the pharmacy is operated by Regional One Health with no third-party partner named. NPPES specialty taxonomy is non-primary on all three NPIs, but they co-locate with the confirmed accredited sites.",,
HSI00001153,University of Tennessee Medical Center,Knoxville,TN,TN,1,True,1,1,698.0,0.0,1.0,nonprofit,100.0,0,2023 (rev. 2025-09),https://www.ahrq.gov/sites/default/files/wysiwyg/chsp/compendium/chsp-compendium-2023-rev.xlsx,AHRQ Compendium 2023 (system file rev. 2025-09); systems as of end-2023,False,1213548796.0,HCRIS FY2023 (FY2022 fallback); acute member hospitals; G-3 line 3,0,1289219874.0,HCRIS FY2024 (periods beginning 2023-10-01..2024-09-30); acute member CCNs; annualized where needed,0,0,6.2,False,False,False,False,https://data.cms.gov/sites/default/files/2026-09/e85544f7-57ef-477e-9640-313ac0aac400/CostReport_2024_Final.csv,CMS Hospital Provider Cost Report FY2024 (periods beginning 2023-10-01..2024-09-30); file modified 2026-09-29,True,University of Tennessee Medical Center,unchanged,"University Health System, Inc.",https://news.uthsc.edu/college-of-medicines-knoxville-campus-embraces-new-name-in-line-with-academic-expansion/,,"Owned, accredited",High,"URAC SPP010372 + ACHC 77170 for University Pharmacy (University Health System Inc.), NPPES specialty primary, utmedical.org specialty pharmacy page","University Pharmacy / Specialty Pharmacy (1924 Alcoa Hwy, Knoxville)","University Health System, Inc. (UTMC parent)",URAC SPP010372 Specialty Pharmacy | ACHC 77170 Specialty Pharmacy Services,,"https://www.urac.org/directory/accreditation-details/?certification=SPP010372 | https://www.utmedical.org/locations/specialty-pharmacy | https://organization.achc.org/print?legalCompanyName=University%20Health%20Systems,%20Inc.&dbaCompanyName=University%20Pharmacy&companyID=77170&full_address=Knoxville,%20TN%2037920&physicalAddress=1924%20Alcoa%20Hwy%20Suite%20NP%20100,",2026-10-02,Own site fetch returned 403 but search snippets from utmedical.org confirm the specialty pharmacy; 2025 rebrand was only the medical school. Not on Shields list.,,
HSI00001222,Vanderbilt Health,Nashville,TN,TN,1,True,4,4,1292.0,0.0,1.0,nonprofit,98.1,1,2023 (rev. 2025-09),https://www.ahrq.gov/sites/default/files/wysiwyg/chsp/compendium/chsp-compendium-2023-rev.xlsx,AHRQ Compendium 2023 (system file rev. 2025-09); systems as of end-2023,True,5729356840.0,HCRIS FY2023 (FY2022 fallback); acute member hospitals; G-3 line 3,0,7264595549.0,HCRIS FY2024 (periods beginning 2023-10-01..2024-09-30); acute member CCNs; annualized where needed,0,0,26.8,False,False,True,False,https://data.cms.gov/sites/default/files/2026-09/e85544f7-57ef-477e-9640-313ac0aac400/CostReport_2024_Final.csv,CMS Hospital Provider Cost Report FY2024 (periods beginning 2023-10-01..2024-09-30); file modified 2026-09-29,True,Vanderbilt Health,unchanged,,https://www.clarksvilleonline.com/2026/02/02/vanderbilt-health-completes-acquisition-of-tennova-clarksville-hospital-expands-regional-care/,,"Owned, accredited",High,URAC SPP010502 + ACHC 65922/66042 + VUMC/VSP web pages; not on Shields list,Vanderbilt Specialty Pharmacy | Vanderbilt Integrated Pharmacy | Vanderbilt Outpatient Pharmacy,Vanderbilt University Medical Center,URAC SPP010502 Specialty Pharmacy | URAC rdcoe010021 Rare Disease Pharmacy Center of Excellence | ACHC 65922 Specialty Pharmacy Services | ACHC 66042 Specialty Pharmacy Services,,https://www.urac.org/directory/accreditation-details/?certification=SPP010502 | https://www.vanderbiltspecialtypharmacy.com/about-us | https://news.vumc.org/2026/09/24/kevin-byram-named-medical-director-of-the-vanderbilt-specialty-pharmacy/,2026-09-24,"VSP is a VUMC-owned, dually URAC/ACHC accredited health-system specialty pharmacy with no outside manager. An Option Care JV (Vanderbilt HC/Option Care IV Services) handles home infusion.",,
HSI00000096,Baylor Scott and White Health,Dallas,TX,TX,1,True,31,25,3840.0,0.0,1.0,nonprofit,98.3,2,2023 (rev. 2025-09),https://www.ahrq.gov/sites/default/files/wysiwyg/chsp/compendium/chsp-compendium-2023-rev.xlsx,AHRQ Compendium 2023 (system file rev. 2025-09); systems as of end-2023,True,7757139545.0,HCRIS FY2023 (FY2022 fallback); acute member hospitals; G-3 line 3,4,6296855700.0,HCRIS FY2024 (periods beginning 2023-10-01..2024-09-30); acute member CCNs; annualized where needed,7,1,-18.8,False,True,False,False,https://data.cms.gov/sites/default/files/2026-09/e85544f7-57ef-477e-9640-313ac0aac400/CostReport_2024_Final.csv,CMS Hospital Provider Cost Report FY2024 (periods beginning 2023-10-01..2024-09-30); file modified 2026-09-29,True,Baylor Scott & White Health,unchanged,,https://www.bswhealth.com/about,,"Owned, accredited",High,URAC SPP010255 + ACHC records + BSW website specialty pharmacy page,Baylor Scott & White Specialty Pharmacy | Baylor Scott & White Pharmacy #101 | #201 | #227 | #276,"Baylor Scott & White Health Enterprises, Inc. (system subsidiary)",URAC SPP010255 Specialty Pharmacy | ACHC 83206 Specialty Pharmacy Services | ACHC 90026 Specialty Pharmacy Services | ACHC 96714 Specialty Pharmacy Services | ACHC 96715 Specialty Pharmacy Services,,https://www.bswhealth.com/locations/clinical-group/specialty-pharmacy | https://www.bswhealth.com/specialties/pharmacy | https://www.urac.org/directory/accreditation-details/?certification=SPP010255,2026-10-02,Not on Shields list. Status not separately searched; no sign of change.,,
HSI00000208,Childrens Health,Dallas,TX,TX,1,True,3,3,448.0,0.0,1.0,nonprofit,100.0,0,2023 (rev. 2025-09),https://www.ahrq.gov/sites/default/files/wysiwyg/chsp/compendium/chsp-compendium-2023-rev.xlsx,AHRQ Compendium 2023 (system file rev. 2025-09); systems as of end-2023,False,2245347709.0,HCRIS FY2023 (FY2022 fallback); acute member hospitals; G-3 line 3,1,2418052084.0,HCRIS FY2024 (periods beginning 2023-10-01..2024-09-30); acute member CCNs; annualized where needed,1,0,7.7,False,True,False,False,https://data.cms.gov/sites/default/files/2026-09/e85544f7-57ef-477e-9640-313ac0aac400/CostReport_2024_Final.csv,CMS Hospital Provider Cost Report FY2024 (periods beginning 2023-10-01..2024-09-30); file modified 2026-09-29,True,Children's Health,unchanged,,https://www.childrens.com/specialties-services/specialty-pharmacy,,"Owned, accredited",High,URAC SPP010612 + ACHC 89927 + system web page + NPPES primary specialty,Children's Health Specialty Pharmacy | First Pharmacy Pavilion,Children's Health System of Texas,URAC SPP010612 Specialty Pharmacy | ACHC 89927 Specialty Pharmacy Services,,https://www.childrens.com/specialties-services/specialty-pharmacy | https://www.urac.org/directory/accreditation-details/?certification=SPP010612 | https://npiregistry.cms.hhs.gov/provider-view/1871448720,2026-10-02,A dedicated merger/acquisition query was not run; no ownership change is evident on the system page. Not on Shields list.,,
HSI00000152,Christus Health,Irving,TX,LA;NM;TX,3,True,32,26,3916.0,1.0,2.0,church-operated,95.0,3,2023 (rev. 2025-09),https://www.ahrq.gov/sites/default/files/wysiwyg/chsp/compendium/chsp-compendium-2023-rev.xlsx,AHRQ Compendium 2023 (system file rev. 2025-09); systems as of end-2023,True,6098506336.0,HCRIS FY2023 (FY2022 fallback); acute member hospitals; G-3 line 3,3,6951267904.0,HCRIS FY2024 (periods beginning 2023-10-01..2024-09-30); acute member CCNs; annualized where needed,3,0,14.0,False,True,False,False,https://data.cms.gov/sites/default/files/2026-09/e85544f7-57ef-477e-9640-313ac0aac400/CostReport_2024_Final.csv,CMS Hospital Provider Cost Report FY2024 (periods beginning 2023-10-01..2024-09-30); file modified 2026-09-29,True,CHRISTUS Health,unchanged,,https://www.christushealth.org/,,Managed or partnered,High,URAC SPP010353 + ACHC 82691 + CHRISTUS website + Shields press release,CHRISTUS Specialty Pharmacy (Tyler) | Christus St. Vincent Outpatient Pharmacy (Santa Fe) | Christus St. Michael Health Care Center Pharmacy (Texarkana),"Mother Frances Hospital Regional Health Care Center (Tyler); St. Vincent Hospital/Regional Medical Center (Santa Fe); Christus Health Ark-La-Tex (Texarkana, system subsidiary)","URAC SPP010353 Specialty Pharmacy (Tyler) | URAC SPP010057 Specialty Pharmacy (Santa Fe, exp 2026-10-01) | ACHC 82691 Specialty Pharmacy Services (Tyler) | ACHC 99394 Specialty Pharmacy Services (Santa Fe) | ACHC 99925 Specialty Pharmacy Services (Texarkana)",Shields Health Solutions,"https://www.urac.org/directory/accreditation-details/?certification=SPP010353 | https://www.urac.org/directory/accreditation-details/?certification=SPP010057 | https://organization.achc.org/print?legalCompanyName=Mother%20Frances%20Hospital%20Regional%20Health%20Care%20Center&dbaCompanyName=CHRISTUS%20Specialty%20Pharmacy&companyID=82691&full_address=Tyler,%20TX%2075701&physicalAddress=800%20E%20Dawson%20St%20Ste%20100, | https://organization.achc.org/print?legalCompanyName=Christus%20St.%20Vincent%20Regional%20Medical%20Center&dbaCompanyName=Christus%20St.%20Vincent%20Outpatient%20Pharmacy&companyID=99394&full_address=Santa%20Fe,%20NM%2087505&physicalAddress=465%20St.%20Michael's%20Drive%20Suite%20112, | https://organization.achc.org/print?legalCompanyName=Christus%20Health%20ARK-LA-TEX&dbaCompanyName=Christus%20St.%20Michael%20Health%20Care%20Center%20Pharmacy&companyID=99925&full_address=Texarkana,%20TX%2075503&physicalAddress=2604%20St%20Michael%20Drive%20Suite%20200, | https://npiregistry.cms.hhs.gov/provider-view/1205546777 | https://npiregistry.cms.hhs.gov/provider-view/1366980427 | https://npiregistry.cms.hhs.gov/provider-view/1144689514 | https://npiregistry.cms.hhs.gov/provider-view/1851930895 | https://npiregistry.cms.hhs.gov/provider-view/1104406511 | https://npiregistry.cms.hhs.gov/provider-view/1417531021 | https://www.christushealth.org/locations/specialty-pharmacy | https://www.prnewswire.com/news-releases/christus-health-partners-with-shields-health-solutions-to-give-patients-and-families-enhanced-specialty-pharmacy-services-301322355.html | https://shieldshealthsolutions.com/christus-health/ | https://shieldshealthsolutions.com/about-us/partner-health-systems","{'prnewswire release': '2021-06-29', 'christushealth.org': '2026-10-02', 'shieldshealthsolutions.com': '2026-10-02'}",Shields partnership documented for Tyler pharmacy; whether Santa Fe and Texarkana pharmacies are also Shields-managed was not verified. NPPES 1851930895 (DME primary taxonomy) and the community-taxonomy duplicates are accepted only as same-address records of confirmed pharmacies.,,
HSI00000251,Community Hospital Corporation,Plano,TX,AR;CO;ID;KY;NC;NM;SC;TX,8,True,20,11,772.0,1.0,1.0,nonprofit,58.8,6,2023 (rev. 2025-09),https://www.ahrq.gov/sites/default/files/wysiwyg/chsp/compendium/chsp-compendium-2023-rev.xlsx,AHRQ Compendium 2023 (system file rev. 2025-09); systems as of end-2023,True,904157142.0,HCRIS FY2023 (FY2022 fallback); acute member hospitals; G-3 line 3,1,566913880.0,HCRIS FY2024 (periods beginning 2023-10-01..2024-09-30); acute member CCNs; annualized where needed,2,1,-37.3,False,True,True,False,https://data.cms.gov/sites/default/files/2026-09/e85544f7-57ef-477e-9640-313ac0aac400/CostReport_2024_Final.csv,CMS Hospital Provider Cost Report FY2024 (periods beginning 2023-10-01..2024-09-30); file modified 2026-09-29,True,Community Hospital Corporation (CHC),unchanged,,https://chc.com/,,None found,Medium,chc.com shows only supply-chain 'Pharmaceutical Services'; all 9 candidates rejected as unrelated; not on Shields list,,,,,https://chc.com/,2026-10-02,"CHC owns, manages and consults for mostly independent community hospitals rather than running a unified pharmacy program. Individual member hospital sites were not searched.",,
HSI00000273,Cook Childrens Health Care System,Fort Worth,TX,TX,1,True,2,2,447.0,0.0,1.0,nonprofit,100.0,0,2023 (rev. 2025-09),https://www.ahrq.gov/sites/default/files/wysiwyg/chsp/compendium/chsp-compendium-2023-rev.xlsx,AHRQ Compendium 2023 (system file rev. 2025-09); systems as of end-2023,False,1612774162.0,HCRIS FY2023 (FY2022 fallback); acute member hospitals; G-3 line 3,1,1959970633.0,HCRIS FY2024 (periods beginning 2023-10-01..2024-09-30); acute member CCNs; annualized where needed,0,0,21.5,False,True,False,False,https://data.cms.gov/sites/default/files/2026-09/e85544f7-57ef-477e-9640-313ac0aac400/CostReport_2024_Final.csv,CMS Hospital Provider Cost Report FY2024 (periods beginning 2023-10-01..2024-09-30); file modified 2026-09-29,True,Cook Children's Health Care System,unchanged,,https://www.prnewswire.com/news-releases/cook-childrens-elevates-eight-key-leaders-to-drive-strategic-growth-and-pediatric-excellence-302388015.html,,"Owned, accredited",High,URAC SPP010302 + ACHC 93103 + system web page showing both seals + NPPES,Cook Children's Retail Pharmacy - Dodson,Cook Children's Medical Center,URAC SPP010302 Specialty Pharmacy | ACHC 93103 Specialty Pharmacy Services | ACHC 80330 Specialty Pharmacy Services (Cook Children's Home Health),,https://www.cookchildrens.org/services/pharmacy/specialty-pharmacy-services/ | https://www.urac.org/directory/accreditation-details/?certification=SPP010302 | https://npiregistry.cms.hhs.gov/provider-view/1982439576,2026-10-02,"ACHC 80330 is held by Cook Children's Home Health, a system subsidiary. Not on Shields list.",,
HSI00000321,Driscoll Childrens Hospital,Corpus Christi,TX,TX,1,True,1,1,215.0,0.0,1.0,nonprofit,100.0,0,2023 (rev. 2025-09),https://www.ahrq.gov/sites/default/files/wysiwyg/chsp/compendium/chsp-compendium-2023-rev.xlsx,AHRQ Compendium 2023 (system file rev. 2025-09); systems as of end-2023,False,694328846.0,HCRIS FY2023 (FY2022 fallback); acute member hospitals; G-3 line 3,0,,HCRIS FY2024 (periods beginning 2023-10-01..2024-09-30); acute member CCNs; annualized where needed,1,0,,False,True,False,False,https://data.cms.gov/sites/default/files/2026-09/e85544f7-57ef-477e-9640-313ac0aac400/CostReport_2024_Final.csv,CMS Hospital Provider Cost Report FY2024 (periods beginning 2023-10-01..2024-09-30); file modified 2026-09-29,True,Driscoll Children's Hospital,unchanged,,https://manilatimes.net/2026/09/29/tmt-newswire/globenewswire/driscoll-named-one-of-three-childrens-hospitals-nationwide-recognized-for-excellence-in-patient-centered-care/2435401,,"Owned, accredited",High,URAC SPP010325 plus Driscoll specialty pharmacy web page (URAC through 11/01/2027),Driscoll Health Pharmacy,Driscoll Children's Hospital,URAC SPP010325 Specialty Pharmacy,,https://www.urac.org/directory/accreditation-details/?certification=SPP010325 | https://driscollchildrens.org/specialty/specialty-pharmacy/,2026-10-02,Not on Shields list; no outside manager shown. Opened Rio Grande Valley hospital in 2024.,,
HSI00000471,Hendrick Health System,Abilene,TX,TX,1,True,3,3,656.0,0.0,2.0,church-operated,100.0,0,2023 (rev. 2025-09),https://www.ahrq.gov/sites/default/files/wysiwyg/chsp/compendium/chsp-compendium-2023-rev.xlsx,AHRQ Compendium 2023 (system file rev. 2025-09); systems as of end-2023,False,824367356.0,HCRIS FY2023 (FY2022 fallback); acute member hospitals; G-3 line 3,1,,HCRIS FY2024 (periods beginning 2023-10-01..2024-09-30); acute member CCNs; annualized where needed,3,0,,False,True,False,False,https://data.cms.gov/sites/default/files/2026-09/e85544f7-57ef-477e-9640-313ac0aac400/CostReport_2024_Final.csv,CMS Hospital Provider Cost Report FY2024 (periods beginning 2023-10-01..2024-09-30); file modified 2026-09-29,True,Hendrick Health,unchanged,,https://www.hendrickhealth.org/news/releases/a-five-year-lookback-hendrick-health-s-transformational-transaction/,,"Owned, not accredited",Low,"NPPES specialty-pharmacy taxonomy on two system-owned outpatient pharmacies; own site (curl 200) shows outpatient pharmacies only, no accreditation; not on Shields list",Hendrick Medical Center South Outpatient Pharmacy | Hendrick Medical Center Outpatient Pharmacy | Hendrick Pharmacy on Ambler,Hendrick Medical Center,,,https://www.hendrickhealth.org/services/pharmacy/ | https://npiregistry.cms.hhs.gov/provider-view/1497403661 | https://npiregistry.cms.hhs.gov/provider-view/1073198156,2026-10-02,Both NPPES records are the system's own outpatient pharmacies; the taxonomy is the only specialty signal so confidence is capped at Low. The 2020 Abilene Regional purchase predates the 2023 baseline.,,
HSI00001081,Houston Methodist,Houston,TX,TX,1,True,8,7,2653.0,0.0,1.0,nonprofit,100.0,0,2023 (rev. 2025-09),https://www.ahrq.gov/sites/default/files/wysiwyg/chsp/compendium/chsp-compendium-2023-rev.xlsx,AHRQ Compendium 2023 (system file rev. 2025-09); systems as of end-2023,False,6281664751.0,HCRIS FY2023 (FY2022 fallback); acute member hospitals; G-3 line 3,0,6938443964.0,HCRIS FY2024 (periods beginning 2023-10-01..2024-09-30); acute member CCNs; annualized where needed,0,0,10.5,False,False,False,False,https://data.cms.gov/sites/default/files/2026-09/e85544f7-57ef-477e-9640-313ac0aac400/CostReport_2024_Final.csv,CMS Hospital Provider Cost Report FY2024 (periods beginning 2023-10-01..2024-09-30); file modified 2026-09-29,True,Houston Methodist,unchanged,,https://www.houstonmethodist.org/newsroom/,,Managed or partnered,Medium,URAC SPP010047 + ACHC 76082 + system website; Shields partner list and Sept 2026 Shields release,Houston Methodist Specialty Pharmacy | Houston Methodist Pharmacy,The Methodist Hospital (member hospital),"URAC SPP010047 Specialty Pharmacy (2023-10-01 to 2026-10-01; expiry was yesterday, renewal not verified) | ACHC 76082 Specialty Pharmacy Services",Shields Health Solutions,"https://www.urac.org/directory/accreditation-details/?certification=SPP010047 | https://organization.achc.org/print?legalCompanyName=The%20Methodist%20Hospital&dbaCompanyName=Houston%20Methodist%20Pharmacy&companyID=76082&full_address=Houston%20,%20TX%2077070&physicalAddress=13300%20Hargrave%20Road,%20Suite%20360, | https://npiregistry.cms.hhs.gov/provider-view/1073112272 | https://npiregistry.cms.hhs.gov/provider-view/1801208665 | https://www.houstonmethodist.org/specialty-pharmacy/ | https://shieldshealthsolutions.com/about-us/partner-health-systems | https://finance.yahoo.com/healthcare/articles/shields-health-solutions-brings-clinical-140600024.html",houstonmethodist.org undated (2026 copyright); Shields release 2026-09-15; registries 2026-10-02,"Houston Methodist is on the Shields partner list and its pharmacy director is quoted in Shields' Sept 2026 release, but no source states that Shields manages the pharmacy, so confidence is Medium. The URAC cert expired 2026-10-01; renewal should be checked.",,
HSI00000654,Memorial Hermann Healthcare System,Houston,TX,TX,1,True,11,7,3548.0,1.0,1.0,nonprofit,100.0,0,2023 (rev. 2025-09),https://www.ahrq.gov/sites/default/files/wysiwyg/chsp/compendium/chsp-compendium-2023-rev.xlsx,AHRQ Compendium 2023 (system file rev. 2025-09); systems as of end-2023,False,6612021513.0,HCRIS FY2023 (FY2022 fallback); acute member hospitals; G-3 line 3,1,7255577982.0,HCRIS FY2024 (periods beginning 2023-10-01..2024-09-30); acute member CCNs; annualized where needed,1,0,9.7,False,True,False,False,https://data.cms.gov/sites/default/files/2026-09/e85544f7-57ef-477e-9640-313ac0aac400/CostReport_2024_Final.csv,CMS Hospital Provider Cost Report FY2024 (periods beginning 2023-10-01..2024-09-30); file modified 2026-09-29,True,Memorial Hermann Health System,unchanged,,https://memorialhermann.org/about-us,,"Owned, accredited",High,URAC SPP010147 + ACHC 76102 + system specialty pharmacy web page; not on Shields list,Memorial Hermann Specialty Pharmacy | Memorial Hermann Pharmacy Services,"Memorial Hermann Pharmacy Services, LLC (system subsidiary)",URAC SPP010147 Specialty Pharmacy | ACHC 76102 Specialty Pharmacy Services,,https://memorialhermann.org/services/specialties/specialty-pharmacy | https://www.urac.org/directory/accreditation-details/?certification=SPP010147,2026-10-02,No outside manager found. Status not separately searched; no sign of change.,,
HSI00000673,Methodist Health System,Dallas,TX,TX,1,True,8,7,1266.0,0.0,1.0,nonprofit,96.4,2,2023 (rev. 2025-09),https://www.ahrq.gov/sites/default/files/wysiwyg/chsp/compendium/chsp-compendium-2023-rev.xlsx,AHRQ Compendium 2023 (system file rev. 2025-09); systems as of end-2023,True,1837350034.0,HCRIS FY2023 (FY2022 fallback); acute member hospitals; G-3 line 3,0,2141736176.0,HCRIS FY2024 (periods beginning 2023-10-01..2024-09-30); acute member CCNs; annualized where needed,0,0,16.6,False,False,False,False,https://data.cms.gov/sites/default/files/2026-09/e85544f7-57ef-477e-9640-313ac0aac400/CostReport_2024_Final.csv,CMS Hospital Provider Cost Report FY2024 (periods beginning 2023-10-01..2024-09-30); file modified 2026-09-29,True,Methodist Health System,unchanged,,https://www.methodisthealthsystem.org/about,,Managed or partnered,High,URAC SPP010611 + ACHC 94808 for Methodist Community Pharmacy LLC; no outside manager found; not on Shields list,Methodist Community Pharmacy - Dallas,"Methodist Community Pharmacy, LLC (Methodist Health System subsidiary)",URAC SPP010611 Specialty Pharmacy | ACHC 94808 Specialty Pharmacy Services,Shields Health Solutions,https://www.urac.org/directory/accreditation-details/?certification=SPP010611 | https://www.methodisthealthsystem.org/patients-visitors/patient-tools-support/methodist-community-pharmacy | https://mcpdallas.com/specialty-pharmacy | https://shieldshealthsolutions.com/about-us/partner-health-systems,2026-10-02,Methodist Charlton Medical Center renamed Methodist Southwest Medical Center on 2026-08-01; system unchanged. Houston Methodist is on the Shields list but is a different system; ownership of the LLC is inferred from name and system website listing.,"on Shields partner list: Owned, accredited -> Managed or partnered",
HSI00000822,Peterson Health,Kerrville,TX,TX,1,True,1,1,98.0,0.0,1.0,nonprofit,100.0,0,2023 (rev. 2025-09),https://www.ahrq.gov/sites/default/files/wysiwyg/chsp/compendium/chsp-compendium-2023-rev.xlsx,AHRQ Compendium 2023 (system file rev. 2025-09); systems as of end-2023,False,171731833.0,HCRIS FY2023 (FY2022 fallback); acute member hospitals; G-3 line 3,0,207710514.0,HCRIS FY2024 (periods beginning 2023-10-01..2024-09-30); acute member CCNs; annualized where needed,0,0,21.0,False,False,False,False,https://data.cms.gov/sites/default/files/2026-09/e85544f7-57ef-477e-9640-313ac0aac400/CostReport_2024_Final.csv,CMS Hospital Provider Cost Report FY2024 (periods beginning 2023-10-01..2024-09-30); file modified 2026-09-29,True,Peterson Health,unchanged,,https://www.petersonhealth.com/about-peterson-health/,,None found,Medium,"Own website and web search: no pharmacy, specialty or infusion pharmacy found; no candidates",,,,,https://www.petersonhealth.com/,2026-10-02,"Independent nonprofit; only Peterson Home Care (home health) found, no pharmacy. Not on Shields list.",,
HSI00000975,Shannon Health System,San Angelo,TX,TX,1,True,2,2,340.0,0.0,1.0,nonprofit,100.0,0,2023 (rev. 2025-09),https://www.ahrq.gov/sites/default/files/wysiwyg/chsp/compendium/chsp-compendium-2023-rev.xlsx,AHRQ Compendium 2023 (system file rev. 2025-09); systems as of end-2023,False,642627750.0,HCRIS FY2023 (FY2022 fallback); acute member hospitals; G-3 line 3,1,731698164.0,HCRIS FY2024 (periods beginning 2023-10-01..2024-09-30); acute member CCNs; annualized where needed,1,0,13.9,False,True,False,False,https://data.cms.gov/sites/default/files/2026-09/e85544f7-57ef-477e-9640-313ac0aac400/CostReport_2024_Final.csv,CMS Hospital Provider Cost Report FY2024 (periods beginning 2023-10-01..2024-09-30); file modified 2026-09-29,True,Shannon Health System,unchanged,,https://sanangelolive.com/news/san-angelo/2026-01-09/shannon-announces-agreement-acquire-big-springs-scenic-mountain-medical-center,,"Owned, accredited",High,ACHC Specialty Pharmacy Services record (owner Shannon Medical Center) + Shannon Health web page + NPPES,Shannon Specialty Pharmacy,Shannon Medical Center,ACHC 96326 Specialty Pharmacy Services,,"https://organization.achc.org/print?legalCompanyName=Shannon%20Medical%20Center&dbaCompanyName=Shannon%20Specialty%20Pharmacy&companyID=96326&full_address=San%20Angelo,%20TX%2076905&physicalAddress=2030%20Pulliam%20St.,%20Suite%2016, | https://www.shannonhealth.com/locations/shannon-specialty-pharmacy/ | https://npiregistry.cms.hhs.gov/provider-view/1861182339",2026-10-02,Shannon also acquired River Crest Hospital (2024) and agreed in Jan 2026 to buy Scenic Mountain Medical Center. Not on Shields list; no outside manager found.,,
HSI00001069,Texas Childrens Hospital,Houston,TX,TX,1,True,1,1,905.0,0.0,1.0,nonprofit,100.0,0,2023 (rev. 2025-09),https://www.ahrq.gov/sites/default/files/wysiwyg/chsp/compendium/chsp-compendium-2023-rev.xlsx,AHRQ Compendium 2023 (system file rev. 2025-09); systems as of end-2023,False,2842123139.0,HCRIS FY2023 (FY2022 fallback); acute member hospitals; G-3 line 3,0,3037599156.0,HCRIS FY2024 (periods beginning 2023-10-01..2024-09-30); acute member CCNs; annualized where needed,0,0,6.9,False,False,False,False,https://data.cms.gov/sites/default/files/2026-09/e85544f7-57ef-477e-9640-313ac0aac400/CostReport_2024_Final.csv,CMS Hospital Provider Cost Report FY2024 (periods beginning 2023-10-01..2024-09-30); file modified 2026-09-29,True,Texas Children's Hospital,unchanged,,https://www.texaschildrens.org/content/press-release/texas-childrens-hospital-and-ut-md-anderson-announce-joint-venture-end,,"Owned, accredited",High,URAC SPP010112 + ACHC 72758/80382 + texaschildrens.org specialty pharmacy page,Texas Children's Specialty Pharmacy | Texas Children's Infusion Pharmacy,Texas Children's Hospital,URAC SPP010112 Specialty Pharmacy | ACHC 72758 Specialty Pharmacy Services | ACHC 80382 Specialty Pharmacy Services | ACHC 95433 Infusion Pharmacy Services,,https://www.urac.org/directory/accreditation-details/?certification=SPP010112 | https://www.texaschildrens.org/departments/specialty-pharmacy | https://www.texaschildrens.org/departments/infusion-pharmacy,2026-10-02,MD Anderson pediatric cancer JV is not an ownership change. Not on Shields list; URAC SPP010112 expires 2026-12-01 but treated as current.,,
HSI00001072,Texas Health Resources,Arlington,TX,TX,1,True,21,18,3165.0,1.0,1.0,nonprofit,91.8,4,2023 (rev. 2025-09),https://www.ahrq.gov/sites/default/files/wysiwyg/chsp/compendium/chsp-compendium-2023-rev.xlsx,AHRQ Compendium 2023 (system file rev. 2025-09); systems as of end-2023,True,4959581904.0,HCRIS FY2023 (FY2022 fallback); acute member hospitals; G-3 line 3,0,5364251703.0,HCRIS FY2024 (periods beginning 2023-10-01..2024-09-30); acute member CCNs; annualized where needed,0,0,8.2,False,False,False,False,https://data.cms.gov/sites/default/files/2026-09/e85544f7-57ef-477e-9640-313ac0aac400/CostReport_2024_Final.csv,CMS Hospital Provider Cost Report FY2024 (periods beginning 2023-10-01..2024-09-30); file modified 2026-09-29,True,Texas Health Resources,unchanged,,https://www.texashealth.org/about-us,,"Owned, accredited",High,URAC SPP010622 and ACHC 99899 held by member hospital THHMH Fort Worth; THR specialty pharmacy page; not on Shields list,Texas Health Specialty Pharmacy | Texas Health Retail Pharmacy | Texas Health Prescription Shop,Texas Health Harris Methodist Hospital Fort Worth (THR member hospital),URAC SPP010622 Specialty Pharmacy | ACHC 99899 Specialty Pharmacy Services,,https://www.texashealth.org/Health-and-Wellness/Specialty-Pharmacy | https://www.urac.org/directory/accreditation-details/?certification=SPP010622 | https://organization.achc.org/print?companyID=99899 | https://npiregistry.cms.hhs.gov/provider-view/1326599499,2026-10-02,Very large over-matched candidate set; only THR-owned Fort Worth and Dallas pharmacies were confirmed. Search snippet and fetched page give different street addresses for the specialty pharmacy (minor).,,
HSI00001143,United Regional Health Care System,Wichita Falls,TX,TX,1,True,1,1,244.0,0.0,1.0,nonprofit,100.0,0,2023 (rev. 2025-09),https://www.ahrq.gov/sites/default/files/wysiwyg/chsp/compendium/chsp-compendium-2023-rev.xlsx,AHRQ Compendium 2023 (system file rev. 2025-09); systems as of end-2023,False,447883041.0,HCRIS FY2023 (FY2022 fallback); acute member hospitals; G-3 line 3,0,495831762.0,HCRIS FY2024 (periods beginning 2023-10-01..2024-09-30); acute member CCNs; annualized where needed,0,0,10.7,False,False,False,False,https://data.cms.gov/sites/default/files/2026-09/e85544f7-57ef-477e-9640-313ac0aac400/CostReport_2024_Final.csv,CMS Hospital Provider Cost Report FY2024 (periods beginning 2023-10-01..2024-09-30); file modified 2026-09-29,True,United Regional Health Care System,unchanged,,https://unitedregional.org/about-us/,,None found,Medium,Own website infusion page (copyright 2025) shows hospital outpatient infusion only; all candidates rejected; not on Shields list,,,,,https://unitedregional.org/services/infusion-therapy,2026-10-02,Only inpatient pharmacy and outpatient infusion therapy center found. Matches were name collisions in unrelated Texas cities.,,
HSI00000516,Intermountain Healthcare,Salt Lake City,UT,CO;ID;MT;UT,4,True,33,31,3938.0,0.0,1.0,nonprofit,100.0,0,2023 (rev. 2025-09),https://www.ahrq.gov/sites/default/files/wysiwyg/chsp/compendium/chsp-compendium-2023-rev.xlsx,AHRQ Compendium 2023 (system file rev. 2025-09); systems as of end-2023,False,9587507849.0,HCRIS FY2023 (FY2022 fallback); acute member hospitals; G-3 line 3,0,10181065979.0,HCRIS FY2024 (periods beginning 2023-10-01..2024-09-30); acute member CCNs; annualized where needed,0,0,6.2,False,False,False,False,https://data.cms.gov/sites/default/files/2026-09/e85544f7-57ef-477e-9640-313ac0aac400/CostReport_2024_Final.csv,CMS Hospital Provider Cost Report FY2024 (periods beginning 2023-10-01..2024-09-30); file modified 2026-09-29,True,Intermountain Health,unchanged,,https://intermountainhealthcare.org/,,Managed or partnered,High,URAC SPP010329 + SPP010381 + ACHC 75217 + 78008 + Intermountain website,"Intermountain Specialty Pharmacy (Midvale, UT) | Intermountain Specialty Pharmacy - Denver | Intermountain Home Delivery Pharmacy | Intermountain Health Infusion Pharmacy","IHC Health Services, Inc. (system subsidiary); Sisters of Charity of Leavenworth Health System, Inc. (SCL Health, merged into Intermountain in 2022)",URAC SPP010329 Specialty Pharmacy (exp 2027-09-01) | URAC SPP010381 Specialty Pharmacy - Denver (exp 2028-03-01) | ACHC 75217 Specialty Pharmacy Services | ACHC 78008 Specialty Pharmacy Services (Denver),Shields Health Solutions,"https://www.urac.org/directory/accreditation-details/?certification=SPP010329 | https://www.urac.org/directory/accreditation-details/?certification=SPP010381 | https://organization.achc.org/print?legalCompanyName=IHC%20Health%20Services,%20Inc.&dbaCompanyName=Intermountain%20Specialty%20Pharmacy&companyID=75217&full_address=Midvale,%20UT%2084047&physicalAddress=7268%20S%20Bingham%20Junction%20Blvd.,%20Suite%20B1, | https://organization.achc.org/print?legalCompanyName=Sisters%20of%20Charity%20of%20Leavenworth%20Health%20System%20Inc&dbaCompanyName=Intermountain%20Specialty%20Pharmacy%20-%20Denver&companyID=78008&full_address=Denver,%20CO%2080218&physicalAddress=1830%20Franklin%20St,%20Suite%20190, | https://npiregistry.cms.hhs.gov/provider-view/1093130031 | https://npiregistry.cms.hhs.gov/provider-view/1508119918 | https://npiregistry.cms.hhs.gov/provider-view/1396852000 | https://intermountainhealthcare.org/services/pharmacy/specialty-pharmacy | https://shieldshealthsolutions.com/about-us/partner-health-systems",{'https://intermountainhealthcare.org/services/pharmacy/specialty-pharmacy': '2026-10-02'},"1396852000 is a home infusion pharmacy (supports infusion capability, not specialty taxonomy); 1508119918 is the mail-order taxonomy of the same specialty pharmacy. No outside manager found.","on Shields partner list: Owned, accredited -> Managed or partnered",
HSI00000063,Augusta Health,Fishersville,VA,VA,1,True,1,1,193.0,0.0,1.0,nonprofit,100.0,0,2023 (rev. 2025-09),https://www.ahrq.gov/sites/default/files/wysiwyg/chsp/compendium/chsp-compendium-2023-rev.xlsx,AHRQ Compendium 2023 (system file rev. 2025-09); systems as of end-2023,False,448911975.0,HCRIS FY2023 (FY2022 fallback); acute member hospitals; G-3 line 3,0,495119616.0,HCRIS FY2024 (periods beginning 2023-10-01..2024-09-30); acute member CCNs; annualized where needed,0,0,10.3,False,False,False,False,https://data.cms.gov/sites/default/files/2026-09/e85544f7-57ef-477e-9640-313ac0aac400/CostReport_2024_Final.csv,CMS Hospital Provider Cost Report FY2024 (periods beginning 2023-10-01..2024-09-30); file modified 2026-09-29,True,Augusta Health,unchanged,,https://www.augustahealth.com/,,None found,Medium,No accreditation candidates; augustahealth.com pharmacy page lists only retail outpatient pharmacy and inpatient pharmacy,Augusta Health Outpatient Pharmacy (retail),,,,https://www.augustahealth.com/service/pharmacy/ | https://www.augustahealth.com/2023/03/the-augusta-health-pharmacy-has-moved/,2026-10-02,Retail outpatient pharmacy only; no mention of specialty or home infusion. A UVA Health affiliation appeared in search results (UVA Augusta Pharmacy listing) but was not investigated for specialty services.,,
HSI00000170,Carilion Clinic,Roanoke,VA,VA,1,True,7,7,838.0,0.0,1.0,nonprofit,100.0,0,2023 (rev. 2025-09),https://www.ahrq.gov/sites/default/files/wysiwyg/chsp/compendium/chsp-compendium-2023-rev.xlsx,AHRQ Compendium 2023 (system file rev. 2025-09); systems as of end-2023,False,2029403736.0,HCRIS FY2023 (FY2022 fallback); acute member hospitals; G-3 line 3,1,2275626601.0,HCRIS FY2024 (periods beginning 2023-10-01..2024-09-30); acute member CCNs; annualized where needed,1,0,12.1,False,True,False,False,https://data.cms.gov/sites/default/files/2026-09/e85544f7-57ef-477e-9640-313ac0aac400/CostReport_2024_Final.csv,CMS Hospital Provider Cost Report FY2024 (periods beginning 2023-10-01..2024-09-30); file modified 2026-09-29,True,Carilion Clinic,unchanged,,https://www.carilionclinic.org/news/,,"Owned, accredited",High,"URAC SPP010472 + ACHC 90418 under CHS, Inc (Carilion's legal entity); not on Shields list",Carilion Clinic Specialty Pharmacy,"CHS, Inc (Carilion Clinic)",URAC SPP010472 Specialty Pharmacy | ACHC 90418 Specialty Pharmacy Services,,https://www.urac.org/directory/accreditation-details/?certification=SPP010472 | https://cc.gtm.carilionclinic.org/locations/carilion-clinic-specialty-pharmacy | https://www.carilionclinic.org/news/,2026-10-02,"Owning entity CHS, Inc is Carilion Clinic's legal name. Carilion's own site lists the specialty pharmacy at 4336 Electric Rd.",,
HSI00000192,Centra Health,Lynchburg,VA,VA,1,True,5,4,562.0,0.0,1.0,nonprofit,100.0,0,2023 (rev. 2025-09),https://www.ahrq.gov/sites/default/files/wysiwyg/chsp/compendium/chsp-compendium-2023-rev.xlsx,AHRQ Compendium 2023 (system file rev. 2025-09); systems as of end-2023,False,1094703075.0,HCRIS FY2023 (FY2022 fallback); acute member hospitals; G-3 line 3,1,1093654413.0,HCRIS FY2024 (periods beginning 2023-10-01..2024-09-30); acute member CCNs; annualized where needed,1,0,-0.1,False,True,False,False,https://data.cms.gov/sites/default/files/2026-09/e85544f7-57ef-477e-9640-313ac0aac400/CostReport_2024_Final.csv,CMS Hospital Provider Cost Report FY2024 (periods beginning 2023-10-01..2024-09-30); file modified 2026-09-29,True,Centra Health,unchanged,,https://www.centrahealth.com/about-centra,,"Owned, not accredited",Low,NPPES specialty taxonomy (secondary) on Centra Cancer Center Pharmacy LLC; Centra site shows oncology infusion pharmacy; no accreditation found,"Centra Cancer Center Pharmacy, LLC","Centra Health (COO is authorized official; 1701 Thomson Dr, Alan B. Pearson Regional Cancer Center)",,,https://npiregistry.cms.hhs.gov/provider-view/1871080853 | https://www.centrahealth.com/educational-opportunities/centra-pharmacy-residency-program | https://www.centrahealth.com/centra-pharmacy-residency-program/pharmacy-residency-curriculum/pharmacy-residency-curriculum-electives,2026-10-02,"Cancer center outpatient pharmacy appears system-owned and dispenses oncology drugs, but the only specialty signal is the NPPES secondary taxonomy; no URAC/ACHC found. Centra site has no dedicated specialty pharmacy page.",,
HSI00000215,Childrens Hospital of the Kings Daughters Health System,Norfolk,VA,VA,1,True,1,1,202.0,0.0,1.0,nonprofit,100.0,0,2023 (rev. 2025-09),https://www.ahrq.gov/sites/default/files/wysiwyg/chsp/compendium/chsp-compendium-2023-rev.xlsx,AHRQ Compendium 2023 (system file rev. 2025-09); systems as of end-2023,False,546188212.0,HCRIS FY2023 (FY2022 fallback); acute member hospitals; G-3 line 3,0,733412937.0,HCRIS FY2024 (periods beginning 2023-10-01..2024-09-30); acute member CCNs; annualized where needed,0,0,34.3,False,False,True,False,https://data.cms.gov/sites/default/files/2026-09/e85544f7-57ef-477e-9640-313ac0aac400/CostReport_2024_Final.csv,CMS Hospital Provider Cost Report FY2024 (periods beginning 2023-10-01..2024-09-30); file modified 2026-09-29,True,Children's Hospital of The King's Daughters,unchanged,,https://www.chkd.org/about-us/,,"Owned, accredited",High,URAC SPP010539 + ACHC 96919 + CHKD specialty pharmacy web page,CHKD Outpatient Pharmacy (specialty pharmacy services),"Children's Pharmacy Services, LLC (CHKD subsidiary, on-campus)",URAC SPP010539 Specialty Pharmacy | ACHC 96919 Specialty Pharmacy Services,,https://www.urac.org/directory/accreditation-details/?certification=SPP010539 | https://www.chkd.org/our-care/other-services/pharmacy-outpatient/specialty-pharmacy-services/,2026-10-02,"Owning LLC inferred as CHKD subsidiary from name, dba and on-campus address. Not on Shields list.",,
HSI00000513,Inova Health System,Falls Church,VA,VA,1,True,5,5,1682.0,0.0,1.0,nonprofit,100.0,0,2023 (rev. 2025-09),https://www.ahrq.gov/sites/default/files/wysiwyg/chsp/compendium/chsp-compendium-2023-rev.xlsx,AHRQ Compendium 2023 (system file rev. 2025-09); systems as of end-2023,False,4422197920.0,HCRIS FY2023 (FY2022 fallback); acute member hospitals; G-3 line 3,0,5011631275.0,HCRIS FY2024 (periods beginning 2023-10-01..2024-09-30); acute member CCNs; annualized where needed,0,0,13.3,False,False,False,False,https://data.cms.gov/sites/default/files/2026-09/e85544f7-57ef-477e-9640-313ac0aac400/CostReport_2024_Final.csv,CMS Hospital Provider Cost Report FY2024 (periods beginning 2023-10-01..2024-09-30); file modified 2026-09-29,True,Inova Health System,unchanged,,https://www.ffxnow.com/2026/09/24/inova-acquires-medical-office-buildings-adding-to-merrifield-footprint/,,Managed or partnered,High,"Shields partner list (Inova Health System, Falls Church VA) + URAC SPP010596 + ACHC 76920",Inova Retail and Specialty Pharmacy,Inova Health Care Services (system subsidiary),URAC SPP010596 Specialty Pharmacy | ACHC 76920 Specialty Pharmacy Services,Shields Health Solutions,https://www.urac.org/directory/accreditation-details/?certification=SPP010596 | https://www.inova.org/our-services/inova-retail-pharmacy-services | https://shieldshealthsolutions.com/about-us/partner-health-systems,2026-10-02,Shields rule applied; accreditations held in own subsidiary.,,
HSI00000624,Mary Washington Healthcare,Fredericksburg,VA,VA,1,True,3,2,502.0,0.0,1.0,nonprofit,100.0,0,2023 (rev. 2025-09),https://www.ahrq.gov/sites/default/files/wysiwyg/chsp/compendium/chsp-compendium-2023-rev.xlsx,AHRQ Compendium 2023 (system file rev. 2025-09); systems as of end-2023,False,739433254.0,HCRIS FY2023 (FY2022 fallback); acute member hospitals; G-3 line 3,0,844413770.0,HCRIS FY2024 (periods beginning 2023-10-01..2024-09-30); acute member CCNs; annualized where needed,0,0,14.2,False,False,False,False,https://data.cms.gov/sites/default/files/2026-09/e85544f7-57ef-477e-9640-313ac0aac400/CostReport_2024_Final.csv,CMS Hospital Provider Cost Report FY2024 (periods beginning 2023-10-01..2024-09-30); file modified 2026-09-29,True,Mary Washington Healthcare,unchanged,,https://www.marywashingtonhealthcare.com/about-us/,,None found,Medium,No candidates; own site shows retail Medical Arts Pharmacy and outpatient infusion only,Medical Arts Pharmacy,Mary Washington Healthcare,,,https://www.marywashingtonhealthcare.com/Our-Services/Pharmacy.aspx,2026-10-02,Structure unchanged (July 2026 radiology affiliation only). Medical Arts is a retail outpatient pharmacy.,,
HSI00000883,Riverside Health System,Newport News,VA,VA,1,True,6,4,592.0,0.0,1.0,nonprofit,100.0,0,2023 (rev. 2025-09),https://www.ahrq.gov/sites/default/files/wysiwyg/chsp/compendium/chsp-compendium-2023-rev.xlsx,AHRQ Compendium 2023 (system file rev. 2025-09); systems as of end-2023,False,1376432825.0,HCRIS FY2023 (FY2022 fallback); acute member hospitals; G-3 line 3,0,1508067411.0,HCRIS FY2024 (periods beginning 2023-10-01..2024-09-30); acute member CCNs; annualized where needed,0,0,9.6,False,False,False,False,https://data.cms.gov/sites/default/files/2026-09/e85544f7-57ef-477e-9640-313ac0aac400/CostReport_2024_Final.csv,CMS Hospital Provider Cost Report FY2024 (periods beginning 2023-10-01..2024-09-30); file modified 2026-09-29,True,Riverside Health System,unchanged,,https://www.whro.org/health/2026-04-07/riverside-health-uva-health-partner-to-expand-advanced-care-in-hampton-roads,,"Owned, accredited",High,URAC SPP010656 + ACHC 78217/87299 + NPPES + Riverside Specialty Medications Program web page,Pavilion Pharmacy | Riverside Pharmacy Chesapeake,"Riverside Hospital, Inc. (system entity)",URAC SPP010656 Specialty Pharmacy | ACHC 78217 Specialty Pharmacy Services | ACHC 87299 Specialty Pharmacy Services,,https://www.urac.org/directory/accreditation-details/?certification=SPP010656 | https://www.riversideonline.com/locations/pharmacy/pavilion-pharmacy/specialty-medications-program | https://npiregistry.cms.hhs.gov/provider-view/1053041061,2026-10-02,UVA Health took a minority stake (not a merger); Riverside Tappahannock Hospital went to VCU Health but is not among the listed member hospitals. No outside manager found.,,
HSI00000972,Sentara Healthcare,Norfolk,VA,NC;VA,2,True,13,12,2314.0,0.0,1.0,nonprofit,100.0,0,2023 (rev. 2025-09),https://www.ahrq.gov/sites/default/files/wysiwyg/chsp/compendium/chsp-compendium-2023-rev.xlsx,AHRQ Compendium 2023 (system file rev. 2025-09); systems as of end-2023,False,5320459115.0,HCRIS FY2023 (FY2022 fallback); acute member hospitals; G-3 line 3,0,6006593924.0,HCRIS FY2024 (periods beginning 2023-10-01..2024-09-30); acute member CCNs; annualized where needed,0,0,12.9,False,False,False,False,https://data.cms.gov/sites/default/files/2026-09/e85544f7-57ef-477e-9640-313ac0aac400/CostReport_2024_Final.csv,CMS Hospital Provider Cost Report FY2024 (periods beginning 2023-10-01..2024-09-30); file modified 2026-09-29,True,Sentara Health,renamed,,https://virginiabusiness.com/sentara-healthcare-rebrands-as-sentara-health/,2023-05-05,Managed or partnered,High,"Shields partner list (Sentara Health) and Shields/Sentara release; URAC SPP010317, ACHC 94616",Sentara Case Management Pharmacy | Proprium Pharmacy | Sentara Infusion Services,Sentara Hospitals dba Sentara Norfolk General Hospital (member hospital),URAC SPP010317 Specialty Pharmacy | ACHC 94616 Specialty Pharmacy Services | ACHC 70366 Infusion Pharmacy Services | ACHC 89024 Infusion Pharmacy Services | ACHC 70366 Home Infusion Therapy,Shields Health Solutions,https://shieldshealthsolutions.com/patients-with-complex-chronic-illnesses-can-now-receive-more-affordable-medications-and-new-pharmacy-services-with-no-added-costs/ | https://www.urac.org/directory/accreditation-details/?certification=SPP010317 | https://shieldshealthsolutions.com/about-us/partner-health-systems,2026-10-02,Rename to Sentara Health taken from the Shields list label; not independently verified on Sentara site. Excelera (a Shields company) built the in-house specialty pharmacy.,,
HSI00001186,University of Virginia Health System,Charlottesville,VA,VA,1,True,5,4,885.0,0.0,1.0,nonprofit,75.1,3,2023 (rev. 2025-09),https://www.ahrq.gov/sites/default/files/wysiwyg/chsp/compendium/chsp-compendium-2023-rev.xlsx,AHRQ Compendium 2023 (system file rev. 2025-09); systems as of end-2023,True,2811511963.0,HCRIS FY2023 (FY2022 fallback); acute member hospitals; G-3 line 3,0,3430351801.0,HCRIS FY2024 (periods beginning 2023-10-01..2024-09-30); acute member CCNs; annualized where needed,0,0,22.0,False,False,False,False,https://data.cms.gov/sites/default/files/2026-09/e85544f7-57ef-477e-9640-313ac0aac400/CostReport_2024_Final.csv,CMS Hospital Provider Cost Report FY2024 (periods beginning 2023-10-01..2024-09-30); file modified 2026-09-29,True,UVA Health,unchanged,,https://virginiabusiness.com/u-va-health-system-to-acquire-novant-health/,,"Owned, accredited",High,URAC SPP010346 + ACHC 82734 + rare disease COE; UVA Health pharmacy pages; owned by Rector and Visitors of UVA; not on Shields list,UVA Specialty Pharmacy | UVA Pharmacy Pantops,The Rector and Visitors of the University of Virginia,URAC SPP010346 Specialty Pharmacy | URAC rdcoe010003 Rare Disease Pharmacy Center of Excellence | ACHC 82734 Specialty Pharmacy Services,,https://refillrx.healthsystem.virginia.edu/locations.asp | https://www.urac.org/directory/accreditation-details/?certification=SPP010346 | https://accessmarketintell.com/2024/08/19/uva-health-specialty-pharmacy-expanding-presence-to-enhance-specialized-pharmaceutical-care/,2024-08-19,"UVA states dual URAC/ACHC accreditation and Rare Disease COE. UVA planned to buy out Novant Health UVA Health System (Haymarket, Prince William JV) from Novant; hospitals remain under UVA Health.",,
HSI00001499,VHC Health,Arlington,VA,VA,1,True,1,1,385.0,0.0,1.0,nonprofit,100.0,0,2023 (rev. 2025-09),https://www.ahrq.gov/sites/default/files/wysiwyg/chsp/compendium/chsp-compendium-2023-rev.xlsx,AHRQ Compendium 2023 (system file rev. 2025-09); systems as of end-2023,False,678312768.0,HCRIS FY2023 (FY2022 fallback); acute member hospitals; G-3 line 3,0,696241304.0,HCRIS FY2024 (periods beginning 2023-10-01..2024-09-30); acute member CCNs; annualized where needed,0,0,2.6,False,False,False,False,https://data.cms.gov/sites/default/files/2026-09/e85544f7-57ef-477e-9640-313ac0aac400/CostReport_2024_Final.csv,CMS Hospital Provider Cost Report FY2024 (periods beginning 2023-10-01..2024-09-30); file modified 2026-09-29,True,VHC Health,unchanged,,https://www.vhchealth.org/news-publications/press-releases/2022/virginia-hospital-center-is-now-vhc-health/,,None found,Low,"vhchealth.org homepage read via curl; pharmacy pages blocked by Akamai bot challenge, content known only from own-site search snippets (two retail outpatient pharmacies, outpatient infusion center)",VHC Health Outpatient Pharmacy - Main Hospital | VHC Health Outpatient Pharmacy - Pavilion,VHC Health,,,https://www.vhchealth.org/medical-services/outpatient-pharmacy/ | https://www.vhchealth.org/,2026-10-02,"No specialty or home infusion pharmacy found in any visible source, but the pharmacy pages themselves could not be fetched, hence Low. Rebranded from Virginia Hospital Center in 2022.",,
HSI00001217,Valley Health,Winchester,VA,VA;WV,2,True,6,6,580.0,0.0,1.0,nonprofit,100.0,0,2023 (rev. 2025-09),https://www.ahrq.gov/sites/default/files/wysiwyg/chsp/compendium/chsp-compendium-2023-rev.xlsx,AHRQ Compendium 2023 (system file rev. 2025-09); systems as of end-2023,False,1065413447.0,HCRIS FY2023 (FY2022 fallback); acute member hospitals; G-3 line 3,0,1167676928.0,HCRIS FY2024 (periods beginning 2023-10-01..2024-09-30); acute member CCNs; annualized where needed,0,0,9.6,False,False,False,False,https://data.cms.gov/sites/default/files/2026-09/e85544f7-57ef-477e-9640-313ac0aac400/CostReport_2024_Final.csv,CMS Hospital Provider Cost Report FY2024 (periods beginning 2023-10-01..2024-09-30); file modified 2026-09-29,True,Valley Health,unchanged,,https://virginiabusiness.com/valley-health-expands-winchesters-behavioral-rehab-projects/,,"Owned, accredited",High,URAC SPP010571 + NPPES primary specialty 1215746169 + pharmacy listing,"Valley Health Specialty Pharmacy, a Department of Winchester Medical Center",Winchester Medical Center (member hospital),URAC SPP010571 Specialty Pharmacy,,https://www.urac.org/directory/accreditation-details/?certification=SPP010571 | https://npiregistry.cms.hhs.gov/provider-view/1215746169 | https://www.healthgrades.com/pharmacy/valley-health-specialty-pharmacy-a-department-of-wmc-1-pa00017919,2026-10-02,"Valley Vital Care rejection rests on search snippets (LLC with owner/pharmacist, listed under vitalcare.com), not a direct page fetch.",,
HSI00000900,Rutland Regional Health Services,Rutland,VT,VT,1,True,1,1,142.0,0.0,1.0,nonprofit,100.0,0,2023 (rev. 2025-09),https://www.ahrq.gov/sites/default/files/wysiwyg/chsp/compendium/chsp-compendium-2023-rev.xlsx,AHRQ Compendium 2023 (system file rev. 2025-09); systems as of end-2023,False,325028245.0,HCRIS FY2023 (FY2022 fallback); acute member hospitals; G-3 line 3,0,330638346.0,HCRIS FY2024 (periods beginning 2023-10-01..2024-09-30); acute member CCNs; annualized where needed,0,0,1.7,False,False,False,False,https://data.cms.gov/sites/default/files/2026-09/e85544f7-57ef-477e-9640-313ac0aac400/CostReport_2024_Final.csv,CMS Hospital Provider Cost Report FY2024 (periods beginning 2023-10-01..2024-09-30); file modified 2026-09-29,True,Rutland Regional Medical Center,unchanged,,https://www.rrmc.org/about/,,"Owned, not accredited",Low,"NPPES primary Specialty Pharmacy taxonomy for Rutland Hospital, Inc (RRMC Pharmacy) plus RRMC pharmacy page snippet stating specialty medicines; no accreditation found",RRMC Pharmacy,"Rutland Hospital, Inc",,,https://npiregistry.cms.hhs.gov/provider-view/1013840602 | https://www.rrmc.org/patient-visitors/pharmacy/,2026-10-02,Rutland Regional remains independent in 2026. Pharmacy page content seen only via search snippet because fetches returned 403.,NPPES-only evidence -> confidence capped at Low,
HSI00001185,University of Vermont Health Network,Burlington,VT,NY;VT,2,True,6,6,908.0,0.0,1.0,nonprofit,100.0,0,2023 (rev. 2025-09),https://www.ahrq.gov/sites/default/files/wysiwyg/chsp/compendium/chsp-compendium-2023-rev.xlsx,AHRQ Compendium 2023 (system file rev. 2025-09); systems as of end-2023,False,2672843716.0,HCRIS FY2023 (FY2022 fallback); acute member hospitals; G-3 line 3,0,2737432681.0,HCRIS FY2024 (periods beginning 2023-10-01..2024-09-30); acute member CCNs; annualized where needed,1,0,2.4,False,True,False,False,https://data.cms.gov/sites/default/files/2026-09/e85544f7-57ef-477e-9640-313ac0aac400/CostReport_2024_Final.csv,CMS Hospital Provider Cost Report FY2024 (periods beginning 2023-10-01..2024-09-30); file modified 2026-09-29,True,University of Vermont Health (UVM Health),unchanged,,https://vtdigger.org/2025/10/20/uvm-health-lays-off-executives-as-part-of-network-wide-restructuring/,,"Owned, accredited",High,URAC SPP010730 + ACHC 86088/86089 + UVM Specialty Pharmacy web page,UVM Specialty Pharmacy | University of Vermont Medical Center Outpatient Pharmacy,University of Vermont Medical Center Inc (member hospital),URAC SPP010730 Specialty Pharmacy | ACHC 86088 Specialty Pharmacy Services | ACHC 86089 Specialty Pharmacy Services,,https://www.urac.org/directory/accreditation-details/?certification=SPP010730 | https://www.uvmhealth.org/medcenter/departments-and-programs/pharmacy-services/specialty-pharmacy | https://www.uvmhealth.org/conditions-specialties/pharmacy,2026-10-02,Own web page confirms ACHC and URAC accreditation and no outside operator. Not on Shields list.,,
HSI00001281,Astria Health System,Sunnyside,WA,WA,1,True,2,2,72.0,1.0,1.0,nonprofit,100.0,0,2023 (rev. 2025-09),https://www.ahrq.gov/sites/default/files/wysiwyg/chsp/compendium/chsp-compendium-2023-rev.xlsx,AHRQ Compendium 2023 (system file rev. 2025-09); systems as of end-2023,False,171165690.0,HCRIS FY2023 (FY2022 fallback); acute member hospitals; G-3 line 3,0,178828551.0,HCRIS FY2024 (periods beginning 2023-10-01..2024-09-30); acute member CCNs; annualized where needed,0,0,4.5,False,False,False,False,https://data.cms.gov/sites/default/files/2026-09/e85544f7-57ef-477e-9640-313ac0aac400/CostReport_2024_Final.csv,CMS Hospital Provider Cost Report FY2024 (periods beginning 2023-10-01..2024-09-30); file modified 2026-09-29,True,Astria Health,unchanged,,https://www.astria.health/locations/,,None found,Medium,"astria.health homepage, locations and hospital pages show only hospital pharmacy departments (Sunnyside, Toppenish kiosk); no candidates","Astria Toppenish Hospital pharmacy department/kiosk (502 W 4th Ave, Toppenish) | Astria Sunnyside Hospital pharmacy services (hospital)",Astria Health (hospital pharmacy departments),,,https://www.astria.health/locations/astria-sunnyside-hospital | https://www.astria.health/locations/astria-toppenish-hospital | https://www.astria.health/,2026-10-02,"Astria Regional Medical Center (Yakima) closed in Jan 2020, before the 2023 Compendium, which already lists only the Sunnyside and Toppenish hospitals. No specialty, infusion or retail pharmacy found.",,
HSI00000266,Confluence Health,Wenatchee,WA,WA,1,True,3,2,198.0,0.0,1.0,nonprofit,100.0,0,2023 (rev. 2025-09),https://www.ahrq.gov/sites/default/files/wysiwyg/chsp/compendium/chsp-compendium-2023-rev.xlsx,AHRQ Compendium 2023 (system file rev. 2025-09); systems as of end-2023,False,970193473.0,HCRIS FY2023 (FY2022 fallback); acute member hospitals; G-3 line 3,0,938371003.0,HCRIS FY2024 (periods beginning 2023-10-01..2024-09-30); acute member CCNs; annualized where needed,1,0,-3.3,False,True,False,False,https://data.cms.gov/sites/default/files/2026-09/e85544f7-57ef-477e-9640-313ac0aac400/CostReport_2024_Final.csv,CMS Hospital Provider Cost Report FY2024 (periods beginning 2023-10-01..2024-09-30); file modified 2026-09-29,True,Confluence Health,unchanged,,https://www.confluencehealth.org/locations/confluence-health-hospital-mares-campus/,,Infusion or home infusion only,Low,NPPES home infusion record (Central Washington Health Services Association dba Confluence Health Home Infusion) plus Confluence services page listing Home Infusion,Confluence Health Home Infusion | Confluence Health Pro Pharmacy,Central Washington Health Services Association (Confluence Health legal entity),,,https://www.confluencehealth.org/services/ | https://npiregistry.cms.hhs.gov/provider-view/1225165509,2026-10-02,Hospitals consolidated under Confluence Health Hospital in 2023 (naming only); a Yelp 'closed' flag is for an old facility listing. No retail specialty dispensing or accreditation found; Pro Pharmacy exists but specialty status not verified.,NPPES-only evidence -> confidence capped at Low,
HSI00001356,Island Hospital,Anacortes,WA,WA,1,True,1,1,43.0,0.0,1.0,nonprofit,100.0,0,2023 (rev. 2025-09),https://www.ahrq.gov/sites/default/files/wysiwyg/chsp/compendium/chsp-compendium-2023-rev.xlsx,AHRQ Compendium 2023 (system file rev. 2025-09); systems as of end-2023,False,106148126.0,HCRIS FY2023 (FY2022 fallback); acute member hospitals; G-3 line 3,0,111250551.0,HCRIS FY2024 (periods beginning 2023-10-01..2024-09-30); acute member CCNs; annualized where needed,0,0,4.8,False,False,False,False,https://data.cms.gov/sites/default/files/2026-09/e85544f7-57ef-477e-9640-313ac0aac400/CostReport_2024_Final.csv,CMS Hospital Provider Cost Report FY2024 (periods beginning 2023-10-01..2024-09-30); file modified 2026-09-29,True,Island Health,renamed,,https://islandhealth.org/,2022,None found,Low,NPPES candidate rejected as retail; islandhealth.org shows infusion center but no pharmacy,,,,,https://islandhealth.org/ | https://islandhealth.org/department/infusions/,2026-10-02,"Rebranded Island Health in 2022, still independent and seeking critical access status; it cut home health in recent years. An uncorroborated search snippet mentioning specialty pharmacy was not confirmed on the site.",,
HSI00000714,Multicare Health System,Tacoma,WA,WA,1,True,11,9,1536.0,1.0,1.0,nonprofit,93.0,1,2023 (rev. 2025-09),https://www.ahrq.gov/sites/default/files/wysiwyg/chsp/compendium/chsp-compendium-2023-rev.xlsx,AHRQ Compendium 2023 (system file rev. 2025-09); systems as of end-2023,True,3558883692.0,HCRIS FY2023 (FY2022 fallback); acute member hospitals; G-3 line 3,1,4618223696.0,HCRIS FY2024 (periods beginning 2023-10-01..2024-09-30); acute member CCNs; annualized where needed,0,0,29.8,False,True,True,False,https://data.cms.gov/sites/default/files/2026-09/e85544f7-57ef-477e-9640-313ac0aac400/CostReport_2024_Final.csv,CMS Hospital Provider Cost Report FY2024 (periods beginning 2023-10-01..2024-09-30); file modified 2026-09-29,True,MultiCare Health System,unchanged,,https://www.fiercehealthcare.com/providers/samaritan-health-services-join-multicare-health-system,,"Owned, accredited",High,URAC SPP010680 + ACHC 94847 (system-owned) + MultiCare Specialty Pharmacy web page,MultiCare Specialty Pharmacy | MultiCare Medical Center ED Pharmacy | Mary Bridge Children's Home Health Care (home infusion),MultiCare Health System,URAC SPP010680 Specialty Pharmacy | ACHC 94847 Specialty Pharmacy Services,,https://www.multicare.org/services/pharmacy/specialty-pharmacy/ | https://www.urac.org/directory/accreditation-details/?certification=SPP010680 | https://npiregistry.cms.hhs.gov/provider-view/1952184624,2026-10-02,Status 'unchanged' rests on the current MultiCare website; no separate merger search was run. The specialty pharmacy page was seen via search results only because direct fetch was blocked.,,
HSI00001436,Overlake Medical Center and Clinics,Bellevue,WA,WA,1,True,1,1,296.0,0.0,1.0,nonprofit,100.0,0,2023 (rev. 2025-09),https://www.ahrq.gov/sites/default/files/wysiwyg/chsp/compendium/chsp-compendium-2023-rev.xlsx,AHRQ Compendium 2023 (system file rev. 2025-09); systems as of end-2023,False,675123014.0,HCRIS FY2023 (FY2022 fallback); acute member hospitals; G-3 line 3,0,806134615.0,HCRIS FY2024 (periods beginning 2023-10-01..2024-09-30); acute member CCNs; annualized where needed,0,0,19.4,False,False,False,False,https://data.cms.gov/sites/default/files/2026-09/e85544f7-57ef-477e-9640-313ac0aac400/CostReport_2024_Final.csv,CMS Hospital Provider Cost Report FY2024 (periods beginning 2023-10-01..2024-09-30); file modified 2026-09-29,True,Overlake Medical Center & Clinics (MultiCare North Sound region),acquired by,MultiCare Health System,https://www.multicare.org/newsroom/2024/10/overlake-medical-center-clinics-and-multicare-health-system-finalize-affiliation/,2024-10-01,"Owned, not accredited",Low,via MultiCare: MultiCare Specialty Pharmacy at Tacoma General (search result); accreditation not verified,MultiCare Specialty Pharmacy,MultiCare Health System,,,https://www.multicare.org/location/tacoma-general-hospital/multicare-tacoma-general-hospital-ed-pharmacy/,2026-10-02,MultiCare became sole corporate member Oct 2024 (nonprofit). Whether MultiCare's specialty pharmacy serves Overlake and its accreditation were not confirmed; no candidates matched.,,HSI00000714
HSI00000814,Peacehealth,Vancouver,WA,AK;OR;WA,3,True,10,10,1254.0,0.0,2.0,church-operated,100.0,0,2023 (rev. 2025-09),https://www.ahrq.gov/sites/default/files/wysiwyg/chsp/compendium/chsp-compendium-2023-rev.xlsx,AHRQ Compendium 2023 (system file rev. 2025-09); systems as of end-2023,False,3212122334.0,HCRIS FY2023 (FY2022 fallback); acute member hospitals; G-3 line 3,0,3692734824.0,HCRIS FY2024 (periods beginning 2023-10-01..2024-09-30); acute member CCNs; annualized where needed,1,0,15.0,False,True,False,False,https://data.cms.gov/sites/default/files/2026-09/e85544f7-57ef-477e-9640-313ac0aac400/CostReport_2024_Final.csv,CMS Hospital Provider Cost Report FY2024 (periods beginning 2023-10-01..2024-09-30); file modified 2026-09-29,True,PeaceHealth,unchanged,,https://www.peacehealth.org/news/2024-10-03/peacehealth-acquire-four-clark-county-based-providence-clinic-sites,,Managed or partnered,Medium,PeaceHealth/Ardon Health specialty pharmacy partnership page and Becker's; no URAC/ACHC records,Ardon Health (partner specialty pharmacy) | Emerging Health (partner infusion pharmacy) | PeaceHealth Home Infusion,Ardon Health (outside specialty pharmacy),,Ardon Health,https://www.peacehealth.org/healthy-you/ardon-health-emerging-health-and-peacehealth-announce-innovative-partnership-deliver | https://www.beckershospitalreview.com/pharmacy/peacehealth-partners-with-2-pharmacy-companies/,2026-10-02,Specialty fills go through a Specialty Medication Clinic and to partner Ardon Health when PeaceHealth cannot fill; PeaceHealth also lists home infusion. Not on Shields list; home-infusion page fetch returned 403.,,
HSI00000852,Providence,Renton,WA,AK;CA;MT;NM;OR;TX;WA,7,True,54,50,9256.0,1.0,2.0,church-operated,99.8,2,2023 (rev. 2025-09),https://www.ahrq.gov/sites/default/files/wysiwyg/chsp/compendium/chsp-compendium-2023-rev.xlsx,AHRQ Compendium 2023 (system file rev. 2025-09); systems as of end-2023,True,18240364806.0,HCRIS FY2023 (FY2022 fallback); acute member hospitals; G-3 line 3,1,20295223178.0,HCRIS FY2024 (periods beginning 2023-10-01..2024-09-30); acute member CCNs; annualized where needed,1,0,11.3,False,True,False,False,https://data.cms.gov/sites/default/files/2026-09/e85544f7-57ef-477e-9640-313ac0aac400/CostReport_2024_Final.csv,CMS Hospital Provider Cost Report FY2024 (periods beginning 2023-10-01..2024-09-30); file modified 2026-09-29,True,Providence,unchanged,,https://www.providence.org/about,,Managed or partnered,High,"Shields partner list (Providence Health: Burbank, Hobbs, Hood River, Lubbock, Chewelah, Missoula, Anchorage); ACHC and URAC records",Providence Infusion and Pharmacy Services | Providence Specialty Pharmacy Services-Infusion/SPP | Providence Home Infusion | Swedish Health Services specialty pharmacy | Providence Little Company of Mary Torrance pharmacy,Providence (Providence Southern California; Swedish Health Services; Providence Health & Services Oregon/Washington; St. Joseph Health System Home Care Services LLC),"URAC SPP010211 Specialty Pharmacy (Swedish Health Services) | ACHC 93347 Specialty Pharmacy Services (Providence Southern California, Torrance)",Shields Health Solutions,https://shieldshealthsolutions.com/about-us/partner-health-systems | https://www.urac.org/directory/accreditation-details/?certification=SPP010211 | https://www.providence.org/services/infusion-pharmacy,2026-10-02,"On Shields partner list, so Managed or partnered; Providence also owns accredited specialty and home-infusion pharmacies. Swedish is a Providence entity though absent from the AHRQ hospital list; the NPPES Methodist Childrens/Covenant Home Infusion record is Covenant Childrens (Lubbock), a Providence hospital.",,
HSI00000969,Seattle Childrens Hospital Research and Foundation,Seattle,WA,WA,1,True,1,1,370.0,0.0,1.0,nonprofit,100.0,0,2023 (rev. 2025-09),https://www.ahrq.gov/sites/default/files/wysiwyg/chsp/compendium/chsp-compendium-2023-rev.xlsx,AHRQ Compendium 2023 (system file rev. 2025-09); systems as of end-2023,False,1907462611.0,HCRIS FY2023 (FY2022 fallback); acute member hospitals; G-3 line 3,0,2102552387.0,HCRIS FY2024 (periods beginning 2023-10-01..2024-09-30); acute member CCNs; annualized where needed,0,0,10.2,False,False,False,False,https://data.cms.gov/sites/default/files/2026-09/e85544f7-57ef-477e-9640-313ac0aac400/CostReport_2024_Final.csv,CMS Hospital Provider Cost Report FY2024 (periods beginning 2023-10-01..2024-09-30); file modified 2026-09-29,True,Seattle Childrens Hospital Research and Foundation,unchanged,,https://www.seattlechildrens.org/clinics/pharmacy/,,"Owned, accredited",High,URAC SPP010613 + ACHC 98224 + NPPES + system pharmacy page agree,Seattle Children's Outpatient Pharmacy | Seattle Children's Specialty Pharmacy,Seattle Children's Hospital,URAC SPP010613 Specialty Pharmacy | ACHC 98224 Specialty Pharmacy Services,,https://www.urac.org/directory/accreditation-details/?certification=SPP010613 | https://www.seattlechildrens.org/clinics/pharmacy/ | https://npiregistry.cms.hhs.gov/provider-view/1740164151,2026-10-02,"Pharmacy serves AK, ID, MT, WA, WY via mailout. No outside manager found.",,
HSI00001402,Tri State Memorial Hospital,Clarkston,WA,WA,1,True,1,1,25.0,0.0,1.0,nonprofit,100.0,0,2023 (rev. 2025-09),https://www.ahrq.gov/sites/default/files/wysiwyg/chsp/compendium/chsp-compendium-2023-rev.xlsx,AHRQ Compendium 2023 (system file rev. 2025-09); systems as of end-2023,False,106959674.0,HCRIS FY2023 (FY2022 fallback); acute member hospitals; G-3 line 3,0,124367505.0,HCRIS FY2024 (periods beginning 2023-10-01..2024-09-30); acute member CCNs; annualized where needed,0,0,16.3,False,False,False,False,https://data.cms.gov/sites/default/files/2026-09/e85544f7-57ef-477e-9640-313ac0aac400/CostReport_2024_Final.csv,CMS Hospital Provider Cost Report FY2024 (periods beginning 2023-10-01..2024-09-30); file modified 2026-09-29,True,TriState Health,renamed,,https://www.tsh.org/about/,,None found,Medium,Own-site clinics page lists infusion center (clinical service) but no pharmacy program; Owl Tri-State Pharmacy is a separate retail chain; not on Shields list,,TriState Health,,,https://www.tsh.org/clinics-services/infusion-center/ | https://www.tsh.org/clinics-services/,2026-10-02,Rebranded May 2023 to TriState Health. Hospital infusion center exists but no infusion/specialty pharmacy found; Owl pharmacy on campus appears to be an independent chain (not verified).,,
HSI00000057,Aspirus,Wausau,WI,MI;WI,2,True,16,16,699.0,0.0,1.0,nonprofit,100.0,0,2023 (rev. 2025-09),https://www.ahrq.gov/sites/default/files/wysiwyg/chsp/compendium/chsp-compendium-2023-rev.xlsx,AHRQ Compendium 2023 (system file rev. 2025-09); systems as of end-2023,False,1116510138.0,HCRIS FY2023 (FY2022 fallback); acute member hospitals; G-3 line 3,1,1835533163.0,HCRIS FY2024 (periods beginning 2023-10-01..2024-09-30); acute member CCNs; annualized where needed,1,0,64.4,False,True,True,True,https://data.cms.gov/sites/default/files/2026-09/e85544f7-57ef-477e-9640-313ac0aac400/CostReport_2024_Final.csv,CMS Hospital Provider Cost Report FY2024 (periods beginning 2023-10-01..2024-09-30); file modified 2026-09-29,True,Aspirus Health,unchanged,,https://en.wikipedia.org/wiki/Aspirus_Health,,"Owned, accredited",High,URAC SPP010289 + NPPES specialty-primary + Aspirus location page,Aspirus Pharmacy - Westwood Wausau (Aspirus Specialty Pharmacy),"Aspirus Rhinelander & Tomahawk Hospitals & Clinics, Inc. (member hospitals' entity)","URAC SPP010289 Specialty Pharmacy (eff 2024-09-01, exp 2027-09-01)",,https://www.urac.org/directory/accreditation-details/?certification=SPP010289 | https://npiregistry.cms.hhs.gov/provider-view/1922857408 | https://locations.aspirus.org/wi/wausau/1901-westwood-center-boulevard/pharmacies | https://www.aspirus.org/Uploads/Public/Documents/Pharmacy/PHARM-205_Booklet_Welcome%20Packet.pdf,"{'https://locations.aspirus.org/wi/wausau/1901-westwood-center-boulevard/pharmacies': '2026-10-02', 'welcome packet': '2026-10-02'}",No partner found; no ACHC record. Stoxen address match with Rhinelander hospital is coincidental.,,
HSI00000105,Bellin Health Systems,Green Bay,WI,WI,1,True,3,2,204.0,0.0,1.0,nonprofit,100.0,0,2023 (rev. 2025-09),https://www.ahrq.gov/sites/default/files/wysiwyg/chsp/compendium/chsp-compendium-2023-rev.xlsx,AHRQ Compendium 2023 (system file rev. 2025-09); systems as of end-2023,False,775411736.0,HCRIS FY2023 (FY2022 fallback); acute member hospitals; G-3 line 3,0,846631691.0,HCRIS FY2024 (periods beginning 2023-10-01..2024-09-30); acute member CCNs; annualized where needed,0,0,9.2,False,False,False,False,https://data.cms.gov/sites/default/files/2026-09/e85544f7-57ef-477e-9640-313ac0aac400/CostReport_2024_Final.csv,CMS Hospital Provider Cost Report FY2024 (periods beginning 2023-10-01..2024-09-30); file modified 2026-09-29,True,Emplify Health,renamed,Emplify Health (Bellin-Gundersen),https://www.gundersenhealth.org/news/bellin-and-gundersen-health-system-to-become-emplify-health,2024-04-30,Infusion or home infusion only,Low,Bellin web pages/search snippets: infusion pharmacy and outpatient retail pharmacies; no specialty found,Bellin Infusion Pharmacy | Bellin Health Pharmacy Green Bay/Ashwaubenon,Bellin Health Systems (Emplify Health),,,https://bellin.org/services/care-options/home-care-programs | https://bellin.org/locations/bellin-health-pharmacy-green-bay,2026-10-02,"Merged with Gundersen Dec 2022, rebranding to Emplify Health from 2024; Emplify-wide specialty pharmacy not checked. Bellin page returned 403, so Low confidence.",,
HSI00000106,Beloit Health System,Beloit,WI,WI,1,True,1,1,97.0,0.0,1.0,nonprofit,100.0,0,2023 (rev. 2025-09),https://www.ahrq.gov/sites/default/files/wysiwyg/chsp/compendium/chsp-compendium-2023-rev.xlsx,AHRQ Compendium 2023 (system file rev. 2025-09); systems as of end-2023,False,264956041.0,HCRIS FY2023 (FY2022 fallback); acute member hospitals; G-3 line 3,0,284004303.0,HCRIS FY2024 (periods beginning 2023-10-01..2024-09-30); acute member CCNs; annualized where needed,0,0,7.2,False,False,False,False,https://data.cms.gov/sites/default/files/2026-09/e85544f7-57ef-477e-9640-313ac0aac400/CostReport_2024_Final.csv,CMS Hospital Provider Cost Report FY2024 (periods beginning 2023-10-01..2024-09-30); file modified 2026-09-29,True,Beloit Health System,unchanged,,https://www.beloithealthsystem.org/news/2025/,,None found,Medium,"Own website infusion page: clinic infusion center only, no pharmacy; no candidates",,,,,https://www.beloithealthsystem.org/services/infusion-therapy/,2026-10-02,Has an outpatient infusion center (administration only); 2025 NorthPointe neighborhood hospital JV with FHN. Mercyhealth Pharmacy-Beloit specialty program is a different system.,,
HSI00000212,Childrens Hospital and Health System,Wauwatosa,WI,WI,1,True,2,2,340.0,0.0,1.0,nonprofit,100.0,0,2023 (rev. 2025-09),https://www.ahrq.gov/sites/default/files/wysiwyg/chsp/compendium/chsp-compendium-2023-rev.xlsx,AHRQ Compendium 2023 (system file rev. 2025-09); systems as of end-2023,False,862256968.0,HCRIS FY2023 (FY2022 fallback); acute member hospitals; G-3 line 3,0,933138683.0,HCRIS FY2024 (periods beginning 2023-10-01..2024-09-30); acute member CCNs; annualized where needed,0,0,8.2,False,False,False,False,https://data.cms.gov/sites/default/files/2026-09/e85544f7-57ef-477e-9640-313ac0aac400/CostReport_2024_Final.csv,CMS Hospital Provider Cost Report FY2024 (periods beginning 2023-10-01..2024-09-30); file modified 2026-09-29,True,Children's Wisconsin,renamed,,https://childrenswi.org/patients-and-families/skywalk-pharmacy,,"Owned, not accredited",Low,Skywalk Pharmacy owned by Children's Wisconsin; NPPES secondary specialty taxonomy only; no URAC/ACHC found,Skywalk Pharmacy,"Children's Hospital of Wisconsin, Inc.",,,https://childrenswi.org/patients-and-families/skywalk-pharmacy | https://npiregistry.cms.hhs.gov/provider-view/1265453229,2026-10-02,"Skywalk is a retail/compounding pharmacy that serves CF, oncology and transplant patients; its own page does not mention specialty or home infusion. Name is now Children's Wisconsin; JV with Bellin and ThedaCare is independent.",,
HSI00000386,Froedtert and the Medical College of Wisconsin,Milwaukee,WI,WI,1,True,6,6,1061.0,0.0,1.0,nonprofit,100.0,0,2023 (rev. 2025-09),https://www.ahrq.gov/sites/default/files/wysiwyg/chsp/compendium/chsp-compendium-2023-rev.xlsx,AHRQ Compendium 2023 (system file rev. 2025-09); systems as of end-2023,False,3172999817.0,HCRIS FY2023 (FY2022 fallback); acute member hospitals; G-3 line 3,1,3044166538.0,HCRIS FY2024 (periods beginning 2023-10-01..2024-09-30); acute member CCNs; annualized where needed,1,0,-4.1,False,True,False,True,https://data.cms.gov/sites/default/files/2026-09/e85544f7-57ef-477e-9640-313ac0aac400/CostReport_2024_Final.csv,CMS Hospital Provider Cost Report FY2024 (periods beginning 2023-10-01..2024-09-30); file modified 2026-09-29,True,Froedtert ThedaCare Health,renamed,,https://en.wikipedia.org/wiki/ThedaCare%E2%80%93Froedtert_Health,2024-01-01,"Owned, accredited",High,URAC SPP010378 + Froedtert website (dual URAC and ACHC),Froedtert Health Pharmacy Solutions | Froedtert Specialty Pharmacy,"Froedtert Health, Inc. (Froedtert Health Pharmacy Solutions, LLC)",URAC SPP010378 Specialty Pharmacy | ACHC Specialty Pharmacy (per Froedtert website; ID not confirmed),,https://www.urac.org/directory/accreditation-details/?certification=SPP010378 | https://www.froedtert.com/pharmacy/specialty-pharmacy,2026-10-02,Merged with ThedaCare 1/1/2024 into Froedtert ThedaCare Health. NPPES hits are retail-primary NPIs at the same address as the confirmed pharmacy.,,
HSI00000428,Gundersen Health System,La Crosse,WI,IA;MN;WI,3,True,8,8,399.0,0.0,1.0,nonprofit,100.0,0,2023 (rev. 2025-09),https://www.ahrq.gov/sites/default/files/wysiwyg/chsp/compendium/chsp-compendium-2023-rev.xlsx,AHRQ Compendium 2023 (system file rev. 2025-09); systems as of end-2023,False,173638484.0,HCRIS FY2023 (FY2022 fallback); acute member hospitals; G-3 line 3,2,835190540.0,HCRIS FY2024 (periods beginning 2023-10-01..2024-09-30); acute member CCNs; annualized where needed,1,0,381.0,False,True,True,False,https://data.cms.gov/sites/default/files/2026-09/e85544f7-57ef-477e-9640-313ac0aac400/CostReport_2024_Final.csv,CMS Hospital Provider Cost Report FY2024 (periods beginning 2023-10-01..2024-09-30); file modified 2026-09-29,True,Emplify Health (Gundersen),merged into,Emplify Health,https://www.gundersenhealth.org/news/bellin-and-gundersen-health-system-to-become-emplify-health,2022-12 merger with Bellin; Emplify name announced 2024-04-30,"Owned, accredited",High,"URAC + ACHC records, NPPES, and system web page; pharmacy held by Gundersen Clinic, Ltd (system affiliate)",Gundersen Pharmacy | Gundersen Specialty Pharmacy,"Gundersen Clinic, Ltd",URAC SPP010218 Specialty Pharmacy | ACHC 88761 Specialty Pharmacy Services | ACHC 88762 Specialty Pharmacy Services | ACHC 88763 Specialty Pharmacy Services | ACHC 88764 Specialty Pharmacy Services,,https://www.gundersenhealth.org/services/gundersen-pharmacy | https://www.urac.org/directory/accreditation-details/?certification=SPP010218,2026-10-02,"Gundersen merged with Bellin in 2022 and rebranded Emplify Health (2024). Gundersen Clinic, Ltd is the physician-group arm of the system.",,HSI00000105
HSI00000621,Marshfield Clinic Health System,Marshfield,WI,MI;WI,2,True,12,12,603.0,0.0,1.0,nonprofit,100.0,0,2023 (rev. 2025-09),https://www.ahrq.gov/sites/default/files/wysiwyg/chsp/compendium/chsp-compendium-2023-rev.xlsx,AHRQ Compendium 2023 (system file rev. 2025-09); systems as of end-2023,False,1737915451.0,HCRIS FY2023 (FY2022 fallback); acute member hospitals; G-3 line 3,1,1709091154.0,HCRIS FY2024 (periods beginning 2023-10-01..2024-09-30); acute member CCNs; annualized where needed,1,0,-1.7,False,True,False,False,https://data.cms.gov/sites/default/files/2026-09/e85544f7-57ef-477e-9640-313ac0aac400/CostReport_2024_Final.csv,CMS Hospital Provider Cost Report FY2024 (periods beginning 2023-10-01..2024-09-30); file modified 2026-09-29,True,Marshfield Clinic region of Sanford Health,merged into,Sanford Health,https://www.marshfieldclinic.org/news/news-articles/sanford-and-marshfield-clinic-complete-merger,2025-01-02,"Owned, accredited",High,"via Sanford Health: URAC SPP010631 (Marshfield Clinic, Inc.) plus Marshfield Clinic specialty pharmacy web page citing URAC and NPPES primary-specialty NPI",Marshfield Clinic Specialty Pharmacy | Marshfield Clinic Pharmacy,"Marshfield Clinic, Inc. / MCHS Hospitals Inc (system entities, now Sanford Health)","URAC SPP010631 Specialty Pharmacy (Conditional Accreditation, expires 2026-10-01)",,https://www.urac.org/directory/accreditation-details/?certification=SPP010631 | https://www.marshfieldclinic.org/mServices/Pages/Specialty-Pharmacy.aspx | https://www.marshfieldclinic.org/news/news-articles/sanford-and-marshfield-clinic-complete-merger,2025-01-02,"Sanford also runs its own Sanford Specialty Pharmacy (Fargo), but the Marshfield pharmacy is a separate accredited operation serving these hospitals. URAC status is Conditional, still treated as current.",,
HSI00000667,Mercyhealth,Janesville,WI,IL;WI,2,True,4,4,414.0,0.0,1.0,nonprofit,100.0,0,2023 (rev. 2025-09),https://www.ahrq.gov/sites/default/files/wysiwyg/chsp/compendium/chsp-compendium-2023-rev.xlsx,AHRQ Compendium 2023 (system file rev. 2025-09); systems as of end-2023,False,881262324.0,HCRIS FY2023 (FY2022 fallback); acute member hospitals; G-3 line 3,0,220054163.0,HCRIS FY2024 (periods beginning 2023-10-01..2024-09-30); acute member CCNs; annualized where needed,1,0,-75.0,False,True,True,True,https://data.cms.gov/sites/default/files/2026-09/e85544f7-57ef-477e-9640-313ac0aac400/CostReport_2024_Final.csv,CMS Hospital Provider Cost Report FY2024 (periods beginning 2023-10-01..2024-09-30); file modified 2026-09-29,True,Mercyhealth,unchanged,,https://www.mystateline.com/news/local-news/starting-jan-1-fhn-will-become-mercyhealth-fhn/,2025-12-31,"Owned, accredited",High,URAC SPP010459 + Mercyhealth specialty pharmacy program/news pages,Mercyhealth Pharmacy - Riverside (Mercyhealth Specialty Pharmacy Program),Javon Bea Hospital (Mercyhealth member hospital),URAC SPP010459 Specialty Pharmacy,,https://www.mercyhealthsystem.org/services/pharmacy/mercyhealth-specialty-pharmacy-program/ | https://www.mercyhealthsystem.org/news/releases/mercyhealth-s-specialty-pharmacy-earns-national-accreditation/ | https://www.urac.org/directory/accreditation-details/?certification=SPP010459,2026-10-02,"Mercyhealth acquired FHN (Freeport) effective 2026-01-01, which expands but does not change the system; not on Shields list. Javon Bea Hospital-Rockton closed 2025-07-01.",,
HSI00000847,Prohealth Care,Waukesha,WI,WI,1,True,3,2,328.0,0.0,1.0,nonprofit,100.0,0,2023 (rev. 2025-09),https://www.ahrq.gov/sites/default/files/wysiwyg/chsp/compendium/chsp-compendium-2023-rev.xlsx,AHRQ Compendium 2023 (system file rev. 2025-09); systems as of end-2023,False,665599314.0,HCRIS FY2023 (FY2022 fallback); acute member hospitals; G-3 line 3,0,735353135.0,HCRIS FY2024 (periods beginning 2023-10-01..2024-09-30); acute member CCNs; annualized where needed,0,0,10.5,False,False,False,False,https://data.cms.gov/sites/default/files/2026-09/e85544f7-57ef-477e-9640-313ac0aac400/CostReport_2024_Final.csv,CMS Hospital Provider Cost Report FY2024 (periods beginning 2023-10-01..2024-09-30); file modified 2026-09-29,True,Prohealth Care,unchanged,,https://www.prohealthcare.org/about-us/,,Infusion or home infusion only,Low,Search listing of ProHealth Infusion Pharmacy (UW Cancer Center at ProHealth); no accreditation or specialty dispensing confirmed,UW Cancer Center at ProHealth Infusion Pharmacy | ProHealth Pharmacy,ProHealth Care,,,https://www.prohealthcare.org/medical-services/pharmacy/,2026-10-02,"Own pharmacy page returned 403 so evidence rests on search snippets; infusion pharmacy only. 2023 article describes an Optum administrative-services arrangement, not a pharmacy partnership.",,
HSI00001092,ThedaCare,Appleton,WI,WI,1,True,7,7,417.0,0.0,1.0,nonprofit,100.0,0,2023 (rev. 2025-09),https://www.ahrq.gov/sites/default/files/wysiwyg/chsp/compendium/chsp-compendium-2023-rev.xlsx,AHRQ Compendium 2023 (system file rev. 2025-09); systems as of end-2023,False,927364378.0,HCRIS FY2023 (FY2022 fallback); acute member hospitals; G-3 line 3,0,1082615665.0,HCRIS FY2024 (periods beginning 2023-10-01..2024-09-30); acute member CCNs; annualized where needed,0,7,16.7,False,False,False,False,https://data.cms.gov/sites/default/files/2026-09/e85544f7-57ef-477e-9640-313ac0aac400/CostReport_2024_Final.csv,CMS Hospital Provider Cost Report FY2024 (periods beginning 2023-10-01..2024-09-30); file modified 2026-09-29,True,Froedtert ThedaCare Health,merged into,"Froedtert ThedaCare Health, Inc. (Froedtert Health)",https://www.healthcaredive.com/news/wisconsin-froedtert-thedacare-combine/647432/,2024-01-01,"Owned, not accredited",Medium,"via Froedtert Health: Froedtert Pharmacy specialty pharmacy page; Joint Commission only, no URAC/ACHC found",Froedtert Pharmacy Specialty Pharmacy | Froedtert Infusion Services,Froedtert Health,,,https://www.froedtert.com/pharmacy | https://www.froedtert.com/home-infusion-therapy,2026-10-02,"Froedtert's specialty pharmacy is system-owned with Joint Commission home care accreditation (not a counted specialty accreditor); not on Shields list. Unverified that it serves the ThedaCare hospitals specifically, though infusion suites exist in Oshkosh.",,HSI00000386
HSI00001540,Western Wisconsin Health,Baldwin,WI,WI,1,True,2,2,25.0,0.0,1.0,nonprofit,100.0,0,2023 (rev. 2025-09),https://www.ahrq.gov/sites/default/files/wysiwyg/chsp/compendium/chsp-compendium-2023-rev.xlsx,AHRQ Compendium 2023 (system file rev. 2025-09); systems as of end-2023,False,66486015.0,HCRIS FY2023 (FY2022 fallback); acute member hospitals; G-3 line 3,1,73647254.0,HCRIS FY2024 (periods beginning 2023-10-01..2024-09-30); acute member CCNs; annualized where needed,1,0,10.8,False,True,False,False,https://data.cms.gov/sites/default/files/2026-09/e85544f7-57ef-477e-9640-313ac0aac400/CostReport_2024_Final.csv,CMS Hospital Provider Cost Report FY2024 (periods beginning 2023-10-01..2024-09-30); file modified 2026-09-29,True,Western Wisconsin Health,renamed,,https://www.wwhealth.org/baldwin-area-medical-center-is-western-wisconsin-health/,,None found,Medium,Own-site pharmacy page shows retail pharmacy only; no candidates; not on Shields list,WWH Shop Pharmacy,Western Wisconsin Health,,,https://www.wwhealth.org/wwh-shop-pharmacy/,2026-10-02,"Formerly Baldwin Area Medical Center (rename predates 2023 data vintage per site). Community retail pharmacy, no specialty or infusion pharmacy found.",,
HSI00000147,CAMC Health System,Charleston,WV,WV,1,True,8,8,1087.0,0.0,1.0,nonprofit,95.4,2,2023 (rev. 2025-09),https://www.ahrq.gov/sites/default/files/wysiwyg/chsp/compendium/chsp-compendium-2023-rev.xlsx,AHRQ Compendium 2023 (system file rev. 2025-09); systems as of end-2023,True,531064384.0,HCRIS FY2023 (FY2022 fallback); acute member hospitals; G-3 line 3,3,2482330838.0,HCRIS FY2024 (periods beginning 2023-10-01..2024-09-30); acute member CCNs; annualized where needed,1,0,367.4,False,True,True,False,https://data.cms.gov/sites/default/files/2026-09/e85544f7-57ef-477e-9640-313ac0aac400/CostReport_2024_Final.csv,CMS Hospital Provider Cost Report FY2024 (periods beginning 2023-10-01..2024-09-30); file modified 2026-09-29,True,Vandalia Health (CAMC Health System),merged into,Vandalia Health,https://www.wsaz.com/2026/01/20/camc-rebrands-with-vandalia-health-merger/,2026-01,"Owned, accredited",High,URAC SPP010390 record owned by Charleston Area Medical Center plus CAMC website cancer-center URAC accreditation; via Vandalia Health,CAMC Pharmacy #3 | Vandalia Health Pharmacy,"Charleston Area Medical Center, Inc. (member of Vandalia Health)",URAC SPP010390 Specialty Pharmacy,,https://www.urac.org/directory/accreditation-details/?certification=SPP010390 | https://www.camc.org/news/camc-cancer-center-earns-reaccreditation-providing-quality-cancer-care-0 | https://www.vandaliahealth.org/locations/vandalia-health-pharmacy | https://www.wsaz.com/2026/01/20/camc-rebrands-with-vandalia-health-merger/,2026-10-02,"CAMC merged with Mon Health (and Davis Health) to form Vandalia Health, rebranded Jan 2026; the URAC-accredited pharmacy is wholly owned by CAMC Inc. Not on Shields list.",,
HSI00000154,Cabell Huntington Hospital,Huntington,WV,WV,1,True,3,3,740.0,1.0,1.0,nonprofit,100.0,0,2023 (rev. 2025-09),https://www.ahrq.gov/sites/default/files/wysiwyg/chsp/compendium/chsp-compendium-2023-rev.xlsx,AHRQ Compendium 2023 (system file rev. 2025-09); systems as of end-2023,False,1291077281.0,HCRIS FY2023 (FY2022 fallback); acute member hospitals; G-3 line 3,0,1301689563.0,HCRIS FY2024 (periods beginning 2023-10-01..2024-09-30); acute member CCNs; annualized where needed,0,0,0.8,False,False,False,False,https://data.cms.gov/sites/default/files/2026-09/e85544f7-57ef-477e-9640-313ac0aac400/CostReport_2024_Final.csv,CMS Hospital Provider Cost Report FY2024 (periods beginning 2023-10-01..2024-09-30); file modified 2026-09-29,True,Marshall Health Network,renamed,"Marshall Health Network, Inc.",https://www.herald-dispatch.com/news/mountain-health-network-now-marshall-health-network/article_ffce7a08-38b5-5aec-a0a1-960fcae8d1e7.html,2023-10,"Owned, not accredited",Low,Marshall Health pharmacy services web page mentions onsite specialty pharmacy services; no accreditation found,Marshall Pharmacy - Medical Center,Marshall Health (part of Marshall Health Network),,,https://www.marshallhealth.org/services/pharmacy-services/ | https://www.marshallhealth.org/locations/marshall-pharmacy-medical-center/,2026-10-02,Mountain Health Network merged with Marshall Health in Oct 2023 (nonprofit). Specialty pharmacy is thinly documented and no URAC/ACHC or outside manager found.,,
HSI00000300,Davis Health System,Elkins,WV,WV,1,True,3,3,127.0,0.0,1.0,nonprofit,100.0,0,2023 (rev. 2025-09),https://www.ahrq.gov/sites/default/files/wysiwyg/chsp/compendium/chsp-compendium-2023-rev.xlsx,AHRQ Compendium 2023 (system file rev. 2025-09); systems as of end-2023,False,137247386.0,HCRIS FY2023 (FY2022 fallback); acute member hospitals; G-3 line 3,0,183872967.0,HCRIS FY2024 (periods beginning 2023-10-01..2024-09-30); acute member CCNs; annualized where needed,0,0,34.0,False,False,True,False,https://data.cms.gov/sites/default/files/2026-09/e85544f7-57ef-477e-9640-313ac0aac400/CostReport_2024_Final.csv,CMS Hospital Provider Cost Report FY2024 (periods beginning 2023-10-01..2024-09-30); file modified 2026-09-29,True,Vandalia Health (Davis Medical Center),acquired by,Vandalia Health (Mon Health System),https://www.wboy.com/news/west-virginia/davis-health-system-officially-joins-vandalia-health/,2023-12-04,"Owned, accredited",Medium,"ACHC Specialty Pharmacy Services record + NPPES Davis Specialty Pharmacy, via Vandalia Health; Vandalia pharmacy page lists specialty pharmacy",Health Center Pharmacy | Davis Specialty Pharmacy | Vandalia Health Pharmacy,"Davis Memorial Hospital (member hospital), now Vandalia Health",ACHC 97975 Specialty Pharmacy Services,,"https://organization.achc.org/print?legalCompanyName=Davis%20Memorial%20Hospital&dbaCompanyName=Health%20Center%20Pharmacy&companyID=97975&full_address=Elkins,%20WV%2026241&physicalAddress=812%20Gorman%20Ave, | https://www.vandaliahealth.org/locations/vandalia-health-pharmacy | https://www.wboy.com/news/west-virginia/davis-health-system-officially-joins-vandalia-health/",2026-10-02,"A Davis news headline says the pharmacy's ACHC accreditation is for community retail services, which conflicts somewhat with the directory's Specialty Pharmacy Services listing, so confidence is capped at Medium. Not on Shields list.",,
HSI00001251,West Virginia University Health System,Morgantown,WV,MD;OH;PA;WV,4,True,23,22,2370.0,1.0,1.0,nonprofit,93.0,3,2023 (rev. 2025-09),https://www.ahrq.gov/sites/default/files/wysiwyg/chsp/compendium/chsp-compendium-2023-rev.xlsx,AHRQ Compendium 2023 (system file rev. 2025-09); systems as of end-2023,True,5020950108.0,HCRIS FY2023 (FY2022 fallback); acute member hospitals; G-3 line 3,1,5620500047.0,HCRIS FY2024 (periods beginning 2023-10-01..2024-09-30); acute member CCNs; annualized where needed,1,1,11.9,False,True,False,False,https://data.cms.gov/sites/default/files/2026-09/e85544f7-57ef-477e-9640-313ac0aac400/CostReport_2024_Final.csv,CMS Hospital Provider Cost Report FY2024 (periods beginning 2023-10-01..2024-09-30); file modified 2026-09-29,True,West Virginia University Health System (WVU Medicine),unchanged,,https://wvmetronews.com/2026/06/02/wvu-health-system-independence-health-system-merger-expected-to-close-in-the-fall/,,"Owned, accredited",High,URAC SPP010557 and ACHC 91926 plus WVU Medicine website,WVUH Specialty Pharmacy & Home Infusion,"West Virginia University Hospitals, Inc. (member hospital)",URAC SPP010557 Specialty Pharmacy | ACHC 91926 Specialty Pharmacy Services | ACHC 91926 Infusion Pharmacy Services,,https://www.urac.org/directory/accreditation-details/?certification=SPP010557 | https://wvumedicine.org/wvuh-specialty-pharmacy-and-home-infusion/faq/,2026-10-02,Pending acquisition of Independence Health System (closing fall 2026) does not change the classification. Not on Shields list.,,
