ccn,compendium_hospital_id,hospital_name,hospital_city,hospital_state,system_id,system_name,acute_flag,ownership_code,ownership_label,beds,high_dsh_flag,source_url
360159,CHSP00000064,Adena Regional Medical Center,Chillicothe,OH,HSI00000008,Adena Health System,1,1,nonprofit,223,0,https://www.ahrq.gov/sites/default/files/wysiwyg/chsp/compendium/chsp-hospital-linkage-2023.xlsx
361331,CHSP00001964,Fayette County Memorial Hosp,Washington Court House,OH,HSI00000008,Adena Health System,1,1,nonprofit,25,0,https://www.ahrq.gov/sites/default/files/wysiwyg/chsp/compendium/chsp-hospital-linkage-2023.xlsx
361304,CHSP00000063,Greenfield Area Medical Center,Greenfield,OH,HSI00000008,Adena Health System,1,1,nonprofit,25,0,https://www.ahrq.gov/sites/default/files/wysiwyg/chsp/compendium/chsp-hospital-linkage-2023.xlsx
361334,CHSP00000065,Pike Community Hospital,Waverly,OH,HSI00000008,Adena Health System,1,1,nonprofit,25,0,https://www.ahrq.gov/sites/default/files/wysiwyg/chsp/compendium/chsp-hospital-linkage-2023.xlsx
060125,CHSP00001016,Advent Health Castle Rock Hosp,Castle Rock,CO,HSI00000010,AdventHealth,1,1,nonprofit,89,0,https://www.ahrq.gov/sites/default/files/wysiwyg/chsp/compendium/chsp-hospital-linkage-2023.xlsx
060113,CHSP00003551,Adventhealth Littleton Hospital,Littleton,CO,HSI00000010,AdventHealth,1,1,nonprofit,201,0,https://www.ahrq.gov/sites/default/files/wysiwyg/chsp/compendium/chsp-hospital-linkage-2023.xlsx
060114,CHSP00004962,Adventhealth Parker Hospital,Parker,CO,HSI00000010,AdventHealth,1,1,nonprofit,162,0,https://www.ahrq.gov/sites/default/files/wysiwyg/chsp/compendium/chsp-hospital-linkage-2023.xlsx
060064,CHSP00005182,Adventhealth Porter Hospital,Denver,CO,HSI00000010,AdventHealth,1,1,nonprofit,180,0,https://www.ahrq.gov/sites/default/files/wysiwyg/chsp/compendium/chsp-hospital-linkage-2023.xlsx
060103,CHSP00000338,Avista Hospital,Louisville,CO,HSI00000010,AdventHealth,1,1,nonprofit,108,0,https://www.ahrq.gov/sites/default/files/wysiwyg/chsp/compendium/chsp-hospital-linkage-2023.xlsx
100055,CHSP00002028,Adventhealth - North Pinellas,Tarpon Springs,FL,HSI00000010,AdventHealth,1,1,nonprofit,136,0,https://www.ahrq.gov/sites/default/files/wysiwyg/chsp/compendium/chsp-hospital-linkage-2023.xlsx
100069,CHSP00002017,Adventhealth Carrollwood,Tampa,FL,HSI00000010,AdventHealth,1,2,church-operated,119,0,https://www.ahrq.gov/sites/default/files/wysiwyg/chsp/compendium/chsp-hospital-linkage-2023.xlsx
102026,CHSP00002035,Adventhealth Connerton,Land O'lakes,FL,HSI00000010,AdventHealth,0,5,for-profit,77,0,https://www.ahrq.gov/sites/default/files/wysiwyg/chsp/compendium/chsp-hospital-linkage-2023.xlsx
100211,CHSP00000473,Adventhealth Dade City,Dade City,FL,HSI00000010,AdventHealth,1,1,nonprofit,75,0,https://www.ahrq.gov/sites/default/files/wysiwyg/chsp/compendium/chsp-hospital-linkage-2023.xlsx
100068,CHSP00002025,Adventhealth Daytona Beach,Daytona Beach,FL,HSI00000010,AdventHealth,1,2,church-operated,330,0,https://www.ahrq.gov/sites/default/files/wysiwyg/chsp/compendium/chsp-hospital-linkage-2023.xlsx
100045,CHSP00002019,Adventhealth Deland,Deland,FL,HSI00000010,AdventHealth,1,2,church-operated,142,0,https://www.ahrq.gov/sites/default/files/wysiwyg/chsp/compendium/chsp-hospital-linkage-2023.xlsx
100072,CHSP00002021,Adventhealth Fish Memorial,Orange City,FL,HSI00000010,AdventHealth,1,2,church-operated,253,0,https://www.ahrq.gov/sites/default/files/wysiwyg/chsp/compendium/chsp-hospital-linkage-2023.xlsx
109802,CHSP00008005,Adventhealth For Women,Orlando,FL,HSI00000010,AdventHealth,1,,,,,https://www.ahrq.gov/sites/default/files/wysiwyg/chsp/compendium/chsp-hospital-linkage-2023.xlsx
100137,CHSP00002605,Adventhealth Heart Of Florida,Davenport,FL,HSI00000010,AdventHealth,1,2,church-operated,202,0,https://www.ahrq.gov/sites/default/files/wysiwyg/chsp/compendium/chsp-hospital-linkage-2023.xlsx
100099,CHSP00003373,Adventhealth Lake Wales,Lake Wales,FL,HSI00000010,AdventHealth,1,2,church-operated,142,0,https://www.ahrq.gov/sites/default/files/wysiwyg/chsp/compendium/chsp-hospital-linkage-2023.xlsx
100014,CHSP00002027,Adventhealth New Smyrna Beach,New Smyrna Beach,FL,HSI00000010,AdventHealth,1,2,church-operated,109,0,https://www.ahrq.gov/sites/default/files/wysiwyg/chsp/compendium/chsp-hospital-linkage-2023.xlsx
100062,CHSP00004380,Adventhealth Ocala,Ocala,FL,HSI00000010,AdventHealth,1,2,church-operated,351,0,https://www.ahrq.gov/sites/default/files/wysiwyg/chsp/compendium/chsp-hospital-linkage-2023.xlsx
100007,CHSP00002014,Adventhealth Orlando,Orlando,FL,HSI00000010,AdventHealth,1,1,nonprofit,2787,0,https://www.ahrq.gov/sites/default/files/wysiwyg/chsp/compendium/chsp-hospital-linkage-2023.xlsx
100118,CHSP00002036,Adventhealth Palm Coast,Palm Coast,FL,HSI00000010,AdventHealth,1,2,church-operated,99,0,https://www.ahrq.gov/sites/default/files/wysiwyg/chsp/compendium/chsp-hospital-linkage-2023.xlsx
100109,CHSP00002022,Adventhealth Sebring,Sebring,FL,HSI00000010,AdventHealth,1,2,church-operated,204,0,https://www.ahrq.gov/sites/default/files/wysiwyg/chsp/compendium/chsp-hospital-linkage-2023.xlsx
100173,CHSP00002030,Adventhealth Tampa,Tampa,FL,HSI00000010,AdventHealth,1,2,church-operated,596,0,https://www.ahrq.gov/sites/default/files/wysiwyg/chsp/compendium/chsp-hospital-linkage-2023.xlsx
100057,CHSP00002031,Adventhealth Waterman,Tavares,FL,HSI00000010,AdventHealth,1,2,church-operated,288,0,https://www.ahrq.gov/sites/default/files/wysiwyg/chsp/compendium/chsp-hospital-linkage-2023.xlsx
101300,CHSP00002032,Adventhealth Wauchula,Wauchula,FL,HSI00000010,AdventHealth,1,2,church-operated,25,0,https://www.ahrq.gov/sites/default/files/wysiwyg/chsp/compendium/chsp-hospital-linkage-2023.xlsx
100319,CHSP00002033,Adventhealth Wesley Chapel,Wesley Chapel,FL,HSI00000010,AdventHealth,1,2,church-operated,169,0,https://www.ahrq.gov/sites/default/files/wysiwyg/chsp/compendium/chsp-hospital-linkage-2023.xlsx
100162,CHSP00008870,Adventhealth Winter Park,Winter Park,FL,HSI00000010,AdventHealth,1,,,,,https://www.ahrq.gov/sites/default/files/wysiwyg/chsp/compendium/chsp-hospital-linkage-2023.xlsx
100046,CHSP00002034,Adventhealth Zephyrhills,Zephyrhills,FL,HSI00000010,AdventHealth,1,2,church-operated,149,0,https://www.ahrq.gov/sites/default/files/wysiwyg/chsp/compendium/chsp-hospital-linkage-2023.xlsx
110023,CHSP00002257,Adventhealth Gordon,Calhoun,GA,HSI00000010,AdventHealth,1,2,church-operated,69,0,https://www.ahrq.gov/sites/default/files/wysiwyg/chsp/compendium/chsp-hospital-linkage-2023.xlsx
110050,CHSP00004387,Adventhealth Murray,Chatsworth,GA,HSI00000010,AdventHealth,1,1,nonprofit,29,0,https://www.ahrq.gov/sites/default/files/wysiwyg/chsp/compendium/chsp-hospital-linkage-2023.xlsx
110168,CHSP00005403,Adventhealth Redmond,Rome,GA,HSI00000010,AdventHealth,1,2,church-operated,217,0,https://www.ahrq.gov/sites/default/files/wysiwyg/chsp/compendium/chsp-hospital-linkage-2023.xlsx
140122,CHSP00000019,Adventist Hinsdale Hospital,Hinsdale,IL,HSI00000010,AdventHealth,1,2,church-operated,244,0,https://www.ahrq.gov/sites/default/files/wysiwyg/chsp/compendium/chsp-hospital-linkage-2023.xlsx
140065,CHSP00000079,Adventist Lagrange Memorial Hospital,La Grange,IL,HSI00000010,AdventHealth,1,2,church-operated,159,0,https://www.ahrq.gov/sites/default/files/wysiwyg/chsp/compendium/chsp-hospital-linkage-2023.xlsx
140304,CHSP00000020,Ucm Adventhealth Bolingbrook,Bolingbrook,IL,HSI00000010,AdventHealth,1,2,church-operated,110,0,https://www.ahrq.gov/sites/default/files/wysiwyg/chsp/compendium/chsp-hospital-linkage-2023.xlsx
140292,CHSP00000024,Ucm Adventhealth Glenoaks,Glendale Heights,IL,HSI00000010,AdventHealth,1,2,church-operated,122,0,https://www.ahrq.gov/sites/default/files/wysiwyg/chsp/compendium/chsp-hospital-linkage-2023.xlsx
170014,CHSP00005378,Adventhealth Ottawa,Ottawa,KS,HSI00000010,AdventHealth,1,2,church-operated,36,0,https://www.ahrq.gov/sites/default/files/wysiwyg/chsp/compendium/chsp-hospital-linkage-2023.xlsx
170104,CHSP00006096,Adventhealth Shawnee Mission,Shawnee Mission,KS,HSI00000010,AdventHealth,1,2,church-operated,314,0,https://www.ahrq.gov/sites/default/files/wysiwyg/chsp/compendium/chsp-hospital-linkage-2023.xlsx
,CHSP00008570,Adventhealth South Overland Park,Overland Park,KS,HSI00000010,AdventHealth,1,,,,,https://www.ahrq.gov/sites/default/files/wysiwyg/chsp/compendium/chsp-hospital-linkage-2023.xlsx
180043,CHSP00003688,Adventhealth Manchester,Manchester,KY,HSI00000010,AdventHealth,1,2,church-operated,49,1,https://www.ahrq.gov/sites/default/files/wysiwyg/chsp/compendium/chsp-hospital-linkage-2023.xlsx
340023,CHSP00004960,Adventhealth Hendersonville,Hendersonville,NC,HSI00000010,AdventHealth,1,2,church-operated,73,0,https://www.ahrq.gov/sites/default/files/wysiwyg/chsp/compendium/chsp-hospital-linkage-2023.xlsx
450152,CHSP00004151,Adventhealth Central Texas,Killeen,TX,HSI00000010,AdventHealth,1,2,church-operated,208,1,https://www.ahrq.gov/sites/default/files/wysiwyg/chsp/compendium/chsp-hospital-linkage-2023.xlsx
451323,CHSP00005599,Adventhealth Rollins Brook,Lampasas,TX,HSI00000010,AdventHealth,1,2,church-operated,25,0,https://www.ahrq.gov/sites/default/files/wysiwyg/chsp/compendium/chsp-hospital-linkage-2023.xlsx
450677,CHSP00006861,Texas Health Huguley,Burleson,TX,HSI00000010,AdventHealth,1,2,church-operated,213,0,https://www.ahrq.gov/sites/default/files/wysiwyg/chsp/compendium/chsp-hospital-linkage-2023.xlsx
521307,CHSP00001193,Adventhealth Durand,Durand,WI,HSI00000010,AdventHealth,1,2,church-operated,25,0,https://www.ahrq.gov/sites/default/files/wysiwyg/chsp/compendium/chsp-hospital-linkage-2023.xlsx
050133,CHSP00005506,Adventist Health And Rideout,Marysville,CA,HSI00000011,Adventist Health,1,1,nonprofit,209,1,https://www.ahrq.gov/sites/default/files/wysiwyg/chsp/compendium/chsp-hospital-linkage-2023.xlsx
050455,CHSP00005835,Adventist Health Bakersfield,Bakersfield,CA,HSI00000011,Adventist Health,1,2,church-operated,254,1,https://www.ahrq.gov/sites/default/files/wysiwyg/chsp/compendium/chsp-hospital-linkage-2023.xlsx
051317,CHSP00006460,Adventist Health Clearlake,Clearlake,CA,HSI00000011,Adventist Health,1,2,church-operated,25,0,https://www.ahrq.gov/sites/default/files/wysiwyg/chsp/compendium/chsp-hospital-linkage-2023.xlsx
050239,CHSP00002217,Adventist Health Glendale,Glendale,CA,HSI00000011,Adventist Health,1,2,church-operated,323,1,https://www.ahrq.gov/sites/default/files/wysiwyg/chsp/compendium/chsp-hospital-linkage-2023.xlsx
050121,CHSP00000080,Adventist Health Hanford,Hanford,CA,HSI00000011,Adventist Health,1,2,church-operated,235,1,https://www.ahrq.gov/sites/default/files/wysiwyg/chsp/compendium/chsp-hospital-linkage-2023.xlsx
050336,CHSP00003560,Adventist Health Lodi Memorial,Lodi,CA,HSI00000011,Adventist Health,1,1,nonprofit,186,0,https://www.ahrq.gov/sites/default/files/wysiwyg/chsp/compendium/chsp-hospital-linkage-2023.xlsx
051325,CHSP00003964,Adventist Health Mendocino Coast,Fort Bragg,CA,HSI00000011,Adventist Health,1,2,church-operated,25,0,https://www.ahrq.gov/sites/default/files/wysiwyg/chsp/compendium/chsp-hospital-linkage-2023.xlsx
050192,CHSP00000083,Adventist Health Reedley,Reedley,CA,HSI00000011,Adventist Health,1,2,church-operated,49,1,https://www.ahrq.gov/sites/default/files/wysiwyg/chsp/compendium/chsp-hospital-linkage-2023.xlsx
050470,CHSP00000081,Adventist Health Selma,Selma,CA,HSI00000011,Adventist Health,1,,,,,https://www.ahrq.gov/sites/default/files/wysiwyg/chsp/compendium/chsp-hospital-linkage-2023.xlsx
050236,CHSP00006157,Adventist Health Simi Valley,Simi Valley,CA,HSI00000011,Adventist Health,1,1,nonprofit,144,0,https://www.ahrq.gov/sites/default/files/wysiwyg/chsp/compendium/chsp-hospital-linkage-2023.xlsx
050335,CHSP00006199,Adventist Health Sonora,Sonora,CA,HSI00000011,Adventist Health,1,2,church-operated,84,0,https://www.ahrq.gov/sites/default/files/wysiwyg/chsp/compendium/chsp-hospital-linkage-2023.xlsx
555209,CHSP00008281,Adventist Health Sonora Sierra Care Center Unit 6,Sonora,CA,HSI00000011,Adventist Health,0,,,,,https://www.ahrq.gov/sites/default/files/wysiwyg/chsp/compendium/chsp-hospital-linkage-2023.xlsx
050013,CHSP00006461,Adventist Health St. Helena,Saint Helena,CA,HSI00000011,Adventist Health,1,2,church-operated,141,1,https://www.ahrq.gov/sites/default/files/wysiwyg/chsp/compendium/chsp-hospital-linkage-2023.xlsx
051301,CHSP00006808,Adventist Health Tehachapi Valley,Tehachapi,CA,HSI00000011,Adventist Health,1,2,church-operated,25,0,https://www.ahrq.gov/sites/default/files/wysiwyg/chsp/compendium/chsp-hospital-linkage-2023.xlsx
050784,CHSP00008397,Adventist Health Tulare,Tulare,CA,HSI00000011,Adventist Health,1,2,church-operated,73,1,https://www.ahrq.gov/sites/default/files/wysiwyg/chsp/compendium/chsp-hospital-linkage-2023.xlsx
050301,CHSP00007208,Adventist Health Ukiah Valley,Ukiah,CA,HSI00000011,Adventist Health,1,2,church-operated,50,1,https://www.ahrq.gov/sites/default/files/wysiwyg/chsp/compendium/chsp-hospital-linkage-2023.xlsx
054074,CHSP00006459,Adventist Health Vallejo,Vallejo,CA,HSI00000011,Adventist Health,0,2,church-operated,61,0,https://www.ahrq.gov/sites/default/files/wysiwyg/chsp/compendium/chsp-hospital-linkage-2023.xlsx
050103,CHSP00007711,Adventist Health White Memorial,Los Angeles,CA,HSI00000011,Adventist Health,1,2,church-operated,426,1,https://www.ahrq.gov/sites/default/files/wysiwyg/chsp/compendium/chsp-hospital-linkage-2023.xlsx
050122,CHSP00001591,Dameron Hospital,Stockton,CA,HSI00000011,Adventist Health,1,1,nonprofit,170,1,https://www.ahrq.gov/sites/default/files/wysiwyg/chsp/compendium/chsp-hospital-linkage-2023.xlsx
050608,CHSP00001645,Delano Regional Med. Ctr.,Delano,CA,HSI00000011,Adventist Health,1,1,nonprofit,105,1,https://www.ahrq.gov/sites/default/files/wysiwyg/chsp/compendium/chsp-hospital-linkage-2023.xlsx
051306,CHSP00002221,Glenn Medical Center,Willows,CA,HSI00000011,Adventist Health,1,1,nonprofit,25,0,https://www.ahrq.gov/sites/default/files/wysiwyg/chsp/compendium/chsp-hospital-linkage-2023.xlsx
053981,CHSP00008023,Glenn Medical Center,Willows,CA,HSI00000011,Adventist Health,1,,,,,https://www.ahrq.gov/sites/default/files/wysiwyg/chsp/compendium/chsp-hospital-linkage-2023.xlsx
050724,CHSP00000348,Heart Hospital Of Bakersfield,Bakersfield,CA,HSI00000011,Adventist Health,0,5,for-profit,47,0,https://www.ahrq.gov/sites/default/files/wysiwyg/chsp/compendium/chsp-hospital-linkage-2023.xlsx
051310,CHSP00002099,Howard Memorial Hospita,Willits,CA,HSI00000011,Adventist Health,1,2,church-operated,25,0,https://www.ahrq.gov/sites/default/files/wysiwyg/chsp/compendium/chsp-hospital-linkage-2023.xlsx
120006,CHSP00001015,Adventist Health Castle,Kailua,HI,HSI00000011,Adventist Health,1,2,church-operated,160,0,https://www.ahrq.gov/sites/default/files/wysiwyg/chsp/compendium/chsp-hospital-linkage-2023.xlsx
380060,CHSP00000082,Adventist Medical Center-Portland,Portland,OR,HSI00000011,Adventist Health,1,2,church-operated,168,0,https://www.ahrq.gov/sites/default/files/wysiwyg/chsp/compendium/chsp-hospital-linkage-2023.xlsx
380001,CHSP00004166,Mid-Columbia Medical Center,The Dalles,OR,HSI00000011,Adventist Health,1,1,nonprofit,49,0,https://www.ahrq.gov/sites/default/files/wysiwyg/chsp/compendium/chsp-hospital-linkage-2023.xlsx
381317,CHSP00007005,Tillamook Regional Medical Center,Tillamook,OR,HSI00000011,Adventist Health,1,2,church-operated,25,0,https://www.ahrq.gov/sites/default/files/wysiwyg/chsp/compendium/chsp-hospital-linkage-2023.xlsx
090003,CHSP00002811,Howard University Hospital,Washington,DC,HSI00000012,Adventist Healthcare,1,1,nonprofit,215,1,https://www.ahrq.gov/sites/default/files/wysiwyg/chsp/compendium/chsp-hospital-linkage-2023.xlsx
214013,CHSP00000076,Adventist Healthcare Shady Grove Medical Center Mental Health,Rockville,MD,HSI00000012,Adventist Healthcare,0,,,,,https://www.ahrq.gov/sites/default/files/wysiwyg/chsp/compendium/chsp-hospital-linkage-2023.xlsx
213029,CHSP00000084,Adventist Rehab. Hospt. Of Md,Rockville,MD,HSI00000012,Adventist Healthcare,0,2,church-operated,97,0,https://www.ahrq.gov/sites/default/files/wysiwyg/chsp/compendium/chsp-hospital-linkage-2023.xlsx
210057,CHSP00000077,Ahc Shady Grove Medical Center,Rockville,MD,HSI00000012,Adventist Healthcare,1,2,church-operated,397,0,https://www.ahrq.gov/sites/default/files/wysiwyg/chsp/compendium/chsp-hospital-linkage-2023.xlsx
210016,CHSP00000078,Ahc White Oak Medical Center,Silver Spring,MD,HSI00000012,Adventist Healthcare,1,2,church-operated,220,0,https://www.ahrq.gov/sites/default/files/wysiwyg/chsp/compendium/chsp-hospital-linkage-2023.xlsx
210060,CHSP00002070,Fort Washington Medical Center,Fort Washington,MD,HSI00000012,Adventist Healthcare,1,1,nonprofit,34,0,https://www.ahrq.gov/sites/default/files/wysiwyg/chsp/compendium/chsp-hospital-linkage-2023.xlsx
330013,CHSP00000112,Albany Medical Center Hospital,Albany,NY,HSI00000019,Albany Medical Center,1,1,nonprofit,719,0,https://www.ahrq.gov/sites/default/files/wysiwyg/chsp/compendium/chsp-hospital-linkage-2023.xlsx
330189,CHSP00000113,Albany Medical Center South Clinical Campus,Albany,NY,HSI00000019,Albany Medical Center,0,,,,,https://www.ahrq.gov/sites/default/files/wysiwyg/chsp/compendium/chsp-hospital-linkage-2023.xlsx
330222,CHSP00005893,Saratoga Hospital,Saratoga Springs,NY,HSI00000019,Albany Medical Center,1,1,nonprofit,171,0,https://www.ahrq.gov/sites/default/files/wysiwyg/chsp/compendium/chsp-hospital-linkage-2023.xlsx
330166,CHSP00007691,Westfield Memorial Hospital,Westfield,NY,HSI00000025,Allegheny Health Network,1,1,nonprofit,4,0,https://www.ahrq.gov/sites/default/files/wysiwyg/chsp/compendium/chsp-hospital-linkage-2023.xlsx
390333,CHSP00008393,Ahn Hempfield Neighborhood Hospital,Greensburg,PA,HSI00000025,Allegheny Health Network,1,5,for-profit,40,0,https://www.ahrq.gov/sites/default/files/wysiwyg/chsp/compendium/chsp-hospital-linkage-2023.xlsx
390334,CHSP00008723,Ahn Wexford Hospital,Wexford,PA,HSI00000025,Allegheny Health Network,1,1,nonprofit,144,0,https://www.ahrq.gov/sites/default/files/wysiwyg/chsp/compendium/chsp-hospital-linkage-2023.xlsx
390032,CHSP00000131,Alle-Kiski Medical Center,Natrona Heights,PA,HSI00000025,Allegheny Health Network,1,1,nonprofit,131,0,https://www.ahrq.gov/sites/default/files/wysiwyg/chsp/compendium/chsp-hospital-linkage-2023.xlsx
390050,CHSP00000130,Allegheny General Hospital,Pittsburgh,PA,HSI00000025,Allegheny Health Network,1,1,nonprofit,528,0,https://www.ahrq.gov/sites/default/files/wysiwyg/chsp/compendium/chsp-hospital-linkage-2023.xlsx
390160,CHSP00000900,Canonsburg General Hospital,Canonsburg,PA,HSI00000025,Allegheny Health Network,1,1,nonprofit,88,0,https://www.ahrq.gov/sites/default/files/wysiwyg/chsp/compendium/chsp-hospital-linkage-2023.xlsx
390267,CHSP00002049,Forbes Regional Hospital,Monroeville,PA,HSI00000025,Allegheny Health Network,1,1,nonprofit,233,0,https://www.ahrq.gov/sites/default/files/wysiwyg/chsp/compendium/chsp-hospital-linkage-2023.xlsx
390266,CHSP00002335,Grove City Medical Center,Grove City,PA,HSI00000025,Allegheny Health Network,1,1,nonprofit,67,0,https://www.ahrq.gov/sites/default/files/wysiwyg/chsp/compendium/chsp-hospital-linkage-2023.xlsx
390265,CHSP00002985,Jefferson Regional Medical Center,Jefferson Hills,PA,HSI00000025,Allegheny Health Network,1,1,nonprofit,289,0,https://www.ahrq.gov/sites/default/files/wysiwyg/chsp/compendium/chsp-hospital-linkage-2023.xlsx
390009,CHSP00005786,Saint Vincent Hospital,Erie,PA,HSI00000025,Allegheny Health Network,1,1,nonprofit,303,0,https://www.ahrq.gov/sites/default/files/wysiwyg/chsp/compendium/chsp-hospital-linkage-2023.xlsx
390090,CHSP00007664,Western Pennsylvania Hospital,Pittsburgh,PA,HSI00000025,Allegheny Health Network,1,1,nonprofit,255,0,https://www.ahrq.gov/sites/default/files/wysiwyg/chsp/compendium/chsp-hospital-linkage-2023.xlsx
240057,CHSP00000029,Abbott Northwestern Hospital,Minneapolis,MN,HSI00000029,Allina Health,1,1,nonprofit,609,0,https://www.ahrq.gov/sites/default/files/wysiwyg/chsp/compendium/chsp-hospital-linkage-2023.xlsx
240071,CHSP00001680,Allina Health Faribault Medical Ctr,Faribault,MN,HSI00000029,Allina Health,1,1,nonprofit,32,0,https://www.ahrq.gov/sites/default/files/wysiwyg/chsp/compendium/chsp-hospital-linkage-2023.xlsx
245254,CHSP00008724,Allina Health United Hospital Hastings Regina Campus,Hastings,MN,HSI00000029,Allina Health,1,,,,,https://www.ahrq.gov/sites/default/files/wysiwyg/chsp/compendium/chsp-hospital-linkage-2023.xlsx
240076,CHSP00000764,Buffalo Hospital,Buffalo,MN,HSI00000029,Allina Health,1,1,nonprofit,39,0,https://www.ahrq.gov/sites/default/files/wysiwyg/chsp/compendium/chsp-hospital-linkage-2023.xlsx
240020,CHSP00000887,Cambridge Medical Center,Cambridge,MN,HSI00000029,Allina Health,1,1,nonprofit,46,0,https://www.ahrq.gov/sites/default/files/wysiwyg/chsp/compendium/chsp-hospital-linkage-2023.xlsx
240115,CHSP00004003,Mercy Hospital,Coon Rapids,MN,HSI00000029,Allina Health,1,1,nonprofit,464,0,https://www.ahrq.gov/sites/default/files/wysiwyg/chsp/compendium/chsp-hospital-linkage-2023.xlsx
240132,CHSP00007237,Mercy Hospital Unity Campus,Fridley,MN,HSI00000029,Allina Health,1,,,,,https://www.ahrq.gov/sites/default/files/wysiwyg/chsp/compendium/chsp-hospital-linkage-2023.xlsx
241378,CHSP00004483,New Ulm Medical Center,New Ulm,MN,HSI00000029,Allina Health,1,1,nonprofit,24,0,https://www.ahrq.gov/sites/default/files/wysiwyg/chsp/compendium/chsp-hospital-linkage-2023.xlsx
240069,CHSP00004893,Owatonna Hospital,Owatonna,MN,HSI00000029,Allina Health,1,1,nonprofit,29,0,https://www.ahrq.gov/sites/default/files/wysiwyg/chsp/compendium/chsp-hospital-linkage-2023.xlsx
240196,CHSP00005088,Phillips Eye Institute,Minneapolis,MN,HSI00000029,Allina Health,0,,,,,https://www.ahrq.gov/sites/default/files/wysiwyg/chsp/compendium/chsp-hospital-linkage-2023.xlsx
240104,CHSP00006458,St. Francis Regional Medical Center,Shakopee,MN,HSI00000029,Allina Health,1,1,nonprofit,89,0,https://www.ahrq.gov/sites/default/files/wysiwyg/chsp/compendium/chsp-hospital-linkage-2023.xlsx
240038,CHSP00007221,United Hospital,Saint Paul,MN,HSI00000029,Allina Health,1,1,nonprofit,402,0,https://www.ahrq.gov/sites/default/files/wysiwyg/chsp/compendium/chsp-hospital-linkage-2023.xlsx
521349,CHSP00005525,River Falls Area Hospital,River Falls,WI,HSI00000029,Allina Health,1,1,nonprofit,25,0,https://www.ahrq.gov/sites/default/files/wysiwyg/chsp/compendium/chsp-hospital-linkage-2023.xlsx
350019,CHSP00000164,Altru Health System-Altru Hospital,Grand Forks,ND,HSI00000032,Altru Health System,1,1,nonprofit,198,0,https://www.ahrq.gov/sites/default/files/wysiwyg/chsp/compendium/chsp-hospital-linkage-2023.xlsx
353027,CHSP00008872,Altru Rehabilitation Hospital,Grand Forks,ND,HSI00000032,Altru Health System,0,5,for-profit,40,0,https://www.ahrq.gov/sites/default/files/wysiwyg/chsp/compendium/chsp-hospital-linkage-2023.xlsx
250081,CHSP00000184,Anderson Regional Med Ctr-South Camp,Meridian,MS,HSI00000034,Anderson Regional Health System,1,1,nonprofit,33,0,https://www.ahrq.gov/sites/default/files/wysiwyg/chsp/compendium/chsp-hospital-linkage-2023.xlsx
250104,CHSP00000183,Jeff Anderson Regional Medical Cente,Meridian,MS,HSI00000034,Anderson Regional Health System,1,1,nonprofit,270,0,https://www.ahrq.gov/sites/default/files/wysiwyg/chsp/compendium/chsp-hospital-linkage-2023.xlsx
143300,CHSP00000189,Ann & Robert H. Lurie Childrens Hos,Chicago,IL,HSI00000036,Ann and Robert H Lurie Childrens Hospital of Chicago,1,1,nonprofit,364,0,https://www.ahrq.gov/sites/default/files/wysiwyg/chsp/compendium/chsp-hospital-linkage-2023.xlsx
210023,CHSP00000191,Anne Arundel Medical Center Inc.,Annapolis,MD,HSI00000038,Luminis Health,1,1,nonprofit,379,0,https://www.ahrq.gov/sites/default/files/wysiwyg/chsp/compendium/chsp-hospital-linkage-2023.xlsx
210051,CHSP00001693,Doctors Community Hospital,Lanham,MD,HSI00000038,Luminis Health,1,1,nonprofit,200,0,https://www.ahrq.gov/sites/default/files/wysiwyg/chsp/compendium/chsp-hospital-linkage-2023.xlsx
214020,CHSP00008971,J Kent Mcnew Family Medical Center,Annapolis,MD,HSI00000038,Luminis Health,0,1,nonprofit,16,0,https://www.ahrq.gov/sites/default/files/wysiwyg/chsp/compendium/chsp-hospital-linkage-2023.xlsx
181328,CHSP00003304,Barbourville Arh Hospital,Barbourville,KY,HSI00000041,Appalachian Regional Healthcare,1,1,nonprofit,25,0,https://www.ahrq.gov/sites/default/files/wysiwyg/chsp/compendium/chsp-hospital-linkage-2023.xlsx
180050,CHSP00002515,Harlan Arh,Harlan,KY,HSI00000041,Appalachian Regional Healthcare,1,1,nonprofit,56,1,https://www.ahrq.gov/sites/default/files/wysiwyg/chsp/compendium/chsp-hospital-linkage-2023.xlsx
180029,CHSP00002567,Hazard Arh,Hazard,KY,HSI00000041,Appalachian Regional Healthcare,1,1,nonprofit,109,1,https://www.ahrq.gov/sites/default/files/wysiwyg/chsp/compendium/chsp-hospital-linkage-2023.xlsx
180005,CHSP00002678,Highlands Regional Medical Center,Prestonsburg,KY,HSI00000041,Appalachian Regional Healthcare,1,1,nonprofit,63,1,https://www.ahrq.gov/sites/default/files/wysiwyg/chsp/compendium/chsp-hospital-linkage-2023.xlsx
181316,CHSP00003741,Mary Breckinridge Hospital,Hyden,KY,HSI00000041,Appalachian Regional Healthcare,1,1,nonprofit,25,0,https://www.ahrq.gov/sites/default/files/wysiwyg/chsp/compendium/chsp-hospital-linkage-2023.xlsx
181331,CHSP00003806,Mcdowell Arh,Mcdowell,KY,HSI00000041,Appalachian Regional Healthcare,1,1,nonprofit,25,0,https://www.ahrq.gov/sites/default/files/wysiwyg/chsp/compendium/chsp-hospital-linkage-2023.xlsx
180020,CHSP00004180,Middlesboro Arh,Middlesboro,KY,HSI00000041,Appalachian Regional Healthcare,1,1,nonprofit,46,1,https://www.ahrq.gov/sites/default/files/wysiwyg/chsp/compendium/chsp-hospital-linkage-2023.xlsx
181307,CHSP00004304,Morgan Co. Arh,West Liberty,KY,HSI00000041,Appalachian Regional Healthcare,1,1,nonprofit,25,0,https://www.ahrq.gov/sites/default/files/wysiwyg/chsp/compendium/chsp-hospital-linkage-2023.xlsx
181305,CHSP00005730,Our Lady Of The Way,Martin,KY,HSI00000041,Appalachian Regional Healthcare,1,1,nonprofit,25,0,https://www.ahrq.gov/sites/default/files/wysiwyg/chsp/compendium/chsp-hospital-linkage-2023.xlsx
180078,CHSP00005002,Paintsville Arh Hospital,Paintsville,KY,HSI00000041,Appalachian Regional Healthcare,1,1,nonprofit,39,1,https://www.ahrq.gov/sites/default/files/wysiwyg/chsp/compendium/chsp-hospital-linkage-2023.xlsx
180069,CHSP00007084,Tug Valley Arh,South Williamson,KY,HSI00000041,Appalachian Regional Healthcare,1,1,nonprofit,88,0,https://www.ahrq.gov/sites/default/files/wysiwyg/chsp/compendium/chsp-hospital-linkage-2023.xlsx
180002,CHSP00007716,Whitesburg Arh,Whitesburg,KY,HSI00000041,Appalachian Regional Healthcare,1,1,nonprofit,90,1,https://www.ahrq.gov/sites/default/files/wysiwyg/chsp/compendium/chsp-hospital-linkage-2023.xlsx
510062,CHSP00000549,Beckley Arh,Beckley,WV,HSI00000041,Appalachian Regional Healthcare,1,1,nonprofit,72,0,https://www.ahrq.gov/sites/default/files/wysiwyg/chsp/compendium/chsp-hospital-linkage-2023.xlsx
511310,CHSP00006699,Summers County Arh,Hinton,WV,HSI00000041,Appalachian Regional Healthcare,1,1,nonprofit,25,0,https://www.ahrq.gov/sites/default/files/wysiwyg/chsp/compendium/chsp-hospital-linkage-2023.xlsx
111332,CHSP00000734,Brooks County Hospital,Quitman,GA,HSI00000045,Archbold Medical Center,1,1,nonprofit,25,0,https://www.ahrq.gov/sites/default/files/wysiwyg/chsp/compendium/chsp-hospital-linkage-2023.xlsx
110121,CHSP00002272,Grady General Hospital,Cairo,GA,HSI00000045,Archbold Medical Center,1,1,nonprofit,44,1,https://www.ahrq.gov/sites/default/files/wysiwyg/chsp/compendium/chsp-hospital-linkage-2023.xlsx
110038,CHSP00003011,John D. Archbold Memorial Hospital,Thomasville,GA,HSI00000045,Archbold Medical Center,1,1,nonprofit,199,0,https://www.ahrq.gov/sites/default/files/wysiwyg/chsp/compendium/chsp-hospital-linkage-2023.xlsx
111331,CHSP00004255,Mitchell County Hospital,Camilla,GA,HSI00000045,Archbold Medical Center,1,1,nonprofit,25,0,https://www.ahrq.gov/sites/default/files/wysiwyg/chsp/compendium/chsp-hospital-linkage-2023.xlsx
310086,CHSP00003141,Kennedy University Hospital,Stratford,NJ,HSI00000048,Jefferson Health,1,1,nonprofit,546,0,https://www.ahrq.gov/sites/default/files/wysiwyg/chsp/compendium/chsp-hospital-linkage-2023.xlsx
390231,CHSP00000032,Abington Memorial Hospital,Abington,PA,HSI00000048,Jefferson Health,1,1,nonprofit,588,0,https://www.ahrq.gov/sites/default/files/wysiwyg/chsp/compendium/chsp-hospital-linkage-2023.xlsx
390289,CHSP00008565,Albert Einstein Healthcare Network,Elkins Park,PA,HSI00000048,Jefferson Health,0,,,,,https://www.ahrq.gov/sites/default/files/wysiwyg/chsp/compendium/chsp-hospital-linkage-2023.xlsx
390142,CHSP00001816,Albert Einstein Medical Center,Philadelphia,PA,HSI00000048,Jefferson Health,1,1,nonprofit,407,1,https://www.ahrq.gov/sites/default/files/wysiwyg/chsp/compendium/chsp-hospital-linkage-2023.xlsx
390115,CHSP00000209,Aria Health,Philadelphia,PA,HSI00000048,Jefferson Health,1,1,nonprofit,457,0,https://www.ahrq.gov/sites/default/files/wysiwyg/chsp/compendium/chsp-hospital-linkage-2023.xlsx
390329,CHSP00001815,Einstein Medical Center Montgomery,East Norriton,PA,HSI00000048,Jefferson Health,1,1,nonprofit,175,0,https://www.ahrq.gov/sites/default/files/wysiwyg/chsp/compendium/chsp-hospital-linkage-2023.xlsx
390012,CHSP00000033,Lansdale Hospital,Lansdale,PA,HSI00000048,Jefferson Health,1,1,nonprofit,140,0,https://www.ahrq.gov/sites/default/files/wysiwyg/chsp/compendium/chsp-hospital-linkage-2023.xlsx
393038,CHSP00003667,Magee Rehabilitation Hospital,Philadelphia,PA,HSI00000048,Jefferson Health,0,1,nonprofit,83,0,https://www.ahrq.gov/sites/default/files/wysiwyg/chsp/compendium/chsp-hospital-linkage-2023.xlsx
390174,CHSP00006988,Thomas Jefferson Univ. Hospital,Philadelphia,PA,HSI00000048,Jefferson Health,1,1,nonprofit,868,1,https://www.ahrq.gov/sites/default/files/wysiwyg/chsp/compendium/chsp-hospital-linkage-2023.xlsx
043300,CHSP00000219,Arkansas Childrens Hospital,Little Rock,AR,HSI00000050,Arkansas Childrens Hospital,1,1,nonprofit,326,0,https://www.ahrq.gov/sites/default/files/wysiwyg/chsp/compendium/chsp-hospital-linkage-2023.xlsx
043301,CHSP00008400,Arkansas Childrens Northwest,Springdale,AR,HSI00000050,Arkansas Childrens Hospital,1,1,nonprofit,24,0,https://www.ahrq.gov/sites/default/files/wysiwyg/chsp/compendium/chsp-hospital-linkage-2023.xlsx
390163,CHSP00000003,Armstrong County Memorial,Kittanning,PA,HSI00000051,Armstrong County Memorial Hospital,1,1,nonprofit,95,0,https://www.ahrq.gov/sites/default/files/wysiwyg/chsp/compendium/chsp-hospital-linkage-2023.xlsx
330090,CHSP00000228,Arnot-Ogden Medical Center,Elmira,NY,HSI00000052,Arnot Health,1,1,nonprofit,191,1,https://www.ahrq.gov/sites/default/files/wysiwyg/chsp/compendium/chsp-hospital-linkage-2023.xlsx
330144,CHSP00002912,Ira Davenport Memorial Hospital  Inc,Bath,NY,HSI00000052,Arnot Health,1,1,nonprofit,15,0,https://www.ahrq.gov/sites/default/files/wysiwyg/chsp/compendium/chsp-hospital-linkage-2023.xlsx
330108,CHSP00006503,Saint Josephs Hospital,Elmira,NY,HSI00000052,Arnot Health,1,,,,,https://www.ahrq.gov/sites/default/files/wysiwyg/chsp/compendium/chsp-hospital-linkage-2023.xlsx
380005,CHSP00000236,Ashland Community Hospital,Ashland,OR,HSI00000054,Asante Health System,1,1,nonprofit,41,1,https://www.ahrq.gov/sites/default/files/wysiwyg/chsp/compendium/chsp-hospital-linkage-2023.xlsx
380018,CHSP00000237,Rogue Regional Medical Center,Medford,OR,HSI00000054,Asante Health System,1,1,nonprofit,322,1,https://www.ahrq.gov/sites/default/files/wysiwyg/chsp/compendium/chsp-hospital-linkage-2023.xlsx
380002,CHSP00000238,Three Rivers Medical Center,Grants Pass,OR,HSI00000054,Asante Health System,1,1,nonprofit,126,1,https://www.ahrq.gov/sites/default/files/wysiwyg/chsp/compendium/chsp-hospital-linkage-2023.xlsx
010056,CHSP00006615,St Vincents Birmingham,Birmingham,AL,HSI00000055,Ascension Health,1,2,church-operated,399,0,https://www.ahrq.gov/sites/default/files/wysiwyg/chsp/compendium/chsp-hospital-linkage-2023.xlsx
011305,CHSP00006616,St. Vincents Blount,Oneonta,AL,HSI00000055,Ascension Health,1,2,church-operated,25,0,https://www.ahrq.gov/sites/default/files/wysiwyg/chsp/compendium/chsp-hospital-linkage-2023.xlsx
010173,CHSP00008321,St. Vincents Chilton,Clanton,AL,HSI00000055,Ascension Health,1,2,church-operated,26,0,https://www.ahrq.gov/sites/default/files/wysiwyg/chsp/compendium/chsp-hospital-linkage-2023.xlsx
010011,CHSP00006617,St. Vincents East,Birmingham,AL,HSI00000055,Ascension Health,1,2,church-operated,286,0,https://www.ahrq.gov/sites/default/files/wysiwyg/chsp/compendium/chsp-hospital-linkage-2023.xlsx
010130,CHSP00006622,St. Vincents St. Clair,Pell City,AL,HSI00000055,Ascension Health,1,2,church-operated,40,0,https://www.ahrq.gov/sites/default/files/wysiwyg/chsp/compendium/chsp-hospital-linkage-2023.xlsx
070031,CHSP00002328,The Griffin Hospital,Derby,CT,HSI00000055,Ascension Health,1,1,nonprofit,101,0,https://www.ahrq.gov/sites/default/files/wysiwyg/chsp/compendium/chsp-hospital-linkage-2023.xlsx
100026,CHSP00000468,Ascension Sacred Heart Bay,Panama City,FL,HSI00000055,Ascension Health,1,2,church-operated,126,0,https://www.ahrq.gov/sites/default/files/wysiwyg/chsp/compendium/chsp-hospital-linkage-2023.xlsx
100292,CHSP00005677,Ascension Sacred Heart Emerald Coast,Miramar Beach,FL,HSI00000055,Ascension Health,1,2,church-operated,80,0,https://www.ahrq.gov/sites/default/files/wysiwyg/chsp/compendium/chsp-hospital-linkage-2023.xlsx
100313,CHSP00005678,Ascension Sacred Heart Gulf,Port St Joe,FL,HSI00000055,Ascension Health,1,2,church-operated,19,0,https://www.ahrq.gov/sites/default/files/wysiwyg/chsp/compendium/chsp-hospital-linkage-2023.xlsx
100025,CHSP00005676,Ascension Sacred Heart Pensacola,Pensacola,FL,HSI00000055,Ascension Health,1,2,church-operated,559,0,https://www.ahrq.gov/sites/default/files/wysiwyg/chsp/compendium/chsp-hospital-linkage-2023.xlsx
100361,CHSP00008729,Ascension Saint Vincents Saint Johns County Hospital,Saint Johns,FL,HSI00000055,Ascension Health,1,,,,,https://www.ahrq.gov/sites/default/files/wysiwyg/chsp/compendium/chsp-hospital-linkage-2023.xlsx
100321,CHSP00006619,Ascension St. Vincents Clay County,Middleburg,FL,HSI00000055,Ascension Health,1,2,church-operated,134,0,https://www.ahrq.gov/sites/default/files/wysiwyg/chsp/compendium/chsp-hospital-linkage-2023.xlsx
100040,CHSP00006620,Ascension St. Vincents Riverside,Jacksonville,FL,HSI00000055,Ascension Health,1,2,church-operated,362,0,https://www.ahrq.gov/sites/default/files/wysiwyg/chsp/compendium/chsp-hospital-linkage-2023.xlsx
100307,CHSP00006621,Ascension St. Vincents Southside Ho,Jacksonville,FL,HSI00000055,Ascension Health,1,2,church-operated,230,0,https://www.ahrq.gov/sites/default/files/wysiwyg/chsp/compendium/chsp-hospital-linkage-2023.xlsx
144031,CHSP00000122,Alexian Brothers Behavioral Health,Hoffman Estates,IL,HSI00000055,Ascension Health,0,2,church-operated,141,0,https://www.ahrq.gov/sites/default/files/wysiwyg/chsp/compendium/chsp-hospital-linkage-2023.xlsx
140258,CHSP00000023,Alexian Brothers Medical Center,Elk Grove Village,IL,HSI00000055,Ascension Health,1,2,church-operated,282,0,https://www.ahrq.gov/sites/default/files/wysiwyg/chsp/compendium/chsp-hospital-linkage-2023.xlsx
140094,CHSP00005236,Ascension Saint Elizabeth Medical Center,Chicago,IL,HSI00000055,Ascension Health,1,,,,,https://www.ahrq.gov/sites/default/files/wysiwyg/chsp/compendium/chsp-hospital-linkage-2023.xlsx
142011,CHSP00005228,Holy Family Medical Center,Des Plaines,IL,HSI00000055,Ascension Health,0,2,church-operated,128,0,https://www.ahrq.gov/sites/default/files/wysiwyg/chsp/compendium/chsp-hospital-linkage-2023.xlsx
140174,CHSP00005229,Presence Mercy Medical Center,Aurora,IL,HSI00000055,Ascension Health,1,2,church-operated,190,0,https://www.ahrq.gov/sites/default/files/wysiwyg/chsp/compendium/chsp-hospital-linkage-2023.xlsx
140117,CHSP00005230,Presence Resurrection Medical Center,Chicago,IL,HSI00000055,Ascension Health,1,2,church-operated,194,0,https://www.ahrq.gov/sites/default/files/wysiwyg/chsp/compendium/chsp-hospital-linkage-2023.xlsx
140080,CHSP00005231,Presence Saint Francis Hospital,Evanston,IL,HSI00000055,Ascension Health,1,2,church-operated,146,0,https://www.ahrq.gov/sites/default/files/wysiwyg/chsp/compendium/chsp-hospital-linkage-2023.xlsx
140224,CHSP00005232,Presence Saint Joseph Hosp-Chicago,Chicago,IL,HSI00000055,Ascension Health,1,2,church-operated,237,0,https://www.ahrq.gov/sites/default/files/wysiwyg/chsp/compendium/chsp-hospital-linkage-2023.xlsx
140217,CHSP00005233,Presence Saint Joseph Hospital Elgin,Elgin,IL,HSI00000055,Ascension Health,1,2,church-operated,144,0,https://www.ahrq.gov/sites/default/files/wysiwyg/chsp/compendium/chsp-hospital-linkage-2023.xlsx
140180,CHSP00005235,Presence Saints Mary & Elizabeth Med,Chicago,IL,HSI00000055,Ascension Health,1,2,church-operated,266,1,https://www.ahrq.gov/sites/default/files/wysiwyg/chsp/compendium/chsp-hospital-linkage-2023.xlsx
140007,CHSP00005234,Presence St. Joseph Medical Center,Joliet,IL,HSI00000055,Ascension Health,1,2,church-operated,425,0,https://www.ahrq.gov/sites/default/files/wysiwyg/chsp/compendium/chsp-hospital-linkage-2023.xlsx
140155,CHSP00005237,Presence St. Marys Hospital,Kankakee,IL,HSI00000055,Ascension Health,1,2,church-operated,169,0,https://www.ahrq.gov/sites/default/files/wysiwyg/chsp/compendium/chsp-hospital-linkage-2023.xlsx
140290,CHSP00000025,St. Alexius Medical Center,Hoffman Estates,IL,HSI00000055,Ascension Health,1,2,church-operated,313,0,https://www.ahrq.gov/sites/default/files/wysiwyg/chsp/compendium/chsp-hospital-linkage-2023.xlsx
150136,CHSP00008568,Ascension Saint Vincent Womens Hospital,Indianapolis,IN,HSI00000055,Ascension Health,1,,,,,https://www.ahrq.gov/sites/default/files/wysiwyg/chsp/compendium/chsp-hospital-linkage-2023.xlsx
151314,CHSP00006612,Ascension St Vincent Salem,Salem,IN,HSI00000055,Ascension Health,1,2,church-operated,25,0,https://www.ahrq.gov/sites/default/files/wysiwyg/chsp/compendium/chsp-hospital-linkage-2023.xlsx
152020,CHSP00006613,Ascension St Vincent Seton Specialty,Indianapolis,IN,HSI00000055,Ascension Health,0,2,church-operated,72,0,https://www.ahrq.gov/sites/default/files/wysiwyg/chsp/compendium/chsp-hospital-linkage-2023.xlsx
150088,CHSP00006595,Ascension St. Vincent Anderson,Anderson,IN,HSI00000055,Ascension Health,1,2,church-operated,144,0,https://www.ahrq.gov/sites/default/files/wysiwyg/chsp/compendium/chsp-hospital-linkage-2023.xlsx
150157,CHSP00006596,Ascension St. Vincent Carmel,Carmel,IN,HSI00000055,Ascension Health,1,2,church-operated,124,0,https://www.ahrq.gov/sites/default/files/wysiwyg/chsp/compendium/chsp-hospital-linkage-2023.xlsx
151309,CHSP00006598,Ascension St. Vincent Clay,Brazil,IN,HSI00000055,Ascension Health,1,2,church-operated,25,0,https://www.ahrq.gov/sites/default/files/wysiwyg/chsp/compendium/chsp-hospital-linkage-2023.xlsx
151335,CHSP00006599,Ascension St. Vincent Dunn,Bedford,IN,HSI00000055,Ascension Health,1,,,,,https://www.ahrq.gov/sites/default/files/wysiwyg/chsp/compendium/chsp-hospital-linkage-2023.xlsx
150100,CHSP00006574,Ascension St. Vincent Evansville,Evansville,IN,HSI00000055,Ascension Health,1,2,church-operated,346,0,https://www.ahrq.gov/sites/default/files/wysiwyg/chsp/compendium/chsp-hospital-linkage-2023.xlsx
150181,CHSP00006600,Ascension St. Vincent Fishers,Fishers,IN,HSI00000055,Ascension Health,1,2,church-operated,46,0,https://www.ahrq.gov/sites/default/files/wysiwyg/chsp/compendium/chsp-hospital-linkage-2023.xlsx
150084,CHSP00006605,Ascension St. Vincent Hospital,Indianapolis,IN,HSI00000055,Ascension Health,1,2,church-operated,756,0,https://www.ahrq.gov/sites/default/files/wysiwyg/chsp/compendium/chsp-hospital-linkage-2023.xlsx
151303,CHSP00006606,Ascension St. Vincent Jennings,North Vernon,IN,HSI00000055,Ascension Health,1,2,church-operated,25,0,https://www.ahrq.gov/sites/default/files/wysiwyg/chsp/compendium/chsp-hospital-linkage-2023.xlsx
150010,CHSP00006607,Ascension St. Vincent Kokomo,Kokomo,IN,HSI00000055,Ascension Health,1,2,church-operated,111,0,https://www.ahrq.gov/sites/default/files/wysiwyg/chsp/compendium/chsp-hospital-linkage-2023.xlsx
151308,CHSP00006609,Ascension St. Vincent Mercy,Elwood,IN,HSI00000055,Ascension Health,1,2,church-operated,18,0,https://www.ahrq.gov/sites/default/files/wysiwyg/chsp/compendium/chsp-hospital-linkage-2023.xlsx
151301,CHSP00006610,Ascension St. Vincent Randolph,Winchester,IN,HSI00000055,Ascension Health,1,2,church-operated,25,0,https://www.ahrq.gov/sites/default/files/wysiwyg/chsp/compendium/chsp-hospital-linkage-2023.xlsx
151325,CHSP00006559,Ascension St. Vincent Warrick,Boonville,IN,HSI00000055,Ascension Health,1,2,church-operated,25,0,https://www.ahrq.gov/sites/default/files/wysiwyg/chsp/compendium/chsp-hospital-linkage-2023.xlsx
151307,CHSP00006614,Ascension St. Vincent Williamsport,Williamsport,IN,HSI00000055,Ascension Health,1,2,church-operated,16,0,https://www.ahrq.gov/sites/default/files/wysiwyg/chsp/compendium/chsp-hospital-linkage-2023.xlsx
150061,CHSP00001603,Daviess Community Hospital,Washington,IN,HSI00000055,Ascension Health,1,3,public/government,42,0,https://www.ahrq.gov/sites/default/files/wysiwyg/chsp/compendium/chsp-hospital-linkage-2023.xlsx
150184,CHSP00008509,Saint Vincent Neighborhood Hospital Avon,Avon,IN,HSI00000055,Ascension Health,1,,,,,https://www.ahrq.gov/sites/default/files/wysiwyg/chsp/compendium/chsp-hospital-linkage-2023.xlsx
150153,CHSP00006604,St. Vincent Heart Center,Indianapolis,IN,HSI00000055,Ascension Health,0,5,for-profit,107,0,https://www.ahrq.gov/sites/default/files/wysiwyg/chsp/compendium/chsp-hospital-linkage-2023.xlsx
170183,CHSP00003114,Kansas Surgery & Recovery Center,Wichita,KS,HSI00000055,Ascension Health,0,5,for-profit,30,0,https://www.ahrq.gov/sites/default/files/wysiwyg/chsp/compendium/chsp-hospital-linkage-2023.xlsx
170142,CHSP00007455,Mercy Regional Health Center,Manhattan,KS,HSI00000055,Ascension Health,1,2,church-operated,84,0,https://www.ahrq.gov/sites/default/files/wysiwyg/chsp/compendium/chsp-hospital-linkage-2023.xlsx
170200,CHSP00007458,Via Christi Hosp. Wichita St. Teresa,Wichita,KS,HSI00000055,Ascension Health,1,2,church-operated,38,0,https://www.ahrq.gov/sites/default/files/wysiwyg/chsp/compendium/chsp-hospital-linkage-2023.xlsx
170006,CHSP00007456,Via Christi Hospital Pittsburg  Inc.,Pittsburg,KS,HSI00000055,Ascension Health,1,2,church-operated,64,0,https://www.ahrq.gov/sites/default/files/wysiwyg/chsp/compendium/chsp-hospital-linkage-2023.xlsx
170122,CHSP00007457,Via Christi Hospital Wichita,Mulvane,KS,HSI00000055,Ascension Health,1,2,church-operated,641,0,https://www.ahrq.gov/sites/default/files/wysiwyg/chsp/compendium/chsp-hospital-linkage-2023.xlsx
173028,CHSP00007459,Via Christi Rehab Center  Inc,Wichita,KS,HSI00000055,Ascension Health,0,2,church-operated,58,0,https://www.ahrq.gov/sites/default/files/wysiwyg/chsp/compendium/chsp-hospital-linkage-2023.xlsx
171337,CHSP00007546,Wamego Hospital Association,Wamego,KS,HSI00000055,Ascension Health,1,2,church-operated,18,0,https://www.ahrq.gov/sites/default/files/wysiwyg/chsp/compendium/chsp-hospital-linkage-2023.xlsx
210011,CHSP00005689,St. Agnes Hospital,Baltimore,MD,HSI00000055,Ascension Health,1,2,church-operated,183,0,https://www.ahrq.gov/sites/default/files/wysiwyg/chsp/compendium/chsp-hospital-linkage-2023.xlsx
231328,CHSP00000128,Ascension Allegan Hospital,Allegan,MI,HSI00000055,Ascension Health,1,2,church-operated,25,0,https://www.ahrq.gov/sites/default/files/wysiwyg/chsp/compendium/chsp-hospital-linkage-2023.xlsx
230117,CHSP00000668,Ascension Borgess Hospital,Kalamazoo,MI,HSI00000055,Ascension Health,1,2,church-operated,228,0,https://www.ahrq.gov/sites/default/files/wysiwyg/chsp/compendium/chsp-hospital-linkage-2023.xlsx
231315,CHSP00000669,Ascension Borgess-Lee Hospital,Dowagiac,MI,HSI00000055,Ascension Health,1,2,church-operated,25,0,https://www.ahrq.gov/sites/default/files/wysiwyg/chsp/compendium/chsp-hospital-linkage-2023.xlsx
230223,CHSP00005726,Ascension Macomb Oakland Hospital Madison Heights Campus,Madison Heights,MI,HSI00000055,Ascension Health,1,,,,,https://www.ahrq.gov/sites/default/files/wysiwyg/chsp/compendium/chsp-hospital-linkage-2023.xlsx
230195,CHSP00006469,Ascension Macomb-Oakland Hospital,Warren,MI,HSI00000055,Ascension Health,1,1,nonprofit,393,0,https://www.ahrq.gov/sites/default/files/wysiwyg/chsp/compendium/chsp-hospital-linkage-2023.xlsx
230019,CHSP00005284,Ascension Providence Hospital,Southfield,MI,HSI00000055,Ascension Health,1,2,church-operated,527,0,https://www.ahrq.gov/sites/default/files/wysiwyg/chsp/compendium/chsp-hospital-linkage-2023.xlsx
230254,CHSP00001541,Ascension Providence Rochester Hospi,Rochester,MI,HSI00000055,Ascension Health,1,1,nonprofit,153,0,https://www.ahrq.gov/sites/default/files/wysiwyg/chsp/compendium/chsp-hospital-linkage-2023.xlsx
230241,CHSP00006473,Ascension River District Hospital,East China,MI,HSI00000055,Ascension Health,1,2,church-operated,68,0,https://www.ahrq.gov/sites/default/files/wysiwyg/chsp/compendium/chsp-hospital-linkage-2023.xlsx
230165,CHSP00006468,Ascension St John Hospital,Detroit,MI,HSI00000055,Ascension Health,1,1,nonprofit,556,1,https://www.ahrq.gov/sites/default/files/wysiwyg/chsp/compendium/chsp-hospital-linkage-2023.xlsx
230100,CHSP00006484,Ascension St. Joseph Hospital,Tawas City,MI,HSI00000055,Ascension Health,1,1,nonprofit,47,0,https://www.ahrq.gov/sites/default/files/wysiwyg/chsp/compendium/chsp-hospital-linkage-2023.xlsx
231305,CHSP00006579,Ascension Standish Hospital,Standish,MI,HSI00000055,Ascension Health,1,2,church-operated,25,0,https://www.ahrq.gov/sites/default/files/wysiwyg/chsp/compendium/chsp-hospital-linkage-2023.xlsx
233998,CHSP00008262,Ascension Standish Hospital,Standish,MI,HSI00000055,Ascension Health,1,,,,,https://www.ahrq.gov/sites/default/files/wysiwyg/chsp/compendium/chsp-hospital-linkage-2023.xlsx
232034,CHSP00000670,Borgess-Pipp Health Center,Plainwell,MI,HSI00000055,Ascension Health,0,2,church-operated,43,0,https://www.ahrq.gov/sites/default/files/wysiwyg/chsp/compendium/chsp-hospital-linkage-2023.xlsx
230197,CHSP00002185,Genesys Regional Medical Ctr.,Grand Blanc,MI,HSI00000055,Ascension Health,1,2,church-operated,333,0,https://www.ahrq.gov/sites/default/files/wysiwyg/chsp/compendium/chsp-hospital-linkage-2023.xlsx
230279,CHSP00000711,St. John Brighton,Brighton,MI,HSI00000055,Ascension Health,0,1,nonprofit,99,0,https://www.ahrq.gov/sites/default/files/wysiwyg/chsp/compendium/chsp-hospital-linkage-2023.xlsx
230077,CHSP00006578,St. Marys Of Michigan,Saginaw,MI,HSI00000055,Ascension Health,1,2,church-operated,166,0,https://www.ahrq.gov/sites/default/files/wysiwyg/chsp/compendium/chsp-hospital-linkage-2023.xlsx
330011,CHSP00004881,Our Lady Of Lourdes Memorial Hosp,Binghamton,NY,HSI00000055,Ascension Health,1,2,church-operated,175,0,https://www.ahrq.gov/sites/default/files/wysiwyg/chsp/compendium/chsp-hospital-linkage-2023.xlsx
370018,CHSP00002965,Jane Phillips Medical Center,Bartlesville,OK,HSI00000055,Ascension Health,1,1,nonprofit,81,0,https://www.ahrq.gov/sites/default/files/wysiwyg/chsp/compendium/chsp-hospital-linkage-2023.xlsx
371305,CHSP00002966,Nowata Health Center,Nowata,OK,HSI00000055,Ascension Health,1,2,church-operated,25,0,https://www.ahrq.gov/sites/default/files/wysiwyg/chsp/compendium/chsp-hospital-linkage-2023.xlsx
371312,CHSP00006474,St John Sapulpa,Sapulpa,OK,HSI00000055,Ascension Health,1,2,church-operated,25,0,https://www.ahrq.gov/sites/default/files/wysiwyg/chsp/compendium/chsp-hospital-linkage-2023.xlsx
370235,CHSP00006467,St. John Broken Arrow,Broken Arrow,OK,HSI00000055,Ascension Health,1,2,church-operated,62,0,https://www.ahrq.gov/sites/default/files/wysiwyg/chsp/compendium/chsp-hospital-linkage-2023.xlsx
370114,CHSP00006471,St. John Medical Center,Tulsa,OK,HSI00000055,Ascension Health,1,2,church-operated,419,0,https://www.ahrq.gov/sites/default/files/wysiwyg/chsp/compendium/chsp-hospital-linkage-2023.xlsx
370227,CHSP00006472,St. John Owasso,Owasso,OK,HSI00000055,Ascension Health,1,2,church-operated,54,0,https://www.ahrq.gov/sites/default/files/wysiwyg/chsp/compendium/chsp-hospital-linkage-2023.xlsx
441005,CHSP00008876,Ascension Saint Thomas Behavioral Health Hospital,Nashville,TN,HSI00000055,Ascension Health,0,,,,,https://www.ahrq.gov/sites/default/files/wysiwyg/chsp/compendium/chsp-hospital-linkage-2023.xlsx
447424,CHSP00008264,Ascension Saint Thomas Hickman,Centerville,TN,HSI00000055,Ascension Health,1,,,,,https://www.ahrq.gov/sites/default/files/wysiwyg/chsp/compendium/chsp-hospital-linkage-2023.xlsx
440133,CHSP00005779,Ascension Saint Thomas Hospital Midtown,Nashville,TN,HSI00000055,Ascension Health,1,,,,,https://www.ahrq.gov/sites/default/files/wysiwyg/chsp/compendium/chsp-hospital-linkage-2023.xlsx
440151,CHSP00005780,Ascension St Thomas River Park,Mc Minnville,TN,HSI00000055,Ascension Health,1,2,church-operated,56,0,https://www.ahrq.gov/sites/default/files/wysiwyg/chsp/compendium/chsp-hospital-linkage-2023.xlsx
441303,CHSP00006995,Ascension St Thomas Three Rivers,Waverly,TN,HSI00000055,Ascension Health,1,2,church-operated,25,0,https://www.ahrq.gov/sites/default/files/wysiwyg/chsp/compendium/chsp-hospital-linkage-2023.xlsx
440192,CHSP00005777,Saint Thomas Highland Hospital,Sparta,TN,HSI00000055,Ascension Health,1,2,church-operated,12,0,https://www.ahrq.gov/sites/default/files/wysiwyg/chsp/compendium/chsp-hospital-linkage-2023.xlsx
443038,CHSP00008728,Saint Thomas Rehabilitation Hospital,Nashville,TN,HSI00000055,Ascension Health,0,5,for-profit,40,0,https://www.ahrq.gov/sites/default/files/wysiwyg/chsp/compendium/chsp-hospital-linkage-2023.xlsx
440053,CHSP00005781,Saint Thomas Rutherford Hospital,Murfreesboro,TN,HSI00000055,Ascension Health,1,2,church-operated,354,0,https://www.ahrq.gov/sites/default/files/wysiwyg/chsp/compendium/chsp-hospital-linkage-2023.xlsx
440200,CHSP00005782,Saint Thomas Stones River Hospital,Woodbury,TN,HSI00000055,Ascension Health,1,2,church-operated,21,1,https://www.ahrq.gov/sites/default/files/wysiwyg/chsp/compendium/chsp-hospital-linkage-2023.xlsx
440082,CHSP00005783,Saint Thomas West Hospital,Nashville,TN,HSI00000055,Ascension Health,1,2,church-operated,643,0,https://www.ahrq.gov/sites/default/files/wysiwyg/chsp/compendium/chsp-hospital-linkage-2023.xlsx
444030,CHSP00008744,St Thomas Ascension,Nashville,TN,HSI00000055,Ascension Health,0,5,for-profit,90,0,https://www.ahrq.gov/sites/default/files/wysiwyg/chsp/compendium/chsp-hospital-linkage-2023.xlsx
440148,CHSP00005775,St Thomas Dekalb Hospital,Smithville,TN,HSI00000055,Ascension Health,1,2,church-operated,18,0,https://www.ahrq.gov/sites/default/files/wysiwyg/chsp/compendium/chsp-hospital-linkage-2023.xlsx
441300,CHSP00005776,St Thomas Hickman Hospital,Centerville,TN,HSI00000055,Ascension Health,1,1,nonprofit,25,0,https://www.ahrq.gov/sites/default/files/wysiwyg/chsp/compendium/chsp-hospital-linkage-2023.xlsx
440218,CHSP00005778,The Center For Spinal Surgery,Nashville,TN,HSI00000055,Ascension Health,1,5,for-profit,23,0,https://www.ahrq.gov/sites/default/files/wysiwyg/chsp/compendium/chsp-hospital-linkage-2023.xlsx
450042,CHSP00005288,Ascension Providence,Waco,TX,HSI00000055,Ascension Health,1,2,church-operated,225,0,https://www.ahrq.gov/sites/default/files/wysiwyg/chsp/compendium/chsp-hospital-linkage-2023.xlsx
454032,CHSP00005287,Ascension Providence Depaul Center,Waco,TX,HSI00000055,Ascension Health,0,,,,,https://www.ahrq.gov/sites/default/files/wysiwyg/chsp/compendium/chsp-hospital-linkage-2023.xlsx
670143,CHSP00008402,Ascension Seton Bastrop,Bastrop,TX,HSI00000055,Ascension Health,1,2,church-operated,7,0,https://www.ahrq.gov/sites/default/files/wysiwyg/chsp/compendium/chsp-hospital-linkage-2023.xlsx
451371,CHSP00006059,Ascension Seton Edgar B Davis,Luling,TX,HSI00000055,Ascension Health,1,2,church-operated,23,0,https://www.ahrq.gov/sites/default/files/wysiwyg/chsp/compendium/chsp-hospital-linkage-2023.xlsx
670056,CHSP00006065,Ascension Seton Hays,Kyle,TX,HSI00000055,Ascension Health,1,2,church-operated,173,0,https://www.ahrq.gov/sites/default/files/wysiwyg/chsp/compendium/chsp-hospital-linkage-2023.xlsx
451365,CHSP00006060,Ascension Seton Highland Lakes,Burnet,TX,HSI00000055,Ascension Health,1,2,church-operated,25,0,https://www.ahrq.gov/sites/default/files/wysiwyg/chsp/compendium/chsp-hospital-linkage-2023.xlsx
450056,CHSP00006062,Ascension Seton Medical Center,Austin,TX,HSI00000055,Ascension Health,1,2,church-operated,391,0,https://www.ahrq.gov/sites/default/files/wysiwyg/chsp/compendium/chsp-hospital-linkage-2023.xlsx
450867,CHSP00006067,Ascension Seton Northwest,Austin,TX,HSI00000055,Ascension Health,1,2,church-operated,106,0,https://www.ahrq.gov/sites/default/files/wysiwyg/chsp/compendium/chsp-hospital-linkage-2023.xlsx
454029,CHSP00006068,Ascension Seton Shoal Creek,Austin,TX,HSI00000055,Ascension Health,0,2,church-operated,54,0,https://www.ahrq.gov/sites/default/files/wysiwyg/chsp/compendium/chsp-hospital-linkage-2023.xlsx
450143,CHSP00006069,Ascension Seton Smithville,Smithville,TX,HSI00000055,Ascension Health,1,2,church-operated,8,1,https://www.ahrq.gov/sites/default/files/wysiwyg/chsp/compendium/chsp-hospital-linkage-2023.xlsx
450865,CHSP00006070,Ascension Seton Southwest,Austin,TX,HSI00000055,Ascension Health,1,2,church-operated,28,0,https://www.ahrq.gov/sites/default/files/wysiwyg/chsp/compendium/chsp-hospital-linkage-2023.xlsx
670041,CHSP00006066,Ascension Seton Williamson,Round Rock,TX,HSI00000055,Ascension Health,1,2,church-operated,181,0,https://www.ahrq.gov/sites/default/files/wysiwyg/chsp/compendium/chsp-hospital-linkage-2023.xlsx
453310,CHSP00001648,Dell Childrens Medical Center,Austin,TX,HSI00000055,Ascension Health,1,2,church-operated,262,0,https://www.ahrq.gov/sites/default/files/wysiwyg/chsp/compendium/chsp-hospital-linkage-2023.xlsx
450124,CHSP00007285,Dell Seton Medical Center At The Uni,Austin,TX,HSI00000055,Ascension Health,1,2,church-operated,241,1,https://www.ahrq.gov/sites/default/files/wysiwyg/chsp/compendium/chsp-hospital-linkage-2023.xlsx
521317,CHSP00000881,Ascension Calumet Hospital,Chilton,WI,HSI00000055,Ascension Health,1,2,church-operated,25,0,https://www.ahrq.gov/sites/default/files/wysiwyg/chsp/compendium/chsp-hospital-linkage-2023.xlsx
520027,CHSP00001328,Ascension Columbia Saint Marys Hospital Ozaukee,Mequon,WI,HSI00000055,Ascension Health,1,,,,,https://www.ahrq.gov/sites/default/files/wysiwyg/chsp/compendium/chsp-hospital-linkage-2023.xlsx
520195,CHSP00001321,Ascension Columbia Saint Marys Hospital Ozaukee Birthing Center,Thiensville,WI,HSI00000055,Ascension Health,1,,,,,https://www.ahrq.gov/sites/default/files/wysiwyg/chsp/compendium/chsp-hospital-linkage-2023.xlsx
520051,CHSP00001327,Ascension Columbia St Marys Milwauke,Milwaukee,WI,HSI00000055,Ascension Health,1,2,church-operated,382,1,https://www.ahrq.gov/sites/default/files/wysiwyg/chsp/compendium/chsp-hospital-linkage-2023.xlsx
520009,CHSP00006444,Ascension Ne Wisconsin-St. Elizabeth,Appleton,WI,HSI00000055,Ascension Health,1,2,church-operated,287,0,https://www.ahrq.gov/sites/default/files/wysiwyg/chsp/compendium/chsp-hospital-linkage-2023.xlsx
520048,CHSP00004049,Ascension Northeast Wisconsin Mercy Hospital,Oshkosh,WI,HSI00000055,Ascension Health,1,,,,,https://www.ahrq.gov/sites/default/files/wysiwyg/chsp/compendium/chsp-hospital-linkage-2023.xlsx
523025,CHSP00005679,Ascension Sacred Heart Rehabilitatio,Mequon,WI,HSI00000055,Ascension Health,0,2,church-operated,21,0,https://www.ahrq.gov/sites/default/files/wysiwyg/chsp/compendium/chsp-hospital-linkage-2023.xlsx
520136,CHSP00007704,Ascension Se Wisconsin Hospital  Inc,Milwaukee,WI,HSI00000055,Ascension Health,1,2,church-operated,301,1,https://www.ahrq.gov/sites/default/files/wysiwyg/chsp/compendium/chsp-hospital-linkage-2023.xlsx
520170,CHSP00007701,Ascension Southeast Wisconsin Hospital - Elmbrook Campus,Brookfield,WI,HSI00000055,Ascension Health,1,,,,,https://www.ahrq.gov/sites/default/files/wysiwyg/chsp/compendium/chsp-hospital-linkage-2023.xlsx
520204,CHSP00007702,Ascension Southeast Wisconsin Hospital - Franklin Campus,Franklin,WI,HSI00000055,Ascension Health,1,,,,,https://www.ahrq.gov/sites/default/files/wysiwyg/chsp/compendium/chsp-hospital-linkage-2023.xlsx
520078,CHSP00007703,Ascension St. Francis Hospital,Milwaukee,WI,HSI00000055,Ascension Health,1,2,church-operated,139,1,https://www.ahrq.gov/sites/default/files/wysiwyg/chsp/compendium/chsp-hospital-linkage-2023.xlsx
,CHSP00008877,Ascension Wisconsin Hospital - Menomonee Falls Campus,Menomonee Falls,WI,HSI00000055,Ascension Health,1,,,,,https://www.ahrq.gov/sites/default/files/wysiwyg/chsp/compendium/chsp-hospital-linkage-2023.xlsx
520205,CHSP00004190,Mosh,Franklin,WI,HSI00000055,Ascension Health,0,5,for-profit,16,0,https://www.ahrq.gov/sites/default/files/wysiwyg/chsp/compendium/chsp-hospital-linkage-2023.xlsx
520194,CHSP00004854,Orthopaedic Hospital Of Wisconsin,Glendale,WI,HSI00000055,Ascension Health,0,1,nonprofit,30,0,https://www.ahrq.gov/sites/default/files/wysiwyg/chsp/compendium/chsp-hospital-linkage-2023.xlsx
520096,CHSP00007700,Wheaton Franciscan Healthcare - All,Racine,WI,HSI00000055,Ascension Health,1,2,church-operated,285,1,https://www.ahrq.gov/sites/default/files/wysiwyg/chsp/compendium/chsp-hospital-linkage-2023.xlsx
231318,CHSP00000252,Aspirus Iron River Hopsital & Clinic,Iron River,MI,HSI00000057,Aspirus,1,1,nonprofit,25,0,https://www.ahrq.gov/sites/default/files/wysiwyg/chsp/compendium/chsp-hospital-linkage-2023.xlsx
231333,CHSP00000251,Aspirus Ironwood Hospital,Ironwood,MI,HSI00000057,Aspirus,1,1,nonprofit,25,0,https://www.ahrq.gov/sites/default/files/wysiwyg/chsp/compendium/chsp-hospital-linkage-2023.xlsx
231319,CHSP00000253,Aspirus Keweenaw Hospital,Laurium,MI,HSI00000057,Aspirus,1,1,nonprofit,25,0,https://www.ahrq.gov/sites/default/files/wysiwyg/chsp/compendium/chsp-hospital-linkage-2023.xlsx
231309,CHSP00000256,Aspirus Ontonagon Hospital,Ontonagon,MI,HSI00000057,Aspirus,1,1,nonprofit,18,0,https://www.ahrq.gov/sites/default/files/wysiwyg/chsp/compendium/chsp-hospital-linkage-2023.xlsx
521300,CHSP00004221,Aspirus Eagle River Hospital,Eagle River,WI,HSI00000057,Aspirus,1,1,nonprofit,14,0,https://www.ahrq.gov/sites/default/files/wysiwyg/chsp/compendium/chsp-hospital-linkage-2023.xlsx
521350,CHSP00000254,Aspirus Langlade Hospital,Antigo,WI,HSI00000057,Aspirus,1,1,nonprofit,25,0,https://www.ahrq.gov/sites/default/files/wysiwyg/chsp/compendium/chsp-hospital-linkage-2023.xlsx
521324,CHSP00000255,Aspirus Medford Hospital And Clinics,Medford,WI,HSI00000057,Aspirus,1,1,nonprofit,25,0,https://www.ahrq.gov/sites/default/files/wysiwyg/chsp/compendium/chsp-hospital-linkage-2023.xlsx
521339,CHSP00004222,Aspirus Merrill Hospital,Merrill,WI,HSI00000057,Aspirus,1,1,nonprofit,12,0,https://www.ahrq.gov/sites/default/files/wysiwyg/chsp/compendium/chsp-hospital-linkage-2023.xlsx
520019,CHSP00004228,Aspirus Rhinelander Hospital,Rhinelander,WI,HSI00000057,Aspirus,1,2,church-operated,42,0,https://www.ahrq.gov/sites/default/files/wysiwyg/chsp/compendium/chsp-hospital-linkage-2023.xlsx
520033,CHSP00000257,Aspirus Riverview Hospital & Clinics,Wisconsin Rapids,WI,HSI00000057,Aspirus,1,1,nonprofit,44,0,https://www.ahrq.gov/sites/default/files/wysiwyg/chsp/compendium/chsp-hospital-linkage-2023.xlsx
521311,CHSP00004223,Aspirus Stanley Hospital,Stanley,WI,HSI00000057,Aspirus,1,1,nonprofit,24,0,https://www.ahrq.gov/sites/default/files/wysiwyg/chsp/compendium/chsp-hospital-linkage-2023.xlsx
520002,CHSP00004229,Aspirus Stevens Point Hospital,Stevens Point,WI,HSI00000057,Aspirus,1,2,church-operated,82,0,https://www.ahrq.gov/sites/default/files/wysiwyg/chsp/compendium/chsp-hospital-linkage-2023.xlsx
521313,CHSP00004224,Aspirus Tomahawk Hospital,Tomahawk,WI,HSI00000057,Aspirus,1,2,church-operated,15,0,https://www.ahrq.gov/sites/default/files/wysiwyg/chsp/compendium/chsp-hospital-linkage-2023.xlsx
520030,CHSP00000258,Aspirus Wausau Hospital,Wausau,WI,HSI00000057,Aspirus,1,1,nonprofit,239,0,https://www.ahrq.gov/sites/default/files/wysiwyg/chsp/compendium/chsp-hospital-linkage-2023.xlsx
520041,CHSP00001682,Divine Savior Hospital,Portage,WI,HSI00000057,Aspirus,1,2,church-operated,42,0,https://www.ahrq.gov/sites/default/files/wysiwyg/chsp/compendium/chsp-hospital-linkage-2023.xlsx
520091,CHSP00002812,Howard Young Medical Center,Woodruff,WI,HSI00000057,Aspirus,1,1,nonprofit,42,0,https://www.ahrq.gov/sites/default/files/wysiwyg/chsp/compendium/chsp-hospital-linkage-2023.xlsx
210061,CHSP00000268,Atlantic General Hospital,Berlin,MD,HSI00000059,Atlantic General Health System,1,1,nonprofit,62,0,https://www.ahrq.gov/sites/default/files/wysiwyg/chsp/compendium/chsp-hospital-linkage-2023.xlsx
313038,CHSP00008396,Atlantic Rehabilitation Institute,Madison,NJ,HSI00000060,Atlantic Health System,0,5,for-profit,38,0,https://www.ahrq.gov/sites/default/files/wysiwyg/chsp/compendium/chsp-hospital-linkage-2023.xlsx
310017,CHSP00001187,Chilton Hospital,Pompton Plains,NJ,HSI00000060,Atlantic Health System,1,1,nonprofit,180,0,https://www.ahrq.gov/sites/default/files/wysiwyg/chsp/compendium/chsp-hospital-linkage-2023.xlsx
310115,CHSP00002471,Hackettstown Medical Center,Hackettstown,NJ,HSI00000060,Atlantic Health System,1,2,church-operated,95,0,https://www.ahrq.gov/sites/default/files/wysiwyg/chsp/compendium/chsp-hospital-linkage-2023.xlsx
310015,CHSP00004310,Morristown Medical Center,Morristown,NJ,HSI00000060,Atlantic Health System,1,1,nonprofit,712,0,https://www.ahrq.gov/sites/default/files/wysiwyg/chsp/compendium/chsp-hospital-linkage-2023.xlsx
310028,CHSP00004509,Newton Medical Center,Newton,NJ,HSI00000060,Atlantic Health System,1,1,nonprofit,139,0,https://www.ahrq.gov/sites/default/files/wysiwyg/chsp/compendium/chsp-hospital-linkage-2023.xlsx
310051,CHSP00004891,Overlook Medical Center,Summit,NJ,HSI00000060,Atlantic Health System,1,1,nonprofit,442,0,https://www.ahrq.gov/sites/default/files/wysiwyg/chsp/compendium/chsp-hospital-linkage-2023.xlsx
490018,CHSP00000280,Augusta Medical Center,Fishersville,VA,HSI00000063,Augusta Health,1,1,nonprofit,193,0,https://www.ahrq.gov/sites/default/files/wysiwyg/chsp/compendium/chsp-hospital-linkage-2023.xlsx
360131,CHSP00000142,Alliance Community Hospital,Alliance,OH,HSI00000065,Aultman Health Foundation,1,1,nonprofit,50,0,https://www.ahrq.gov/sites/default/files/wysiwyg/chsp/compendium/chsp-hospital-linkage-2023.xlsx
360084,CHSP00000284,Aultman Hospital,Canton,OH,HSI00000065,Aultman Health Foundation,1,1,nonprofit,335,0,https://www.ahrq.gov/sites/default/files/wysiwyg/chsp/compendium/chsp-hospital-linkage-2023.xlsx
361323,CHSP00000285,Aultman Orrville Hospital,Orrville,OH,HSI00000065,Aultman Health Foundation,1,1,nonprofit,25,0,https://www.ahrq.gov/sites/default/files/wysiwyg/chsp/compendium/chsp-hospital-linkage-2023.xlsx
362032,CHSP00000286,Aultman Specialty Hospital,Canton,OH,HSI00000065,Aultman Health Foundation,0,1,nonprofit,30,0,https://www.ahrq.gov/sites/default/files/wysiwyg/chsp/compendium/chsp-hospital-linkage-2023.xlsx
366074,CHSP00007873,Aultman Woodlawn,Canton,OH,HSI00000065,Aultman Health Foundation,0,,,,,https://www.ahrq.gov/sites/default/files/wysiwyg/chsp/compendium/chsp-hospital-linkage-2023.xlsx
161351,CHSP00000327,Avera Holy Family Health,Estherville,IA,HSI00000068,Avera Health,1,1,nonprofit,22,0,https://www.ahrq.gov/sites/default/files/wysiwyg/chsp/compendium/chsp-hospital-linkage-2023.xlsx
161321,CHSP00008556,Avera Merrill Pioneer Hospital,Rock Rapids,IA,HSI00000068,Avera Health,1,1,nonprofit,11,0,https://www.ahrq.gov/sites/default/files/wysiwyg/chsp/compendium/chsp-hospital-linkage-2023.xlsx
161368,CHSP00002044,Floyd Valley Hospital,Le Mars,IA,HSI00000068,Avera Health,1,3,public/government,25,0,https://www.ahrq.gov/sites/default/files/wysiwyg/chsp/compendium/chsp-hospital-linkage-2023.xlsx
161336,CHSP00002617,Hegg Memorial Health Center,Rock Valley,IA,HSI00000068,Avera Health,1,1,nonprofit,25,0,https://www.ahrq.gov/sites/default/files/wysiwyg/chsp/compendium/chsp-hospital-linkage-2023.xlsx
160124,CHSP00003380,Lakes Regional Healthcare,Spirit Lake,IA,HSI00000068,Avera Health,1,3,public/government,44,0,https://www.ahrq.gov/sites/default/files/wysiwyg/chsp/compendium/chsp-hospital-linkage-2023.xlsx
161345,CHSP00004860,Osceola Regional Health Center,Sibley,IA,HSI00000068,Avera Health,1,1,nonprofit,25,0,https://www.ahrq.gov/sites/default/files/wysiwyg/chsp/compendium/chsp-hospital-linkage-2023.xlsx
161328,CHSP00005432,Regional Health Services Of Howard C,Cresco,IA,HSI00000068,Avera Health,1,3,public/government,18,0,https://www.ahrq.gov/sites/default/files/wysiwyg/chsp/compendium/chsp-hospital-linkage-2023.xlsx
161346,CHSP00006163,Sioux Center Health,Sioux Center,IA,HSI00000068,Avera Health,1,1,nonprofit,19,0,https://www.ahrq.gov/sites/default/files/wysiwyg/chsp/compendium/chsp-hospital-linkage-2023.xlsx
241343,CHSP00002291,Avera Granite Falls,Granite Falls,MN,HSI00000068,Avera Health,1,1,nonprofit,25,0,https://www.ahrq.gov/sites/default/files/wysiwyg/chsp/compendium/chsp-hospital-linkage-2023.xlsx
241359,CHSP00000329,Avera Marshall Regional Medical Ctr,Marshall,MN,HSI00000068,Avera Health,1,1,nonprofit,25,0,https://www.ahrq.gov/sites/default/files/wysiwyg/chsp/compendium/chsp-hospital-linkage-2023.xlsx
241374,CHSP00005146,Pipestone County Medical Center,Pipestone,MN,HSI00000068,Avera Health,1,3,public/government,18,0,https://www.ahrq.gov/sites/default/files/wysiwyg/chsp/compendium/chsp-hospital-linkage-2023.xlsx
247049,CHSP00008213,Pipestone County Medical Center Avera Health,Pipestone,MN,HSI00000068,Avera Health,1,,,,,https://www.ahrq.gov/sites/default/files/wysiwyg/chsp/compendium/chsp-hospital-linkage-2023.xlsx
241348,CHSP00007105,Tyler Healthcare Center,Tyler,MN,HSI00000068,Avera Health,1,1,nonprofit,21,0,https://www.ahrq.gov/sites/default/files/wysiwyg/chsp/compendium/chsp-hospital-linkage-2023.xlsx
281331,CHSP00000319,Avera Creighton Hospital,Creighton,NE,HSI00000068,Avera Health,1,1,nonprofit,23,0,https://www.ahrq.gov/sites/default/files/wysiwyg/chsp/compendium/chsp-hospital-linkage-2023.xlsx
281329,CHSP00000333,Avera St. Anthonys Hospital,O'neill,NE,HSI00000068,Avera Health,1,2,church-operated,25,0,https://www.ahrq.gov/sites/default/files/wysiwyg/chsp/compendium/chsp-hospital-linkage-2023.xlsx
281348,CHSP00007033,Tri Valley Health System,Cambridge,NE,HSI00000068,Avera Health,1,1,nonprofit,20,0,https://www.ahrq.gov/sites/default/files/wysiwyg/chsp/compendium/chsp-hospital-linkage-2023.xlsx
431331,CHSP00000321,Avera Dells Area Hospital,Dell Rapids,SD,HSI00000068,Avera Health,1,1,nonprofit,23,0,https://www.ahrq.gov/sites/default/files/wysiwyg/chsp/compendium/chsp-hospital-linkage-2023.xlsx
431310,CHSP00000322,Avera Flandreau Hospital,Flandreau,SD,HSI00000068,Avera Health,1,1,nonprofit,18,0,https://www.ahrq.gov/sites/default/files/wysiwyg/chsp/compendium/chsp-hospital-linkage-2023.xlsx
431302,CHSP00000323,Avera Gettysburg Hospital,Gettysburg,SD,HSI00000068,Avera Health,1,1,nonprofit,7,0,https://www.ahrq.gov/sites/default/files/wysiwyg/chsp/compendium/chsp-hospital-linkage-2023.xlsx
431338,CHSP00000324,Avera Gregory Hospital,Gregory,SD,HSI00000068,Avera Health,1,1,nonprofit,13,0,https://www.ahrq.gov/sites/default/files/wysiwyg/chsp/compendium/chsp-hospital-linkage-2023.xlsx
431337,CHSP00000325,Avera Hand County Memorial Hospital,Miller,SD,HSI00000068,Avera Health,1,1,nonprofit,25,0,https://www.ahrq.gov/sites/default/files/wysiwyg/chsp/compendium/chsp-hospital-linkage-2023.xlsx
430095,CHSP00000326,Avera Heart Hospital Of South Dakota,Sioux Falls,SD,HSI00000068,Avera Health,0,5,for-profit,53,0,https://www.ahrq.gov/sites/default/files/wysiwyg/chsp/compendium/chsp-hospital-linkage-2023.xlsx
430016,CHSP00000330,Avera Mckennan,Sioux Falls,SD,HSI00000068,Avera Health,1,2,church-operated,547,0,https://www.ahrq.gov/sites/default/files/wysiwyg/chsp/compendium/chsp-hospital-linkage-2023.xlsx
430013,CHSP00000331,Avera Queen Of Peace Hospital,Mitchell,SD,HSI00000068,Avera Health,1,,,,,https://www.ahrq.gov/sites/default/files/wysiwyg/chsp/compendium/chsp-hospital-linkage-2023.xlsx
431340,CHSP00009019,Avera Queen Of Peace Hospital,Mitchell,SD,HSI00000068,Avera Health,1,,,,,https://www.ahrq.gov/sites/default/files/wysiwyg/chsp/compendium/chsp-hospital-linkage-2023.xlsx
430012,CHSP00000332,Avera Sacred Heart Hospital,Yankton,SD,HSI00000068,Avera Health,1,1,nonprofit,42,0,https://www.ahrq.gov/sites/default/files/wysiwyg/chsp/compendium/chsp-hospital-linkage-2023.xlsx
430015,CHSP00000336,Avera St Marys,Pierre,SD,HSI00000068,Avera Health,1,2,church-operated,50,0,https://www.ahrq.gov/sites/default/files/wysiwyg/chsp/compendium/chsp-hospital-linkage-2023.xlsx
431330,CHSP00000334,Avera St. Benedict Health Center,Parkston,SD,HSI00000068,Avera Health,1,1,nonprofit,25,0,https://www.ahrq.gov/sites/default/files/wysiwyg/chsp/compendium/chsp-hospital-linkage-2023.xlsx
430014,CHSP00000335,Avera St. Lukes,Aberdeen,SD,HSI00000068,Avera Health,1,2,church-operated,50,0,https://www.ahrq.gov/sites/default/files/wysiwyg/chsp/compendium/chsp-hospital-linkage-2023.xlsx
430096,CHSP00003482,Avera Surgical Hospital,Yankton,SD,HSI00000068,Avera Health,0,,,,,https://www.ahrq.gov/sites/default/files/wysiwyg/chsp/compendium/chsp-hospital-linkage-2023.xlsx
431324,CHSP00000337,Avera Weskota Memorial Medical Cente,Wessington Springs,SD,HSI00000068,Avera Health,1,1,nonprofit,16,0,https://www.ahrq.gov/sites/default/files/wysiwyg/chsp/compendium/chsp-hospital-linkage-2023.xlsx
430092,CHSP00001584,Dakota Plains Surgical Center,Aberdeen,SD,HSI00000068,Avera Health,0,,,,,https://www.ahrq.gov/sites/default/files/wysiwyg/chsp/compendium/chsp-hospital-linkage-2023.xlsx
431332,CHSP00000320,De Smet Memorial Hospital,De Smet,SD,HSI00000068,Avera Health,1,2,church-operated,6,0,https://www.ahrq.gov/sites/default/files/wysiwyg/chsp/compendium/chsp-hospital-linkage-2023.xlsx
431308,CHSP00001903,Eureka Community Health Services,Eureka,SD,HSI00000068,Avera Health,1,1,nonprofit,4,0,https://www.ahrq.gov/sites/default/files/wysiwyg/chsp/compendium/chsp-hospital-linkage-2023.xlsx
437063,CHSP00007999,Eureka Community Health Services Avera,Eureka,SD,HSI00000068,Avera Health,1,,,,,https://www.ahrq.gov/sites/default/files/wysiwyg/chsp/compendium/chsp-hospital-linkage-2023.xlsx
431313,CHSP00002120,Freeman Regional Health Services,Freeman,SD,HSI00000068,Avera Health,1,1,nonprofit,25,0,https://www.ahrq.gov/sites/default/files/wysiwyg/chsp/compendium/chsp-hospital-linkage-2023.xlsx
431317,CHSP00003402,Landmann-Jungman Memorial Hospital,Scotland,SD,HSI00000068,Avera Health,1,1,nonprofit,20,0,https://www.ahrq.gov/sites/default/files/wysiwyg/chsp/compendium/chsp-hospital-linkage-2023.xlsx
431312,CHSP00003721,Marshall County Healthcare Center,Britton,SD,HSI00000068,Avera Health,1,1,nonprofit,20,0,https://www.ahrq.gov/sites/default/files/wysiwyg/chsp/compendium/chsp-hospital-linkage-2023.xlsx
431326,CHSP00004196,Milbank Area Hospital/Avera Health,Milbank,SD,HSI00000068,Avera Health,1,2,church-operated,25,0,https://www.ahrq.gov/sites/default/files/wysiwyg/chsp/compendium/chsp-hospital-linkage-2023.xlsx
431306,CHSP00005157,Platte Health Center  Inc.,Platte,SD,HSI00000068,Avera Health,1,1,nonprofit,17,0,https://www.ahrq.gov/sites/default/files/wysiwyg/chsp/compendium/chsp-hospital-linkage-2023.xlsx
431327,CHSP00006581,St. Michaels Hospital  Inc.,Tyndall,SD,HSI00000068,Avera Health,1,1,nonprofit,25,0,https://www.ahrq.gov/sites/default/files/wysiwyg/chsp/compendium/chsp-hospital-linkage-2023.xlsx
431315,CHSP00007523,Wagner Community Memorial Hospital,Wagner,SD,HSI00000068,Avera Health,1,1,nonprofit,20,0,https://www.ahrq.gov/sites/default/files/wysiwyg/chsp/compendium/chsp-hospital-linkage-2023.xlsx
140002,CHSP00000162,Alton Memorial Hospital,Alton,IL,HSI00000070,BJC Healthcare,1,1,nonprofit,121,0,https://www.ahrq.gov/sites/default/files/wysiwyg/chsp/compendium/chsp-hospital-linkage-2023.xlsx
140185,CHSP00003922,Memorial Hospital,Belleville,IL,HSI00000070,BJC Healthcare,1,1,nonprofit,300,0,https://www.ahrq.gov/sites/default/files/wysiwyg/chsp/compendium/chsp-hospital-linkage-2023.xlsx
141338,CHSP00003924,Memorial Hospital,Chester,IL,HSI00000070,BJC Healthcare,1,3,public/government,25,0,https://www.ahrq.gov/sites/default/files/wysiwyg/chsp/compendium/chsp-hospital-linkage-2023.xlsx
140307,CHSP00008171,Memorial Hospital Shiloh,Shiloh,IL,HSI00000070,BJC Healthcare,1,,,,,https://www.ahrq.gov/sites/default/files/wysiwyg/chsp/compendium/chsp-hospital-linkage-2023.xlsx
264029,CHSP00007884,Barnes Jewish Hospital Psychiatric Support Center,Saint Louis,MO,HSI00000070,BJC Healthcare,0,,,,,https://www.ahrq.gov/sites/default/files/wysiwyg/chsp/compendium/chsp-hospital-linkage-2023.xlsx
260191,CHSP00000438,Barnes Jewish St. Peters Hospital,Saint Peters,MO,HSI00000070,BJC Healthcare,1,1,nonprofit,110,0,https://www.ahrq.gov/sites/default/files/wysiwyg/chsp/compendium/chsp-hospital-linkage-2023.xlsx
260162,CHSP00000439,Barnes Jewish West County Hospital,Saint Louis,MO,HSI00000070,BJC Healthcare,1,1,nonprofit,95,0,https://www.ahrq.gov/sites/default/files/wysiwyg/chsp/compendium/chsp-hospital-linkage-2023.xlsx
260032,CHSP00000437,Barnes-Jewish Hospital,Saint Louis,MO,HSI00000070,BJC Healthcare,1,1,nonprofit,1216,0,https://www.ahrq.gov/sites/default/files/wysiwyg/chsp/compendium/chsp-hospital-linkage-2023.xlsx
260180,CHSP00001203,Christian Hospital Northeast,Saint Louis,MO,HSI00000070,BJC Healthcare,1,1,nonprofit,251,0,https://www.ahrq.gov/sites/default/files/wysiwyg/chsp/compendium/chsp-hospital-linkage-2023.xlsx
260108,CHSP00004249,Missouri Baptist Medical Center,Saint Louis,MO,HSI00000070,BJC Healthcare,1,1,nonprofit,402,0,https://www.ahrq.gov/sites/default/files/wysiwyg/chsp/compendium/chsp-hospital-linkage-2023.xlsx
261337,CHSP00004250,Missouri Baptist Sullivan Hospital,Sullivan,MO,HSI00000070,BJC Healthcare,1,1,nonprofit,25,0,https://www.ahrq.gov/sites/default/files/wysiwyg/chsp/compendium/chsp-hospital-linkage-2023.xlsx
260163,CHSP00004964,Parkland Health Center - Farmington,Farmington,MO,HSI00000070,BJC Healthcare,1,1,nonprofit,108,0,https://www.ahrq.gov/sites/default/files/wysiwyg/chsp/compendium/chsp-hospital-linkage-2023.xlsx
261315,CHSP00004966,Parkland Hlth Ctr - Bonne Terre,Bonne Terre,MO,HSI00000070,BJC Healthcare,1,1,nonprofit,3,0,https://www.ahrq.gov/sites/default/files/wysiwyg/chsp/compendium/chsp-hospital-linkage-2023.xlsx
260219,CHSP00005257,Progress West Hospital,O Fallon,MO,HSI00000070,BJC Healthcare,1,1,nonprofit,69,0,https://www.ahrq.gov/sites/default/files/wysiwyg/chsp/compendium/chsp-hospital-linkage-2023.xlsx
263301,CHSP00006518,St. Louis Childrens Hospital,Saint Louis,MO,HSI00000070,BJC Healthcare,1,1,nonprofit,455,0,https://www.ahrq.gov/sites/default/files/wysiwyg/chsp/compendium/chsp-hospital-linkage-2023.xlsx
263028,CHSP00006953,The Rehabilitation Institute Of St.,Saint Louis,MO,HSI00000070,BJC Healthcare,0,5,for-profit,136,0,https://www.ahrq.gov/sites/default/files/wysiwyg/chsp/compendium/chsp-hospital-linkage-2023.xlsx
131325,CHSP00000622,Bingham Memorial Hospital,Blackfoot,ID,HSI00000071,BMH,1,1,nonprofit,25,0,https://www.ahrq.gov/sites/default/files/wysiwyg/chsp/compendium/chsp-hospital-linkage-2023.xlsx
130073,CHSP00004353,Grove Creek Medical Center,Blackfoot,ID,HSI00000071,BMH,0,5,for-profit,8,0,https://www.ahrq.gov/sites/default/files/wysiwyg/chsp/compendium/chsp-hospital-linkage-2023.xlsx
030088,CHSP00000357,Banner Baywood Medical Center,Mesa,AZ,HSI00000073,Banner Health,1,1,nonprofit,323,0,https://www.ahrq.gov/sites/default/files/wysiwyg/chsp/compendium/chsp-hospital-linkage-2023.xlsx
034004,CHSP00000359,Banner Behavioral Health Hospital,Scottsdale,AZ,HSI00000073,Banner Health,0,1,nonprofit,156,0,https://www.ahrq.gov/sites/default/files/wysiwyg/chsp/compendium/chsp-hospital-linkage-2023.xlsx
030061,CHSP00000360,Banner Boswell Medical Center,Sun City,AZ,HSI00000073,Banner Health,1,1,nonprofit,410,0,https://www.ahrq.gov/sites/default/files/wysiwyg/chsp/compendium/chsp-hospital-linkage-2023.xlsx
030016,CHSP00000361,Banner Casa Grande Medical Center,Casa Grande,AZ,HSI00000073,Banner Health,1,1,nonprofit,141,0,https://www.ahrq.gov/sites/default/files/wysiwyg/chsp/compendium/chsp-hospital-linkage-2023.xlsx
030093,CHSP00000363,Banner Del E Webb Medical Center,Sun City West,AZ,HSI00000073,Banner Health,1,1,nonprofit,337,0,https://www.ahrq.gov/sites/default/files/wysiwyg/chsp/compendium/chsp-hospital-linkage-2023.xlsx
030065,CHSP00000364,Banner Desert Medical Center,Mesa,AZ,HSI00000073,Banner Health,1,1,nonprofit,629,0,https://www.ahrq.gov/sites/default/files/wysiwyg/chsp/compendium/chsp-hospital-linkage-2023.xlsx
030115,CHSP00000365,Banner Estrella Medical Center,Phoenix,AZ,HSI00000073,Banner Health,1,1,nonprofit,317,1,https://www.ahrq.gov/sites/default/files/wysiwyg/chsp/compendium/chsp-hospital-linkage-2023.xlsx
030122,CHSP00000367,Banner Gateway Medical Center,Gilbert,AZ,HSI00000073,Banner Health,1,1,nonprofit,185,0,https://www.ahrq.gov/sites/default/files/wysiwyg/chsp/compendium/chsp-hospital-linkage-2023.xlsx
030134,CHSP00000368,Banner Goldfield Medical Center,Apache Junction,AZ,HSI00000073,Banner Health,1,1,nonprofit,20,0,https://www.ahrq.gov/sites/default/files/wysiwyg/chsp/compendium/chsp-hospital-linkage-2023.xlsx
030105,CHSP00000369,Banner Heart Hospital,Mesa,AZ,HSI00000073,Banner Health,0,1,nonprofit,108,0,https://www.ahrq.gov/sites/default/files/wysiwyg/chsp/compendium/chsp-hospital-linkage-2023.xlsx
030130,CHSP00000370,Banner Ironwood Medical Center,San Tan Valley,AZ,HSI00000073,Banner Health,1,1,nonprofit,89,0,https://www.ahrq.gov/sites/default/files/wysiwyg/chsp/compendium/chsp-hospital-linkage-2023.xlsx
030147,CHSP00008576,Banner Ocotillo Medical Center,Chandler,AZ,HSI00000073,Banner Health,1,1,nonprofit,94,0,https://www.ahrq.gov/sites/default/files/wysiwyg/chsp/compendium/chsp-hospital-linkage-2023.xlsx
031318,CHSP00000372,Banner Payson Medical Center,Payson,AZ,HSI00000073,Banner Health,1,1,nonprofit,25,0,https://www.ahrq.gov/sites/default/files/wysiwyg/chsp/compendium/chsp-hospital-linkage-2023.xlsx
030089,CHSP00000373,Banner Thunderbird Medical Center,Glendale,AZ,HSI00000073,Banner Health,1,1,nonprofit,539,1,https://www.ahrq.gov/sites/default/files/wysiwyg/chsp/compendium/chsp-hospital-linkage-2023.xlsx
030111,CHSP00000355,Banner University Med Center South,Tucson,AZ,HSI00000073,Banner Health,1,1,nonprofit,147,1,https://www.ahrq.gov/sites/default/files/wysiwyg/chsp/compendium/chsp-hospital-linkage-2023.xlsx
030064,CHSP00000356,Banner University Med Center Tucson,Tucson,AZ,HSI00000073,Banner Health,1,1,nonprofit,559,1,https://www.ahrq.gov/sites/default/files/wysiwyg/chsp/compendium/chsp-hospital-linkage-2023.xlsx
030002,CHSP00000354,Banner University Medical Center Phx,Phoenix,AZ,HSI00000073,Banner Health,1,1,nonprofit,656,1,https://www.ahrq.gov/sites/default/files/wysiwyg/chsp/compendium/chsp-hospital-linkage-2023.xlsx
033042,CHSP00008404,Bhsm Rehabilitation,Phoenix,AZ,HSI00000073,Banner Health,0,5,for-profit,168,0,https://www.ahrq.gov/sites/default/files/wysiwyg/chsp/compendium/chsp-hospital-linkage-2023.xlsx
031304,CHSP00004913,Page Hospital,Page,AZ,HSI00000073,Banner Health,1,1,nonprofit,25,0,https://www.ahrq.gov/sites/default/files/wysiwyg/chsp/compendium/chsp-hospital-linkage-2023.xlsx
051320,CHSP00000371,Banner Lassen Medical Center,Susanville,CA,HSI00000073,Banner Health,1,1,nonprofit,25,0,https://www.ahrq.gov/sites/default/files/wysiwyg/chsp/compendium/chsp-hospital-linkage-2023.xlsx
060126,CHSP00000366,Banner Fort Collins Medical Center,Fort Collins,CO,HSI00000073,Banner Health,1,1,nonprofit,29,0,https://www.ahrq.gov/sites/default/files/wysiwyg/chsp/compendium/chsp-hospital-linkage-2023.xlsx
061303,CHSP00001758,East Morgan County Hospital,Brush,CO,HSI00000073,Banner Health,1,1,nonprofit,25,0,https://www.ahrq.gov/sites/default/files/wysiwyg/chsp/compendium/chsp-hospital-linkage-2023.xlsx
060030,CHSP00003812,Mckee Medical Center,Loveland,CO,HSI00000073,Banner Health,1,1,nonprofit,101,0,https://www.ahrq.gov/sites/default/files/wysiwyg/chsp/compendium/chsp-hospital-linkage-2023.xlsx
061305,CHSP00003893,Melissa Memorial Hospital,Holyoke,CO,HSI00000073,Banner Health,1,3,public/government,15,0,https://www.ahrq.gov/sites/default/files/wysiwyg/chsp/compendium/chsp-hospital-linkage-2023.xlsx
060001,CHSP00004549,North Colorado Medical Center,Greeley,CO,HSI00000073,Banner Health,1,1,nonprofit,182,1,https://www.ahrq.gov/sites/default/files/wysiwyg/chsp/compendium/chsp-hospital-linkage-2023.xlsx
060076,CHSP00006654,Sterling Regional Medcenter,Sterling,CO,HSI00000073,Banner Health,1,1,nonprofit,25,0,https://www.ahrq.gov/sites/default/files/wysiwyg/chsp/compendium/chsp-hospital-linkage-2023.xlsx
281355,CHSP00004781,Ogallala Community Hospital,Ogallala,NE,HSI00000073,Banner Health,1,1,nonprofit,18,0,https://www.ahrq.gov/sites/default/files/wysiwyg/chsp/compendium/chsp-hospital-linkage-2023.xlsx
291313,CHSP00000362,Banner Churchill Community Hospital,Fallon,NV,HSI00000073,Banner Health,1,1,nonprofit,25,0,https://www.ahrq.gov/sites/default/files/wysiwyg/chsp/compendium/chsp-hospital-linkage-2023.xlsx
531307,CHSP00001366,Community Hospital,Torrington,WY,HSI00000073,Banner Health,1,1,nonprofit,25,0,https://www.ahrq.gov/sites/default/files/wysiwyg/chsp/compendium/chsp-hospital-linkage-2023.xlsx
531305,CHSP00005156,Platte County Memorial Hospital,Wheatland,WY,HSI00000073,Banner Health,1,1,nonprofit,25,0,https://www.ahrq.gov/sites/default/files/wysiwyg/chsp/compendium/chsp-hospital-linkage-2023.xlsx
531306,CHSP00007560,Washakie Medical Center,Worland,WY,HSI00000073,Banner Health,1,1,nonprofit,18,0,https://www.ahrq.gov/sites/default/files/wysiwyg/chsp/compendium/chsp-hospital-linkage-2023.xlsx
530012,CHSP00007830,Wyoming Medical Center,Casper,WY,HSI00000073,Banner Health,1,1,nonprofit,249,0,https://www.ahrq.gov/sites/default/files/wysiwyg/chsp/compendium/chsp-hospital-linkage-2023.xlsx
530033,CHSP00004359,Wyoming Medical Center East Campus,Casper,WY,HSI00000073,Banner Health,0,,,,,https://www.ahrq.gov/sites/default/files/wysiwyg/chsp/compendium/chsp-hospital-linkage-2023.xlsx
047326,CHSP00007883,Baptist Health Arkadelphia,Arkadelphia,AR,HSI00000074,Baptist Health,1,,,,,https://www.ahrq.gov/sites/default/files/wysiwyg/chsp/compendium/chsp-hospital-linkage-2023.xlsx
042012,CHSP00000383,Baptist Health Extended Care,Little Rock,AR,HSI00000074,Baptist Health,0,1,nonprofit,36,0,https://www.ahrq.gov/sites/default/files/wysiwyg/chsp/compendium/chsp-hospital-linkage-2023.xlsx
041321,CHSP00000390,Baptist Health Med Ctr Arkadelphia,Arkadelphia,AR,HSI00000074,Baptist Health,1,1,nonprofit,25,0,https://www.ahrq.gov/sites/default/files/wysiwyg/chsp/compendium/chsp-hospital-linkage-2023.xlsx
040055,CHSP00006327,Baptist Health Medical Center - Fs,Fort Smith,AR,HSI00000074,Baptist Health,1,1,nonprofit,314,0,https://www.ahrq.gov/sites/default/files/wysiwyg/chsp/compendium/chsp-hospital-linkage-2023.xlsx
040076,CHSP00000392,Baptist Health Medical Center - Hsc,Malvern,AR,HSI00000074,Baptist Health,1,1,nonprofit,71,1,https://www.ahrq.gov/sites/default/files/wysiwyg/chsp/compendium/chsp-hospital-linkage-2023.xlsx
040114,CHSP00000393,Baptist Health Medical Center - Lr,Little Rock,AR,HSI00000074,Baptist Health,1,1,nonprofit,658,0,https://www.ahrq.gov/sites/default/files/wysiwyg/chsp/compendium/chsp-hospital-linkage-2023.xlsx
040018,CHSP00006326,Baptist Health Medical Center - Vb,Van Buren,AR,HSI00000074,Baptist Health,1,1,nonprofit,74,1,https://www.ahrq.gov/sites/default/files/wysiwyg/chsp/compendium/chsp-hospital-linkage-2023.xlsx
040036,CHSP00000388,Baptist Health Medical Center- Nlr,North Little Rock,AR,HSI00000074,Baptist Health,1,1,nonprofit,190,0,https://www.ahrq.gov/sites/default/files/wysiwyg/chsp/compendium/chsp-hospital-linkage-2023.xlsx
043026,CHSP00000396,Baptist Health Rehabilitation Instit,Little Rock,AR,HSI00000074,Baptist Health,0,1,nonprofit,120,0,https://www.ahrq.gov/sites/default/files/wysiwyg/chsp/compendium/chsp-hospital-linkage-2023.xlsx
040072,CHSP00000394,Bhmc- Stuttgart,Stuttgart,AR,HSI00000074,Baptist Health,1,1,nonprofit,49,0,https://www.ahrq.gov/sites/default/files/wysiwyg/chsp/compendium/chsp-hospital-linkage-2023.xlsx
040154,CHSP00007897,Bhmc-Conway,Conway,AR,HSI00000074,Baptist Health,1,1,nonprofit,106,0,https://www.ahrq.gov/sites/default/files/wysiwyg/chsp/compendium/chsp-hospital-linkage-2023.xlsx
041312,CHSP00000391,Bhmc-Heber Springs,Heber Springs,AR,HSI00000074,Baptist Health,1,1,nonprofit,25,0,https://www.ahrq.gov/sites/default/files/wysiwyg/chsp/compendium/chsp-hospital-linkage-2023.xlsx
100088,CHSP00000410,Baptist Medical Center,Jacksonville,FL,HSI00000075,Baptist Health,1,1,nonprofit,981,0,https://www.ahrq.gov/sites/default/files/wysiwyg/chsp/compendium/chsp-hospital-linkage-2023.xlsx
100117,CHSP00000408,Baptist Medical Center-Beaches,Jacksonville Beach,FL,HSI00000075,Baptist Health,1,1,nonprofit,135,0,https://www.ahrq.gov/sites/default/files/wysiwyg/chsp/compendium/chsp-hospital-linkage-2023.xlsx
100140,CHSP00000412,Baptist Medical Ctr-Nassau,Fernandina Beach,FL,HSI00000075,Baptist Health,1,1,nonprofit,54,0,https://www.ahrq.gov/sites/default/files/wysiwyg/chsp/compendium/chsp-hospital-linkage-2023.xlsx
100093,CHSP00000400,Baptist Hospital,Pensacola,FL,HSI00000076,Baptist Health Care,1,1,nonprofit,278,0,https://www.ahrq.gov/sites/default/files/wysiwyg/chsp/compendium/chsp-hospital-linkage-2023.xlsx
100266,CHSP00002345,Gulf Breeze Hospital,Gulf Breeze,FL,HSI00000076,Baptist Health Care,1,1,nonprofit,65,0,https://www.ahrq.gov/sites/default/files/wysiwyg/chsp/compendium/chsp-hospital-linkage-2023.xlsx
100048,CHSP00002971,Jay Hospital,Jay,FL,HSI00000076,Baptist Health Care,1,1,nonprofit,19,0,https://www.ahrq.gov/sites/default/files/wysiwyg/chsp/compendium/chsp-hospital-linkage-2023.xlsx
100008,CHSP00000403,Baptist Hospital,Miami,FL,HSI00000077,Baptist Health South Florida,1,1,nonprofit,672,0,https://www.ahrq.gov/sites/default/files/wysiwyg/chsp/compendium/chsp-hospital-linkage-2023.xlsx
100002,CHSP00000605,Bethesda Hospital,Boynton Beach,FL,HSI00000077,Baptist Health South Florida,1,1,nonprofit,363,0,https://www.ahrq.gov/sites/default/files/wysiwyg/chsp/compendium/chsp-hospital-linkage-2023.xlsx
100168,CHSP00000648,Boca Raton Regional Hospital,Boca Raton,FL,HSI00000077,Baptist Health South Florida,1,1,nonprofit,361,0,https://www.ahrq.gov/sites/default/files/wysiwyg/chsp/compendium/chsp-hospital-linkage-2023.xlsx
100296,CHSP00001695,Doctors Hospital,Coral Gables,FL,HSI00000077,Baptist Health South Florida,1,1,nonprofit,126,0,https://www.ahrq.gov/sites/default/files/wysiwyg/chsp/compendium/chsp-hospital-linkage-2023.xlsx
101312,CHSP00002000,Fishermens Hospital,Marathon,FL,HSI00000077,Baptist Health South Florida,1,1,nonprofit,8,0,https://www.ahrq.gov/sites/default/files/wysiwyg/chsp/compendium/chsp-hospital-linkage-2023.xlsx
100125,CHSP00002730,Homestead Hospital,Homestead,FL,HSI00000077,Baptist Health South Florida,1,1,nonprofit,159,1,https://www.ahrq.gov/sites/default/files/wysiwyg/chsp/compendium/chsp-hospital-linkage-2023.xlsx
101313,CHSP00003712,Mariners Hospital,Tavernier,FL,HSI00000077,Baptist Health South Florida,1,1,nonprofit,16,0,https://www.ahrq.gov/sites/default/files/wysiwyg/chsp/compendium/chsp-hospital-linkage-2023.xlsx
100154,CHSP00006223,South Miami Hospital,Miami,FL,HSI00000077,Baptist Health South Florida,1,1,nonprofit,373,1,https://www.ahrq.gov/sites/default/files/wysiwyg/chsp/compendium/chsp-hospital-linkage-2023.xlsx
100314,CHSP00007658,West Kendall Baptist Hospital,Miami,FL,HSI00000077,Baptist Health South Florida,1,1,nonprofit,168,1,https://www.ahrq.gov/sites/default/files/wysiwyg/chsp/compendium/chsp-hospital-linkage-2023.xlsx
150044,CHSP00002043,Baptist Health Floyd,New Albany,IN,HSI00000080,Baptist Healthcare System,1,1,nonprofit,237,0,https://www.ahrq.gov/sites/default/files/wysiwyg/chsp/compendium/chsp-hospital-linkage-2023.xlsx
180080,CHSP00000381,Baptist Health Corbin,Corbin,KY,HSI00000080,Baptist Healthcare System,1,1,nonprofit,197,1,https://www.ahrq.gov/sites/default/files/wysiwyg/chsp/compendium/chsp-hospital-linkage-2023.xlsx
180012,CHSP00002512,Baptist Health Hardin,Elizabethtown,KY,HSI00000080,Baptist Healthcare System,1,1,nonprofit,259,0,https://www.ahrq.gov/sites/default/files/wysiwyg/chsp/compendium/chsp-hospital-linkage-2023.xlsx
180138,CHSP00000384,Baptist Health Lagrange,La Grange,KY,HSI00000080,Baptist Healthcare System,1,1,nonprofit,42,0,https://www.ahrq.gov/sites/default/files/wysiwyg/chsp/compendium/chsp-hospital-linkage-2023.xlsx
180103,CHSP00000385,Baptist Health Lexington,Lexington,KY,HSI00000080,Baptist Healthcare System,1,1,nonprofit,434,0,https://www.ahrq.gov/sites/default/files/wysiwyg/chsp/compendium/chsp-hospital-linkage-2023.xlsx
180130,CHSP00000386,Baptist Health Louisville,Louisville,KY,HSI00000080,Baptist Healthcare System,1,1,nonprofit,454,0,https://www.ahrq.gov/sites/default/files/wysiwyg/chsp/compendium/chsp-hospital-linkage-2023.xlsx
180093,CHSP00000387,Baptist Health Madisonville,Madisonville,KY,HSI00000080,Baptist Healthcare System,1,1,nonprofit,154,0,https://www.ahrq.gov/sites/default/files/wysiwyg/chsp/compendium/chsp-hospital-linkage-2023.xlsx
180104,CHSP00000395,Baptist Health Paducah,Paducah,KY,HSI00000080,Baptist Healthcare System,1,1,nonprofit,190,0,https://www.ahrq.gov/sites/default/files/wysiwyg/chsp/compendium/chsp-hospital-linkage-2023.xlsx
180049,CHSP00000397,Baptist Health Richmond,Richmond,KY,HSI00000080,Baptist Healthcare System,1,1,nonprofit,53,1,https://www.ahrq.gov/sites/default/files/wysiwyg/chsp/compendium/chsp-hospital-linkage-2023.xlsx
181327,CHSP00003722,Marshall County Hospital,Benton,KY,HSI00000080,Baptist Healthcare System,1,3,public/government,25,0,https://www.ahrq.gov/sites/default/files/wysiwyg/chsp/compendium/chsp-hospital-linkage-2023.xlsx
040156,CHSP00008405,Bmh-Crittenden,West Memphis,AR,HSI00000081,Baptist Memorial Health Care Corporation,1,1,nonprofit,11,0,https://www.ahrq.gov/sites/default/files/wysiwyg/chsp/compendium/chsp-hospital-linkage-2023.xlsx
040118,CHSP00004394,Nea Baptist Memorial Hospital,Jonesboro,AR,HSI00000081,Baptist Memorial Health Care Corporation,1,2,church-operated,180,0,https://www.ahrq.gov/sites/default/files/wysiwyg/chsp/compendium/chsp-hospital-linkage-2023.xlsx
251336,CHSP00000407,Baptist Medical Center - Attala,Kosciusko,MS,HSI00000081,Baptist Memorial Health Care Corporation,1,2,church-operated,25,0,https://www.ahrq.gov/sites/default/files/wysiwyg/chsp/compendium/chsp-hospital-linkage-2023.xlsx
251315,CHSP00000411,Baptist Medical Center - Leake  Inc.,Carthage,MS,HSI00000081,Baptist Memorial Health Care Corporation,1,2,church-operated,25,0,https://www.ahrq.gov/sites/default/files/wysiwyg/chsp/compendium/chsp-hospital-linkage-2023.xlsx
251313,CHSP00000415,Baptist Medical Center - Yazoo,Yazoo City,MS,HSI00000081,Baptist Memorial Health Care Corporation,1,2,church-operated,25,0,https://www.ahrq.gov/sites/default/files/wysiwyg/chsp/compendium/chsp-hospital-linkage-2023.xlsx
250044,CHSP00000418,Baptist Mem Hospital Booneville,Booneville,MS,HSI00000081,Baptist Memorial Health Care Corporation,1,2,church-operated,21,0,https://www.ahrq.gov/sites/default/files/wysiwyg/chsp/compendium/chsp-hospital-linkage-2023.xlsx
250141,CHSP00000420,Baptist Mem Hospital Desoto,Southaven,MS,HSI00000081,Baptist Memorial Health Care Corporation,1,2,church-operated,298,0,https://www.ahrq.gov/sites/default/files/wysiwyg/chsp/compendium/chsp-hospital-linkage-2023.xlsx
250100,CHSP00000421,Baptist Mem Hospital Golden Triangle,Columbus,MS,HSI00000081,Baptist Memorial Health Care Corporation,1,2,church-operated,146,0,https://www.ahrq.gov/sites/default/files/wysiwyg/chsp/compendium/chsp-hospital-linkage-2023.xlsx
250034,CHSP00000423,Baptist Mem Hospital North Miss,Oxford,MS,HSI00000081,Baptist Memorial Health Care Corporation,1,2,church-operated,190,0,https://www.ahrq.gov/sites/default/files/wysiwyg/chsp/compendium/chsp-hospital-linkage-2023.xlsx
250006,CHSP00000426,Baptist Mem Hospital Union County,New Albany,MS,HSI00000081,Baptist Memorial Health Care Corporation,1,2,church-operated,83,0,https://www.ahrq.gov/sites/default/files/wysiwyg/chsp/compendium/chsp-hospital-linkage-2023.xlsx
251331,CHSP00000866,Bmh - Calhoun,Calhoun City,MS,HSI00000081,Baptist Memorial Health Care Corporation,1,2,church-operated,25,0,https://www.ahrq.gov/sites/default/files/wysiwyg/chsp/compendium/chsp-hospital-linkage-2023.xlsx
250102,CHSP00004247,Ms Baptist Medical Center,Jackson,MS,HSI00000081,Baptist Memorial Health Care Corporation,1,2,church-operated,388,0,https://www.ahrq.gov/sites/default/files/wysiwyg/chsp/compendium/chsp-hospital-linkage-2023.xlsx
250027,CHSP00007782,Winston Medical Center,Louisville,MS,HSI00000081,Baptist Memorial Health Care Corporation,1,1,nonprofit,14,0,https://www.ahrq.gov/sites/default/files/wysiwyg/chsp/compendium/chsp-hospital-linkage-2023.xlsx
440016,CHSP00000422,Baptist Mem Hospital Huntingdon,Huntingdon,TN,HSI00000081,Baptist Memorial Health Care Corporation,1,2,church-operated,46,0,https://www.ahrq.gov/sites/default/files/wysiwyg/chsp/compendium/chsp-hospital-linkage-2023.xlsx
440048,CHSP00000416,Baptist Mem Hospital Memphis,Memphis,TN,HSI00000081,Baptist Memorial Health Care Corporation,1,2,church-operated,800,0,https://www.ahrq.gov/sites/default/files/wysiwyg/chsp/compendium/chsp-hospital-linkage-2023.xlsx
440131,CHSP00000424,Baptist Mem Hospital Tipton County,Covington,TN,HSI00000081,Baptist Memorial Health Care Corporation,1,2,church-operated,48,0,https://www.ahrq.gov/sites/default/files/wysiwyg/chsp/compendium/chsp-hospital-linkage-2023.xlsx
440130,CHSP00000425,Baptist Mem Hospital Union City,Union City,TN,HSI00000081,Baptist Memorial Health Care Corporation,1,2,church-operated,43,0,https://www.ahrq.gov/sites/default/files/wysiwyg/chsp/compendium/chsp-hospital-linkage-2023.xlsx
442010,CHSP00000428,Baptist Mem Restorative Care Hosp.,Memphis,TN,HSI00000081,Baptist Memorial Health Care Corporation,0,2,church-operated,30,0,https://www.ahrq.gov/sites/default/files/wysiwyg/chsp/compendium/chsp-hospital-linkage-2023.xlsx
440222,CHSP00000417,Baptist Memorial Hospital For Women,Memphis,TN,HSI00000081,Baptist Memorial Health Care Corporation,1,,,,,https://www.ahrq.gov/sites/default/files/wysiwyg/chsp/compendium/chsp-hospital-linkage-2023.xlsx
440217,CHSP00000419,Baptist Memorial Hospital-Collierville,Collierville,TN,HSI00000081,Baptist Memorial Health Care Corporation,1,,,,,https://www.ahrq.gov/sites/default/files/wysiwyg/chsp/compendium/chsp-hospital-linkage-2023.xlsx
443034,CHSP00000427,Baptist Memorial Rehabilitation Hosp,Germantown,TN,HSI00000081,Baptist Memorial Health Care Corporation,0,5,for-profit,53,0,https://www.ahrq.gov/sites/default/files/wysiwyg/chsp/compendium/chsp-hospital-linkage-2023.xlsx
050352,CHSP00000447,Barton Memorial Hospital,South Lake Tahoe,CA,HSI00000086,Barton Health,1,1,nonprofit,63,0,https://www.ahrq.gov/sites/default/files/wysiwyg/chsp/compendium/chsp-hospital-linkage-2023.xlsx
291306,CHSP00001000,Carson Valley Medical Center,Gardnerville,NV,HSI00000086,Barton Health,1,1,nonprofit,23,0,https://www.ahrq.gov/sites/default/files/wysiwyg/chsp/compendium/chsp-hospital-linkage-2023.xlsx
330085,CHSP00000287,Aurelia Osborn Fox Memorial Hospital,Oneonta,NY,HSI00000087,Bassett Healthcare Network,1,5,for-profit,53,0,https://www.ahrq.gov/sites/default/files/wysiwyg/chsp/compendium/chsp-hospital-linkage-2023.xlsx
331320,CHSP00001292,Bassett Hospital Of Schoharie County,Cobleskill,NY,HSI00000087,Bassett Healthcare Network,1,1,nonprofit,25,0,https://www.ahrq.gov/sites/default/files/wysiwyg/chsp/compendium/chsp-hospital-linkage-2023.xlsx
331311,CHSP00003548,Little Falls Hospital,Little Falls,NY,HSI00000087,Bassett Healthcare Network,1,1,nonprofit,25,0,https://www.ahrq.gov/sites/default/files/wysiwyg/chsp/compendium/chsp-hospital-linkage-2023.xlsx
330136,CHSP00000452,Mary Imogene Bassett Hospital,Cooperstown,NY,HSI00000087,Bassett Healthcare Network,1,1,nonprofit,160,0,https://www.ahrq.gov/sites/default/files/wysiwyg/chsp/compendium/chsp-hospital-linkage-2023.xlsx
331305,CHSP00004712,Oconnor Hospital,Delhi,NY,HSI00000087,Bassett Healthcare Network,1,1,nonprofit,16,0,https://www.ahrq.gov/sites/default/files/wysiwyg/chsp/compendium/chsp-hospital-linkage-2023.xlsx
190065,CHSP00000458,Baton Rouge General,Baton Rouge,LA,HSI00000089,Baton Rouge General Health System,1,1,nonprofit,256,0,https://www.ahrq.gov/sites/default/files/wysiwyg/chsp/compendium/chsp-hospital-linkage-2023.xlsx
190316,CHSP00008532,The General,Baton Rouge,LA,HSI00000089,Baton Rouge General Health System,1,1,nonprofit,169,1,https://www.ahrq.gov/sites/default/files/wysiwyg/chsp/compendium/chsp-hospital-linkage-2023.xlsx
040027,CHSP00000464,Baxter Regional Medical Center,Mountain Home,AR,HSI00000090,Baxter Regional Medical Center,1,1,nonprofit,169,0,https://www.ahrq.gov/sites/default/files/wysiwyg/chsp/compendium/chsp-hospital-linkage-2023.xlsx
080004,CHSP00000478,Bayhealth Hospital  Kent Campus,Dover,DE,HSI00000094,Bayhealth,1,1,nonprofit,279,0,https://www.ahrq.gov/sites/default/files/wysiwyg/chsp/compendium/chsp-hospital-linkage-2023.xlsx
080009,CHSP00000479,Bayhealth Hospital  Sussex Campus,Milford,DE,HSI00000094,Bayhealth,1,1,nonprofit,117,0,https://www.ahrq.gov/sites/default/files/wysiwyg/chsp/compendium/chsp-hospital-linkage-2023.xlsx
450851,CHSP00000487,Baylor Heart And Vascular Hospital,Dallas,TX,HSI00000096,Baylor Scott and White Health,1,5,for-profit,53,0,https://www.ahrq.gov/sites/default/files/wysiwyg/chsp/compendium/chsp-hospital-linkage-2023.xlsx
453036,CHSP00000483,Baylor Institute For Rehabilitation,Dallas,TX,HSI00000096,Baylor Scott and White Health,0,5,for-profit,92,0,https://www.ahrq.gov/sites/default/files/wysiwyg/chsp/compendium/chsp-hospital-linkage-2023.xlsx
673046,CHSP00000486,Baylor Institute For Rehabilitation,Frisco,TX,HSI00000096,Baylor Scott and White Health,0,5,for-profit,44,0,https://www.ahrq.gov/sites/default/files/wysiwyg/chsp/compendium/chsp-hospital-linkage-2023.xlsx
450563,CHSP00000496,Baylor Medical Center-Grapevine,Grapevine,TX,HSI00000096,Baylor Scott and White Health,1,2,church-operated,248,0,https://www.ahrq.gov/sites/default/files/wysiwyg/chsp/compendium/chsp-hospital-linkage-2023.xlsx
450137,CHSP00000480,Baylor S&w All Saints Medical Center,Fort Worth,TX,HSI00000096,Baylor Scott and White Health,1,1,nonprofit,451,0,https://www.ahrq.gov/sites/default/files/wysiwyg/chsp/compendium/chsp-hospital-linkage-2023.xlsx
450079,CHSP00000490,Baylor S&w Medical Center - Irving,Irving,TX,HSI00000096,Baylor Scott and White Health,1,1,nonprofit,205,0,https://www.ahrq.gov/sites/default/files/wysiwyg/chsp/compendium/chsp-hospital-linkage-2023.xlsx
670082,CHSP00000491,Baylor S&w Medical Center - Mckinney,Mckinney,TX,HSI00000096,Baylor Scott and White Health,1,1,nonprofit,189,0,https://www.ahrq.gov/sites/default/files/wysiwyg/chsp/compendium/chsp-hospital-linkage-2023.xlsx
450890,CHSP00000497,Baylor S&w Medical Center - Plano,Plano,TX,HSI00000096,Baylor Scott and White Health,1,2,church-operated,152,0,https://www.ahrq.gov/sites/default/files/wysiwyg/chsp/compendium/chsp-hospital-linkage-2023.xlsx
670131,CHSP00008408,Baylor Scott & White - Buda,Buda,TX,HSI00000096,Baylor Scott and White Health,1,1,nonprofit,15,0,https://www.ahrq.gov/sites/default/files/wysiwyg/chsp/compendium/chsp-hospital-linkage-2023.xlsx
670108,CHSP00005917,Baylor Scott & White - Marble Falls,Marble Falls,TX,HSI00000096,Baylor Scott and White Health,1,2,church-operated,46,0,https://www.ahrq.gov/sites/default/files/wysiwyg/chsp/compendium/chsp-hospital-linkage-2023.xlsx
452105,CHSP00005925,Baylor Scott & White Continuing Care,Temple,TX,HSI00000096,Baylor Scott and White Health,0,1,nonprofit,25,0,https://www.ahrq.gov/sites/default/files/wysiwyg/chsp/compendium/chsp-hospital-linkage-2023.xlsx
670097,CHSP00007900,Baylor Scott & White Emergency Hospital - Rockwall,Rockwall,TX,HSI00000096,Baylor Scott and White Health,1,,,,,https://www.ahrq.gov/sites/default/files/wysiwyg/chsp/compendium/chsp-hospital-linkage-2023.xlsx
450742,CHSP00003367,Baylor Scott & White Mc- Lake Pointe,Rowlett,TX,HSI00000096,Baylor Scott and White Health,1,2,church-operated,176,0,https://www.ahrq.gov/sites/default/files/wysiwyg/chsp/compendium/chsp-hospital-linkage-2023.xlsx
670128,CHSP00008409,Baylor Scott & White Pflugerville,Pflugerville,TX,HSI00000096,Baylor Scott and White Health,1,1,nonprofit,25,0,https://www.ahrq.gov/sites/default/files/wysiwyg/chsp/compendium/chsp-hospital-linkage-2023.xlsx
451397,CHSP00009022,Baylor Scott & White Wmc - Brenham,Brenham,TX,HSI00000096,Baylor Scott and White Health,1,1,nonprofit,25,0,https://www.ahrq.gov/sites/default/files/wysiwyg/chsp/compendium/chsp-hospital-linkage-2023.xlsx
450187,CHSP00005914,Baylor Scott And White Medical Center Brenham,Brenham,TX,HSI00000096,Baylor Scott and White Health,1,,,,,https://www.ahrq.gov/sites/default/files/wysiwyg/chsp/compendium/chsp-hospital-linkage-2023.xlsx
670079,CHSP00003392,Baylor Scott And White Medical Center Lakeway,Lakeway,TX,HSI00000096,Baylor Scott and White Health,1,,,,,https://www.ahrq.gov/sites/default/files/wysiwyg/chsp/compendium/chsp-hospital-linkage-2023.xlsx
450372,CHSP00000503,Baylor Sw Medical Center- Waxahachie,Waxahachie,TX,HSI00000096,Baylor Scott and White Health,1,2,church-operated,123,0,https://www.ahrq.gov/sites/default/files/wysiwyg/chsp/compendium/chsp-hospital-linkage-2023.xlsx
450021,CHSP00000510,Baylor University Medical Ctr,Dallas,TX,HSI00000096,Baylor Scott and White Health,1,2,church-operated,800,0,https://www.ahrq.gov/sites/default/files/wysiwyg/chsp/compendium/chsp-hospital-linkage-2023.xlsx
673058,CHSP00007484,Bsw Lakeway,Lakeway,TX,HSI00000096,Baylor Scott and White Health,0,5,for-profit,36,0,https://www.ahrq.gov/sites/default/files/wysiwyg/chsp/compendium/chsp-hospital-linkage-2023.xlsx
670136,CHSP00008407,Bsw Medical Center - Austin,Austin,TX,HSI00000096,Baylor Scott and White Health,1,1,nonprofit,25,0,https://www.ahrq.gov/sites/default/files/wysiwyg/chsp/compendium/chsp-hospital-linkage-2023.xlsx
450885,CHSP00001041,Centennial Medical Center,Frisco,TX,HSI00000096,Baylor Scott and White Health,1,1,nonprofit,118,0,https://www.ahrq.gov/sites/default/files/wysiwyg/chsp/compendium/chsp-hospital-linkage-2023.xlsx
670088,CHSP00005915,College Station Hospital,College Station,TX,HSI00000096,Baylor Scott and White Health,1,1,nonprofit,135,0,https://www.ahrq.gov/sites/default/files/wysiwyg/chsp/compendium/chsp-hospital-linkage-2023.xlsx
670076,CHSP00002653,Heritage Park Surgical Hospital,Sherman,TX,HSI00000096,Baylor Scott and White Health,1,5,for-profit,12,0,https://www.ahrq.gov/sites/default/files/wysiwyg/chsp/compendium/chsp-hospital-linkage-2023.xlsx
450101,CHSP00000500,Hillcrest Baptist Medical Center,Waco,TX,HSI00000096,Baylor Scott and White Health,1,2,church-operated,236,0,https://www.ahrq.gov/sites/default/files/wysiwyg/chsp/compendium/chsp-hospital-linkage-2023.xlsx
450008,CHSP00003817,Mclane Childrens Hospital Scott And White,Temple,TX,HSI00000096,Baylor Scott and White Health,1,,,,,https://www.ahrq.gov/sites/default/files/wysiwyg/chsp/compendium/chsp-hospital-linkage-2023.xlsx
670034,CHSP00005919,Round Rock Hospital,Round Rock,TX,HSI00000096,Baylor Scott and White Health,1,1,nonprofit,165,0,https://www.ahrq.gov/sites/default/files/wysiwyg/chsp/compendium/chsp-hospital-linkage-2023.xlsx
451374,CHSP00005918,Scott And White Hospital Taylor,Taylor,TX,HSI00000096,Baylor Scott and White Health,1,1,nonprofit,25,0,https://www.ahrq.gov/sites/default/files/wysiwyg/chsp/compendium/chsp-hospital-linkage-2023.xlsx
450054,CHSP00005920,Scott And White Memorial Hospital,Temple,TX,HSI00000096,Baylor Scott and White Health,1,1,nonprofit,616,0,https://www.ahrq.gov/sites/default/files/wysiwyg/chsp/compendium/chsp-hospital-linkage-2023.xlsx
450893,CHSP00006914,The Heart Hospital Baylor Denton,Denton,TX,HSI00000096,Baylor Scott and White Health,0,5,for-profit,22,0,https://www.ahrq.gov/sites/default/files/wysiwyg/chsp/compendium/chsp-hospital-linkage-2023.xlsx
670025,CHSP00006915,The Heart Hospital Baylor Plano,Plano,TX,HSI00000096,Baylor Scott and White Health,0,5,for-profit,109,0,https://www.ahrq.gov/sites/default/files/wysiwyg/chsp/compendium/chsp-hospital-linkage-2023.xlsx
220016,CHSP00000517,Baystate Franklin Medical Center,Greenfield,MA,HSI00000097,Baystate Health,1,1,nonprofit,89,0,https://www.ahrq.gov/sites/default/files/wysiwyg/chsp/compendium/chsp-hospital-linkage-2023.xlsx
220077,CHSP00000520,Baystate Medical Center,Springfield,MA,HSI00000097,Baystate Health,1,1,nonprofit,740,0,https://www.ahrq.gov/sites/default/files/wysiwyg/chsp/compendium/chsp-hospital-linkage-2023.xlsx
220065,CHSP00000521,Baystate Noble Hospital,Westfield,MA,HSI00000097,Baystate Health,1,1,nonprofit,70,0,https://www.ahrq.gov/sites/default/files/wysiwyg/chsp/compendium/chsp-hospital-linkage-2023.xlsx
220030,CHSP00000522,Baystate Wing Hospital & Medical Ctr,Palmer,MA,HSI00000097,Baystate Health,1,1,nonprofit,40,0,https://www.ahrq.gov/sites/default/files/wysiwyg/chsp/compendium/chsp-hospital-linkage-2023.xlsx
151300,CHSP00001376,Community Hospital Of Bremen  Inc.,Bremen,IN,HSI00000098,Beacon Health System,1,3,public/government,24,0,https://www.ahrq.gov/sites/default/files/wysiwyg/chsp/compendium/chsp-hospital-linkage-2023.xlsx
150018,CHSP00001832,Elkhart General Hospital,Elkhart,IN,HSI00000098,Beacon Health System,1,1,nonprofit,201,0,https://www.ahrq.gov/sites/default/files/wysiwyg/chsp/compendium/chsp-hospital-linkage-2023.xlsx
150058,CHSP00003947,Memorial Hospital Of South Bend  Inc,South Bend,IN,HSI00000098,Beacon Health System,1,1,nonprofit,429,1,https://www.ahrq.gov/sites/default/files/wysiwyg/chsp/compendium/chsp-hospital-linkage-2023.xlsx
194112,CHSP00007901,Beacon Behavioral Hosp Central,Bunkie,LA,HSI00000098,Beacon Health System,0,5,for-profit,18,0,https://www.ahrq.gov/sites/default/files/wysiwyg/chsp/compendium/chsp-hospital-linkage-2023.xlsx
230015,CHSP00006994,Three Rivers Health,Three Rivers,MI,HSI00000098,Beacon Health System,1,1,nonprofit,48,1,https://www.ahrq.gov/sites/default/files/wysiwyg/chsp/compendium/chsp-hospital-linkage-2023.xlsx
080007,CHSP00000554,Beebe Medical Center,Lewes,DE,HSI00000103,Beebe Healthcare,1,1,nonprofit,210,0,https://www.ahrq.gov/sites/default/files/wysiwyg/chsp/compendium/chsp-hospital-linkage-2023.xlsx
520049,CHSP00000574,Bellin Memorial Hospital,Green Bay,WI,HSI00000105,Bellin Health Systems,1,1,nonprofit,194,0,https://www.ahrq.gov/sites/default/files/wysiwyg/chsp/compendium/chsp-hospital-linkage-2023.xlsx
524038,CHSP00000575,Bellin Psychiatric Center  Inc.,Green Bay,WI,HSI00000105,Bellin Health Systems,0,1,nonprofit,45,0,https://www.ahrq.gov/sites/default/files/wysiwyg/chsp/compendium/chsp-hospital-linkage-2023.xlsx
521356,CHSP00000573,Oconto Hospital & Medical Center,Oconto,WI,HSI00000105,Bellin Health Systems,1,1,nonprofit,10,0,https://www.ahrq.gov/sites/default/files/wysiwyg/chsp/compendium/chsp-hospital-linkage-2023.xlsx
520100,CHSP00000580,Beloit Memorial Hospital  Inc.,Beloit,WI,HSI00000106,Beloit Health System,1,1,nonprofit,97,0,https://www.ahrq.gov/sites/default/files/wysiwyg/chsp/compendium/chsp-hospital-linkage-2023.xlsx
270012,CHSP00000583,Benefis Hospitals  Inc.,Great Falls,MT,HSI00000107,Benefis Health System,1,1,nonprofit,312,0,https://www.ahrq.gov/sites/default/files/wysiwyg/chsp/compendium/chsp-hospital-linkage-2023.xlsx
271307,CHSP00000585,Benefis Teton Medical Center,Choteau,MT,HSI00000107,Benefis Health System,1,1,nonprofit,25,0,https://www.ahrq.gov/sites/default/files/wysiwyg/chsp/compendium/chsp-hospital-linkage-2023.xlsx
271304,CHSP00004254,Missouri River Medical Center,Fort Benton,MT,HSI00000107,Benefis Health System,1,1,nonprofit,25,0,https://www.ahrq.gov/sites/default/files/wysiwyg/chsp/compendium/chsp-hospital-linkage-2023.xlsx
220046,CHSP00000593,Berkshire Medical Center,Pittsfield,MA,HSI00000109,Berkshire Health Systems,1,1,nonprofit,238,0,https://www.ahrq.gov/sites/default/files/wysiwyg/chsp/compendium/chsp-hospital-linkage-2023.xlsx
221302,CHSP00001939,Fairview Hospital,Great Barrington,MA,HSI00000109,Berkshire Health Systems,1,1,nonprofit,24,0,https://www.ahrq.gov/sites/default/files/wysiwyg/chsp/compendium/chsp-hospital-linkage-2023.xlsx
271326,CHSP00000533,Beartooth Billings Clinic,Red Lodge,MT,HSI00000114,Billings Clinic,1,1,nonprofit,10,0,https://www.ahrq.gov/sites/default/files/wysiwyg/chsp/compendium/chsp-hospital-linkage-2023.xlsx
277066,CHSP00007886,Beartooth Billings Clinic,Red Lodge,MT,HSI00000114,Billings Clinic,1,,,,,https://www.ahrq.gov/sites/default/files/wysiwyg/chsp/compendium/chsp-hospital-linkage-2023.xlsx
270004,CHSP00000620,Billings Clinic,Billings,MT,HSI00000114,Billings Clinic,1,1,nonprofit,334,0,https://www.ahrq.gov/sites/default/files/wysiwyg/chsp/compendium/chsp-hospital-linkage-2023.xlsx
273998,CHSP00007974,Daniels Memorial Healthcare Center,Scobey,MT,HSI00000114,Billings Clinic,1,,,,,https://www.ahrq.gov/sites/default/files/wysiwyg/chsp/compendium/chsp-hospital-linkage-2023.xlsx
271342,CHSP00001596,Daniels Memorial Hospital,Scobey,MT,HSI00000114,Billings Clinic,1,1,nonprofit,25,0,https://www.ahrq.gov/sites/default/files/wysiwyg/chsp/compendium/chsp-hospital-linkage-2023.xlsx
271317,CHSP00003555,Livingston Healthcare,Livingston,MT,HSI00000114,Billings Clinic,1,1,nonprofit,25,0,https://www.ahrq.gov/sites/default/files/wysiwyg/chsp/compendium/chsp-hospital-linkage-2023.xlsx
277060,CHSP00008144,Livingston Healthcare,Livingston,MT,HSI00000114,Billings Clinic,1,,,,,https://www.ahrq.gov/sites/default/files/wysiwyg/chsp/compendium/chsp-hospital-linkage-2023.xlsx
271313,CHSP00005141,Pioneer Medical Center,Big Timber,MT,HSI00000114,Billings Clinic,1,1,nonprofit,25,0,https://www.ahrq.gov/sites/default/files/wysiwyg/chsp/compendium/chsp-hospital-linkage-2023.xlsx
271330,CHSP00006662,Stillwater Billings Clinic,Columbus,MT,HSI00000114,Billings Clinic,1,3,public/government,16,0,https://www.ahrq.gov/sites/default/files/wysiwyg/chsp/compendium/chsp-hospital-linkage-2023.xlsx
277045,CHSP00008296,Stillwater Hospital Association Inc,Columbus,MT,HSI00000114,Billings Clinic,1,,,,,https://www.ahrq.gov/sites/default/files/wysiwyg/chsp/compendium/chsp-hospital-linkage-2023.xlsx
531309,CHSP00004538,North Big Horn Hospital,Lovell,WY,HSI00000114,Billings Clinic,1,3,public/government,14,0,https://www.ahrq.gov/sites/default/files/wysiwyg/chsp/compendium/chsp-hospital-linkage-2023.xlsx
533984,CHSP00008474,North Big Horn Hospital District,Lovell,WY,HSI00000114,Billings Clinic,1,,,,,https://www.ahrq.gov/sites/default/files/wysiwyg/chsp/compendium/chsp-hospital-linkage-2023.xlsx
531310,CHSP00005207,Powell Valley Health Care,Powell,WY,HSI00000114,Billings Clinic,1,1,nonprofit,25,0,https://www.ahrq.gov/sites/default/files/wysiwyg/chsp/compendium/chsp-hospital-linkage-2023.xlsx
360095,CHSP00000629,Blanchard Valley Reg. Health Center,Findlay,OH,HSI00000116,Blanchard Valley Health System,1,1,nonprofit,152,0,https://www.ahrq.gov/sites/default/files/wysiwyg/chsp/compendium/chsp-hospital-linkage-2023.xlsx
361322,CHSP00000644,Bluffton Hospital,Bluffton,OH,HSI00000116,Blanchard Valley Health System,1,1,nonprofit,25,0,https://www.ahrq.gov/sites/default/files/wysiwyg/chsp/compendium/chsp-hospital-linkage-2023.xlsx
141315,CHSP00002852,Bcc Dba Illini Community Hospital,Pittsfield,IL,HSI00000117,Blessing Health System,1,1,nonprofit,25,0,https://www.ahrq.gov/sites/default/files/wysiwyg/chsp/compendium/chsp-hospital-linkage-2023.xlsx
140015,CHSP00000632,Blessing Hospital,Quincy,IL,HSI00000117,Blessing Health System,1,1,nonprofit,309,0,https://www.ahrq.gov/sites/default/files/wysiwyg/chsp/compendium/chsp-hospital-linkage-2023.xlsx
223302,CHSP00000671,Childrens Hospital Corporation,Boston,MA,HSI00000130,Boston Childrens Hospital,1,1,nonprofit,485,0,https://www.ahrq.gov/sites/default/files/wysiwyg/chsp/compendium/chsp-hospital-linkage-2023.xlsx
220031,CHSP00000672,Boston Medical Center,Boston,MA,HSI00000131,Boston Medical Center,1,1,nonprofit,442,1,https://www.ahrq.gov/sites/default/files/wysiwyg/chsp/compendium/chsp-hospital-linkage-2023.xlsx
060027,CHSP00000676,Boulder Community Hospital,Boulder,CO,HSI00000132,Boulder Community Health,1,1,nonprofit,139,0,https://www.ahrq.gov/sites/default/files/wysiwyg/chsp/compendium/chsp-hospital-linkage-2023.xlsx
270057,CHSP00000687,Bozeman Deaconess Health Services,Bozeman,MT,HSI00000135,Bozeman Deaconess Hospital,1,1,nonprofit,139,0,https://www.ahrq.gov/sites/default/files/wysiwyg/chsp/compendium/chsp-hospital-linkage-2023.xlsx
230075,CHSP00000719,Bronson Battle Creek,Battle Creek,MI,HSI00000139,Bronson Healthcare Group,1,1,nonprofit,139,0,https://www.ahrq.gov/sites/default/files/wysiwyg/chsp/compendium/chsp-hospital-linkage-2023.xlsx
234037,CHSP00008739,Bronson Battle Creek Psychiatry And Behavioral Health,Battle Creek,MI,HSI00000139,Bronson Healthcare Group,0,,,,,https://www.ahrq.gov/sites/default/files/wysiwyg/chsp/compendium/chsp-hospital-linkage-2023.xlsx
231332,CHSP00000721,Bronson Lakeview Hospital,Paw Paw,MI,HSI00000139,Bronson Healthcare Group,1,1,nonprofit,16,0,https://www.ahrq.gov/sites/default/files/wysiwyg/chsp/compendium/chsp-hospital-linkage-2023.xlsx
230017,CHSP00000722,Bronson Methodist Hospital,Kalamazoo,MI,HSI00000139,Bronson Healthcare Group,1,1,nonprofit,439,1,https://www.ahrq.gov/sites/default/files/wysiwyg/chsp/compendium/chsp-hospital-linkage-2023.xlsx
230085,CHSP00006219,Bronson South Haven Hospital,South Haven,MI,HSI00000139,Bronson Healthcare Group,1,1,nonprofit,8,0,https://www.ahrq.gov/sites/default/files/wysiwyg/chsp/compendium/chsp-hospital-linkage-2023.xlsx
330009,CHSP00000725,Bronxcare Health System,Bronx,NY,HSI00000140,BronxCare Health System,1,1,nonprofit,454,1,https://www.ahrq.gov/sites/default/files/wysiwyg/chsp/compendium/chsp-hospital-linkage-2023.xlsx
280003,CHSP00000751,Bryan Medical Center,Lincoln,NE,HSI00000143,Bryan Health,1,1,nonprofit,510,0,https://www.ahrq.gov/sites/default/files/wysiwyg/chsp/compendium/chsp-hospital-linkage-2023.xlsx
280135,CHSP00000752,Bryan Medical Center West,Lincoln,NE,HSI00000143,Bryan Health,1,,,,,https://www.ahrq.gov/sites/default/files/wysiwyg/chsp/compendium/chsp-hospital-linkage-2023.xlsx
281354,CHSP00001537,Crete Area Medical Center,Crete,NE,HSI00000143,Bryan Health,1,1,nonprofit,15,0,https://www.ahrq.gov/sites/default/files/wysiwyg/chsp/compendium/chsp-hospital-linkage-2023.xlsx
280139,CHSP00008616,Grand Island Regional Medical Center,Grand Island,NE,HSI00000143,Bryan Health,1,1,nonprofit,60,0,https://www.ahrq.gov/sites/default/files/wysiwyg/chsp/compendium/chsp-hospital-linkage-2023.xlsx
280134,CHSP00003129,Kearney Regional Medical Center,Kearney,NE,HSI00000143,Bryan Health,1,5,for-profit,93,0,https://www.ahrq.gov/sites/default/files/wysiwyg/chsp/compendium/chsp-hospital-linkage-2023.xlsx
281328,CHSP00003553,Merrick Medical Center,Central City,NE,HSI00000143,Bryan Health,1,1,nonprofit,6,0,https://www.ahrq.gov/sites/default/files/wysiwyg/chsp/compendium/chsp-hospital-linkage-2023.xlsx
281307,CHSP00005897,Saunders County Health Services,Wahoo,NE,HSI00000143,Bryan Health,1,3,public/government,16,0,https://www.ahrq.gov/sites/default/files/wysiwyg/chsp/compendium/chsp-hospital-linkage-2023.xlsx
283990,CHSP00008271,Saunders Medical Center,Wahoo,NE,HSI00000143,Bryan Health,1,,,,,https://www.ahrq.gov/sites/default/files/wysiwyg/chsp/compendium/chsp-hospital-linkage-2023.xlsx
390168,CHSP00000774,Butler Memorial Hospital,Butler,PA,HSI00000146,Butler Health System,1,1,nonprofit,273,0,https://www.ahrq.gov/sites/default/files/wysiwyg/chsp/compendium/chsp-hospital-linkage-2023.xlsx
390093,CHSP00001242,Clarion Hospital,Clarion,PA,HSI00000146,Butler Health System,1,1,nonprofit,59,0,https://www.ahrq.gov/sites/default/files/wysiwyg/chsp/compendium/chsp-hospital-linkage-2023.xlsx
510002,CHSP00002313,Camc Greenbrier Valley Medical Center,Ronceverte,WV,HSI00000147,CAMC Health System,1,,,,,https://www.ahrq.gov/sites/default/files/wysiwyg/chsp/compendium/chsp-hospital-linkage-2023.xlsx
510022,CHSP00001106,Charleston Area Medical Center  Inc.,Charleston,WV,HSI00000147,CAMC Health System,1,1,nonprofit,803,0,https://www.ahrq.gov/sites/default/files/wysiwyg/chsp/compendium/chsp-hospital-linkage-2023.xlsx
511307,CHSP00002275,Grafton City Hospital,Grafton,WV,HSI00000147,CAMC Health System,1,3,public/government,25,0,https://www.ahrq.gov/sites/default/files/wysiwyg/chsp/compendium/chsp-hospital-linkage-2023.xlsx
510024,CHSP00004273,Monongalia General Hospital,Morgantown,WV,HSI00000147,CAMC Health System,1,1,nonprofit,160,0,https://www.ahrq.gov/sites/default/files/wysiwyg/chsp/compendium/chsp-hospital-linkage-2023.xlsx
511317,CHSP00005154,Plateau Medical Center,Oak Hill,WV,HSI00000147,CAMC Health System,1,5,for-profit,25,0,https://www.ahrq.gov/sites/default/files/wysiwyg/chsp/compendium/chsp-hospital-linkage-2023.xlsx
511312,CHSP00005240,Preston Memorial Hospital,Kingwood,WV,HSI00000147,CAMC Health System,1,1,nonprofit,25,0,https://www.ahrq.gov/sites/default/files/wysiwyg/chsp/compendium/chsp-hospital-linkage-2023.xlsx
510038,CHSP00006669,Stonewall Jackson Memorial Hospital,Weston,WV,HSI00000147,CAMC Health System,1,1,nonprofit,49,0,https://www.ahrq.gov/sites/default/files/wysiwyg/chsp/compendium/chsp-hospital-linkage-2023.xlsx
510085,CHSP00006806,Teays Valley Health Services Inc,Hurricane,WV,HSI00000147,CAMC Health System,1,,,,,https://www.ahrq.gov/sites/default/files/wysiwyg/chsp/compendium/chsp-hospital-linkage-2023.xlsx
190298,CHSP00001074,Central Louisiana Surgical Hospital,Alexandria,LA,HSI00000152,Christus Health,0,5,for-profit,24,0,https://www.ahrq.gov/sites/default/files/wysiwyg/chsp/compendium/chsp-hospital-linkage-2023.xlsx
191312,CHSP00000828,Christus Coushatta Health Care Ctr,Coushatta,LA,HSI00000152,Christus Health,1,2,church-operated,25,0,https://www.ahrq.gov/sites/default/files/wysiwyg/chsp/compendium/chsp-hospital-linkage-2023.xlsx
190041,CHSP00000834,Highland Medical Center,Shreveport,LA,HSI00000152,Christus Health,1,2,church-operated,198,0,https://www.ahrq.gov/sites/default/files/wysiwyg/chsp/compendium/chsp-hospital-linkage-2023.xlsx
190201,CHSP00003351,Lake Area Medical Center,Lake Charles,LA,HSI00000152,Christus Health,1,5,for-profit,88,1,https://www.ahrq.gov/sites/default/files/wysiwyg/chsp/compendium/chsp-hospital-linkage-2023.xlsx
190007,CHSP00004424,Natchitoches Regional Medical Center,Natchitoches,LA,HSI00000152,Christus Health,1,3,public/government,81,1,https://www.ahrq.gov/sites/default/files/wysiwyg/chsp/compendium/chsp-hospital-linkage-2023.xlsx
190257,CHSP00005638,Ruston Surgical Center,Ruston,LA,HSI00000152,Christus Health,0,,,,,https://www.ahrq.gov/sites/default/files/wysiwyg/chsp/compendium/chsp-hospital-linkage-2023.xlsx
190025,CHSP00005899,Savoy Medical Management Group  Inc.,Mamou,LA,HSI00000152,Christus Health,1,3,public/government,28,0,https://www.ahrq.gov/sites/default/files/wysiwyg/chsp/compendium/chsp-hospital-linkage-2023.xlsx
190019,CHSP00000850,St. Frances Cabrini Hospital,Alexandria,LA,HSI00000152,Christus Health,1,2,church-operated,268,0,https://www.ahrq.gov/sites/default/files/wysiwyg/chsp/compendium/chsp-hospital-linkage-2023.xlsx
190027,CHSP00000853,St. Patrick Hospital,Lake Charles,LA,HSI00000152,Christus Health,1,2,church-operated,100,0,https://www.ahrq.gov/sites/default/files/wysiwyg/chsp/compendium/chsp-hospital-linkage-2023.xlsx
320087,CHSP00001209,Christus Saint Vincent Physicians Medical Center,Santa Fe,NM,HSI00000152,Christus Health,0,,,,,https://www.ahrq.gov/sites/default/files/wysiwyg/chsp/compendium/chsp-hospital-linkage-2023.xlsx
320002,CHSP00000854,St. Vincent Hospital,Santa Fe,NM,HSI00000152,Christus Health,1,1,nonprofit,189,0,https://www.ahrq.gov/sites/default/files/wysiwyg/chsp/compendium/chsp-hospital-linkage-2023.xlsx
453315,CHSP00007925,Childrens Hospital Of San Antonio,San Antonio,TX,HSI00000152,Christus Health,1,2,church-operated,174,0,https://www.ahrq.gov/sites/default/files/wysiwyg/chsp/compendium/chsp-hospital-linkage-2023.xlsx
450037,CHSP00002247,Christus Good Shepherd Medical Center Longview,Longview,TX,HSI00000152,Christus Health,1,,,,,https://www.ahrq.gov/sites/default/files/wysiwyg/chsp/compendium/chsp-hospital-linkage-2023.xlsx
450034,CHSP00000843,Christus Hospital,Beaumont,TX,HSI00000152,Christus Health,1,2,church-operated,353,0,https://www.ahrq.gov/sites/default/files/wysiwyg/chsp/compendium/chsp-hospital-linkage-2023.xlsx
450236,CHSP00000837,Christus Mf - Sulphur Springs,Sulphur Springs,TX,HSI00000152,Christus Health,1,2,church-operated,56,0,https://www.ahrq.gov/sites/default/files/wysiwyg/chsp/compendium/chsp-hospital-linkage-2023.xlsx
451319,CHSP00000836,Christus Mfh - Jacksonville,Jacksonville,TX,HSI00000152,Christus Health,1,2,church-operated,23,0,https://www.ahrq.gov/sites/default/files/wysiwyg/chsp/compendium/chsp-hospital-linkage-2023.xlsx
451381,CHSP00000839,Christus Mfh Winnsboro,Winnsboro,TX,HSI00000152,Christus Health,1,2,church-operated,14,0,https://www.ahrq.gov/sites/default/files/wysiwyg/chsp/compendium/chsp-hospital-linkage-2023.xlsx
450102,CHSP00000838,Christus Mother Frances Hosp-Tyler,Tyler,TX,HSI00000152,Christus Health,1,1,nonprofit,518,0,https://www.ahrq.gov/sites/default/files/wysiwyg/chsp/compendium/chsp-hospital-linkage-2023.xlsx
450615,CHSP00001208,Christus Saint Michael Hospital Atlanta,Atlanta,TX,HSI00000152,Christus Health,1,,,,,https://www.ahrq.gov/sites/default/files/wysiwyg/chsp/compendium/chsp-hospital-linkage-2023.xlsx
450272,CHSP00001084,Christus Santa Rosa - San Marcos,San Marcos,TX,HSI00000152,Christus Health,1,2,church-operated,108,0,https://www.ahrq.gov/sites/default/files/wysiwyg/chsp/compendium/chsp-hospital-linkage-2023.xlsx
450059,CHSP00000841,Christus Santa Rosa Hospital New Braunfels,Canyon Lake,TX,HSI00000152,Christus Health,1,,,,,https://www.ahrq.gov/sites/default/files/wysiwyg/chsp/compendium/chsp-hospital-linkage-2023.xlsx
450828,CHSP00000846,Christus Spohn Alice,Alice,TX,HSI00000152,Christus Health,1,2,church-operated,72,0,https://www.ahrq.gov/sites/default/files/wysiwyg/chsp/compendium/chsp-hospital-linkage-2023.xlsx
450046,CHSP00000848,Christus Spohn Hosp Corpus Christi,Corpus Christi,TX,HSI00000152,Christus Health,1,2,church-operated,515,0,https://www.ahrq.gov/sites/default/files/wysiwyg/chsp/compendium/chsp-hospital-linkage-2023.xlsx
450082,CHSP00000847,Christus Spohn Hospital Beeville,Beeville,TX,HSI00000152,Christus Health,1,2,church-operated,40,0,https://www.ahrq.gov/sites/default/files/wysiwyg/chsp/compendium/chsp-hospital-linkage-2023.xlsx
675487,CHSP00008582,Christus Spohn Hospital Corpus Christi Memorial,Corpus Christi,TX,HSI00000152,Christus Health,0,,,,,https://www.ahrq.gov/sites/default/files/wysiwyg/chsp/compendium/chsp-hospital-linkage-2023.xlsx
450163,CHSP00000849,Christus Spohn Kleberg Memorial Hosp,Kingsville,TX,HSI00000152,Christus Health,1,2,church-operated,50,0,https://www.ahrq.gov/sites/default/files/wysiwyg/chsp/compendium/chsp-hospital-linkage-2023.xlsx
450801,CHSP00000851,Christus St Michael,Texarkana,TX,HSI00000152,Christus Health,1,2,church-operated,275,0,https://www.ahrq.gov/sites/default/files/wysiwyg/chsp/compendium/chsp-hospital-linkage-2023.xlsx
453065,CHSP00000852,Christus St. Michael Rehabilitation Hospital,Texarkana,TX,HSI00000152,Christus Health,0,,,,,https://www.ahrq.gov/sites/default/files/wysiwyg/chsp/compendium/chsp-hospital-linkage-2023.xlsx
450032,CHSP00002248,Good Shepherd Medical Center,Marshall,TX,HSI00000152,Christus Health,1,2,church-operated,314,0,https://www.ahrq.gov/sites/default/files/wysiwyg/chsp/compendium/chsp-hospital-linkage-2023.xlsx
450573,CHSP00000844,Jasper Memorial Hospital,Jasper,TX,HSI00000152,Christus Health,1,2,church-operated,40,0,https://www.ahrq.gov/sites/default/files/wysiwyg/chsp/compendium/chsp-hospital-linkage-2023.xlsx
673030,CHSP00003118,Kate Dishman Rehab Hospital,Beaumont,TX,HSI00000152,Christus Health,0,5,for-profit,27,0,https://www.ahrq.gov/sites/default/files/wysiwyg/chsp/compendium/chsp-hospital-linkage-2023.xlsx
450237,CHSP00000840,Santa Rosa Healthcare,San Antonio,TX,HSI00000152,Christus Health,1,2,church-operated,387,0,https://www.ahrq.gov/sites/default/files/wysiwyg/chsp/compendium/chsp-hospital-linkage-2023.xlsx
510055,CHSP00000856,Cabell Huntington Hospital,Huntington,WV,HSI00000154,Cabell Huntington Hospital,1,1,nonprofit,335,1,https://www.ahrq.gov/sites/default/files/wysiwyg/chsp/compendium/chsp-hospital-linkage-2023.xlsx
510012,CHSP00005161,Pleasant Valley Hospital,Point Pleasant,WV,HSI00000154,Cabell Huntington Hospital,1,1,nonprofit,43,0,https://www.ahrq.gov/sites/default/files/wysiwyg/chsp/compendium/chsp-hospital-linkage-2023.xlsx
510007,CHSP00006569,St. Marys Medical Center  Inc.,Huntington,WV,HSI00000154,Cabell Huntington Hospital,1,1,nonprofit,362,0,https://www.ahrq.gov/sites/default/files/wysiwyg/chsp/compendium/chsp-hospital-linkage-2023.xlsx
210039,CHSP00000885,Calvert Memorial Hospital,Prince Frederick,MD,HSI00000155,CalvertHealth,1,1,nonprofit,78,0,https://www.ahrq.gov/sites/default/files/wysiwyg/chsp/compendium/chsp-hospital-linkage-2023.xlsx
220012,CHSP00000905,Cape Cod Hospital,Hyannis,MA,HSI00000161,Cape Cod Healthcare,1,1,nonprofit,239,0,https://www.ahrq.gov/sites/default/files/wysiwyg/chsp/compendium/chsp-hospital-linkage-2023.xlsx
220135,CHSP00001954,Falmouth Hospital,Falmouth,MA,HSI00000161,Cape Cod Healthcare,1,1,nonprofit,81,0,https://www.ahrq.gov/sites/default/files/wysiwyg/chsp/compendium/chsp-hospital-linkage-2023.xlsx
310044,CHSP00000914,Capital Health Med Center - Hopewell,Pennington,NJ,HSI00000164,Capital Health System,1,1,nonprofit,203,0,https://www.ahrq.gov/sites/default/files/wysiwyg/chsp/compendium/chsp-hospital-linkage-2023.xlsx
310092,CHSP00000915,Capital Health Regional Medical Ctr,Trenton,NJ,HSI00000164,Capital Health System,1,1,nonprofit,179,0,https://www.ahrq.gov/sites/default/files/wysiwyg/chsp/compendium/chsp-hospital-linkage-2023.xlsx
300001,CHSP00001413,Concord Hospital  Inc.,Concord,NH,HSI00000165,Capital Region Health Care,1,1,nonprofit,206,0,https://www.ahrq.gov/sites/default/files/wysiwyg/chsp/compendium/chsp-hospital-linkage-2023.xlsx
301306,CHSP00002110,Concord Hospital - Franklin,Franklin,NH,HSI00000165,Capital Region Health Care,1,1,nonprofit,25,0,https://www.ahrq.gov/sites/default/files/wysiwyg/chsp/compendium/chsp-hospital-linkage-2023.xlsx
300005,CHSP00003379,Concord Hospital - Laconia,Laconia,NH,HSI00000165,Capital Region Health Care,1,1,nonprofit,86,0,https://www.ahrq.gov/sites/default/files/wysiwyg/chsp/compendium/chsp-hospital-linkage-2023.xlsx
414000,CHSP00000775,Butler Hospital,Providence,RI,HSI00000166,Care New England Health System,0,1,nonprofit,143,0,https://www.ahrq.gov/sites/default/files/wysiwyg/chsp/compendium/chsp-hospital-linkage-2023.xlsx
410009,CHSP00003146,Kent County Memorial Hospital,Warwick,RI,HSI00000166,Care New England Health System,1,1,nonprofit,323,0,https://www.ahrq.gov/sites/default/files/wysiwyg/chsp/compendium/chsp-hospital-linkage-2023.xlsx
410010,CHSP00007801,Women & Infants Hospital,Providence,RI,HSI00000166,Care New England Health System,1,1,nonprofit,247,1,https://www.ahrq.gov/sites/default/files/wysiwyg/chsp/compendium/chsp-hospital-linkage-2023.xlsx
490089,CHSP00000936,Carilion Franklin Memorial Hospital,Rocky Mount,VA,HSI00000170,Carilion Clinic,1,1,nonprofit,37,0,https://www.ahrq.gov/sites/default/files/wysiwyg/chsp/compendium/chsp-hospital-linkage-2023.xlsx
491302,CHSP00000937,Carilion Giles Community Hospital,Pearisburg,VA,HSI00000170,Carilion Clinic,1,1,nonprofit,25,0,https://www.ahrq.gov/sites/default/files/wysiwyg/chsp/compendium/chsp-hospital-linkage-2023.xlsx
490024,CHSP00000939,Carilion Medical Center,Roanoke,VA,HSI00000170,Carilion Clinic,1,1,nonprofit,634,0,https://www.ahrq.gov/sites/default/files/wysiwyg/chsp/compendium/chsp-hospital-linkage-2023.xlsx
490042,CHSP00000938,Carilion New River Valley Med Center,Christiansburg,VA,HSI00000170,Carilion Clinic,1,1,nonprofit,94,0,https://www.ahrq.gov/sites/default/files/wysiwyg/chsp/compendium/chsp-hospital-linkage-2023.xlsx
490100,CHSP00008742,Carilion Roanoke Community Hospital,Roanoke,VA,HSI00000170,Carilion Clinic,1,,,,,https://www.ahrq.gov/sites/default/files/wysiwyg/chsp/compendium/chsp-hospital-linkage-2023.xlsx
491304,CHSP00000942,Carilion Rockbridge Community Hosp,Lexington,VA,HSI00000170,Carilion Clinic,1,1,nonprofit,25,0,https://www.ahrq.gov/sites/default/files/wysiwyg/chsp/compendium/chsp-hospital-linkage-2023.xlsx
490117,CHSP00000943,Carilion Tazewell Community Hospital,Tazewell,VA,HSI00000170,Carilion Clinic,1,1,nonprofit,23,0,https://www.ahrq.gov/sites/default/files/wysiwyg/chsp/compendium/chsp-hospital-linkage-2023.xlsx
340032,CHSP00000956,Gaston Memorial Hospital,Gastonia,NC,HSI00000171,Caromont Health System,1,1,nonprofit,424,0,https://www.ahrq.gov/sites/default/files/wysiwyg/chsp/compendium/chsp-hospital-linkage-2023.xlsx
292008,CHSP00000997,Carson Tahoe Continuing Care Hospita,Carson City,NV,HSI00000178,Carson Tahoe Health,0,1,nonprofit,29,0,https://www.ahrq.gov/sites/default/files/wysiwyg/chsp/compendium/chsp-hospital-linkage-2023.xlsx
290019,CHSP00000998,Carson Tahoe Regional Healthcare,Carson City,NV,HSI00000178,Carson Tahoe Health,1,1,nonprofit,175,0,https://www.ahrq.gov/sites/default/files/wysiwyg/chsp/compendium/chsp-hospital-linkage-2023.xlsx
290051,CHSP00006143,Carson Tahoe Sierra Surgery,Carson City,NV,HSI00000178,Carson Tahoe Health,0,,,,,https://www.ahrq.gov/sites/default/files/wysiwyg/chsp/compendium/chsp-hospital-linkage-2023.xlsx
330286,CHSP00002236,Good Samaritan Hospital,West Islip,NY,HSI00000186,Catholic Health,1,2,church-operated,437,0,https://www.ahrq.gov/sites/default/files/wysiwyg/chsp/compendium/chsp-hospital-linkage-2023.xlsx
330259,CHSP00004046,Mercy Medical Center,Rockville Centre,NY,HSI00000186,Catholic Health,1,2,church-operated,299,0,https://www.ahrq.gov/sites/default/files/wysiwyg/chsp/compendium/chsp-hospital-linkage-2023.xlsx
330246,CHSP00006418,St Charles Hospital,Port Jefferson,NY,HSI00000186,Catholic Health,1,2,church-operated,167,1,https://www.ahrq.gov/sites/default/files/wysiwyg/chsp/compendium/chsp-hospital-linkage-2023.xlsx
330401,CHSP00006415,St. Catherine Of Siena Medical Cente,Smithtown,NY,HSI00000186,Catholic Health,1,2,church-operated,254,0,https://www.ahrq.gov/sites/default/files/wysiwyg/chsp/compendium/chsp-hospital-linkage-2023.xlsx
330182,CHSP00006453,St. Francis Hospital,Roslyn,NY,HSI00000186,Catholic Health,1,2,church-operated,364,0,https://www.ahrq.gov/sites/default/files/wysiwyg/chsp/compendium/chsp-hospital-linkage-2023.xlsx
330332,CHSP00006487,St. Joseph Hospital,Bethpage,NY,HSI00000186,Catholic Health,1,2,church-operated,203,0,https://www.ahrq.gov/sites/default/files/wysiwyg/chsp/compendium/chsp-hospital-linkage-2023.xlsx
300034,CHSP00001022,Catholic Medical Center,Manchester,NH,HSI00000188,Catholic Medical Center,1,1,nonprofit,262,0,https://www.ahrq.gov/sites/default/files/wysiwyg/chsp/compendium/chsp-hospital-linkage-2023.xlsx
330307,CHSP00001026,Cayuga Medical Center At Ithaca,Ithaca,NY,HSI00000189,Cayuga Medical Center,1,1,nonprofit,89,0,https://www.ahrq.gov/sites/default/files/wysiwyg/chsp/compendium/chsp-hospital-linkage-2023.xlsx
331313,CHSP00005908,Schuyler Hospital,Montour Falls,NY,HSI00000189,Cayuga Medical Center,1,1,nonprofit,25,0,https://www.ahrq.gov/sites/default/files/wysiwyg/chsp/compendium/chsp-hospital-linkage-2023.xlsx
050740,CHSP00003711,Cedars-Sinai Marina Del Rey Hospital,Marina Del Rey,CA,HSI00000190,Cedars Sinai Health System,1,1,nonprofit,103,0,https://www.ahrq.gov/sites/default/files/wysiwyg/chsp/compendium/chsp-hospital-linkage-2023.xlsx
050625,CHSP00001036,Cedars-Sinai Medical Center,Los Angeles,CA,HSI00000190,Cedars Sinai Health System,1,1,nonprofit,908,0,https://www.ahrq.gov/sites/default/files/wysiwyg/chsp/compendium/chsp-hospital-linkage-2023.xlsx
050438,CHSP00002826,Huntington Hospital,Pasadena,CA,HSI00000190,Cedars Sinai Health System,1,1,nonprofit,468,0,https://www.ahrq.gov/sites/default/files/wysiwyg/chsp/compendium/chsp-hospital-linkage-2023.xlsx
050351,CHSP00007017,Torrance Memorial Medical Center,Torrance,CA,HSI00000190,Cedars Sinai Health System,1,1,nonprofit,493,0,https://www.ahrq.gov/sites/default/files/wysiwyg/chsp/compendium/chsp-hospital-linkage-2023.xlsx
490088,CHSP00000552,Bedford Memorial Hospital,Bedford,VA,HSI00000192,Centra Health,1,1,nonprofit,33,0,https://www.ahrq.gov/sites/default/files/wysiwyg/chsp/compendium/chsp-hospital-linkage-2023.xlsx
490021,CHSP00001051,Centra Health,Lynchburg,VA,HSI00000192,Centra Health,1,1,nonprofit,452,0,https://www.ahrq.gov/sites/default/files/wysiwyg/chsp/compendium/chsp-hospital-linkage-2023.xlsx
492010,CHSP00001053,Centra Specialty Hospital,Lynchburg,VA,HSI00000192,Centra Health,0,1,nonprofit,36,0,https://www.ahrq.gov/sites/default/files/wysiwyg/chsp/compendium/chsp-hospital-linkage-2023.xlsx
490138,CHSP00001054,Centra Virginia Baptist Hospital,Lynchburg,VA,HSI00000192,Centra Health,1,,,,,https://www.ahrq.gov/sites/default/files/wysiwyg/chsp/compendium/chsp-hospital-linkage-2023.xlsx
490090,CHSP00001052,Southside Community Hospital,Farmville,VA,HSI00000192,Centra Health,1,1,nonprofit,77,0,https://www.ahrq.gov/sites/default/files/wysiwyg/chsp/compendium/chsp-hospital-linkage-2023.xlsx
240088,CHSP00005492,Carris Health,Willmar,MN,HSI00000193,CentraCare,1,1,nonprofit,81,1,https://www.ahrq.gov/sites/default/files/wysiwyg/chsp/compendium/chsp-hospital-linkage-2023.xlsx
241351,CHSP00005404,Carris Health-Redwood Llc,Redwood Falls,MN,HSI00000193,CentraCare,1,1,nonprofit,14,0,https://www.ahrq.gov/sites/default/files/wysiwyg/chsp/compendium/chsp-hospital-linkage-2023.xlsx
241368,CHSP00001059,Cch - Sauk Centre,Sauk Centre,MN,HSI00000193,CentraCare,1,1,nonprofit,14,0,https://www.ahrq.gov/sites/default/files/wysiwyg/chsp/compendium/chsp-hospital-linkage-2023.xlsx
241362,CHSP00001057,Cch-Monticello,Monticello,MN,HSI00000193,CentraCare,1,1,nonprofit,25,0,https://www.ahrq.gov/sites/default/files/wysiwyg/chsp/compendium/chsp-hospital-linkage-2023.xlsx
247229,CHSP00008236,Centracare Redwood Hospital,Redwood Falls,MN,HSI00000193,CentraCare,1,,,,,https://www.ahrq.gov/sites/default/files/wysiwyg/chsp/compendium/chsp-hospital-linkage-2023.xlsx
241326,CHSP00001055,Long Prairie Memorial Hospital,Long Prairie,MN,HSI00000193,CentraCare,1,1,nonprofit,14,0,https://www.ahrq.gov/sites/default/files/wysiwyg/chsp/compendium/chsp-hospital-linkage-2023.xlsx
241330,CHSP00001056,Melrose Area Hospital Centracare,Melrose,MN,HSI00000193,CentraCare,1,1,nonprofit,14,0,https://www.ahrq.gov/sites/default/files/wysiwyg/chsp/compendium/chsp-hospital-linkage-2023.xlsx
241349,CHSP00001058,Paynesville Area Hospital,Paynesville,MN,HSI00000193,CentraCare,1,1,nonprofit,19,0,https://www.ahrq.gov/sites/default/files/wysiwyg/chsp/compendium/chsp-hospital-linkage-2023.xlsx
240036,CHSP00006429,St. Cloud Hospital,Saint Cloud,MN,HSI00000193,CentraCare,1,1,nonprofit,458,0,https://www.ahrq.gov/sites/default/files/wysiwyg/chsp/compendium/chsp-hospital-linkage-2023.xlsx
241365,CHSP00006765,Swift County - Benson,Benson,MN,HSI00000193,CentraCare,1,3,public/government,11,0,https://www.ahrq.gov/sites/default/files/wysiwyg/chsp/compendium/chsp-hospital-linkage-2023.xlsx
310111,CHSP00001060,Centrastate Medical Center,Freehold,NJ,HSI00000194,Centrastate Healthcare System,1,1,nonprofit,240,0,https://www.ahrq.gov/sites/default/files/wysiwyg/chsp/compendium/chsp-hospital-linkage-2023.xlsx
201310,CHSP00000707,Bridgton Hospital,Bridgton,ME,HSI00000197,Central Maine Healthcare Corporation,1,1,nonprofit,25,0,https://www.ahrq.gov/sites/default/files/wysiwyg/chsp/compendium/chsp-hospital-linkage-2023.xlsx
200024,CHSP00001075,Central Maine Medical Center,Lewiston,ME,HSI00000197,Central Maine Healthcare Corporation,1,1,nonprofit,187,0,https://www.ahrq.gov/sites/default/files/wysiwyg/chsp/compendium/chsp-hospital-linkage-2023.xlsx
201306,CHSP00005622,Rumford Hospital,Rumford,ME,HSI00000197,Central Maine Healthcare Corporation,1,1,nonprofit,25,0,https://www.ahrq.gov/sites/default/files/wysiwyg/chsp/compendium/chsp-hospital-linkage-2023.xlsx
243302,CHSP00001155,Childrens Health Care,Minneapolis,MN,HSI00000207,Childrens Minnesota,1,1,nonprofit,420,0,https://www.ahrq.gov/sites/default/files/wysiwyg/chsp/compendium/chsp-hospital-linkage-2023.xlsx
247110,CHSP00007926,Childrens Hospitals And Clinics Minnesota,Minneapolis,MN,HSI00000207,Childrens Minnesota,1,,,,,https://www.ahrq.gov/sites/default/files/wysiwyg/chsp/compendium/chsp-hospital-linkage-2023.xlsx
453302,CHSP00001141,Childrens Medical Center Of Dallas,Dallas,TX,HSI00000208,Childrens Health,1,1,nonprofit,388,0,https://www.ahrq.gov/sites/default/files/wysiwyg/chsp/compendium/chsp-hospital-linkage-2023.xlsx
453316,CHSP00001157,Childrens Medical Center Of Plano,Plano,TX,HSI00000208,Childrens Health,1,1,nonprofit,60,0,https://www.ahrq.gov/sites/default/files/wysiwyg/chsp/compendium/chsp-hospital-linkage-2023.xlsx
453308,CHSP00004877,Our Children's House,Dallas,TX,HSI00000208,Childrens Health,1,,,,,https://www.ahrq.gov/sites/default/files/wysiwyg/chsp/compendium/chsp-hospital-linkage-2023.xlsx
113300,CHSP00001168,Egleston Childrens Hospital At Emory,Atlanta,GA,HSI00000209,Childrens Healthcare of Atlanta,1,1,nonprofit,330,0,https://www.ahrq.gov/sites/default/files/wysiwyg/chsp/compendium/chsp-hospital-linkage-2023.xlsx
113301,CHSP00001142,Scottish Rite Childrens Medical Ctr,Atlanta,GA,HSI00000209,Childrens Healthcare of Atlanta,1,1,nonprofit,319,0,https://www.ahrq.gov/sites/default/files/wysiwyg/chsp/compendium/chsp-hospital-linkage-2023.xlsx
053302,CHSP00001146,Childrens Hospital Los Angeles,Los Angeles,CA,HSI00000210,Childrens Hospital Los Angeles,1,1,nonprofit,413,0,https://www.ahrq.gov/sites/default/files/wysiwyg/chsp/compendium/chsp-hospital-linkage-2023.xlsx
363303,CHSP00000102,Childrens Hospital Medical Center,Akron,OH,HSI00000211,Akron Childrens Hospital,1,1,nonprofit,408,0,https://www.ahrq.gov/sites/default/files/wysiwyg/chsp/compendium/chsp-hospital-linkage-2023.xlsx
523302,CHSP00001154,Childrens Hospital Of Wi-Fox Valley,Neenah,WI,HSI00000212,Childrens Hospital and Health System,1,1,nonprofit,42,0,https://www.ahrq.gov/sites/default/files/wysiwyg/chsp/compendium/chsp-hospital-linkage-2023.xlsx
523300,CHSP00001153,Childrens Hospital Of Wisconsin,Milwaukee,WI,HSI00000212,Childrens Hospital and Health System,1,1,nonprofit,298,0,https://www.ahrq.gov/sites/default/files/wysiwyg/chsp/compendium/chsp-hospital-linkage-2023.xlsx
283301,CHSP00001147,Childrens Hospital & Medical Center,Omaha,NE,HSI00000213,Childrens Hospital and Medical Center,1,1,nonprofit,186,0,https://www.ahrq.gov/sites/default/files/wysiwyg/chsp/compendium/chsp-hospital-linkage-2023.xlsx
053306,CHSP00000826,Childrens Hospital At Mission,Mission Viejo,CA,HSI00000214,CHOC Childrens,1,1,nonprofit,,,https://www.ahrq.gov/sites/default/files/wysiwyg/chsp/compendium/chsp-hospital-linkage-2023.xlsx
053304,CHSP00001148,Childrens Hospital Of Orange Count,Orange,CA,HSI00000214,CHOC Childrens,1,1,nonprofit,334,0,https://www.ahrq.gov/sites/default/files/wysiwyg/chsp/compendium/chsp-hospital-linkage-2023.xlsx
493301,CHSP00001152,Childrens Hospital Of The Kings Da,Norfolk,VA,HSI00000215,Childrens Hospital of the Kings Daughters Health System,1,1,nonprofit,202,0,https://www.ahrq.gov/sites/default/files/wysiwyg/chsp/compendium/chsp-hospital-linkage-2023.xlsx
093300,CHSP00001160,Childrens Hospital,Washington,DC,HSI00000216,Childrens National Health System,1,1,nonprofit,323,0,https://www.ahrq.gov/sites/default/files/wysiwyg/chsp/compendium/chsp-hospital-linkage-2023.xlsx
,CHSP00006912,The Hsc Pediatric Center,Washington,DC,HSI00000216,Childrens National Health System,0,,,,,https://www.ahrq.gov/sites/default/files/wysiwyg/chsp/compendium/chsp-hospital-linkage-2023.xlsx
013300,CHSP00001166,The Childrens Hospital Of Alabama,Birmingham,AL,HSI00000217,Childrens of Alabama,1,1,nonprofit,351,0,https://www.ahrq.gov/sites/default/files/wysiwyg/chsp/compendium/chsp-hospital-linkage-2023.xlsx
080001,CHSP00001204,Christiana Care Health System,Newark,DE,HSI00000218,ChristianaCare,1,1,nonprofit,1172,0,https://www.ahrq.gov/sites/default/files/wysiwyg/chsp/compendium/chsp-hospital-linkage-2023.xlsx
210032,CHSP00007214,Union Hospital Of Cecil County,Elkton,MD,HSI00000218,ChristianaCare,1,1,nonprofit,124,0,https://www.ahrq.gov/sites/default/files/wysiwyg/chsp/compendium/chsp-hospital-linkage-2023.xlsx
363300,CHSP00001217,Childrens Hospital Medical Center,Cincinnati,OH,HSI00000224,Cincinnati Childrens Hospital Medical Center,1,1,nonprofit,711,0,https://www.ahrq.gov/sites/default/files/wysiwyg/chsp/compendium/chsp-hospital-linkage-2023.xlsx
050597,CHSP00002047,Emanate Health Foothill Presb. Hosp.,Glendora,CA,HSI00000226,Emanate Health,1,1,nonprofit,105,0,https://www.ahrq.gov/sites/default/files/wysiwyg/chsp/compendium/chsp-hospital-linkage-2023.xlsx
050382,CHSP00001232,Emanate Health Medical Center,Covina,CA,HSI00000226,Emanate Health,1,1,nonprofit,481,1,https://www.ahrq.gov/sites/default/files/wysiwyg/chsp/compendium/chsp-hospital-linkage-2023.xlsx
050369,CHSP00001231,Emanate Health Queen Of The Valley Hospital,West Covina,CA,HSI00000226,Emanate Health,1,,,,,https://www.ahrq.gov/sites/default/files/wysiwyg/chsp/compendium/chsp-hospital-linkage-2023.xlsx
330094,CHSP00001323,Columbia Memorial Hospital,Hudson,NY,HSI00000236,Columbia Memorial Health,1,1,nonprofit,192,0,https://www.ahrq.gov/sites/default/files/wysiwyg/chsp/compendium/chsp-hospital-linkage-2023.xlsx
182005,CHSP00001343,Commonwealth Regional Specialty Hosp,Bowling Green,KY,HSI00000244,Commonwealth Health Corporation,0,1,nonprofit,16,0,https://www.ahrq.gov/sites/default/files/wysiwyg/chsp/compendium/chsp-hospital-linkage-2023.xlsx
180013,CHSP00003869,The Medical Center,Bowling Green,KY,HSI00000244,Commonwealth Health Corporation,1,1,nonprofit,318,0,https://www.ahrq.gov/sites/default/files/wysiwyg/chsp/compendium/chsp-hospital-linkage-2023.xlsx
181314,CHSP00006937,The Medical Center At Caverna,Horse Cave,KY,HSI00000244,Commonwealth Health Corporation,1,1,nonprofit,25,0,https://www.ahrq.gov/sites/default/files/wysiwyg/chsp/compendium/chsp-hospital-linkage-2023.xlsx
181318,CHSP00003870,The Medical Center At Franklin,Franklin,KY,HSI00000244,Commonwealth Health Corporation,1,1,nonprofit,25,0,https://www.ahrq.gov/sites/default/files/wysiwyg/chsp/compendium/chsp-hospital-linkage-2023.xlsx
181324,CHSP00003871,The Medical Center At Scottsville,Scottsville,KY,HSI00000244,Commonwealth Health Corporation,1,1,nonprofit,25,0,https://www.ahrq.gov/sites/default/files/wysiwyg/chsp/compendium/chsp-hospital-linkage-2023.xlsx
180106,CHSP00006936,The Medical Center Of Albany,Albany,KY,HSI00000244,Commonwealth Health Corporation,1,1,nonprofit,20,0,https://www.ahrq.gov/sites/default/files/wysiwyg/chsp/compendium/chsp-hospital-linkage-2023.xlsx
150125,CHSP00001362,Community Hospital,Munster,IN,HSI00000246,Community Foundation of Northwest Indiana,1,1,nonprofit,405,0,https://www.ahrq.gov/sites/default/files/wysiwyg/chsp/compendium/chsp-hospital-linkage-2023.xlsx
153045,CHSP00008418,Community Stroke And Rehabilitation,Crown Point,IN,HSI00000246,Community Foundation of Northwest Indiana,0,1,nonprofit,35,0,https://www.ahrq.gov/sites/default/files/wysiwyg/chsp/compendium/chsp-hospital-linkage-2023.xlsx
150008,CHSP00006412,St. Catherine Hospital,East Chicago,IN,HSI00000246,Community Foundation of Northwest Indiana,1,1,nonprofit,122,1,https://www.ahrq.gov/sites/default/files/wysiwyg/chsp/compendium/chsp-hospital-linkage-2023.xlsx
150034,CHSP00006555,St. Mary Medical Center  Inc.,Hobart,IN,HSI00000246,Community Foundation of Northwest Indiana,1,1,nonprofit,180,0,https://www.ahrq.gov/sites/default/files/wysiwyg/chsp/compendium/chsp-hospital-linkage-2023.xlsx
150074,CHSP00001368,Community Health Network  Inc.,Indianapolis,IN,HSI00000248,Community Health Network,1,1,nonprofit,385,1,https://www.ahrq.gov/sites/default/files/wysiwyg/chsp/compendium/chsp-hospital-linkage-2023.xlsx
150154,CHSP00001361,Community Heart And Vascular Hospital,Indianapolis,IN,HSI00000248,Community Health Network,0,,,,,https://www.ahrq.gov/sites/default/files/wysiwyg/chsp/compendium/chsp-hospital-linkage-2023.xlsx
150113,CHSP00001375,Community Hospital Anderson,Anderson,IN,HSI00000248,Community Health Network,1,1,nonprofit,117,0,https://www.ahrq.gov/sites/default/files/wysiwyg/chsp/compendium/chsp-hospital-linkage-2023.xlsx
150169,CHSP00001370,Community Hospital Of Indiana  Inc.,Indianapolis,IN,HSI00000248,Community Health Network,1,1,nonprofit,340,0,https://www.ahrq.gov/sites/default/files/wysiwyg/chsp/compendium/chsp-hospital-linkage-2023.xlsx
150128,CHSP00001373,Community Hospital South,Indianapolis,IN,HSI00000248,Community Health Network,1,1,nonprofit,169,0,https://www.ahrq.gov/sites/default/files/wysiwyg/chsp/compendium/chsp-hospital-linkage-2023.xlsx
150007,CHSP00001383,Community Howard Regional Health,Kokomo,IN,HSI00000248,Community Health Network,1,1,nonprofit,107,0,https://www.ahrq.gov/sites/default/files/wysiwyg/chsp/compendium/chsp-hospital-linkage-2023.xlsx
153043,CHSP00007937,Community Rehabilitation Hospital No,Indianapolis,IN,HSI00000248,Community Health Network,0,5,for-profit,60,0,https://www.ahrq.gov/sites/default/files/wysiwyg/chsp/compendium/chsp-hospital-linkage-2023.xlsx
153044,CHSP00008427,Community Rehabilitation Hospital So,Greenwood,IN,HSI00000248,Community Health Network,0,5,for-profit,44,0,https://www.ahrq.gov/sites/default/files/wysiwyg/chsp/compendium/chsp-hospital-linkage-2023.xlsx
153050,CHSP00008893,Community Rehabilitation Hospital West,Brownsburg,IN,HSI00000248,Community Health Network,0,,,,,https://www.ahrq.gov/sites/default/files/wysiwyg/chsp/compendium/chsp-hospital-linkage-2023.xlsx
150179,CHSP00001925,Fairbanks,Indianapolis,IN,HSI00000248,Community Health Network,0,1,nonprofit,52,0,https://www.ahrq.gov/sites/default/files/wysiwyg/chsp/compendium/chsp-hospital-linkage-2023.xlsx
042013,CHSP00008401,Continued Care Hospital Jonesboro,Jonesboro,AR,HSI00000251,Community Hospital Corporation,0,5,for-profit,99,0,https://www.ahrq.gov/sites/default/files/wysiwyg/chsp/compendium/chsp-hospital-linkage-2023.xlsx
061336,CHSP00007867,Arkansas Valley Regl Med Ctr,La Junta,CO,HSI00000251,Community Hospital Corporation,1,1,nonprofit,20,0,https://www.ahrq.gov/sites/default/files/wysiwyg/chsp/compendium/chsp-hospital-linkage-2023.xlsx
060006,CHSP00004299,Montrose Memorial Hospital,Montrose,CO,HSI00000251,Community Hospital Corporation,1,1,nonprofit,51,0,https://www.ahrq.gov/sites/default/files/wysiwyg/chsp/compendium/chsp-hospital-linkage-2023.xlsx
061327,CHSP00006313,Southwest Memorial Hospital,Cortez,CO,HSI00000251,Community Hospital Corporation,1,3,public/government,20,0,https://www.ahrq.gov/sites/default/files/wysiwyg/chsp/compendium/chsp-hospital-linkage-2023.xlsx
130025,CHSP00003658,Madison Memorial Hospital,Rexburg,ID,HSI00000251,Community Hospital Corporation,1,3,public/government,53,1,https://www.ahrq.gov/sites/default/files/wysiwyg/chsp/compendium/chsp-hospital-linkage-2023.xlsx
182006,CHSP00001429,Cch At Baptist Health Corbin,Corbin,KY,HSI00000251,Community Hospital Corporation,0,1,nonprofit,32,0,https://www.ahrq.gov/sites/default/files/wysiwyg/chsp/compendium/chsp-hospital-linkage-2023.xlsx
182008,CHSP00007968,Continuecare Hospital At Baptist Hea,Paducah,KY,HSI00000251,Community Hospital Corporation,0,1,nonprofit,37,0,https://www.ahrq.gov/sites/default/files/wysiwyg/chsp/compendium/chsp-hospital-linkage-2023.xlsx
182009,CHSP00007969,Continuecare Hospital Madisonville,Madisonville,KY,HSI00000251,Community Hospital Corporation,0,1,nonprofit,35,0,https://www.ahrq.gov/sites/default/files/wysiwyg/chsp/compendium/chsp-hospital-linkage-2023.xlsx
342015,CHSP00000964,Carolinas Continuecare Pineville,Charlotte,NC,HSI00000251,Community Hospital Corporation,0,1,nonprofit,40,0,https://www.ahrq.gov/sites/default/files/wysiwyg/chsp/compendium/chsp-hospital-linkage-2023.xlsx
321304,CHSP00007210,Union County Gen. Hospital,Clayton,NM,HSI00000251,Community Hospital Corporation,1,3,public/government,25,0,https://www.ahrq.gov/sites/default/files/wysiwyg/chsp/compendium/chsp-hospital-linkage-2023.xlsx
422006,CHSP00001432,Continuecare Hosp At Palmetto Health,Columbia,SC,HSI00000251,Community Hospital Corporation,0,1,nonprofit,35,0,https://www.ahrq.gov/sites/default/files/wysiwyg/chsp/compendium/chsp-hospital-linkage-2023.xlsx
450346,CHSP00000404,Baptist Beaumont Hospital,Beaumont,TX,HSI00000251,Community Hospital Corporation,1,1,nonprofit,348,0,https://www.ahrq.gov/sites/default/files/wysiwyg/chsp/compendium/chsp-hospital-linkage-2023.xlsx
452029,CHSP00001430,Continuecare Hospital At Hendrick Mc,Abilene,TX,HSI00000251,Community Hospital Corporation,0,1,nonprofit,23,0,https://www.ahrq.gov/sites/default/files/wysiwyg/chsp/compendium/chsp-hospital-linkage-2023.xlsx
452121,CHSP00007970,Continuecare Hospital At Medical Cen,Odessa,TX,HSI00000251,Community Hospital Corporation,0,1,nonprofit,25,0,https://www.ahrq.gov/sites/default/files/wysiwyg/chsp/compendium/chsp-hospital-linkage-2023.xlsx
450658,CHSP00001766,Freestone Medical Center,Fairfield,TX,HSI00000251,Community Hospital Corporation,1,3,public/government,37,0,https://www.ahrq.gov/sites/default/files/wysiwyg/chsp/compendium/chsp-hospital-linkage-2023.xlsx
450508,CHSP00004413,Lion Star Nacogdoches Memorial Hosp,Nacogdoches,TX,HSI00000251,Community Hospital Corporation,1,3,public/government,160,1,https://www.ahrq.gov/sites/default/files/wysiwyg/chsp/compendium/chsp-hospital-linkage-2023.xlsx
450090,CHSP00004591,North Texas Medical Center,Gainesville,TX,HSI00000251,Community Hospital Corporation,1,1,nonprofit,35,0,https://www.ahrq.gov/sites/default/files/wysiwyg/chsp/compendium/chsp-hospital-linkage-2023.xlsx
670004,CHSP00006552,St. Mark's Medical Center,La Grange,TX,HSI00000251,Community Hospital Corporation,1,,,,,https://www.ahrq.gov/sites/default/files/wysiwyg/chsp/compendium/chsp-hospital-linkage-2023.xlsx
452091,CHSP00007103,Tyler Continuecare Hospital,Tyler,TX,HSI00000251,Community Hospital Corporation,0,1,nonprofit,51,0,https://www.ahrq.gov/sites/default/files/wysiwyg/chsp/compendium/chsp-hospital-linkage-2023.xlsx
451346,CHSP00007845,Yoakum Community Hospital,Yoakum,TX,HSI00000251,Community Hospital Corporation,1,3,public/government,23,0,https://www.ahrq.gov/sites/default/files/wysiwyg/chsp/compendium/chsp-hospital-linkage-2023.xlsx
050492,CHSP00001282,Clovis Community Medical Center,Clovis,CA,HSI00000253,Community Medical Centers,1,1,nonprofit,352,1,https://www.ahrq.gov/sites/default/files/wysiwyg/chsp/compendium/chsp-hospital-linkage-2023.xlsx
054091,CHSP00001345,Community Behavioral Health Center,Fresno,CA,HSI00000253,Community Medical Centers,0,,,,,https://www.ahrq.gov/sites/default/files/wysiwyg/chsp/compendium/chsp-hospital-linkage-2023.xlsx
050060,CHSP00001402,Community Regional Medical Center,Fresno,CA,HSI00000253,Community Medical Centers,1,1,nonprofit,783,1,https://www.ahrq.gov/sites/default/files/wysiwyg/chsp/compendium/chsp-hospital-linkage-2023.xlsx
050732,CHSP00002125,Fresno Heart And Surgical Hospital,Fresno,CA,HSI00000253,Community Medical Centers,0,,,,,https://www.ahrq.gov/sites/default/files/wysiwyg/chsp/compendium/chsp-hospital-linkage-2023.xlsx
050394,CHSP00001400,Cmh Of San Buenaventura,Ventura,CA,HSI00000255,Community Memorial Health System,1,1,nonprofit,229,0,https://www.ahrq.gov/sites/default/files/wysiwyg/chsp/compendium/chsp-hospital-linkage-2023.xlsx
051334,CHSP00004803,Ojai Valley Community Hospital,Ojai,CA,HSI00000255,Community Memorial Health System,1,1,nonprofit,25,0,https://www.ahrq.gov/sites/default/files/wysiwyg/chsp/compendium/chsp-hospital-linkage-2023.xlsx
340070,CHSP00000106,Alamance Regional Medical Center,Burlington,NC,HSI00000263,Cone Health,1,1,nonprofit,176,0,https://www.ahrq.gov/sites/default/files/wysiwyg/chsp/compendium/chsp-hospital-linkage-2023.xlsx
340007,CHSP00008567,Annie Penn Hospital,Reidsville,NC,HSI00000263,Cone Health,1,,,,,https://www.ahrq.gov/sites/default/files/wysiwyg/chsp/compendium/chsp-hospital-linkage-2023.xlsx
340091,CHSP00004321,The Moses H. Cone Memorial Hospital,Greensboro,NC,HSI00000263,Cone Health,1,1,nonprofit,760,0,https://www.ahrq.gov/sites/default/files/wysiwyg/chsp/compendium/chsp-hospital-linkage-2023.xlsx
061308,CHSP00005847,Conejos County Hospital,La Jara,CO,HSI00000264,Conejos County Hospital Corporation,1,1,nonprofit,17,0,https://www.ahrq.gov/sites/default/files/wysiwyg/chsp/compendium/chsp-hospital-linkage-2023.xlsx
060008,CHSP00005846,San Luis Valley Reg Med Center,Alamosa,CO,HSI00000264,Conejos County Hospital Corporation,1,1,nonprofit,49,1,https://www.ahrq.gov/sites/default/files/wysiwyg/chsp/compendium/chsp-hospital-linkage-2023.xlsx
500016,CHSP00001418,Confluence Health,Wenatchee,WA,HSI00000266,Confluence Health,1,1,nonprofit,187,0,https://www.ahrq.gov/sites/default/files/wysiwyg/chsp/compendium/chsp-hospital-linkage-2023.xlsx
508514,CHSP00008894,Confluence Health Wenatchee Valley Hospital,Wenatchee,WA,HSI00000266,Confluence Health,0,,,,,https://www.ahrq.gov/sites/default/files/wysiwyg/chsp/compendium/chsp-hospital-linkage-2023.xlsx
500148,CHSP00001419,Wenatchee Valley Hospital,Wenatchee,WA,HSI00000266,Confluence Health,1,1,nonprofit,11,0,https://www.ahrq.gov/sites/default/files/wysiwyg/chsp/compendium/chsp-hospital-linkage-2023.xlsx
073300,CHSP00001422,Connecticut Childrens Medical Center,Hartford,CT,HSI00000268,Connecticut Childrens Medical Center Foundation,1,1,nonprofit,187,0,https://www.ahrq.gov/sites/default/files/wysiwyg/chsp/compendium/chsp-hospital-linkage-2023.xlsx
420049,CHSP00001438,Conway Hospital,Conway,SC,HSI00000271,Conway Medical Center,1,1,nonprofit,171,0,https://www.ahrq.gov/sites/default/files/wysiwyg/chsp/compendium/chsp-hospital-linkage-2023.xlsx
040029,CHSP00001439,Conway Regional Medical Center  Inc,Conway,AR,HSI00000272,Conway Regional Health System,1,1,nonprofit,169,0,https://www.ahrq.gov/sites/default/files/wysiwyg/chsp/compendium/chsp-hospital-linkage-2023.xlsx
043033,CHSP00001440,Conway Regional Rehabilitation Hospi,Conway,AR,HSI00000272,Conway Regional Health System,0,5,for-profit,26,0,https://www.ahrq.gov/sites/default/files/wysiwyg/chsp/compendium/chsp-hospital-linkage-2023.xlsx
041302,CHSP00005530,Dardanelle Hospital,Dardanelle,AR,HSI00000272,Conway Regional Health System,1,1,nonprofit,25,0,https://www.ahrq.gov/sites/default/files/wysiwyg/chsp/compendium/chsp-hospital-linkage-2023.xlsx
453300,CHSP00001441,Cook Childrens Medical Center,Fort Worth,TX,HSI00000273,Cook Childrens Health Care System,1,1,nonprofit,447,0,https://www.ahrq.gov/sites/default/files/wysiwyg/chsp/compendium/chsp-hospital-linkage-2023.xlsx
453317,CHSP00008895,Cook Childrens Medical Center,Prosper,TX,HSI00000273,Cook Childrens Health Care System,1,,,,,https://www.ahrq.gov/sites/default/files/wysiwyg/chsp/compendium/chsp-hospital-linkage-2023.xlsx
053028,CHSP00001500,Cottage Rehabilitation Hospital,Santa Barbara,CA,HSI00000283,Cottage Health System,0,,,,,https://www.ahrq.gov/sites/default/files/wysiwyg/chsp/compendium/chsp-hospital-linkage-2023.xlsx
050357,CHSP00002229,Goleta Valley Cottage Hospital,Santa Barbara,CA,HSI00000283,Cottage Health System,1,1,nonprofit,24,0,https://www.ahrq.gov/sites/default/files/wysiwyg/chsp/compendium/chsp-hospital-linkage-2023.xlsx
050396,CHSP00005881,Santa Barbara Cottage Hospital,Santa Barbara,CA,HSI00000283,Cottage Health System,1,1,nonprofit,362,0,https://www.ahrq.gov/sites/default/files/wysiwyg/chsp/compendium/chsp-hospital-linkage-2023.xlsx
051331,CHSP00005888,Santa Ynez Valley Cottage Hospital,Solvang,CA,HSI00000283,Cottage Health System,1,1,nonprofit,11,0,https://www.ahrq.gov/sites/default/files/wysiwyg/chsp/compendium/chsp-hospital-linkage-2023.xlsx
440057,CHSP00001235,Claiborne Medical Center,Tazewell,TN,HSI00000286,Covenant Health,1,1,nonprofit,26,0,https://www.ahrq.gov/sites/default/files/wysiwyg/chsp/compendium/chsp-hospital-linkage-2023.xlsx
440009,CHSP00001564,Cumberland Medical Center,Crossville,TN,HSI00000286,Covenant Health,1,1,nonprofit,72,0,https://www.ahrq.gov/sites/default/files/wysiwyg/chsp/compendium/chsp-hospital-linkage-2023.xlsx
440110,CHSP00002066,Fort Loudoun Medical Center,Lenoir City,TN,HSI00000286,Covenant Health,1,1,nonprofit,30,0,https://www.ahrq.gov/sites/default/files/wysiwyg/chsp/compendium/chsp-hospital-linkage-2023.xlsx
440125,CHSP00002068,Fort Sanders Regional Medical Center,Knoxville,TN,HSI00000286,Covenant Health,1,1,nonprofit,302,0,https://www.ahrq.gov/sites/default/files/wysiwyg/chsp/compendium/chsp-hospital-linkage-2023.xlsx
440081,CHSP00003453,Leconte Medical Center,Sevierville,TN,HSI00000286,Covenant Health,1,1,nonprofit,60,0,https://www.ahrq.gov/sites/default/files/wysiwyg/chsp/compendium/chsp-hospital-linkage-2023.xlsx
440034,CHSP00004134,Methodist Medical Center,Oak Ridge,TN,HSI00000286,Covenant Health,1,1,nonprofit,157,0,https://www.ahrq.gov/sites/default/files/wysiwyg/chsp/compendium/chsp-hospital-linkage-2023.xlsx
440030,CHSP00004311,Morristown-Hamblen Hospital,Morristown,TN,HSI00000286,Covenant Health,1,1,nonprofit,102,0,https://www.ahrq.gov/sites/default/files/wysiwyg/chsp/compendium/chsp-hospital-linkage-2023.xlsx
440173,CHSP00004987,Parkwest Medical Center,Knoxville,TN,HSI00000286,Covenant Health,1,1,nonprofit,361,0,https://www.ahrq.gov/sites/default/files/wysiwyg/chsp/compendium/chsp-hospital-linkage-2023.xlsx
444017,CHSP00005042,Peninsula Behavioral Health,Louisville,TN,HSI00000286,Covenant Health,0,,,,,https://www.ahrq.gov/sites/default/files/wysiwyg/chsp/compendium/chsp-hospital-linkage-2023.xlsx
440031,CHSP00005565,Roane County Medical Center,Harriman,TN,HSI00000286,Covenant Health,1,1,nonprofit,52,0,https://www.ahrq.gov/sites/default/files/wysiwyg/chsp/compendium/chsp-hospital-linkage-2023.xlsx
200001,CHSP00006485,St Joseph Hospital,Bangor,ME,HSI00000287,Covenant Health Systems,1,2,church-operated,99,0,https://www.ahrq.gov/sites/default/files/wysiwyg/chsp/compendium/chsp-hospital-linkage-2023.xlsx
200034,CHSP00006575,St. Marys Regional Medical Center,Lewiston,ME,HSI00000287,Covenant Health Systems,1,2,church-operated,140,1,https://www.ahrq.gov/sites/default/files/wysiwyg/chsp/compendium/chsp-hospital-linkage-2023.xlsx
300011,CHSP00006486,St. Joseph Hospital,Nashua,NH,HSI00000287,Covenant Health Systems,1,1,nonprofit,160,0,https://www.ahrq.gov/sites/default/files/wysiwyg/chsp/compendium/chsp-hospital-linkage-2023.xlsx
230070,CHSP00001506,Covenant Medical Center,Saginaw,MI,HSI00000288,Covenant Medical Center,1,2,church-operated,464,0,https://www.ahrq.gov/sites/default/files/wysiwyg/chsp/compendium/chsp-hospital-linkage-2023.xlsx
261325,CHSP00000446,Cox Barton County Hospital,Lamar,MO,HSI00000290,CoxHealth,1,1,nonprofit,25,0,https://www.ahrq.gov/sites/default/files/wysiwyg/chsp/compendium/chsp-hospital-linkage-2023.xlsx
265289,CHSP00007946,Cox Medical Center,Springfield,MO,HSI00000290,CoxHealth,0,,,,,https://www.ahrq.gov/sites/default/files/wysiwyg/chsp/compendium/chsp-hospital-linkage-2023.xlsx
260094,CHSP00001515,Cox Medical Center Branson,Branson,MO,HSI00000290,CoxHealth,1,1,nonprofit,144,0,https://www.ahrq.gov/sites/default/files/wysiwyg/chsp/compendium/chsp-hospital-linkage-2023.xlsx
261329,CHSP00001517,Cox-Monett Hospital,Monett,MO,HSI00000290,CoxHealth,1,1,nonprofit,25,0,https://www.ahrq.gov/sites/default/files/wysiwyg/chsp/compendium/chsp-hospital-linkage-2023.xlsx
260040,CHSP00001516,Coxhealth,Springfield,MO,HSI00000290,CoxHealth,1,1,nonprofit,792,0,https://www.ahrq.gov/sites/default/files/wysiwyg/chsp/compendium/chsp-hospital-linkage-2023.xlsx
301305,CHSP00000126,Alice Peck Day Memorial Hospital,Lebanon,NH,HSI00000299,Dartmouth-Hitchcock,1,1,nonprofit,24,0,https://www.ahrq.gov/sites/default/files/wysiwyg/chsp/compendium/chsp-hospital-linkage-2023.xlsx
300019,CHSP00001121,Cheshire Medical Center,Keene,NH,HSI00000299,Dartmouth-Hitchcock,1,1,nonprofit,86,0,https://www.ahrq.gov/sites/default/files/wysiwyg/chsp/compendium/chsp-hospital-linkage-2023.xlsx
300003,CHSP00001600,Mary Hitchcock Memorial Hosp,Lebanon,NH,HSI00000299,Dartmouth-Hitchcock,1,1,nonprofit,486,0,https://www.ahrq.gov/sites/default/files/wysiwyg/chsp/compendium/chsp-hospital-linkage-2023.xlsx
301304,CHSP00004476,New London Hospital,New London,NH,HSI00000299,Dartmouth-Hitchcock,1,1,nonprofit,25,0,https://www.ahrq.gov/sites/default/files/wysiwyg/chsp/compendium/chsp-hospital-linkage-2023.xlsx
301308,CHSP00007397,Valley Regional Hospital,Claremont,NH,HSI00000299,Dartmouth-Hitchcock,1,1,nonprofit,25,0,https://www.ahrq.gov/sites/default/files/wysiwyg/chsp/compendium/chsp-hospital-linkage-2023.xlsx
470011,CHSP00000696,Brattleboro Memorial Hospital,Brattleboro,VT,HSI00000299,Dartmouth-Hitchcock,1,1,nonprofit,47,0,https://www.ahrq.gov/sites/default/files/wysiwyg/chsp/compendium/chsp-hospital-linkage-2023.xlsx
471302,CHSP00004368,Mt Ascutney Hospital And Health Cent,Windsor,VT,HSI00000299,Dartmouth-Hitchcock,1,1,nonprofit,25,0,https://www.ahrq.gov/sites/default/files/wysiwyg/chsp/compendium/chsp-hospital-linkage-2023.xlsx
470012,CHSP00006319,Southwestern Vermont Medical Center,Bennington,VT,HSI00000299,Dartmouth-Hitchcock,1,1,nonprofit,53,0,https://www.ahrq.gov/sites/default/files/wysiwyg/chsp/compendium/chsp-hospital-linkage-2023.xlsx
511300,CHSP00000715,Broaddus Hospital Association,Philippi,WV,HSI00000300,Davis Health System,1,1,nonprofit,12,0,https://www.ahrq.gov/sites/default/files/wysiwyg/chsp/compendium/chsp-hospital-linkage-2023.xlsx
510030,CHSP00001606,Davis Memorial Hospital,Elkins,WV,HSI00000300,Davis Health System,1,1,nonprofit,90,0,https://www.ahrq.gov/sites/default/files/wysiwyg/chsp/compendium/chsp-hospital-linkage-2023.xlsx
511301,CHSP00007597,Webster Memorial Hospital,Webster Springs,WV,HSI00000300,Davis Health System,1,1,nonprofit,25,0,https://www.ahrq.gov/sites/default/files/wysiwyg/chsp/compendium/chsp-hospital-linkage-2023.xlsx
070003,CHSP00001608,Day Kimball Hospital,Putnam,CT,HSI00000301,Day Kimball Healthcare,1,1,nonprofit,104,0,https://www.ahrq.gov/sites/default/files/wysiwyg/chsp/compendium/chsp-hospital-linkage-2023.xlsx
363306,CHSP00001156,Dayton Childrens Hospital,Dayton,OH,HSI00000302,Dayton Childrens,1,1,nonprofit,181,0,https://www.ahrq.gov/sites/default/files/wysiwyg/chsp/compendium/chsp-hospital-linkage-2023.xlsx
140294,CHSP00001550,Crossroads Community Hospital,Mount Vernon,IL,HSI00000305,Deaconess Health System,1,5,for-profit,47,0,https://www.ahrq.gov/sites/default/files/wysiwyg/chsp/compendium/chsp-hospital-linkage-2023.xlsx
154042,CHSP00001624,Deaconess Cross Pointe,Evansville,IN,HSI00000305,Deaconess Health System,0,,,,,https://www.ahrq.gov/sites/default/files/wysiwyg/chsp/compendium/chsp-hospital-linkage-2023.xlsx
151319,CHSP00002201,Deaconess Gibson,Princeton,IN,HSI00000305,Deaconess Health System,1,1,nonprofit,25,0,https://www.ahrq.gov/sites/default/files/wysiwyg/chsp/compendium/chsp-hospital-linkage-2023.xlsx
150082,CHSP00001626,Deaconess Hospital,Evansville,IN,HSI00000305,Deaconess Health System,1,1,nonprofit,545,0,https://www.ahrq.gov/sites/default/files/wysiwyg/chsp/compendium/chsp-hospital-linkage-2023.xlsx
150149,CHSP00006974,Deaconess Womens Hospital,Newburgh,IN,HSI00000305,Deaconess Health System,1,5,for-profit,74,1,https://www.ahrq.gov/sites/default/files/wysiwyg/chsp/compendium/chsp-hospital-linkage-2023.xlsx
150175,CHSP00006916,The Heart Hospital At Deaconess Gateway,Newburgh,IN,HSI00000305,Deaconess Health System,0,,,,,https://www.ahrq.gov/sites/default/files/wysiwyg/chsp/compendium/chsp-hospital-linkage-2023.xlsx
180056,CHSP00004120,Deaconess Henderson Hospital,Henderson,KY,HSI00000305,Deaconess Health System,1,1,nonprofit,118,0,https://www.ahrq.gov/sites/default/files/wysiwyg/chsp/compendium/chsp-hospital-linkage-2023.xlsx
181306,CHSP00004124,Deaconness Union County Hospital,Morganfield,KY,HSI00000305,Deaconess Health System,1,1,nonprofit,25,0,https://www.ahrq.gov/sites/default/files/wysiwyg/chsp/compendium/chsp-hospital-linkage-2023.xlsx
390203,CHSP00001718,Doylestown Hospital,Doylestown,PA,HSI00000320,Doylestown Health,1,1,nonprofit,247,0,https://www.ahrq.gov/sites/default/files/wysiwyg/chsp/compendium/chsp-hospital-linkage-2023.xlsx
453301,CHSP00001727,Driscoll Childrens Hospital,Corpus Christi,TX,HSI00000321,Driscoll Childrens Hospital,1,1,nonprofit,215,0,https://www.ahrq.gov/sites/default/files/wysiwyg/chsp/compendium/chsp-hospital-linkage-2023.xlsx
340073,CHSP00001731,Duke Raleigh Hospital,Raleigh,NC,HSI00000323,Duke University Health System,1,1,nonprofit,186,0,https://www.ahrq.gov/sites/default/files/wysiwyg/chsp/compendium/chsp-hospital-linkage-2023.xlsx
340155,CHSP00001732,Duke Regional Hospital,Durham,NC,HSI00000323,Duke University Health System,1,3,public/government,301,0,https://www.ahrq.gov/sites/default/files/wysiwyg/chsp/compendium/chsp-hospital-linkage-2023.xlsx
340030,CHSP00001733,Duke University Hospital,Durham,NC,HSI00000323,Duke University Health System,1,1,nonprofit,1048,0,https://www.ahrq.gov/sites/default/files/wysiwyg/chsp/compendium/chsp-hospital-linkage-2023.xlsx
443303,CHSP00001762,East Tennessee Childrens Hospital,Knoxville,TN,HSI00000327,East Tennessee Childrens Hospital Association,1,1,nonprofit,,,https://www.ahrq.gov/sites/default/files/wysiwyg/chsp/compendium/chsp-hospital-linkage-2023.xlsx
204006,CHSP00000043,Acadia Hospital,Bangor,ME,HSI00000330,Northern Light Health,0,1,nonprofit,68,0,https://www.ahrq.gov/sites/default/files/wysiwyg/chsp/compendium/chsp-hospital-linkage-2023.xlsx
201300,CHSP00000636,Blue Hill Memorial Hospital,Blue Hill,ME,HSI00000330,Northern Light Health,1,1,nonprofit,25,0,https://www.ahrq.gov/sites/default/files/wysiwyg/chsp/compendium/chsp-hospital-linkage-2023.xlsx
201301,CHSP00001104,Charles A Dean Memorial Hospital,Greenville,ME,HSI00000330,Northern Light Health,1,1,nonprofit,25,0,https://www.ahrq.gov/sites/default/files/wysiwyg/chsp/compendium/chsp-hospital-linkage-2023.xlsx
200033,CHSP00001783,Eastern Maine Medical Center,Bangor,ME,HSI00000330,Northern Light Health,1,1,nonprofit,313,0,https://www.ahrq.gov/sites/default/files/wysiwyg/chsp/compendium/chsp-hospital-linkage-2023.xlsx
201308,CHSP00002793,Houlton Regional Hospital,Houlton,ME,HSI00000330,Northern Light Health,1,1,nonprofit,25,0,https://www.ahrq.gov/sites/default/files/wysiwyg/chsp/compendium/chsp-hospital-linkage-2023.xlsx
200041,CHSP00002883,Inland Hospital,Waterville,ME,HSI00000330,Northern Light Health,1,1,nonprofit,33,0,https://www.ahrq.gov/sites/default/files/wysiwyg/chsp/compendium/chsp-hospital-linkage-2023.xlsx
200050,CHSP00003676,Maine Coast Memorial Hospital,Ellsworth,ME,HSI00000330,Northern Light Health,1,1,nonprofit,45,0,https://www.ahrq.gov/sites/default/files/wysiwyg/chsp/compendium/chsp-hospital-linkage-2023.xlsx
201309,CHSP00003793,Mayo Regional Hospital,Dover-Foxcroft,ME,HSI00000330,Northern Light Health,1,3,public/government,25,0,https://www.ahrq.gov/sites/default/files/wysiwyg/chsp/compendium/chsp-hospital-linkage-2023.xlsx
200008,CHSP00004040,Mercy Hospital,Portland,ME,HSI00000330,Northern Light Health,1,1,nonprofit,77,0,https://www.ahrq.gov/sites/default/files/wysiwyg/chsp/compendium/chsp-hospital-linkage-2023.xlsx
201313,CHSP00005936,Sebasticook Valley Hospital,Pittsfield,ME,HSI00000330,Northern Light Health,1,1,nonprofit,25,0,https://www.ahrq.gov/sites/default/files/wysiwyg/chsp/compendium/chsp-hospital-linkage-2023.xlsx
200018,CHSP00000230,The Aroostook Medical Center,Presque Isle,ME,HSI00000330,Northern Light Health,1,1,nonprofit,44,0,https://www.ahrq.gov/sites/default/files/wysiwyg/chsp/compendium/chsp-hospital-linkage-2023.xlsx
050573,CHSP00001817,Eisenhower Medical Center,Rancho Mirage,CA,HSI00000335,Eisenhower Health,1,1,nonprofit,362,0,https://www.ahrq.gov/sites/default/files/wysiwyg/chsp/compendium/chsp-hospital-linkage-2023.xlsx
300012,CHSP00001838,Elliot Hospital,Manchester,NH,HSI00000338,Solutionhealth,1,1,nonprofit,215,0,https://www.ahrq.gov/sites/default/files/wysiwyg/chsp/compendium/chsp-hospital-linkage-2023.xlsx
300020,CHSP00006280,Southern Nh Medical Center,Nashua,NH,HSI00000338,Solutionhealth,1,1,nonprofit,138,0,https://www.ahrq.gov/sites/default/files/wysiwyg/chsp/compendium/chsp-hospital-linkage-2023.xlsx
330339,CHSP00001840,Bellevue Womans Center,Schenectady,NY,HSI00000339,Ellis Medicine,1,,,,,https://www.ahrq.gov/sites/default/files/wysiwyg/chsp/compendium/chsp-hospital-linkage-2023.xlsx
330153,CHSP00001839,Ellis Hospital,Schenectady,NY,HSI00000339,Ellis Medicine,1,1,nonprofit,270,0,https://www.ahrq.gov/sites/default/files/wysiwyg/chsp/compendium/chsp-hospital-linkage-2023.xlsx
220084,CHSP00001853,Emerson Hospital,Concord,MA,HSI00000340,Emerson Hospital Health System,1,1,nonprofit,111,0,https://www.ahrq.gov/sites/default/files/wysiwyg/chsp/compendium/chsp-hospital-linkage-2023.xlsx
110089,CHSP00001295,Coffee Regional Medical Center,Douglas,GA,HSI00000342,Emory Healthcare,1,1,nonprofit,82,0,https://www.ahrq.gov/sites/default/files/wysiwyg/chsp/compendium/chsp-hospital-linkage-2023.xlsx
110076,CHSP00001617,Emory Decatur Hospital,Decatur,GA,HSI00000342,Emory Healthcare,1,3,public/government,393,0,https://www.ahrq.gov/sites/default/files/wysiwyg/chsp/compendium/chsp-hospital-linkage-2023.xlsx
110226,CHSP00001616,Emory Hillandale Hospital,Lithonia,GA,HSI00000342,Emory Healthcare,1,3,public/government,90,0,https://www.ahrq.gov/sites/default/files/wysiwyg/chsp/compendium/chsp-hospital-linkage-2023.xlsx
110230,CHSP00001858,Emory Johns Creek Hospital,Johns Creek,GA,HSI00000342,Emory Healthcare,1,1,nonprofit,154,0,https://www.ahrq.gov/sites/default/files/wysiwyg/chsp/compendium/chsp-hospital-linkage-2023.xlsx
112006,CHSP00001615,Emory Long Term Acute Care,Decatur,GA,HSI00000342,Emory Healthcare,0,3,public/government,56,0,https://www.ahrq.gov/sites/default/files/wysiwyg/chsp/compendium/chsp-hospital-linkage-2023.xlsx
113031,CHSP00001859,Emory Rehabilitation Hospital,Atlanta,GA,HSI00000342,Emory Healthcare,0,1,nonprofit,56,0,https://www.ahrq.gov/sites/default/files/wysiwyg/chsp/compendium/chsp-hospital-linkage-2023.xlsx
110010,CHSP00001861,Emory University Hospital,Atlanta,GA,HSI00000342,Emory Healthcare,1,1,nonprofit,639,0,https://www.ahrq.gov/sites/default/files/wysiwyg/chsp/compendium/chsp-hospital-linkage-2023.xlsx
110078,CHSP00001862,Emory University Hospital Midtown,Atlanta,GA,HSI00000342,Emory Healthcare,1,1,nonprofit,548,0,https://www.ahrq.gov/sites/default/files/wysiwyg/chsp/compendium/chsp-hospital-linkage-2023.xlsx
110082,CHSP00001860,St. Josephs Of Atlanta,Atlanta,GA,HSI00000342,Emory Healthcare,1,1,nonprofit,344,0,https://www.ahrq.gov/sites/default/files/wysiwyg/chsp/compendium/chsp-hospital-linkage-2023.xlsx
050039,CHSP00001870,Enloe Medical Center,Chico,CA,HSI00000345,Enloe Medical Center,1,1,nonprofit,258,0,https://www.ahrq.gov/sites/default/files/wysiwyg/chsp/compendium/chsp-hospital-linkage-2023.xlsx
180048,CHSP00001874,Ephraim Mcdowell Reg Med Ctr,Danville,KY,HSI00000346,Ephraim Mcdowell Health,1,1,nonprofit,157,0,https://www.ahrq.gov/sites/default/files/wysiwyg/chsp/compendium/chsp-hospital-linkage-2023.xlsx
181315,CHSP00001873,Fort Logan Hospital,Stanford,KY,HSI00000346,Ephraim Mcdowell Health,1,1,nonprofit,25,0,https://www.ahrq.gov/sites/default/files/wysiwyg/chsp/compendium/chsp-hospital-linkage-2023.xlsx
181302,CHSP00002957,James B Haggin Memorial Hospital,Harrodsburg,KY,HSI00000346,Ephraim Mcdowell Health,1,1,nonprofit,25,0,https://www.ahrq.gov/sites/default/files/wysiwyg/chsp/compendium/chsp-hospital-linkage-2023.xlsx
330395,CHSP00006476,Episcopal Health Services,Far Rockaway,NY,HSI00000347,Episcopal Health Services,1,1,nonprofit,140,1,https://www.ahrq.gov/sites/default/files/wysiwyg/chsp/compendium/chsp-hospital-linkage-2023.xlsx
131321,CHSP00006566,St. Marys Health,Cottonwood,ID,HSI00000350,Essentia Health,1,2,church-operated,25,0,https://www.ahrq.gov/sites/default/files/wysiwyg/chsp/compendium/chsp-hospital-linkage-2023.xlsx
241313,CHSP00001885,Bridges Medical Center,Ada,MN,HSI00000350,Essentia Health,1,1,nonprofit,14,0,https://www.ahrq.gov/sites/default/files/wysiwyg/chsp/compendium/chsp-hospital-linkage-2023.xlsx
241360,CHSP00001895,Deer River Healthcare Center  Inc.,Deer River,MN,HSI00000350,Essentia Health,1,1,nonprofit,20,0,https://www.ahrq.gov/sites/default/files/wysiwyg/chsp/compendium/chsp-hospital-linkage-2023.xlsx
243416,CHSP00007995,Essentia Health Ada,Ada,MN,HSI00000350,Essentia Health,1,,,,,https://www.ahrq.gov/sites/default/files/wysiwyg/chsp/compendium/chsp-hospital-linkage-2023.xlsx
247223,CHSP00007996,Essentia Health Deer River,Deer River,MN,HSI00000350,Essentia Health,1,,,,,https://www.ahrq.gov/sites/default/files/wysiwyg/chsp/compendium/chsp-hospital-linkage-2023.xlsx
243997,CHSP00007997,Essentia Health Graceville,Graceville,MN,HSI00000350,Essentia Health,1,,,,,https://www.ahrq.gov/sites/default/files/wysiwyg/chsp/compendium/chsp-hospital-linkage-2023.xlsx
241350,CHSP00004004,Essentia Health Moose Lake,Moose Lake,MN,HSI00000350,Essentia Health,1,3,public/government,25,0,https://www.ahrq.gov/sites/default/files/wysiwyg/chsp/compendium/chsp-hospital-linkage-2023.xlsx
240084,CHSP00001897,Essentia Health Virginia,Virginia,MN,HSI00000350,Essentia Health,1,1,nonprofit,49,0,https://www.ahrq.gov/sites/default/files/wysiwyg/chsp/compendium/chsp-hospital-linkage-2023.xlsx
241357,CHSP00001888,First Care Medical Services,Fosston,MN,HSI00000350,Essentia Health,1,1,nonprofit,25,0,https://www.ahrq.gov/sites/default/files/wysiwyg/chsp/compendium/chsp-hospital-linkage-2023.xlsx
241321,CHSP00001896,Graceville Health Center,Graceville,MN,HSI00000350,Essentia Health,1,1,nonprofit,15,0,https://www.ahrq.gov/sites/default/files/wysiwyg/chsp/compendium/chsp-hospital-linkage-2023.xlsx
241340,CHSP00001889,Northern Pines Medical Center,Aurora,MN,HSI00000350,Essentia Health,1,1,nonprofit,16,0,https://www.ahrq.gov/sites/default/files/wysiwyg/chsp/compendium/chsp-hospital-linkage-2023.xlsx
241309,CHSP00001890,Pine Medical Center,Sandstone,MN,HSI00000350,Essentia Health,1,1,nonprofit,9,0,https://www.ahrq.gov/sites/default/files/wysiwyg/chsp/compendium/chsp-hospital-linkage-2023.xlsx
240019,CHSP00001886,Smdc Medical Center,Duluth,MN,HSI00000350,Essentia Health,1,1,nonprofit,118,1,https://www.ahrq.gov/sites/default/files/wysiwyg/chsp/compendium/chsp-hospital-linkage-2023.xlsx
240075,CHSP00001891,St. Josephs Medical Center,Brainerd,MN,HSI00000350,Essentia Health,1,2,church-operated,127,0,https://www.ahrq.gov/sites/default/files/wysiwyg/chsp/compendium/chsp-hospital-linkage-2023.xlsx
240002,CHSP00001894,St. Marys Medical Center,Duluth,MN,HSI00000350,Essentia Health,1,1,nonprofit,329,0,https://www.ahrq.gov/sites/default/files/wysiwyg/chsp/compendium/chsp-hospital-linkage-2023.xlsx
240101,CHSP00001892,St. Marys Regional Health Center,Detroit Lakes,MN,HSI00000350,Essentia Health,1,2,church-operated,36,0,https://www.ahrq.gov/sites/default/files/wysiwyg/chsp/compendium/chsp-hospital-linkage-2023.xlsx
350070,CHSP00001887,Innovis Health,Fargo,ND,HSI00000350,Essentia Health,1,1,nonprofit,142,0,https://www.ahrq.gov/sites/default/files/wysiwyg/chsp/compendium/chsp-hospital-linkage-2023.xlsx
521329,CHSP00001893,St Marys Hospital Superior,Superior,WI,HSI00000350,Essentia Health,1,1,nonprofit,16,0,https://www.ahrq.gov/sites/default/files/wysiwyg/chsp/compendium/chsp-hospital-linkage-2023.xlsx
390013,CHSP00001905,Evangelical Community Hospital,Lewisburg,PA,HSI00000352,Evangelical Community Hospital,1,1,nonprofit,119,0,https://www.ahrq.gov/sites/default/files/wysiwyg/chsp/compendium/chsp-hospital-linkage-2023.xlsx
390217,CHSP00001915,Frick Hospital,Mount Pleasant,PA,HSI00000354,Excela Health,1,1,nonprofit,33,0,https://www.ahrq.gov/sites/default/files/wysiwyg/chsp/compendium/chsp-hospital-linkage-2023.xlsx
390219,CHSP00001917,Latrobe Area Hospital,Latrobe,PA,HSI00000354,Excela Health,1,1,nonprofit,115,0,https://www.ahrq.gov/sites/default/files/wysiwyg/chsp/compendium/chsp-hospital-linkage-2023.xlsx
390145,CHSP00001916,Westmoreland Regional  Hospital,Greensburg,PA,HSI00000354,Excela Health,1,1,nonprofit,283,0,https://www.ahrq.gov/sites/default/files/wysiwyg/chsp/compendium/chsp-hospital-linkage-2023.xlsx
300023,CHSP00001919,Exeter Hospital  Inc.,Exeter,NH,HSI00000355,Exeter Health Resources,1,1,nonprofit,99,0,https://www.ahrq.gov/sites/default/files/wysiwyg/chsp/compendium/chsp-hospital-linkage-2023.xlsx
360072,CHSP00001931,Fairfield Medical Center,Lancaster,OH,HSI00000356,Fairfield Medical Center,1,1,nonprofit,185,0,https://www.ahrq.gov/sites/default/files/wysiwyg/chsp/compendium/chsp-hospital-linkage-2023.xlsx
242024,CHSP00008886,Bethesda Hospital,Saint Paul,MN,HSI00000357,Fairview Health Services,0,,,,,https://www.ahrq.gov/sites/default/files/wysiwyg/chsp/compendium/chsp-hospital-linkage-2023.xlsx
240141,CHSP00001941,Fairview Northland Reg,Princeton,MN,HSI00000357,Fairview Health Services,1,2,church-operated,34,0,https://www.ahrq.gov/sites/default/files/wysiwyg/chsp/compendium/chsp-hospital-linkage-2023.xlsx
240207,CHSP00001945,Fairview Ridges Hospital,Burnsville,MN,HSI00000357,Fairview Health Services,1,2,church-operated,172,0,https://www.ahrq.gov/sites/default/files/wysiwyg/chsp/compendium/chsp-hospital-linkage-2023.xlsx
240064,CHSP00002281,Grand Itasca Clinic And Hospital,Grand Rapids,MN,HSI00000357,Fairview Health Services,1,1,nonprofit,34,0,https://www.ahrq.gov/sites/default/files/wysiwyg/chsp/compendium/chsp-hospital-linkage-2023.xlsx
240210,CHSP00006478,Healtheast  St Johns Hospital,Maplewood,MN,HSI00000357,Fairview Health Services,1,1,nonprofit,184,0,https://www.ahrq.gov/sites/default/files/wysiwyg/chsp/compendium/chsp-hospital-linkage-2023.xlsx
240213,CHSP00007815,Healtheast Woodwinds Hospital,Woodbury,MN,HSI00000357,Fairview Health Services,1,1,nonprofit,86,0,https://www.ahrq.gov/sites/default/files/wysiwyg/chsp/compendium/chsp-hospital-linkage-2023.xlsx
240050,CHSP00001940,M Health Fairview Lakes Medical Cent,Wyoming,MN,HSI00000357,Fairview Health Services,1,2,church-operated,55,0,https://www.ahrq.gov/sites/default/files/wysiwyg/chsp/compendium/chsp-hospital-linkage-2023.xlsx
241820,CHSP00008355,M Health Fairview Masonic Childrens Hospital,Minneapolis,MN,HSI00000357,Fairview Health Services,1,,,,,https://www.ahrq.gov/sites/default/files/wysiwyg/chsp/compendium/chsp-hospital-linkage-2023.xlsx
240078,CHSP00001946,M Health Fairview Southdale Hospital,Edina,MN,HSI00000357,Fairview Health Services,1,2,church-operated,327,0,https://www.ahrq.gov/sites/default/files/wysiwyg/chsp/compendium/chsp-hospital-linkage-2023.xlsx
240063,CHSP00006507,M Health Fairview St. Joseph's Hospital,Saint Paul,MN,HSI00000357,Fairview Health Services,0,,,,,https://www.ahrq.gov/sites/default/files/wysiwyg/chsp/compendium/chsp-hospital-linkage-2023.xlsx
240040,CHSP00005374,Range Regional Health Services,Hibbing,MN,HSI00000357,Fairview Health Services,1,1,nonprofit,72,1,https://www.ahrq.gov/sites/default/files/wysiwyg/chsp/compendium/chsp-hospital-linkage-2023.xlsx
240080,CHSP00007320,University Of Minnesota Medical Ctr,Minneapolis,MN,HSI00000357,Fairview Health Services,1,2,church-operated,647,0,https://www.ahrq.gov/sites/default/files/wysiwyg/chsp/compendium/chsp-hospital-linkage-2023.xlsx
521337,CHSP00006432,St Croix Regional Medical Center,St Croix Falls,WI,HSI00000357,Fairview Health Services,1,1,nonprofit,25,0,https://www.ahrq.gov/sites/default/files/wysiwyg/chsp/compendium/chsp-hospital-linkage-2023.xlsx
280125,CHSP00001949,Faith Regional Health Services,Norfolk,NE,HSI00000358,Faith Regional Health Services,1,1,nonprofit,122,0,https://www.ahrq.gov/sites/default/files/wysiwyg/chsp/compendium/chsp-hospital-linkage-2023.xlsx
281312,CHSP00002187,Genoa Community Hospital,Genoa,NE,HSI00000358,Faith Regional Health Services,1,3,public/government,19,0,https://www.ahrq.gov/sites/default/files/wysiwyg/chsp/compendium/chsp-hospital-linkage-2023.xlsx
281303,CHSP00004517,Niobrara Valley Hospital,Lynch,NE,HSI00000358,Faith Regional Health Services,1,1,nonprofit,15,0,https://www.ahrq.gov/sites/default/files/wysiwyg/chsp/compendium/chsp-hospital-linkage-2023.xlsx
281343,CHSP00007655,West Holt Memorial Hospital,Atkinson,NE,HSI00000358,Faith Regional Health Services,1,1,nonprofit,17,0,https://www.ahrq.gov/sites/default/files/wysiwyg/chsp/compendium/chsp-hospital-linkage-2023.xlsx
283300,CHSP00000685,Boys Town National Research Hospital,Omaha,NE,HSI00000360,Boys Town National Research Hospital,1,1,nonprofit,52,0,https://www.ahrq.gov/sites/default/files/wysiwyg/chsp/compendium/chsp-hospital-linkage-2023.xlsx
330058,CHSP00002186,Geneva General Hospital,Geneva,NY,HSI00000362,Finger Lakes Regional Health System,1,1,nonprofit,117,0,https://www.ahrq.gov/sites/default/files/wysiwyg/chsp/compendium/chsp-hospital-linkage-2023.xlsx
331314,CHSP00006191,Soldiers & Sailors Memorial Hospital,Penn Yan,NY,HSI00000362,Finger Lakes Regional Health System,1,1,nonprofit,25,0,https://www.ahrq.gov/sites/default/files/wysiwyg/chsp/compendium/chsp-hospital-linkage-2023.xlsx
360025,CHSP00001987,Firelands Regional Medical Center,Sandusky,OH,HSI00000363,Firelands Regional Health System,1,1,nonprofit,149,0,https://www.ahrq.gov/sites/default/files/wysiwyg/chsp/compendium/chsp-hospital-linkage-2023.xlsx
341303,CHSP00001994,Firsthealth Montgomery Memorial Cah,Troy,NC,HSI00000365,FirstHealth of the Carolinas,1,1,nonprofit,3,0,https://www.ahrq.gov/sites/default/files/wysiwyg/chsp/compendium/chsp-hospital-linkage-2023.xlsx
340115,CHSP00001995,Firsthealth Moore Regional Hospital,Pinehurst,NC,HSI00000365,FirstHealth of the Carolinas,1,1,nonprofit,412,0,https://www.ahrq.gov/sites/default/files/wysiwyg/chsp/compendium/chsp-hospital-linkage-2023.xlsx
340035,CHSP00001996,Firsthealth Moore Regional Hospital Richmond,Rockingham,NC,HSI00000365,FirstHealth of the Carolinas,1,,,,,https://www.ahrq.gov/sites/default/files/wysiwyg/chsp/compendium/chsp-hospital-linkage-2023.xlsx
360065,CHSP00001999,Fisher-Titus Medical Center,Norwalk,OH,HSI00000367,Fisher Titus Medical Center,1,1,nonprofit,78,0,https://www.ahrq.gov/sites/default/files/wysiwyg/chsp/compendium/chsp-hospital-linkage-2023.xlsx
100128,CHSP00006794,Tampa General Hospital,Tampa,FL,HSI00000368,Florida Health Sciences Center,1,1,nonprofit,1017,1,https://www.ahrq.gov/sites/default/files/wysiwyg/chsp/compendium/chsp-hospital-linkage-2023.xlsx
103051,CHSP00008859,Tampa General Rehabiliation Hospital,Tampa,FL,HSI00000368,Florida Health Sciences Center,0,5,for-profit,80,0,https://www.ahrq.gov/sites/default/files/wysiwyg/chsp/compendium/chsp-hospital-linkage-2023.xlsx
140172,CHSP00002097,Franciscan St. James Health,Olympia Fields,IL,HSI00000375,Franciscan Health,1,2,church-operated,129,0,https://www.ahrq.gov/sites/default/files/wysiwyg/chsp/compendium/chsp-hospital-linkage-2023.xlsx
150191,CHSP00008612,Franciscan Beacon Hospital,La Porte,IN,HSI00000375,Franciscan Health,1,1,nonprofit,8,0,https://www.ahrq.gov/sites/default/files/wysiwyg/chsp/compendium/chsp-hospital-linkage-2023.xlsx
150182,CHSP00002096,Franciscan Health Carmel,Carmel,IN,HSI00000375,Franciscan Health,1,,,,,https://www.ahrq.gov/sites/default/files/wysiwyg/chsp/compendium/chsp-hospital-linkage-2023.xlsx
150022,CHSP00002092,Franciscan Health Crawfordsville,Crawfordsville,IN,HSI00000375,Franciscan Health,1,1,nonprofit,29,0,https://www.ahrq.gov/sites/default/files/wysiwyg/chsp/compendium/chsp-hospital-linkage-2023.xlsx
150126,CHSP00002090,Franciscan Health Crown Point,Crown Point,IN,HSI00000375,Franciscan Health,1,2,church-operated,172,0,https://www.ahrq.gov/sites/default/files/wysiwyg/chsp/compendium/chsp-hospital-linkage-2023.xlsx
150004,CHSP00002098,Franciscan Health Hammond,Hammond,IN,HSI00000375,Franciscan Health,1,,,,,https://www.ahrq.gov/sites/default/files/wysiwyg/chsp/compendium/chsp-hospital-linkage-2023.xlsx
150162,CHSP00002094,Franciscan Health Indianapolis,Indianapolis,IN,HSI00000375,Franciscan Health,1,2,church-operated,410,0,https://www.ahrq.gov/sites/default/files/wysiwyg/chsp/compendium/chsp-hospital-linkage-2023.xlsx
150109,CHSP00002093,Franciscan Health Lafayette,Lafayette,IN,HSI00000375,Franciscan Health,1,2,church-operated,177,0,https://www.ahrq.gov/sites/default/files/wysiwyg/chsp/compendium/chsp-hospital-linkage-2023.xlsx
150015,CHSP00002091,Franciscan Health Michigan City,Michigan City,IN,HSI00000375,Franciscan Health,1,2,church-operated,133,0,https://www.ahrq.gov/sites/default/files/wysiwyg/chsp/compendium/chsp-hospital-linkage-2023.xlsx
150057,CHSP00002095,Franciscan Health Mooresville,Mooresville,IN,HSI00000375,Franciscan Health,1,1,nonprofit,80,0,https://www.ahrq.gov/sites/default/files/wysiwyg/chsp/compendium/chsp-hospital-linkage-2023.xlsx
150165,CHSP00002085,Franciscan Health Munster,Munster,IN,HSI00000375,Franciscan Health,1,2,church-operated,78,0,https://www.ahrq.gov/sites/default/files/wysiwyg/chsp/compendium/chsp-hospital-linkage-2023.xlsx
150193,CHSP00008773,Franciscan Health Orthopedic Carmel,Carmel,IN,HSI00000375,Franciscan Health,0,2,church-operated,20,0,https://www.ahrq.gov/sites/default/files/wysiwyg/chsp/compendium/chsp-hospital-linkage-2023.xlsx
151324,CHSP00002084,Franciscan Health Rensselaer,Rensselaer,IN,HSI00000375,Franciscan Health,1,2,church-operated,25,0,https://www.ahrq.gov/sites/default/files/wysiwyg/chsp/compendium/chsp-hospital-linkage-2023.xlsx
150090,CHSP00002089,Franciscan Health- Dyer,Dyer,IN,HSI00000375,Franciscan Health,1,2,church-operated,125,0,https://www.ahrq.gov/sites/default/files/wysiwyg/chsp/compendium/chsp-hospital-linkage-2023.xlsx
191317,CHSP00002948,Jackson Parish Hospital,Jonesboro,LA,HSI00000376,Franciscan Missionaries of Our Lady Health System,1,3,public/government,25,0,https://www.ahrq.gov/sites/default/files/wysiwyg/chsp/compendium/chsp-hospital-linkage-2023.xlsx
190263,CHSP00002602,Our Lady Of Lourdes Heart Hospital,Lafayette,LA,HSI00000376,Franciscan Missionaries of Our Lady Health System,0,,,,,https://www.ahrq.gov/sites/default/files/wysiwyg/chsp/compendium/chsp-hospital-linkage-2023.xlsx
190102,CHSP00004882,Our Lady Of Lourdes Rmc,Lafayette,LA,HSI00000376,Franciscan Missionaries of Our Lady Health System,1,2,church-operated,363,1,https://www.ahrq.gov/sites/default/files/wysiwyg/chsp/compendium/chsp-hospital-linkage-2023.xlsx
190196,CHSP00007804,Our Lady Of Lourdes Womens And Childrens Hospital,Lafayette,LA,HSI00000376,Franciscan Missionaries of Our Lady Health System,1,,,,,https://www.ahrq.gov/sites/default/files/wysiwyg/chsp/compendium/chsp-hospital-linkage-2023.xlsx
190312,CHSP00004884,Our Lady Of The Angels Hospital Mc,Bogalusa,LA,HSI00000376,Franciscan Missionaries of Our Lady Health System,1,2,church-operated,36,1,https://www.ahrq.gov/sites/default/files/wysiwyg/chsp/compendium/chsp-hospital-linkage-2023.xlsx
190064,CHSP00004887,Our Lady Of The Lake  Rmc,Baton Rouge,LA,HSI00000376,Franciscan Missionaries of Our Lady Health System,1,2,church-operated,647,1,https://www.ahrq.gov/sites/default/files/wysiwyg/chsp/compendium/chsp-hospital-linkage-2023.xlsx
190242,CHSP00006445,Our Lady Of The Lake Ascension Community Hospital Inc,Gonzales,LA,HSI00000376,Franciscan Missionaries of Our Lady Health System,1,,,,,https://www.ahrq.gov/sites/default/files/wysiwyg/chsp/compendium/chsp-hospital-linkage-2023.xlsx
191303,CHSP00000259,Our Lady Of The Lake Assumption Com,Napoleonville,LA,HSI00000376,Franciscan Missionaries of Our Lady Health System,1,2,church-operated,15,0,https://www.ahrq.gov/sites/default/files/wysiwyg/chsp/compendium/chsp-hospital-linkage-2023.xlsx
190255,CHSP00004958,Park Place Surgery Center,Lafayette,LA,HSI00000376,Franciscan Missionaries of Our Lady Health System,0,5,for-profit,10,0,https://www.ahrq.gov/sites/default/files/wysiwyg/chsp/compendium/chsp-hospital-linkage-2023.xlsx
190125,CHSP00006455,St. Francis Medical Center,Monroe,LA,HSI00000376,Franciscan Missionaries of Our Lady Health System,1,2,church-operated,328,1,https://www.ahrq.gov/sites/default/files/wysiwyg/chsp/compendium/chsp-hospital-linkage-2023.xlsx
250048,CHSP00006437,St. Dominic-Jackson Memorial Hosp,Jackson,MS,HSI00000376,Franciscan Missionaries of Our Lady Health System,1,2,church-operated,526,0,https://www.ahrq.gov/sites/default/files/wysiwyg/chsp/compendium/chsp-hospital-linkage-2023.xlsx
210005,CHSP00002114,Frederick Memorial Hospital,Frederick,MD,HSI00000380,Frederick Regional Health System,1,1,nonprofit,279,0,https://www.ahrq.gov/sites/default/files/wysiwyg/chsp/compendium/chsp-hospital-linkage-2023.xlsx
261331,CHSP00002119,Freeman Neosho Hospital,Neosho,MO,HSI00000381,Freeman Health System,1,1,nonprofit,21,0,https://www.ahrq.gov/sites/default/files/wysiwyg/chsp/compendium/chsp-hospital-linkage-2023.xlsx
260137,CHSP00002117,Freeman Oak Hill Health System,Joplin,MO,HSI00000381,Freeman Health System,1,1,nonprofit,363,0,https://www.ahrq.gov/sites/default/files/wysiwyg/chsp/compendium/chsp-hospital-linkage-2023.xlsx
140160,CHSP00001923,Fhn Memorial Hospital,Freeport,IL,HSI00000382,Freeport Health Network,1,1,nonprofit,100,0,https://www.ahrq.gov/sites/default/files/wysiwyg/chsp/compendium/chsp-hospital-linkage-2023.xlsx
520103,CHSP00001393,Community Memorial Hospital,Menomonee Falls,WI,HSI00000386,Froedtert and the Medical College of Wisconsin,1,1,nonprofit,186,0,https://www.ahrq.gov/sites/default/files/wysiwyg/chsp/compendium/chsp-hospital-linkage-2023.xlsx
520213,CHSP00008613,Froedtert Hlth Neighorhood Hosp Llc,New Berlin,WI,HSI00000386,Froedtert and the Medical College of Wisconsin,1,1,nonprofit,16,0,https://www.ahrq.gov/sites/default/files/wysiwyg/chsp/compendium/chsp-hospital-linkage-2023.xlsx
520177,CHSP00002131,Froedtert Mem. Lutheran Hospt.,Milwaukee,WI,HSI00000386,Froedtert and the Medical College of Wisconsin,1,1,nonprofit,731,0,https://www.ahrq.gov/sites/default/files/wysiwyg/chsp/compendium/chsp-hospital-linkage-2023.xlsx
522335,CHSP00008774,Froedtert Pleasant Prairie Hospital,Pleasant Prairie,WI,HSI00000386,Froedtert and the Medical College of Wisconsin,1,,,,,https://www.ahrq.gov/sites/default/files/wysiwyg/chsp/compendium/chsp-hospital-linkage-2023.xlsx
520107,CHSP00002722,Holy Family Memorial Inc,Manitowoc,WI,HSI00000386,Froedtert and the Medical College of Wisconsin,1,1,nonprofit,58,0,https://www.ahrq.gov/sites/default/files/wysiwyg/chsp/compendium/chsp-hospital-linkage-2023.xlsx
520063,CHSP00006506,St. Josephs Comm. Hospt.,West Bend,WI,HSI00000386,Froedtert and the Medical College of Wisconsin,1,1,nonprofit,70,0,https://www.ahrq.gov/sites/default/files/wysiwyg/chsp/compendium/chsp-hospital-linkage-2023.xlsx
390001,CHSP00002172,Community Medical Center,Scranton,PA,HSI00000388,Geisinger,1,1,nonprofit,266,0,https://www.ahrq.gov/sites/default/files/wysiwyg/chsp/compendium/chsp-hospital-linkage-2023.xlsx
390003,CHSP00002171,Geisinger Bloomsburg Hospital,Bloomsburg,PA,HSI00000388,Geisinger,1,1,nonprofit,40,0,https://www.ahrq.gov/sites/default/files/wysiwyg/chsp/compendium/chsp-hospital-linkage-2023.xlsx
390048,CHSP00002173,Geisinger Lewistown Hospital,Lewistown,PA,HSI00000388,Geisinger,1,1,nonprofit,107,0,https://www.ahrq.gov/sites/default/files/wysiwyg/chsp/compendium/chsp-hospital-linkage-2023.xlsx
390006,CHSP00002168,Geisinger Medical Center,Danville,PA,HSI00000388,Geisinger,1,1,nonprofit,525,0,https://www.ahrq.gov/sites/default/files/wysiwyg/chsp/compendium/chsp-hospital-linkage-2023.xlsx
390337,CHSP00008776,Geisinger Medical Center Muncy,Muncy,PA,HSI00000388,Geisinger,1,1,nonprofit,20,0,https://www.ahrq.gov/sites/default/files/wysiwyg/chsp/compendium/chsp-hospital-linkage-2023.xlsx
390189,CHSP00002175,Geisinger Shamokin Area Community Hospital,Coal Township,PA,HSI00000388,Geisinger,1,,,,,https://www.ahrq.gov/sites/default/files/wysiwyg/chsp/compendium/chsp-hospital-linkage-2023.xlsx
390169,CHSP00002169,Geisinger South Wilkes Barre,Wilkes Barre,PA,HSI00000388,Geisinger,1,,,,,https://www.ahrq.gov/sites/default/files/wysiwyg/chsp/compendium/chsp-hospital-linkage-2023.xlsx
390270,CHSP00002170,Geisinger Wyoming Valley Med Ctr,Wilkes Barre,PA,HSI00000388,Geisinger,1,1,nonprofit,309,0,https://www.ahrq.gov/sites/default/files/wysiwyg/chsp/compendium/chsp-hospital-linkage-2023.xlsx
391300,CHSP00003000,Jersey Shore Hospital,Jersey Shore,PA,HSI00000388,Geisinger,1,1,nonprofit,25,0,https://www.ahrq.gov/sites/default/files/wysiwyg/chsp/compendium/chsp-hospital-linkage-2023.xlsx
360039,CHSP00002179,Genesis Healthcare System,Zanesville,OH,HSI00000391,Genesis Healthcare System,1,2,church-operated,277,0,https://www.ahrq.gov/sites/default/files/wysiwyg/chsp/compendium/chsp-hospital-linkage-2023.xlsx
320004,CHSP00002197,Gerald Champion Regional Medical Ctr,Alamogordo,NM,HSI00000394,Gerald Champion Regional Medical Center,1,1,nonprofit,66,0,https://www.ahrq.gov/sites/default/files/wysiwyg/chsp/compendium/chsp-hospital-linkage-2023.xlsx
330191,CHSP00002222,Glens Falls Hospital,Glens Falls,NY,HSI00000401,Glens Falls Hospital,1,1,nonprofit,391,0,https://www.ahrq.gov/sites/default/files/wysiwyg/chsp/compendium/chsp-hospital-linkage-2023.xlsx
390057,CHSP00002285,Grand View Hospital,Sellersville,PA,HSI00000415,Grand View Hospital,1,1,nonprofit,180,0,https://www.ahrq.gov/sites/default/files/wysiwyg/chsp/compendium/chsp-hospital-linkage-2023.xlsx
381321,CHSP00002286,Grande Ronde Hospital,La Grande,OR,HSI00000416,Grande Ronde Hospital and Clinics,1,1,nonprofit,25,0,https://www.ahrq.gov/sites/default/files/wysiwyg/chsp/compendium/chsp-hospital-linkage-2023.xlsx
160057,CHSP00002303,Southeast Iowa Regional Medical Ctr,West Burlington,IA,HSI00000421,Great River Health Systems,1,1,nonprofit,174,0,https://www.ahrq.gov/sites/default/files/wysiwyg/chsp/compendium/chsp-hospital-linkage-2023.xlsx
210044,CHSP00002305,Greater Baltimore Medical Center,Baltimore,MD,HSI00000422,GBMC Healthcare,1,1,nonprofit,265,0,https://www.ahrq.gov/sites/default/files/wysiwyg/chsp/compendium/chsp-hospital-linkage-2023.xlsx
330126,CHSP00004837,Garnet Health Medical Center,Middletown,NY,HSI00000423,Garnet Health,1,1,nonprofit,329,0,https://www.ahrq.gov/sites/default/files/wysiwyg/chsp/compendium/chsp-hospital-linkage-2023.xlsx
330386,CHSP00001023,Garnet Health Medical Center - Catsk,Harris,NY,HSI00000423,Garnet Health,1,1,nonprofit,76,0,https://www.ahrq.gov/sites/default/files/wysiwyg/chsp/compendium/chsp-hospital-linkage-2023.xlsx
331303,CHSP00002338,Garnet Health Medical Center - Catsk,Callicoon,NY,HSI00000423,Garnet Health,1,1,nonprofit,15,0,https://www.ahrq.gov/sites/default/files/wysiwyg/chsp/compendium/chsp-hospital-linkage-2023.xlsx
161316,CHSP00004924,Palmer Lutheran Health Center,West Union,IA,HSI00000428,Gundersen Health System,1,1,nonprofit,25,0,https://www.ahrq.gov/sites/default/files/wysiwyg/chsp/compendium/chsp-hospital-linkage-2023.xlsx
241335,CHSP00005711,St. Elizabeth Hosp. Of Wabasha  Inc.,Wabasha,MN,HSI00000428,Gundersen Health System,1,2,church-operated,14,0,https://www.ahrq.gov/sites/default/files/wysiwyg/chsp/compendium/chsp-hospital-linkage-2023.xlsx
528523,CHSP00008449,Gundersen Boscobel Area Hospital,Boscobel,WI,HSI00000428,Gundersen Health System,1,,,,,https://www.ahrq.gov/sites/default/files/wysiwyg/chsp/compendium/chsp-hospital-linkage-2023.xlsx
520087,CHSP00002351,Gundersen Lutheran Medical Center  I,La Crosse,WI,HSI00000428,Gundersen Health System,1,1,nonprofit,260,0,https://www.ahrq.gov/sites/default/files/wysiwyg/chsp/compendium/chsp-hospital-linkage-2023.xlsx
521344,CHSP00002350,Memorial Hospital Of Boscobel,Boscobel,WI,HSI00000428,Gundersen Health System,1,1,nonprofit,25,0,https://www.ahrq.gov/sites/default/files/wysiwyg/chsp/compendium/chsp-hospital-linkage-2023.xlsx
521309,CHSP00004326,Moundview Memorial Hospital,Friendship,WI,HSI00000428,Gundersen Health System,1,1,nonprofit,25,0,https://www.ahrq.gov/sites/default/files/wysiwyg/chsp/compendium/chsp-hospital-linkage-2023.xlsx
521304,CHSP00002352,St. Josephs Health Services,Hillsboro,WI,HSI00000428,Gundersen Health System,1,1,nonprofit,25,0,https://www.ahrq.gov/sites/default/files/wysiwyg/chsp/compendium/chsp-hospital-linkage-2023.xlsx
521316,CHSP00002353,Tri-County Memorial Hospital  Inc.,Whitehall,WI,HSI00000428,Gundersen Health System,1,1,nonprofit,25,0,https://www.ahrq.gov/sites/default/files/wysiwyg/chsp/compendium/chsp-hospital-linkage-2023.xlsx
330277,CHSP00002356,Corning Hospital,Corning,NY,HSI00000430,Guthrie Healthcare System,1,1,nonprofit,65,0,https://www.ahrq.gov/sites/default/files/wysiwyg/chsp/compendium/chsp-hospital-linkage-2023.xlsx
330175,CHSP00001493,Guthrie Cortland Medical Center,Cortland,NY,HSI00000430,Guthrie Healthcare System,1,1,nonprofit,84,0,https://www.ahrq.gov/sites/default/files/wysiwyg/chsp/compendium/chsp-hospital-linkage-2023.xlsx
390236,CHSP00002358,"Guthrie Robert Packer Hospital, Towanda Campus",Towanda,PA,HSI00000430,Guthrie Healthcare System,1,,,,,https://www.ahrq.gov/sites/default/files/wysiwyg/chsp/compendium/chsp-hospital-linkage-2023.xlsx
390079,CHSP00005569,Robert Packer Hospital,Sayre,PA,HSI00000430,Guthrie Healthcare System,1,1,nonprofit,252,0,https://www.ahrq.gov/sites/default/files/wysiwyg/chsp/compendium/chsp-hospital-linkage-2023.xlsx
391305,CHSP00007071,Troy Community Hospital,Troy,PA,HSI00000430,Guthrie Healthcare System,1,1,nonprofit,25,0,https://www.ahrq.gov/sites/default/files/wysiwyg/chsp/compendium/chsp-hospital-linkage-2023.xlsx
310112,CHSP00000514,Bayshore Medical Center,Holmdel,NJ,HSI00000439,Hackensack Meridian Health,1,1,nonprofit,175,0,https://www.ahrq.gov/sites/default/files/wysiwyg/chsp/compendium/chsp-hospital-linkage-2023.xlsx
319802,CHSP00008752,Donna A Sanzari Womens Hospital At Hackensack University Medical Center,Hackensack,NJ,HSI00000439,Hackensack Meridian Health,1,,,,,https://www.ahrq.gov/sites/default/files/wysiwyg/chsp/compendium/chsp-hospital-linkage-2023.xlsx
310001,CHSP00002467,Hackensack University Medical Center,Hackensack,NJ,HSI00000439,Hackensack Meridian Health,1,1,nonprofit,769,0,https://www.ahrq.gov/sites/default/files/wysiwyg/chsp/compendium/chsp-hospital-linkage-2023.xlsx
310052,CHSP00004746,Hmh -Ocean University Medical Center,Brick Township,NJ,HSI00000439,Hackensack Meridian Health,1,1,nonprofit,313,0,https://www.ahrq.gov/sites/default/files/wysiwyg/chsp/compendium/chsp-hospital-linkage-2023.xlsx
314012,CHSP00000990,Hmh Carrier Clinic,Belle Mead,NJ,HSI00000439,Hackensack Meridian Health,0,1,nonprofit,232,0,https://www.ahrq.gov/sites/default/files/wysiwyg/chsp/compendium/chsp-hospital-linkage-2023.xlsx
310073,CHSP00003001,Jersey Shore University Med Ctr,Neptune,NJ,HSI00000439,Hackensack Meridian Health,1,1,nonprofit,580,0,https://www.ahrq.gov/sites/default/files/wysiwyg/chsp/compendium/chsp-hospital-linkage-2023.xlsx
310105,CHSP00002928,Jfk Johnson Rehabilitation Institute At Hackensack Meridian Health,Edison,NJ,HSI00000439,Hackensack Meridian Health,0,,,,,https://www.ahrq.gov/sites/default/files/wysiwyg/chsp/compendium/chsp-hospital-linkage-2023.xlsx
310108,CHSP00002929,Jfk University Medical Center,Edison,NJ,HSI00000439,Hackensack Meridian Health,1,1,nonprofit,359,0,https://www.ahrq.gov/sites/default/files/wysiwyg/chsp/compendium/chsp-hospital-linkage-2023.xlsx
313033,CHSP00006117,Johnson Rehabilitation Institute At Hackensack Meridian Health Ocean Medical Center,Brick,NJ,HSI00000439,Hackensack Meridian Health,0,,,,,https://www.ahrq.gov/sites/default/files/wysiwyg/chsp/compendium/chsp-hospital-linkage-2023.xlsx
310003,CHSP00002470,Palisades Medical Center,North Bergen,NJ,HSI00000439,Hackensack Meridian Health,1,1,nonprofit,186,1,https://www.ahrq.gov/sites/default/files/wysiwyg/chsp/compendium/chsp-hospital-linkage-2023.xlsx
310039,CHSP00005385,Raritan Bay Medical Center,Perth Amboy,NJ,HSI00000439,Hackensack Meridian Health,1,1,nonprofit,270,0,https://www.ahrq.gov/sites/default/files/wysiwyg/chsp/compendium/chsp-hospital-linkage-2023.xlsx
310034,CHSP00005558,Riverview Medical Center,Red Bank,NJ,HSI00000439,Hackensack Meridian Health,1,1,nonprofit,267,0,https://www.ahrq.gov/sites/default/files/wysiwyg/chsp/compendium/chsp-hospital-linkage-2023.xlsx
310113,CHSP00006282,Southern Ocean Medical Center,Manahawkin,NJ,HSI00000439,Hackensack Meridian Health,1,1,nonprofit,156,0,https://www.ahrq.gov/sites/default/files/wysiwyg/chsp/compendium/chsp-hospital-linkage-2023.xlsx
110001,CHSP00002486,Hamilton Medical Center,Dalton,GA,HSI00000444,Hamilton Health Care System,1,2,church-operated,239,0,https://www.ahrq.gov/sites/default/files/wysiwyg/chsp/compendium/chsp-hospital-linkage-2023.xlsx
260025,CHSP00002498,Hannibal Regional Hospital,Hannibal,MO,HSI00000445,Hannibal Regional Healthcare System,1,1,nonprofit,86,0,https://www.ahrq.gov/sites/default/files/wysiwyg/chsp/compendium/chsp-hospital-linkage-2023.xlsx
070011,CHSP00006895,Charlotte Hungerford Hospital,Torrington,CT,HSI00000452,Hartford Healthcare,1,1,nonprofit,108,0,https://www.ahrq.gov/sites/default/files/wysiwyg/chsp/compendium/chsp-hospital-linkage-2023.xlsx
070025,CHSP00002538,Hartford Hospital,Hartford,CT,HSI00000452,Hartford Healthcare,1,1,nonprofit,723,0,https://www.ahrq.gov/sites/default/files/wysiwyg/chsp/compendium/chsp-hospital-linkage-2023.xlsx
070017,CHSP00004177,Midstate Medical Center,Meriden,CT,HSI00000452,Hartford Healthcare,1,1,nonprofit,143,0,https://www.ahrq.gov/sites/default/files/wysiwyg/chsp/compendium/chsp-hospital-linkage-2023.xlsx
074008,CHSP00004422,Natchaug Hospital,Mansfield Center,CT,HSI00000452,Hartford Healthcare,0,1,nonprofit,59,0,https://www.ahrq.gov/sites/default/files/wysiwyg/chsp/compendium/chsp-hospital-linkage-2023.xlsx
074000,CHSP00005787,Saint Vincents Medical Center Behavioral Health Services,Westport,CT,HSI00000452,Hartford Healthcare,0,,,,,https://www.ahrq.gov/sites/default/files/wysiwyg/chsp/compendium/chsp-hospital-linkage-2023.xlsx
070028,CHSP00006618,St. Vincents Medical Center,Bridgeport,CT,HSI00000452,Hartford Healthcare,1,1,nonprofit,219,0,https://www.ahrq.gov/sites/default/files/wysiwyg/chsp/compendium/chsp-hospital-linkage-2023.xlsx
070035,CHSP00006923,The Hospital Of Central Connecticut,New Britain,CT,HSI00000452,Hartford Healthcare,1,1,nonprofit,248,0,https://www.ahrq.gov/sites/default/files/wysiwyg/chsp/compendium/chsp-hospital-linkage-2023.xlsx
070009,CHSP00006924,The Hospital Of Central Connecticut,Southington,CT,HSI00000452,Hartford Healthcare,1,,,,,https://www.ahrq.gov/sites/default/files/wysiwyg/chsp/compendium/chsp-hospital-linkage-2023.xlsx
070024,CHSP00006971,The William W. Backus Hospital,Norwich,CT,HSI00000452,Hartford Healthcare,1,1,nonprofit,187,0,https://www.ahrq.gov/sites/default/files/wysiwyg/chsp/compendium/chsp-hospital-linkage-2023.xlsx
070021,CHSP00007769,Windham Community Memorial Hospital,Willimantic,CT,HSI00000452,Hartford Healthcare,1,1,nonprofit,46,0,https://www.ahrq.gov/sites/default/files/wysiwyg/chsp/compendium/chsp-hospital-linkage-2023.xlsx
123300,CHSP00003115,Kapiolani Med Ctr For Women & Childr,Honolulu,HI,HSI00000455,Hawaii Pacific Health,1,1,nonprofit,253,0,https://www.ahrq.gov/sites/default/files/wysiwyg/chsp/compendium/chsp-hospital-linkage-2023.xlsx
120026,CHSP00004919,Pali Momi Medical Center,Aiea,HI,HSI00000455,Hawaii Pacific Health,1,1,nonprofit,118,0,https://www.ahrq.gov/sites/default/files/wysiwyg/chsp/compendium/chsp-hospital-linkage-2023.xlsx
120022,CHSP00006680,Straub Clinic & Hospital,Honolulu,HI,HSI00000455,Hawaii Pacific Health,1,1,nonprofit,159,0,https://www.ahrq.gov/sites/default/files/wysiwyg/chsp/compendium/chsp-hospital-linkage-2023.xlsx
120014,CHSP00007728,Wilcox Memorial Hosptial,Lihue,HI,HSI00000455,Hawaii Pacific Health,1,1,nonprofit,72,0,https://www.ahrq.gov/sites/default/files/wysiwyg/chsp/compendium/chsp-hospital-linkage-2023.xlsx
100177,CHSP00002575,Cape Canaveral Hospital Inc,Cocoa Beach,FL,HSI00000461,Health First,1,1,nonprofit,150,0,https://www.ahrq.gov/sites/default/files/wysiwyg/chsp/compendium/chsp-hospital-linkage-2023.xlsx
100019,CHSP00002576,Holmes Regl Medical Center,Melbourne,FL,HSI00000461,Health First,1,1,nonprofit,550,0,https://www.ahrq.gov/sites/default/files/wysiwyg/chsp/compendium/chsp-hospital-linkage-2023.xlsx
100316,CHSP00002577,Palm Bay Hospital,Palm Bay,FL,HSI00000461,Health First,1,1,nonprofit,120,0,https://www.ahrq.gov/sites/default/files/wysiwyg/chsp/compendium/chsp-hospital-linkage-2023.xlsx
100315,CHSP00002578,Viera Hospital Inc,Melbourne,FL,HSI00000461,Health First,1,1,nonprofit,84,0,https://www.ahrq.gov/sites/default/files/wysiwyg/chsp/compendium/chsp-hospital-linkage-2023.xlsx
241355,CHSP00002216,Glencoe Regional Health Services,Glencoe,MN,HSI00000464,HealthPartners,1,1,nonprofit,25,0,https://www.ahrq.gov/sites/default/files/wysiwyg/chsp/compendium/chsp-hospital-linkage-2023.xlsx
245263,CHSP00008021,Glencoe Regional Health Services,Glencoe,MN,HSI00000464,HealthPartners,1,,,,,https://www.ahrq.gov/sites/default/files/wysiwyg/chsp/compendium/chsp-hospital-linkage-2023.xlsx
240187,CHSP00002835,Hutchinson Health Care,Hutchinson,MN,HSI00000464,HealthPartners,1,1,nonprofit,37,0,https://www.ahrq.gov/sites/default/files/wysiwyg/chsp/compendium/chsp-hospital-linkage-2023.xlsx
240066,CHSP00003386,Lakeview Memorial,Stillwater,MN,HSI00000464,HealthPartners,1,1,nonprofit,68,0,https://www.ahrq.gov/sites/default/files/wysiwyg/chsp/compendium/chsp-hospital-linkage-2023.xlsx
241306,CHSP00005356,Olivia  Hospital And Clinics,Olivia,MN,HSI00000464,HealthPartners,1,1,nonprofit,16,0,https://www.ahrq.gov/sites/default/files/wysiwyg/chsp/compendium/chsp-hospital-linkage-2023.xlsx
240053,CHSP00004957,Park Nicollet Methodist Hospital,Saint Louis Park,MN,HSI00000464,HealthPartners,1,1,nonprofit,352,0,https://www.ahrq.gov/sites/default/files/wysiwyg/chsp/compendium/chsp-hospital-linkage-2023.xlsx
240106,CHSP00005450,Regions Hospital,Saint Paul,MN,HSI00000464,HealthPartners,1,1,nonprofit,429,0,https://www.ahrq.gov/sites/default/files/wysiwyg/chsp/compendium/chsp-hospital-linkage-2023.xlsx
521308,CHSP00000173,Amery Regional Medical Center,Amery,WI,HSI00000464,HealthPartners,1,1,nonprofit,25,0,https://www.ahrq.gov/sites/default/files/wysiwyg/chsp/compendium/chsp-hospital-linkage-2023.xlsx
521335,CHSP00002813,Hudson Hospital,Hudson,WI,HSI00000464,HealthPartners,1,1,nonprofit,25,0,https://www.ahrq.gov/sites/default/files/wysiwyg/chsp/compendium/chsp-hospital-linkage-2023.xlsx
521345,CHSP00007692,Westfields Hospital,New Richmond,WI,HSI00000464,HealthPartners,1,1,nonprofit,25,0,https://www.ahrq.gov/sites/default/files/wysiwyg/chsp/compendium/chsp-hospital-linkage-2023.xlsx
450229,CHSP00002629,Hendrick Medical Center,Abilene,TX,HSI00000471,Hendrick Health System,1,2,church-operated,599,0,https://www.ahrq.gov/sites/default/files/wysiwyg/chsp/compendium/chsp-hospital-linkage-2023.xlsx
450587,CHSP00000748,Hendrick Medical Center Brownwood,Brownwood,TX,HSI00000471,Hendrick Health System,1,2,church-operated,57,0,https://www.ahrq.gov/sites/default/files/wysiwyg/chsp/compendium/chsp-hospital-linkage-2023.xlsx
450558,CHSP00000031,Hendrick Medical Center South,Abilene,TX,HSI00000471,Hendrick Health System,1,,,,,https://www.ahrq.gov/sites/default/files/wysiwyg/chsp/compendium/chsp-hospital-linkage-2023.xlsx
230047,CHSP00002643,Henry Ford Health Macomb Hospital,Clinton Township,MI,HSI00000475,Henry Ford Health,1,1,nonprofit,318,0,https://www.ahrq.gov/sites/default/files/wysiwyg/chsp/compendium/chsp-hospital-linkage-2023.xlsx
230146,CHSP00002647,Henry Ford Health Wyandotte Hospital,Wyandotte,MI,HSI00000475,Henry Ford Health,1,1,nonprofit,277,0,https://www.ahrq.gov/sites/default/files/wysiwyg/chsp/compendium/chsp-hospital-linkage-2023.xlsx
230053,CHSP00002640,Henry Ford Hospital,Detroit,MI,HSI00000475,Henry Ford Health,1,1,nonprofit,670,1,https://www.ahrq.gov/sites/default/files/wysiwyg/chsp/compendium/chsp-hospital-linkage-2023.xlsx
230302,CHSP00002646,Henry Ford West Bloomfield Hospital,West Bloomfield,MI,HSI00000475,Henry Ford Health,1,1,nonprofit,191,0,https://www.ahrq.gov/sites/default/files/wysiwyg/chsp/compendium/chsp-hospital-linkage-2023.xlsx
234011,CHSP00002641,Kingswood Hospital,Ferndale,MI,HSI00000475,Henry Ford Health,0,1,nonprofit,136,0,https://www.ahrq.gov/sites/default/files/wysiwyg/chsp/compendium/chsp-hospital-linkage-2023.xlsx
230092,CHSP00002639,W.A. Foote Memorial Hospital,Jackson,MI,HSI00000475,Henry Ford Health,1,1,nonprofit,331,0,https://www.ahrq.gov/sites/default/files/wysiwyg/chsp/compendium/chsp-hospital-linkage-2023.xlsx
390036,CHSP00002654,Heritage Valley Beaver,Beaver,PA,HSI00000476,Heritage Valley Health System,1,5,for-profit,148,0,https://www.ahrq.gov/sites/default/files/wysiwyg/chsp/compendium/chsp-hospital-linkage-2023.xlsx
390157,CHSP00004790,Heritage Valley Kennedy,Mckees Rocks,PA,HSI00000476,Heritage Valley Health System,1,1,nonprofit,87,0,https://www.ahrq.gov/sites/default/files/wysiwyg/chsp/compendium/chsp-hospital-linkage-2023.xlsx
390037,CHSP00002655,Heritage Valley Sewickley,Sewickley,PA,HSI00000476,Heritage Valley Health System,1,5,for-profit,130,0,https://www.ahrq.gov/sites/default/files/wysiwyg/chsp/compendium/chsp-hospital-linkage-2023.xlsx
221303,CHSP00000264,Athol Memorial Hospital,Athol,MA,HSI00000478,Heywood Healthcare,1,1,nonprofit,21,0,https://www.ahrq.gov/sites/default/files/wysiwyg/chsp/compendium/chsp-hospital-linkage-2023.xlsx
220095,CHSP00002659,Henry Heywood Memorial Hospital,Gardner,MA,HSI00000478,Heywood Healthcare,1,1,nonprofit,114,0,https://www.ahrq.gov/sites/default/files/wysiwyg/chsp/compendium/chsp-hospital-linkage-2023.xlsx
050224,CHSP00002703,Hoag Memorial Hospital Presbyterian,Newport Beach,CA,HSI00000484,Hoag Memorial Hospital Presbyterian,1,1,nonprofit,512,0,https://www.ahrq.gov/sites/default/files/wysiwyg/chsp/compendium/chsp-hospital-linkage-2023.xlsx
050769,CHSP00002705,Hoag Orthopedic Institute,Irvine,CA,HSI00000484,Hoag Memorial Hospital Presbyterian,0,5,for-profit,70,0,https://www.ahrq.gov/sites/default/files/wysiwyg/chsp/compendium/chsp-hospital-linkage-2023.xlsx
390097,CHSP00002724,Holy Redeemer Hospital,Meadowbrook,PA,HSI00000488,Holy Redeemer Health System,1,2,church-operated,213,1,https://www.ahrq.gov/sites/default/files/wysiwyg/chsp/compendium/chsp-hospital-linkage-2023.xlsx
360054,CHSP00002728,Holzer,Gallipolis,OH,HSI00000490,Holzer Health System,1,1,nonprofit,148,0,https://www.ahrq.gov/sites/default/files/wysiwyg/chsp/compendium/chsp-hospital-linkage-2023.xlsx
361320,CHSP00002729,Holzer Medical Center Jackson,Jackson,OH,HSI00000490,Holzer Health System,1,1,nonprofit,24,0,https://www.ahrq.gov/sites/default/files/wysiwyg/chsp/compendium/chsp-hospital-linkage-2023.xlsx
030092,CHSP00002731,Honorhealth Deer Valley Med Ctr,Phoenix,AZ,HSI00000491,HonorHealth,1,1,nonprofit,204,0,https://www.ahrq.gov/sites/default/files/wysiwyg/chsp/compendium/chsp-hospital-linkage-2023.xlsx
030014,CHSP00002733,Honorhealth John C. Lincoln Med Ctr,Phoenix,AZ,HSI00000491,HonorHealth,1,1,nonprofit,239,0,https://www.ahrq.gov/sites/default/files/wysiwyg/chsp/compendium/chsp-hospital-linkage-2023.xlsx
030038,CHSP00002736,Honorhealth Scottsdale Osborn Med Ct,Scottsdale,AZ,HSI00000491,HonorHealth,1,1,nonprofit,337,0,https://www.ahrq.gov/sites/default/files/wysiwyg/chsp/compendium/chsp-hospital-linkage-2023.xlsx
030087,CHSP00002737,Honorhealth Scottsdale Shea Med Ctr,Scottsdale,AZ,HSI00000491,HonorHealth,1,1,nonprofit,427,0,https://www.ahrq.gov/sites/default/files/wysiwyg/chsp/compendium/chsp-hospital-linkage-2023.xlsx
030123,CHSP00002738,Honorhealth Scottsdale Thompson Peak,Scottsdale,AZ,HSI00000491,HonorHealth,1,1,nonprofit,120,0,https://www.ahrq.gov/sites/default/files/wysiwyg/chsp/compendium/chsp-hospital-linkage-2023.xlsx
030146,CHSP00008623,Honorhealth Sonoran Crossing Med Ctr,Phoenix,AZ,HSI00000491,HonorHealth,1,1,nonprofit,79,0,https://www.ahrq.gov/sites/default/files/wysiwyg/chsp/compendium/chsp-hospital-linkage-2023.xlsx
034040,CHSP00008867,Via Linda Behavioral Hospital,Scottsdale,AZ,HSI00000491,HonorHealth,0,5,for-profit,52,0,https://www.ahrq.gov/sites/default/files/wysiwyg/chsp/compendium/chsp-hospital-linkage-2023.xlsx
140137,CHSP00002456,Greenville Regional Hospital,Greenville,IL,HSI00000496,Hospital Sisters Health System,1,1,nonprofit,28,0,https://www.ahrq.gov/sites/default/files/wysiwyg/chsp/compendium/chsp-hospital-linkage-2023.xlsx
140019,CHSP00006098,Hshs Good Shepherd Hospital,Shelbyville,IL,HSI00000496,Hospital Sisters Health System,1,1,nonprofit,30,1,https://www.ahrq.gov/sites/default/files/wysiwyg/chsp/compendium/chsp-hospital-linkage-2023.xlsx
141341,CHSP00004948,Pana Community Hospital,Pana,IL,HSI00000496,Hospital Sisters Health System,1,1,nonprofit,22,0,https://www.ahrq.gov/sites/default/files/wysiwyg/chsp/compendium/chsp-hospital-linkage-2023.xlsx
140166,CHSP00002464,St Marys Hospital,Decatur,IL,HSI00000496,Hospital Sisters Health System,1,2,church-operated,131,0,https://www.ahrq.gov/sites/default/files/wysiwyg/chsp/compendium/chsp-hospital-linkage-2023.xlsx
140032,CHSP00002457,St. Anthonys Memorial Hospital,Effingham,IL,HSI00000496,Hospital Sisters Health System,1,2,church-operated,133,0,https://www.ahrq.gov/sites/default/files/wysiwyg/chsp/compendium/chsp-hospital-linkage-2023.xlsx
140187,CHSP00002459,St. Elizabeth Hospital,O Fallon,IL,HSI00000496,Hospital Sisters Health System,1,2,church-operated,144,0,https://www.ahrq.gov/sites/default/files/wysiwyg/chsp/compendium/chsp-hospital-linkage-2023.xlsx
141350,CHSP00002460,St. Francis Hospital,Litchfield,IL,HSI00000496,Hospital Sisters Health System,1,2,church-operated,25,0,https://www.ahrq.gov/sites/default/files/wysiwyg/chsp/compendium/chsp-hospital-linkage-2023.xlsx
140053,CHSP00006477,St. Johns Hospital,Springfield,IL,HSI00000496,Hospital Sisters Health System,1,2,church-operated,442,0,https://www.ahrq.gov/sites/default/files/wysiwyg/chsp/compendium/chsp-hospital-linkage-2023.xlsx
140145,CHSP00002461,St. Josephs Hospital,Breese,IL,HSI00000496,Hospital Sisters Health System,1,2,church-operated,46,0,https://www.ahrq.gov/sites/default/files/wysiwyg/chsp/compendium/chsp-hospital-linkage-2023.xlsx
141336,CHSP00002462,St. Josephs Hospital-Highland Il,Highland,IL,HSI00000496,Hospital Sisters Health System,1,2,church-operated,25,0,https://www.ahrq.gov/sites/default/files/wysiwyg/chsp/compendium/chsp-hospital-linkage-2023.xlsx
521358,CHSP00004220,Door County Memorial Hospital,Sturgeon Bay,WI,HSI00000496,Hospital Sisters Health System,1,1,nonprofit,25,0,https://www.ahrq.gov/sites/default/files/wysiwyg/chsp/compendium/chsp-hospital-linkage-2023.xlsx
520013,CHSP00005675,Sacred Heart Hospital,Eau Claire,WI,HSI00000496,Hospital Sisters Health System,1,1,nonprofit,156,0,https://www.ahrq.gov/sites/default/files/wysiwyg/chsp/compendium/chsp-hospital-linkage-2023.xlsx
521310,CHSP00002458,St Clare Memorial Hospital  Inc,Oconto Falls,WI,HSI00000496,Hospital Sisters Health System,1,1,nonprofit,23,0,https://www.ahrq.gov/sites/default/files/wysiwyg/chsp/compendium/chsp-hospital-linkage-2023.xlsx
520017,CHSP00002463,St. Josephs Hospital,Chippewa Falls,WI,HSI00000496,Hospital Sisters Health System,1,2,church-operated,102,1,https://www.ahrq.gov/sites/default/files/wysiwyg/chsp/compendium/chsp-hospital-linkage-2023.xlsx
520097,CHSP00006567,St. Marys Hospital Medical Center,Green Bay,WI,HSI00000496,Hospital Sisters Health System,1,2,church-operated,83,0,https://www.ahrq.gov/sites/default/files/wysiwyg/chsp/compendium/chsp-hospital-linkage-2023.xlsx
520044,CHSP00006582,St. Nicholas Hospital,Sheboygan,WI,HSI00000496,Hospital Sisters Health System,1,2,church-operated,53,0,https://www.ahrq.gov/sites/default/files/wysiwyg/chsp/compendium/chsp-hospital-linkage-2023.xlsx
520075,CHSP00002465,St. Vincent Hospital,Green Bay,WI,HSI00000496,Hospital Sisters Health System,1,2,church-operated,237,0,https://www.ahrq.gov/sites/default/files/wysiwyg/chsp/compendium/chsp-hospital-linkage-2023.xlsx
310005,CHSP00002823,Hunterdon Medical Center,Flemington,NJ,HSI00000502,Hunterdon Healthcare System,1,1,nonprofit,184,0,https://www.ahrq.gov/sites/default/files/wysiwyg/chsp/compendium/chsp-hospital-linkage-2023.xlsx
370016,CHSP00002896,Bass Baptist Health Center,Enid,OK,HSI00000507,Integris Health,1,1,nonprofit,110,1,https://www.ahrq.gov/sites/default/files/wysiwyg/chsp/compendium/chsp-hospital-linkage-2023.xlsx
370028,CHSP00002895,Integris Baptist Medical Center,Oklahoma City,OK,HSI00000507,Integris Health,1,1,nonprofit,615,1,https://www.ahrq.gov/sites/default/files/wysiwyg/chsp/compendium/chsp-hospital-linkage-2023.xlsx
370032,CHSP00000147,Integris Baptist Medical Center Portland Avenue,Oklahoma City,OK,HSI00000507,Integris Health,1,,,,,https://www.ahrq.gov/sites/default/files/wysiwyg/chsp/compendium/chsp-hospital-linkage-2023.xlsx
370211,CHSP00002841,Integris Canadian Valley Hospital,Yukon,OK,HSI00000507,Integris Health,1,1,nonprofit,66,0,https://www.ahrq.gov/sites/default/files/wysiwyg/chsp/compendium/chsp-hospital-linkage-2023.xlsx
370240,CHSP00008456,Integris Community Hospital,Oklahoma City,OK,HSI00000507,Integris Health,1,5,for-profit,32,0,https://www.ahrq.gov/sites/default/files/wysiwyg/chsp/compendium/chsp-hospital-linkage-2023.xlsx
370113,CHSP00002899,Integris Grove  Hospital,Grove,OK,HSI00000507,Integris Health,1,1,nonprofit,41,0,https://www.ahrq.gov/sites/default/files/wysiwyg/chsp/compendium/chsp-hospital-linkage-2023.xlsx
370236,CHSP00002842,Integris Health Edmond,Edmond,OK,HSI00000507,Integris Health,1,1,nonprofit,77,0,https://www.ahrq.gov/sites/default/files/wysiwyg/chsp/compendium/chsp-hospital-linkage-2023.xlsx
370004,CHSP00002845,Integris Miami Hospital,Miami,OK,HSI00000507,Integris Health,1,1,nonprofit,36,0,https://www.ahrq.gov/sites/default/files/wysiwyg/chsp/compendium/chsp-hospital-linkage-2023.xlsx
370106,CHSP00002901,Integris Southwest Medical Center,Oklahoma City,OK,HSI00000507,Integris Health,1,1,nonprofit,169,0,https://www.ahrq.gov/sites/default/files/wysiwyg/chsp/compendium/chsp-hospital-linkage-2023.xlsx
370199,CHSP00003384,Lakeside Womens Hospital,Oklahoma City,OK,HSI00000507,Integris Health,1,5,for-profit,23,1,https://www.ahrq.gov/sites/default/files/wysiwyg/chsp/compendium/chsp-hospital-linkage-2023.xlsx
150089,CHSP00002866,Ball Memorial Hospital,Muncie,IN,HSI00000510,Indiana University Health,1,1,nonprofit,301,0,https://www.ahrq.gov/sites/default/files/wysiwyg/chsp/compendium/chsp-hospital-linkage-2023.xlsx
150056,CHSP00002875,Indiana University Health,Indianapolis,IN,HSI00000510,Indiana University Health,1,1,nonprofit,1274,1,https://www.ahrq.gov/sites/default/files/wysiwyg/chsp/compendium/chsp-hospital-linkage-2023.xlsx
151328,CHSP00002867,Indiana University Health Bedford,Bedford,IN,HSI00000510,Indiana University Health,1,1,nonprofit,25,0,https://www.ahrq.gov/sites/default/files/wysiwyg/chsp/compendium/chsp-hospital-linkage-2023.xlsx
150173,CHSP00002865,Iu Health Arnett Hospital,Lafayette,IN,HSI00000510,Indiana University Health,1,1,nonprofit,192,0,https://www.ahrq.gov/sites/default/files/wysiwyg/chsp/compendium/chsp-hospital-linkage-2023.xlsx
151302,CHSP00002868,Iu Health Blackford Hospital,Hartford City,IN,HSI00000510,Indiana University Health,1,1,nonprofit,15,0,https://www.ahrq.gov/sites/default/files/wysiwyg/chsp/compendium/chsp-hospital-linkage-2023.xlsx
150051,CHSP00002869,Iu Health Bloomington Hospital,Bloomington,IN,HSI00000510,Indiana University Health,1,1,nonprofit,190,0,https://www.ahrq.gov/sites/default/files/wysiwyg/chsp/compendium/chsp-hospital-linkage-2023.xlsx
151316,CHSP00006601,Iu Health Frankfort Hospital,Frankfort,IN,HSI00000510,Indiana University Health,1,1,nonprofit,12,0,https://www.ahrq.gov/sites/default/files/wysiwyg/chsp/compendium/chsp-hospital-linkage-2023.xlsx
151320,CHSP00002970,Iu Health Jay Hospital,Portland,IN,HSI00000510,Indiana University Health,1,1,nonprofit,21,0,https://www.ahrq.gov/sites/default/files/wysiwyg/chsp/compendium/chsp-hospital-linkage-2023.xlsx
150161,CHSP00002871,Iu Health North Hospital,Carmel,IN,HSI00000510,Indiana University Health,1,1,nonprofit,153,0,https://www.ahrq.gov/sites/default/files/wysiwyg/chsp/compendium/chsp-hospital-linkage-2023.xlsx
151306,CHSP00002872,Iu Health Paoli Hospital,Paoli,IN,HSI00000510,Indiana University Health,1,1,nonprofit,24,0,https://www.ahrq.gov/sites/default/files/wysiwyg/chsp/compendium/chsp-hospital-linkage-2023.xlsx
151311,CHSP00002874,Iu Health Tipton Hospital,Tipton,IN,HSI00000510,Indiana University Health,1,1,nonprofit,25,0,https://www.ahrq.gov/sites/default/files/wysiwyg/chsp/compendium/chsp-hospital-linkage-2023.xlsx
150158,CHSP00002876,Iu Health West Hospital,Avon,IN,HSI00000510,Indiana University Health,1,1,nonprofit,173,0,https://www.ahrq.gov/sites/default/files/wysiwyg/chsp/compendium/chsp-hospital-linkage-2023.xlsx
151312,CHSP00002877,Iu Health White Hospital,Monticello,IN,HSI00000510,Indiana University Health,1,1,nonprofit,24,0,https://www.ahrq.gov/sites/default/files/wysiwyg/chsp/compendium/chsp-hospital-linkage-2023.xlsx
153028,CHSP00005453,Rehabilitation Hospital Of Indiana,Indianapolis,IN,HSI00000510,Indiana University Health,0,5,for-profit,91,0,https://www.ahrq.gov/sites/default/files/wysiwyg/chsp/compendium/chsp-hospital-linkage-2023.xlsx
010169,CHSP00000271,Atmore Community Hospital,Atmore,AL,HSI00000511,Infirmary Health System,1,1,nonprofit,49,0,https://www.ahrq.gov/sites/default/files/wysiwyg/chsp/compendium/chsp-hospital-linkage-2023.xlsx
012006,CHSP00002881,Infirmary Ltac Hospital,Mobile,AL,HSI00000511,Infirmary Health System,0,1,nonprofit,31,0,https://www.ahrq.gov/sites/default/files/wysiwyg/chsp/compendium/chsp-hospital-linkage-2023.xlsx
010113,CHSP00004262,Mobile Infirmary Medical Center,Mobile,AL,HSI00000511,Infirmary Health System,1,1,nonprofit,498,0,https://www.ahrq.gov/sites/default/files/wysiwyg/chsp/compendium/chsp-hospital-linkage-2023.xlsx
010129,CHSP00004537,North Baldwin Infirmary,Bay Minette,AL,HSI00000511,Infirmary Health System,1,1,nonprofit,58,0,https://www.ahrq.gov/sites/default/files/wysiwyg/chsp/compendium/chsp-hospital-linkage-2023.xlsx
010100,CHSP00006987,Thomas Hospital,Fairhope,AL,HSI00000511,Infirmary Health System,1,3,public/government,164,0,https://www.ahrq.gov/sites/default/files/wysiwyg/chsp/compendium/chsp-hospital-linkage-2023.xlsx
490040,CHSP00002885,Inova Alexandria Hospital,Alexandria,VA,HSI00000513,Inova Health System,1,1,nonprofit,303,0,https://www.ahrq.gov/sites/default/files/wysiwyg/chsp/compendium/chsp-hospital-linkage-2023.xlsx
490101,CHSP00002887,Inova Fair Oaks Hospital,Fairfax,VA,HSI00000513,Inova Health System,1,1,nonprofit,174,0,https://www.ahrq.gov/sites/default/files/wysiwyg/chsp/compendium/chsp-hospital-linkage-2023.xlsx
490063,CHSP00002888,Inova Fairfax Hospital,Falls Church,VA,HSI00000513,Inova Health System,1,1,nonprofit,908,0,https://www.ahrq.gov/sites/default/files/wysiwyg/chsp/compendium/chsp-hospital-linkage-2023.xlsx
490043,CHSP00002889,Inova Loudoun Hospital Center,Leesburg,VA,HSI00000513,Inova Health System,1,1,nonprofit,189,0,https://www.ahrq.gov/sites/default/files/wysiwyg/chsp/compendium/chsp-hospital-linkage-2023.xlsx
490122,CHSP00002890,Inova Mount Vernon Hospital,Alexandria,VA,HSI00000513,Inova Health System,1,1,nonprofit,108,0,https://www.ahrq.gov/sites/default/files/wysiwyg/chsp/compendium/chsp-hospital-linkage-2023.xlsx
310081,CHSP00002893,Inspira Health Center Woodbury,Woodbury,NJ,HSI00000514,Inspira Health Network,1,,,,,https://www.ahrq.gov/sites/default/files/wysiwyg/chsp/compendium/chsp-hospital-linkage-2023.xlsx
310069,CHSP00002891,Inspira Medical Center Mullica Hill,Elmer,NJ,HSI00000514,Inspira Health Network,1,1,nonprofit,286,0,https://www.ahrq.gov/sites/default/files/wysiwyg/chsp/compendium/chsp-hospital-linkage-2023.xlsx
310032,CHSP00002892,Inspira Medical Center Vineland,Vineland,NJ,HSI00000514,Inspira Health Network,1,1,nonprofit,280,0,https://www.ahrq.gov/sites/default/files/wysiwyg/chsp/compendium/chsp-hospital-linkage-2023.xlsx
310091,CHSP00003946,Salem Medical Center,Salem,NJ,HSI00000514,Inspira Health Network,1,5,for-profit,113,0,https://www.ahrq.gov/sites/default/files/wysiwyg/chsp/compendium/chsp-hospital-linkage-2023.xlsx
330397,CHSP00002903,Interfaith Medical Center,Brooklyn,NY,HSI00000515,Interfaith Medical Center,1,,,,,https://www.ahrq.gov/sites/default/files/wysiwyg/chsp/compendium/chsp-hospital-linkage-2023.xlsx
060116,CHSP00002242,Good Samaritan Medical Ctr,Lafayette,CO,HSI00000516,Intermountain Healthcare,1,1,nonprofit,183,0,https://www.ahrq.gov/sites/default/files/wysiwyg/chsp/compendium/chsp-hospital-linkage-2023.xlsx
060009,CHSP00003632,Lutheran Medical Center,Wheat Ridge,CO,HSI00000516,Intermountain Healthcare,1,1,nonprofit,242,0,https://www.ahrq.gov/sites/default/files/wysiwyg/chsp/compendium/chsp-hospital-linkage-2023.xlsx
060004,CHSP00005158,Platte Valley Medical Center,Brighton,CO,HSI00000516,Intermountain Healthcare,1,1,nonprofit,89,0,https://www.ahrq.gov/sites/default/files/wysiwyg/chsp/compendium/chsp-hospital-linkage-2023.xlsx
060028,CHSP00005734,Saint Joseph Hospital,Denver,CO,HSI00000516,Intermountain Healthcare,1,2,church-operated,352,0,https://www.ahrq.gov/sites/default/files/wysiwyg/chsp/compendium/chsp-hospital-linkage-2023.xlsx
060023,CHSP00006572,St. Marys Hospital & Medical Center,Grand Junction,CO,HSI00000516,Intermountain Healthcare,1,2,church-operated,252,0,https://www.ahrq.gov/sites/default/files/wysiwyg/chsp/compendium/chsp-hospital-linkage-2023.xlsx
064013,CHSP00008869,West Pines Behavioral Health,Wheat Ridge,CO,HSI00000516,Intermountain Healthcare,0,,,,,https://www.ahrq.gov/sites/default/files/wysiwyg/chsp/compendium/chsp-hospital-linkage-2023.xlsx
131326,CHSP00001013,Cassia Regional Hospital,Burley,ID,HSI00000516,Intermountain Healthcare,1,1,nonprofit,25,0,https://www.ahrq.gov/sites/default/files/wysiwyg/chsp/compendium/chsp-hospital-linkage-2023.xlsx
271347,CHSP00002725,Holy Rosary Healthcare,Miles City,MT,HSI00000516,Intermountain Healthcare,1,1,nonprofit,25,0,https://www.ahrq.gov/sites/default/files/wysiwyg/chsp/compendium/chsp-hospital-linkage-2023.xlsx
270017,CHSP00006464,Saint James Healthcare,Butte,MT,HSI00000516,Intermountain Healthcare,1,2,church-operated,69,0,https://www.ahrq.gov/sites/default/files/wysiwyg/chsp/compendium/chsp-hospital-linkage-2023.xlsx
270049,CHSP00006603,St Vincent Healthcare,Billings,MT,HSI00000516,Intermountain Healthcare,1,2,church-operated,226,0,https://www.ahrq.gov/sites/default/files/wysiwyg/chsp/compendium/chsp-hospital-linkage-2023.xlsx
460044,CHSP00000159,Alta View Hospital,Sandy,UT,HSI00000516,Intermountain Healthcare,1,1,nonprofit,57,0,https://www.ahrq.gov/sites/default/files/wysiwyg/chsp/compendium/chsp-hospital-linkage-2023.xlsx
460023,CHSP00000171,American Fork Hospital,American Fork,UT,HSI00000516,Intermountain Healthcare,1,1,nonprofit,90,0,https://www.ahrq.gov/sites/default/files/wysiwyg/chsp/compendium/chsp-hospital-linkage-2023.xlsx
460039,CHSP00000531,Bear River Valley Hospital,Tremonton,UT,HSI00000516,Intermountain Healthcare,1,1,nonprofit,16,0,https://www.ahrq.gov/sites/default/files/wysiwyg/chsp/compendium/chsp-hospital-linkage-2023.xlsx
460007,CHSP00001027,Cedar City Hospital,Cedar City,UT,HSI00000516,Intermountain Healthcare,1,1,nonprofit,48,0,https://www.ahrq.gov/sites/default/files/wysiwyg/chsp/compendium/chsp-hospital-linkage-2023.xlsx
461300,CHSP00001650,Delta Community Hospital,Delta,UT,HSI00000516,Intermountain Healthcare,1,1,nonprofit,18,0,https://www.ahrq.gov/sites/default/files/wysiwyg/chsp/compendium/chsp-hospital-linkage-2023.xlsx
461301,CHSP00001985,Fillmore Community Hospital,Fillmore,UT,HSI00000516,Intermountain Healthcare,1,1,nonprofit,19,0,https://www.ahrq.gov/sites/default/files/wysiwyg/chsp/compendium/chsp-hospital-linkage-2023.xlsx
461333,CHSP00008018,Garfield Memorial Hospital,Panguitch,UT,HSI00000516,Intermountain Healthcare,1,1,nonprofit,15,0,https://www.ahrq.gov/sites/default/files/wysiwyg/chsp/compendium/chsp-hospital-linkage-2023.xlsx
461307,CHSP00002614,Heber Valley Hospital,Heber City,UT,HSI00000516,Intermountain Healthcare,1,1,nonprofit,19,0,https://www.ahrq.gov/sites/default/files/wysiwyg/chsp/compendium/chsp-hospital-linkage-2023.xlsx
460010,CHSP00002905,Intermountain Medical Center,Murray,UT,HSI00000516,Intermountain Healthcare,1,1,nonprofit,486,0,https://www.ahrq.gov/sites/default/files/wysiwyg/chsp/compendium/chsp-hospital-linkage-2023.xlsx
460061,CHSP00008464,Layton Hospital,Layton,UT,HSI00000516,Intermountain Healthcare,1,1,nonprofit,37,0,https://www.ahrq.gov/sites/default/files/wysiwyg/chsp/compendium/chsp-hospital-linkage-2023.xlsx
460006,CHSP00003322,Lds Hospital,Salt Lake City,UT,HSI00000516,Intermountain Healthcare,1,1,nonprofit,226,0,https://www.ahrq.gov/sites/default/files/wysiwyg/chsp/compendium/chsp-hospital-linkage-2023.xlsx
460015,CHSP00003563,Logan Regional Hospital,Logan,UT,HSI00000516,Intermountain Healthcare,1,1,nonprofit,114,0,https://www.ahrq.gov/sites/default/files/wysiwyg/chsp/compendium/chsp-hospital-linkage-2023.xlsx
460004,CHSP00003811,Mckay-Dee Hospital,Ogden,UT,HSI00000516,Intermountain Healthcare,1,1,nonprofit,236,0,https://www.ahrq.gov/sites/default/files/wysiwyg/chsp/compendium/chsp-hospital-linkage-2023.xlsx
460043,CHSP00004841,Orem Community Hospital,Orem,UT,HSI00000516,Intermountain Healthcare,1,1,nonprofit,24,0,https://www.ahrq.gov/sites/default/files/wysiwyg/chsp/compendium/chsp-hospital-linkage-2023.xlsx
460057,CHSP00004956,Park City Hospital,Park City,UT,HSI00000516,Intermountain Healthcare,1,1,nonprofit,37,0,https://www.ahrq.gov/sites/default/files/wysiwyg/chsp/compendium/chsp-hospital-linkage-2023.xlsx
463301,CHSP00005242,Primary Childrens Hospital,Salt Lake City,UT,HSI00000516,Intermountain Healthcare,1,1,nonprofit,287,0,https://www.ahrq.gov/sites/default/files/wysiwyg/chsp/compendium/chsp-hospital-linkage-2023.xlsx
460058,CHSP00005554,Riverton Hospital,Riverton,UT,HSI00000516,Intermountain Healthcare,1,1,nonprofit,87,0,https://www.ahrq.gov/sites/default/files/wysiwyg/chsp/compendium/chsp-hospital-linkage-2023.xlsx
461303,CHSP00005880,Sanpete Valley Hospital,Mount Pleasant,UT,HSI00000516,Intermountain Healthcare,1,1,nonprofit,18,0,https://www.ahrq.gov/sites/default/files/wysiwyg/chsp/compendium/chsp-hospital-linkage-2023.xlsx
460026,CHSP00006073,Sevier Valley Hospital,Richfield,UT,HSI00000516,Intermountain Healthcare,1,1,nonprofit,24,0,https://www.ahrq.gov/sites/default/files/wysiwyg/chsp/compendium/chsp-hospital-linkage-2023.xlsx
460062,CHSP00008662,Spanish Fork Hospital,Spanish Fork,UT,HSI00000516,Intermountain Healthcare,1,1,nonprofit,21,0,https://www.ahrq.gov/sites/default/files/wysiwyg/chsp/compendium/chsp-hospital-linkage-2023.xlsx
460021,CHSP00001683,St George Regional Hospital,Saint George,UT,HSI00000516,Intermountain Healthcare,1,1,nonprofit,256,0,https://www.ahrq.gov/sites/default/files/wysiwyg/chsp/compendium/chsp-hospital-linkage-2023.xlsx
460049,CHSP00006945,The Orthopedic Specialty Hospital,Murray,UT,HSI00000516,Intermountain Healthcare,0,1,nonprofit,14,0,https://www.ahrq.gov/sites/default/files/wysiwyg/chsp/compendium/chsp-hospital-linkage-2023.xlsx
460001,CHSP00007353,Utah Valley Hospital,Provo,UT,HSI00000516,Intermountain Healthcare,1,1,nonprofit,340,0,https://www.ahrq.gov/sites/default/files/wysiwyg/chsp/compendium/chsp-hospital-linkage-2023.xlsx
340039,CHSP00002914,Iredell Memorial Hospital,Statesville,NC,HSI00000518,Iredell Health System,1,1,nonprofit,155,0,https://www.ahrq.gov/sites/default/files/wysiwyg/chsp/compendium/chsp-hospital-linkage-2023.xlsx
040071,CHSP00002989,Jefferson Regional Medical Center,Pine Bluff,AR,HSI00000527,Jefferson Hospital Association,1,1,nonprofit,245,1,https://www.ahrq.gov/sites/default/files/wysiwyg/chsp/compendium/chsp-hospital-linkage-2023.xlsx
054131,CHSP00003019,John Muir Behavioral Health,Concord,CA,HSI00000530,John Muir Health,0,1,nonprofit,73,0,https://www.ahrq.gov/sites/default/files/wysiwyg/chsp/compendium/chsp-hospital-linkage-2023.xlsx
050496,CHSP00003020,John Muir Medical Center - Concord,Concord,CA,HSI00000530,John Muir Health,1,1,nonprofit,244,0,https://www.ahrq.gov/sites/default/files/wysiwyg/chsp/compendium/chsp-hospital-linkage-2023.xlsx
050180,CHSP00003021,John Muir Medical Center - Wc,Walnut Creek,CA,HSI00000530,John Muir Health,1,1,nonprofit,366,0,https://www.ahrq.gov/sites/default/files/wysiwyg/chsp/compendium/chsp-hospital-linkage-2023.xlsx
090005,CHSP00006138,Sibley Memorial Hospital,Washington,DC,HSI00000531,Johns Hopkins Health System,1,1,nonprofit,229,0,https://www.ahrq.gov/sites/default/files/wysiwyg/chsp/compendium/chsp-hospital-linkage-2023.xlsx
103300,CHSP00003025,Johns Hopkins All Childrens Hospita,Saint Petersburg,FL,HSI00000531,Johns Hopkins Health System,1,1,nonprofit,259,0,https://www.ahrq.gov/sites/default/files/wysiwyg/chsp/compendium/chsp-hospital-linkage-2023.xlsx
210048,CHSP00002808,Howard County,Columbia,MD,HSI00000531,Johns Hopkins Health System,1,1,nonprofit,226,0,https://www.ahrq.gov/sites/default/files/wysiwyg/chsp/compendium/chsp-hospital-linkage-2023.xlsx
210029,CHSP00003026,Johns Hopkins Bayview Med. Ctr.,Baltimore,MD,HSI00000531,Johns Hopkins Health System,1,1,nonprofit,424,0,https://www.ahrq.gov/sites/default/files/wysiwyg/chsp/compendium/chsp-hospital-linkage-2023.xlsx
210022,CHSP00006691,Suburban Hospital,Bethesda,MD,HSI00000531,Johns Hopkins Health System,1,1,nonprofit,226,0,https://www.ahrq.gov/sites/default/files/wysiwyg/chsp/compendium/chsp-hospital-linkage-2023.xlsx
210009,CHSP00003028,The Johns Hopkins Hospital,Baltimore,MD,HSI00000531,Johns Hopkins Health System,1,1,nonprofit,1038,0,https://www.ahrq.gov/sites/default/files/wysiwyg/chsp/compendium/chsp-hospital-linkage-2023.xlsx
054150,CHSP00003063,Kaiser Permanente Psychiatric Health,Santa Clara,CA,HSI00000536,Kaiser Permanente,0,5,for-profit,,,https://www.ahrq.gov/sites/default/files/wysiwyg/chsp/compendium/chsp-hospital-linkage-2023.xlsx
050074,CHSP00008665,Kaiser Permanente Richmond Medical Center,Richmond,CA,HSI00000536,Kaiser Permanente,1,,,,,https://www.ahrq.gov/sites/default/files/wysiwyg/chsp/compendium/chsp-hospital-linkage-2023.xlsx
050760,CHSP00003061,Kfh - Antioch,Antioch,CA,HSI00000536,Kaiser Permanente,1,1,nonprofit,144,0,https://www.ahrq.gov/sites/default/files/wysiwyg/chsp/compendium/chsp-hospital-linkage-2023.xlsx
050723,CHSP00003062,Kfh - Baldwin Park,Baldwin Park,CA,HSI00000536,Kaiser Permanente,1,1,nonprofit,271,0,https://www.ahrq.gov/sites/default/files/wysiwyg/chsp/compendium/chsp-hospital-linkage-2023.xlsx
050139,CHSP00003064,Kfh - Downey,Downey,CA,HSI00000536,Kaiser Permanente,1,1,nonprofit,424,0,https://www.ahrq.gov/sites/default/files/wysiwyg/chsp/compendium/chsp-hospital-linkage-2023.xlsx
050140,CHSP00003065,Kfh - Fontana,Fontana,CA,HSI00000536,Kaiser Permanente,1,1,nonprofit,664,0,https://www.ahrq.gov/sites/default/files/wysiwyg/chsp/compendium/chsp-hospital-linkage-2023.xlsx
050512,CHSP00002123,Kfh - Fremont,Fremont,CA,HSI00000536,Kaiser Permanente,1,1,nonprofit,100,0,https://www.ahrq.gov/sites/default/files/wysiwyg/chsp/compendium/chsp-hospital-linkage-2023.xlsx
050710,CHSP00003067,Kfh - Fresno,Fresno,CA,HSI00000536,Kaiser Permanente,1,1,nonprofit,169,0,https://www.ahrq.gov/sites/default/files/wysiwyg/chsp/compendium/chsp-hospital-linkage-2023.xlsx
050138,CHSP00003068,Kfh - Los Angeles,Los Angeles,CA,HSI00000536,Kaiser Permanente,1,1,nonprofit,492,0,https://www.ahrq.gov/sites/default/files/wysiwyg/chsp/compendium/chsp-hospital-linkage-2023.xlsx
050748,CHSP00003069,Kfh - Manteca,Manteca,CA,HSI00000536,Kaiser Permanente,1,1,nonprofit,237,0,https://www.ahrq.gov/sites/default/files/wysiwyg/chsp/compendium/chsp-hospital-linkage-2023.xlsx
050765,CHSP00003073,Kfh - Moreno Valley,Moreno Valley,CA,HSI00000536,Kaiser Permanente,1,1,nonprofit,100,0,https://www.ahrq.gov/sites/default/files/wysiwyg/chsp/compendium/chsp-hospital-linkage-2023.xlsx
050075,CHSP00003074,Kfh - Oakland,Oakland,CA,HSI00000536,Kaiser Permanente,1,1,nonprofit,365,0,https://www.ahrq.gov/sites/default/files/wysiwyg/chsp/compendium/chsp-hospital-linkage-2023.xlsx
050609,CHSP00003076,Kfh - Oc-Anaheim,Anaheim,CA,HSI00000536,Kaiser Permanente,1,1,nonprofit,526,0,https://www.ahrq.gov/sites/default/files/wysiwyg/chsp/compendium/chsp-hospital-linkage-2023.xlsx
050137,CHSP00003078,Kfh - Panorama City,Panorama City,CA,HSI00000536,Kaiser Permanente,1,1,nonprofit,218,0,https://www.ahrq.gov/sites/default/files/wysiwyg/chsp/compendium/chsp-hospital-linkage-2023.xlsx
050541,CHSP00003079,Kfh - Redwood City,Redwood City,CA,HSI00000536,Kaiser Permanente,1,1,nonprofit,144,0,https://www.ahrq.gov/sites/default/files/wysiwyg/chsp/compendium/chsp-hospital-linkage-2023.xlsx
050686,CHSP00003081,Kfh - Riverside,Riverside,CA,HSI00000536,Kaiser Permanente,1,1,nonprofit,225,0,https://www.ahrq.gov/sites/default/files/wysiwyg/chsp/compendium/chsp-hospital-linkage-2023.xlsx
050772,CHSP00003082,Kfh - Roseville,Roseville,CA,HSI00000536,Kaiser Permanente,1,1,nonprofit,402,0,https://www.ahrq.gov/sites/default/files/wysiwyg/chsp/compendium/chsp-hospital-linkage-2023.xlsx
050425,CHSP00003083,Kfh - Sacramento,Sacramento,CA,HSI00000536,Kaiser Permanente,1,1,nonprofit,283,0,https://www.ahrq.gov/sites/default/files/wysiwyg/chsp/compendium/chsp-hospital-linkage-2023.xlsx
050515,CHSP00003084,Kfh - San Diego,San Diego,CA,HSI00000536,Kaiser Permanente,1,1,nonprofit,596,0,https://www.ahrq.gov/sites/default/files/wysiwyg/chsp/compendium/chsp-hospital-linkage-2023.xlsx
050076,CHSP00003085,Kfh - San Francisco,San Francisco,CA,HSI00000536,Kaiser Permanente,1,1,nonprofit,239,0,https://www.ahrq.gov/sites/default/files/wysiwyg/chsp/compendium/chsp-hospital-linkage-2023.xlsx
050777,CHSP00003087,Kfh - San Leandro,San Leandro,CA,HSI00000536,Kaiser Permanente,1,1,nonprofit,216,0,https://www.ahrq.gov/sites/default/files/wysiwyg/chsp/compendium/chsp-hospital-linkage-2023.xlsx
050510,CHSP00003088,Kfh - San Rafael,San Rafael,CA,HSI00000536,Kaiser Permanente,1,1,nonprofit,116,0,https://www.ahrq.gov/sites/default/files/wysiwyg/chsp/compendium/chsp-hospital-linkage-2023.xlsx
050071,CHSP00003089,Kfh - Santa Clara,Santa Clara,CA,HSI00000536,Kaiser Permanente,1,1,nonprofit,355,0,https://www.ahrq.gov/sites/default/files/wysiwyg/chsp/compendium/chsp-hospital-linkage-2023.xlsx
050690,CHSP00003090,Kfh - Santa Rosa,Santa Rosa,CA,HSI00000536,Kaiser Permanente,1,1,nonprofit,172,0,https://www.ahrq.gov/sites/default/files/wysiwyg/chsp/compendium/chsp-hospital-linkage-2023.xlsx
050411,CHSP00003091,Kfh - South Bay,Harbor City,CA,HSI00000536,Kaiser Permanente,1,1,nonprofit,257,0,https://www.ahrq.gov/sites/default/files/wysiwyg/chsp/compendium/chsp-hospital-linkage-2023.xlsx
050674,CHSP00003092,Kfh - South Sacramento,Sacramento,CA,HSI00000536,Kaiser Permanente,1,1,nonprofit,233,0,https://www.ahrq.gov/sites/default/files/wysiwyg/chsp/compendium/chsp-hospital-linkage-2023.xlsx
050070,CHSP00003093,Kfh - South San Francisco,South San Francisco,CA,HSI00000536,Kaiser Permanente,1,1,nonprofit,120,0,https://www.ahrq.gov/sites/default/files/wysiwyg/chsp/compendium/chsp-hospital-linkage-2023.xlsx
050767,CHSP00003095,Kfh - Vacaville,Vacaville,CA,HSI00000536,Kaiser Permanente,1,1,nonprofit,144,0,https://www.ahrq.gov/sites/default/files/wysiwyg/chsp/compendium/chsp-hospital-linkage-2023.xlsx
050073,CHSP00003096,Kfh - Vallejo,Vallejo,CA,HSI00000536,Kaiser Permanente,1,1,nonprofit,184,0,https://www.ahrq.gov/sites/default/files/wysiwyg/chsp/compendium/chsp-hospital-linkage-2023.xlsx
050072,CHSP00003097,Kfh - Walnut Creek,Walnut Creek,CA,HSI00000536,Kaiser Permanente,1,1,nonprofit,249,0,https://www.ahrq.gov/sites/default/files/wysiwyg/chsp/compendium/chsp-hospital-linkage-2023.xlsx
050561,CHSP00003098,Kfh - West Los Angeles,Los Angeles,CA,HSI00000536,Kaiser Permanente,1,1,nonprofit,265,0,https://www.ahrq.gov/sites/default/files/wysiwyg/chsp/compendium/chsp-hospital-linkage-2023.xlsx
050677,CHSP00003099,Kfh - Woodland Hills,Woodland Hills,CA,HSI00000536,Kaiser Permanente,1,1,nonprofit,274,0,https://www.ahrq.gov/sites/default/files/wysiwyg/chsp/compendium/chsp-hospital-linkage-2023.xlsx
050604,CHSP00003086,Kfh- San Jose,San Jose,CA,HSI00000536,Kaiser Permanente,1,1,nonprofit,221,0,https://www.ahrq.gov/sites/default/files/wysiwyg/chsp/compendium/chsp-hospital-linkage-2023.xlsx
120011,CHSP00003070,Kfh-Hawaii,Honolulu,HI,HSI00000536,Kaiser Permanente,1,1,nonprofit,276,0,https://www.ahrq.gov/sites/default/files/wysiwyg/chsp/compendium/chsp-hospital-linkage-2023.xlsx
121308,CHSP00003316,Kula Hospital,Kula,HI,HSI00000536,Kaiser Permanente,1,1,nonprofit,9,0,https://www.ahrq.gov/sites/default/files/wysiwyg/chsp/compendium/chsp-hospital-linkage-2023.xlsx
125003,CHSP00008130,Kula Hospital,Kula,HI,HSI00000536,Kaiser Permanente,1,,,,,https://www.ahrq.gov/sites/default/files/wysiwyg/chsp/compendium/chsp-hospital-linkage-2023.xlsx
121305,CHSP00003398,Lanai Community Hospital,Lanai City,HI,HSI00000536,Kaiser Permanente,1,1,nonprofit,4,0,https://www.ahrq.gov/sites/default/files/wysiwyg/chsp/compendium/chsp-hospital-linkage-2023.xlsx
125023,CHSP00008134,Lanai Community Hospital,Lanai City,HI,HSI00000536,Kaiser Permanente,1,,,,,https://www.ahrq.gov/sites/default/files/wysiwyg/chsp/compendium/chsp-hospital-linkage-2023.xlsx
120002,CHSP00003765,Maui Memorial Medical Center,Wailuku,HI,HSI00000536,Kaiser Permanente,1,1,nonprofit,219,0,https://www.ahrq.gov/sites/default/files/wysiwyg/chsp/compendium/chsp-hospital-linkage-2023.xlsx
380091,CHSP00003094,Kaiser Sunnyside Medical Center,Clackamas,OR,HSI00000536,Kaiser Permanente,1,1,nonprofit,302,0,https://www.ahrq.gov/sites/default/files/wysiwyg/chsp/compendium/chsp-hospital-linkage-2023.xlsx
380103,CHSP00003059,Kaiser Westside Medical Center,Hillsboro,OR,HSI00000536,Kaiser Permanente,1,1,nonprofit,122,0,https://www.ahrq.gov/sites/default/files/wysiwyg/chsp/compendium/chsp-hospital-linkage-2023.xlsx
331301,CHSP00001557,Cuba Memorial Hospital Inc,Cuba,NY,HSI00000537,Kaleida Health,1,1,nonprofit,20,0,https://www.ahrq.gov/sites/default/files/wysiwyg/chsp/compendium/chsp-hospital-linkage-2023.xlsx
330005,CHSP00003053,Kaleida Health,Buffalo,NY,HSI00000537,Kaleida Health,1,1,nonprofit,954,0,https://www.ahrq.gov/sites/default/files/wysiwyg/chsp/compendium/chsp-hospital-linkage-2023.xlsx
330103,CHSP00004818,Upper Allegheny Health System,Olean,NY,HSI00000537,Kaleida Health,1,1,nonprofit,202,0,https://www.ahrq.gov/sites/default/files/wysiwyg/chsp/compendium/chsp-hospital-linkage-2023.xlsx
390118,CHSP00000691,Bradford Regional Medical Center,Bradford,PA,HSI00000537,Kaleida Health,1,,,,,https://www.ahrq.gov/sites/default/files/wysiwyg/chsp/compendium/chsp-hospital-linkage-2023.xlsx
270087,CHSP00006913,Logan Health,Kalispell,MT,HSI00000538,Logan Health,0,,,,,https://www.ahrq.gov/sites/default/files/wysiwyg/chsp/compendium/chsp-hospital-linkage-2023.xlsx
271337,CHSP00004637,Logan Health  Cutbank,Cut Bank,MT,HSI00000538,Logan Health,1,1,nonprofit,25,0,https://www.ahrq.gov/sites/default/files/wysiwyg/chsp/compendium/chsp-hospital-linkage-2023.xlsx
271324,CHSP00005174,Logan Health Conrad,Conrad,MT,HSI00000538,Logan Health,1,1,nonprofit,20,0,https://www.ahrq.gov/sites/default/files/wysiwyg/chsp/compendium/chsp-hospital-linkage-2023.xlsx
270051,CHSP00003103,Logan Health Medical Center,Kalispell,MT,HSI00000538,Logan Health,1,1,nonprofit,210,0,https://www.ahrq.gov/sites/default/files/wysiwyg/chsp/compendium/chsp-hospital-linkage-2023.xlsx
271328,CHSP00003707,Logan Health Shelby,Shelby,MT,HSI00000538,Logan Health,1,5,for-profit,21,0,https://www.ahrq.gov/sites/default/files/wysiwyg/chsp/compendium/chsp-hospital-linkage-2023.xlsx
271336,CHSP00004595,Logan Health Whitefish,Whitefish,MT,HSI00000538,Logan Health,1,1,nonprofit,25,0,https://www.ahrq.gov/sites/default/files/wysiwyg/chsp/compendium/chsp-hospital-linkage-2023.xlsx
140012,CHSP00003119,Katherine Shaw Bethea Hospital,Dixon,IL,HSI00000539,Katherine Shaw Bethea Hospital,1,1,nonprofit,80,0,https://www.ahrq.gov/sites/default/files/wysiwyg/chsp/compendium/chsp-hospital-linkage-2023.xlsx
360026,CHSP00002318,Greene Memorial Hospital  Inc.,Xenia,OH,HSI00000546,Kettering Health,1,2,church-operated,13,0,https://www.ahrq.gov/sites/default/files/wysiwyg/chsp/compendium/chsp-hospital-linkage-2023.xlsx
364032,CHSP00008966,Kettering Health Behavioral Medical Center,Dayton,OH,HSI00000546,Kettering Health,0,,,,,https://www.ahrq.gov/sites/default/files/wysiwyg/chsp/compendium/chsp-hospital-linkage-2023.xlsx
360133,CHSP00002287,Kettering Health Dayton,Dayton,OH,HSI00000546,Kettering Health,1,2,church-operated,316,0,https://www.ahrq.gov/sites/default/files/wysiwyg/chsp/compendium/chsp-hospital-linkage-2023.xlsx
360132,CHSP00002063,Kettering Health Hamilton,Hamilton,OH,HSI00000546,Kettering Health,1,2,church-operated,138,0,https://www.ahrq.gov/sites/default/files/wysiwyg/chsp/compendium/chsp-hospital-linkage-2023.xlsx
360079,CHSP00003164,Kettering Health Main Campus,Kettering,OH,HSI00000546,Kettering Health,1,2,church-operated,386,0,https://www.ahrq.gov/sites/default/files/wysiwyg/chsp/compendium/chsp-hospital-linkage-2023.xlsx
360239,CHSP00006768,Kettering Health Miamisburg,Miamisburg,OH,HSI00000546,Kettering Health,1,2,church-operated,168,0,https://www.ahrq.gov/sites/default/files/wysiwyg/chsp/compendium/chsp-hospital-linkage-2023.xlsx
360368,CHSP00008459,Kettering Health Troy,Troy,OH,HSI00000546,Kettering Health,1,1,nonprofit,28,0,https://www.ahrq.gov/sites/default/files/wysiwyg/chsp/compendium/chsp-hospital-linkage-2023.xlsx
360360,CHSP00006185,Soin Medical Center,Beavercreek,OH,HSI00000546,Kettering Health,1,1,nonprofit,168,0,https://www.ahrq.gov/sites/default/files/wysiwyg/chsp/compendium/chsp-hospital-linkage-2023.xlsx
131320,CHSP00001261,Clearwater Valley Health,Orofino,ID,HSI00000553,Kootenai Health,1,2,church-operated,23,0,https://www.ahrq.gov/sites/default/files/wysiwyg/chsp/compendium/chsp-hospital-linkage-2023.xlsx
130049,CHSP00003310,Kootenai Hospital District,Coeur D'alene,ID,HSI00000553,Kootenai Health,1,1,nonprofit,326,0,https://www.ahrq.gov/sites/default/files/wysiwyg/chsp/compendium/chsp-hospital-linkage-2023.xlsx
120007,CHSP00003315,Kuakini Medical Center,Honolulu,HI,HSI00000554,Kuakini Health System,1,1,nonprofit,170,0,https://www.ahrq.gov/sites/default/files/wysiwyg/chsp/compendium/chsp-hospital-linkage-2023.xlsx
190267,CHSP00001947,Avala,Covington,LA,HSI00000555,LCMC Health System,1,5,for-profit,21,0,https://www.ahrq.gov/sites/default/files/wysiwyg/chsp/compendium/chsp-hospital-linkage-2023.xlsx
193300,CHSP00001144,Childrens Hospital,New Orleans,LA,HSI00000555,LCMC Health System,1,1,nonprofit,199,0,https://www.ahrq.gov/sites/default/files/wysiwyg/chsp/compendium/chsp-hospital-linkage-2023.xlsx
190146,CHSP00001754,East Jefferson General Hospital,Metairie,LA,HSI00000555,LCMC Health System,1,1,nonprofit,250,0,https://www.ahrq.gov/sites/default/files/wysiwyg/chsp/compendium/chsp-hospital-linkage-2023.xlsx
190177,CHSP00003389,Lakeview Hospital,Covington,LA,HSI00000555,LCMC Health System,1,,,,,https://www.ahrq.gov/sites/default/files/wysiwyg/chsp/compendium/chsp-hospital-linkage-2023.xlsx
190313,CHSP00004482,New Orleans East Hospital,New Orleans,LA,HSI00000555,LCMC Health System,1,3,public/government,40,1,https://www.ahrq.gov/sites/default/files/wysiwyg/chsp/compendium/chsp-hospital-linkage-2023.xlsx
190046,CHSP00007020,Touro Infirmary,New Orleans,LA,HSI00000555,LCMC Health System,1,1,nonprofit,270,1,https://www.ahrq.gov/sites/default/files/wysiwyg/chsp/compendium/chsp-hospital-linkage-2023.xlsx
193034,CHSP00007021,Touro Infirmary Rehabilitation Center,New Orleans,LA,HSI00000555,LCMC Health System,0,,,,,https://www.ahrq.gov/sites/default/files/wysiwyg/chsp/compendium/chsp-hospital-linkage-2023.xlsx
190182,CHSP00007085,Tulane Lakeside Hospital,Metairie,LA,HSI00000555,LCMC Health System,1,,,,,https://www.ahrq.gov/sites/default/files/wysiwyg/chsp/compendium/chsp-hospital-linkage-2023.xlsx
190176,CHSP00007087,Tulane Medical Center,New Orleans,LA,HSI00000555,LCMC Health System,1,1,nonprofit,612,0,https://www.ahrq.gov/sites/default/files/wysiwyg/chsp/compendium/chsp-hospital-linkage-2023.xlsx
190005,CHSP00007281,University Medical Ctr. At New Orlea,New Orleans,LA,HSI00000555,LCMC Health System,1,1,nonprofit,310,1,https://www.ahrq.gov/sites/default/files/wysiwyg/chsp/compendium/chsp-hospital-linkage-2023.xlsx
190039,CHSP00007657,West Jefferson Medical Center,Marrero,LA,HSI00000555,LCMC Health System,1,1,nonprofit,193,1,https://www.ahrq.gov/sites/default/files/wysiwyg/chsp/compendium/chsp-hospital-linkage-2023.xlsx
190060,CHSP00003354,Lake Charles Memorial Hospital,Lake Charles,LA,HSI00000564,Lake Charles Memorial Health System,1,1,nonprofit,227,0,https://www.ahrq.gov/sites/default/files/wysiwyg/chsp/compendium/chsp-hospital-linkage-2023.xlsx
192019,CHSP00003960,Memorial Specialty Hospital,Lake Charles,LA,HSI00000564,Lake Charles Memorial Health System,0,,,,,https://www.ahrq.gov/sites/default/files/wysiwyg/chsp/compendium/chsp-hospital-linkage-2023.xlsx
240052,CHSP00003368,Lake Region Healthcare,Fergus Falls,MN,HSI00000567,Lake Region Healthcare,1,1,nonprofit,80,0,https://www.ahrq.gov/sites/default/files/wysiwyg/chsp/compendium/chsp-hospital-linkage-2023.xlsx
241379,CHSP00005212,Prairie Ridge Hospital,Elbow Lake,MN,HSI00000567,Lake Region Healthcare,1,1,nonprofit,10,0,https://www.ahrq.gov/sites/default/files/wysiwyg/chsp/compendium/chsp-hospital-linkage-2023.xlsx
260186,CHSP00003369,Lake Regional Health System,Osage Beach,MO,HSI00000568,Lake Regional Health System,1,1,nonprofit,105,0,https://www.ahrq.gov/sites/default/files/wysiwyg/chsp/compendium/chsp-hospital-linkage-2023.xlsx
100157,CHSP00003378,Lakeland Regional Med Ctr,Lakeland,FL,HSI00000569,Lakeland Regional Health,1,1,nonprofit,764,0,https://www.ahrq.gov/sites/default/files/wysiwyg/chsp/compendium/chsp-hospital-linkage-2023.xlsx
381309,CHSP00003361,Lake Health District,Lakeview,OR,HSI00000576,Legacy Health,1,3,public/government,24,0,https://www.ahrq.gov/sites/default/files/wysiwyg/chsp/compendium/chsp-hospital-linkage-2023.xlsx
380007,CHSP00003464,Legacy Emanuel Hospital & Health Ctr,Portland,OR,HSI00000576,Legacy Health,1,1,nonprofit,388,1,https://www.ahrq.gov/sites/default/files/wysiwyg/chsp/compendium/chsp-hospital-linkage-2023.xlsx
380017,CHSP00003465,Legacy Good Samaritan Hospital,Portland,OR,HSI00000576,Legacy Health,1,1,nonprofit,177,0,https://www.ahrq.gov/sites/default/files/wysiwyg/chsp/compendium/chsp-hospital-linkage-2023.xlsx
380089,CHSP00003466,Legacy Meridian Park Hospital,Tualatin,OR,HSI00000576,Legacy Health,1,1,nonprofit,110,0,https://www.ahrq.gov/sites/default/files/wysiwyg/chsp/compendium/chsp-hospital-linkage-2023.xlsx
380025,CHSP00003467,Legacy Mount Hood Medical Center,Gresham,OR,HSI00000576,Legacy Health,1,1,nonprofit,99,0,https://www.ahrq.gov/sites/default/files/wysiwyg/chsp/compendium/chsp-hospital-linkage-2023.xlsx
380029,CHSP00006156,Silverton Hospital,Silverton,OR,HSI00000576,Legacy Health,1,1,nonprofit,29,1,https://www.ahrq.gov/sites/default/files/wysiwyg/chsp/compendium/chsp-hospital-linkage-2023.xlsx
500150,CHSP00003468,Legacy Salmon Creek Hospital,Vancouver,WA,HSI00000576,Legacy Health,1,1,nonprofit,178,0,https://www.ahrq.gov/sites/default/files/wysiwyg/chsp/compendium/chsp-hospital-linkage-2023.xlsx
390133,CHSP00003472,Lehigh Valley,Allentown,PA,HSI00000577,Lehigh Valley Health Network,1,1,nonprofit,1190,0,https://www.ahrq.gov/sites/default/files/wysiwyg/chsp/compendium/chsp-hospital-linkage-2023.xlsx
390263,CHSP00003474,Lehigh Valley Health Network,Bethlehem,PA,HSI00000577,Lehigh Valley Health Network,1,,,,,https://www.ahrq.gov/sites/default/files/wysiwyg/chsp/compendium/chsp-hospital-linkage-2023.xlsx
390314,CHSP00001452,Lehigh Valley Health Network - Highland Avenue,Bethlehem,PA,HSI00000577,Lehigh Valley Health Network,1,,,,,https://www.ahrq.gov/sites/default/files/wysiwyg/chsp/compendium/chsp-hospital-linkage-2023.xlsx
395951,CHSP00008138,Lehigh Valley Health Network 17th Street,Allentown,PA,HSI00000577,Lehigh Valley Health Network,1,,,,,https://www.ahrq.gov/sites/default/files/wysiwyg/chsp/compendium/chsp-hospital-linkage-2023.xlsx
390321,CHSP00006728,Lehigh Valley Health Network At Coordinated Health,Allentown,PA,HSI00000577,Lehigh Valley Health Network,0,,,,,https://www.ahrq.gov/sites/default/files/wysiwyg/chsp/compendium/chsp-hospital-linkage-2023.xlsx
390030,CHSP00005910,Lehigh Valley Hospital - Schuylkill,Pottsville,PA,HSI00000577,Lehigh Valley Health Network,1,1,nonprofit,118,0,https://www.ahrq.gov/sites/default/files/wysiwyg/chsp/compendium/chsp-hospital-linkage-2023.xlsx
390338,CHSP00008823,Lehigh Valley Hospital Dickson City,Dickson City,PA,HSI00000577,Lehigh Valley Health Network,1,,,,,https://www.ahrq.gov/sites/default/files/wysiwyg/chsp/compendium/chsp-hospital-linkage-2023.xlsx
390031,CHSP00005909,Lehigh Valley Hospital Schuylkill East Norwegian Street,Pottsville,PA,HSI00000577,Lehigh Valley Health Network,1,,,,,https://www.ahrq.gov/sites/default/files/wysiwyg/chsp/compendium/chsp-hospital-linkage-2023.xlsx
390185,CHSP00003473,Lehigh Valley Hospital-Hazleton,Hazleton,PA,HSI00000577,Lehigh Valley Health Network,1,1,nonprofit,134,0,https://www.ahrq.gov/sites/default/files/wysiwyg/chsp/compendium/chsp-hospital-linkage-2023.xlsx
390201,CHSP00005166,Pocono Medical Center,East Stroudsburg,PA,HSI00000577,Lehigh Valley Health Network,1,1,nonprofit,237,0,https://www.ahrq.gov/sites/default/files/wysiwyg/chsp/compendium/chsp-hospital-linkage-2023.xlsx
420073,CHSP00003488,Lexington Medical Center,West Columbia,SC,HSI00000579,Lexington Medical Center,1,1,nonprofit,541,0,https://www.ahrq.gov/sites/default/files/wysiwyg/chsp/compendium/chsp-hospital-linkage-2023.xlsx
360218,CHSP00003500,Licking Memorial Hospital,Newark,OH,HSI00000581,Licking Memorial Health Systems,1,1,nonprofit,219,0,https://www.ahrq.gov/sites/default/files/wysiwyg/chsp/compendium/chsp-hospital-linkage-2023.xlsx
210033,CHSP00000993,Carroll County General Hospital,Westminster,MD,HSI00000582,LifeBridge Health,1,1,nonprofit,165,0,https://www.ahrq.gov/sites/default/files/wysiwyg/chsp/compendium/chsp-hospital-linkage-2023.xlsx
210013,CHSP00000652,Grace Medical Center,Baltimore,MD,HSI00000582,LifeBridge Health,1,,,,,https://www.ahrq.gov/sites/default/files/wysiwyg/chsp/compendium/chsp-hospital-linkage-2023.xlsx
210064,CHSP00003479,Levindal Hebrew Ger. Ctr. & Hospt.,Baltimore,MD,HSI00000582,LifeBridge Health,0,1,nonprofit,120,0,https://www.ahrq.gov/sites/default/files/wysiwyg/chsp/compendium/chsp-hospital-linkage-2023.xlsx
215033,CHSP00008139,Levindale Hebrew Geriatric Center And Hospital Inc,Baltimore,MD,HSI00000582,LifeBridge Health,0,,,,,https://www.ahrq.gov/sites/default/files/wysiwyg/chsp/compendium/chsp-hospital-linkage-2023.xlsx
210040,CHSP00004659,Northwest Hospital Center,Randallstown,MD,HSI00000582,LifeBridge Health,1,1,nonprofit,193,0,https://www.ahrq.gov/sites/default/files/wysiwyg/chsp/compendium/chsp-hospital-linkage-2023.xlsx
210012,CHSP00006160,Sinai Hospital Of Baltimore  Inc.,Baltimore,MD,HSI00000582,LifeBridge Health,1,1,nonprofit,459,0,https://www.ahrq.gov/sites/default/files/wysiwyg/chsp/compendium/chsp-hospital-linkage-2023.xlsx
414003,CHSP00001857,Emma P Bradley Hospital,East Providence,RI,HSI00000585,Lifespan,0,5,for-profit,,,https://www.ahrq.gov/sites/default/files/wysiwyg/chsp/compendium/chsp-hospital-linkage-2023.xlsx
410006,CHSP00004507,Newport Hospital,Newport,RI,HSI00000585,Lifespan,1,1,nonprofit,66,0,https://www.ahrq.gov/sites/default/files/wysiwyg/chsp/compendium/chsp-hospital-linkage-2023.xlsx
410007,CHSP00005490,Rhode Island Hospital,Providence,RI,HSI00000585,Lifespan,1,1,nonprofit,650,0,https://www.ahrq.gov/sites/default/files/wysiwyg/chsp/compendium/chsp-hospital-linkage-2023.xlsx
410012,CHSP00004238,The Miriam Hospital,Providence,RI,HSI00000585,Lifespan,1,1,nonprofit,247,0,https://www.ahrq.gov/sites/default/files/wysiwyg/chsp/compendium/chsp-hospital-linkage-2023.xlsx
054093,CHSP00003567,Llu  Behavioral Medicine Center,Redlands,CA,HSI00000591,Loma Linda University Health,0,2,church-operated,89,0,https://www.ahrq.gov/sites/default/files/wysiwyg/chsp/compendium/chsp-hospital-linkage-2023.xlsx
050770,CHSP00003572,Llumc Murrieta,Murrieta,CA,HSI00000591,Loma Linda University Health,1,2,church-operated,111,0,https://www.ahrq.gov/sites/default/files/wysiwyg/chsp/compendium/chsp-hospital-linkage-2023.xlsx
050778,CHSP00003568,Loma Linda University Childrens Hosp,Loma Linda,CA,HSI00000591,Loma Linda University Health,1,2,church-operated,364,1,https://www.ahrq.gov/sites/default/files/wysiwyg/chsp/compendium/chsp-hospital-linkage-2023.xlsx
050327,CHSP00003571,Loma Linda University Medical Center,Loma Linda,CA,HSI00000591,Loma Linda University Health,1,2,church-operated,437,1,https://www.ahrq.gov/sites/default/files/wysiwyg/chsp/compendium/chsp-hospital-linkage-2023.xlsx
390139,CHSP00000756,Bryn Mawr Hospital,Bryn Mawr,PA,HSI00000608,Main Line Health,1,1,nonprofit,244,0,https://www.ahrq.gov/sites/default/files/wysiwyg/chsp/compendium/chsp-hospital-linkage-2023.xlsx
393025,CHSP00000757,Bryn Mawr Rehabilitation Hospital,Malvern,PA,HSI00000608,Main Line Health,0,1,nonprofit,148,0,https://www.ahrq.gov/sites/default/files/wysiwyg/chsp/compendium/chsp-hospital-linkage-2023.xlsx
390195,CHSP00003416,Lankenau Medical Center,Wynnewood,PA,HSI00000608,Main Line Health,1,1,nonprofit,370,0,https://www.ahrq.gov/sites/default/files/wysiwyg/chsp/compendium/chsp-hospital-linkage-2023.xlsx
390153,CHSP00004950,Paoli Hospital,Paoli,PA,HSI00000608,Main Line Health,1,1,nonprofit,249,0,https://www.ahrq.gov/sites/default/files/wysiwyg/chsp/compendium/chsp-hospital-linkage-2023.xlsx
390222,CHSP00005505,Riddle Hospital,Media,PA,HSI00000608,Main Line Health,1,1,nonprofit,186,0,https://www.ahrq.gov/sites/default/files/wysiwyg/chsp/compendium/chsp-hospital-linkage-2023.xlsx
200039,CHSP00003681,Mainegeneral Medical Center,Augusta,ME,HSI00000610,MaineGeneral Health,1,1,nonprofit,186,0,https://www.ahrq.gov/sites/default/files/wysiwyg/chsp/compendium/chsp-hospital-linkage-2023.xlsx
200037,CHSP00002109,Franklin Memorial Hospital,Farmington,ME,HSI00000611,MaineHealth,1,1,nonprofit,41,0,https://www.ahrq.gov/sites/default/files/wysiwyg/chsp/compendium/chsp-hospital-linkage-2023.xlsx
201302,CHSP00003540,Lincolnhealth,Damariscotta,ME,HSI00000611,MaineHealth,1,1,nonprofit,25,0,https://www.ahrq.gov/sites/default/files/wysiwyg/chsp/compendium/chsp-hospital-linkage-2023.xlsx
200009,CHSP00003678,Maine Medical Center,Portland,ME,HSI00000611,MaineHealth,1,1,nonprofit,679,0,https://www.ahrq.gov/sites/default/files/wysiwyg/chsp/compendium/chsp-hospital-linkage-2023.xlsx
200021,CHSP00004164,Mid Coast Hospital,Brunswick,ME,HSI00000611,MaineHealth,1,1,nonprofit,93,0,https://www.ahrq.gov/sites/default/files/wysiwyg/chsp/compendium/chsp-hospital-linkage-2023.xlsx
200063,CHSP00005039,Penobscot Bay Medical Center,Rockport,ME,HSI00000611,MaineHealth,1,1,nonprofit,81,0,https://www.ahrq.gov/sites/default/files/wysiwyg/chsp/compendium/chsp-hospital-linkage-2023.xlsx
200019,CHSP00006276,Southern Maine Health Care,Biddeford,ME,HSI00000611,MaineHealth,1,1,nonprofit,140,0,https://www.ahrq.gov/sites/default/files/wysiwyg/chsp/compendium/chsp-hospital-linkage-2023.xlsx
204005,CHSP00006368,Spring Harbor Hospital,Westbrook,ME,HSI00000611,MaineHealth,0,1,nonprofit,89,0,https://www.ahrq.gov/sites/default/files/wysiwyg/chsp/compendium/chsp-hospital-linkage-2023.xlsx
201315,CHSP00006652,Stephens Memorial Hospital - Cah,Norway,ME,HSI00000611,MaineHealth,1,1,nonprofit,25,0,https://www.ahrq.gov/sites/default/files/wysiwyg/chsp/compendium/chsp-hospital-linkage-2023.xlsx
201312,CHSP00007534,Waldo County General Hospital,Belfast,ME,HSI00000611,MaineHealth,1,1,nonprofit,25,0,https://www.ahrq.gov/sites/default/files/wysiwyg/chsp/compendium/chsp-hospital-linkage-2023.xlsx
301307,CHSP00003919,Memorial Hospital,North Conway,NH,HSI00000611,MaineHealth,1,1,nonprofit,25,0,https://www.ahrq.gov/sites/default/files/wysiwyg/chsp/compendium/chsp-hospital-linkage-2023.xlsx
271340,CHSP00003698,Marcus Daly Memorial Hospital,Hamilton,MT,HSI00000613,Bitterroot Health,1,1,nonprofit,25,0,https://www.ahrq.gov/sites/default/files/wysiwyg/chsp/compendium/chsp-hospital-linkage-2023.xlsx
151329,CHSP00003700,Margaret Mary Community Hospital,Batesville,IN,HSI00000614,Margaret Mary Health,1,1,nonprofit,25,0,https://www.ahrq.gov/sites/default/files/wysiwyg/chsp/compendium/chsp-hospital-linkage-2023.xlsx
050360,CHSP00003710,Marinhealth Medical Center,Greenbrae,CA,HSI00000616,MarinHealth,1,1,nonprofit,310,0,https://www.ahrq.gov/sites/default/files/wysiwyg/chsp/compendium/chsp-hospital-linkage-2023.xlsx
050254,CHSP00003725,Marshall Hospital,Placerville,CA,HSI00000619,Marshall Medical Center,1,1,nonprofit,111,0,https://www.ahrq.gov/sites/default/files/wysiwyg/chsp/compendium/chsp-hospital-linkage-2023.xlsx
230055,CHSP00001676,Dickinson County Healthcare System,Iron Mountain,MI,HSI00000621,Marshfield Clinic Health System,1,1,nonprofit,49,0,https://www.ahrq.gov/sites/default/files/wysiwyg/chsp/compendium/chsp-hospital-linkage-2023.xlsx
520076,CHSP00000547,Beaver Dam Community Hospitals,Beaver Dam,WI,HSI00000621,Marshfield Clinic Health System,1,1,nonprofit,43,0,https://www.ahrq.gov/sites/default/files/wysiwyg/chsp/compendium/chsp-hospital-linkage-2023.xlsx
521325,CHSP00002009,Flambeau Hospital Mchs,Park Falls,WI,HSI00000621,Marshfield Clinic Health System,1,1,nonprofit,24,0,https://www.ahrq.gov/sites/default/files/wysiwyg/chsp/compendium/chsp-hospital-linkage-2023.xlsx
520011,CHSP00003388,Lakeview Medical Center Of Rice Lake,Rice Lake,WI,HSI00000621,Marshfield Clinic Health System,1,1,nonprofit,40,0,https://www.ahrq.gov/sites/default/files/wysiwyg/chsp/compendium/chsp-hospital-linkage-2023.xlsx
520037,CHSP00004226,Marshfield Medical Center,Marshfield,WI,HSI00000621,Marshfield Clinic Health System,1,1,nonprofit,215,0,https://www.ahrq.gov/sites/default/files/wysiwyg/chsp/compendium/chsp-hospital-linkage-2023.xlsx
520215,CHSP00008825,Marshfield Medical Center - River Re,Stevens Point,WI,HSI00000621,Marshfield Clinic Health System,1,1,nonprofit,5,0,https://www.ahrq.gov/sites/default/files/wysiwyg/chsp/compendium/chsp-hospital-linkage-2023.xlsx
521323,CHSP00003956,Marshfield Medical Center Neillsvill,Neillsville,WI,HSI00000621,Marshfield Clinic Health System,1,1,nonprofit,16,0,https://www.ahrq.gov/sites/default/files/wysiwyg/chsp/compendium/chsp-hospital-linkage-2023.xlsx
523980,CHSP00008973,Marshfield Medical Center Neillsville,Neillsville,WI,HSI00000621,Marshfield Clinic Health System,1,,,,,https://www.ahrq.gov/sites/default/files/wysiwyg/chsp/compendium/chsp-hospital-linkage-2023.xlsx
520202,CHSP00004225,Marshfield Medical Center Weston,Weston,WI,HSI00000621,Marshfield Clinic Health System,1,1,nonprofit,99,0,https://www.ahrq.gov/sites/default/files/wysiwyg/chsp/compendium/chsp-hospital-linkage-2023.xlsx
520210,CHSP00008470,Marshfield Medical Center-Eau Claire,Eau Claire,WI,HSI00000621,Marshfield Clinic Health System,1,1,nonprofit,56,0,https://www.ahrq.gov/sites/default/files/wysiwyg/chsp/compendium/chsp-hospital-linkage-2023.xlsx
521328,CHSP00005630,Marshfield Medical Center-Ladysmith,Ladysmith,WI,HSI00000621,Marshfield Clinic Health System,1,1,nonprofit,25,0,https://www.ahrq.gov/sites/default/files/wysiwyg/chsp/compendium/chsp-hospital-linkage-2023.xlsx
520212,CHSP00008471,Marshfield Medical Center-Minocqua,Minocqua,WI,HSI00000621,Marshfield Clinic Health System,1,1,nonprofit,31,0,https://www.ahrq.gov/sites/default/files/wysiwyg/chsp/compendium/chsp-hospital-linkage-2023.xlsx
280032,CHSP00003745,Mary Lanning Memorial Hospital Assoc,Hastings,NE,HSI00000623,Mary Lanning Healthcare,1,1,nonprofit,97,0,https://www.ahrq.gov/sites/default/files/wysiwyg/chsp/compendium/chsp-hospital-linkage-2023.xlsx
490022,CHSP00003748,Mary Washington Hospital,Fredericksburg,VA,HSI00000624,Mary Washington Healthcare,1,1,nonprofit,414,0,https://www.ahrq.gov/sites/default/files/wysiwyg/chsp/compendium/chsp-hospital-linkage-2023.xlsx
494028,CHSP00006183,Snowden At Fredericksburg,Fredericksburg,VA,HSI00000624,Mary Washington Healthcare,0,,,,,https://www.ahrq.gov/sites/default/files/wysiwyg/chsp/compendium/chsp-hospital-linkage-2023.xlsx
490140,CHSP00006624,Stafford Hospital,Stafford,VA,HSI00000624,Mary Washington Healthcare,1,1,nonprofit,88,0,https://www.ahrq.gov/sites/default/files/wysiwyg/chsp/compendium/chsp-hospital-linkage-2023.xlsx
030055,CHSP00003285,Kingman Regional Medical Center,Kingman,AZ,HSI00000631,Mayo Clinic Health System,1,1,nonprofit,196,0,https://www.ahrq.gov/sites/default/files/wysiwyg/chsp/compendium/chsp-hospital-linkage-2023.xlsx
030103,CHSP00003789,Mayo Clinic Hospital,Phoenix,AZ,HSI00000631,Mayo Clinic Health System,1,1,nonprofit,353,0,https://www.ahrq.gov/sites/default/files/wysiwyg/chsp/compendium/chsp-hospital-linkage-2023.xlsx
100151,CHSP00003792,Mayo Clinic Florida,Jacksonville,FL,HSI00000631,Mayo Clinic Health System,1,1,nonprofit,307,0,https://www.ahrq.gov/sites/default/files/wysiwyg/chsp/compendium/chsp-hospital-linkage-2023.xlsx
161371,CHSP00007779,Winneshiek Medical Center,Decorah,IA,HSI00000631,Mayo Clinic Health System,1,3,public/government,25,0,https://www.ahrq.gov/sites/default/files/wysiwyg/chsp/compendium/chsp-hospital-linkage-2023.xlsx
167190,CHSP00008379,Winnmed,Decorah,IA,HSI00000631,Mayo Clinic Health System,1,,,,,https://www.ahrq.gov/sites/default/files/wysiwyg/chsp/compendium/chsp-hospital-linkage-2023.xlsx
241346,CHSP00003777,Cannon Falls Medical Center - Mayo,Cannon Falls,MN,HSI00000631,Mayo Clinic Health System,1,1,nonprofit,15,0,https://www.ahrq.gov/sites/default/files/wysiwyg/chsp/compendium/chsp-hospital-linkage-2023.xlsx
241361,CHSP00003782,Mayo Clinic Health Sys - New Prague,New Prague,MN,HSI00000631,Mayo Clinic Health System,1,1,nonprofit,20,0,https://www.ahrq.gov/sites/default/files/wysiwyg/chsp/compendium/chsp-hospital-linkage-2023.xlsx
241333,CHSP00003784,Mayo Clinic Health Sys - St. James,Saint James,MN,HSI00000631,Mayo Clinic Health System,1,1,nonprofit,25,0,https://www.ahrq.gov/sites/default/files/wysiwyg/chsp/compendium/chsp-hospital-linkage-2023.xlsx
240018,CHSP00003783,Mayo Clinic Health System - Red Wing,Red Wing,MN,HSI00000631,Mayo Clinic Health System,1,1,nonprofit,27,0,https://www.ahrq.gov/sites/default/files/wysiwyg/chsp/compendium/chsp-hospital-linkage-2023.xlsx
241345,CHSP00003786,Mayo Clinic Health System - Waseca,Waseca,MN,HSI00000631,Mayo Clinic Health System,1,1,nonprofit,15,0,https://www.ahrq.gov/sites/default/files/wysiwyg/chsp/compendium/chsp-hospital-linkage-2023.xlsx
240166,CHSP00003779,Mayo Clinic Health System-Fairmont,Fairmont,MN,HSI00000631,Mayo Clinic Health System,1,1,nonprofit,37,0,https://www.ahrq.gov/sites/default/files/wysiwyg/chsp/compendium/chsp-hospital-linkage-2023.xlsx
240117,CHSP00003788,Mayo Clinic Health Systems Austin,Austin,MN,HSI00000631,Mayo Clinic Health System,1,,,,,https://www.ahrq.gov/sites/default/files/wysiwyg/chsp/compendium/chsp-hospital-linkage-2023.xlsx
249801,CHSP00008158,Mayo Clinic Hospital Methodist Campus,Rochester,MN,HSI00000631,Mayo Clinic Health System,1,,,,,https://www.ahrq.gov/sites/default/files/wysiwyg/chsp/compendium/chsp-hospital-linkage-2023.xlsx
240010,CHSP00003790,Mayo Clinic Hospital Rochester,Rochester,MN,HSI00000631,Mayo Clinic Health System,1,3,public/government,1154,0,https://www.ahrq.gov/sites/default/files/wysiwyg/chsp/compendium/chsp-hospital-linkage-2023.xlsx
241338,CHSP00003780,Mayo Clnic Health System - Lake City,Lake City,MN,HSI00000631,Mayo Clinic Health System,1,3,public/government,18,0,https://www.ahrq.gov/sites/default/files/wysiwyg/chsp/compendium/chsp-hospital-linkage-2023.xlsx
240043,CHSP00003776,Mayo Clnic Hlth Sys-Albrt Lea Austin,Albert Lea,MN,HSI00000631,Mayo Clinic Health System,1,1,nonprofit,79,0,https://www.ahrq.gov/sites/default/files/wysiwyg/chsp/compendium/chsp-hospital-linkage-2023.xlsx
240093,CHSP00003781,Mchs - Southwest Minnesota Region,Mankato,MN,HSI00000631,Mayo Clinic Health System,1,1,nonprofit,118,0,https://www.ahrq.gov/sites/default/files/wysiwyg/chsp/compendium/chsp-hospital-linkage-2023.xlsx
244009,CHSP00005768,Saint Marys Hospital Inc,Rochester,MN,HSI00000631,Mayo Clinic Health System,0,,,,,https://www.ahrq.gov/sites/default/files/wysiwyg/chsp/compendium/chsp-hospital-linkage-2023.xlsx
523998,CHSP00008157,Mayo Clinic Health System Franciscan Healthcare Sparta,Sparta,WI,HSI00000631,Mayo Clinic Health System,1,,,,,https://www.ahrq.gov/sites/default/files/wysiwyg/chsp/compendium/chsp-hospital-linkage-2023.xlsx
520070,CHSP00003778,Mchs Eau Claire Hospital,Eau Claire,WI,HSI00000631,Mayo Clinic Health System,1,1,nonprofit,186,0,https://www.ahrq.gov/sites/default/files/wysiwyg/chsp/compendium/chsp-hospital-linkage-2023.xlsx
520004,CHSP00003771,Mchs Franciscan Healthcare  Inc,La Crosse,WI,HSI00000631,Mayo Clinic Health System,1,1,nonprofit,99,0,https://www.ahrq.gov/sites/default/files/wysiwyg/chsp/compendium/chsp-hospital-linkage-2023.xlsx
521315,CHSP00003773,Mchs Northland,Barron,WI,HSI00000631,Mayo Clinic Health System,1,1,nonprofit,25,0,https://www.ahrq.gov/sites/default/files/wysiwyg/chsp/compendium/chsp-hospital-linkage-2023.xlsx
521302,CHSP00003774,Mchs Oakridge,Osseo,WI,HSI00000631,Mayo Clinic Health System,1,1,nonprofit,18,0,https://www.ahrq.gov/sites/default/files/wysiwyg/chsp/compendium/chsp-hospital-linkage-2023.xlsx
521314,CHSP00003770,Mchs-Chippewa Valley,Bloomer,WI,HSI00000631,Mayo Clinic Health System,1,1,nonprofit,25,0,https://www.ahrq.gov/sites/default/files/wysiwyg/chsp/compendium/chsp-hospital-linkage-2023.xlsx
521305,CHSP00003772,Mchs-Franciscan Sparta,Sparta,WI,HSI00000631,Mayo Clinic Health System,1,2,church-operated,25,0,https://www.ahrq.gov/sites/default/files/wysiwyg/chsp/compendium/chsp-hospital-linkage-2023.xlsx
521340,CHSP00003775,Mchs-Red Cedar,Menomonie,WI,HSI00000631,Mayo Clinic Health System,1,1,nonprofit,25,0,https://www.ahrq.gov/sites/default/files/wysiwyg/chsp/compendium/chsp-hospital-linkage-2023.xlsx
230041,CHSP00003818,Bay Regional Medical Center,Bay City,MI,HSI00000636,McLaren Health Care Corporation,1,1,nonprofit,234,0,https://www.ahrq.gov/sites/default/files/wysiwyg/chsp/compendium/chsp-hospital-linkage-2023.xlsx
231329,CHSP00000955,Caro Community Hospital,Caro,MI,HSI00000636,McLaren Health Care Corporation,1,1,nonprofit,25,0,https://www.ahrq.gov/sites/default/files/wysiwyg/chsp/compendium/chsp-hospital-linkage-2023.xlsx
230297,CHSP00003116,Karmanos Cancer Hospital,Detroit,MI,HSI00000636,McLaren Health Care Corporation,0,1,nonprofit,102,0,https://www.ahrq.gov/sites/default/files/wysiwyg/chsp/compendium/chsp-hospital-linkage-2023.xlsx
232020,CHSP00003819,Mclaren Bay Special Care,Bay City,MI,HSI00000636,McLaren Health Care Corporation,0,1,nonprofit,15,0,https://www.ahrq.gov/sites/default/files/wysiwyg/chsp/compendium/chsp-hospital-linkage-2023.xlsx
230080,CHSP00003820,Mclaren Central Michigan,Mount Pleasant,MI,HSI00000636,McLaren Health Care Corporation,1,1,nonprofit,41,0,https://www.ahrq.gov/sites/default/files/wysiwyg/chsp/compendium/chsp-hospital-linkage-2023.xlsx
230141,CHSP00003821,Mclaren Flint,Flint,MI,HSI00000636,McLaren Health Care Corporation,1,1,nonprofit,283,0,https://www.ahrq.gov/sites/default/files/wysiwyg/chsp/compendium/chsp-hospital-linkage-2023.xlsx
230167,CHSP00003822,Mclaren Greater Lansing,Lansing,MI,HSI00000636,McLaren Health Care Corporation,1,1,nonprofit,193,0,https://www.ahrq.gov/sites/default/files/wysiwyg/chsp/compendium/chsp-hospital-linkage-2023.xlsx
230193,CHSP00003823,Mclaren Lapeer Region,Lapeer,MI,HSI00000636,McLaren Health Care Corporation,1,1,nonprofit,92,0,https://www.ahrq.gov/sites/default/files/wysiwyg/chsp/compendium/chsp-hospital-linkage-2023.xlsx
230227,CHSP00003824,Mclaren Macomb,Mount Clemens,MI,HSI00000636,McLaren Health Care Corporation,1,1,nonprofit,271,0,https://www.ahrq.gov/sites/default/files/wysiwyg/chsp/compendium/chsp-hospital-linkage-2023.xlsx
230105,CHSP00003825,Mclaren Northern Michigan,Petoskey,MI,HSI00000636,McLaren Health Care Corporation,1,1,nonprofit,175,0,https://www.ahrq.gov/sites/default/files/wysiwyg/chsp/compendium/chsp-hospital-linkage-2023.xlsx
230207,CHSP00003826,Mclaren Oakland,Pontiac,MI,HSI00000636,McLaren Health Care Corporation,1,1,nonprofit,109,1,https://www.ahrq.gov/sites/default/files/wysiwyg/chsp/compendium/chsp-hospital-linkage-2023.xlsx
230216,CHSP00003828,Mclaren Port Huron,Port Huron,MI,HSI00000636,McLaren Health Care Corporation,1,1,nonprofit,152,0,https://www.ahrq.gov/sites/default/files/wysiwyg/chsp/compendium/chsp-hospital-linkage-2023.xlsx
231340,CHSP00008716,Mclaren Thumb Region,Bad Axe,MI,HSI00000636,McLaren Health Care Corporation,1,1,nonprofit,25,0,https://www.ahrq.gov/sites/default/files/wysiwyg/chsp/compendium/chsp-hospital-linkage-2023.xlsx
420057,CHSP00003836,Mcleod Behavioral Health,Darlington,SC,HSI00000637,McLeod Health,0,,,,,https://www.ahrq.gov/sites/default/files/wysiwyg/chsp/compendium/chsp-hospital-linkage-2023.xlsx
420107,CHSP00003832,Mcleod Health Cheraw,Cheraw,SC,HSI00000637,McLeod Health,1,1,nonprofit,46,0,https://www.ahrq.gov/sites/default/files/wysiwyg/chsp/compendium/chsp-hospital-linkage-2023.xlsx
420109,CHSP00003833,Mcleod Health Clarendon,Manning,SC,HSI00000637,McLeod Health,1,1,nonprofit,49,0,https://www.ahrq.gov/sites/default/files/wysiwyg/chsp/compendium/chsp-hospital-linkage-2023.xlsx
420105,CHSP00003834,Mcleod Loris Seacoast Hospital,Loris,SC,HSI00000637,McLeod Health,1,1,nonprofit,155,0,https://www.ahrq.gov/sites/default/files/wysiwyg/chsp/compendium/chsp-hospital-linkage-2023.xlsx
420005,CHSP00003835,Mcleod Medical Center - Dillon,Dillon,SC,HSI00000637,McLeod Health,1,1,nonprofit,72,1,https://www.ahrq.gov/sites/default/files/wysiwyg/chsp/compendium/chsp-hospital-linkage-2023.xlsx
420051,CHSP00003837,Mcleod Regional Medical Center,Florence,SC,HSI00000637,McLeod Health,1,1,nonprofit,524,0,https://www.ahrq.gov/sites/default/files/wysiwyg/chsp/compendium/chsp-hospital-linkage-2023.xlsx
390113,CHSP00003848,Meadville Medical Center,Meadville,PA,HSI00000639,Meadville Medical Center,1,1,nonprofit,200,0,https://www.ahrq.gov/sites/default/files/wysiwyg/chsp/compendium/chsp-hospital-linkage-2023.xlsx
391314,CHSP00007011,Titusville Area Hospital,Titusville,PA,HSI00000639,Meadville Medical Center,1,1,nonprofit,25,0,https://www.ahrq.gov/sites/default/files/wysiwyg/chsp/compendium/chsp-hospital-linkage-2023.xlsx
090004,CHSP00003852,Georgetown University Hospital,Washington,DC,HSI00000640,MedStar Health,1,1,nonprofit,402,0,https://www.ahrq.gov/sites/default/files/wysiwyg/chsp/compendium/chsp-hospital-linkage-2023.xlsx
093025,CHSP00003856,National Rehabilitation Hospital,Washington,DC,HSI00000640,MedStar Health,0,1,nonprofit,137,0,https://www.ahrq.gov/sites/default/files/wysiwyg/chsp/compendium/chsp-hospital-linkage-2023.xlsx
090011,CHSP00003860,Washington Hospital Center,Washington,DC,HSI00000640,MedStar Health,1,1,nonprofit,725,1,https://www.ahrq.gov/sites/default/files/wysiwyg/chsp/compendium/chsp-hospital-linkage-2023.xlsx
210056,CHSP00003853,Good Samaritan Hospital,Baltimore,MD,HSI00000640,MedStar Health,1,1,nonprofit,202,0,https://www.ahrq.gov/sites/default/files/wysiwyg/chsp/compendium/chsp-hospital-linkage-2023.xlsx
210015,CHSP00003851,Medstar Franklin Square Medical Ctr,Baltimore,MD,HSI00000640,MedStar Health,1,1,nonprofit,354,0,https://www.ahrq.gov/sites/default/files/wysiwyg/chsp/compendium/chsp-hospital-linkage-2023.xlsx
210034,CHSP00003854,Medstar Harbor Hospital,Baltimore,MD,HSI00000640,MedStar Health,1,1,nonprofit,142,1,https://www.ahrq.gov/sites/default/files/wysiwyg/chsp/compendium/chsp-hospital-linkage-2023.xlsx
210018,CHSP00003855,Medstar Montgomery Medical Center,Olney,MD,HSI00000640,MedStar Health,1,1,nonprofit,96,0,https://www.ahrq.gov/sites/default/files/wysiwyg/chsp/compendium/chsp-hospital-linkage-2023.xlsx
210062,CHSP00003857,Medstar Southern Maryland Hospital C,Clinton,MD,HSI00000640,MedStar Health,1,1,nonprofit,188,0,https://www.ahrq.gov/sites/default/files/wysiwyg/chsp/compendium/chsp-hospital-linkage-2023.xlsx
210024,CHSP00003859,Medstar Union Memorial Hospital,Baltimore,MD,HSI00000640,MedStar Health,1,1,nonprofit,191,0,https://www.ahrq.gov/sites/default/files/wysiwyg/chsp/compendium/chsp-hospital-linkage-2023.xlsx
210028,CHSP00003858,St. Marys Hospital,Leonardtown,MD,HSI00000640,MedStar Health,1,1,nonprofit,105,0,https://www.ahrq.gov/sites/default/files/wysiwyg/chsp/compendium/chsp-hospital-linkage-2023.xlsx
330193,CHSP00002045,Flushing Hospital Medical Center,Flushing,NY,HSI00000642,Medisys Health Network,1,1,nonprofit,247,1,https://www.ahrq.gov/sites/default/files/wysiwyg/chsp/compendium/chsp-hospital-linkage-2023.xlsx
330014,CHSP00002955,Jamaica Hospital Medical Center,Jamaica,NY,HSI00000642,Medisys Health Network,1,1,nonprofit,281,1,https://www.ahrq.gov/sites/default/files/wysiwyg/chsp/compendium/chsp-hospital-linkage-2023.xlsx
140135,CHSP00001635,Decatur Memorial Hospital,Decatur,IL,HSI00000648,Memorial Health System,1,1,nonprofit,178,0,https://www.ahrq.gov/sites/default/files/wysiwyg/chsp/compendium/chsp-hospital-linkage-2023.xlsx
140058,CHSP00004993,Jacksonville Memorial Hospital,Arcadia,IL,HSI00000648,Memorial Health System,1,,,,,https://www.ahrq.gov/sites/default/files/wysiwyg/chsp/compendium/chsp-hospital-linkage-2023.xlsx
141352,CHSP00009020,Jacksonville Memorial Hospital,Jacksonville,IL,HSI00000648,Memorial Health System,1,1,nonprofit,25,0,https://www.ahrq.gov/sites/default/files/wysiwyg/chsp/compendium/chsp-hospital-linkage-2023.xlsx
141322,CHSP00000034,Lincoln Memorial Hospital,Lincoln,IL,HSI00000648,Memorial Health System,1,1,nonprofit,25,0,https://www.ahrq.gov/sites/default/files/wysiwyg/chsp/compendium/chsp-hospital-linkage-2023.xlsx
140148,CHSP00003951,Springfield Memorial Hospital,Springfield,IL,HSI00000648,Memorial Health System,1,1,nonprofit,407,0,https://www.ahrq.gov/sites/default/files/wysiwyg/chsp/compendium/chsp-hospital-linkage-2023.xlsx
141339,CHSP00006805,Taylorville Memorial Hospital,Taylorville,IL,HSI00000648,Memorial Health System,1,1,nonprofit,25,0,https://www.ahrq.gov/sites/default/files/wysiwyg/chsp/compendium/chsp-hospital-linkage-2023.xlsx
360092,CHSP00003901,Memorial Hospital Of Union County,Marysville,OH,HSI00000648,Memorial Health System,1,3,public/government,51,0,https://www.ahrq.gov/sites/default/files/wysiwyg/chsp/compendium/chsp-hospital-linkage-2023.xlsx
360147,CHSP00003709,Marietta Memorial Hospital,Marietta,OH,HSI00000649,Memorial Health System,1,1,nonprofit,188,0,https://www.ahrq.gov/sites/default/files/wysiwyg/chsp/compendium/chsp-hospital-linkage-2023.xlsx
361319,CHSP00005940,Selby General Hospital,Marietta,OH,HSI00000649,Memorial Health System,1,1,nonprofit,25,0,https://www.ahrq.gov/sites/default/files/wysiwyg/chsp/compendium/chsp-hospital-linkage-2023.xlsx
511304,CHSP00006171,Sistersville General Hospital,Sistersville,WV,HSI00000649,Memorial Health System,1,1,nonprofit,6,0,https://www.ahrq.gov/sites/default/files/wysiwyg/chsp/compendium/chsp-hospital-linkage-2023.xlsx
230121,CHSP00003904,Memorial Healthcare,Owosso,MI,HSI00000652,Memorial Healthcare,1,1,nonprofit,113,0,https://www.ahrq.gov/sites/default/files/wysiwyg/chsp/compendium/chsp-hospital-linkage-2023.xlsx
452309,CHSP00008888,Childrens Memorial Hermann Hospital,Houston,TX,HSI00000654,Memorial Hermann Healthcare System,1,,,,,https://www.ahrq.gov/sites/default/files/wysiwyg/chsp/compendium/chsp-hospital-linkage-2023.xlsx
450184,CHSP00003906,Memorial Hermann  Hospital Sys,Houston,TX,HSI00000654,Memorial Hermann Healthcare System,1,1,nonprofit,1417,0,https://www.ahrq.gov/sites/default/files/wysiwyg/chsp/compendium/chsp-hospital-linkage-2023.xlsx
450860,CHSP00003917,Memorial Hermann First Colony,Sugar Land,TX,HSI00000654,Memorial Hermann Healthcare System,0,5,for-profit,6,0,https://www.ahrq.gov/sites/default/files/wysiwyg/chsp/compendium/chsp-hospital-linkage-2023.xlsx
450847,CHSP00003908,Memorial Hermann Katy,Katy,TX,HSI00000654,Memorial Hermann Healthcare System,1,1,nonprofit,196,0,https://www.ahrq.gov/sites/default/files/wysiwyg/chsp/compendium/chsp-hospital-linkage-2023.xlsx
450610,CHSP00003909,Memorial Hermann Memorial City Medic,Houston,TX,HSI00000654,Memorial Hermann Healthcare System,1,1,nonprofit,444,0,https://www.ahrq.gov/sites/default/files/wysiwyg/chsp/compendium/chsp-hospital-linkage-2023.xlsx
450684,CHSP00003910,Memorial Hermann Northeast,Humble,TX,HSI00000654,Memorial Hermann Healthcare System,1,1,nonprofit,227,0,https://www.ahrq.gov/sites/default/files/wysiwyg/chsp/compendium/chsp-hospital-linkage-2023.xlsx
673038,CHSP00003912,Memorial Hermann Rehab Hosp Katy,Katy,TX,HSI00000654,Memorial Hermann Healthcare System,0,5,for-profit,35,0,https://www.ahrq.gov/sites/default/files/wysiwyg/chsp/compendium/chsp-hospital-linkage-2023.xlsx
670012,CHSP00003911,Memorial Hermann Rockets Orthopedic Hospital,Bellaire,TX,HSI00000654,Memorial Hermann Healthcare System,0,,,,,https://www.ahrq.gov/sites/default/files/wysiwyg/chsp/compendium/chsp-hospital-linkage-2023.xlsx
450848,CHSP00003915,Memorial Hermann Sugarland,Sugar Land,TX,HSI00000654,Memorial Hermann Healthcare System,1,1,nonprofit,175,0,https://www.ahrq.gov/sites/default/files/wysiwyg/chsp/compendium/chsp-hospital-linkage-2023.xlsx
450068,CHSP00003905,Memorial Hermann Texas Medical Cntr,Houston,TX,HSI00000654,Memorial Hermann Healthcare System,1,1,nonprofit,1089,1,https://www.ahrq.gov/sites/default/files/wysiwyg/chsp/compendium/chsp-hospital-linkage-2023.xlsx
453025,CHSP00006777,Memorial Hermann Tirr,Houston,TX,HSI00000654,Memorial Hermann Healthcare System,0,1,nonprofit,134,0,https://www.ahrq.gov/sites/default/files/wysiwyg/chsp/compendium/chsp-hospital-linkage-2023.xlsx
050485,CHSP00003577,Memorialcare Long Beach Med Ctr,Long Beach,CA,HSI00000658,MemorialCare Health System,1,1,nonprofit,369,1,https://www.ahrq.gov/sites/default/files/wysiwyg/chsp/compendium/chsp-hospital-linkage-2023.xlsx
053309,CHSP00004206,Memorialcare Mcwhlb,Long Beach,CA,HSI00000658,MemorialCare Health System,1,1,nonprofit,357,0,https://www.ahrq.gov/sites/default/files/wysiwyg/chsp/compendium/chsp-hospital-linkage-2023.xlsx
050678,CHSP00004834,Memorialcare Orange Coast Med Ctr,Fountain Valley,CA,HSI00000658,MemorialCare Health System,1,1,nonprofit,217,0,https://www.ahrq.gov/sites/default/files/wysiwyg/chsp/compendium/chsp-hospital-linkage-2023.xlsx
050603,CHSP00005680,Memorialcare Saddleback Med Ctr,Laguna Hills,CA,HSI00000658,MemorialCare Health System,1,1,nonprofit,248,0,https://www.ahrq.gov/sites/default/files/wysiwyg/chsp/compendium/chsp-hospital-linkage-2023.xlsx
041329,CHSP00004010,Mercy Hospital Berryville,Berryville,AR,HSI00000660,Mercy,1,2,church-operated,25,0,https://www.ahrq.gov/sites/default/files/wysiwyg/chsp/compendium/chsp-hospital-linkage-2023.xlsx
041318,CHSP00004011,Mercy Hospital Booneville,Booneville,AR,HSI00000660,Mercy,1,2,church-operated,12,0,https://www.ahrq.gov/sites/default/files/wysiwyg/chsp/compendium/chsp-hospital-linkage-2023.xlsx
040062,CHSP00004017,Mercy Hospital Fort Smith,Fort Smith,AR,HSI00000660,Mercy,1,2,church-operated,256,0,https://www.ahrq.gov/sites/default/files/wysiwyg/chsp/compendium/chsp-hospital-linkage-2023.xlsx
041303,CHSP00004026,Mercy Hospital Ozark,Ozark,AR,HSI00000660,Mercy,1,2,church-operated,12,0,https://www.ahrq.gov/sites/default/files/wysiwyg/chsp/compendium/chsp-hospital-linkage-2023.xlsx
041300,CHSP00004027,Mercy Hospital Paris,Paris,AR,HSI00000660,Mercy,1,2,church-operated,12,0,https://www.ahrq.gov/sites/default/files/wysiwyg/chsp/compendium/chsp-hospital-linkage-2023.xlsx
041305,CHSP00004032,Mercy Hospital Waldron,Waldron,AR,HSI00000660,Mercy,1,2,church-operated,12,0,https://www.ahrq.gov/sites/default/files/wysiwyg/chsp/compendium/chsp-hospital-linkage-2023.xlsx
040010,CHSP00004028,Mercy Medical Center,Rogers,AR,HSI00000660,Mercy,1,2,church-operated,236,0,https://www.ahrq.gov/sites/default/files/wysiwyg/chsp/compendium/chsp-hospital-linkage-2023.xlsx
043037,CHSP00008676,Mercy Rehabilitation Hospital Fort S,Fort Smith,AR,HSI00000660,Mercy,0,5,for-profit,50,0,https://www.ahrq.gov/sites/default/files/wysiwyg/chsp/compendium/chsp-hospital-linkage-2023.xlsx
151322,CHSP00005067,Perry County Hospital,Tell City,IN,HSI00000660,Mercy,1,3,public/government,25,0,https://www.ahrq.gov/sites/default/files/wysiwyg/chsp/compendium/chsp-hospital-linkage-2023.xlsx
157177,CHSP00008209,Perry County Memorial Hospital,Tell City,IN,HSI00000660,Mercy,0,,,,,https://www.ahrq.gov/sites/default/files/wysiwyg/chsp/compendium/chsp-hospital-linkage-2023.xlsx
171308,CHSP00004014,Mercy Hospital Columbus,Columbus,KS,HSI00000660,Mercy,1,2,church-operated,25,0,https://www.ahrq.gov/sites/default/files/wysiwyg/chsp/compendium/chsp-hospital-linkage-2023.xlsx
170203,CHSP00005218,Mercy Specialty Hospital - Southeast,Galena,KS,HSI00000660,Mercy,1,2,church-operated,26,0,https://www.ahrq.gov/sites/default/files/wysiwyg/chsp/compendium/chsp-hospital-linkage-2023.xlsx
261314,CHSP00002656,Hermann Area District Hospital,Hermann,MO,HSI00000660,Mercy,1,3,public/government,24,0,https://www.ahrq.gov/sites/default/files/wysiwyg/chsp/compendium/chsp-hospital-linkage-2023.xlsx
267218,CHSP00008052,Hermann Area Hospital District,Hermann,MO,HSI00000660,Mercy,1,,,,,https://www.ahrq.gov/sites/default/files/wysiwyg/chsp/compendium/chsp-hospital-linkage-2023.xlsx
260020,CHSP00004030,Mercy Hospital - St. Louis,Saint Louis,MO,HSI00000660,Mercy,1,2,church-operated,815,0,https://www.ahrq.gov/sites/default/files/wysiwyg/chsp/compendium/chsp-hospital-linkage-2023.xlsx
260052,CHSP00004033,Mercy Hospital - Washington,Washington,MO,HSI00000660,Mercy,1,2,church-operated,140,0,https://www.ahrq.gov/sites/default/files/wysiwyg/chsp/compendium/chsp-hospital-linkage-2023.xlsx
261316,CHSP00004009,Mercy Hospital Aurora,Aurora,MO,HSI00000660,Mercy,1,2,church-operated,25,0,https://www.ahrq.gov/sites/default/files/wysiwyg/chsp/compendium/chsp-hospital-linkage-2023.xlsx
261338,CHSP00004012,Mercy Hospital Carthage,Carthage,MO,HSI00000660,Mercy,1,2,church-operated,25,0,https://www.ahrq.gov/sites/default/files/wysiwyg/chsp/compendium/chsp-hospital-linkage-2023.xlsx
261317,CHSP00004013,Mercy Hospital Cassville,Cassville,MO,HSI00000660,Mercy,1,2,church-operated,25,0,https://www.ahrq.gov/sites/default/files/wysiwyg/chsp/compendium/chsp-hospital-linkage-2023.xlsx
260023,CHSP00004019,Mercy Hospital Jefferson,Festus,MO,HSI00000660,Mercy,1,1,nonprofit,179,0,https://www.ahrq.gov/sites/default/files/wysiwyg/chsp/compendium/chsp-hospital-linkage-2023.xlsx
260001,CHSP00004020,Mercy Hospital Joplin,Joplin,MO,HSI00000660,Mercy,1,2,church-operated,242,0,https://www.ahrq.gov/sites/default/files/wysiwyg/chsp/compendium/chsp-hospital-linkage-2023.xlsx
260059,CHSP00004022,Mercy Hospital Lebanon,Lebanon,MO,HSI00000660,Mercy,1,2,church-operated,43,0,https://www.ahrq.gov/sites/default/files/wysiwyg/chsp/compendium/chsp-hospital-linkage-2023.xlsx
261319,CHSP00004023,Mercy Hospital Lincoln,Troy,MO,HSI00000660,Mercy,1,2,church-operated,25,0,https://www.ahrq.gov/sites/default/files/wysiwyg/chsp/compendium/chsp-hospital-linkage-2023.xlsx
267247,CHSP00008208,Mercy Hospital Perry,Perryville,MO,HSI00000660,Mercy,1,,,,,https://www.ahrq.gov/sites/default/files/wysiwyg/chsp/compendium/chsp-hospital-linkage-2023.xlsx
260077,CHSP00006405,Mercy Hospital South,Saint Louis,MO,HSI00000660,Mercy,1,2,church-operated,720,0,https://www.ahrq.gov/sites/default/files/wysiwyg/chsp/compendium/chsp-hospital-linkage-2023.xlsx
260065,CHSP00004029,Mercy Hospital Springfield,Springfield,MO,HSI00000660,Mercy,1,2,church-operated,617,0,https://www.ahrq.gov/sites/default/files/wysiwyg/chsp/compendium/chsp-hospital-linkage-2023.xlsx
263032,CHSP00004074,Mercy Rehabilitation Hospital Spring,Springfield,MO,HSI00000660,Mercy,0,5,for-profit,60,0,https://www.ahrq.gov/sites/default/files/wysiwyg/chsp/compendium/chsp-hospital-linkage-2023.xlsx
263029,CHSP00004072,Mercy Rehabilitation Hospital St. Lo,Chesterfield,MO,HSI00000660,Mercy,0,5,for-profit,90,0,https://www.ahrq.gov/sites/default/files/wysiwyg/chsp/compendium/chsp-hospital-linkage-2023.xlsx
263034,CHSP00008974,Mercy Rehabilitation Hospital St. Lo,Saint Louis,MO,HSI00000660,Mercy,0,5,for-profit,50,0,https://www.ahrq.gov/sites/default/files/wysiwyg/chsp/compendium/chsp-hospital-linkage-2023.xlsx
261335,CHSP00004078,Mercy St Francis Hospital,Mountain View,MO,HSI00000660,Mercy,1,2,church-operated,25,0,https://www.ahrq.gov/sites/default/files/wysiwyg/chsp/compendium/chsp-hospital-linkage-2023.xlsx
261311,CHSP00005068,Perry County Memorial Hospital,Perryville,MO,HSI00000660,Mercy,1,1,nonprofit,25,0,https://www.ahrq.gov/sites/default/files/wysiwyg/chsp/compendium/chsp-hospital-linkage-2023.xlsx
261308,CHSP00007567,Washington County Memorial Hospital,Potosi,MO,HSI00000660,Mercy,1,3,public/government,25,0,https://www.ahrq.gov/sites/default/files/wysiwyg/chsp/compendium/chsp-hospital-linkage-2023.xlsx
371328,CHSP00000208,Arbuckle Memorial Hospital,Sulphur,OK,HSI00000660,Mercy,1,3,public/government,25,0,https://www.ahrq.gov/sites/default/files/wysiwyg/chsp/compendium/chsp-hospital-linkage-2023.xlsx
371306,CHSP00003996,Mercy Health/Love County,Marietta,OK,HSI00000660,Mercy,1,3,public/government,25,0,https://www.ahrq.gov/sites/default/files/wysiwyg/chsp/compendium/chsp-hospital-linkage-2023.xlsx
370020,CHSP00004007,Mercy Hospital Ada,Ada,OK,HSI00000660,Mercy,1,2,church-operated,108,0,https://www.ahrq.gov/sites/default/files/wysiwyg/chsp/compendium/chsp-hospital-linkage-2023.xlsx
370047,CHSP00004008,Mercy Hospital Ardmore,Ardmore,OK,HSI00000660,Mercy,1,2,church-operated,140,0,https://www.ahrq.gov/sites/default/files/wysiwyg/chsp/compendium/chsp-hospital-linkage-2023.xlsx
371310,CHSP00004018,Mercy Hospital Healdton  Inc.,Healdton,OK,HSI00000660,Mercy,1,2,church-operated,25,0,https://www.ahrq.gov/sites/default/files/wysiwyg/chsp/compendium/chsp-hospital-linkage-2023.xlsx
371313,CHSP00004021,Mercy Hospital Kingfisher,Kingfisher,OK,HSI00000660,Mercy,1,2,church-operated,25,0,https://www.ahrq.gov/sites/default/files/wysiwyg/chsp/compendium/chsp-hospital-linkage-2023.xlsx
371317,CHSP00004024,Mercy Hospital Logan County,Guthrie,OK,HSI00000660,Mercy,1,2,church-operated,25,0,https://www.ahrq.gov/sites/default/files/wysiwyg/chsp/compendium/chsp-hospital-linkage-2023.xlsx
370013,CHSP00004025,Mercy Hospital Okc,Oklahoma City,OK,HSI00000660,Mercy,1,2,church-operated,344,0,https://www.ahrq.gov/sites/default/files/wysiwyg/chsp/compendium/chsp-hospital-linkage-2023.xlsx
371304,CHSP00004031,Mercy Hospital Tishomingo,Tishomingo,OK,HSI00000660,Mercy,1,2,church-operated,25,0,https://www.ahrq.gov/sites/default/files/wysiwyg/chsp/compendium/chsp-hospital-linkage-2023.xlsx
371302,CHSP00004034,Mercy Hospital Watonga,Watonga,OK,HSI00000660,Mercy,1,2,church-operated,25,0,https://www.ahrq.gov/sites/default/files/wysiwyg/chsp/compendium/chsp-hospital-linkage-2023.xlsx
373033,CHSP00004073,Mercy Rehabilitation Hospital Oklaho,Oklahoma City,OK,HSI00000660,Mercy,0,5,for-profit,66,0,https://www.ahrq.gov/sites/default/files/wysiwyg/chsp/compendium/chsp-hospital-linkage-2023.xlsx
373036,CHSP00008675,Mercy Rehabilitation Hospital Oklaho,Oklahoma City,OK,HSI00000660,Mercy,0,5,for-profit,36,0,https://www.ahrq.gov/sites/default/files/wysiwyg/chsp/compendium/chsp-hospital-linkage-2023.xlsx
370234,CHSP00004809,Oklahoma Heart Hospital South,Oklahoma City,OK,HSI00000660,Mercy,0,5,for-profit,43,0,https://www.ahrq.gov/sites/default/files/wysiwyg/chsp/compendium/chsp-hospital-linkage-2023.xlsx
210008,CHSP00004047,Mercy Medical Center,Baltimore,MD,HSI00000663,Mercy Medical Center,1,2,church-operated,173,1,https://www.ahrq.gov/sites/default/files/wysiwyg/chsp/compendium/chsp-hospital-linkage-2023.xlsx
160079,CHSP00004056,Mercy Medical Center,Cedar Rapids,IA,HSI00000666,Mercy Medical Center,1,2,church-operated,216,0,https://www.ahrq.gov/sites/default/files/wysiwyg/chsp/compendium/chsp-hospital-linkage-2023.xlsx
141335,CHSP00003985,Harvard Memorial Hospital,Harvard,IL,HSI00000667,Mercyhealth,1,1,nonprofit,13,0,https://www.ahrq.gov/sites/default/files/wysiwyg/chsp/compendium/chsp-hospital-linkage-2023.xlsx
140239,CHSP00004083,Javon Bea Hospital,Rockford,IL,HSI00000667,Mercyhealth,1,1,nonprofit,194,0,https://www.ahrq.gov/sites/default/files/wysiwyg/chsp/compendium/chsp-hospital-linkage-2023.xlsx
520066,CHSP00004036,Mercy Health System Corporation,Janesville,WI,HSI00000667,Mercyhealth,1,1,nonprofit,182,0,https://www.ahrq.gov/sites/default/files/wysiwyg/chsp/compendium/chsp-hospital-linkage-2023.xlsx
521357,CHSP00004081,Mercy Walworth Hospital,Lake Geneva,WI,HSI00000667,Mercyhealth,1,1,nonprofit,25,0,https://www.ahrq.gov/sites/default/files/wysiwyg/chsp/compendium/chsp-hospital-linkage-2023.xlsx
210001,CHSP00004102,Meritus Medical Center,Hagerstown,MD,HSI00000671,Meritus Health,1,1,nonprofit,265,0,https://www.ahrq.gov/sites/default/files/wysiwyg/chsp/compendium/chsp-hospital-linkage-2023.xlsx
160047,CHSP00004130,Jennie Edmundson Memorial,Council Bluffs,IA,HSI00000672,Methodist Health System,1,1,nonprofit,127,0,https://www.ahrq.gov/sites/default/files/wysiwyg/chsp/compendium/chsp-hospital-linkage-2023.xlsx
280077,CHSP00002121,Methodist Fremont Health,Fremont,NE,HSI00000672,Methodist Health System,1,1,nonprofit,50,0,https://www.ahrq.gov/sites/default/files/wysiwyg/chsp/compendium/chsp-hospital-linkage-2023.xlsx
280040,CHSP00004449,Nebraska Methodist Hospital,Omaha,NE,HSI00000672,Methodist Health System,1,1,nonprofit,363,0,https://www.ahrq.gov/sites/default/files/wysiwyg/chsp/compendium/chsp-hospital-linkage-2023.xlsx
450723,CHSP00004112,Methodist Charlton Medical Center,Dallas,TX,HSI00000673,Methodist Health System,1,1,nonprofit,291,0,https://www.ahrq.gov/sites/default/files/wysiwyg/chsp/compendium/chsp-hospital-linkage-2023.xlsx
450051,CHSP00004114,Methodist Dallas Medical Center,Dallas,TX,HSI00000673,Methodist Health System,1,1,nonprofit,375,0,https://www.ahrq.gov/sites/default/files/wysiwyg/chsp/compendium/chsp-hospital-linkage-2023.xlsx
670073,CHSP00004125,Methodist Hospital For Surgery,Addison,TX,HSI00000673,Methodist Health System,0,5,for-profit,32,0,https://www.ahrq.gov/sites/default/files/wysiwyg/chsp/compendium/chsp-hospital-linkage-2023.xlsx
670023,CHSP00004132,Methodist Mansfield Medical Center,Mansfield,TX,HSI00000673,Methodist Health System,1,1,nonprofit,262,0,https://www.ahrq.gov/sites/default/files/wysiwyg/chsp/compendium/chsp-hospital-linkage-2023.xlsx
670069,CHSP00004133,Methodist Mckinney Hospital,Mckinney,TX,HSI00000673,Methodist Health System,1,5,for-profit,23,0,https://www.ahrq.gov/sites/default/files/wysiwyg/chsp/compendium/chsp-hospital-linkage-2023.xlsx
670300,CHSP00008677,Methodist Midlothian Medical Center,Midlothian,TX,HSI00000673,Methodist Health System,1,1,nonprofit,46,0,https://www.ahrq.gov/sites/default/files/wysiwyg/chsp/compendium/chsp-hospital-linkage-2023.xlsx
450537,CHSP00004139,Methodist Richardson Medical Center,Richardson,TX,HSI00000673,Methodist Health System,1,1,nonprofit,247,0,https://www.ahrq.gov/sites/default/files/wysiwyg/chsp/compendium/chsp-hospital-linkage-2023.xlsx
670132,CHSP00004140,Methodist Southlake Medical Center,Southlake,TX,HSI00000673,Methodist Health System,1,5,for-profit,22,0,https://www.ahrq.gov/sites/default/files/wysiwyg/chsp/compendium/chsp-hospital-linkage-2023.xlsx
250167,CHSP00004136,Methoidst H/C Olive Branch Hospital,Olive Branch,MS,HSI00000675,Methodist Le Bonheur Healthcare,1,2,church-operated,73,0,https://www.ahrq.gov/sites/default/files/wysiwyg/chsp/compendium/chsp-hospital-linkage-2023.xlsx
250152,CHSP00004137,Mississippi Methodist Rehab Center,Jackson,MS,HSI00000675,Methodist Le Bonheur Healthcare,0,2,church-operated,31,0,https://www.ahrq.gov/sites/default/files/wysiwyg/chsp/compendium/chsp-hospital-linkage-2023.xlsx
440049,CHSP00004117,Methodist H/C Memphis Hospt.,Memphis,TN,HSI00000675,Methodist Le Bonheur Healthcare,1,2,church-operated,1322,1,https://www.ahrq.gov/sites/default/files/wysiwyg/chsp/compendium/chsp-hospital-linkage-2023.xlsx
103301,CHSP00004515,Nicklaus Childrens Hospital,Miami,FL,HSI00000678,Nicklaus Childrens Health System,1,1,nonprofit,278,0,https://www.ahrq.gov/sites/default/files/wysiwyg/chsp/compendium/chsp-hospital-linkage-2023.xlsx
070020,CHSP00004181,Middlesex Hospital,Middletown,CT,HSI00000683,Middlesex Health System,1,1,nonprofit,187,0,https://www.ahrq.gov/sites/default/files/wysiwyg/chsp/compendium/chsp-hospital-linkage-2023.xlsx
391308,CHSP00001492,Corry Memorial Hospital,Corry,PA,HSI00000686,Lecom Health,1,1,nonprofit,20,0,https://www.ahrq.gov/sites/default/files/wysiwyg/chsp/compendium/chsp-hospital-linkage-2023.xlsx
390198,CHSP00004203,Millcreek Community Hospital,Erie,PA,HSI00000686,Lecom Health,1,1,nonprofit,124,1,https://www.ahrq.gov/sites/default/files/wysiwyg/chsp/compendium/chsp-hospital-linkage-2023.xlsx
260113,CHSP00004251,Missouri Delta Medical Center,Sikeston,MO,HSI00000694,Missouri Delta Medical Center,1,1,nonprofit,98,0,https://www.ahrq.gov/sites/default/files/wysiwyg/chsp/compendium/chsp-hospital-linkage-2023.xlsx
330044,CHSP00001962,Faxton-St. Lukes Healthcare,Utica,NY,HSI00000697,Mohawk Valley Health System,1,1,nonprofit,346,0,https://www.ahrq.gov/sites/default/files/wysiwyg/chsp/compendium/chsp-hospital-linkage-2023.xlsx
333030,CHSP00007895,Burke Rehabilitation Hospital,White Plains,NY,HSI00000700,Montefiore Medical Center,0,1,nonprofit,150,0,https://www.ahrq.gov/sites/default/files/wysiwyg/chsp/compendium/chsp-hospital-linkage-2023.xlsx
330059,CHSP00004289,Montefiore Medical Center,Bronx,NY,HSI00000700,Montefiore Medical Center,1,1,nonprofit,1444,1,https://www.ahrq.gov/sites/default/files/wysiwyg/chsp/compendium/chsp-hospital-linkage-2023.xlsx
330184,CHSP00004292,Montefiore New Rochelle Hospital,New Rochelle,NY,HSI00000700,Montefiore Medical Center,1,1,nonprofit,141,0,https://www.ahrq.gov/sites/default/files/wysiwyg/chsp/compendium/chsp-hospital-linkage-2023.xlsx
330104,CHSP00004710,Montefiore Nyack Hospital,Nyack,NY,HSI00000700,Montefiore Medical Center,1,1,nonprofit,237,0,https://www.ahrq.gov/sites/default/files/wysiwyg/chsp/compendium/chsp-hospital-linkage-2023.xlsx
330072,CHSP00004290,Montefiore Wakefield Hospital,Bronx,NY,HSI00000700,Montefiore Medical Center,1,,,,,https://www.ahrq.gov/sites/default/files/wysiwyg/chsp/compendium/chsp-hospital-linkage-2023.xlsx
330264,CHSP00006524,St. Lukes Cornwall Hospital,Newburgh,NY,HSI00000700,Montefiore Medical Center,1,1,nonprofit,193,0,https://www.ahrq.gov/sites/default/files/wysiwyg/chsp/compendium/chsp-hospital-linkage-2023.xlsx
330086,CHSP00004291,The Mount Vernon Hospital,Mount Vernon,NY,HSI00000700,Montefiore Medical Center,1,1,nonprofit,63,1,https://www.ahrq.gov/sites/default/files/wysiwyg/chsp/compendium/chsp-hospital-linkage-2023.xlsx
330304,CHSP00007713,White Plains Hospital,White Plains,NY,HSI00000700,Montefiore Medical Center,1,1,nonprofit,292,0,https://www.ahrq.gov/sites/default/files/wysiwyg/chsp/compendium/chsp-hospital-linkage-2023.xlsx
261312,CHSP00002531,Harrison County Community Hospital,Bethany,MO,HSI00000705,Mosaic Life Care,1,3,public/government,15,0,https://www.ahrq.gov/sites/default/files/wysiwyg/chsp/compendium/chsp-hospital-linkage-2023.xlsx
262019,CHSP00003580,Heartland Long Term Acute Care Hospi,Saint Joseph,MO,HSI00000705,Mosaic Life Care,0,1,nonprofit,41,0,https://www.ahrq.gov/sites/default/files/wysiwyg/chsp/compendium/chsp-hospital-linkage-2023.xlsx
260006,CHSP00004319,Heartland Regional Medical Center,Saint Joseph,MO,HSI00000705,Mosaic Life Care,1,1,nonprofit,352,0,https://www.ahrq.gov/sites/default/files/wysiwyg/chsp/compendium/chsp-hospital-linkage-2023.xlsx
260050,CHSP00005654,Mosaic Medical Center - Maryville,Maryville,MO,HSI00000705,Mosaic Life Care,1,1,nonprofit,29,0,https://www.ahrq.gov/sites/default/files/wysiwyg/chsp/compendium/chsp-hospital-linkage-2023.xlsx
261328,CHSP00004662,Northwest Medical Center,Albany,MO,HSI00000705,Mosaic Life Care,1,1,nonprofit,25,0,https://www.ahrq.gov/sites/default/files/wysiwyg/chsp/compendium/chsp-hospital-linkage-2023.xlsx
390268,CHSP00004333,Mount Nittany Medical Center,State College,PA,HSI00000710,Mount Nittany Health System,1,1,nonprofit,248,0,https://www.ahrq.gov/sites/default/files/wysiwyg/chsp/compendium/chsp-hospital-linkage-2023.xlsx
330169,CHSP00004336,Mount Sinai Health System-Beth Israe,New York,NY,HSI00000711,Mount Sinai Health System,1,1,nonprofit,432,1,https://www.ahrq.gov/sites/default/files/wysiwyg/chsp/compendium/chsp-hospital-linkage-2023.xlsx
330024,CHSP00004338,Mount Sinai Hospital,New York,NY,HSI00000711,Mount Sinai Health System,1,1,nonprofit,1052,1,https://www.ahrq.gov/sites/default/files/wysiwyg/chsp/compendium/chsp-hospital-linkage-2023.xlsx
330046,CHSP00004345,Mount Sinai St. Lukes Roosevelt Hosp,New York,NY,HSI00000711,Mount Sinai Health System,1,1,nonprofit,633,1,https://www.ahrq.gov/sites/default/files/wysiwyg/chsp/compendium/chsp-hospital-linkage-2023.xlsx
330100,CHSP00004489,New York Eye And Ear Infirmary,New York,NY,HSI00000711,Mount Sinai Health System,0,1,nonprofit,15,0,https://www.ahrq.gov/sites/default/files/wysiwyg/chsp/compendium/chsp-hospital-linkage-2023.xlsx
330198,CHSP00006227,South Nassau Communities Hospital,Oceanside,NY,HSI00000711,Mount Sinai Health System,1,1,nonprofit,312,0,https://www.ahrq.gov/sites/default/files/wysiwyg/chsp/compendium/chsp-hospital-linkage-2023.xlsx
100034,CHSP00004342,Mount Sinai Medical Center Of Florid,Miami Beach,FL,HSI00000712,Mount Sinai Medical Center of Florida,1,1,nonprofit,481,0,https://www.ahrq.gov/sites/default/files/wysiwyg/chsp/compendium/chsp-hospital-linkage-2023.xlsx
500139,CHSP00000917,Capital Medical Center,Olympia,WA,HSI00000714,Multicare Health System,1,5,for-profit,107,0,https://www.ahrq.gov/sites/default/files/wysiwyg/chsp/compendium/chsp-hospital-linkage-2023.xlsx
500044,CHSP00001627,Deaconess Medical Center,Spokane,WA,HSI00000714,Multicare Health System,1,1,nonprofit,279,1,https://www.ahrq.gov/sites/default/files/wysiwyg/chsp/compendium/chsp-hospital-linkage-2023.xlsx
500079,CHSP00004375,Good Samaritan Hospital,Puyallup,WA,HSI00000714,Multicare Health System,1,1,nonprofit,318,0,https://www.ahrq.gov/sites/default/files/wysiwyg/chsp/compendium/chsp-hospital-linkage-2023.xlsx
503301,CHSP00004376,Mary Bridge Childrens Hospital,Tacoma,WA,HSI00000714,Multicare Health System,1,2,church-operated,,,https://www.ahrq.gov/sites/default/files/wysiwyg/chsp/compendium/chsp-hospital-linkage-2023.xlsx
500015,CHSP00004374,Multicare Auburn Medical Center,Auburn,WA,HSI00000714,Multicare Health System,1,1,nonprofit,84,0,https://www.ahrq.gov/sites/default/files/wysiwyg/chsp/compendium/chsp-hospital-linkage-2023.xlsx
500154,CHSP00008170,Multicare Covington Medical Center,Covington,WA,HSI00000714,Multicare Health System,1,1,nonprofit,57,0,https://www.ahrq.gov/sites/default/files/wysiwyg/chsp/compendium/chsp-hospital-linkage-2023.xlsx
504009,CHSP00004444,Navos,Seattle,WA,HSI00000714,Multicare Health System,0,1,nonprofit,70,0,https://www.ahrq.gov/sites/default/files/wysiwyg/chsp/compendium/chsp-hospital-linkage-2023.xlsx
500129,CHSP00004377,Tacoma General Allenmore Hospital,Tacoma,WA,HSI00000714,Multicare Health System,1,1,nonprofit,360,1,https://www.ahrq.gov/sites/default/files/wysiwyg/chsp/compendium/chsp-hospital-linkage-2023.xlsx
500119,CHSP00007393,Valley Hospital & Medical Center,Spokane Valley,WA,HSI00000714,Multicare Health System,1,1,nonprofit,123,0,https://www.ahrq.gov/sites/default/files/wysiwyg/chsp/compendium/chsp-hospital-linkage-2023.xlsx
504016,CHSP00008550,Wellfound Behavioral Health Hospital,Tacoma,WA,HSI00000714,Multicare Health System,0,1,nonprofit,72,0,https://www.ahrq.gov/sites/default/files/wysiwyg/chsp/compendium/chsp-hospital-linkage-2023.xlsx
500036,CHSP00007834,Yakima Valley Memorial Hospital,Yakima,WA,HSI00000714,Multicare Health System,1,1,nonprofit,208,1,https://www.ahrq.gov/sites/default/files/wysiwyg/chsp/compendium/chsp-hospital-linkage-2023.xlsx
231301,CHSP00003104,Kalkaska Memorial Health Center,Kalkaska,MI,HSI00000715,Munson Healthcare,1,3,public/government,8,0,https://www.ahrq.gov/sites/default/files/wysiwyg/chsp/compendium/chsp-hospital-linkage-2023.xlsx
233975,CHSP00008122,Kalkaska Memorial Health Center,Kalkaska,MI,HSI00000715,Munson Healthcare,1,,,,,https://www.ahrq.gov/sites/default/files/wysiwyg/chsp/compendium/chsp-hospital-linkage-2023.xlsx
230081,CHSP00004381,Munson Healthcare Cadillac Hospital,Cadillac,MI,HSI00000715,Munson Healthcare,1,1,nonprofit,49,0,https://www.ahrq.gov/sites/default/files/wysiwyg/chsp/compendium/chsp-hospital-linkage-2023.xlsx
231322,CHSP00004382,Munson Healthcare Charlevoix Hospita,Charlevoix,MI,HSI00000715,Munson Healthcare,1,1,nonprofit,25,0,https://www.ahrq.gov/sites/default/files/wysiwyg/chsp/compendium/chsp-hospital-linkage-2023.xlsx
230058,CHSP00004383,Munson Healthcare Grayling Hospital,Grayling,MI,HSI00000715,Munson Healthcare,1,1,nonprofit,42,0,https://www.ahrq.gov/sites/default/files/wysiwyg/chsp/compendium/chsp-hospital-linkage-2023.xlsx
230303,CHSP00007667,Munson Healthcare Manistee Hospital,Manistee,MI,HSI00000715,Munson Healthcare,1,1,nonprofit,45,0,https://www.ahrq.gov/sites/default/files/wysiwyg/chsp/compendium/chsp-hospital-linkage-2023.xlsx
230097,CHSP00004384,Munson Medical Center,Traverse City,MI,HSI00000715,Munson Healthcare,1,1,nonprofit,401,0,https://www.ahrq.gov/sites/default/files/wysiwyg/chsp/compendium/chsp-hospital-linkage-2023.xlsx
230133,CHSP00004871,Otsego Memorial Hospital,Gaylord,MI,HSI00000715,Munson Healthcare,1,1,nonprofit,46,0,https://www.ahrq.gov/sites/default/files/wysiwyg/chsp/compendium/chsp-hospital-linkage-2023.xlsx
231300,CHSP00005003,Paul Oliver Memorial Hospital,Frankfort,MI,HSI00000715,Munson Healthcare,1,1,nonprofit,8,0,https://www.ahrq.gov/sites/default/files/wysiwyg/chsp/compendium/chsp-hospital-linkage-2023.xlsx
235460,CHSP00008204,Paul Oliver Memorial Hospital,Frankfort,MI,HSI00000715,Munson Healthcare,1,,,,,https://www.ahrq.gov/sites/default/files/wysiwyg/chsp/compendium/chsp-hospital-linkage-2023.xlsx
100018,CHSP00004392,Naples Community Hospital,Naples,FL,HSI00000716,NCH Healthcare System,1,1,nonprofit,517,0,https://www.ahrq.gov/sites/default/files/wysiwyg/chsp/compendium/chsp-hospital-linkage-2023.xlsx
330141,CHSP00000731,Long Island Community Hospital,Patchogue,NY,HSI00000717,NYU Langone Health,1,1,nonprofit,162,0,https://www.ahrq.gov/sites/default/files/wysiwyg/chsp/compendium/chsp-hospital-linkage-2023.xlsx
330306,CHSP00004494,Nyu Langone Hospital Brooklyn,Brooklyn,NY,HSI00000717,NYU Langone Health,1,,,,,https://www.ahrq.gov/sites/default/files/wysiwyg/chsp/compendium/chsp-hospital-linkage-2023.xlsx
330167,CHSP00007786,Nyu Langone Hospital Long Island,Mineola,NY,HSI00000717,NYU Langone Health,1,,,,,https://www.ahrq.gov/sites/default/files/wysiwyg/chsp/compendium/chsp-hospital-linkage-2023.xlsx
330214,CHSP00004411,Nyu Langone Hospitals,New York,NY,HSI00000717,NYU Langone Health,1,1,nonprofit,1618,0,https://www.ahrq.gov/sites/default/files/wysiwyg/chsp/compendium/chsp-hospital-linkage-2023.xlsx
330389,CHSP00004410,Nyu Langone Orthopedic Hospital,New York,NY,HSI00000717,NYU Langone Health,0,,,,,https://www.ahrq.gov/sites/default/files/wysiwyg/chsp/compendium/chsp-hospital-linkage-2023.xlsx
060107,CHSP00004428,National Jewish Health,Denver,CO,HSI00000720,National Jewish Health,1,1,nonprofit,13,0,https://www.ahrq.gov/sites/default/files/wysiwyg/chsp/compendium/chsp-hospital-linkage-2023.xlsx
363309,CHSP00008981,Nationwide Childrens Hosp Toledo Llc,Toledo,OH,HSI00000722,Nationwide Childrens Hospital,1,1,nonprofit,46,0,https://www.ahrq.gov/sites/default/files/wysiwyg/chsp/compendium/chsp-hospital-linkage-2023.xlsx
363305,CHSP00004430,Nationwide Childrens Hospital,Columbus,OH,HSI00000722,Nationwide Childrens Hospital,1,1,nonprofit,701,0,https://www.ahrq.gov/sites/default/files/wysiwyg/chsp/compendium/chsp-hospital-linkage-2023.xlsx
083300,CHSP00000123,Alfred I Dupont Hosp For Children,Wilmington,DE,HSI00000725,Nemours Childrens Health,1,1,nonprofit,222,0,https://www.ahrq.gov/sites/default/files/wysiwyg/chsp/compendium/chsp-hospital-linkage-2023.xlsx
103304,CHSP00004457,Nemours Childrens Hospital,Orlando,FL,HSI00000725,Nemours Childrens Health,1,1,nonprofit,130,0,https://www.ahrq.gov/sites/default/files/wysiwyg/chsp/compendium/chsp-hospital-linkage-2023.xlsx
330101,CHSP00004495,New York Presbyterian Hospital,New York,NY,HSI00000731,New York Presbyterian Healthcare System,1,1,nonprofit,2850,1,https://www.ahrq.gov/sites/default/files/wysiwyg/chsp/compendium/chsp-hospital-linkage-2023.xlsx
330267,CHSP00004497,New York Presbyterian Hudson Valley,Cortlandt Manor,NY,HSI00000731,New York Presbyterian Healthcare System,1,1,nonprofit,128,0,https://www.ahrq.gov/sites/default/files/wysiwyg/chsp/compendium/chsp-hospital-linkage-2023.xlsx
333560,CHSP00008176,Newyork Presbyterian Columbia University Irving Medical Center,New York,NY,HSI00000731,New York Presbyterian Healthcare System,1,,,,,https://www.ahrq.gov/sites/default/files/wysiwyg/chsp/compendium/chsp-hospital-linkage-2023.xlsx
330061,CHSP00004498,Newyork Presbyterian Lawrence Hospital,Bronxville,NY,HSI00000731,New York Presbyterian Healthcare System,1,,,,,https://www.ahrq.gov/sites/default/files/wysiwyg/chsp/compendium/chsp-hospital-linkage-2023.xlsx
330064,CHSP00004500,Newyork Presbyterian Lower Manhattan Hospital,New York,NY,HSI00000731,New York Presbyterian Healthcare System,1,,,,,https://www.ahrq.gov/sites/default/files/wysiwyg/chsp/compendium/chsp-hospital-linkage-2023.xlsx
330236,CHSP00004490,Newyork-Presbyterian Brooklyn Methodist Hospital,Brooklyn,NY,HSI00000731,New York Presbyterian Healthcare System,1,,,,,https://www.ahrq.gov/sites/default/files/wysiwyg/chsp/compendium/chsp-hospital-linkage-2023.xlsx
330055,CHSP00004499,Newyork-Presbyterian/Queens,Flushing,NY,HSI00000731,New York Presbyterian Healthcare System,1,1,nonprofit,476,1,https://www.ahrq.gov/sites/default/files/wysiwyg/chsp/compendium/chsp-hospital-linkage-2023.xlsx
334048,CHSP00002271,The New York Gracie Square Hospital,New York,NY,HSI00000731,New York Presbyterian Healthcare System,0,1,nonprofit,140,0,https://www.ahrq.gov/sites/default/files/wysiwyg/chsp/compendium/chsp-hospital-linkage-2023.xlsx
330065,CHSP00004513,Niagara Falls Memorial Medical Cente,Niagara Falls,NY,HSI00000737,Niagara Falls Memorial Medical Center,1,1,nonprofit,133,1,https://www.ahrq.gov/sites/default/files/wysiwyg/chsp/compendium/chsp-hospital-linkage-2023.xlsx
240214,CHSP00003696,Maple Grove Hospital,Maple Grove,MN,HSI00000749,North Memorial Health,1,1,nonprofit,148,0,https://www.ahrq.gov/sites/default/files/wysiwyg/chsp/compendium/chsp-hospital-linkage-2023.xlsx
240001,CHSP00004562,North Memorial Health Hospital,Robbinsdale,MN,HSI00000749,North Memorial Health,1,1,nonprofit,328,0,https://www.ahrq.gov/sites/default/files/wysiwyg/chsp/compendium/chsp-hospital-linkage-2023.xlsx
010044,CHSP00004566,Marion Regional Medical Center,Hamilton,AL,HSI00000750,North Mississippi Health Services,1,1,nonprofit,36,0,https://www.ahrq.gov/sites/default/files/wysiwyg/chsp/compendium/chsp-hospital-linkage-2023.xlsx
250067,CHSP00004569,Clay County Medical Corporation,West Point,MS,HSI00000750,North Mississippi Health Services,1,1,nonprofit,49,1,https://www.ahrq.gov/sites/default/files/wysiwyg/chsp/compendium/chsp-hospital-linkage-2023.xlsx
250025,CHSP00004091,Monroe Health Services  Inc.,Amory,MS,HSI00000750,North Mississippi Health Services,1,1,nonprofit,95,0,https://www.ahrq.gov/sites/default/files/wysiwyg/chsp/compendium/chsp-hospital-linkage-2023.xlsx
250004,CHSP00004564,North Mississippi Medical Center,Tupelo,MS,HSI00000750,North Mississippi Health Services,1,1,nonprofit,476,0,https://www.ahrq.gov/sites/default/files/wysiwyg/chsp/compendium/chsp-hospital-linkage-2023.xlsx
251308,CHSP00004568,Pontotoc Health Services,Pontotoc,MS,HSI00000750,North Mississippi Health Services,1,1,nonprofit,25,0,https://www.ahrq.gov/sites/default/files/wysiwyg/chsp/compendium/chsp-hospital-linkage-2023.xlsx
250002,CHSP00004567,Tishomingo Health Services,Iuka,MS,HSI00000750,North Mississippi Health Services,1,1,nonprofit,48,0,https://www.ahrq.gov/sites/default/files/wysiwyg/chsp/compendium/chsp-hospital-linkage-2023.xlsx
250020,CHSP00004565,Webster Health Services,Eupora,MS,HSI00000750,North Mississippi Health Services,1,1,nonprofit,38,0,https://www.ahrq.gov/sites/default/files/wysiwyg/chsp/compendium/chsp-hospital-linkage-2023.xlsx
280065,CHSP00002301,Great Plains Health,North Platte,NE,HSI00000753,Great Plains Health,1,1,nonprofit,96,0,https://www.ahrq.gov/sites/default/files/wysiwyg/chsp/compendium/chsp-hospital-linkage-2023.xlsx
050680,CHSP00004598,Northbay Health Care Group,Vacaville,CA,HSI00000755,Northbay Healthcare,1,,,,,https://www.ahrq.gov/sites/default/files/wysiwyg/chsp/compendium/chsp-hospital-linkage-2023.xlsx
050367,CHSP00004599,Northbay Hospital Group,Fairfield,CA,HSI00000755,Northbay Healthcare,1,1,nonprofit,204,1,https://www.ahrq.gov/sites/default/files/wysiwyg/chsp/compendium/chsp-hospital-linkage-2023.xlsx
140231,CHSP00001809,Edward Hospital,Naperville,IL,HSI00000756,NorthShore – Edward-Elmhurst Health,1,1,nonprofit,294,0,https://www.ahrq.gov/sites/default/files/wysiwyg/chsp/compendium/chsp-hospital-linkage-2023.xlsx
140200,CHSP00001843,Elmhurst Memorial Hospital,Elmhurst,IL,HSI00000756,NorthShore – Edward-Elmhurst Health,1,1,nonprofit,258,0,https://www.ahrq.gov/sites/default/files/wysiwyg/chsp/compendium/chsp-hospital-linkage-2023.xlsx
144035,CHSP00003541,Linden Oaks Hospital,Naperville,IL,HSI00000756,NorthShore – Edward-Elmhurst Health,0,1,nonprofit,110,0,https://www.ahrq.gov/sites/default/files/wysiwyg/chsp/compendium/chsp-hospital-linkage-2023.xlsx
140051,CHSP00004603,Northshore University Health System,Skokie,IL,HSI00000756,NorthShore – Edward-Elmhurst Health,1,,,,,https://www.ahrq.gov/sites/default/files/wysiwyg/chsp/compendium/chsp-hospital-linkage-2023.xlsx
140010,CHSP00004602,Northshore University Healthsystem,Evanston,IL,HSI00000756,NorthShore – Edward-Elmhurst Health,1,1,nonprofit,674,0,https://www.ahrq.gov/sites/default/files/wysiwyg/chsp/compendium/chsp-hospital-linkage-2023.xlsx
142336,CHSP00008681,Northshore University Healthsystem,Highland Park,IL,HSI00000756,NorthShore – Edward-Elmhurst Health,1,,,,,https://www.ahrq.gov/sites/default/files/wysiwyg/chsp/compendium/chsp-hospital-linkage-2023.xlsx
140252,CHSP00004655,Northwest Community Healthcare,Arlington Heights,IL,HSI00000756,NorthShore – Edward-Elmhurst Health,1,,,,,https://www.ahrq.gov/sites/default/files/wysiwyg/chsp/compendium/chsp-hospital-linkage-2023.xlsx
140114,CHSP00006752,Swedish Covenant Health,Chicago,IL,HSI00000756,NorthShore – Edward-Elmhurst Health,1,1,nonprofit,172,0,https://www.ahrq.gov/sites/default/files/wysiwyg/chsp/compendium/chsp-hospital-linkage-2023.xlsx
110041,CHSP00002466,Habersham Medical Center,Demorest,GA,HSI00000759,Northeast Georgia Health System,1,3,public/government,53,0,https://www.ahrq.gov/sites/default/files/wysiwyg/chsp/compendium/chsp-hospital-linkage-2023.xlsx
110045,CHSP00000443,Ngmc Barrow,Winder,GA,HSI00000759,Northeast Georgia Health System,1,1,nonprofit,38,0,https://www.ahrq.gov/sites/default/files/wysiwyg/chsp/compendium/chsp-hospital-linkage-2023.xlsx
110237,CHSP00008478,Ngmc Lumpkin  Llc,Dahlonega,GA,HSI00000759,Northeast Georgia Health System,1,1,nonprofit,23,0,https://www.ahrq.gov/sites/default/files/wysiwyg/chsp/compendium/chsp-hospital-linkage-2023.xlsx
110029,CHSP00004612,Northeast Georgia Medical Center,Gainesville,GA,HSI00000759,Northeast Georgia Health System,1,1,nonprofit,657,0,https://www.ahrq.gov/sites/default/files/wysiwyg/chsp/compendium/chsp-hospital-linkage-2023.xlsx
,CHSP00004613,Northeast Georgia Medical Center Braselton,Braselton,GA,HSI00000759,Northeast Georgia Health System,1,,,,,https://www.ahrq.gov/sites/default/files/wysiwyg/chsp/compendium/chsp-hospital-linkage-2023.xlsx
030023,CHSP00002008,Flagstaff Medical Center,Flagstaff,AZ,HSI00000761,Northern Arizona Healthcare,1,1,nonprofit,242,1,https://www.ahrq.gov/sites/default/files/wysiwyg/chsp/compendium/chsp-hospital-linkage-2023.xlsx
030007,CHSP00007417,Verde Valley Medical Center,Cottonwood,AZ,HSI00000761,Northern Arizona Healthcare,1,1,nonprofit,87,0,https://www.ahrq.gov/sites/default/files/wysiwyg/chsp/compendium/chsp-hospital-linkage-2023.xlsx
110161,CHSP00004647,Northside Hospital,Atlanta,GA,HSI00000766,Northside Hospital,1,1,nonprofit,673,0,https://www.ahrq.gov/sites/default/files/wysiwyg/chsp/compendium/chsp-hospital-linkage-2023.xlsx
110252,CHSP00008682,Northside Hospital - Duluth,Duluth,GA,HSI00000766,Northside Hospital,1,1,nonprofit,94,0,https://www.ahrq.gov/sites/default/files/wysiwyg/chsp/compendium/chsp-hospital-linkage-2023.xlsx
110087,CHSP00002360,Northside Hospital - Gwinnett,Lawrenceville,GA,HSI00000766,Northside Hospital,1,1,nonprofit,440,0,https://www.ahrq.gov/sites/default/files/wysiwyg/chsp/compendium/chsp-hospital-linkage-2023.xlsx
110005,CHSP00004650,Northside Hospital Forsyth,Cumming,GA,HSI00000766,Northside Hospital,1,1,nonprofit,376,0,https://www.ahrq.gov/sites/default/files/wysiwyg/chsp/compendium/chsp-hospital-linkage-2023.xlsx
110008,CHSP00004649,Northside Hospital-Cherokee  Inc.,Canton,GA,HSI00000766,Northside Hospital,1,1,nonprofit,325,0,https://www.ahrq.gov/sites/default/files/wysiwyg/chsp/compendium/chsp-hospital-linkage-2023.xlsx
331316,CHSP00001390,Community Memorial Hospital,Hamilton,NY,HSI00000767,Northwell Health,1,1,nonprofit,25,0,https://www.ahrq.gov/sites/default/files/wysiwyg/chsp/compendium/chsp-hospital-linkage-2023.xlsx
330181,CHSP00002211,Glen Cove Hospital,Glen Cove,NY,HSI00000767,Northwell Health,1,1,nonprofit,57,0,https://www.ahrq.gov/sites/default/files/wysiwyg/chsp/compendium/chsp-hospital-linkage-2023.xlsx
330045,CHSP00002825,Huntington Hospital,Huntington,NY,HSI00000767,Northwell Health,1,1,nonprofit,269,0,https://www.ahrq.gov/sites/default/files/wysiwyg/chsp/compendium/chsp-hospital-linkage-2023.xlsx
330119,CHSP00003476,Lenox Hill Hospital,New York,NY,HSI00000767,Northwell Health,1,1,nonprofit,415,0,https://www.ahrq.gov/sites/default/files/wysiwyg/chsp/compendium/chsp-hospital-linkage-2023.xlsx
330353,CHSP00002052,Long Island Jewish Forest Hills,Forest Hills,NY,HSI00000767,Northwell Health,1,,,,,https://www.ahrq.gov/sites/default/files/wysiwyg/chsp/compendium/chsp-hospital-linkage-2023.xlsx
330195,CHSP00003578,Long Island Jewish Medical Center,New Hyde Park,NY,HSI00000767,Northwell Health,1,1,nonprofit,1153,0,https://www.ahrq.gov/sites/default/files/wysiwyg/chsp/compendium/chsp-hospital-linkage-2023.xlsx
330372,CHSP00003579,Long Island Jewish Valley Stream,Valley Stream,NY,HSI00000767,Northwell Health,1,,,,,https://www.ahrq.gov/sites/default/files/wysiwyg/chsp/compendium/chsp-hospital-linkage-2023.xlsx
330194,CHSP00003675,Maimonides Medical Center,Brooklyn,NY,HSI00000767,Northwell Health,1,1,nonprofit,641,1,https://www.ahrq.gov/sites/default/files/wysiwyg/chsp/compendium/chsp-hospital-linkage-2023.xlsx
330185,CHSP00003024,Mather Hospital,Port Jefferson,NY,HSI00000767,Northwell Health,1,1,nonprofit,195,0,https://www.ahrq.gov/sites/default/files/wysiwyg/chsp/compendium/chsp-hospital-linkage-2023.xlsx
330027,CHSP00004421,Nassau University Medical Center,East Meadow,NY,HSI00000767,Northwell Health,1,3,public/government,326,1,https://www.ahrq.gov/sites/default/files/wysiwyg/chsp/compendium/chsp-hospital-linkage-2023.xlsx
330106,CHSP00004584,North Shore University Hospital,Manhasset,NY,HSI00000767,Northwell Health,1,1,nonprofit,782,0,https://www.ahrq.gov/sites/default/files/wysiwyg/chsp/compendium/chsp-hospital-linkage-2023.xlsx
330162,CHSP00004639,Northern Westchester Hospital,Mount Kisco,NY,HSI00000767,Northwell Health,1,1,nonprofit,162,0,https://www.ahrq.gov/sites/default/files/wysiwyg/chsp/compendium/chsp-hospital-linkage-2023.xlsx
330019,CHSP00004488,Ny Community Hospital Of Brooklyn (D,Brooklyn,NY,HSI00000767,Northwell Health,1,1,nonprofit,134,1,https://www.ahrq.gov/sites/default/files/wysiwyg/chsp/compendium/chsp-hospital-linkage-2023.xlsx
330107,CHSP00005031,Peconic Bay Medical Center,Riverhead,NY,HSI00000767,Northwell Health,1,1,nonprofit,130,0,https://www.ahrq.gov/sites/default/files/wysiwyg/chsp/compendium/chsp-hospital-linkage-2023.xlsx
330261,CHSP00005082,Phelps Memorial Hospital Center,Sleepy Hollow,NY,HSI00000767,Northwell Health,1,1,nonprofit,111,0,https://www.ahrq.gov/sites/default/files/wysiwyg/chsp/compendium/chsp-hospital-linkage-2023.xlsx
330331,CHSP00005150,Plainview Hospital,Plainview,NY,HSI00000767,Northwell Health,1,1,nonprofit,156,0,https://www.ahrq.gov/sites/default/files/wysiwyg/chsp/compendium/chsp-hospital-linkage-2023.xlsx
334027,CHSP00006228,South Oaks Hospital,Amityville,NY,HSI00000767,Northwell Health,0,1,nonprofit,202,0,https://www.ahrq.gov/sites/default/files/wysiwyg/chsp/compendium/chsp-hospital-linkage-2023.xlsx
330043,CHSP00006299,South Shore University Hospital,Bay Shore,NY,HSI00000767,Northwell Health,1,1,nonprofit,312,0,https://www.ahrq.gov/sites/default/files/wysiwyg/chsp/compendium/chsp-hospital-linkage-2023.xlsx
330160,CHSP00006646,Staten Island University Hospital,Staten Island,NY,HSI00000767,Northwell Health,1,1,nonprofit,544,0,https://www.ahrq.gov/sites/default/files/wysiwyg/chsp/compendium/chsp-hospital-linkage-2023.xlsx
140242,CHSP00004675,Central Dupage Hospital,Winfield,IL,HSI00000770,Northwestern Medicine,1,1,nonprofit,347,0,https://www.ahrq.gov/sites/default/files/wysiwyg/chsp/compendium/chsp-hospital-linkage-2023.xlsx
140211,CHSP00004676,Delnor-Community Hospital,Geneva,IL,HSI00000770,Northwestern Medicine,1,1,nonprofit,149,0,https://www.ahrq.gov/sites/default/files/wysiwyg/chsp/compendium/chsp-hospital-linkage-2023.xlsx
140286,CHSP00004677,Kishwaukee Community Hospital,Dekalb,IL,HSI00000770,Northwestern Medicine,1,1,nonprofit,98,0,https://www.ahrq.gov/sites/default/files/wysiwyg/chsp/compendium/chsp-hospital-linkage-2023.xlsx
143027,CHSP00003706,Marianjoy Rehab Hospital & Clinic,Wheaton,IL,HSI00000770,Northwestern Medicine,0,1,nonprofit,125,0,https://www.ahrq.gov/sites/default/files/wysiwyg/chsp/compendium/chsp-hospital-linkage-2023.xlsx
140116,CHSP00001037,Northern Illinois Medical Center,Mchenry,IL,HSI00000770,Northwestern Medicine,1,1,nonprofit,259,0,https://www.ahrq.gov/sites/default/files/wysiwyg/chsp/compendium/chsp-hospital-linkage-2023.xlsx
140130,CHSP00004673,Northwestern Lake Forest Hospital,Lake Forest,IL,HSI00000770,Northwestern Medicine,1,1,nonprofit,122,0,https://www.ahrq.gov/sites/default/files/wysiwyg/chsp/compendium/chsp-hospital-linkage-2023.xlsx
140176,CHSP00001038,Northwestern Medicine Woodstock Hospital,Woodstock,IL,HSI00000770,Northwestern Medicine,1,,,,,https://www.ahrq.gov/sites/default/files/wysiwyg/chsp/compendium/chsp-hospital-linkage-2023.xlsx
140281,CHSP00004679,Northwestern Memorial Hospital,Chicago,IL,HSI00000770,Northwestern Medicine,1,1,nonprofit,930,0,https://www.ahrq.gov/sites/default/files/wysiwyg/chsp/compendium/chsp-hospital-linkage-2023.xlsx
140062,CHSP00004946,Palos Community Hospital,Palos Heights,IL,HSI00000770,Northwestern Medicine,1,1,nonprofit,342,0,https://www.ahrq.gov/sites/default/files/wysiwyg/chsp/compendium/chsp-hospital-linkage-2023.xlsx
141340,CHSP00004678,Valley West Community Hospital,Sandwich,IL,HSI00000770,Northwestern Medicine,1,1,nonprofit,25,0,https://www.ahrq.gov/sites/default/files/wysiwyg/chsp/compendium/chsp-hospital-linkage-2023.xlsx
010069,CHSP00003864,Medical Center Barbour,Eufaula,AL,HSI00000771,Norton Healthcare,1,3,public/government,30,0,https://www.ahrq.gov/sites/default/files/wysiwyg/chsp/compendium/chsp-hospital-linkage-2023.xlsx
151331,CHSP00002532,Harrison County Hospital,Corydon,IN,HSI00000771,Norton Healthcare,1,3,public/government,25,0,https://www.ahrq.gov/sites/default/files/wysiwyg/chsp/compendium/chsp-hospital-linkage-2023.xlsx
150069,CHSP00003283,Kings Daughters Hospital,Madison,IN,HSI00000771,Norton Healthcare,1,1,nonprofit,70,0,https://www.ahrq.gov/sites/default/files/wysiwyg/chsp/compendium/chsp-hospital-linkage-2023.xlsx
151334,CHSP00005922,Scott Memorial Hospital,Scottsburg,IN,HSI00000771,Norton Healthcare,1,5,for-profit,25,0,https://www.ahrq.gov/sites/default/files/wysiwyg/chsp/compendium/chsp-hospital-linkage-2023.xlsx
180014,CHSP00008837,Norton Audubon Hospital,Louisville,KY,HSI00000771,Norton Healthcare,1,,,,,https://www.ahrq.gov/sites/default/files/wysiwyg/chsp/compendium/chsp-hospital-linkage-2023.xlsx
189801,CHSP00003311,Norton Children's Hospital,Louisville,KY,HSI00000771,Norton Healthcare,1,,,,,https://www.ahrq.gov/sites/default/files/wysiwyg/chsp/compendium/chsp-hospital-linkage-2023.xlsx
180088,CHSP00004685,Norton Hospitals  Inc,Louisville,KY,HSI00000771,Norton Healthcare,1,1,nonprofit,1515,1,https://www.ahrq.gov/sites/default/files/wysiwyg/chsp/compendium/chsp-hospital-linkage-2023.xlsx
341325,CHSP00000239,Ashe Memorial Hospital,Jefferson,NC,HSI00000773,Novant Health,1,1,nonprofit,25,0,https://www.ahrq.gov/sites/default/files/wysiwyg/chsp/compendium/chsp-hospital-linkage-2023.xlsx
340158,CHSP00004693,Brunswick Medical Center,Bolivia,NC,HSI00000773,Novant Health,1,1,nonprofit,65,0,https://www.ahrq.gov/sites/default/files/wysiwyg/chsp/compendium/chsp-hospital-linkage-2023.xlsx
340014,CHSP00004696,Forsyth Memorial Hospital  Inc,Winston-Salem,NC,HSI00000773,Novant Health,1,1,nonprofit,906,0,https://www.ahrq.gov/sites/default/files/wysiwyg/chsp/compendium/chsp-hospital-linkage-2023.xlsx
340148,CHSP00004701,Medical Park Hospital,Winston-Salem,NC,HSI00000773,Novant Health,1,1,nonprofit,22,0,https://www.ahrq.gov/sites/default/files/wysiwyg/chsp/compendium/chsp-hospital-linkage-2023.xlsx
340141,CHSP00004470,New Hanover Regional Medical Center,Wilmington,NC,HSI00000773,Novant Health,1,1,nonprofit,771,0,https://www.ahrq.gov/sites/default/files/wysiwyg/chsp/compendium/chsp-hospital-linkage-2023.xlsx
340153,CHSP00004694,Novant Health Charlotte Orthopaedic Hospital,Charlotte,NC,HSI00000773,Novant Health,0,,,,,https://www.ahrq.gov/sites/default/files/wysiwyg/chsp/compendium/chsp-hospital-linkage-2023.xlsx
340190,CHSP00008475,Novant Health Mint Hill Medical Ctr,Charlotte,NC,HSI00000773,Novant Health,1,1,nonprofit,36,0,https://www.ahrq.gov/sites/default/files/wysiwyg/chsp/compendium/chsp-hospital-linkage-2023.xlsx
341307,CHSP00005041,Pender Memorial Hospital,Burgaw,NC,HSI00000773,Novant Health,1,3,public/government,25,0,https://www.ahrq.gov/sites/default/files/wysiwyg/chsp/compendium/chsp-hospital-linkage-2023.xlsx
340053,CHSP00004702,Presbyterian Hospital,Charlotte,NC,HSI00000773,Novant Health,1,1,nonprofit,580,0,https://www.ahrq.gov/sites/default/files/wysiwyg/chsp/compendium/chsp-hospital-linkage-2023.xlsx
340183,CHSP00004698,Presbyterian Hospital Huntersville,Huntersville,NC,HSI00000773,Novant Health,1,1,nonprofit,135,0,https://www.ahrq.gov/sites/default/files/wysiwyg/chsp/compendium/chsp-hospital-linkage-2023.xlsx
340171,CHSP00004700,Presbyterian Hospital Matthews,Matthews,NC,HSI00000773,Novant Health,1,1,nonprofit,157,0,https://www.ahrq.gov/sites/default/files/wysiwyg/chsp/compendium/chsp-hospital-linkage-2023.xlsx
340015,CHSP00004703,Rowan Regional Hospital,Salisbury,NC,HSI00000773,Novant Health,1,1,nonprofit,181,0,https://www.ahrq.gov/sites/default/files/wysiwyg/chsp/compendium/chsp-hospital-linkage-2023.xlsx
340085,CHSP00004704,Thomasville Medical Center,Thomasville,NC,HSI00000773,Novant Health,1,1,nonprofit,73,0,https://www.ahrq.gov/sites/default/files/wysiwyg/chsp/compendium/chsp-hospital-linkage-2023.xlsx
140179,CHSP00003547,Little Company Of Mary,Evergreen Park,IL,HSI00000776,OSF Healthcare System,1,2,church-operated,222,0,https://www.ahrq.gov/sites/default/files/wysiwyg/chsp/compendium/chsp-hospital-linkage-2023.xlsx
141310,CHSP00004723,Mendota Community Hospital,Mendota,IL,HSI00000776,OSF Healthcare System,1,2,church-operated,25,0,https://www.ahrq.gov/sites/default/files/wysiwyg/chsp/compendium/chsp-hospital-linkage-2023.xlsx
140113,CHSP00005227,Osf Heart Of Mary Medical Center,Urbana,IL,HSI00000776,OSF Healthcare System,1,2,church-operated,97,0,https://www.ahrq.gov/sites/default/files/wysiwyg/chsp/compendium/chsp-hospital-linkage-2023.xlsx
141318,CHSP00004716,Osf Holy Family Med Ctr,Monmouth,IL,HSI00000776,OSF Healthcare System,1,2,church-operated,15,0,https://www.ahrq.gov/sites/default/files/wysiwyg/chsp/compendium/chsp-hospital-linkage-2023.xlsx
140093,CHSP00005238,Osf Sacred Heart Medical Center,Danville,IL,HSI00000776,OSF Healthcare System,1,2,church-operated,100,0,https://www.ahrq.gov/sites/default/files/wysiwyg/chsp/compendium/chsp-hospital-linkage-2023.xlsx
140052,CHSP00004718,Osf Saint Anthonys Health Center,Alton,IL,HSI00000776,OSF Healthcare System,1,2,church-operated,49,0,https://www.ahrq.gov/sites/default/files/wysiwyg/chsp/compendium/chsp-hospital-linkage-2023.xlsx
141337,CHSP00005070,Osf Saint Clare Medical Center,Princeton,IL,HSI00000776,OSF Healthcare System,1,2,church-operated,25,0,https://www.ahrq.gov/sites/default/files/wysiwyg/chsp/compendium/chsp-hospital-linkage-2023.xlsx
141325,CHSP00004722,Osf Saint Luke Medical Center,Kewanee,IL,HSI00000776,OSF Healthcare System,1,2,church-operated,25,0,https://www.ahrq.gov/sites/default/files/wysiwyg/chsp/compendium/chsp-hospital-linkage-2023.xlsx
143445,CHSP00008194,Osf Saint Luke Medical Center,Kewanee,IL,HSI00000776,OSF Healthcare System,1,,,,,https://www.ahrq.gov/sites/default/files/wysiwyg/chsp/compendium/chsp-hospital-linkage-2023.xlsx
140110,CHSP00004719,Ottawa Regional Hospital & Healthcar,Ottawa,IL,HSI00000776,OSF Healthcare System,1,2,church-operated,89,1,https://www.ahrq.gov/sites/default/files/wysiwyg/chsp/compendium/chsp-hospital-linkage-2023.xlsx
141312,CHSP00005575,Rochelle Community Hospital,Rochelle,IL,HSI00000776,OSF Healthcare System,1,1,nonprofit,17,0,https://www.ahrq.gov/sites/default/files/wysiwyg/chsp/compendium/chsp-hospital-linkage-2023.xlsx
140233,CHSP00004717,Saint Anthony Medical Center,Rockford,IL,HSI00000776,OSF Healthcare System,1,2,church-operated,230,0,https://www.ahrq.gov/sites/default/files/wysiwyg/chsp/compendium/chsp-hospital-linkage-2023.xlsx
140067,CHSP00004720,Saint Francis Medical Center,Peoria,IL,HSI00000776,OSF Healthcare System,1,2,church-operated,642,0,https://www.ahrq.gov/sites/default/files/wysiwyg/chsp/compendium/chsp-hospital-linkage-2023.xlsx
140161,CHSP00004721,Saint James Hospital,Pontiac,IL,HSI00000776,OSF Healthcare System,1,2,church-operated,42,0,https://www.ahrq.gov/sites/default/files/wysiwyg/chsp/compendium/chsp-hospital-linkage-2023.xlsx
140162,CHSP00004725,St. Joseph Medical Center,Bloomington,IL,HSI00000776,OSF Healthcare System,1,2,church-operated,124,0,https://www.ahrq.gov/sites/default/files/wysiwyg/chsp/compendium/chsp-hospital-linkage-2023.xlsx
140064,CHSP00004726,St. Mary Medical Center,Galesburg,IL,HSI00000776,OSF Healthcare System,1,2,church-operated,81,0,https://www.ahrq.gov/sites/default/files/wysiwyg/chsp/compendium/chsp-hospital-linkage-2023.xlsx
231337,CHSP00004724,St. Francis Hospital,Escanaba,MI,HSI00000776,OSF Healthcare System,1,2,church-operated,25,0,https://www.ahrq.gov/sites/default/files/wysiwyg/chsp/compendium/chsp-hospital-linkage-2023.xlsx
011304,CHSP00001195,Ochsner Choctaw General,Butler,AL,HSI00000780,Ochsner Health System,1,1,nonprofit,25,0,https://www.ahrq.gov/sites/default/files/wysiwyg/chsp/compendium/chsp-hospital-linkage-2023.xlsx
190044,CHSP00000042,Acadia General Hospital,Crowley,LA,HSI00000780,Ochsner Health System,1,1,nonprofit,54,0,https://www.ahrq.gov/sites/default/files/wysiwyg/chsp/compendium/chsp-hospital-linkage-2023.xlsx
190054,CHSP00002849,Iberia Medical Center,New Iberia,LA,HSI00000780,Ochsner Health System,1,3,public/government,133,0,https://www.ahrq.gov/sites/default/files/wysiwyg/chsp/compendium/chsp-hospital-linkage-2023.xlsx
190002,CHSP00003337,Lafayette General Medical Center,Lafayette,LA,HSI00000780,Ochsner Health System,1,1,nonprofit,390,1,https://www.ahrq.gov/sites/default/files/wysiwyg/chsp/compendium/chsp-hospital-linkage-2023.xlsx
192023,CHSP00006414,Northshore Extended Care Hospital,Lacombe,LA,HSI00000780,Ochsner Health System,0,5,for-profit,30,0,https://www.ahrq.gov/sites/default/files/wysiwyg/chsp/compendium/chsp-hospital-linkage-2023.xlsx
191322,CHSP00000041,Ochsner - Abrom Kaplan Mh,Kaplan,LA,HSI00000780,Ochsner Health System,1,1,nonprofit,25,0,https://www.ahrq.gov/sites/default/files/wysiwyg/chsp/compendium/chsp-hospital-linkage-2023.xlsx
190053,CHSP00002994,Ochsner American Legion Hospital,Jennings,LA,HSI00000780,Ochsner Health System,1,1,nonprofit,49,0,https://www.ahrq.gov/sites/default/files/wysiwyg/chsp/compendium/chsp-hospital-linkage-2023.xlsx
190135,CHSP00004766,Ochsner Baptist Medical Center,New Orleans,LA,HSI00000780,Ochsner Health System,1,,,,,https://www.ahrq.gov/sites/default/files/wysiwyg/chsp/compendium/chsp-hospital-linkage-2023.xlsx
191324,CHSP00004774,Ochsner Bayou  Llc,Raceland,LA,HSI00000780,Ochsner Health System,1,1,nonprofit,25,0,https://www.ahrq.gov/sites/default/files/wysiwyg/chsp/compendium/chsp-hospital-linkage-2023.xlsx
197119,CHSP00008190,Ochsner Bayou Llc,Raceland,LA,HSI00000780,Ochsner Health System,1,,,,,https://www.ahrq.gov/sites/default/files/wysiwyg/chsp/compendium/chsp-hospital-linkage-2023.xlsx
190036,CHSP00004768,Ochsner Clinic Foundation,New Orleans,LA,HSI00000780,Ochsner Health System,1,1,nonprofit,1023,1,https://www.ahrq.gov/sites/default/files/wysiwyg/chsp/compendium/chsp-hospital-linkage-2023.xlsx
192015,CHSP00004767,Ochsner Extended Care Hospital,New Orleans,LA,HSI00000780,Ochsner Health System,0,5,for-profit,35,0,https://www.ahrq.gov/sites/default/files/wysiwyg/chsp/compendium/chsp-hospital-linkage-2023.xlsx
190205,CHSP00008389,Ochsner Lafayette General Orthopaedic Hospital,Lafayette,LA,HSI00000780,Ochsner Health System,0,,,,,https://www.ahrq.gov/sites/default/files/wysiwyg/chsp/compendium/chsp-hospital-linkage-2023.xlsx
190268,CHSP00003339,Ochsner Lafayette General Surgical Hospital,Lafayette,LA,HSI00000780,Ochsner Health System,0,,,,,https://www.ahrq.gov/sites/default/files/wysiwyg/chsp/compendium/chsp-hospital-linkage-2023.xlsx
190011,CHSP00007261,Ochsner Lsu Health Monroe,Monroe,LA,HSI00000780,Ochsner Health System,1,1,nonprofit,84,1,https://www.ahrq.gov/sites/default/files/wysiwyg/chsp/compendium/chsp-hospital-linkage-2023.xlsx
190098,CHSP00007262,Ochsner Lsu Health Shreveport,Shreveport,LA,HSI00000780,Ochsner Health System,1,1,nonprofit,273,1,https://www.ahrq.gov/sites/default/files/wysiwyg/chsp/compendium/chsp-hospital-linkage-2023.xlsx
190202,CHSP00004772,Ochsner Medical Center - Baton Rouge,Baton Rouge,LA,HSI00000780,Ochsner Health System,1,1,nonprofit,171,1,https://www.ahrq.gov/sites/default/files/wysiwyg/chsp/compendium/chsp-hospital-linkage-2023.xlsx
190274,CHSP00004769,Ochsner Medical Center - Kenner  Llc,Kenner,LA,HSI00000780,Ochsner Health System,1,1,nonprofit,115,0,https://www.ahrq.gov/sites/default/files/wysiwyg/chsp/compendium/chsp-hospital-linkage-2023.xlsx
190204,CHSP00004770,Ochsner Medical Center -Northshore,Slidell,LA,HSI00000780,Ochsner Health System,1,1,nonprofit,150,0,https://www.ahrq.gov/sites/default/files/wysiwyg/chsp/compendium/chsp-hospital-linkage-2023.xlsx
190275,CHSP00004771,Ochsner Medical Center West Bank,Gretna,LA,HSI00000780,Ochsner Health System,1,,,,,https://www.ahrq.gov/sites/default/files/wysiwyg/chsp/compendium/chsp-hospital-linkage-2023.xlsx
190175,CHSP00004773,Ochsner Medical Complex River Parishes,La Place,LA,HSI00000780,Ochsner Health System,1,,,,,https://www.ahrq.gov/sites/default/files/wysiwyg/chsp/compendium/chsp-hospital-linkage-2023.xlsx
190014,CHSP00006807,Ochsner St. Mary,Morgan City,LA,HSI00000780,Ochsner Health System,1,5,for-profit,105,0,https://www.ahrq.gov/sites/default/files/wysiwyg/chsp/compendium/chsp-hospital-linkage-2023.xlsx
190317,CHSP00008485,Olh-Shreveport-St. Mary Medical Ctr,Shreveport,LA,HSI00000780,Ochsner Health System,1,1,nonprofit,118,1,https://www.ahrq.gov/sites/default/files/wysiwyg/chsp/compendium/chsp-hospital-linkage-2023.xlsx
194114,CHSP00008243,River Place Behavioral Health,La Place,LA,HSI00000780,Ochsner Health System,0,5,for-profit,104,0,https://www.ahrq.gov/sites/default/files/wysiwyg/chsp/compendium/chsp-hospital-linkage-2023.xlsx
190183,CHSP00003477,Southern Regional Medical Corp,Houma,LA,HSI00000780,Ochsner Health System,1,3,public/government,64,1,https://www.ahrq.gov/sites/default/files/wysiwyg/chsp/compendium/chsp-hospital-linkage-2023.xlsx
191302,CHSP00006553,St Martin Hospital,Breaux Bridge,LA,HSI00000780,Ochsner Health System,1,1,nonprofit,25,0,https://www.ahrq.gov/sites/default/files/wysiwyg/chsp/compendium/chsp-hospital-linkage-2023.xlsx
190308,CHSP00006409,St. Bernard Parish Hospital,Chalmette,LA,HSI00000780,Ochsner Health System,1,3,public/government,40,0,https://www.ahrq.gov/sites/default/files/wysiwyg/chsp/compendium/chsp-hospital-linkage-2023.xlsx
190079,CHSP00006420,St. Charles Parish Hospital,Luling,LA,HSI00000780,Ochsner Health System,1,3,public/government,27,0,https://www.ahrq.gov/sites/default/files/wysiwyg/chsp/compendium/chsp-hospital-linkage-2023.xlsx
190006,CHSP00007268,University Hospital & Clinics,Lafayette,LA,HSI00000780,Ochsner Health System,1,1,nonprofit,52,1,https://www.ahrq.gov/sites/default/files/wysiwyg/chsp/compendium/chsp-hospital-linkage-2023.xlsx
251322,CHSP00003350,Ochsner Laird Hospital,Union,MS,HSI00000780,Ochsner Health System,1,1,nonprofit,25,0,https://www.ahrq.gov/sites/default/files/wysiwyg/chsp/compendium/chsp-hospital-linkage-2023.xlsx
250162,CHSP00002496,Ochsner Med Ctr - Hancock,Bay Saint Louis,MS,HSI00000780,Ochsner Health System,1,1,nonprofit,41,0,https://www.ahrq.gov/sites/default/files/wysiwyg/chsp/compendium/chsp-hospital-linkage-2023.xlsx
250069,CHSP00005625,Ochsner Rush Medical Center,Meridian,MS,HSI00000780,Ochsner Health System,1,1,nonprofit,191,0,https://www.ahrq.gov/sites/default/files/wysiwyg/chsp/compendium/chsp-hospital-linkage-2023.xlsx
251323,CHSP00005923,Ochsner Scott Regional,Morton,MS,HSI00000780,Ochsner Health System,1,1,nonprofit,25,0,https://www.ahrq.gov/sites/default/files/wysiwyg/chsp/compendium/chsp-hospital-linkage-2023.xlsx
252004,CHSP00006348,Ochsner Specialty Hospital,Meridian,MS,HSI00000780,Ochsner Health System,0,1,nonprofit,49,0,https://www.ahrq.gov/sites/default/files/wysiwyg/chsp/compendium/chsp-hospital-linkage-2023.xlsx
251335,CHSP00003010,Ochsner Stennis Hospital,De Kalb,MS,HSI00000780,Ochsner Health System,1,1,nonprofit,25,0,https://www.ahrq.gov/sites/default/files/wysiwyg/chsp/compendium/chsp-hospital-linkage-2023.xlsx
251316,CHSP00002362,Ochsner Watkins Hospital,Quitman,MS,HSI00000780,Ochsner Health System,1,1,nonprofit,25,0,https://www.ahrq.gov/sites/default/files/wysiwyg/chsp/compendium/chsp-hospital-linkage-2023.xlsx
360170,CHSP00000591,Berger Hospital,Circleville,OH,HSI00000784,Ohiohealth,1,2,church-operated,83,0,https://www.ahrq.gov/sites/default/files/wysiwyg/chsp/compendium/chsp-hospital-linkage-2023.xlsx
360152,CHSP00004793,Doctors Hospital,Columbus,OH,HSI00000784,Ohiohealth,1,2,church-operated,173,1,https://www.ahrq.gov/sites/default/files/wysiwyg/chsp/compendium/chsp-hospital-linkage-2023.xlsx
360348,CHSP00004794,Dublin Methodist Hospital,Dublin,OH,HSI00000784,Ohiohealth,1,2,church-operated,110,0,https://www.ahrq.gov/sites/default/files/wysiwyg/chsp/compendium/chsp-hospital-linkage-2023.xlsx
360210,CHSP00004795,Grady Memorial Hospital,Delaware,OH,HSI00000784,Ohiohealth,1,2,church-operated,60,0,https://www.ahrq.gov/sites/default/files/wysiwyg/chsp/compendium/chsp-hospital-linkage-2023.xlsx
360017,CHSP00004796,Grant Medical Center,Columbus,OH,HSI00000784,Ohiohealth,1,2,church-operated,448,1,https://www.ahrq.gov/sites/default/files/wysiwyg/chsp/compendium/chsp-hospital-linkage-2023.xlsx
361315,CHSP00004797,Hardin Memorial Hospital,Kenton,OH,HSI00000784,Ohiohealth,1,2,church-operated,25,0,https://www.ahrq.gov/sites/default/files/wysiwyg/chsp/compendium/chsp-hospital-linkage-2023.xlsx
360011,CHSP00004798,Marion General Hospital,Marion,OH,HSI00000784,Ohiohealth,1,2,church-operated,177,0,https://www.ahrq.gov/sites/default/files/wysiwyg/chsp/compendium/chsp-hospital-linkage-2023.xlsx
360118,CHSP00004799,Medcentral Health System,Mansfield,OH,HSI00000784,Ohiohealth,1,2,church-operated,240,0,https://www.ahrq.gov/sites/default/files/wysiwyg/chsp/compendium/chsp-hospital-linkage-2023.xlsx
361313,CHSP00004312,Morrow County Hospital,Mount Gilead,OH,HSI00000784,Ohiohealth,1,3,public/government,23,0,https://www.ahrq.gov/sites/default/files/wysiwyg/chsp/compendium/chsp-hospital-linkage-2023.xlsx
360014,CHSP00004711,Obleness Memorial Hospital,Athens,OH,HSI00000784,Ohiohealth,1,2,church-operated,67,1,https://www.ahrq.gov/sites/default/files/wysiwyg/chsp/compendium/chsp-hospital-linkage-2023.xlsx
360006,CHSP00004802,Riverside Methodist Hospital,Columbus,OH,HSI00000784,Ohiohealth,1,2,church-operated,734,0,https://www.ahrq.gov/sites/default/files/wysiwyg/chsp/compendium/chsp-hospital-linkage-2023.xlsx
361324,CHSP00004800,Shelby Memorial Hospital,Shelby,OH,HSI00000784,Ohiohealth,1,2,church-operated,20,0,https://www.ahrq.gov/sites/default/files/wysiwyg/chsp/compendium/chsp-hospital-linkage-2023.xlsx
360203,CHSP00006262,Southeastern Ohio Reg Med Ctr,Cambridge,OH,HSI00000784,Ohiohealth,1,1,nonprofit,86,0,https://www.ahrq.gov/sites/default/files/wysiwyg/chsp/compendium/chsp-hospital-linkage-2023.xlsx
360071,CHSP00007406,Van Wert County Hospital,Van Wert,OH,HSI00000784,Ohiohealth,1,1,nonprofit,34,0,https://www.ahrq.gov/sites/default/files/wysiwyg/chsp/compendium/chsp-hospital-linkage-2023.xlsx
240006,CHSP00004819,Olmsted Medical Center,Rochester,MN,HSI00000789,Olmsted Medical Center,1,1,nonprofit,61,0,https://www.ahrq.gov/sites/default/files/wysiwyg/chsp/compendium/chsp-hospital-linkage-2023.xlsx
330115,CHSP00004825,Oneida Health,Oneida,NY,HSI00000792,Oneida Health,1,1,nonprofit,101,0,https://www.ahrq.gov/sites/default/files/wysiwyg/chsp/compendium/chsp-hospital-linkage-2023.xlsx
100032,CHSP00000477,Bayfront Health St. Petersburg,Saint Petersburg,FL,HSI00000796,Orlando Health,1,1,nonprofit,262,0,https://www.ahrq.gov/sites/default/files/wysiwyg/chsp/compendium/chsp-hospital-linkage-2023.xlsx
100006,CHSP00004846,Orlando Health,Orlando,FL,HSI00000796,Orlando Health,1,1,nonprofit,1467,1,https://www.ahrq.gov/sites/default/files/wysiwyg/chsp/compendium/chsp-hospital-linkage-2023.xlsx
100051,CHSP00006220,Orlando Health South Lake Hospital,Clermont,FL,HSI00000796,Orlando Health,1,1,nonprofit,172,0,https://www.ahrq.gov/sites/default/files/wysiwyg/chsp/compendium/chsp-hospital-linkage-2023.xlsx
100030,CHSP00002574,Orlando Health-Health Central Hospit,Ocoee,FL,HSI00000796,Orlando Health,1,1,nonprofit,273,0,https://www.ahrq.gov/sites/default/files/wysiwyg/chsp/compendium/chsp-hospital-linkage-2023.xlsx
100302,CHSP00006430,St. Cloud Regional Medical Center,Saint Cloud,FL,HSI00000796,Orlando Health,1,1,nonprofit,84,0,https://www.ahrq.gov/sites/default/files/wysiwyg/chsp/compendium/chsp-hospital-linkage-2023.xlsx
330218,CHSP00004867,Oswego Hospital,Oswego,NY,HSI00000798,Oswego Health,1,1,nonprofit,132,0,https://www.ahrq.gov/sites/default/files/wysiwyg/chsp/compendium/chsp-hospital-linkage-2023.xlsx
180004,CHSP00004894,Muhlenberg Community Hospital,Greenville,KY,HSI00000802,Owensboro Health,1,1,nonprofit,47,0,https://www.ahrq.gov/sites/default/files/wysiwyg/chsp/compendium/chsp-hospital-linkage-2023.xlsx
180038,CHSP00004895,Owensboro Health Regional Hospital,Owensboro,KY,HSI00000802,Owensboro Health,1,1,nonprofit,302,0,https://www.ahrq.gov/sites/default/files/wysiwyg/chsp/compendium/chsp-hospital-linkage-2023.xlsx
180070,CHSP00007099,Owensboro Health Twin Lakes Medical,Leitchfield,KY,HSI00000802,Owensboro Health,1,1,nonprofit,49,1,https://www.ahrq.gov/sites/default/files/wysiwyg/chsp/compendium/chsp-hospital-linkage-2023.xlsx
050471,CHSP00002235,Pih Health Good Samaritan Hospital,Los Angeles,CA,HSI00000805,PIH Health,1,1,nonprofit,308,1,https://www.ahrq.gov/sites/default/files/wysiwyg/chsp/compendium/chsp-hospital-linkage-2023.xlsx
050393,CHSP00004906,Pih Health Hospital - Downey,Downey,CA,HSI00000805,PIH Health,1,1,nonprofit,133,1,https://www.ahrq.gov/sites/default/files/wysiwyg/chsp/compendium/chsp-hospital-linkage-2023.xlsx
050169,CHSP00004907,Pih Health Whittier Hospital,Whittier,CA,HSI00000805,PIH Health,1,2,church-operated,405,0,https://www.ahrq.gov/sites/default/files/wysiwyg/chsp/compendium/chsp-hospital-linkage-2023.xlsx
150146,CHSP00004981,Community Hospital Of Noble Cty  Inc,Kendallville,IN,HSI00000811,Parkview Health System,1,1,nonprofit,31,0,https://www.ahrq.gov/sites/default/files/wysiwyg/chsp/compendium/chsp-hospital-linkage-2023.xlsx
150091,CHSP00004978,Huntington Memorial Hospital,Huntington,IN,HSI00000811,Parkview Health System,1,1,nonprofit,36,0,https://www.ahrq.gov/sites/default/files/wysiwyg/chsp/compendium/chsp-hospital-linkage-2023.xlsx
150167,CHSP00004973,Orthopaedic Hospt.At Parkview,Fort Wayne,IN,HSI00000811,Parkview Health System,0,5,for-profit,37,0,https://www.ahrq.gov/sites/default/files/wysiwyg/chsp/compendium/chsp-hospital-linkage-2023.xlsx
154060,CHSP00008203,Park Center  Inc.,Fort Wayne,IN,HSI00000811,Parkview Health System,0,1,nonprofit,16,0,https://www.ahrq.gov/sites/default/files/wysiwyg/chsp/compendium/chsp-hospital-linkage-2023.xlsx
150045,CHSP00001614,Parkview - Dekalb Health,Auburn,IN,HSI00000811,Parkview Health System,1,1,nonprofit,48,0,https://www.ahrq.gov/sites/default/files/wysiwyg/chsp/compendium/chsp-hospital-linkage-2023.xlsx
150021,CHSP00004983,Parkview Hospital,Fort Wayne,IN,HSI00000811,Parkview Health System,1,1,nonprofit,784,0,https://www.ahrq.gov/sites/default/files/wysiwyg/chsp/compendium/chsp-hospital-linkage-2023.xlsx
151323,CHSP00004979,Parkview Lagrange Hospital,Lagrange,IN,HSI00000811,Parkview Health System,1,1,nonprofit,25,0,https://www.ahrq.gov/sites/default/files/wysiwyg/chsp/compendium/chsp-hospital-linkage-2023.xlsx
151310,CHSP00004984,Parkview Wabash Hospital  Inc.,Wabash,IN,HSI00000811,Parkview Health System,1,1,nonprofit,18,0,https://www.ahrq.gov/sites/default/files/wysiwyg/chsp/compendium/chsp-hospital-linkage-2023.xlsx
150101,CHSP00004985,Whitley Memorial Hospital,Columbia City,IN,HSI00000811,Parkview Health System,1,1,nonprofit,30,0,https://www.ahrq.gov/sites/default/files/wysiwyg/chsp/compendium/chsp-hospital-linkage-2023.xlsx
361327,CHSP00001382,Chwc-Montpelier,Montpelier,OH,HSI00000811,Parkview Health System,1,1,nonprofit,25,0,https://www.ahrq.gov/sites/default/files/wysiwyg/chsp/compendium/chsp-hospital-linkage-2023.xlsx
360121,CHSP00001381,Community Hospital Of Williams City,Bryan,OH,HSI00000811,Parkview Health System,1,1,nonprofit,75,0,https://www.ahrq.gov/sites/default/files/wysiwyg/chsp/compendium/chsp-hospital-linkage-2023.xlsx
100028,CHSP00004990,Parrish Medical Center,Titusville,FL,HSI00000812,Parrish Medical Center,1,1,nonprofit,208,0,https://www.ahrq.gov/sites/default/files/wysiwyg/chsp/compendium/chsp-hospital-linkage-2023.xlsx
220110,CHSP00000710,Brigham And Womens Hospital,Boston,MA,HSI00000813,Mass General Brigham,1,1,nonprofit,826,0,https://www.ahrq.gov/sites/default/files/wysiwyg/chsp/compendium/chsp-hospital-linkage-2023.xlsx
220015,CHSP00001446,Cooley Dickinson Hospital,Northampton,MA,HSI00000813,Mass General Brigham,1,1,nonprofit,118,0,https://www.ahrq.gov/sites/default/files/wysiwyg/chsp/compendium/chsp-hospital-linkage-2023.xlsx
220162,CHSP00001592,Dana-Farber Cancer Institute,Boston,MA,HSI00000813,Mass General Brigham,0,1,nonprofit,30,0,https://www.ahrq.gov/sites/default/files/wysiwyg/chsp/compendium/chsp-hospital-linkage-2023.xlsx
220119,CHSP00000709,Faulkner Hospital,Boston,MA,HSI00000813,Mass General Brigham,1,1,nonprofit,147,0,https://www.ahrq.gov/sites/default/files/wysiwyg/chsp/compendium/chsp-hospital-linkage-2023.xlsx
221300,CHSP00003729,Marthas Vineyard Hospital,Oak Bluffs,MA,HSI00000813,Mass General Brigham,1,1,nonprofit,25,0,https://www.ahrq.gov/sites/default/files/wysiwyg/chsp/compendium/chsp-hospital-linkage-2023.xlsx
220075,CHSP00003756,Massachusetts Eye And Ear Infirmary,Boston,MA,HSI00000813,Mass General Brigham,0,1,nonprofit,41,0,https://www.ahrq.gov/sites/default/files/wysiwyg/chsp/compendium/chsp-hospital-linkage-2023.xlsx
220071,CHSP00003757,Massachusetts General Hospital,Boston,MA,HSI00000813,Mass General Brigham,1,1,nonprofit,997,0,https://www.ahrq.gov/sites/default/files/wysiwyg/chsp/compendium/chsp-hospital-linkage-2023.xlsx
224007,CHSP00003831,Mclean Hospital,Belmont,MA,HSI00000813,Mass General Brigham,0,1,nonprofit,309,0,https://www.ahrq.gov/sites/default/files/wysiwyg/chsp/compendium/chsp-hospital-linkage-2023.xlsx
220177,CHSP00004415,Nantucket Cottage Hospital,Nantucket,MA,HSI00000813,Mass General Brigham,1,1,nonprofit,14,0,https://www.ahrq.gov/sites/default/files/wysiwyg/chsp/compendium/chsp-hospital-linkage-2023.xlsx
220101,CHSP00004511,Newton Wellesley Hospital,Newton Lower Falls,MA,HSI00000813,Mass General Brigham,1,1,nonprofit,216,0,https://www.ahrq.gov/sites/default/files/wysiwyg/chsp/compendium/chsp-hospital-linkage-2023.xlsx
220035,CHSP00004580,North Shore Medical Center,Salem,MA,HSI00000813,Mass General Brigham,1,1,nonprofit,268,0,https://www.ahrq.gov/sites/default/files/wysiwyg/chsp/compendium/chsp-hospital-linkage-2023.xlsx
223032,CHSP00006339,Rehab Hospital Of Cape & Islands,East Sandwich,MA,HSI00000813,Mass General Brigham,0,1,nonprofit,60,0,https://www.ahrq.gov/sites/default/files/wysiwyg/chsp/compendium/chsp-hospital-linkage-2023.xlsx
222000,CHSP00006337,Spaulding Hospital Cambridge,Cambridge,MA,HSI00000813,Mass General Brigham,0,1,nonprofit,180,0,https://www.ahrq.gov/sites/default/files/wysiwyg/chsp/compendium/chsp-hospital-linkage-2023.xlsx
223034,CHSP00006338,Spaulding Rehabilitation Hospital,Charlestown,MA,HSI00000813,Mass General Brigham,0,1,nonprofit,132,0,https://www.ahrq.gov/sites/default/files/wysiwyg/chsp/compendium/chsp-hospital-linkage-2023.xlsx
300018,CHSP00007630,Wentworth Douglass Hospital,Dover,NH,HSI00000813,Mass General Brigham,1,1,nonprofit,118,0,https://www.ahrq.gov/sites/default/files/wysiwyg/chsp/compendium/chsp-hospital-linkage-2023.xlsx
021311,CHSP00005016,Ketchikan Medical Center,Ketchikan,AK,HSI00000814,Peacehealth,1,2,church-operated,25,0,https://www.ahrq.gov/sites/default/files/wysiwyg/chsp/compendium/chsp-hospital-linkage-2023.xlsx
381301,CHSP00005015,Cottage Grove Community Hospital,Cottage Grove,OR,HSI00000814,Peacehealth,1,2,church-operated,14,0,https://www.ahrq.gov/sites/default/files/wysiwyg/chsp/compendium/chsp-hospital-linkage-2023.xlsx
381316,CHSP00005017,Peace Harbor Hospital,Florence,OR,HSI00000814,Peacehealth,1,1,nonprofit,21,0,https://www.ahrq.gov/sites/default/files/wysiwyg/chsp/compendium/chsp-hospital-linkage-2023.xlsx
380033,CHSP00005019,Sacred Heart Med Ctr - University,Eugene,OR,HSI00000814,Peacehealth,1,2,church-operated,36,0,https://www.ahrq.gov/sites/default/files/wysiwyg/chsp/compendium/chsp-hospital-linkage-2023.xlsx
380102,CHSP00005020,Shmc-Riverbend,Springfield,OR,HSI00000814,Peacehealth,1,2,church-operated,385,0,https://www.ahrq.gov/sites/default/files/wysiwyg/chsp/compendium/chsp-hospital-linkage-2023.xlsx
501340,CHSP00005018,Peace Island Medical Center,Friday Harbor,WA,HSI00000814,Peacehealth,1,2,church-operated,10,0,https://www.ahrq.gov/sites/default/files/wysiwyg/chsp/compendium/chsp-hospital-linkage-2023.xlsx
500050,CHSP00005021,Peacehealth Southwest Medical Center,Vancouver,WA,HSI00000814,Peacehealth,1,1,nonprofit,408,0,https://www.ahrq.gov/sites/default/files/wysiwyg/chsp/compendium/chsp-hospital-linkage-2023.xlsx
500041,CHSP00005022,St. John Medical Center,Longview,WA,HSI00000814,Peacehealth,1,2,church-operated,122,0,https://www.ahrq.gov/sites/default/files/wysiwyg/chsp/compendium/chsp-hospital-linkage-2023.xlsx
500030,CHSP00005023,St. Joseph Medical Center,Bellingham,WA,HSI00000814,Peacehealth,1,2,church-operated,208,0,https://www.ahrq.gov/sites/default/files/wysiwyg/chsp/compendium/chsp-hospital-linkage-2023.xlsx
501329,CHSP00005024,United General Medical Center,Sedro-Woolley,WA,HSI00000814,Peacehealth,1,2,church-operated,25,0,https://www.ahrq.gov/sites/default/files/wysiwyg/chsp/compendium/chsp-hospital-linkage-2023.xlsx
161367,CHSP00005035,Pella Regional Health Center,Pella,IA,HSI00000815,Pella Regional Health Center,1,1,nonprofit,25,0,https://www.ahrq.gov/sites/default/files/wysiwyg/chsp/compendium/chsp-hospital-linkage-2023.xlsx
080006,CHSP00004414,Nanticoke Memorial Hospital,Seaford,DE,HSI00000818,TidalHealth Peninsula Regional,1,1,nonprofit,92,0,https://www.ahrq.gov/sites/default/files/wysiwyg/chsp/compendium/chsp-hospital-linkage-2023.xlsx
210045,CHSP00003802,Tidalhealth Mccready Pavilion,Crisfield,MD,HSI00000818,TidalHealth Peninsula Regional,1,,,,,https://www.ahrq.gov/sites/default/files/wysiwyg/chsp/compendium/chsp-hospital-linkage-2023.xlsx
210019,CHSP00005043,Tidalhealth Peninsula Regional Inc,Salisbury,MD,HSI00000818,TidalHealth Peninsula Regional,1,1,nonprofit,230,0,https://www.ahrq.gov/sites/default/files/wysiwyg/chsp/compendium/chsp-hospital-linkage-2023.xlsx
391312,CHSP00005045,Brookville Hospital,Brookville,PA,HSI00000819,Penn Highlands Healthcare,1,1,nonprofit,25,0,https://www.ahrq.gov/sites/default/files/wysiwyg/chsp/compendium/chsp-hospital-linkage-2023.xlsx
390086,CHSP00005047,Dubois Regional Medical Center,Dubois,PA,HSI00000819,Penn Highlands Healthcare,1,1,nonprofit,247,0,https://www.ahrq.gov/sites/default/files/wysiwyg/chsp/compendium/chsp-hospital-linkage-2023.xlsx
390184,CHSP00002675,Highlands Hospital,Connellsville,PA,HSI00000819,Penn Highlands Healthcare,1,1,nonprofit,61,0,https://www.ahrq.gov/sites/default/files/wysiwyg/chsp/compendium/chsp-hospital-linkage-2023.xlsx
390147,CHSP00004272,Monongahela Valley Hospital Inc.,Monongahela,PA,HSI00000819,Penn Highlands Healthcare,1,1,nonprofit,184,0,https://www.ahrq.gov/sites/default/files/wysiwyg/chsp/compendium/chsp-hospital-linkage-2023.xlsx
390052,CHSP00005046,Penn Highlands Clearfield,Clearfield,PA,HSI00000819,Penn Highlands Healthcare,1,,,,,https://www.ahrq.gov/sites/default/files/wysiwyg/chsp/compendium/chsp-hospital-linkage-2023.xlsx
391315,CHSP00005049,Penn Highlands Elk,Saint Marys,PA,HSI00000819,Penn Highlands Healthcare,1,1,nonprofit,25,0,https://www.ahrq.gov/sites/default/files/wysiwyg/chsp/compendium/chsp-hospital-linkage-2023.xlsx
390056,CHSP00002925,Penn Highlands Huntingdon,Huntingdon,PA,HSI00000819,Penn Highlands Healthcare,1,1,nonprofit,71,1,https://www.ahrq.gov/sites/default/files/wysiwyg/chsp/compendium/chsp-hospital-linkage-2023.xlsx
391307,CHSP00007108,Tyrone Hospital,Tyrone,PA,HSI00000819,Penn Highlands Healthcare,1,1,nonprofit,20,0,https://www.ahrq.gov/sites/default/files/wysiwyg/chsp/compendium/chsp-hospital-linkage-2023.xlsx
310010,CHSP00007287,Princeton Healthcare System,Plainsboro,NJ,HSI00000820,University of Pennsylvania Health System,1,1,nonprofit,206,0,https://www.ahrq.gov/sites/default/files/wysiwyg/chsp/compendium/chsp-hospital-linkage-2023.xlsx
392050,CHSP00002249,Good Shepherd Penn Partners,Philadelphia,PA,HSI00000820,University of Pennsylvania Health System,0,1,nonprofit,18,0,https://www.ahrq.gov/sites/default/files/wysiwyg/chsp/compendium/chsp-hospital-linkage-2023.xlsx
390111,CHSP00002791,Hospital Of The Univ Of Penna,Philadelphia,PA,HSI00000820,University of Pennsylvania Health System,1,1,nonprofit,1051,0,https://www.ahrq.gov/sites/default/files/wysiwyg/chsp/compendium/chsp-hospital-linkage-2023.xlsx
394055,CHSP00008463,Lancaster Behavioral Health Hospital,Lancaster,PA,HSI00000820,University of Pennsylvania Health System,0,5,for-profit,126,0,https://www.ahrq.gov/sites/default/files/wysiwyg/chsp/compendium/chsp-hospital-linkage-2023.xlsx
390100,CHSP00003399,Lancaster General Hospital,Lancaster,PA,HSI00000820,University of Pennsylvania Health System,1,1,nonprofit,620,0,https://www.ahrq.gov/sites/default/files/wysiwyg/chsp/compendium/chsp-hospital-linkage-2023.xlsx
393054,CHSP00003401,Lancaster Rehabilitation Hospital,Lancaster,PA,HSI00000820,University of Pennsylvania Health System,0,5,for-profit,59,0,https://www.ahrq.gov/sites/default/files/wysiwyg/chsp/compendium/chsp-hospital-linkage-2023.xlsx
390226,CHSP00005058,Pennsylvania Hospital Of Uphs,Philadelphia,PA,HSI00000820,University of Pennsylvania Health System,1,1,nonprofit,425,1,https://www.ahrq.gov/sites/default/files/wysiwyg/chsp/compendium/chsp-hospital-linkage-2023.xlsx
390223,CHSP00005052,Presbyterian Medical Center,Philadelphia,PA,HSI00000820,University of Pennsylvania Health System,1,1,nonprofit,328,1,https://www.ahrq.gov/sites/default/files/wysiwyg/chsp/compendium/chsp-hospital-linkage-2023.xlsx
390179,CHSP00005051,The Chester County Hospital,West Chester,PA,HSI00000820,University of Pennsylvania Health System,1,1,nonprofit,299,0,https://www.ahrq.gov/sites/default/files/wysiwyg/chsp/compendium/chsp-hospital-linkage-2023.xlsx
390336,CHSP00008841,Hampden Medical Center,Enola,PA,HSI00000821,Penn State Health Milton S Hershey Medical Center,1,1,nonprofit,82,0,https://www.ahrq.gov/sites/default/files/wysiwyg/chsp/compendium/chsp-hospital-linkage-2023.xlsx
390004,CHSP00002726,Holy Spirit Hospital,Camp Hill,PA,HSI00000821,Penn State Health Milton S Hershey Medical Center,1,1,nonprofit,231,0,https://www.ahrq.gov/sites/default/files/wysiwyg/chsp/compendium/chsp-hospital-linkage-2023.xlsx
390256,CHSP00005057,Milton S. Hershey Medical Center,Hershey,PA,HSI00000821,Penn State Health Milton S Hershey Medical Center,1,1,nonprofit,616,0,https://www.ahrq.gov/sites/default/files/wysiwyg/chsp/compendium/chsp-hospital-linkage-2023.xlsx
390339,CHSP00008989,Penn State Health Lancaster Medical Center,Lancaster,PA,HSI00000821,Penn State Health Milton S Hershey Medical Center,1,,,,,https://www.ahrq.gov/sites/default/files/wysiwyg/chsp/compendium/chsp-hospital-linkage-2023.xlsx
390096,CHSP00005053,St. Joseph Medical Center,Reading,PA,HSI00000821,Penn State Health Milton S Hershey Medical Center,1,1,nonprofit,132,0,https://www.ahrq.gov/sites/default/files/wysiwyg/chsp/compendium/chsp-hospital-linkage-2023.xlsx
450007,CHSP00005078,Peterson Regional Medical Center,Kerrville,TX,HSI00000822,Peterson Health,1,1,nonprofit,98,0,https://www.ahrq.gov/sites/default/files/wysiwyg/chsp/compendium/chsp-hospital-linkage-2023.xlsx
110073,CHSP00001710,Dorminy Medical Center,Fitzgerald,GA,HSI00000823,Phoebe Putney Health Systems,1,3,public/government,48,0,https://www.ahrq.gov/sites/default/files/wysiwyg/chsp/compendium/chsp-hospital-linkage-2023.xlsx
110007,CHSP00005089,Phoebe Putney Memorial Hospital,Albany,GA,HSI00000823,Phoebe Putney Health Systems,1,1,nonprofit,338,0,https://www.ahrq.gov/sites/default/files/wysiwyg/chsp/compendium/chsp-hospital-linkage-2023.xlsx
110163,CHSP00005091,Phoebe Putney Memorial Hospital North Campus,Albany,GA,HSI00000823,Phoebe Putney Health Systems,1,,,,,https://www.ahrq.gov/sites/default/files/wysiwyg/chsp/compendium/chsp-hospital-linkage-2023.xlsx
110044,CHSP00005092,Phoebe Sumter Medical Center  Inc.,Americus,GA,HSI00000823,Phoebe Putney Health Systems,1,1,nonprofit,54,0,https://www.ahrq.gov/sites/default/files/wysiwyg/chsp/compendium/chsp-hospital-linkage-2023.xlsx
111328,CHSP00005093,Phoebe Worth Medical Center,Sylvester,GA,HSI00000823,Phoebe Putney Health Systems,1,1,nonprofit,25,0,https://www.ahrq.gov/sites/default/files/wysiwyg/chsp/compendium/chsp-hospital-linkage-2023.xlsx
033302,CHSP00005095,Phoenix Childrens Hospital,Phoenix,AZ,HSI00000824,Phoenix Childrens Hospital,1,1,nonprofit,383,0,https://www.ahrq.gov/sites/default/files/wysiwyg/chsp/compendium/chsp-hospital-linkage-2023.xlsx
110074,CHSP00000262,Piedmont Athens Regional Medical Ce,Athens,GA,HSI00000826,Piedmont Healthcare,1,3,public/government,391,0,https://www.ahrq.gov/sites/default/files/wysiwyg/chsp/compendium/chsp-hospital-linkage-2023.xlsx
110039,CHSP00007063,Piedmont Augusta Hospital Summerville Campus,Augusta,GA,HSI00000826,Piedmont Healthcare,1,,,,,https://www.ahrq.gov/sites/default/files/wysiwyg/chsp/compendium/chsp-hospital-linkage-2023.xlsx
110030,CHSP00001002,Piedmont Cartersville Medical Center,Cartersville,GA,HSI00000826,Piedmont Healthcare,1,1,nonprofit,119,0,https://www.ahrq.gov/sites/default/files/wysiwyg/chsp/compendium/chsp-hospital-linkage-2023.xlsx
110064,CHSP00004185,Piedmont Columbus Regional Midtown,Columbus,GA,HSI00000826,Piedmont Healthcare,1,1,nonprofit,384,1,https://www.ahrq.gov/sites/default/files/wysiwyg/chsp/compendium/chsp-hospital-linkage-2023.xlsx
110200,CHSP00004651,Piedmont Columbus Regional Northside,Columbus,GA,HSI00000826,Piedmont Healthcare,1,1,nonprofit,71,0,https://www.ahrq.gov/sites/default/files/wysiwyg/chsp/compendium/chsp-hospital-linkage-2023.xlsx
110192,CHSP00001797,Piedmont Eastside Medical Center,Snellville,GA,HSI00000826,Piedmont Healthcare,1,1,nonprofit,206,0,https://www.ahrq.gov/sites/default/files/wysiwyg/chsp/compendium/chsp-hospital-linkage-2023.xlsx
110215,CHSP00005109,Piedmont Fayette Hospital Inc.,Fayetteville,GA,HSI00000826,Piedmont Healthcare,1,1,nonprofit,294,0,https://www.ahrq.gov/sites/default/files/wysiwyg/chsp/compendium/chsp-hospital-linkage-2023.xlsx
110191,CHSP00005111,Piedmont Henry Hospital  Inc.,Stockbridge,GA,HSI00000826,Piedmont Healthcare,1,3,public/government,297,0,https://www.ahrq.gov/sites/default/files/wysiwyg/chsp/compendium/chsp-hospital-linkage-2023.xlsx
110083,CHSP00005112,Piedmont Hospital Inc.,Atlanta,GA,HSI00000826,Piedmont Healthcare,1,1,nonprofit,569,0,https://www.ahrq.gov/sites/default/files/wysiwyg/chsp/compendium/chsp-hospital-linkage-2023.xlsx
114015,CHSP00007933,Piedmont Macon Behavioral Health,Macon,GA,HSI00000826,Piedmont Healthcare,0,,,,,https://www.ahrq.gov/sites/default/files/wysiwyg/chsp/compendium/chsp-hospital-linkage-2023.xlsx
110164,CHSP00001303,Piedmont Macon Medical Center,Macon,GA,HSI00000826,Piedmont Healthcare,1,1,nonprofit,186,0,https://www.ahrq.gov/sites/default/files/wysiwyg/chsp/compendium/chsp-hospital-linkage-2023.xlsx
110201,CHSP00001304,Piedmont Macon North Hospital,Macon,GA,HSI00000826,Piedmont Healthcare,1,1,nonprofit,79,0,https://www.ahrq.gov/sites/default/files/wysiwyg/chsp/compendium/chsp-hospital-linkage-2023.xlsx
110225,CHSP00005114,Piedmont Mountainside Hospital  Inc.,Jasper,GA,HSI00000826,Piedmont Healthcare,1,1,nonprofit,52,0,https://www.ahrq.gov/sites/default/files/wysiwyg/chsp/compendium/chsp-hospital-linkage-2023.xlsx
110229,CHSP00005115,Piedmont Newnan Hospital Inc.,Newnan,GA,HSI00000826,Piedmont Healthcare,1,1,nonprofit,177,0,https://www.ahrq.gov/sites/default/files/wysiwyg/chsp/compendium/chsp-hospital-linkage-2023.xlsx
110018,CHSP00005116,Piedmont Newton Hospital,Covington,GA,HSI00000826,Piedmont Healthcare,1,1,nonprofit,94,0,https://www.ahrq.gov/sites/default/files/wysiwyg/chsp/compendium/chsp-hospital-linkage-2023.xlsx
110091,CHSP00005583,Piedmont Rockdale Hospital,Conyers,GA,HSI00000826,Piedmont Healthcare,1,1,nonprofit,141,0,https://www.ahrq.gov/sites/default/files/wysiwyg/chsp/compendium/chsp-hospital-linkage-2023.xlsx
110046,CHSP00001260,Piedmont Walton Hospital,Monroe,GA,HSI00000826,Piedmont Healthcare,1,1,nonprofit,76,0,https://www.ahrq.gov/sites/default/files/wysiwyg/chsp/compendium/chsp-hospital-linkage-2023.xlsx
110028,CHSP00007265,University Health Services  Inc.,Augusta,GA,HSI00000826,Piedmont Healthcare,1,1,nonprofit,482,0,https://www.ahrq.gov/sites/default/files/wysiwyg/chsp/compendium/chsp-hospital-linkage-2023.xlsx
110111,CHSP00007267,University Hospital Mcduffie,Thomson,GA,HSI00000826,Piedmont Healthcare,1,3,public/government,25,0,https://www.ahrq.gov/sites/default/files/wysiwyg/chsp/compendium/chsp-hospital-linkage-2023.xlsx
050231,CHSP00005173,Pomona Valley Hospital Med Ctr,Pomona,CA,HSI00000833,Pomona Valley Hospital Medical Center,1,1,nonprofit,412,1,https://www.ahrq.gov/sites/default/files/wysiwyg/chsp/compendium/chsp-hospital-linkage-2023.xlsx
360076,CHSP00000273,Atrium Medical Center,Middletown,OH,HSI00000842,Premier Health,1,1,nonprofit,244,0,https://www.ahrq.gov/sites/default/files/wysiwyg/chsp/compendium/chsp-hospital-linkage-2023.xlsx
360051,CHSP00004158,Miami Valley Hospital,Dayton,OH,HSI00000842,Premier Health,1,1,nonprofit,899,0,https://www.ahrq.gov/sites/default/files/wysiwyg/chsp/compendium/chsp-hospital-linkage-2023.xlsx
360174,CHSP00007346,Upper Valley Medical Center,Troy,OH,HSI00000842,Premier Health,1,1,nonprofit,139,0,https://www.ahrq.gov/sites/default/files/wysiwyg/chsp/compendium/chsp-hospital-linkage-2023.xlsx
321302,CHSP00001721,Dr. Dan C. Trigg,Tucumcari,NM,HSI00000843,Presbyterian Healthcare Services,1,1,nonprofit,25,0,https://www.ahrq.gov/sites/default/files/wysiwyg/chsp/compendium/chsp-hospital-linkage-2023.xlsx
320011,CHSP00005220,Espanola Hospital,Espanola,NM,HSI00000843,Presbyterian Healthcare Services,1,1,nonprofit,70,1,https://www.ahrq.gov/sites/default/files/wysiwyg/chsp/compendium/chsp-hospital-linkage-2023.xlsx
321306,CHSP00003533,Lincoln County Medical Center,Ruidoso,NM,HSI00000843,Presbyterian Healthcare Services,1,1,nonprofit,25,0,https://www.ahrq.gov/sites/default/files/wysiwyg/chsp/compendium/chsp-hospital-linkage-2023.xlsx
320022,CHSP00005149,Plains Regional Medical Ctr - Clovis,Clovis,NM,HSI00000843,Presbyterian Healthcare Services,1,1,nonprofit,100,1,https://www.ahrq.gov/sites/default/files/wysiwyg/chsp/compendium/chsp-hospital-linkage-2023.xlsx
320021,CHSP00005221,Presbyterian Hospital,Albuquerque,NM,HSI00000843,Presbyterian Healthcare Services,1,1,nonprofit,942,1,https://www.ahrq.gov/sites/default/files/wysiwyg/chsp/compendium/chsp-hospital-linkage-2023.xlsx
320079,CHSP00005222,Presbyterian Kaseman Hospital,Albuquerque,NM,HSI00000843,Presbyterian Healthcare Services,1,,,,,https://www.ahrq.gov/sites/default/files/wysiwyg/chsp/compendium/chsp-hospital-linkage-2023.xlsx
320090,CHSP00008219,Santa Fe Medical Center,Santa Fe,NM,HSI00000843,Presbyterian Healthcare Services,1,1,nonprofit,36,0,https://www.ahrq.gov/sites/default/files/wysiwyg/chsp/compendium/chsp-hospital-linkage-2023.xlsx
321301,CHSP00006184,Socorro General Hospital,Socorro,NM,HSI00000843,Presbyterian Healthcare Services,1,1,nonprofit,24,0,https://www.ahrq.gov/sites/default/files/wysiwyg/chsp/compendium/chsp-hospital-linkage-2023.xlsx
327027,CHSP00008278,Socorro General Hospital,Socorro,NM,HSI00000843,Presbyterian Healthcare Services,1,,,,,https://www.ahrq.gov/sites/default/files/wysiwyg/chsp/compendium/chsp-hospital-linkage-2023.xlsx
520062,CHSP00004777,Oconomowoc Memorial Hospital,Oconomowoc,WI,HSI00000847,Prohealth Care,1,1,nonprofit,63,0,https://www.ahrq.gov/sites/default/files/wysiwyg/chsp/compendium/chsp-hospital-linkage-2023.xlsx
523027,CHSP00005461,Prohealth Rehabilitation Hospital Of,Waukesha,WI,HSI00000847,Prohealth Care,0,5,for-profit,40,0,https://www.ahrq.gov/sites/default/files/wysiwyg/chsp/compendium/chsp-hospital-linkage-2023.xlsx
520008,CHSP00007580,Waukesha Memorial Hospital,Waukesha,WI,HSI00000847,Prohealth Care,1,1,nonprofit,265,0,https://www.ahrq.gov/sites/default/files/wysiwyg/chsp/compendium/chsp-hospital-linkage-2023.xlsx
230022,CHSP00001356,Community Health Center Branch,Coldwater,MI,HSI00000848,ProMedica,1,1,nonprofit,75,0,https://www.ahrq.gov/sites/default/files/wysiwyg/chsp/compendium/chsp-hospital-linkage-2023.xlsx
230099,CHSP00005254,Monroe Regional Hospital,Monroe,MI,HSI00000848,ProMedica,1,1,nonprofit,147,0,https://www.ahrq.gov/sites/default/files/wysiwyg/chsp/compendium/chsp-hospital-linkage-2023.xlsx
230005,CHSP00005248,Promedica Hickman Hospital,Adrian,MI,HSI00000848,ProMedica,1,1,nonprofit,58,0,https://www.ahrq.gov/sites/default/files/wysiwyg/chsp/compendium/chsp-hospital-linkage-2023.xlsx
360259,CHSP00005247,Bay Park Community Hospital,Oregon,OH,HSI00000848,ProMedica,1,1,nonprofit,77,0,https://www.ahrq.gov/sites/default/files/wysiwyg/chsp/compendium/chsp-hospital-linkage-2023.xlsx
361328,CHSP00005249,Defiance Hospital Inc.,Defiance,OH,HSI00000848,ProMedica,1,1,nonprofit,25,0,https://www.ahrq.gov/sites/default/files/wysiwyg/chsp/compendium/chsp-hospital-linkage-2023.xlsx
361318,CHSP00005251,Fostoria Community Hospital,Fostoria,OH,HSI00000848,ProMedica,1,1,nonprofit,19,0,https://www.ahrq.gov/sites/default/files/wysiwyg/chsp/compendium/chsp-hospital-linkage-2023.xlsx
360009,CHSP00003528,Lima Memorial Hospital,Lima,OH,HSI00000848,ProMedica,1,1,nonprofit,110,0,https://www.ahrq.gov/sites/default/files/wysiwyg/chsp/compendium/chsp-hospital-linkage-2023.xlsx
360156,CHSP00005253,Memorial Hospital,Fremont,OH,HSI00000848,ProMedica,1,1,nonprofit,31,0,https://www.ahrq.gov/sites/default/files/wysiwyg/chsp/compendium/chsp-hospital-linkage-2023.xlsx
360074,CHSP00005250,Promedica Flower Hospital,Sylvania,OH,HSI00000848,ProMedica,1,,,,,https://www.ahrq.gov/sites/default/files/wysiwyg/chsp/compendium/chsp-hospital-linkage-2023.xlsx
362339,CHSP00008221,Promedica Fostoria Community Hospital,Fostoria,OH,HSI00000848,ProMedica,1,,,,,https://www.ahrq.gov/sites/default/files/wysiwyg/chsp/compendium/chsp-hospital-linkage-2023.xlsx
360068,CHSP00005256,The Toledo Hospital,Toledo,OH,HSI00000848,ProMedica,1,1,nonprofit,730,0,https://www.ahrq.gov/sites/default/files/wysiwyg/chsp/compendium/chsp-hospital-linkage-2023.xlsx
022001,CHSP00006438,Alaska Specialty Hospital  Llc,Anchorage,AK,HSI00000852,Providence,0,2,church-operated,21,0,https://www.ahrq.gov/sites/default/files/wysiwyg/chsp/compendium/chsp-hospital-linkage-2023.xlsx
021306,CHSP00005296,Prov. Kodiak Island Medical Center,Kodiak,AK,HSI00000852,Providence,1,2,church-operated,24,0,https://www.ahrq.gov/sites/default/files/wysiwyg/chsp/compendium/chsp-hospital-linkage-2023.xlsx
020001,CHSP00005285,Providence Alaska Medical Center,Anchorage,AK,HSI00000852,Providence,1,2,church-operated,401,1,https://www.ahrq.gov/sites/default/files/wysiwyg/chsp/compendium/chsp-hospital-linkage-2023.xlsx
021302,CHSP00005317,Providence Seward Medical & Care Cen,Seward,AK,HSI00000852,Providence,1,3,public/government,6,0,https://www.ahrq.gov/sites/default/files/wysiwyg/chsp/compendium/chsp-hospital-linkage-2023.xlsx
021301,CHSP00005324,Providence Valdez Medical Center,Valdez,AK,HSI00000852,Providence,1,3,public/government,11,0,https://www.ahrq.gov/sites/default/files/wysiwyg/chsp/compendium/chsp-hospital-linkage-2023.xlsx
051321,CHSP00002570,Healdsburg Hospital,Healdsburg,CA,HSI00000852,Providence,1,1,nonprofit,25,0,https://www.ahrq.gov/sites/default/files/wysiwyg/chsp/compendium/chsp-hospital-linkage-2023.xlsx
050193,CHSP00004243,Mission Hospital Laguna Beach,Laguna Beach,CA,HSI00000852,Providence,1,,,,,https://www.ahrq.gov/sites/default/files/wysiwyg/chsp/compendium/chsp-hospital-linkage-2023.xlsx
050567,CHSP00004242,Mission Hospital Reg Medical Center,Mission Viejo,CA,HSI00000852,Providence,1,1,nonprofit,406,0,https://www.ahrq.gov/sites/default/files/wysiwyg/chsp/compendium/chsp-hospital-linkage-2023.xlsx
050136,CHSP00005075,Petaluma Valley Hospital,Petaluma,CA,HSI00000852,Providence,1,1,nonprofit,58,0,https://www.ahrq.gov/sites/default/files/wysiwyg/chsp/compendium/chsp-hospital-linkage-2023.xlsx
050761,CHSP00005323,Providence Cedars-Sinai Tarzana Medi,Tarzana,CA,HSI00000852,Providence,1,1,nonprofit,204,1,https://www.ahrq.gov/sites/default/files/wysiwyg/chsp/compendium/chsp-hospital-linkage-2023.xlsx
050278,CHSP00005289,Providence Holy Cross Med. Center,Mission Hills,CA,HSI00000852,Providence,1,2,church-operated,285,1,https://www.ahrq.gov/sites/default/files/wysiwyg/chsp/compendium/chsp-hospital-linkage-2023.xlsx
050078,CHSP00005298,Providence Lttl Co Mary Mc San Pedro,San Pedro,CA,HSI00000852,Providence,1,2,church-operated,97,0,https://www.ahrq.gov/sites/default/files/wysiwyg/chsp/compendium/chsp-hospital-linkage-2023.xlsx
050353,CHSP00005297,Providence Lttl Co Mary Mc Torrance,Torrance,CA,HSI00000852,Providence,1,2,church-operated,338,0,https://www.ahrq.gov/sites/default/files/wysiwyg/chsp/compendium/chsp-hospital-linkage-2023.xlsx
050290,CHSP00005312,Providence St Johns Health Center,Santa Monica,CA,HSI00000852,Providence,1,2,church-operated,229,0,https://www.ahrq.gov/sites/default/files/wysiwyg/chsp/compendium/chsp-hospital-linkage-2023.xlsx
050235,CHSP00005313,Providence St Joseph Medical Center,Burbank,CA,HSI00000852,Providence,1,2,church-operated,368,1,https://www.ahrq.gov/sites/default/files/wysiwyg/chsp/compendium/chsp-hospital-linkage-2023.xlsx
050009,CHSP00005347,Queen Of The Valley Medical Center,Napa,CA,HSI00000852,Providence,1,2,church-operated,119,0,https://www.ahrq.gov/sites/default/files/wysiwyg/chsp/compendium/chsp-hospital-linkage-2023.xlsx
051318,CHSP00005405,Redwood Memorial Hospital,Fortuna,CA,HSI00000852,Providence,1,2,church-operated,20,0,https://www.ahrq.gov/sites/default/files/wysiwyg/chsp/compendium/chsp-hospital-linkage-2023.xlsx
050174,CHSP00005887,Santa Rosa Memorial Hospital,Santa Rosa,CA,HSI00000852,Providence,1,2,church-operated,272,0,https://www.ahrq.gov/sites/default/files/wysiwyg/chsp/compendium/chsp-hospital-linkage-2023.xlsx
050168,CHSP00006514,St Jude Medical Center Fullerton,Fullerton,CA,HSI00000852,Providence,1,2,church-operated,290,0,https://www.ahrq.gov/sites/default/files/wysiwyg/chsp/compendium/chsp-hospital-linkage-2023.xlsx
050006,CHSP00006489,St. Joseph Hospital - Eureka,Eureka,CA,HSI00000852,Providence,1,2,church-operated,132,1,https://www.ahrq.gov/sites/default/files/wysiwyg/chsp/compendium/chsp-hospital-linkage-2023.xlsx
050069,CHSP00006490,St. Joseph Hospital Of Orange,Orange,CA,HSI00000852,Providence,1,2,church-operated,315,0,https://www.ahrq.gov/sites/default/files/wysiwyg/chsp/compendium/chsp-hospital-linkage-2023.xlsx
050300,CHSP00006556,St. Mary Medical Center,Apple Valley,CA,HSI00000852,Providence,1,1,nonprofit,230,1,https://www.ahrq.gov/sites/default/files/wysiwyg/chsp/compendium/chsp-hospital-linkage-2023.xlsx
271323,CHSP00001245,Clark Fork Valley Hospital,Plains,MT,HSI00000852,Providence,1,1,nonprofit,16,0,https://www.ahrq.gov/sites/default/files/wysiwyg/chsp/compendium/chsp-hospital-linkage-2023.xlsx
271343,CHSP00005318,Providence St Joseph Medical Ctr,Polson,MT,HSI00000852,Providence,1,1,nonprofit,22,0,https://www.ahrq.gov/sites/default/files/wysiwyg/chsp/compendium/chsp-hospital-linkage-2023.xlsx
270014,CHSP00006583,St Patrick Hospital,Missoula,MT,HSI00000852,Providence,1,2,church-operated,206,0,https://www.ahrq.gov/sites/default/files/wysiwyg/chsp/compendium/chsp-hospital-linkage-2023.xlsx
320065,CHSP00003454,Covenant Health Hobbs Hospital,Hobbs,NM,HSI00000852,Providence,1,2,church-operated,34,1,https://www.ahrq.gov/sites/default/files/wysiwyg/chsp/compendium/chsp-hospital-linkage-2023.xlsx
381318,CHSP00005291,Hood River Memorial Hospital,Hood River,OR,HSI00000852,Providence,1,2,church-operated,25,0,https://www.ahrq.gov/sites/default/files/wysiwyg/chsp/compendium/chsp-hospital-linkage-2023.xlsx
380075,CHSP00005300,Providence Medford Medical Center,Medford,OR,HSI00000852,Providence,1,2,church-operated,100,0,https://www.ahrq.gov/sites/default/files/wysiwyg/chsp/compendium/chsp-hospital-linkage-2023.xlsx
380082,CHSP00005303,Providence Milwaukie Hospital,Milwaukie,OR,HSI00000852,Providence,1,2,church-operated,47,0,https://www.ahrq.gov/sites/default/files/wysiwyg/chsp/compendium/chsp-hospital-linkage-2023.xlsx
380037,CHSP00005305,Providence Newberg Medical Center,Newberg,OR,HSI00000852,Providence,1,2,church-operated,40,0,https://www.ahrq.gov/sites/default/files/wysiwyg/chsp/compendium/chsp-hospital-linkage-2023.xlsx
380061,CHSP00005308,Providence Portland Medical Center,Portland,OR,HSI00000852,Providence,1,2,church-operated,391,0,https://www.ahrq.gov/sites/default/files/wysiwyg/chsp/compendium/chsp-hospital-linkage-2023.xlsx
381303,CHSP00005316,Providence Seaside Hospital,Seaside,OR,HSI00000852,Providence,1,2,church-operated,25,0,https://www.ahrq.gov/sites/default/files/wysiwyg/chsp/compendium/chsp-hospital-linkage-2023.xlsx
380004,CHSP00005322,Providence St. Vincent Medical Ctr,Portland,OR,HSI00000852,Providence,1,2,church-operated,510,0,https://www.ahrq.gov/sites/default/files/wysiwyg/chsp/compendium/chsp-hospital-linkage-2023.xlsx
380038,CHSP00005326,Providence Willamette Falls Med Ctr,Oregon City,OR,HSI00000852,Providence,1,2,church-operated,101,0,https://www.ahrq.gov/sites/default/files/wysiwyg/chsp/compendium/chsp-hospital-linkage-2023.xlsx
453306,CHSP00001505,Covenant Childrens Hospital,Lubbock,TX,HSI00000852,Providence,1,2,church-operated,181,0,https://www.ahrq.gov/sites/default/files/wysiwyg/chsp/compendium/chsp-hospital-linkage-2023.xlsx
450755,CHSP00001509,Covenant Hospital Levelland,Levelland,TX,HSI00000852,Providence,1,2,church-operated,21,1,https://www.ahrq.gov/sites/default/files/wysiwyg/chsp/compendium/chsp-hospital-linkage-2023.xlsx
450539,CHSP00001508,Covenant Hospital Plainview,Plainview,TX,HSI00000852,Providence,1,2,church-operated,49,0,https://www.ahrq.gov/sites/default/files/wysiwyg/chsp/compendium/chsp-hospital-linkage-2023.xlsx
450040,CHSP00001511,Covenant Medical Center,Lubbock,TX,HSI00000852,Providence,1,2,church-operated,360,0,https://www.ahrq.gov/sites/default/files/wysiwyg/chsp/compendium/chsp-hospital-linkage-2023.xlsx
452102,CHSP00001512,Covenant Specialty Hospital,Lubbock,TX,HSI00000852,Providence,0,5,for-profit,56,0,https://www.ahrq.gov/sites/default/files/wysiwyg/chsp/compendium/chsp-hospital-linkage-2023.xlsx
450162,CHSP00002270,Grace Medical Center,Lubbock,TX,HSI00000852,Providence,0,5,for-profit,92,0,https://www.ahrq.gov/sites/default/files/wysiwyg/chsp/compendium/chsp-hospital-linkage-2023.xlsx
500058,CHSP00003056,Kadlec Regional Medical Center,Richland,WA,HSI00000852,Providence,1,1,nonprofit,278,0,https://www.ahrq.gov/sites/default/files/wysiwyg/chsp/compendium/chsp-hospital-linkage-2023.xlsx
500014,CHSP00005309,Prov Regl Med Center Everett,Everett,WA,HSI00000852,Providence,1,2,church-operated,551,0,https://www.ahrq.gov/sites/default/files/wysiwyg/chsp/compendium/chsp-hospital-linkage-2023.xlsx
500054,CHSP00005311,Prov Sacred Heart Medical Center,Spokane,WA,HSI00000852,Providence,1,2,church-operated,609,1,https://www.ahrq.gov/sites/default/files/wysiwyg/chsp/compendium/chsp-hospital-linkage-2023.xlsx
500002,CHSP00005320,Prov St Mary Medical Center,Walla Walla,WA,HSI00000852,Providence,1,2,church-operated,95,0,https://www.ahrq.gov/sites/default/files/wysiwyg/chsp/compendium/chsp-hospital-linkage-2023.xlsx
500019,CHSP00005286,Providence Centralia Hospital,Centralia,WA,HSI00000852,Providence,1,2,church-operated,113,0,https://www.ahrq.gov/sites/default/files/wysiwyg/chsp/compendium/chsp-hospital-linkage-2023.xlsx
500077,CHSP00005290,Providence Holy Family Hospital,Spokane,WA,HSI00000852,Providence,1,2,church-operated,194,0,https://www.ahrq.gov/sites/default/files/wysiwyg/chsp/compendium/chsp-hospital-linkage-2023.xlsx
501326,CHSP00005304,Providence Mount Carmel Hospital,Colville,WA,HSI00000852,Providence,1,2,church-operated,25,0,https://www.ahrq.gov/sites/default/files/wysiwyg/chsp/compendium/chsp-hospital-linkage-2023.xlsx
501309,CHSP00005319,Providence St Josephs Hospital,Chewelah,WA,HSI00000852,Providence,1,2,church-operated,23,0,https://www.ahrq.gov/sites/default/files/wysiwyg/chsp/compendium/chsp-hospital-linkage-2023.xlsx
500024,CHSP00005321,Providence St. Peter Hospital,Olympia,WA,HSI00000852,Providence,1,2,church-operated,302,0,https://www.ahrq.gov/sites/default/files/wysiwyg/chsp/compendium/chsp-hospital-linkage-2023.xlsx
503025,CHSP00006545,St. Lukes Rehabilitation Inst.,Spokane,WA,HSI00000852,Providence,0,2,church-operated,91,0,https://www.ahrq.gov/sites/default/files/wysiwyg/chsp/compendium/chsp-hospital-linkage-2023.xlsx
500026,CHSP00006758,Swedish Edmonds,Edmonds,WA,HSI00000852,Providence,1,1,nonprofit,157,0,https://www.ahrq.gov/sites/default/files/wysiwyg/chsp/compendium/chsp-hospital-linkage-2023.xlsx
500152,CHSP00006759,Swedish Issaquah,Issaquah,WA,HSI00000852,Providence,1,1,nonprofit,167,0,https://www.ahrq.gov/sites/default/files/wysiwyg/chsp/compendium/chsp-hospital-linkage-2023.xlsx
500027,CHSP00006756,Swedish Medical Center,Seattle,WA,HSI00000852,Providence,1,1,nonprofit,603,1,https://www.ahrq.gov/sites/default/files/wysiwyg/chsp/compendium/chsp-hospital-linkage-2023.xlsx
500025,CHSP00006755,Swedish Medical Center Cherry Hill,Seattle,WA,HSI00000852,Providence,1,1,nonprofit,181,0,https://www.ahrq.gov/sites/default/files/wysiwyg/chsp/compendium/chsp-hospital-linkage-2023.xlsx
312017,CHSP00006346,Achs Central Jersey,Lakewood,NJ,HSI00000863,RWJBarnabas Health,1,5,for-profit,50,0,https://www.ahrq.gov/sites/default/files/wysiwyg/chsp/compendium/chsp-hospital-linkage-2023.xlsx
313300,CHSP00001164,Childrens Specialized Hopsital,New Brunswick,NJ,HSI00000863,RWJBarnabas Health,1,1,nonprofit,68,0,https://www.ahrq.gov/sites/default/files/wysiwyg/chsp/compendium/chsp-hospital-linkage-2023.xlsx
310009,CHSP00001238,Clara Maass Medical Center,Belleville,NJ,HSI00000863,RWJBarnabas Health,1,1,nonprofit,259,0,https://www.ahrq.gov/sites/default/files/wysiwyg/chsp/compendium/chsp-hospital-linkage-2023.xlsx
310041,CHSP00001385,Community Medical Center,Toms River,NJ,HSI00000863,RWJBarnabas Health,1,1,nonprofit,410,0,https://www.ahrq.gov/sites/default/files/wysiwyg/chsp/compendium/chsp-hospital-linkage-2023.xlsx
310076,CHSP00005699,Cooperman Barnabas Medical Center,Livingston,NJ,HSI00000863,RWJBarnabas Health,1,1,nonprofit,597,0,https://www.ahrq.gov/sites/default/files/wysiwyg/chsp/compendium/chsp-hospital-linkage-2023.xlsx
310074,CHSP00002998,Jersey City Medical Center,Jersey City,NJ,HSI00000863,RWJBarnabas Health,1,1,nonprofit,303,1,https://www.ahrq.gov/sites/default/files/wysiwyg/chsp/compendium/chsp-hospital-linkage-2023.xlsx
310075,CHSP00004270,Monmouth Medical Center,Long Branch,NJ,HSI00000863,RWJBarnabas Health,1,1,nonprofit,235,1,https://www.ahrq.gov/sites/default/files/wysiwyg/chsp/compendium/chsp-hospital-linkage-2023.xlsx
310084,CHSP00004271,Monmouth Medical Center Southern Cam,Lakewood,NJ,HSI00000863,RWJBarnabas Health,1,1,nonprofit,201,1,https://www.ahrq.gov/sites/default/files/wysiwyg/chsp/compendium/chsp-hospital-linkage-2023.xlsx
310002,CHSP00004501,Newark Beth Israel Medical Center,Newark,NJ,HSI00000863,RWJBarnabas Health,1,1,nonprofit,408,1,https://www.ahrq.gov/sites/default/files/wysiwyg/chsp/compendium/chsp-hospital-linkage-2023.xlsx
310110,CHSP00005573,Robert Wood Johnson Hospital @ Hami,Hamilton,NJ,HSI00000863,RWJBarnabas Health,1,1,nonprofit,152,0,https://www.ahrq.gov/sites/default/files/wysiwyg/chsp/compendium/chsp-hospital-linkage-2023.xlsx
310024,CHSP00005571,Robert Wood Johnson Hospital @ Rahw,Rahway,NJ,HSI00000863,RWJBarnabas Health,1,1,nonprofit,139,0,https://www.ahrq.gov/sites/default/files/wysiwyg/chsp/compendium/chsp-hospital-linkage-2023.xlsx
310048,CHSP00005572,Robert Wood Johnson Univ Hosp @ Som,Somerville,NJ,HSI00000863,RWJBarnabas Health,1,1,nonprofit,332,0,https://www.ahrq.gov/sites/default/files/wysiwyg/chsp/compendium/chsp-hospital-linkage-2023.xlsx
310038,CHSP00005570,Robert Wood Johnson University Hospi,New Brunswick,NJ,HSI00000863,RWJBarnabas Health,1,1,nonprofit,630,0,https://www.ahrq.gov/sites/default/files/wysiwyg/chsp/compendium/chsp-hospital-linkage-2023.xlsx
314022,CHSP00000435,Saint Barnabas Behavioral Health Cen,Toms River,NJ,HSI00000863,RWJBarnabas Health,0,1,nonprofit,40,0,https://www.ahrq.gov/sites/default/files/wysiwyg/chsp/compendium/chsp-hospital-linkage-2023.xlsx
310027,CHSP00007052,Trinitas Hospital,Elizabeth,NJ,HSI00000863,RWJBarnabas Health,1,1,nonprofit,182,1,https://www.ahrq.gov/sites/default/files/wysiwyg/chsp/compendium/chsp-hospital-linkage-2023.xlsx
315442,CHSP00008338,Trinitas Regional Medical Center New Point Campus,Elizabeth,NJ,HSI00000863,RWJBarnabas Health,0,,,,,https://www.ahrq.gov/sites/default/files/wysiwyg/chsp/compendium/chsp-hospital-linkage-2023.xlsx
053303,CHSP00005366,Rady Childrens Hospital - San Diego,San Diego,CA,HSI00000864,Rady Childrens Hospital San Diego,1,1,nonprofit,401,0,https://www.ahrq.gov/sites/default/files/wysiwyg/chsp/compendium/chsp-hospital-linkage-2023.xlsx
390127,CHSP00005097,Phoenixville Hospital,Phoenixville,PA,HSI00000866,Tower Health,1,1,nonprofit,130,0,https://www.ahrq.gov/sites/default/files/wysiwyg/chsp/compendium/chsp-hospital-linkage-2023.xlsx
390123,CHSP00005205,Pottstown Memorial Medical Center,Pottstown,PA,HSI00000866,Tower Health,1,1,nonprofit,185,0,https://www.ahrq.gov/sites/default/files/wysiwyg/chsp/compendium/chsp-hospital-linkage-2023.xlsx
390044,CHSP00005390,Reading Hospital And Medical Center,West Reading,PA,HSI00000866,Tower Health,1,1,nonprofit,561,0,https://www.ahrq.gov/sites/default/files/wysiwyg/chsp/compendium/chsp-hospital-linkage-2023.xlsx
,CHSP00008248,Reading Hospital Rehabilitation At Wyomissing,Wyomissing,PA,HSI00000866,Tower Health,0,,,,,https://www.ahrq.gov/sites/default/files/wysiwyg/chsp/compendium/chsp-hospital-linkage-2023.xlsx
393307,CHSP00006424,St Christophers Hospital For Childr,Philadelphia,PA,HSI00000866,Tower Health,1,1,nonprofit,188,0,https://www.ahrq.gov/sites/default/files/wysiwyg/chsp/compendium/chsp-hospital-linkage-2023.xlsx
394056,CHSP00008701,Tower Behavioral Health,Reading,PA,HSI00000866,Tower Health,0,5,for-profit,144,0,https://www.ahrq.gov/sites/default/files/wysiwyg/chsp/compendium/chsp-hospital-linkage-2023.xlsx
050272,CHSP00005402,Redlands Community Hospital,Redlands,CA,HSI00000867,Redlands Community Hospital,1,1,nonprofit,196,0,https://www.ahrq.gov/sites/default/files/wysiwyg/chsp/compendium/chsp-hospital-linkage-2023.xlsx
431322,CHSP00001951,Fall River Hospital,Hot Springs,SD,HSI00000868,Monument Health,1,1,nonprofit,25,0,https://www.ahrq.gov/sites/default/files/wysiwyg/chsp/compendium/chsp-hospital-linkage-2023.xlsx
431323,CHSP00001569,Monument Health Custer Hospital,Custer,SD,HSI00000868,Monument Health,1,1,nonprofit,12,0,https://www.ahrq.gov/sites/default/files/wysiwyg/chsp/compendium/chsp-hospital-linkage-2023.xlsx
431320,CHSP00003455,Monument Health Lead-Deadwood Hospit,Deadwood,SD,HSI00000868,Monument Health,1,1,nonprofit,18,0,https://www.ahrq.gov/sites/default/files/wysiwyg/chsp/compendium/chsp-hospital-linkage-2023.xlsx
430077,CHSP00005379,Monument Health Rapid City Hospital,Rapid City,SD,HSI00000868,Monument Health,1,1,nonprofit,385,0,https://www.ahrq.gov/sites/default/files/wysiwyg/chsp/compendium/chsp-hospital-linkage-2023.xlsx
430048,CHSP00006341,Monument Health Spearfish Hospital,Spearfish,SD,HSI00000868,Monument Health,1,1,nonprofit,27,0,https://www.ahrq.gov/sites/default/files/wysiwyg/chsp/compendium/chsp-hospital-linkage-2023.xlsx
431321,CHSP00006688,Monument Health Sturgis Regional,Sturgis,SD,HSI00000868,Monument Health,1,1,nonprofit,25,0,https://www.ahrq.gov/sites/default/files/wysiwyg/chsp/compendium/chsp-hospital-linkage-2023.xlsx
431319,CHSP00005085,Philip Health Services Inc,Philip,SD,HSI00000868,Monument Health,1,1,nonprofit,18,0,https://www.ahrq.gov/sites/default/files/wysiwyg/chsp/compendium/chsp-hospital-linkage-2023.xlsx
430093,CHSP00005817,Same Day Surgery Center,Rapid City,SD,HSI00000868,Monument Health,0,1,nonprofit,6,0,https://www.ahrq.gov/sites/default/files/wysiwyg/chsp/compendium/chsp-hospital-linkage-2023.xlsx
531303,CHSP00007694,Weston County Health Services,Newcastle,WY,HSI00000868,Monument Health,1,3,public/government,12,0,https://www.ahrq.gov/sites/default/files/wysiwyg/chsp/compendium/chsp-hospital-linkage-2023.xlsx
537050,CHSP00008373,Weston County Hospital District,Newcastle,WY,HSI00000868,Monument Health,1,,,,,https://www.ahrq.gov/sites/default/files/wysiwyg/chsp/compendium/chsp-hospital-linkage-2023.xlsx
440152,CHSP00005441,Regional One Health,Memphis,TN,HSI00000870,Regional One Health,1,1,nonprofit,291,1,https://www.ahrq.gov/sites/default/files/wysiwyg/chsp/compendium/chsp-hospital-linkage-2023.xlsx
442017,CHSP00005442,Regional One Health Extended Care Ho,Memphis,TN,HSI00000870,Regional One Health,0,1,nonprofit,30,0,https://www.ahrq.gov/sites/default/files/wysiwyg/chsp/compendium/chsp-hospital-linkage-2023.xlsx
283440,CHSP00008239,Regional West Garden County,Oshkosh,NE,HSI00000871,Regional West Health Services,1,,,,,https://www.ahrq.gov/sites/default/files/wysiwyg/chsp/compendium/chsp-hospital-linkage-2023.xlsx
281310,CHSP00005448,Regional West Garden County Hospital,Oshkosh,NE,HSI00000871,Regional West Health Services,1,1,nonprofit,10,0,https://www.ahrq.gov/sites/default/files/wysiwyg/chsp/compendium/chsp-hospital-linkage-2023.xlsx
280061,CHSP00005449,Regional West Medical Center,Scottsbluff,NE,HSI00000871,Regional West Health Services,1,1,nonprofit,122,0,https://www.ahrq.gov/sites/default/files/wysiwyg/chsp/compendium/chsp-hospital-linkage-2023.xlsx
150048,CHSP00005469,Reid Hospital & Health Care Services,Richmond,IN,HSI00000873,Reid Health,1,1,nonprofit,183,0,https://www.ahrq.gov/sites/default/files/wysiwyg/chsp/compendium/chsp-hospital-linkage-2023.xlsx
290001,CHSP00005474,Renown Regional Medical Center,Reno,NV,HSI00000874,Renown Health,1,1,nonprofit,592,0,https://www.ahrq.gov/sites/default/files/wysiwyg/chsp/compendium/chsp-hospital-linkage-2023.xlsx
293027,CHSP00005475,Renown Rehabilitation Hospital,Reno,NV,HSI00000874,Renown Health,0,,,,,https://www.ahrq.gov/sites/default/files/wysiwyg/chsp/compendium/chsp-hospital-linkage-2023.xlsx
290049,CHSP00005476,Renown South Meadows Medical Center,Reno,NV,HSI00000874,Renown Health,1,,,,,https://www.ahrq.gov/sites/default/files/wysiwyg/chsp/compendium/chsp-hospital-linkage-2023.xlsx
330028,CHSP00005504,Richmond University Medical Center,Staten Island,NY,HSI00000879,Richmond University Medical Center,1,1,nonprofit,209,1,https://www.ahrq.gov/sites/default/files/wysiwyg/chsp/compendium/chsp-hospital-linkage-2023.xlsx
241375,CHSP00004235,Minnesota Valley Health Center  Inc.,Le Sueur,MN,HSI00000881,Ridgeview Medical Center,1,1,nonprofit,9,0,https://www.ahrq.gov/sites/default/files/wysiwyg/chsp/compendium/chsp-hospital-linkage-2023.xlsx
240056,CHSP00005511,Ridgeview Medical Center,Waconia,MN,HSI00000881,Ridgeview Medical Center,1,1,nonprofit,109,0,https://www.ahrq.gov/sites/default/files/wysiwyg/chsp/compendium/chsp-hospital-linkage-2023.xlsx
241311,CHSP00005513,Sibley Medical Center,Arlington,MN,HSI00000881,Ridgeview Medical Center,1,1,nonprofit,20,0,https://www.ahrq.gov/sites/default/files/wysiwyg/chsp/compendium/chsp-hospital-linkage-2023.xlsx
330036,CHSP00001685,Saint Johns Riverside Hospital,Dobbs Ferry,NY,HSI00000882,Riverside Health Care System,1,,,,,https://www.ahrq.gov/sites/default/files/wysiwyg/chsp/compendium/chsp-hospital-linkage-2023.xlsx
330208,CHSP00006482,St. Johns Riverside Hospital,Yonkers,NY,HSI00000882,Riverside Health Care System,1,1,nonprofit,319,1,https://www.ahrq.gov/sites/default/files/wysiwyg/chsp/compendium/chsp-hospital-linkage-2023.xlsx
494001,CHSP00005539,Riverside Behavioral Health Center,Hampton,VA,HSI00000883,Riverside Health System,0,,,,,https://www.ahrq.gov/sites/default/files/wysiwyg/chsp/compendium/chsp-hospital-linkage-2023.xlsx
490143,CHSP00005542,Riverside Doctors Hospital Williamsb,Williamsburg,VA,HSI00000883,Riverside Health System,1,1,nonprofit,40,0,https://www.ahrq.gov/sites/default/files/wysiwyg/chsp/compendium/chsp-hospital-linkage-2023.xlsx
490052,CHSP00005546,Riverside Regional Medical Center,Newport News,VA,HSI00000883,Riverside Health System,1,1,nonprofit,433,0,https://www.ahrq.gov/sites/default/files/wysiwyg/chsp/compendium/chsp-hospital-linkage-2023.xlsx
493027,CHSP00005547,Riverside Rehabilitation Institute,Yorktown,VA,HSI00000883,Riverside Health System,0,5,for-profit,50,0,https://www.ahrq.gov/sites/default/files/wysiwyg/chsp/compendium/chsp-hospital-linkage-2023.xlsx
490130,CHSP00005553,Riverside Walter Reed,Gloucester,VA,HSI00000883,Riverside Health System,1,1,nonprofit,67,0,https://www.ahrq.gov/sites/default/files/wysiwyg/chsp/compendium/chsp-hospital-linkage-2023.xlsx
490037,CHSP00005549,Shore Memorial Hospital,Onancock,VA,HSI00000883,Riverside Health System,1,1,nonprofit,52,0,https://www.ahrq.gov/sites/default/files/wysiwyg/chsp/compendium/chsp-hospital-linkage-2023.xlsx
330265,CHSP00001273,Clifton Springs Hospital & Clinic,Clifton Springs,NY,HSI00000889,Rochester Regional Health System,1,1,nonprofit,77,1,https://www.ahrq.gov/sites/default/files/wysiwyg/chsp/compendium/chsp-hospital-linkage-2023.xlsx
330030,CHSP00004502,Newark Wayne Community Hospital,Newark,NY,HSI00000889,Rochester Regional Health System,1,1,nonprofit,101,0,https://www.ahrq.gov/sites/default/files/wysiwyg/chsp/compendium/chsp-hospital-linkage-2023.xlsx
330125,CHSP00005576,Rochester General Hospital,Rochester,NY,HSI00000889,Rochester Regional Health System,1,1,nonprofit,470,0,https://www.ahrq.gov/sites/default/files/wysiwyg/chsp/compendium/chsp-hospital-linkage-2023.xlsx
330226,CHSP00007236,The Unity Hospital Of Rochester,Rochester,NY,HSI00000889,Rochester Regional Health System,1,5,for-profit,283,0,https://www.ahrq.gov/sites/default/files/wysiwyg/chsp/compendium/chsp-hospital-linkage-2023.xlsx
330073,CHSP00007231,United Memorial Medical Center,Batavia,NY,HSI00000889,Rochester Regional Health System,1,1,nonprofit,126,0,https://www.ahrq.gov/sites/default/files/wysiwyg/chsp/compendium/chsp-hospital-linkage-2023.xlsx
330411,CHSP00008707,Unity Speciality Hospital,Rochester,NY,HSI00000889,Rochester Regional Health System,1,1,nonprofit,,,https://www.ahrq.gov/sites/default/files/wysiwyg/chsp/compendium/chsp-hospital-linkage-2023.xlsx
140029,CHSP00005629,Copley Memorial Hospital,Aurora,IL,HSI00000897,Rush System for Health,1,1,nonprofit,192,0,https://www.ahrq.gov/sites/default/files/wysiwyg/chsp/compendium/chsp-hospital-linkage-2023.xlsx
140063,CHSP00005627,Oak Park Hospital,Oak Park,IL,HSI00000897,Rush System for Health,1,1,nonprofit,185,0,https://www.ahrq.gov/sites/default/files/wysiwyg/chsp/compendium/chsp-hospital-linkage-2023.xlsx
140119,CHSP00005628,Rush University Medical Center,Chicago,IL,HSI00000897,Rush System for Health,1,1,nonprofit,598,0,https://www.ahrq.gov/sites/default/files/wysiwyg/chsp/compendium/chsp-hospital-linkage-2023.xlsx
470005,CHSP00005640,Rutland Regional Medical Center,Rutland,VT,HSI00000900,Rutland Regional Health Services,1,1,nonprofit,142,0,https://www.ahrq.gov/sites/default/files/wysiwyg/chsp/compendium/chsp-hospital-linkage-2023.xlsx
141351,CHSP00001251,Clay County Hospital,Flora,IL,HSI00000902,SSM Health,1,3,public/government,20,0,https://www.ahrq.gov/sites/default/files/wysiwyg/chsp/compendium/chsp-hospital-linkage-2023.xlsx
141307,CHSP00005122,Pinckneyville Community Hospital,Pinckneyville,IL,HSI00000902,SSM Health,1,3,public/government,20,0,https://www.ahrq.gov/sites/default/files/wysiwyg/chsp/compendium/chsp-hospital-linkage-2023.xlsx
140046,CHSP00002243,Ssm Health Good Samaritan Hospital,Mount Vernon,IL,HSI00000902,SSM Health,1,2,church-operated,111,0,https://www.ahrq.gov/sites/default/files/wysiwyg/chsp/compendium/chsp-hospital-linkage-2023.xlsx
140034,CHSP00005658,Ssm Health St. Marys Hospital,Centralia,IL,HSI00000902,SSM Health,1,2,church-operated,92,0,https://www.ahrq.gov/sites/default/files/wysiwyg/chsp/compendium/chsp-hospital-linkage-2023.xlsx
141308,CHSP00007563,Washington County Hospital,Nashville,IL,HSI00000902,SSM Health,1,3,public/government,22,0,https://www.ahrq.gov/sites/default/files/wysiwyg/chsp/compendium/chsp-hospital-linkage-2023.xlsx
261302,CHSP00003657,Madison Medical Center,Fredericktown,MO,HSI00000902,SSM Health,1,3,public/government,25,0,https://www.ahrq.gov/sites/default/files/wysiwyg/chsp/compendium/chsp-hospital-linkage-2023.xlsx
267263,CHSP00008149,Madison Medical Center,Fredericktown,MO,HSI00000902,SSM Health,1,,,,,https://www.ahrq.gov/sites/default/files/wysiwyg/chsp/compendium/chsp-hospital-linkage-2023.xlsx
263300,CHSP00008564,Ssm Cardinal Glennon Children's Hospital,Saint Louis,MO,HSI00000902,SSM Health,1,,,,,https://www.ahrq.gov/sites/default/files/wysiwyg/chsp/compendium/chsp-hospital-linkage-2023.xlsx
269807,CHSP00005650,Ssm Health Cardinal Glennon Childrens Hospital,Saint Louis,MO,HSI00000902,SSM Health,1,,,,,https://www.ahrq.gov/sites/default/files/wysiwyg/chsp/compendium/chsp-hospital-linkage-2023.xlsx
260104,CHSP00005651,Ssm Health Depaul Hospital,Bridgeton,MO,HSI00000902,SSM Health,1,2,church-operated,446,0,https://www.ahrq.gov/sites/default/files/wysiwyg/chsp/compendium/chsp-hospital-linkage-2023.xlsx
260081,CHSP00005664,Ssm Health St Clare Hospital,Fenton,MO,HSI00000902,SSM Health,1,2,church-operated,180,0,https://www.ahrq.gov/sites/default/files/wysiwyg/chsp/compendium/chsp-hospital-linkage-2023.xlsx
260200,CHSP00005655,Ssm Health St. Joseph Hospital - Lsl,Lake Saint Louis,MO,HSI00000902,SSM Health,1,2,church-operated,179,0,https://www.ahrq.gov/sites/default/files/wysiwyg/chsp/compendium/chsp-hospital-linkage-2023.xlsx
260005,CHSP00005665,Ssm Health St. Joseph Hospital - Sc,Saint Charles,MO,HSI00000902,SSM Health,1,2,church-operated,384,0,https://www.ahrq.gov/sites/default/files/wysiwyg/chsp/compendium/chsp-hospital-linkage-2023.xlsx
260091,CHSP00005666,Ssm Health St. Marys Hospital - Stl,Saint Louis,MO,HSI00000902,SSM Health,1,2,church-operated,501,1,https://www.ahrq.gov/sites/default/files/wysiwyg/chsp/compendium/chsp-hospital-linkage-2023.xlsx
260011,CHSP00005657,Ssm Health-St. Marys-Jefferson City,Jefferson City,MO,HSI00000902,SSM Health,1,2,church-operated,167,0,https://www.ahrq.gov/sites/default/files/wysiwyg/chsp/compendium/chsp-hospital-linkage-2023.xlsx
260198,CHSP00005661,Ssm Saint Joseph Health Center Wentzville,Wentzville,MO,HSI00000902,SSM Health,0,,,,,https://www.ahrq.gov/sites/default/files/wysiwyg/chsp/compendium/chsp-hospital-linkage-2023.xlsx
260105,CHSP00005653,Ssm Saint Louis University Hospital,Saint Louis,MO,HSI00000902,SSM Health,1,2,church-operated,366,0,https://www.ahrq.gov/sites/default/files/wysiwyg/chsp/compendium/chsp-hospital-linkage-2023.xlsx
263031,CHSP00005663,Ssm Select Rehab St Louis  Llc,Richmond Heights,MO,HSI00000902,SSM Health,0,5,for-profit,125,0,https://www.ahrq.gov/sites/default/files/wysiwyg/chsp/compendium/chsp-hospital-linkage-2023.xlsx
371325,CHSP00001460,Cordell Memorial Hospital,Cordell,OK,HSI00000902,SSM Health,1,3,public/government,14,0,https://www.ahrq.gov/sites/default/files/wysiwyg/chsp/compendium/chsp-hospital-linkage-2023.xlsx
371324,CHSP00002522,Harper County Community Hospital,Buffalo,OK,HSI00000902,SSM Health,1,3,public/government,15,0,https://www.ahrq.gov/sites/default/files/wysiwyg/chsp/compendium/chsp-hospital-linkage-2023.xlsx
371327,CHSP00004804,Okeene Municipal Hospital,Okeene,OK,HSI00000902,SSM Health,1,3,public/government,17,0,https://www.ahrq.gov/sites/default/files/wysiwyg/chsp/compendium/chsp-hospital-linkage-2023.xlsx
370158,CHSP00005338,Purcell Municipal Hospital,Purcell,OK,HSI00000902,SSM Health,1,3,public/government,10,0,https://www.ahrq.gov/sites/default/files/wysiwyg/chsp/compendium/chsp-hospital-linkage-2023.xlsx
371341,CHSP00006084,Share Medical Center,Alva,OK,HSI00000902,SSM Health,1,3,public/government,25,0,https://www.ahrq.gov/sites/default/files/wysiwyg/chsp/compendium/chsp-hospital-linkage-2023.xlsx
370105,CHSP00000662,Ssm Health Bone And Joint Hospital At Saint Anthony,Oklahoma City,OK,HSI00000902,SSM Health,0,,,,,https://www.ahrq.gov/sites/default/files/wysiwyg/chsp/compendium/chsp-hospital-linkage-2023.xlsx
370229,CHSP00000153,Ssm Health Saint Anthony Hospital Seminole Campus,Seminole,OK,HSI00000902,SSM Health,1,,,,,https://www.ahrq.gov/sites/default/files/wysiwyg/chsp/compendium/chsp-hospital-linkage-2023.xlsx
370094,CHSP00000150,Ssm Health St Anthony Hospital - Mid,Midwest City,OK,HSI00000902,SSM Health,1,1,nonprofit,126,0,https://www.ahrq.gov/sites/default/files/wysiwyg/chsp/compendium/chsp-hospital-linkage-2023.xlsx
370037,CHSP00006397,St Anthony Hospital,Oklahoma City,OK,HSI00000902,SSM Health,1,2,church-operated,501,1,https://www.ahrq.gov/sites/default/files/wysiwyg/chsp/compendium/chsp-hospital-linkage-2023.xlsx
370149,CHSP00006402,St Anthony Shawnee Hospital,Shawnee,OK,HSI00000902,SSM Health,1,1,nonprofit,61,0,https://www.ahrq.gov/sites/default/files/wysiwyg/chsp/compendium/chsp-hospital-linkage-2023.xlsx
371323,CHSP00007593,Weatherford Regional Hospital,Weatherford,OK,HSI00000902,SSM Health,1,3,public/government,25,0,https://www.ahrq.gov/sites/default/files/wysiwyg/chsp/compendium/chsp-hospital-linkage-2023.xlsx
521319,CHSP00001803,Edgerton Hospital & Health Services,Edgerton,WI,HSI00000902,SSM Health,1,1,nonprofit,16,0,https://www.ahrq.gov/sites/default/files/wysiwyg/chsp/compendium/chsp-hospital-linkage-2023.xlsx
520028,CHSP00004275,Monroe Clinic,Monroe,WI,HSI00000902,SSM Health,1,2,church-operated,58,0,https://www.ahrq.gov/sites/default/files/wysiwyg/chsp/compendium/chsp-hospital-linkage-2023.xlsx
521338,CHSP00001332,Prairie Ridge Health  Inc.,Columbus,WI,HSI00000902,SSM Health,1,1,nonprofit,25,0,https://www.ahrq.gov/sites/default/files/wysiwyg/chsp/compendium/chsp-hospital-linkage-2023.xlsx
521321,CHSP00005520,Ripon Medical Center,Ripon,WI,HSI00000902,SSM Health,1,1,nonprofit,15,0,https://www.ahrq.gov/sites/default/files/wysiwyg/chsp/compendium/chsp-hospital-linkage-2023.xlsx
520088,CHSP00000100,St. Agnes Hospital,Fond Du Lac,WI,HSI00000902,SSM Health,1,2,church-operated,79,0,https://www.ahrq.gov/sites/default/files/wysiwyg/chsp/compendium/chsp-hospital-linkage-2023.xlsx
520057,CHSP00006427,St. Clare Hospital,Baraboo,WI,HSI00000902,SSM Health,1,2,church-operated,43,0,https://www.ahrq.gov/sites/default/files/wysiwyg/chsp/compendium/chsp-hospital-linkage-2023.xlsx
520083,CHSP00006565,St. Marys Hospital,Madison,WI,HSI00000902,SSM Health,1,2,church-operated,354,0,https://www.ahrq.gov/sites/default/files/wysiwyg/chsp/compendium/chsp-hospital-linkage-2023.xlsx
520208,CHSP00006568,St. Marys Janesville Hospital,Janesville,WI,HSI00000902,SSM Health,1,2,church-operated,50,0,https://www.ahrq.gov/sites/default/files/wysiwyg/chsp/compendium/chsp-hospital-linkage-2023.xlsx
521343,CHSP00006675,Stoughton Hospital Association,Stoughton,WI,HSI00000902,SSM Health,1,1,nonprofit,20,0,https://www.ahrq.gov/sites/default/files/wysiwyg/chsp/compendium/chsp-hospital-linkage-2023.xlsx
521352,CHSP00007344,Upland Hills Health,Dodgeville,WI,HSI00000902,SSM Health,1,1,nonprofit,25,0,https://www.ahrq.gov/sites/default/files/wysiwyg/chsp/compendium/chsp-hospital-linkage-2023.xlsx
521327,CHSP00007581,Waupun Memorial Hospital,Waupun,WI,HSI00000902,SSM Health,1,2,church-operated,25,0,https://www.ahrq.gov/sites/default/files/wysiwyg/chsp/compendium/chsp-hospital-linkage-2023.xlsx
330399,CHSP00006407,Sbh Health System,Bronx,NY,HSI00000910,SBH Health System,1,1,nonprofit,283,1,https://www.ahrq.gov/sites/default/files/wysiwyg/chsp/compendium/chsp-hospital-linkage-2023.xlsx
041307,CHSP00001546,Crossridge Community Hospital,Wynne,AR,HSI00000911,Saint Bernards Healthcare,1,2,church-operated,15,0,https://www.ahrq.gov/sites/default/files/wysiwyg/chsp/compendium/chsp-hospital-linkage-2023.xlsx
044010,CHSP00005700,Saint Bernards Behavioral Health,Jonesboro,AR,HSI00000911,Saint Bernards Healthcare,0,,,,,https://www.ahrq.gov/sites/default/files/wysiwyg/chsp/compendium/chsp-hospital-linkage-2023.xlsx
040020,CHSP00006411,St Bernards Medical Center,Jonesboro,AR,HSI00000911,Saint Bernards Healthcare,1,2,church-operated,373,0,https://www.ahrq.gov/sites/default/files/wysiwyg/chsp/compendium/chsp-hospital-linkage-2023.xlsx
040047,CHSP00002003,St. Bernards Five Rivers,Pocahontas,AR,HSI00000911,Saint Bernards Healthcare,1,,,,,https://www.ahrq.gov/sites/default/files/wysiwyg/chsp/compendium/chsp-hospital-linkage-2023.xlsx
381324,CHSP00006419,St Charles Madras,Madras,OR,HSI00000912,Saint Charles Health System,1,1,nonprofit,24,0,https://www.ahrq.gov/sites/default/files/wysiwyg/chsp/compendium/chsp-hospital-linkage-2023.xlsx
380047,CHSP00006417,St Charles Medical Center,Bend,OR,HSI00000912,Saint Charles Health System,1,1,nonprofit,300,0,https://www.ahrq.gov/sites/default/files/wysiwyg/chsp/compendium/chsp-hospital-linkage-2023.xlsx
381313,CHSP00006421,St. Charles Med Ctr - Prineville,Prineville,OR,HSI00000912,Saint Charles Health System,1,1,nonprofit,16,0,https://www.ahrq.gov/sites/default/files/wysiwyg/chsp/compendium/chsp-hospital-linkage-2023.xlsx
380040,CHSP00006422,St. Charles Redmond,Redmond,OR,HSI00000912,Saint Charles Health System,1,,,,,https://www.ahrq.gov/sites/default/files/wysiwyg/chsp/compendium/chsp-hospital-linkage-2023.xlsx
390228,CHSP00006425,St. Clair Memorial Hospital,Pittsburgh,PA,HSI00000913,Saint Clair Hospital,1,1,nonprofit,297,0,https://www.ahrq.gov/sites/default/files/wysiwyg/chsp/compendium/chsp-hospital-linkage-2023.xlsx
180018,CHSP00006426,St. Claire Medical Center,Morehead,KY,HSI00000914,Saint Claire Regional Medical Center,1,1,nonprofit,100,1,https://www.ahrq.gov/sites/default/files/wysiwyg/chsp/compendium/chsp-hospital-linkage-2023.xlsx
150086,CHSP00001628,St Elizabeth Dearborn,Lawrenceburg,IN,HSI00000917,Saint Elizabeth Healthcare,1,2,church-operated,50,0,https://www.ahrq.gov/sites/default/files/wysiwyg/chsp/compendium/chsp-hospital-linkage-2023.xlsx
181311,CHSP00006443,St Elizabeth - Grant County,Williamstown,KY,HSI00000917,Saint Elizabeth Healthcare,1,2,church-operated,15,0,https://www.ahrq.gov/sites/default/files/wysiwyg/chsp/compendium/chsp-hospital-linkage-2023.xlsx
180001,CHSP00006442,St Elizabeth Ft Thomas,Fort Thomas,KY,HSI00000917,Saint Elizabeth Healthcare,1,2,church-operated,106,0,https://www.ahrq.gov/sites/default/files/wysiwyg/chsp/compendium/chsp-hospital-linkage-2023.xlsx
180035,CHSP00006440,St Elizabeth Healthcare,Edgewood,KY,HSI00000917,Saint Elizabeth Healthcare,1,2,church-operated,438,0,https://www.ahrq.gov/sites/default/files/wysiwyg/chsp/compendium/chsp-hospital-linkage-2023.xlsx
180045,CHSP00006441,St. Elizabeth Florence,Florence,KY,HSI00000917,Saint Elizabeth Healthcare,1,2,church-operated,146,0,https://www.ahrq.gov/sites/default/files/wysiwyg/chsp/compendium/chsp-hospital-linkage-2023.xlsx
374020,CHSP00003436,Laureate Psychiatric Hospital,Tulsa,OK,HSI00000919,Saint Francis Health System,0,1,nonprofit,90,0,https://www.ahrq.gov/sites/default/files/wysiwyg/chsp/compendium/chsp-hospital-linkage-2023.xlsx
370078,CHSP00004812,Osu Medical Center,Tulsa,OK,HSI00000919,Saint Francis Health System,1,3,public/government,119,1,https://www.ahrq.gov/sites/default/files/wysiwyg/chsp/compendium/chsp-hospital-linkage-2023.xlsx
370091,CHSP00005718,Saint Francis Hospital,Tulsa,OK,HSI00000919,Saint Francis Health System,1,1,nonprofit,888,0,https://www.ahrq.gov/sites/default/files/wysiwyg/chsp/compendium/chsp-hospital-linkage-2023.xlsx
370025,CHSP00001742,Saint Francis Hospital Muskogee,Muskogee,OK,HSI00000919,Saint Francis Health System,1,1,nonprofit,236,0,https://www.ahrq.gov/sites/default/files/wysiwyg/chsp/compendium/chsp-hospital-linkage-2023.xlsx
370232,CHSP00001778,Saint Francis Hospital Muskogee East,Muskogee,OK,HSI00000919,Saint Francis Health System,1,,,,,https://www.ahrq.gov/sites/default/files/wysiwyg/chsp/compendium/chsp-hospital-linkage-2023.xlsx
370218,CHSP00005719,Saint Francis Hospital South,Tulsa,OK,HSI00000919,Saint Francis Health System,1,1,nonprofit,104,0,https://www.ahrq.gov/sites/default/files/wysiwyg/chsp/compendium/chsp-hospital-linkage-2023.xlsx
370176,CHSP00005720,Saint Francis Hospital South,Tulsa,OK,HSI00000919,Saint Francis Health System,1,,,,,https://www.ahrq.gov/sites/default/files/wysiwyg/chsp/compendium/chsp-hospital-linkage-2023.xlsx
370237,CHSP00001520,Saint Francis Hospital Vinita,Vinita,OK,HSI00000919,Saint Francis Health System,1,1,nonprofit,35,0,https://www.ahrq.gov/sites/default/files/wysiwyg/chsp/compendium/chsp-hospital-linkage-2023.xlsx
260183,CHSP00005714,Saint Francis Medical Center,Cape Girardeau,MO,HSI00000920,Saint Francis Healthcare System,1,1,nonprofit,282,0,https://www.ahrq.gov/sites/default/files/wysiwyg/chsp/compendium/chsp-hospital-linkage-2023.xlsx
330006,CHSP00005742,St. Josephs Medical Center,Yonkers,NY,HSI00000925,Saint Joseph Medical Center,1,1,nonprofit,122,1,https://www.ahrq.gov/sites/default/files/wysiwyg/chsp/compendium/chsp-hospital-linkage-2023.xlsx
110024,CHSP00000898,Candler Hospital  Inc,Savannah,GA,HSI00000927,Saint Josephs Candler Health System,1,1,nonprofit,263,0,https://www.ahrq.gov/sites/default/files/wysiwyg/chsp/compendium/chsp-hospital-linkage-2023.xlsx
110043,CHSP00006504,St. Josephs Hospital  Inc.,Savannah,GA,HSI00000927,Saint Josephs Candler Health System,1,1,nonprofit,188,0,https://www.ahrq.gov/sites/default/files/wysiwyg/chsp/compendium/chsp-hospital-linkage-2023.xlsx
310116,CHSP00005747,Saint Josephs Wayne Medical Center,Wayne,NJ,HSI00000929,Saint Josephs Health,1,,,,,https://www.ahrq.gov/sites/default/files/wysiwyg/chsp/compendium/chsp-hospital-linkage-2023.xlsx
310019,CHSP00006502,St. Josephs University Medical Cent,Paterson,NJ,HSI00000929,Saint Josephs Health,1,2,church-operated,681,1,https://www.ahrq.gov/sites/default/files/wysiwyg/chsp/compendium/chsp-hospital-linkage-2023.xlsx
330197,CHSP00000901,Canton-Potsdam Hospital,Potsdam,NY,HSI00000930,Saint Lawrence Health System,1,1,nonprofit,94,0,https://www.ahrq.gov/sites/default/files/wysiwyg/chsp/compendium/chsp-hospital-linkage-2023.xlsx
331315,CHSP00002263,Gouverneur Hospital,Gouverneur,NY,HSI00000930,Saint Lawrence Health System,1,1,nonprofit,25,0,https://www.ahrq.gov/sites/default/files/wysiwyg/chsp/compendium/chsp-hospital-linkage-2023.xlsx
330223,CHSP00003760,Massena Memorial Hospital,Massena,NY,HSI00000930,Saint Lawrence Health System,1,1,nonprofit,25,0,https://www.ahrq.gov/sites/default/files/wysiwyg/chsp/compendium/chsp-hospital-linkage-2023.xlsx
260176,CHSP00001658,St. Lukes Des Peres Hospital,Saint Louis,MO,HSI00000933,Saint Lukes Episcopal Presbyterian Hospital,1,1,nonprofit,55,0,https://www.ahrq.gov/sites/default/files/wysiwyg/chsp/compendium/chsp-hospital-linkage-2023.xlsx
260179,CHSP00006529,St. Lukes Hospital,Chesterfield,MO,HSI00000933,Saint Lukes Episcopal Presbyterian Hospital,1,1,nonprofit,390,0,https://www.ahrq.gov/sites/default/files/wysiwyg/chsp/compendium/chsp-hospital-linkage-2023.xlsx
131307,CHSP00007604,Memorial Hospital,Weiser,ID,HSI00000934,Saint Lukes,1,3,public/government,24,0,https://www.ahrq.gov/sites/default/files/wysiwyg/chsp/compendium/chsp-hospital-linkage-2023.xlsx
130002,CHSP00006538,St Lukes Magic Valley Reg Med Ctr,Twin Falls,ID,HSI00000934,Saint Lukes,1,1,nonprofit,175,0,https://www.ahrq.gov/sites/default/files/wysiwyg/chsp/compendium/chsp-hospital-linkage-2023.xlsx
133025,CHSP00006544,St. Luke's Rehabilitation Hospital,Boise,ID,HSI00000934,Saint Lukes,0,,,,,https://www.ahrq.gov/sites/default/files/wysiwyg/chsp/compendium/chsp-hospital-linkage-2023.xlsx
131311,CHSP00006525,St. Lukes Elmore Medical Center,Mountain Home,ID,HSI00000934,Saint Lukes,1,1,nonprofit,20,0,https://www.ahrq.gov/sites/default/files/wysiwyg/chsp/compendium/chsp-hospital-linkage-2023.xlsx
131310,CHSP00006536,St. Lukes Jerome Ltd,Jerome,ID,HSI00000934,Saint Lukes,1,1,nonprofit,15,0,https://www.ahrq.gov/sites/default/files/wysiwyg/chsp/compendium/chsp-hospital-linkage-2023.xlsx
131312,CHSP00006539,St. Lukes Mccall,Mccall,ID,HSI00000934,Saint Lukes,1,1,nonprofit,15,0,https://www.ahrq.gov/sites/default/files/wysiwyg/chsp/compendium/chsp-hospital-linkage-2023.xlsx
130071,CHSP00008319,St. Lukes Nampa Medical Center,Nampa,ID,HSI00000934,Saint Lukes,1,1,nonprofit,87,0,https://www.ahrq.gov/sites/default/files/wysiwyg/chsp/compendium/chsp-hospital-linkage-2023.xlsx
130006,CHSP00006542,St. Lukes Regional Medical Center,Boise,ID,HSI00000934,Saint Lukes,1,1,nonprofit,560,0,https://www.ahrq.gov/sites/default/files/wysiwyg/chsp/compendium/chsp-hospital-linkage-2023.xlsx
131323,CHSP00006549,St. Lukes Wood River Medical Center,Ketchum,ID,HSI00000934,Saint Lukes,1,1,nonprofit,25,0,https://www.ahrq.gov/sites/default/files/wysiwyg/chsp/compendium/chsp-hospital-linkage-2023.xlsx
171373,CHSP00000136,Allen County Regional Hospital,Iola,KS,HSI00000935,Saint Lukes Health System,1,3,public/government,25,0,https://www.ahrq.gov/sites/default/files/wysiwyg/chsp/compendium/chsp-hospital-linkage-2023.xlsx
171316,CHSP00000181,Anderson County Hospital,Garnett,KS,HSI00000935,Saint Lukes Health System,1,1,nonprofit,12,0,https://www.ahrq.gov/sites/default/files/wysiwyg/chsp/compendium/chsp-hospital-linkage-2023.xlsx
170185,CHSP00005757,St. Lukes South,Overland Park,KS,HSI00000935,Saint Lukes Health System,1,1,nonprofit,91,0,https://www.ahrq.gov/sites/default/files/wysiwyg/chsp/compendium/chsp-hospital-linkage-2023.xlsx
264018,CHSP00001540,Crittenton Childrens Center,Kansas City,MO,HSI00000935,Saint Lukes Health System,0,,,,,https://www.ahrq.gov/sites/default/files/wysiwyg/chsp/compendium/chsp-hospital-linkage-2023.xlsx
261321,CHSP00002616,Hedrick Medical Center,Chillicothe,MO,HSI00000935,Saint Lukes Health System,1,1,nonprofit,25,0,https://www.ahrq.gov/sites/default/files/wysiwyg/chsp/compendium/chsp-hospital-linkage-2023.xlsx
260211,CHSP00005759,Saint Lukes Cancer Institute Llc,Kansas City,MO,HSI00000935,Saint Lukes Health System,0,,,,,https://www.ahrq.gov/sites/default/files/wysiwyg/chsp/compendium/chsp-hospital-linkage-2023.xlsx
268539,CHSP00008261,Saint Lukes Health System,Chillicothe,MO,HSI00000935,Saint Lukes Health System,1,,,,,https://www.ahrq.gov/sites/default/files/wysiwyg/chsp/compendium/chsp-hospital-linkage-2023.xlsx
260138,CHSP00005754,Saint Lukes Hospital Of Kansas City,Kansas City,MO,HSI00000935,Saint Lukes Health System,1,2,church-operated,466,0,https://www.ahrq.gov/sites/default/files/wysiwyg/chsp/compendium/chsp-hospital-linkage-2023.xlsx
260062,CHSP00005756,Saint Lukes North Hospital,Kansas City,MO,HSI00000935,Saint Lukes Health System,1,1,nonprofit,108,0,https://www.ahrq.gov/sites/default/files/wysiwyg/chsp/compendium/chsp-hospital-linkage-2023.xlsx
260216,CHSP00005753,St. Lukes East - Lees Summit,Lee's Summit,MO,HSI00000935,Saint Lukes Health System,1,1,nonprofit,216,0,https://www.ahrq.gov/sites/default/files/wysiwyg/chsp/compendium/chsp-hospital-linkage-2023.xlsx
261309,CHSP00007821,Wright Memorial Hospital,Trenton,MO,HSI00000935,Saint Lukes Health System,1,1,nonprofit,21,0,https://www.ahrq.gov/sites/default/files/wysiwyg/chsp/compendium/chsp-hospital-linkage-2023.xlsx
310060,CHSP00006535,St Lukes Warren Hospital,Phillipsburg,NJ,HSI00000936,Saint Lukes University Health Network,1,1,nonprofit,92,0,https://www.ahrq.gov/sites/default/files/wysiwyg/chsp/compendium/chsp-hospital-linkage-2023.xlsx
390332,CHSP00008450,Geisinger Stlukes,Orwigsburg,PA,HSI00000936,Saint Lukes University Health Network,1,1,nonprofit,60,0,https://www.ahrq.gov/sites/default/files/wysiwyg/chsp/compendium/chsp-hospital-linkage-2023.xlsx
390183,CHSP00006532,Miners Memorial Medical Center,Coaldale,PA,HSI00000936,Saint Lukes University Health Network,1,1,nonprofit,49,0,https://www.ahrq.gov/sites/default/files/wysiwyg/chsp/compendium/chsp-hospital-linkage-2023.xlsx
390035,CHSP00006533,Quakertown Community Hospital,Quakertown,PA,HSI00000936,Saint Lukes University Health Network,1,1,nonprofit,86,0,https://www.ahrq.gov/sites/default/files/wysiwyg/chsp/compendium/chsp-hospital-linkage-2023.xlsx
390194,CHSP00000637,Saint Lukes Hospital Lehighton Campus,Lehighton,PA,HSI00000936,Saint Lukes University Health Network,1,,,,,https://www.ahrq.gov/sites/default/files/wysiwyg/chsp/compendium/chsp-hospital-linkage-2023.xlsx
390197,CHSP00005674,Saint Lukes Sacred Heart Campus,Allentown,PA,HSI00000936,Saint Lukes University Health Network,1,,,,,https://www.ahrq.gov/sites/default/files/wysiwyg/chsp/compendium/chsp-hospital-linkage-2023.xlsx
390326,CHSP00006531,St Luke Hospital Anderson Campus,Easton,PA,HSI00000936,Saint Lukes University Health Network,1,1,nonprofit,193,0,https://www.ahrq.gov/sites/default/files/wysiwyg/chsp/compendium/chsp-hospital-linkage-2023.xlsx
390162,CHSP00001796,St Lukes Hospital - Easton Campus,Easton,PA,HSI00000936,Saint Lukes University Health Network,1,1,nonprofit,29,0,https://www.ahrq.gov/sites/default/files/wysiwyg/chsp/compendium/chsp-hospital-linkage-2023.xlsx
390335,CHSP00008849,St Lukes Hospital-Carbon Campus,Lehighton,PA,HSI00000936,Saint Lukes University Health Network,1,1,nonprofit,52,0,https://www.ahrq.gov/sites/default/files/wysiwyg/chsp/compendium/chsp-hospital-linkage-2023.xlsx
390049,CHSP00006548,St. Lukes Hospital,Bethlehem,PA,HSI00000936,Saint Lukes University Health Network,1,1,nonprofit,633,0,https://www.ahrq.gov/sites/default/files/wysiwyg/chsp/compendium/chsp-hospital-linkage-2023.xlsx
390330,CHSP00008318,St. Lukes Hospital - Monroe Campus,Stroudsburg,PA,HSI00000936,Saint Lukes University Health Network,1,1,nonprofit,98,0,https://www.ahrq.gov/sites/default/files/wysiwyg/chsp/compendium/chsp-hospital-linkage-2023.xlsx
241308,CHSP00003372,Lake View Memorial Hospital,Two Harbors,MN,HSI00000937,Saint Lukes Hospital of Duluth,1,1,nonprofit,16,0,https://www.ahrq.gov/sites/default/files/wysiwyg/chsp/compendium/chsp-hospital-linkage-2023.xlsx
240047,CHSP00006528,St. Lukes Hospital Of Duluth,Duluth,MN,HSI00000937,Saint Lukes Hospital of Duluth,1,1,nonprofit,238,0,https://www.ahrq.gov/sites/default/files/wysiwyg/chsp/compendium/chsp-hospital-linkage-2023.xlsx
310070,CHSP00005772,St. Peters University Hospital,New Brunswick,NJ,HSI00000942,Saint Peters Healthcare System,1,1,nonprofit,352,0,https://www.ahrq.gov/sites/default/files/wysiwyg/chsp/compendium/chsp-hospital-linkage-2023.xlsx
270003,CHSP00006585,St. Peters Hospital,Helena,MT,HSI00000943,Saint Peters Health,1,1,nonprofit,125,0,https://www.ahrq.gov/sites/default/files/wysiwyg/chsp/compendium/chsp-hospital-linkage-2023.xlsx
381308,CHSP00005795,Salem Health West Valley,Dallas,OR,HSI00000947,Salem Health Hospitals and Clinics,1,1,nonprofit,39,0,https://www.ahrq.gov/sites/default/files/wysiwyg/chsp/compendium/chsp-hospital-linkage-2023.xlsx
380051,CHSP00005796,Salem Hospital,Salem,OR,HSI00000947,Salem Health Hospitals and Clinics,1,1,nonprofit,520,0,https://www.ahrq.gov/sites/default/files/wysiwyg/chsp/compendium/chsp-hospital-linkage-2023.xlsx
171349,CHSP00001281,Cloud County Health Center,Concordia,KS,HSI00000948,Salina Regional Health Center,1,1,nonprofit,15,0,https://www.ahrq.gov/sites/default/files/wysiwyg/chsp/compendium/chsp-hospital-linkage-2023.xlsx
171358,CHSP00003544,Lindsborg Community Hospital,Lindsborg,KS,HSI00000948,Salina Regional Health Center,1,1,nonprofit,14,0,https://www.ahrq.gov/sites/default/files/wysiwyg/chsp/compendium/chsp-hospital-linkage-2023.xlsx
170012,CHSP00005802,Salina Regional Health Center,Salina,KS,HSI00000948,Salina Regional Health Center,1,2,church-operated,177,0,https://www.ahrq.gov/sites/default/files/wysiwyg/chsp/compendium/chsp-hospital-linkage-2023.xlsx
170187,CHSP00005803,Salina Surgical Hospital,Salina,KS,HSI00000948,Salina Regional Health Center,0,5,for-profit,16,0,https://www.ahrq.gov/sites/default/files/wysiwyg/chsp/compendium/chsp-hospital-linkage-2023.xlsx
380014,CHSP00002245,Good Samaritan Hospital Corvallis,Corvallis,OR,HSI00000951,Samaritan Health Services,1,1,nonprofit,169,0,https://www.ahrq.gov/sites/default/files/wysiwyg/chsp/compendium/chsp-hospital-linkage-2023.xlsx
381302,CHSP00005814,North Lincoln Hospital,Lincoln City,OR,HSI00000951,Samaritan Health Services,1,1,nonprofit,12,0,https://www.ahrq.gov/sites/default/files/wysiwyg/chsp/compendium/chsp-hospital-linkage-2023.xlsx
380022,CHSP00005808,Samaritan Albany General Hospital,Albany,OR,HSI00000951,Samaritan Health Services,1,1,nonprofit,67,0,https://www.ahrq.gov/sites/default/files/wysiwyg/chsp/compendium/chsp-hospital-linkage-2023.xlsx
381323,CHSP00005811,Samaritan Lebanon Comm Hospital,Lebanon,OR,HSI00000951,Samaritan Health Services,1,1,nonprofit,25,0,https://www.ahrq.gov/sites/default/files/wysiwyg/chsp/compendium/chsp-hospital-linkage-2023.xlsx
381314,CHSP00005815,Samaritan Pacific Comm Hospital,Newport,OR,HSI00000951,Samaritan Health Services,1,1,nonprofit,25,0,https://www.ahrq.gov/sites/default/files/wysiwyg/chsp/compendium/chsp-hospital-linkage-2023.xlsx
331307,CHSP00001275,Clifton-Fine Hospital,Star Lake,NY,HSI00000952,Samaritan Health,1,1,nonprofit,20,0,https://www.ahrq.gov/sites/default/files/wysiwyg/chsp/compendium/chsp-hospital-linkage-2023.xlsx
330157,CHSP00005812,Samaritan Medical Center,Watertown,NY,HSI00000952,Samaritan Health,1,1,nonprofit,165,0,https://www.ahrq.gov/sites/default/files/wysiwyg/chsp/compendium/chsp-hospital-linkage-2023.xlsx
050099,CHSP00005824,San Antonio Regional Hospital,Upland,CA,HSI00000954,San Antonio Regional Hospital,1,1,nonprofit,363,0,https://www.ahrq.gov/sites/default/files/wysiwyg/chsp/compendium/chsp-hospital-linkage-2023.xlsx
320005,CHSP00005843,San Juan Regional Medical Center,Farmington,NM,HSI00000956,San Juan Regional Medical Center,1,1,nonprofit,191,1,https://www.ahrq.gov/sites/default/files/wysiwyg/chsp/compendium/chsp-hospital-linkage-2023.xlsx
323029,CHSP00005844,San Juan Regional Rehabilitation Hospital,Farmington,NM,HSI00000956,San Juan Regional Medical Center,0,,,,,https://www.ahrq.gov/sites/default/files/wysiwyg/chsp/compendium/chsp-hospital-linkage-2023.xlsx
161360,CHSP00004833,Orange City Municipal Hospital,Orange City,IA,HSI00000958,Sanford Health,1,3,public/government,25,0,https://www.ahrq.gov/sites/default/files/wysiwyg/chsp/compendium/chsp-hospital-linkage-2023.xlsx
161381,CHSP00005871,Sanford Medical Center Sheldon,Sheldon,IA,HSI00000958,Sanford Health,1,1,nonprofit,25,0,https://www.ahrq.gov/sites/default/files/wysiwyg/chsp/compendium/chsp-hospital-linkage-2023.xlsx
241300,CHSP00003673,Mahnomen Health Center,Mahnomen,MN,HSI00000958,Sanford Health,1,1,nonprofit,10,0,https://www.ahrq.gov/sites/default/files/wysiwyg/chsp/compendium/chsp-hospital-linkage-2023.xlsx
243850,CHSP00008154,Mahnomen Health Center,Mahnomen,MN,HSI00000958,Sanford Health,1,,,,,https://www.ahrq.gov/sites/default/files/wysiwyg/chsp/compendium/chsp-hospital-linkage-2023.xlsx
241319,CHSP00004386,Murray County Memorial Hospital,Slayton,MN,HSI00000958,Sanford Health,1,3,public/government,21,0,https://www.ahrq.gov/sites/default/files/wysiwyg/chsp/compendium/chsp-hospital-linkage-2023.xlsx
241342,CHSP00004855,Ortonville Area Health Services,Ortonville,MN,HSI00000958,Sanford Health,1,3,public/government,25,0,https://www.ahrq.gov/sites/default/files/wysiwyg/chsp/compendium/chsp-hospital-linkage-2023.xlsx
241373,CHSP00005062,Perham Health,Perham,MN,HSI00000958,Sanford Health,1,3,public/government,25,0,https://www.ahrq.gov/sites/default/files/wysiwyg/chsp/compendium/chsp-hospital-linkage-2023.xlsx
248060,CHSP00008207,Perham Hospital District,Perham,MN,HSI00000958,Sanford Health,1,,,,,https://www.ahrq.gov/sites/default/files/wysiwyg/chsp/compendium/chsp-hospital-linkage-2023.xlsx
241328,CHSP00005854,Sanford Bagley Medical Center,Bagley,MN,HSI00000958,Sanford Health,1,1,nonprofit,25,0,https://www.ahrq.gov/sites/default/files/wysiwyg/chsp/compendium/chsp-hospital-linkage-2023.xlsx
244018,CHSP00008308,Sanford Behavioral Health,Thief River Falls,MN,HSI00000958,Sanford Health,0,1,nonprofit,16,0,https://www.ahrq.gov/sites/default/files/wysiwyg/chsp/compendium/chsp-hospital-linkage-2023.xlsx
240100,CHSP00005855,Sanford Bemidji,Bemidji,MN,HSI00000958,Sanford Health,1,1,nonprofit,105,0,https://www.ahrq.gov/sites/default/files/wysiwyg/chsp/compendium/chsp-hospital-linkage-2023.xlsx
247160,CHSP00008270,Sanford Canby Medical Center,Canby,MN,HSI00000958,Sanford Health,1,,,,,https://www.ahrq.gov/sites/default/files/wysiwyg/chsp/compendium/chsp-hospital-linkage-2023.xlsx
241347,CHSP00005857,Sanford Hospital Canby,Canby,MN,HSI00000958,Sanford Health,1,1,nonprofit,25,0,https://www.ahrq.gov/sites/default/files/wysiwyg/chsp/compendium/chsp-hospital-linkage-2023.xlsx
241371,CHSP00005866,Sanford Hospital Luverne,Luverne,MN,HSI00000958,Sanford Health,1,1,nonprofit,25,0,https://www.ahrq.gov/sites/default/files/wysiwyg/chsp/compendium/chsp-hospital-linkage-2023.xlsx
241303,CHSP00005873,Sanford Hospital Tracy,Tracy,MN,HSI00000958,Sanford Health,1,1,nonprofit,18,0,https://www.ahrq.gov/sites/default/files/wysiwyg/chsp/compendium/chsp-hospital-linkage-2023.xlsx
241315,CHSP00005865,Sanford Medical Center Jackson,Jackson,MN,HSI00000958,Sanford Health,1,1,nonprofit,14,0,https://www.ahrq.gov/sites/default/files/wysiwyg/chsp/compendium/chsp-hospital-linkage-2023.xlsx
241302,CHSP00005877,Sanford Medical Center Westbrook,Westbrook,MN,HSI00000958,Sanford Health,1,1,nonprofit,8,0,https://www.ahrq.gov/sites/default/files/wysiwyg/chsp/compendium/chsp-hospital-linkage-2023.xlsx
241304,CHSP00005878,Sanford Medical Center Wheaton,Wheaton,MN,HSI00000958,Sanford Health,1,1,nonprofit,15,0,https://www.ahrq.gov/sites/default/files/wysiwyg/chsp/compendium/chsp-hospital-linkage-2023.xlsx
240022,CHSP00005879,Sanford Regional Hospital Worthingto,Worthington,MN,HSI00000958,Sanford Health,1,1,nonprofit,48,0,https://www.ahrq.gov/sites/default/files/wysiwyg/chsp/compendium/chsp-hospital-linkage-2023.xlsx
241381,CHSP00005869,Sanford Thief River Falls,Thief River Falls,MN,HSI00000958,Sanford Health,1,1,nonprofit,25,0,https://www.ahrq.gov/sites/default/files/wysiwyg/chsp/compendium/chsp-hospital-linkage-2023.xlsx
241332,CHSP00007772,Windom Area Hospital,Windom,MN,HSI00000958,Sanford Health,1,3,public/government,18,0,https://www.ahrq.gov/sites/default/files/wysiwyg/chsp/compendium/chsp-hospital-linkage-2023.xlsx
271334,CHSP00003498,Logan Health Chester,Chester,MT,HSI00000958,Sanford Health,1,,,,,https://www.ahrq.gov/sites/default/files/wysiwyg/chsp/compendium/chsp-hospital-linkage-2023.xlsx
351312,CHSP00004680,Northwood Deaconess Health Center,Northwood,ND,HSI00000958,Sanford Health,1,1,nonprofit,12,0,https://www.ahrq.gov/sites/default/files/wysiwyg/chsp/compendium/chsp-hospital-linkage-2023.xlsx
350015,CHSP00005856,Sanford Bismarck,Bismarck,ND,HSI00000958,Sanford Health,1,1,nonprofit,223,0,https://www.ahrq.gov/sites/default/files/wysiwyg/chsp/compendium/chsp-hospital-linkage-2023.xlsx
351329,CHSP00005864,Sanford Hillsboro,Hillsboro,ND,HSI00000958,Sanford Health,1,1,nonprofit,16,0,https://www.ahrq.gov/sites/default/files/wysiwyg/chsp/compendium/chsp-hospital-linkage-2023.xlsx
351309,CHSP00005867,Sanford Mayville,Mayville,ND,HSI00000958,Sanford Health,1,1,nonprofit,25,0,https://www.ahrq.gov/sites/default/files/wysiwyg/chsp/compendium/chsp-hospital-linkage-2023.xlsx
350011,CHSP00005868,Sanford Medical Center - Fargo,Fargo,ND,HSI00000958,Sanford Health,1,1,nonprofit,493,0,https://www.ahrq.gov/sites/default/files/wysiwyg/chsp/compendium/chsp-hospital-linkage-2023.xlsx
351330,CHSP00007666,West River Regional Medical Center,Hettinger,ND,HSI00000958,Sanford Health,1,1,nonprofit,25,0,https://www.ahrq.gov/sites/default/files/wysiwyg/chsp/compendium/chsp-hospital-linkage-2023.xlsx
431309,CHSP00001397,Community Memorial Hospital,Burke,SD,HSI00000958,Sanford Health,1,1,nonprofit,16,0,https://www.ahrq.gov/sites/default/files/wysiwyg/chsp/compendium/chsp-hospital-linkage-2023.xlsx
431339,CHSP00001496,Coteau Des Prairies,Sisseton,SD,HSI00000958,Sanford Health,1,1,nonprofit,25,0,https://www.ahrq.gov/sites/default/files/wysiwyg/chsp/compendium/chsp-hospital-linkage-2023.xlsx
437067,CHSP00007943,Coteau Des Prairies Health Care System Hospital,Sisseton,SD,HSI00000958,Sanford Health,1,,,,,https://www.ahrq.gov/sites/default/files/wysiwyg/chsp/compendium/chsp-hospital-linkage-2023.xlsx
431328,CHSP00005143,Pioneer Memorial Hospital And Health,Viborg,SD,HSI00000958,Sanford Health,1,1,nonprofit,12,0,https://www.ahrq.gov/sites/default/files/wysiwyg/chsp/compendium/chsp-hospital-linkage-2023.xlsx
430097,CHSP00005853,Sanford Aberdeen Medical Center,Aberdeen,SD,HSI00000958,Sanford Health,1,1,nonprofit,48,0,https://www.ahrq.gov/sites/default/files/wysiwyg/chsp/compendium/chsp-hospital-linkage-2023.xlsx
431329,CHSP00005859,Sanford Chamberlain Medical Center,Chamberlain,SD,HSI00000958,Sanford Health,1,1,nonprofit,25,0,https://www.ahrq.gov/sites/default/files/wysiwyg/chsp/compendium/chsp-hospital-linkage-2023.xlsx
431311,CHSP00005876,Sanford Hospital Webster,Webster,SD,HSI00000958,Sanford Health,1,1,nonprofit,25,0,https://www.ahrq.gov/sites/default/files/wysiwyg/chsp/compendium/chsp-hospital-linkage-2023.xlsx
431333,CHSP00005858,Sanford Medical Center Canton,Canton,SD,HSI00000958,Sanford Health,1,1,nonprofit,11,0,https://www.ahrq.gov/sites/default/files/wysiwyg/chsp/compendium/chsp-hospital-linkage-2023.xlsx
431307,CHSP00005862,Sanford Medical Center Clear Lake,Clear Lake,SD,HSI00000958,Sanford Health,1,1,nonprofit,10,0,https://www.ahrq.gov/sites/default/files/wysiwyg/chsp/compendium/chsp-hospital-linkage-2023.xlsx
431336,CHSP00005875,Sanford Medical Center Vermillion,Vermillion,SD,HSI00000958,Sanford Health,1,1,nonprofit,25,0,https://www.ahrq.gov/sites/default/files/wysiwyg/chsp/compendium/chsp-hospital-linkage-2023.xlsx
430027,CHSP00005874,Sanford Usd Medical Center,Sioux Falls,SD,HSI00000958,Sanford Health,1,1,nonprofit,452,0,https://www.ahrq.gov/sites/default/files/wysiwyg/chsp/compendium/chsp-hospital-linkage-2023.xlsx
431334,CHSP00007778,Winner Regional Healthcare Center,Winner,SD,HSI00000958,Sanford Health,1,1,nonprofit,25,0,https://www.ahrq.gov/sites/default/files/wysiwyg/chsp/compendium/chsp-hospital-linkage-2023.xlsx
437009,CHSP00008378,Winner Regional Healthcare Center,Winner,SD,HSI00000958,Sanford Health,1,,,,,https://www.ahrq.gov/sites/default/files/wysiwyg/chsp/compendium/chsp-hospital-linkage-2023.xlsx
140189,CHSP00005890,Sarah Bush Lincoln Health Center,Mattoon,IL,HSI00000961,Sarah Bush Lincoln Health System,1,1,nonprofit,100,0,https://www.ahrq.gov/sites/default/files/wysiwyg/chsp/compendium/chsp-hospital-linkage-2023.xlsx
050424,CHSP00005926,Scripps Green Hospital,La Jolla,CA,HSI00000968,Scripps Health,1,1,nonprofit,150,0,https://www.ahrq.gov/sites/default/files/wysiwyg/chsp/compendium/chsp-hospital-linkage-2023.xlsx
050324,CHSP00005928,Scripps Memorial Hospital - La Jolla,La Jolla,CA,HSI00000968,Scripps Health,1,1,nonprofit,405,0,https://www.ahrq.gov/sites/default/files/wysiwyg/chsp/compendium/chsp-hospital-linkage-2023.xlsx
050503,CHSP00005927,Scripps Memorial Hospital-Encinitas,Encinitas,CA,HSI00000968,Scripps Health,1,1,nonprofit,177,0,https://www.ahrq.gov/sites/default/files/wysiwyg/chsp/compendium/chsp-hospital-linkage-2023.xlsx
050077,CHSP00005929,Scripps Mercy Hospital,San Diego,CA,HSI00000968,Scripps Health,1,1,nonprofit,487,1,https://www.ahrq.gov/sites/default/files/wysiwyg/chsp/compendium/chsp-hospital-linkage-2023.xlsx
050270,CHSP00005930,Scripps Mercy Hospital Chula Vista,Chula Vista,CA,HSI00000968,Scripps Health,1,,,,,https://www.ahrq.gov/sites/default/files/wysiwyg/chsp/compendium/chsp-hospital-linkage-2023.xlsx
503300,CHSP00005934,Seattle Childrens Hospital,Seattle,WA,HSI00000969,Seattle Childrens Hospital Research and Foundation,1,1,nonprofit,370,0,https://www.ahrq.gov/sites/default/files/wysiwyg/chsp/compendium/chsp-hospital-linkage-2023.xlsx
340109,CHSP00006043,Sentara Albemarle Regl Med Ctr Llc,Elizabeth City,NC,HSI00000972,Sentara Healthcare,1,1,nonprofit,98,0,https://www.ahrq.gov/sites/default/files/wysiwyg/chsp/compendium/chsp-hospital-linkage-2023.xlsx
490013,CHSP00006045,Halifax Regional Hospital,South Boston,VA,HSI00000972,Sentara Healthcare,1,1,nonprofit,44,0,https://www.ahrq.gov/sites/default/files/wysiwyg/chsp/compendium/chsp-hospital-linkage-2023.xlsx
492007,CHSP00002788,Hospital For Extended Recovery,Norfolk,VA,HSI00000972,Sentara Healthcare,0,1,nonprofit,35,0,https://www.ahrq.gov/sites/default/files/wysiwyg/chsp/compendium/chsp-hospital-linkage-2023.xlsx
490093,CHSP00006044,Sentara Careplex Hospital,Hampton,VA,HSI00000972,Sentara Healthcare,1,1,nonprofit,169,0,https://www.ahrq.gov/sites/default/files/wysiwyg/chsp/compendium/chsp-hospital-linkage-2023.xlsx
490046,CHSP00006047,Sentara Leigh Hospital,Norfolk,VA,HSI00000972,Sentara Healthcare,1,1,nonprofit,274,0,https://www.ahrq.gov/sites/default/files/wysiwyg/chsp/compendium/chsp-hospital-linkage-2023.xlsx
490077,CHSP00003728,Sentara Martha Jefferson Hospital,Charlottesville,VA,HSI00000972,Sentara Healthcare,1,1,nonprofit,150,0,https://www.ahrq.gov/sites/default/files/wysiwyg/chsp/compendium/chsp-hospital-linkage-2023.xlsx
490007,CHSP00006048,Sentara Norfolk General Hospital,Norfolk,VA,HSI00000972,Sentara Healthcare,1,1,nonprofit,472,0,https://www.ahrq.gov/sites/default/files/wysiwyg/chsp/compendium/chsp-hospital-linkage-2023.xlsx
490113,CHSP00006049,Sentara Northern Virginia Med Ctr,Woodbridge,VA,HSI00000972,Sentara Healthcare,1,1,nonprofit,147,0,https://www.ahrq.gov/sites/default/files/wysiwyg/chsp/compendium/chsp-hospital-linkage-2023.xlsx
490044,CHSP00006050,Sentara Obici Hospital,Suffolk,VA,HSI00000972,Sentara Healthcare,1,1,nonprofit,186,0,https://www.ahrq.gov/sites/default/files/wysiwyg/chsp/compendium/chsp-hospital-linkage-2023.xlsx
490119,CHSP00006051,Sentara Princess Anne Hospital,Virginia Beach,VA,HSI00000972,Sentara Healthcare,1,1,nonprofit,174,0,https://www.ahrq.gov/sites/default/files/wysiwyg/chsp/compendium/chsp-hospital-linkage-2023.xlsx
490004,CHSP00006052,Sentara Rmh Medical Center,Harrisonburg,VA,HSI00000972,Sentara Healthcare,1,1,nonprofit,238,0,https://www.ahrq.gov/sites/default/files/wysiwyg/chsp/compendium/chsp-hospital-linkage-2023.xlsx
490057,CHSP00006053,Sentara Va. Beach General Hospital,Virginia Beach,VA,HSI00000972,Sentara Healthcare,1,1,nonprofit,239,0,https://www.ahrq.gov/sites/default/files/wysiwyg/chsp/compendium/chsp-hospital-linkage-2023.xlsx
490066,CHSP00006054,Sentara Williamsburg Regional Medica,Williamsburg,VA,HSI00000972,Sentara Healthcare,1,1,nonprofit,123,0,https://www.ahrq.gov/sites/default/files/wysiwyg/chsp/compendium/chsp-hospital-linkage-2023.xlsx
450571,CHSP00006082,Shannon Medical Center,San Angelo,TX,HSI00000975,Shannon Health System,1,1,nonprofit,340,0,https://www.ahrq.gov/sites/default/files/wysiwyg/chsp/compendium/chsp-hospital-linkage-2023.xlsx
450340,CHSP00005821,Shannon Medical Center South,San Angelo,TX,HSI00000975,Shannon Health System,1,,,,,https://www.ahrq.gov/sites/default/files/wysiwyg/chsp/compendium/chsp-hospital-linkage-2023.xlsx
050026,CHSP00006090,Grossmont Hospital,La Mesa,CA,HSI00000977,Sharp Healthcare,1,1,nonprofit,448,1,https://www.ahrq.gov/sites/default/files/wysiwyg/chsp/compendium/chsp-hospital-linkage-2023.xlsx
050222,CHSP00006088,Sharp Chula Vista Medical Center,Chula Vista,CA,HSI00000977,Sharp Healthcare,1,1,nonprofit,349,1,https://www.ahrq.gov/sites/default/files/wysiwyg/chsp/compendium/chsp-hospital-linkage-2023.xlsx
050234,CHSP00006089,Sharp Coronado Hospital,Coronado,CA,HSI00000977,Sharp Healthcare,1,1,nonprofit,59,1,https://www.ahrq.gov/sites/default/files/wysiwyg/chsp/compendium/chsp-hospital-linkage-2023.xlsx
050722,CHSP00006091,Sharp Mary Birch Hospital For Women And Newborns,San Diego,CA,HSI00000977,Sharp Healthcare,1,,,,,https://www.ahrq.gov/sites/default/files/wysiwyg/chsp/compendium/chsp-hospital-linkage-2023.xlsx
050100,CHSP00006093,Sharp Memorial Hospital,San Diego,CA,HSI00000977,Sharp Healthcare,1,1,nonprofit,745,0,https://www.ahrq.gov/sites/default/files/wysiwyg/chsp/compendium/chsp-hospital-linkage-2023.xlsx
054145,CHSP00006094,Sharp Mesa Vista Hospital,San Diego,CA,HSI00000977,Sharp Healthcare,0,1,nonprofit,159,0,https://www.ahrq.gov/sites/default/files/wysiwyg/chsp/compendium/chsp-hospital-linkage-2023.xlsx
053310,CHSP00006127,Shriners For Children Medical Center,Pasadena,CA,HSI00000981,Shriners Hospitals for Children,0,,,,,https://www.ahrq.gov/sites/default/files/wysiwyg/chsp/compendium/chsp-hospital-linkage-2023.xlsx
053311,CHSP00006128,Shriners Hospital For Children North,Sacramento,CA,HSI00000981,Shriners Hospitals for Children,1,1,nonprofit,,,https://www.ahrq.gov/sites/default/files/wysiwyg/chsp/compendium/chsp-hospital-linkage-2023.xlsx
103303,CHSP00006136,Shriners Hospitals For Children-Tampa,Tampa,FL,HSI00000981,Shriners Hospitals for Children,0,,,,,https://www.ahrq.gov/sites/default/files/wysiwyg/chsp/compendium/chsp-hospital-linkage-2023.xlsx
123301,CHSP00006124,Shriners Hospital For Children,Honolulu,HI,HSI00000981,Shriners Hospitals for Children,0,5,for-profit,,,https://www.ahrq.gov/sites/default/files/wysiwyg/chsp/compendium/chsp-hospital-linkage-2023.xlsx
143302,CHSP00006120,Shriners Hospitals For Children,Chicago,IL,HSI00000981,Shriners Hospitals for Children,0,5,for-profit,,,https://www.ahrq.gov/sites/default/files/wysiwyg/chsp/compendium/chsp-hospital-linkage-2023.xlsx
193301,CHSP00006132,Shriners Hospitals For Children Shreveport,Shreveport,LA,HSI00000981,Shriners Hospitals for Children,0,,,,,https://www.ahrq.gov/sites/default/files/wysiwyg/chsp/compendium/chsp-hospital-linkage-2023.xlsx
223304,CHSP00006119,The Shriners Hospital For Children,Boston,MA,HSI00000981,Shriners Hospitals for Children,1,5,for-profit,,,https://www.ahrq.gov/sites/default/files/wysiwyg/chsp/compendium/chsp-hospital-linkage-2023.xlsx
223303,CHSP00006134,The Shriners Hospital For Children,Springfield,MA,HSI00000981,Shriners Hospitals for Children,0,5,for-profit,,,https://www.ahrq.gov/sites/default/files/wysiwyg/chsp/compendium/chsp-hospital-linkage-2023.xlsx
263304,CHSP00006135,Shriners Hospital For Children,Saint Louis,MO,HSI00000981,Shriners Hospitals for Children,0,5,for-profit,,,https://www.ahrq.gov/sites/default/files/wysiwyg/chsp/compendium/chsp-hospital-linkage-2023.xlsx
363308,CHSP00006121,Shriners Hospitals For Children - C,Dayton,OH,HSI00000981,Shriners Hospitals for Children,0,1,nonprofit,,,https://www.ahrq.gov/sites/default/files/wysiwyg/chsp/compendium/chsp-hospital-linkage-2023.xlsx
383300,CHSP00006130,Shriners Hospitals For Children,Portland,OR,HSI00000981,Shriners Hospitals for Children,0,5,for-profit,,,https://www.ahrq.gov/sites/default/files/wysiwyg/chsp/compendium/chsp-hospital-linkage-2023.xlsx
393309,CHSP00006129,Shriners Hospital For Children - Phi,Philadelphia,PA,HSI00000981,Shriners Hospitals for Children,0,5,for-profit,,,https://www.ahrq.gov/sites/default/files/wysiwyg/chsp/compendium/chsp-hospital-linkage-2023.xlsx
423300,CHSP00006123,Shriners Hospital For Children,Greenville,SC,HSI00000981,Shriners Hospitals for Children,0,5,for-profit,,,https://www.ahrq.gov/sites/default/files/wysiwyg/chsp/compendium/chsp-hospital-linkage-2023.xlsx
453311,CHSP00006122,Shriners Hospital For Children,Galveston,TX,HSI00000981,Shriners Hospitals for Children,1,2,church-operated,,,https://www.ahrq.gov/sites/default/files/wysiwyg/chsp/compendium/chsp-hospital-linkage-2023.xlsx
453312,CHSP00006125,Shriners Hospitals For Children Galveston,Galveston,TX,HSI00000981,Shriners Hospitals for Children,0,,,,,https://www.ahrq.gov/sites/default/files/wysiwyg/chsp/compendium/chsp-hospital-linkage-2023.xlsx
463302,CHSP00006131,Shriners Hospitals For Children-Salt Lake City,Salt Lake City,UT,HSI00000981,Shriners Hospitals for Children,0,,,,,https://www.ahrq.gov/sites/default/files/wysiwyg/chsp/compendium/chsp-hospital-linkage-2023.xlsx
503302,CHSP00006133,Shriners Hospitals For Children,Spokane,WA,HSI00000981,Shriners Hospitals for Children,0,5,for-profit,,,https://www.ahrq.gov/sites/default/files/wysiwyg/chsp/compendium/chsp-hospital-linkage-2023.xlsx
220052,CHSP00006149,Brockton Hospital  Inc.,Brockton,MA,HSI00000984,Signature Healthcare,1,1,nonprofit,175,1,https://www.ahrq.gov/sites/default/files/wysiwyg/chsp/compendium/chsp-hospital-linkage-2023.xlsx
140213,CHSP00006152,Silver Cross Hospital,New Lenox,IL,HSI00000985,Silver Cross Hospital,1,2,church-operated,320,0,https://www.ahrq.gov/sites/default/files/wysiwyg/chsp/compendium/chsp-hospital-linkage-2023.xlsx
140133,CHSP00002718,Holy Cross Hospital,Chicago,IL,HSI00000987,Sinai Health System,1,2,church-operated,155,1,https://www.ahrq.gov/sites/default/files/wysiwyg/chsp/compendium/chsp-hospital-linkage-2023.xlsx
140018,CHSP00004339,Mount Sinai Hospital Medical Center,Chicago,IL,HSI00000987,Sinai Health System,1,1,nonprofit,236,1,https://www.ahrq.gov/sites/default/files/wysiwyg/chsp/compendium/chsp-hospital-linkage-2023.xlsx
143025,CHSP00005911,Schwab Rehab Hosp & Care Network,Chicago,IL,HSI00000987,Sinai Health System,0,1,nonprofit,52,0,https://www.ahrq.gov/sites/default/files/wysiwyg/chsp/compendium/chsp-hospital-linkage-2023.xlsx
147072,CHSP00008692,Sinai Childrens Hospital,Chicago,IL,HSI00000987,Sinai Health System,1,,,,,https://www.ahrq.gov/sites/default/files/wysiwyg/chsp/compendium/chsp-hospital-linkage-2023.xlsx
380050,CHSP00006175,Sky Lakes Medical Center,Klamath Falls,OR,HSI00000994,Sky Lakes Medical Center,1,1,nonprofit,90,0,https://www.ahrq.gov/sites/default/files/wysiwyg/chsp/compendium/chsp-hospital-linkage-2023.xlsx
410008,CHSP00006210,South County Hospital,Wakefield,RI,HSI00000998,South County Health,1,1,nonprofit,79,0,https://www.ahrq.gov/sites/default/files/wysiwyg/chsp/compendium/chsp-hospital-linkage-2023.xlsx
220100,CHSP00006231,South Shore Hospital,South Weymouth,MA,HSI00001002,South Shore Health System,1,1,nonprofit,374,0,https://www.ahrq.gov/sites/default/files/wysiwyg/chsp/compendium/chsp-hospital-linkage-2023.xlsx
021314,CHSP00005647,Mt Edgecumbe Hospital,Sitka,AK,HSI00001003,Southeast Alaska Regional Health Consortium,1,4,other (undocumented),25,0,https://www.ahrq.gov/sites/default/files/wysiwyg/chsp/compendium/chsp-hospital-linkage-2023.xlsx
021304,CHSP00005076,Petersburg Medical Center,Petersburg,AK,HSI00001003,Southeast Alaska Regional Health Consortium,1,3,public/government,12,0,https://www.ahrq.gov/sites/default/files/wysiwyg/chsp/compendium/chsp-hospital-linkage-2023.xlsx
027009,CHSP00008210,Petersburg Medical Center,Petersburg,AK,HSI00001003,Southeast Alaska Regional Health Consortium,1,,,,,https://www.ahrq.gov/sites/default/files/wysiwyg/chsp/compendium/chsp-hospital-linkage-2023.xlsx
021305,CHSP00007818,Wrangell Medical Center,Wrangell,AK,HSI00001003,Southeast Alaska Regional Health Consortium,1,4,other (undocumented),8,0,https://www.ahrq.gov/sites/default/files/wysiwyg/chsp/compendium/chsp-hospital-linkage-2023.xlsx
220074,CHSP00006246,Southcoast Hospitals Group  Inc,Fall River,MA,HSI00001004,Southcoast Health System,1,1,nonprofit,635,0,https://www.ahrq.gov/sites/default/files/wysiwyg/chsp/compendium/chsp-hospital-linkage-2023.xlsx
110025,CHSP00006249,Sghs - Brunswick Campus,Brunswick,GA,HSI00001006,Southeast Georgia Health System,1,1,nonprofit,300,0,https://www.ahrq.gov/sites/default/files/wysiwyg/chsp/compendium/chsp-hospital-linkage-2023.xlsx
110146,CHSP00006250,Sghs - Camden Campus,Saint Marys,GA,HSI00001006,Southeast Georgia Health System,1,1,nonprofit,40,0,https://www.ahrq.gov/sites/default/files/wysiwyg/chsp/compendium/chsp-hospital-linkage-2023.xlsx
260110,CHSP00006254,Southeasthealth,Cape Girardeau,MO,HSI00001007,Southeast Health,1,1,nonprofit,232,0,https://www.ahrq.gov/sites/default/files/wysiwyg/chsp/compendium/chsp-hospital-linkage-2023.xlsx
260160,CHSP00006252,Southeasthealth Center Of Stoddard C,Dexter,MO,HSI00001007,Southeast Health,1,1,nonprofit,43,1,https://www.ahrq.gov/sites/default/files/wysiwyg/chsp/compendium/chsp-hospital-linkage-2023.xlsx
140210,CHSP00002529,Harrisburg Medical Center  Inc.,Harrisburg,IL,HSI00001009,Southern Illinois Healthcare,1,1,nonprofit,40,0,https://www.ahrq.gov/sites/default/files/wysiwyg/chsp/compendium/chsp-hospital-linkage-2023.xlsx
140011,CHSP00002658,Herrin Hospital,Herrin,IL,HSI00001009,Southern Illinois Healthcare,1,1,nonprofit,85,0,https://www.ahrq.gov/sites/default/files/wysiwyg/chsp/compendium/chsp-hospital-linkage-2023.xlsx
140164,CHSP00003941,Memorial Hospital Of Carbondale,Carbondale,IL,HSI00001009,Southern Illinois Healthcare,1,1,nonprofit,175,0,https://www.ahrq.gov/sites/default/files/wysiwyg/chsp/compendium/chsp-hospital-linkage-2023.xlsx
141334,CHSP00006494,Saint Joseph Memorial Hospital,Murphysboro,IL,HSI00001009,Southern Illinois Healthcare,1,1,nonprofit,25,0,https://www.ahrq.gov/sites/default/files/wysiwyg/chsp/compendium/chsp-hospital-linkage-2023.xlsx
234045,CHSP00008736,Beaumont Behavioral Health,Dearborn,MI,HSI00001021,Corewell Health,0,5,for-profit,92,0,https://www.ahrq.gov/sites/default/files/wysiwyg/chsp/compendium/chsp-hospital-linkage-2023.xlsx
230089,CHSP00000538,Beaumont Health - Grosse Pointe,Grosse Pointe,MI,HSI00001021,Corewell Health,1,1,nonprofit,248,0,https://www.ahrq.gov/sites/default/files/wysiwyg/chsp/compendium/chsp-hospital-linkage-2023.xlsx
230176,CHSP00000541,Beaumont Health - Trenton,Trenton,MI,HSI00001021,Corewell Health,1,1,nonprofit,193,0,https://www.ahrq.gov/sites/default/files/wysiwyg/chsp/compendium/chsp-hospital-linkage-2023.xlsx
230142,CHSP00000543,Beaumont Health Wayne,Wayne,MI,HSI00001021,Corewell Health,1,1,nonprofit,97,0,https://www.ahrq.gov/sites/default/files/wysiwyg/chsp/compendium/chsp-hospital-linkage-2023.xlsx
230270,CHSP00000540,Beaumont Hospital - Taylor,Taylor,MI,HSI00001021,Corewell Health,1,1,nonprofit,99,0,https://www.ahrq.gov/sites/default/files/wysiwyg/chsp/compendium/chsp-hospital-linkage-2023.xlsx
231338,CHSP00006354,Corewell Health Gerber,Fremont,MI,HSI00001021,Corewell Health,1,1,nonprofit,25,0,https://www.ahrq.gov/sites/default/files/wysiwyg/chsp/compendium/chsp-hospital-linkage-2023.xlsx
238636,CHSP00008019,Corewell Health Gerber Memorial,Fremont,MI,HSI00001021,Corewell Health,1,,,,,https://www.ahrq.gov/sites/default/files/wysiwyg/chsp/compendium/chsp-hospital-linkage-2023.xlsx
230038,CHSP00006351,Corewell Health Grand Rapids Hospita,Grand Rapids,MI,HSI00001021,Corewell Health,1,1,nonprofit,1114,0,https://www.ahrq.gov/sites/default/files/wysiwyg/chsp/compendium/chsp-hospital-linkage-2023.xlsx
230035,CHSP00006361,Corewell Health Greenville Hospital,Greenville,MI,HSI00001021,Corewell Health,1,1,nonprofit,44,0,https://www.ahrq.gov/sites/default/files/wysiwyg/chsp/compendium/chsp-hospital-linkage-2023.xlsx
231339,CHSP00006357,Corewell Health Pennock Hospital,Hastings,MI,HSI00001021,Corewell Health,1,1,nonprofit,25,0,https://www.ahrq.gov/sites/default/files/wysiwyg/chsp/compendium/chsp-hospital-linkage-2023.xlsx
231323,CHSP00006358,Corewell Health Reed City,Reed City,MI,HSI00001021,Corewell Health,1,1,nonprofit,22,0,https://www.ahrq.gov/sites/default/files/wysiwyg/chsp/compendium/chsp-hospital-linkage-2023.xlsx
230130,CHSP00000539,Corewell Health Wm. Beaumont Univ,Royal Oak,MI,HSI00001021,Corewell Health,1,1,nonprofit,1026,0,https://www.ahrq.gov/sites/default/files/wysiwyg/chsp/compendium/chsp-hospital-linkage-2023.xlsx
230020,CHSP00000544,Corewell Health- Dearborn,Dearborn,MI,HSI00001021,Corewell Health,1,1,nonprofit,535,1,https://www.ahrq.gov/sites/default/files/wysiwyg/chsp/compendium/chsp-hospital-linkage-2023.xlsx
230151,CHSP00000537,Corewell Health- Farmington Hills,Farmington Hills,MI,HSI00001021,Corewell Health,1,1,nonprofit,209,0,https://www.ahrq.gov/sites/default/files/wysiwyg/chsp/compendium/chsp-hospital-linkage-2023.xlsx
230269,CHSP00000542,Corewell Health- Troy,Troy,MI,HSI00001021,Corewell Health,1,1,nonprofit,505,0,https://www.ahrq.gov/sites/default/files/wysiwyg/chsp/compendium/chsp-hospital-linkage-2023.xlsx
230078,CHSP00003376,Lakeland Community Hosp Watervliet,Watervliet,MI,HSI00001021,Corewell Health,1,1,nonprofit,26,1,https://www.ahrq.gov/sites/default/files/wysiwyg/chsp/compendium/chsp-hospital-linkage-2023.xlsx
230021,CHSP00003377,Lakeland Medical Center  St. Joseph,Saint Joseph,MI,HSI00001021,Corewell Health,1,1,nonprofit,270,0,https://www.ahrq.gov/sites/default/files/wysiwyg/chsp/compendium/chsp-hospital-linkage-2023.xlsx
230093,CHSP00006352,Spectrum Health Big Rapids,Big Rapids,MI,HSI00001021,Corewell Health,1,1,nonprofit,49,0,https://www.ahrq.gov/sites/default/files/wysiwyg/chsp/compendium/chsp-hospital-linkage-2023.xlsx
230110,CHSP00006356,Spectrum Health Ludington,Ludington,MI,HSI00001021,Corewell Health,1,1,nonprofit,45,0,https://www.ahrq.gov/sites/default/files/wysiwyg/chsp/compendium/chsp-hospital-linkage-2023.xlsx
238700,CHSP00008515,Spectrum Health Pennock,Hastings,MI,HSI00001021,Corewell Health,1,,,,,https://www.ahrq.gov/sites/default/files/wysiwyg/chsp/compendium/chsp-hospital-linkage-2023.xlsx
238504,CHSP00008516,Spectrum Health Reed City Campus,Reed City,MI,HSI00001021,Corewell Health,1,,,,,https://www.ahrq.gov/sites/default/files/wysiwyg/chsp/compendium/chsp-hospital-linkage-2023.xlsx
230003,CHSP00006362,Spectrum Health Zeeland,Zeeland,MI,HSI00001021,Corewell Health,1,1,nonprofit,55,0,https://www.ahrq.gov/sites/default/files/wysiwyg/chsp/compendium/chsp-hospital-linkage-2023.xlsx
232029,CHSP00006360,Ssh - Spectrum Health,Grand Rapids,MI,HSI00001021,Corewell Health,1,5,for-profit,36,0,https://www.ahrq.gov/sites/default/files/wysiwyg/chsp/compendium/chsp-hospital-linkage-2023.xlsx
070006,CHSP00006625,The Stamford Hospital,Stamford,CT,HSI00001032,Stamford Health,1,1,nonprofit,288,0,https://www.ahrq.gov/sites/default/files/wysiwyg/chsp/compendium/chsp-hospital-linkage-2023.xlsx
053305,CHSP00003627,Lucile Packard Childrens Hospital,Palo Alto,CA,HSI00001033,Stanford Health Care,1,1,nonprofit,394,0,https://www.ahrq.gov/sites/default/files/wysiwyg/chsp/compendium/chsp-hospital-linkage-2023.xlsx
050441,CHSP00006628,Stanford Health Care,Palo Alto,CA,HSI00001033,Stanford Health Care,1,1,nonprofit,657,0,https://www.ahrq.gov/sites/default/files/wysiwyg/chsp/compendium/chsp-hospital-linkage-2023.xlsx
050283,CHSP00006629,Stanford Health Care Tri-Valley,Pleasanton,CA,HSI00001033,Stanford Health Care,1,1,nonprofit,202,0,https://www.ahrq.gov/sites/default/files/wysiwyg/chsp/compendium/chsp-hospital-linkage-2023.xlsx
170074,CHSP00002166,Stormont Vail Health - Flint Hills Campus,Junction City,KS,HSI00001039,Stormont Vail Health,1,,,,,https://www.ahrq.gov/sites/default/files/wysiwyg/chsp/compendium/chsp-hospital-linkage-2023.xlsx
170086,CHSP00006672,Stormont-Vail Regional Health Center,Topeka,KS,HSI00001039,Stormont Vail Health,1,1,nonprofit,442,0,https://www.ahrq.gov/sites/default/files/wysiwyg/chsp/compendium/chsp-hospital-linkage-2023.xlsx
220008,CHSP00006686,Sturdy Memorial Hospital,Attleboro,MA,HSI00001041,Sturdy Memorial Hospital,1,1,nonprofit,125,0,https://www.ahrq.gov/sites/default/files/wysiwyg/chsp/compendium/chsp-hospital-linkage-2023.xlsx
363035,CHSP00006696,Summa  Rehab Hospital,Akron,OH,HSI00001043,Summa Health System,0,5,for-profit,60,0,https://www.ahrq.gov/sites/default/files/wysiwyg/chsp/compendium/chsp-hospital-linkage-2023.xlsx
360020,CHSP00006695,Summa Health System,Akron,OH,HSI00001043,Summa Health System,1,1,nonprofit,560,0,https://www.ahrq.gov/sites/default/files/wysiwyg/chsp/compendium/chsp-hospital-linkage-2023.xlsx
360019,CHSP00006694,Summa Health System Barberton,Barberton,OH,HSI00001043,Summa Health System,1,,,,,https://www.ahrq.gov/sites/default/files/wysiwyg/chsp/compendium/chsp-hospital-linkage-2023.xlsx
050305,CHSP00000156,Alta Bates Medical Center,Berkeley,CA,HSI00001050,Sutter Health,1,1,nonprofit,315,1,https://www.ahrq.gov/sites/default/files/wysiwyg/chsp/compendium/chsp-hospital-linkage-2023.xlsx
050047,CHSP00000873,California Pacific Medical Center,San Francisco,CA,HSI00001050,Sutter Health,1,1,nonprofit,274,0,https://www.ahrq.gov/sites/default/files/wysiwyg/chsp/compendium/chsp-hospital-linkage-2023.xlsx
050055,CHSP00006530,Cpmc - Mission Bernal Campus,San Francisco,CA,HSI00001050,Sutter Health,1,1,nonprofit,120,1,https://www.ahrq.gov/sites/default/files/wysiwyg/chsp/compendium/chsp-hospital-linkage-2023.xlsx
050008,CHSP00000876,Cpmc-R.K. Davies Medical Center,San Francisco,CA,HSI00001050,Sutter Health,1,1,nonprofit,105,0,https://www.ahrq.gov/sites/default/files/wysiwyg/chsp/compendium/chsp-hospital-linkage-2023.xlsx
050488,CHSP00001801,Eden Medical Center,Castro Valley,CA,HSI00001050,Sutter Health,1,1,nonprofit,126,0,https://www.ahrq.gov/sites/default/files/wysiwyg/chsp/compendium/chsp-hospital-linkage-2023.xlsx
050528,CHSP00003932,Memorial Hospital - Los Banos,Los Banos,CA,HSI00001050,Sutter Health,1,1,nonprofit,26,1,https://www.ahrq.gov/sites/default/files/wysiwyg/chsp/compendium/chsp-hospital-linkage-2023.xlsx
050557,CHSP00003954,Memorial Hospital Modesto,Modesto,CA,HSI00001050,Sutter Health,1,1,nonprofit,403,0,https://www.ahrq.gov/sites/default/files/wysiwyg/chsp/compendium/chsp-hospital-linkage-2023.xlsx
050754,CHSP00003967,Menlo Park Surgical Hospital,Menlo Park,CA,HSI00001050,Sutter Health,0,,,,,https://www.ahrq.gov/sites/default/files/wysiwyg/chsp/compendium/chsp-hospital-linkage-2023.xlsx
050007,CHSP00004211,Mills Peninsula Medical Center,Burlingame,CA,HSI00001050,Sutter Health,1,1,nonprofit,241,0,https://www.ahrq.gov/sites/default/files/wysiwyg/chsp/compendium/chsp-hospital-linkage-2023.xlsx
050131,CHSP00004708,Novato Community Hospital,Novato,CA,HSI00001050,Sutter Health,1,1,nonprofit,47,0,https://www.ahrq.gov/sites/default/files/wysiwyg/chsp/compendium/chsp-hospital-linkage-2023.xlsx
050726,CHSP00006631,Stanislaus Surgical,Modesto,CA,HSI00001050,Sutter Health,0,5,for-profit,23,0,https://www.ahrq.gov/sites/default/files/wysiwyg/chsp/compendium/chsp-hospital-linkage-2023.xlsx
050043,CHSP00000157,Summit Medical Center,Oakland,CA,HSI00001050,Sutter Health,1,1,nonprofit,251,1,https://www.ahrq.gov/sites/default/files/wysiwyg/chsp/compendium/chsp-hospital-linkage-2023.xlsx
050014,CHSP00006733,Sutter Amador Hospital,Jackson,CA,HSI00001050,Sutter Health,1,1,nonprofit,52,0,https://www.ahrq.gov/sites/default/files/wysiwyg/chsp/compendium/chsp-hospital-linkage-2023.xlsx
050498,CHSP00006734,Sutter Auburn Faith Hospital,Auburn,CA,HSI00001050,Sutter Health,1,1,nonprofit,64,0,https://www.ahrq.gov/sites/default/files/wysiwyg/chsp/compendium/chsp-hospital-linkage-2023.xlsx
054096,CHSP00006735,Sutter Center For Psychiatry,Sacramento,CA,HSI00001050,Sutter Health,0,1,nonprofit,73,0,https://www.ahrq.gov/sites/default/files/wysiwyg/chsp/compendium/chsp-hospital-linkage-2023.xlsx
050417,CHSP00006736,Sutter Coast Hospital,Crescent City,CA,HSI00001050,Sutter Health,1,1,nonprofit,39,0,https://www.ahrq.gov/sites/default/files/wysiwyg/chsp/compendium/chsp-hospital-linkage-2023.xlsx
050537,CHSP00006737,Sutter Davis Hospital,Davis,CA,HSI00001050,Sutter Health,1,1,nonprofit,57,0,https://www.ahrq.gov/sites/default/files/wysiwyg/chsp/compendium/chsp-hospital-linkage-2023.xlsx
050523,CHSP00006738,Sutter Delta Medical Center,Antioch,CA,HSI00001050,Sutter Health,1,1,nonprofit,119,1,https://www.ahrq.gov/sites/default/files/wysiwyg/chsp/compendium/chsp-hospital-linkage-2023.xlsx
051329,CHSP00006739,Sutter Lakeside Hospital,Lakeport,CA,HSI00001050,Sutter Health,1,1,nonprofit,25,0,https://www.ahrq.gov/sites/default/files/wysiwyg/chsp/compendium/chsp-hospital-linkage-2023.xlsx
050714,CHSP00006740,Sutter Maternity & Surgery Center,Santa Cruz,CA,HSI00001050,Sutter Health,1,1,nonprofit,28,0,https://www.ahrq.gov/sites/default/files/wysiwyg/chsp/compendium/chsp-hospital-linkage-2023.xlsx
050108,CHSP00006742,Sutter Medical Center - Sacramento,Sacramento,CA,HSI00001050,Sutter Health,1,1,nonprofit,523,1,https://www.ahrq.gov/sites/default/files/wysiwyg/chsp/compendium/chsp-hospital-linkage-2023.xlsx
050309,CHSP00006744,Sutter Roseville Medical Center,Roseville,CA,HSI00001050,Sutter Health,1,1,nonprofit,318,0,https://www.ahrq.gov/sites/default/files/wysiwyg/chsp/compendium/chsp-hospital-linkage-2023.xlsx
050291,CHSP00006745,Sutter Santa Rosa Regional Hospital,Santa Rosa,CA,HSI00001050,Sutter Health,1,1,nonprofit,124,0,https://www.ahrq.gov/sites/default/files/wysiwyg/chsp/compendium/chsp-hospital-linkage-2023.xlsx
050101,CHSP00006746,Sutter Solano Medical Center,Vallejo,CA,HSI00001050,Sutter Health,1,1,nonprofit,106,1,https://www.ahrq.gov/sites/default/files/wysiwyg/chsp/compendium/chsp-hospital-linkage-2023.xlsx
050766,CHSP00006747,Sutter Surgical Hosp - North Valley,Yuba City,CA,HSI00001050,Sutter Health,0,1,nonprofit,14,0,https://www.ahrq.gov/sites/default/files/wysiwyg/chsp/compendium/chsp-hospital-linkage-2023.xlsx
050313,CHSP00006748,Sutter Tracy Community Hospital,Tracy,CA,HSI00001050,Sutter Health,1,1,nonprofit,77,0,https://www.ahrq.gov/sites/default/files/wysiwyg/chsp/compendium/chsp-hospital-linkage-2023.xlsx
124001,CHSP00003057,Sutter Pacific Kahi Mohala Hosp,Ewa Beach,HI,HSI00001050,Sutter Health,0,1,nonprofit,88,0,https://www.ahrq.gov/sites/default/files/wysiwyg/chsp/compendium/chsp-hospital-linkage-2023.xlsx
180017,CHSP00006775,T.J. Samson Community Hospital,Glasgow,KY,HSI00001053,T J Regional Health,1,1,nonprofit,112,0,https://www.ahrq.gov/sites/default/files/wysiwyg/chsp/compendium/chsp-hospital-linkage-2023.xlsx
180149,CHSP00006776,Tj Health Columbia,Columbia,KY,HSI00001053,T J Regional Health,1,1,nonprofit,49,0,https://www.ahrq.gov/sites/default/files/wysiwyg/chsp/compendium/chsp-hospital-linkage-2023.xlsx
031301,CHSP00000589,Benson Hospital,Benson,AZ,HSI00001055,TMC Healthcare,1,1,nonprofit,22,0,https://www.ahrq.gov/sites/default/files/wysiwyg/chsp/compendium/chsp-hospital-linkage-2023.xlsx
031302,CHSP00004623,Northern Cochise Community Hospital,Willcox,AZ,HSI00001055,TMC Healthcare,1,3,public/government,24,0,https://www.ahrq.gov/sites/default/files/wysiwyg/chsp/compendium/chsp-hospital-linkage-2023.xlsx
030006,CHSP00006781,Tucson Medical Center,Tucson,AZ,HSI00001055,TMC Healthcare,1,1,nonprofit,473,0,https://www.ahrq.gov/sites/default/files/wysiwyg/chsp/compendium/chsp-hospital-linkage-2023.xlsx
100106,CHSP00001690,Doctors Memorial,Perry,FL,HSI00001060,Tallahassee Memorial Healthcare,1,1,nonprofit,48,0,https://www.ahrq.gov/sites/default/files/wysiwyg/chsp/compendium/chsp-hospital-linkage-2023.xlsx
101305,CHSP00002189,George E. Weems Memorial Hospital,Apalachicola,FL,HSI00001060,Tallahassee Memorial Healthcare,1,3,public/government,25,0,https://www.ahrq.gov/sites/default/files/wysiwyg/chsp/compendium/chsp-hospital-linkage-2023.xlsx
100135,CHSP00006791,Tallahassee Memorial Hospital,Tallahassee,FL,HSI00001060,Tallahassee Memorial Healthcare,1,1,nonprofit,478,0,https://www.ahrq.gov/sites/default/files/wysiwyg/chsp/compendium/chsp-hospital-linkage-2023.xlsx
011306,CHSP00007598,Tanner Medical Center Alabama  Inc.,Wedowee,AL,HSI00001061,Tanner Health System,1,1,nonprofit,15,0,https://www.ahrq.gov/sites/default/files/wysiwyg/chsp/compendium/chsp-hospital-linkage-2023.xlsx
111320,CHSP00006796,Higgins General Hospital,Bremen,GA,HSI00001061,Tanner Health System,1,1,nonprofit,23,0,https://www.ahrq.gov/sites/default/files/wysiwyg/chsp/compendium/chsp-hospital-linkage-2023.xlsx
110011,CHSP00006797,Tanner Medical Center,Carrollton,GA,HSI00001061,Tanner Health System,1,1,nonprofit,196,0,https://www.ahrq.gov/sites/default/files/wysiwyg/chsp/compendium/chsp-hospital-linkage-2023.xlsx
110015,CHSP00006798,Tanner Medical Center-Villa Rica,Villa Rica,GA,HSI00001061,Tanner Health System,1,1,nonprofit,58,0,https://www.ahrq.gov/sites/default/files/wysiwyg/chsp/compendium/chsp-hospital-linkage-2023.xlsx
390196,CHSP00002081,American Oncologic Hospial,Philadelphia,PA,HSI00001065,Temple University Health System,0,1,nonprofit,100,0,https://www.ahrq.gov/sites/default/files/wysiwyg/chsp/compendium/chsp-hospital-linkage-2023.xlsx
390026,CHSP00001125,Chestnut Hill Hospital,Philadelphia,PA,HSI00001065,Temple University Health System,1,1,nonprofit,128,0,https://www.ahrq.gov/sites/default/files/wysiwyg/chsp/compendium/chsp-hospital-linkage-2023.xlsx
390027,CHSP00006817,Temple University Hospital,Philadelphia,PA,HSI00001065,Temple University Health System,1,1,nonprofit,761,1,https://www.ahrq.gov/sites/default/files/wysiwyg/chsp/compendium/chsp-hospital-linkage-2023.xlsx
390080,CHSP00002972,Temple University Hospital Jeanes Campus,Philadelphia,PA,HSI00001065,Temple University Health System,1,,,,,https://www.ahrq.gov/sites/default/files/wysiwyg/chsp/compendium/chsp-hospital-linkage-2023.xlsx
453304,CHSP00006844,Texas Childrens Hospital,Houston,TX,HSI00001069,Texas Childrens Hospital,1,1,nonprofit,905,0,https://www.ahrq.gov/sites/default/files/wysiwyg/chsp/compendium/chsp-hospital-linkage-2023.xlsx
670068,CHSP00006865,Presbyterian Hosp Flower Mound,Flower Mound,TX,HSI00001072,Texas Health Resources,1,5,for-profit,99,0,https://www.ahrq.gov/sites/default/files/wysiwyg/chsp/compendium/chsp-hospital-linkage-2023.xlsx
670044,CHSP00006868,Presbyterian Hospital Of Rockwall,Rockwall,TX,HSI00001072,Texas Health Resources,1,5,for-profit,53,0,https://www.ahrq.gov/sites/default/files/wysiwyg/chsp/compendium/chsp-hospital-linkage-2023.xlsx
450891,CHSP00006851,Presbyterian Plano Center Diag Srvcs,Plano,TX,HSI00001072,Texas Health Resources,1,5,for-profit,18,0,https://www.ahrq.gov/sites/default/files/wysiwyg/chsp/compendium/chsp-hospital-linkage-2023.xlsx
450888,CHSP00006857,Southlake Speciality Hospital,Southlake,TX,HSI00001072,Texas Health Resources,0,5,for-profit,17,0,https://www.ahrq.gov/sites/default/files/wysiwyg/chsp/compendium/chsp-hospital-linkage-2023.xlsx
670085,CHSP00006852,Texas Health Alliance,Fort Worth,TX,HSI00001072,Texas Health Resources,1,1,nonprofit,151,0,https://www.ahrq.gov/sites/default/files/wysiwyg/chsp/compendium/chsp-hospital-linkage-2023.xlsx
450064,CHSP00006850,Texas Health Arlington Memorial Hosp,Arlington,TX,HSI00001072,Texas Health Resources,1,1,nonprofit,197,0,https://www.ahrq.gov/sites/default/files/wysiwyg/chsp/compendium/chsp-hospital-linkage-2023.xlsx
450148,CHSP00006854,Texas Health Cleburne,Cleburne,TX,HSI00001072,Texas Health Resources,1,1,nonprofit,64,0,https://www.ahrq.gov/sites/default/files/wysiwyg/chsp/compendium/chsp-hospital-linkage-2023.xlsx
450462,CHSP00006863,Texas Health Dallas,Dallas,TX,HSI00001072,Texas Health Resources,1,1,nonprofit,576,0,https://www.ahrq.gov/sites/default/files/wysiwyg/chsp/compendium/chsp-hospital-linkage-2023.xlsx
450743,CHSP00006864,Texas Health Denton,Denton,TX,HSI00001072,Texas Health Resources,1,1,nonprofit,214,0,https://www.ahrq.gov/sites/default/files/wysiwyg/chsp/compendium/chsp-hospital-linkage-2023.xlsx
450639,CHSP00006856,Texas Health H-E-B,Bedford,TX,HSI00001072,Texas Health Resources,1,1,nonprofit,195,0,https://www.ahrq.gov/sites/default/files/wysiwyg/chsp/compendium/chsp-hospital-linkage-2023.xlsx
450351,CHSP00006859,Texas Health Harris Methodist Stephe,Stephenville,TX,HSI00001072,Texas Health Resources,1,1,nonprofit,47,0,https://www.ahrq.gov/sites/default/files/wysiwyg/chsp/compendium/chsp-hospital-linkage-2023.xlsx
670071,CHSP00006860,Texas Health Heart & Vascular Hosp,Arlington,TX,HSI00001072,Texas Health Resources,0,5,for-profit,47,0,https://www.ahrq.gov/sites/default/files/wysiwyg/chsp/compendium/chsp-hospital-linkage-2023.xlsx
450840,CHSP00006862,Texas Health Hospital Allen,Allen,TX,HSI00001072,Texas Health Resources,1,1,nonprofit,59,0,https://www.ahrq.gov/sites/default/files/wysiwyg/chsp/compendium/chsp-hospital-linkage-2023.xlsx
670260,CHSP00008530,Texas Health Hospital Frisco,Frisco,TX,HSI00001072,Texas Health Resources,1,5,for-profit,90,0,https://www.ahrq.gov/sites/default/files/wysiwyg/chsp/compendium/chsp-hospital-linkage-2023.xlsx
670309,CHSP00008703,Texas Health Hospital Mansfield,Mansfield,TX,HSI00001072,Texas Health Resources,1,2,church-operated,59,0,https://www.ahrq.gov/sites/default/files/wysiwyg/chsp/compendium/chsp-hospital-linkage-2023.xlsx
450292,CHSP00006866,Texas Health Kaufman,Kaufman,TX,HSI00001072,Texas Health Resources,1,1,nonprofit,42,1,https://www.ahrq.gov/sites/default/files/wysiwyg/chsp/compendium/chsp-hospital-linkage-2023.xlsx
450771,CHSP00006867,Texas Health Presbyterian Hospital P,Plano,TX,HSI00001072,Texas Health Resources,1,1,nonprofit,307,0,https://www.ahrq.gov/sites/default/files/wysiwyg/chsp/compendium/chsp-hospital-linkage-2023.xlsx
450779,CHSP00006858,Texas Health Southwest,Fort Worth,TX,HSI00001072,Texas Health Resources,1,1,nonprofit,243,0,https://www.ahrq.gov/sites/default/files/wysiwyg/chsp/compendium/chsp-hospital-linkage-2023.xlsx
450419,CHSP00006853,Tx Hlth Harris Methodist Azle,Azle,TX,HSI00001072,Texas Health Resources,1,1,nonprofit,31,0,https://www.ahrq.gov/sites/default/files/wysiwyg/chsp/compendium/chsp-hospital-linkage-2023.xlsx
450135,CHSP00006855,Tx Hlth Harris Methodist Hospital,Fort Worth,TX,HSI00001072,Texas Health Resources,1,1,nonprofit,720,0,https://www.ahrq.gov/sites/default/files/wysiwyg/chsp/compendium/chsp-hospital-linkage-2023.xlsx
452018,CHSP00006870,Tx Hlth Specialty Hosp Fort Worth,Fort Worth,TX,HSI00001072,Texas Health Resources,0,1,nonprofit,15,0,https://www.ahrq.gov/sites/default/files/wysiwyg/chsp/compendium/chsp-hospital-linkage-2023.xlsx
140127,CHSP00000085,Carle  Bromenn Medical Center,Normal,IL,HSI00001074,The Carle Foundation,1,2,church-operated,206,0,https://www.ahrq.gov/sites/default/files/wysiwyg/chsp/compendium/chsp-hospital-linkage-2023.xlsx
141309,CHSP00000090,Carle Eureka Hospital,Eureka,IL,HSI00001074,The Carle Foundation,1,2,church-operated,25,0,https://www.ahrq.gov/sites/default/files/wysiwyg/chsp/compendium/chsp-hospital-linkage-2023.xlsx
140091,CHSP00000947,Carle Foundation Hospital,Urbana,IL,HSI00001074,The Carle Foundation,1,1,nonprofit,469,0,https://www.ahrq.gov/sites/default/files/wysiwyg/chsp/compendium/chsp-hospital-linkage-2023.xlsx
141316,CHSP00000948,Hoopeston Community Memorial Hospita,Hoopeston,IL,HSI00001074,The Carle Foundation,1,1,nonprofit,22,0,https://www.ahrq.gov/sites/default/files/wysiwyg/chsp/compendium/chsp-hospital-linkage-2023.xlsx
140209,CHSP00007242,Methodist Medical Ctr Of Illinois,Peoria,IL,HSI00001074,The Carle Foundation,1,1,nonprofit,203,0,https://www.ahrq.gov/sites/default/files/wysiwyg/chsp/compendium/chsp-hospital-linkage-2023.xlsx
140120,CHSP00005033,Pekin Memorial Hospital,Pekin,IL,HSI00001074,The Carle Foundation,1,1,nonprofit,39,0,https://www.ahrq.gov/sites/default/files/wysiwyg/chsp/compendium/chsp-hospital-linkage-2023.xlsx
140013,CHSP00007247,Proctor Hospital,Peoria,IL,HSI00001074,The Carle Foundation,1,1,nonprofit,72,0,https://www.ahrq.gov/sites/default/files/wysiwyg/chsp/compendium/chsp-hospital-linkage-2023.xlsx
140147,CHSP00005500,Richland Memorial Hospital,Olney,IL,HSI00001074,The Carle Foundation,1,1,nonprofit,47,0,https://www.ahrq.gov/sites/default/files/wysiwyg/chsp/compendium/chsp-hospital-linkage-2023.xlsx
393303,CHSP00001149,The Childrens Hospital Of Philadelp,Philadelphia,PA,HSI00001075,The Childrens Hospital of Philadelphia,1,1,nonprofit,667,0,https://www.ahrq.gov/sites/default/files/wysiwyg/chsp/compendium/chsp-hospital-linkage-2023.xlsx
173300,CHSP00001159,Childrens Mercy Hospital Kansas,Overland Park,KS,HSI00001076,The Childrens Mercy Hospital,1,1,nonprofit,42,0,https://www.ahrq.gov/sites/default/files/wysiwyg/chsp/compendium/chsp-hospital-linkage-2023.xlsx
263302,CHSP00001158,Childrens Mercy Hospital,Kansas City,MO,HSI00001076,The Childrens Mercy Hospital,1,1,nonprofit,328,0,https://www.ahrq.gov/sites/default/files/wysiwyg/chsp/compendium/chsp-hospital-linkage-2023.xlsx
360163,CHSP00001201,The Christ Hospital,Cincinnati,OH,HSI00001077,The Christ Hospital Health Network,1,1,nonprofit,444,0,https://www.ahrq.gov/sites/default/files/wysiwyg/chsp/compendium/chsp-hospital-linkage-2023.xlsx
100289,CHSP00001268,Ccf Hospital - Weston,Weston,FL,HSI00001078,Cleveland Clinic,1,1,nonprofit,260,0,https://www.ahrq.gov/sites/default/files/wysiwyg/chsp/compendium/chsp-hospital-linkage-2023.xlsx
109811,CHSP00008891,Cleveland Clinic Florida Weston Hospital,Weston,FL,HSI00001078,Cleveland Clinic,1,,,,,https://www.ahrq.gov/sites/default/files/wysiwyg/chsp/compendium/chsp-hospital-linkage-2023.xlsx
100105,CHSP00002860,Indian River Memorial Hospita.L,Vero Beach,FL,HSI00001078,Cleveland Clinic,1,1,nonprofit,310,0,https://www.ahrq.gov/sites/default/files/wysiwyg/chsp/compendium/chsp-hospital-linkage-2023.xlsx
100044,CHSP00003733,Martin Medical Center,Stuart,FL,HSI00001078,Cleveland Clinic,1,1,nonprofit,521,0,https://www.ahrq.gov/sites/default/files/wysiwyg/chsp/compendium/chsp-hospital-linkage-2023.xlsx
360027,CHSP00000104,Akron General Medical Center,Akron,OH,HSI00001078,Cleveland Clinic,1,1,nonprofit,401,0,https://www.ahrq.gov/sites/default/files/wysiwyg/chsp/compendium/chsp-hospital-linkage-2023.xlsx
360125,CHSP00000246,Ashtabula County Medical Center,Ashtabula,OH,HSI00001078,Cleveland Clinic,1,1,nonprofit,105,0,https://www.ahrq.gov/sites/default/files/wysiwyg/chsp/compendium/chsp-hospital-linkage-2023.xlsx
360070,CHSP00004048,Ccf Mercy Medical Center,Canton,OH,HSI00001078,Cleveland Clinic,1,1,nonprofit,317,0,https://www.ahrq.gov/sites/default/files/wysiwyg/chsp/compendium/chsp-hospital-linkage-2023.xlsx
360364,CHSP00007962,Cleveland Clinic Avon Hospital,Avon,OH,HSI00001078,Cleveland Clinic,1,1,nonprofit,126,0,https://www.ahrq.gov/sites/default/files/wysiwyg/chsp/compendium/chsp-hospital-linkage-2023.xlsx
363304,CHSP00001265,Cleveland Clinic Childrens Hosp For,Cleveland,OH,HSI00001078,Cleveland Clinic,0,1,nonprofit,,,https://www.ahrq.gov/sites/default/files/wysiwyg/chsp/compendium/chsp-hospital-linkage-2023.xlsx
360180,CHSP00001264,Cleveland Clinic Hospital,Cleveland,OH,HSI00001078,Cleveland Clinic,1,1,nonprofit,1288,0,https://www.ahrq.gov/sites/default/files/wysiwyg/chsp/compendium/chsp-hospital-linkage-2023.xlsx
363038,CHSP00001269,Cleveland Clinic Rehabilitation Hosp,Avon,OH,HSI00001078,Cleveland Clinic,0,5,for-profit,180,0,https://www.ahrq.gov/sites/default/files/wysiwyg/chsp/compendium/chsp-hospital-linkage-2023.xlsx
360082,CHSP00001901,Euclid Hospital,Euclid,OH,HSI00001078,Cleveland Clinic,1,1,nonprofit,90,0,https://www.ahrq.gov/sites/default/files/wysiwyg/chsp/compendium/chsp-hospital-linkage-2023.xlsx
360077,CHSP00001267,Fairview Hospital,Cleveland,OH,HSI00001078,Cleveland Clinic,1,1,nonprofit,466,0,https://www.ahrq.gov/sites/default/files/wysiwyg/chsp/compendium/chsp-hospital-linkage-2023.xlsx
360245,CHSP00002214,Glenbeigh Health Sources,Rock Creek,OH,HSI00001078,Cleveland Clinic,0,1,nonprofit,114,0,https://www.ahrq.gov/sites/default/files/wysiwyg/chsp/compendium/chsp-hospital-linkage-2023.xlsx
360230,CHSP00002687,Hillcrest Hospital,Cleveland,OH,HSI00001078,Cleveland Clinic,1,1,nonprofit,483,0,https://www.ahrq.gov/sites/default/files/wysiwyg/chsp/compendium/chsp-hospital-linkage-2023.xlsx
361303,CHSP00003559,Lodi Community Hospital,Lodi,OH,HSI00001078,Cleveland Clinic,1,1,nonprofit,20,0,https://www.ahrq.gov/sites/default/files/wysiwyg/chsp/compendium/chsp-hospital-linkage-2023.xlsx
360087,CHSP00003630,Lutheran Hospital,Cleveland,OH,HSI00001078,Cleveland Clinic,1,1,nonprofit,110,1,https://www.ahrq.gov/sites/default/files/wysiwyg/chsp/compendium/chsp-hospital-linkage-2023.xlsx
360143,CHSP00003749,Marymount Hospital,Garfield Heights,OH,HSI00001078,Cleveland Clinic,1,2,church-operated,188,0,https://www.ahrq.gov/sites/default/files/wysiwyg/chsp/compendium/chsp-hospital-linkage-2023.xlsx
360091,CHSP00001270,Medina Hospital,Medina,OH,HSI00001078,Cleveland Clinic,1,1,nonprofit,148,0,https://www.ahrq.gov/sites/default/files/wysiwyg/chsp/compendium/chsp-hospital-linkage-2023.xlsx
360144,CHSP00006230,South Pointe Hospital,Warrensville Heights,OH,HSI00001078,Cleveland Clinic,1,1,nonprofit,138,0,https://www.ahrq.gov/sites/default/files/wysiwyg/chsp/compendium/chsp-hospital-linkage-2023.xlsx
360010,CHSP00007215,Union Hospital Association,Dover,OH,HSI00001078,Cleveland Clinic,1,1,nonprofit,77,0,https://www.ahrq.gov/sites/default/files/wysiwyg/chsp/compendium/chsp-hospital-linkage-2023.xlsx
310014,CHSP00001449,Cooper University Hospital,Camden,NJ,HSI00001079,Cooper University Health Care,1,1,nonprofit,578,1,https://www.ahrq.gov/sites/default/files/wysiwyg/chsp/compendium/chsp-hospital-linkage-2023.xlsx
452118,CHSP00002799,Houston Methodist St. Catherine Ltac,Katy,TX,HSI00001081,Houston Methodist,0,1,nonprofit,145,0,https://www.ahrq.gov/sites/default/files/wysiwyg/chsp/compendium/chsp-hospital-linkage-2023.xlsx
450709,CHSP00002800,Houston Methodist St. John Hospital,Nassau Bay,TX,HSI00001081,Houston Methodist,1,2,church-operated,178,0,https://www.ahrq.gov/sites/default/files/wysiwyg/chsp/compendium/chsp-hospital-linkage-2023.xlsx
670122,CHSP00008107,Houston Methodist The Woodlands,The Woodlands,TX,HSI00001081,Houston Methodist,1,1,nonprofit,292,0,https://www.ahrq.gov/sites/default/files/wysiwyg/chsp/compendium/chsp-hospital-linkage-2023.xlsx
450820,CHSP00002801,Methodist Sugar Land Hospital,Sugar Land,TX,HSI00001081,Houston Methodist,1,1,nonprofit,337,0,https://www.ahrq.gov/sites/default/files/wysiwyg/chsp/compendium/chsp-hospital-linkage-2023.xlsx
670077,CHSP00002802,Methodist West Houston Hospital,Houston,TX,HSI00001081,Houston Methodist,1,1,nonprofit,270,0,https://www.ahrq.gov/sites/default/files/wysiwyg/chsp/compendium/chsp-hospital-linkage-2023.xlsx
450844,CHSP00002803,Methodist Willowbrook Hospital,Houston,TX,HSI00001081,Houston Methodist,1,1,nonprofit,346,0,https://www.ahrq.gov/sites/default/files/wysiwyg/chsp/compendium/chsp-hospital-linkage-2023.xlsx
450424,CHSP00002798,San Jacinto Methodist Hospital,Baytown,TX,HSI00001081,Houston Methodist,1,1,nonprofit,254,0,https://www.ahrq.gov/sites/default/files/wysiwyg/chsp/compendium/chsp-hospital-linkage-2023.xlsx
450358,CHSP00002797,The Methodist Hospital,Houston,TX,HSI00001081,Houston Methodist,1,1,nonprofit,976,0,https://www.ahrq.gov/sites/default/files/wysiwyg/chsp/compendium/chsp-hospital-linkage-2023.xlsx
150002,CHSP00004129,Methodist Hospitals  Inc,Gary,IN,HSI00001082,The Methodist Hospitals,1,1,nonprofit,405,1,https://www.ahrq.gov/sites/default/files/wysiwyg/chsp/compendium/chsp-hospital-linkage-2023.xlsx
150132,CHSP00008671,Methodist Hospitals Southlake Campus,Merrillville,IN,HSI00001082,The Methodist Hospitals,1,,,,,https://www.ahrq.gov/sites/default/files/wysiwyg/chsp/compendium/chsp-hospital-linkage-2023.xlsx
140101,CHSP00004308,Morris Hospital,Morris,IL,HSI00001084,The Morris Hospital and Healthcare Centers,1,1,nonprofit,89,0,https://www.ahrq.gov/sites/default/files/wysiwyg/chsp/compendium/chsp-hospital-linkage-2023.xlsx
161366,CHSP00006101,Shenandoah Medical Center,Shenandoah,IA,HSI00001085,The Nebraska Medical Center,1,1,nonprofit,25,0,https://www.ahrq.gov/sites/default/files/wysiwyg/chsp/compendium/chsp-hospital-linkage-2023.xlsx
280132,CHSP00004447,Bellevue Medical Center,Bellevue,NE,HSI00001085,The Nebraska Medical Center,1,5,for-profit,69,0,https://www.ahrq.gov/sites/default/files/wysiwyg/chsp/compendium/chsp-hospital-linkage-2023.xlsx
280129,CHSP00004450,Nebraska Orthopaedic Hospital Llc,Omaha,NE,HSI00001085,The Nebraska Medical Center,0,5,for-profit,24,0,https://www.ahrq.gov/sites/default/files/wysiwyg/chsp/compendium/chsp-hospital-linkage-2023.xlsx
280013,CHSP00004448,The Nebraska Medical Center,Omaha,NE,HSI00001085,The Nebraska Medical Center,1,1,nonprofit,592,0,https://www.ahrq.gov/sites/default/files/wysiwyg/chsp/compendium/chsp-hospital-linkage-2023.xlsx
121303,CHSP00004267,Molokai General Hospital,Kaunakakai,HI,HSI00001087,The Queens Health Systems,1,1,nonprofit,15,0,https://www.ahrq.gov/sites/default/files/wysiwyg/chsp/compendium/chsp-hospital-linkage-2023.xlsx
120028,CHSP00004558,North Hawaii Community Hospital,Kamuela,HI,HSI00001087,The Queens Health Systems,1,1,nonprofit,33,0,https://www.ahrq.gov/sites/default/files/wysiwyg/chsp/compendium/chsp-hospital-linkage-2023.xlsx
127019,CHSP00008178,Queens North Hawaii Community Hospital,Kamuela,HI,HSI00001087,The Queens Health Systems,1,,,,,https://www.ahrq.gov/sites/default/files/wysiwyg/chsp/compendium/chsp-hospital-linkage-2023.xlsx
120001,CHSP00005348,The Queens Medical Center,Honolulu,HI,HSI00001087,The Queens Health Systems,1,1,nonprofit,674,0,https://www.ahrq.gov/sites/default/files/wysiwyg/chsp/compendium/chsp-hospital-linkage-2023.xlsx
140191,CHSP00002882,Ingalls Memorial Hospital,Harvey,IL,HSI00001089,The University of Chicago Medicine,1,1,nonprofit,243,1,https://www.ahrq.gov/sites/default/files/wysiwyg/chsp/compendium/chsp-hospital-linkage-2023.xlsx
140088,CHSP00007293,University Of Chicago Hospitals,Chicago,IL,HSI00001089,The University of Chicago Medicine,1,1,nonprofit,686,1,https://www.ahrq.gov/sites/default/files/wysiwyg/chsp/compendium/chsp-hospital-linkage-2023.xlsx
521303,CHSP00006979,Thedacare Med Ctr - Wild Rose,Wild Rose,WI,HSI00001092,ThedaCare,1,1,nonprofit,25,0,https://www.ahrq.gov/sites/default/files/wysiwyg/chsp/compendium/chsp-hospital-linkage-2023.xlsx
521346,CHSP00006982,Thedacare Medical Center - Shawano,Shawano,WI,HSI00001092,ThedaCare,1,1,nonprofit,23,0,https://www.ahrq.gov/sites/default/files/wysiwyg/chsp/compendium/chsp-hospital-linkage-2023.xlsx
521334,CHSP00006983,Thedacare Medical Center - Waupaca,Waupaca,WI,HSI00001092,ThedaCare,1,1,nonprofit,25,0,https://www.ahrq.gov/sites/default/files/wysiwyg/chsp/compendium/chsp-hospital-linkage-2023.xlsx
521326,CHSP00006981,Thedacare Medical Center-New London,New London,WI,HSI00001092,ThedaCare,1,1,nonprofit,25,0,https://www.ahrq.gov/sites/default/files/wysiwyg/chsp/compendium/chsp-hospital-linkage-2023.xlsx
520045,CHSP00006980,Thedacare Regional Medical Center -,Neenah,WI,HSI00001092,ThedaCare,1,1,nonprofit,147,0,https://www.ahrq.gov/sites/default/files/wysiwyg/chsp/compendium/chsp-hospital-linkage-2023.xlsx
520160,CHSP00000203,Thedacare Regional Medical Center Ap,Appleton,WI,HSI00001092,ThedaCare,1,1,nonprofit,147,0,https://www.ahrq.gov/sites/default/files/wysiwyg/chsp/compendium/chsp-hospital-linkage-2023.xlsx
521355,CHSP00000594,Thedacare-Berlin,Berlin,WI,HSI00001092,ThedaCare,1,1,nonprofit,25,0,https://www.ahrq.gov/sites/default/files/wysiwyg/chsp/compendium/chsp-hospital-linkage-2023.xlsx
110101,CHSP00001444,Southwell Medical,Adel,GA,HSI00001097,Tift Regional Medical Center,1,1,nonprofit,8,0,https://www.ahrq.gov/sites/default/files/wysiwyg/chsp/compendium/chsp-hospital-linkage-2023.xlsx
110095,CHSP00007004,Tift Regional Medical Center,Tifton,GA,HSI00001097,Tift Regional Medical Center,1,1,nonprofit,181,0,https://www.ahrq.gov/sites/default/files/wysiwyg/chsp/compendium/chsp-hospital-linkage-2023.xlsx
360179,CHSP00000607,Bethesda Hospital,Cincinnati,OH,HSI00001104,TriHealth,1,1,nonprofit,416,0,https://www.ahrq.gov/sites/default/files/wysiwyg/chsp/compendium/chsp-hospital-linkage-2023.xlsx
360362,CHSP00007037,Good Samaritan Evendale Hospital,Cincinnati,OH,HSI00001104,TriHealth,0,,,,,https://www.ahrq.gov/sites/default/files/wysiwyg/chsp/compendium/chsp-hospital-linkage-2023.xlsx
360046,CHSP00003803,Mccullough-Hyde Memorial Hospital,Oxford,OH,HSI00001104,TriHealth,1,1,nonprofit,52,0,https://www.ahrq.gov/sites/default/files/wysiwyg/chsp/compendium/chsp-hospital-linkage-2023.xlsx
050093,CHSP00005690,St. Agnes Medical Center,Fresno,CA,HSI00001106,Trinity Health,1,2,church-operated,384,1,https://www.ahrq.gov/sites/default/files/wysiwyg/chsp/compendium/chsp-hospital-linkage-2023.xlsx
070008,CHSP00003035,Johnson Memorial Hospital  Inc.,Stafford Springs,CT,HSI00001106,Trinity Health,1,2,church-operated,44,0,https://www.ahrq.gov/sites/default/files/wysiwyg/chsp/compendium/chsp-hospital-linkage-2023.xlsx
073025,CHSP00004344,Mount Sinai Rehabilitation Hosptial,Hartford,CT,HSI00001106,Trinity Health,0,1,nonprofit,60,0,https://www.ahrq.gov/sites/default/files/wysiwyg/chsp/compendium/chsp-hospital-linkage-2023.xlsx
070002,CHSP00005721,Saint Francis Hospital,Hartford,CT,HSI00001106,Trinity Health,1,2,church-operated,413,0,https://www.ahrq.gov/sites/default/files/wysiwyg/chsp/compendium/chsp-hospital-linkage-2023.xlsx
070016,CHSP00005763,St. Marys Hospital,Waterbury,CT,HSI00001106,Trinity Health,1,2,church-operated,146,0,https://www.ahrq.gov/sites/default/files/wysiwyg/chsp/compendium/chsp-hospital-linkage-2023.xlsx
080003,CHSP00006450,St. Francis Hospital  Wilmington,Wilmington,DE,HSI00001106,Trinity Health,1,1,nonprofit,146,1,https://www.ahrq.gov/sites/default/files/wysiwyg/chsp/compendium/chsp-hospital-linkage-2023.xlsx
100121,CHSP00000448,Bartow Regional Medical Center,Bartow,FL,HSI00001106,Trinity Health,1,1,nonprofit,72,0,https://www.ahrq.gov/sites/default/files/wysiwyg/chsp/compendium/chsp-hospital-linkage-2023.xlsx
102021,CHSP00000470,Baycare Alliant Hospital,Dunedin,FL,HSI00001106,Trinity Health,0,1,nonprofit,48,0,https://www.ahrq.gov/sites/default/files/wysiwyg/chsp/compendium/chsp-hospital-linkage-2023.xlsx
100362,CHSP00008880,Baycare Hospital Wesley Chapel,Wesley Chapel,FL,HSI00001106,Trinity Health,1,,,,,https://www.ahrq.gov/sites/default/files/wysiwyg/chsp/compendium/chsp-hospital-linkage-2023.xlsx
100073,CHSP00002717,Holy Cross Hospital,Fort Lauderdale,FL,HSI00001106,Trinity Health,1,2,church-operated,286,0,https://www.ahrq.gov/sites/default/files/wysiwyg/chsp/compendium/chsp-hospital-linkage-2023.xlsx
100043,CHSP00003850,Mease Hospital And Clinic,Dunedin,FL,HSI00001106,Trinity Health,1,1,nonprofit,112,0,https://www.ahrq.gov/sites/default/files/wysiwyg/chsp/compendium/chsp-hospital-linkage-2023.xlsx
100265,CHSP00003849,Mease Hospital Countryside,Safety Harbor,FL,HSI00001106,Trinity Health,1,1,nonprofit,361,0,https://www.ahrq.gov/sites/default/files/wysiwyg/chsp/compendium/chsp-hospital-linkage-2023.xlsx
100127,CHSP00004316,Morton Plant Hospital,Clearwater,FL,HSI00001106,Trinity Health,1,1,nonprofit,569,0,https://www.ahrq.gov/sites/default/files/wysiwyg/chsp/compendium/chsp-hospital-linkage-2023.xlsx
100063,CHSP00004317,Morton Plant North Bay Hospital,New Port Richey,FL,HSI00001106,Trinity Health,1,1,nonprofit,213,0,https://www.ahrq.gov/sites/default/files/wysiwyg/chsp/compendium/chsp-hospital-linkage-2023.xlsx
100132,CHSP00006213,South Florida Baptist Hospital,Plant City,FL,HSI00001106,Trinity Health,1,1,nonprofit,124,0,https://www.ahrq.gov/sites/default/files/wysiwyg/chsp/compendium/chsp-hospital-linkage-2023.xlsx
100067,CHSP00006404,St. Anthonys Hospital,Saint Petersburg,FL,HSI00001106,Trinity Health,1,1,nonprofit,398,0,https://www.ahrq.gov/sites/default/files/wysiwyg/chsp/compendium/chsp-hospital-linkage-2023.xlsx
100075,CHSP00006505,St. Josephs Hospital,Tampa,FL,HSI00001106,Trinity Health,1,1,nonprofit,1354,0,https://www.ahrq.gov/sites/default/files/wysiwyg/chsp/compendium/chsp-hospital-linkage-2023.xlsx
100052,CHSP00007783,Winter Haven Hospital,Winter Haven,FL,HSI00001106,Trinity Health,1,1,nonprofit,455,0,https://www.ahrq.gov/sites/default/files/wysiwyg/chsp/compendium/chsp-hospital-linkage-2023.xlsx
111329,CHSP00006561,St Marys Good Samaritan,Greensboro,GA,HSI00001106,Trinity Health,1,2,church-operated,25,0,https://www.ahrq.gov/sites/default/files/wysiwyg/chsp/compendium/chsp-hospital-linkage-2023.xlsx
110006,CHSP00006562,St Marys Health Care System  Inc,Athens,GA,HSI00001106,Trinity Health,1,1,nonprofit,161,0,https://www.ahrq.gov/sites/default/files/wysiwyg/chsp/compendium/chsp-hospital-linkage-2023.xlsx
110027,CHSP00006577,St. Marys Sacred Heart Hospital,Lavonia,GA,HSI00001106,Trinity Health,1,1,nonprofit,56,0,https://www.ahrq.gov/sites/default/files/wysiwyg/chsp/compendium/chsp-hospital-linkage-2023.xlsx
161310,CHSP00000058,Adair County Memorial Hospital,Greenfield,IA,HSI00001106,Trinity Health,1,3,public/government,25,0,https://www.ahrq.gov/sites/default/files/wysiwyg/chsp/compendium/chsp-hospital-linkage-2023.xlsx
161322,CHSP00001587,Dallas County Hospital,Perry,IA,HSI00001106,Trinity Health,1,3,public/government,25,0,https://www.ahrq.gov/sites/default/files/wysiwyg/chsp/compendium/chsp-hospital-linkage-2023.xlsx
161327,CHSP00001604,Davis County Hospital,Bloomfield,IA,HSI00001106,Trinity Health,1,3,public/government,25,0,https://www.ahrq.gov/sites/default/files/wysiwyg/chsp/compendium/chsp-hospital-linkage-2023.xlsx
161340,CHSP00001631,Decatur County Hospital,Leon,IA,HSI00001106,Trinity Health,1,3,public/government,11,0,https://www.ahrq.gov/sites/default/files/wysiwyg/chsp/compendium/chsp-hospital-linkage-2023.xlsx
161308,CHSP00002106,Franklin General Hospital,Hampton,IA,HSI00001106,Trinity Health,1,3,public/government,25,0,https://www.ahrq.gov/sites/default/files/wysiwyg/chsp/compendium/chsp-hospital-linkage-2023.xlsx
160033,CHSP00002183,Genesis Medical Center - Davenport,Davenport,IA,HSI00001106,Trinity Health,1,1,nonprofit,322,0,https://www.ahrq.gov/sites/default/files/wysiwyg/chsp/compendium/chsp-hospital-linkage-2023.xlsx
161313,CHSP00002180,Genesis Medical Center - Dewitt,De Witt,IA,HSI00001106,Trinity Health,1,1,nonprofit,13,0,https://www.ahrq.gov/sites/default/files/wysiwyg/chsp/compendium/chsp-hospital-linkage-2023.xlsx
161312,CHSP00002359,Guttenberg Municipal Hospital,Guttenberg,IA,HSI00001106,Trinity Health,1,3,public/government,25,0,https://www.ahrq.gov/sites/default/files/wysiwyg/chsp/compendium/chsp-hospital-linkage-2023.xlsx
161307,CHSP00002495,Hancock County Health System,Britt,IA,HSI00001106,Trinity Health,1,3,public/government,25,0,https://www.ahrq.gov/sites/default/files/wysiwyg/chsp/compendium/chsp-hospital-linkage-2023.xlsx
161380,CHSP00002501,Hansen Family Hospital,Iowa Falls,IA,HSI00001106,Trinity Health,1,3,public/government,17,0,https://www.ahrq.gov/sites/default/files/wysiwyg/chsp/compendium/chsp-hospital-linkage-2023.xlsx
161311,CHSP00002559,Hawarden Regional Healthcare,Hawarden,IA,HSI00001106,Trinity Health,1,3,public/government,25,0,https://www.ahrq.gov/sites/default/files/wysiwyg/chsp/compendium/chsp-hospital-linkage-2023.xlsx
161329,CHSP00002940,Jackson County Public Hospital,Maquoketa,IA,HSI00001106,Trinity Health,1,3,public/government,25,0,https://www.ahrq.gov/sites/default/files/wysiwyg/chsp/compendium/chsp-hospital-linkage-2023.xlsx
161355,CHSP00003306,Knoxville Community Hospital Inc,Knoxville,IA,HSI00001106,Trinity Health,1,1,nonprofit,25,0,https://www.ahrq.gov/sites/default/files/wysiwyg/chsp/compendium/chsp-hospital-linkage-2023.xlsx
161353,CHSP00003313,Kossuth Regional Health Center,Algona,IA,HSI00001106,Trinity Health,1,3,public/government,24,0,https://www.ahrq.gov/sites/default/files/wysiwyg/chsp/compendium/chsp-hospital-linkage-2023.xlsx
161326,CHSP00003652,Madison County Memorial Hospital,Winterset,IA,HSI00001106,Trinity Health,1,3,public/government,25,0,https://www.ahrq.gov/sites/default/files/wysiwyg/chsp/compendium/chsp-hospital-linkage-2023.xlsx
161332,CHSP00003694,Manning Regional Healthcare Center,Manning,IA,HSI00001106,Trinity Health,1,1,nonprofit,17,0,https://www.ahrq.gov/sites/default/files/wysiwyg/chsp/compendium/chsp-hospital-linkage-2023.xlsx
160029,CHSP00004042,Mercy Hospital Iowa City,Iowa City,IA,HSI00001106,Trinity Health,1,2,church-operated,211,0,https://www.ahrq.gov/sites/default/files/wysiwyg/chsp/compendium/chsp-hospital-linkage-2023.xlsx
161331,CHSP00004062,Mercy Medical Center - New Hampton,New Hampton,IA,HSI00001106,Trinity Health,1,2,church-operated,11,0,https://www.ahrq.gov/sites/default/files/wysiwyg/chsp/compendium/chsp-hospital-linkage-2023.xlsx
161377,CHSP00004057,Mercy Medical Center-Centerville,Centerville,IA,HSI00001106,Trinity Health,1,2,church-operated,20,0,https://www.ahrq.gov/sites/default/files/wysiwyg/chsp/compendium/chsp-hospital-linkage-2023.xlsx
160083,CHSP00004059,Mercy Medical Center-Des Moines,Des Moines,IA,HSI00001106,Trinity Health,1,2,church-operated,591,0,https://www.ahrq.gov/sites/default/files/wysiwyg/chsp/compendium/chsp-hospital-linkage-2023.xlsx
160032,CHSP00006174,Mercyone - Newton Medical Center,Newton,IA,HSI00001106,Trinity Health,1,2,church-operated,48,0,https://www.ahrq.gov/sites/default/files/wysiwyg/chsp/compendium/chsp-hospital-linkage-2023.xlsx
160040,CHSP00005894,Mercyone Cedar Falls Medical Center,Cedar Falls,IA,HSI00001106,Trinity Health,1,2,church-operated,35,0,https://www.ahrq.gov/sites/default/files/wysiwyg/chsp/compendium/chsp-hospital-linkage-2023.xlsx
160080,CHSP00004058,Mercyone Clinton Medical Center,Clinton,IA,HSI00001106,Trinity Health,1,2,church-operated,107,0,https://www.ahrq.gov/sites/default/files/wysiwyg/chsp/compendium/chsp-hospital-linkage-2023.xlsx
160069,CHSP00004060,Mercyone Dubuque Medical Center,Dubuque,IA,HSI00001106,Trinity Health,1,2,church-operated,142,0,https://www.ahrq.gov/sites/default/files/wysiwyg/chsp/compendium/chsp-hospital-linkage-2023.xlsx
161378,CHSP00004061,Mercyone Dyersville Medical Center,Dyersville,IA,HSI00001106,Trinity Health,1,2,church-operated,13,0,https://www.ahrq.gov/sites/default/files/wysiwyg/chsp/compendium/chsp-hospital-linkage-2023.xlsx
161319,CHSP00001067,Mercyone Elkader Medical Center,Elkader,IA,HSI00001106,Trinity Health,1,1,nonprofit,15,0,https://www.ahrq.gov/sites/default/files/wysiwyg/chsp/compendium/chsp-hospital-linkage-2023.xlsx
160064,CHSP00004063,Mercyone North Iowa Medical Center,Mason City,IA,HSI00001106,Trinity Health,1,2,church-operated,199,0,https://www.ahrq.gov/sites/default/files/wysiwyg/chsp/compendium/chsp-hospital-linkage-2023.xlsx
161338,CHSP00004039,Mercyone Oelwein Medical Center,Oelwein,IA,HSI00001106,Trinity Health,1,2,church-operated,17,0,https://www.ahrq.gov/sites/default/files/wysiwyg/chsp/compendium/chsp-hospital-linkage-2023.xlsx
161300,CHSP00000463,Mercyone Primghar Medical Center,Primghar,IA,HSI00001106,Trinity Health,1,2,church-operated,14,0,https://www.ahrq.gov/sites/default/files/wysiwyg/chsp/compendium/chsp-hospital-linkage-2023.xlsx
163025,CHSP00008472,Mercyone Rehabilitation Hospital Des,Clive,IA,HSI00001106,Trinity Health,0,5,for-profit,50,0,https://www.ahrq.gov/sites/default/files/wysiwyg/chsp/compendium/chsp-hospital-linkage-2023.xlsx
160153,CHSP00004064,Mercyone Siouxland Medical Center,Sioux City,IA,HSI00001106,Trinity Health,1,1,nonprofit,125,0,https://www.ahrq.gov/sites/default/files/wysiwyg/chsp/compendium/chsp-hospital-linkage-2023.xlsx
160067,CHSP00001510,Mercyone Waterloo Medical Center,Waterloo,IA,HSI00001106,Trinity Health,1,2,church-operated,161,1,https://www.ahrq.gov/sites/default/files/wysiwyg/chsp/compendium/chsp-hospital-linkage-2023.xlsx
161323,CHSP00004258,Mitchell County Regional Health Cent,Osage,IA,HSI00001106,Trinity Health,1,3,public/government,25,0,https://www.ahrq.gov/sites/default/files/wysiwyg/chsp/compendium/chsp-hospital-linkage-2023.xlsx
161342,CHSP00004279,Monroe County Hospital,Albia,IA,HSI00001106,Trinity Health,1,3,public/government,25,0,https://www.ahrq.gov/sites/default/files/wysiwyg/chsp/compendium/chsp-hospital-linkage-2023.xlsx
167049,CHSP00008201,Palo Alto County Health System,Emmetsburg,IA,HSI00001106,Trinity Health,1,,,,,https://www.ahrq.gov/sites/default/files/wysiwyg/chsp/compendium/chsp-hospital-linkage-2023.xlsx
161357,CHSP00004940,Palo Alto County Hospital,Emmetsburg,IA,HSI00001106,Trinity Health,1,3,public/government,24,0,https://www.ahrq.gov/sites/default/files/wysiwyg/chsp/compendium/chsp-hospital-linkage-2023.xlsx
161373,CHSP00005516,Ringgold County Hospital,Mount Ayr,IA,HSI00001106,Trinity Health,1,3,public/government,16,0,https://www.ahrq.gov/sites/default/files/wysiwyg/chsp/compendium/chsp-hospital-linkage-2023.xlsx
161337,CHSP00007403,Van Buren County Hospital,Keosauqua,IA,HSI00001106,Trinity Health,1,3,public/government,25,0,https://www.ahrq.gov/sites/default/files/wysiwyg/chsp/compendium/chsp-hospital-linkage-2023.xlsx
161361,CHSP00007404,Van Diest Medical Center,Webster City,IA,HSI00001106,Trinity Health,1,3,public/government,25,0,https://www.ahrq.gov/sites/default/files/wysiwyg/chsp/compendium/chsp-hospital-linkage-2023.xlsx
161358,CHSP00007584,Wayne County Hospital,Corydon,IA,HSI00001106,Trinity Health,1,3,public/government,25,0,https://www.ahrq.gov/sites/default/files/wysiwyg/chsp/compendium/chsp-hospital-linkage-2023.xlsx
162324,CHSP00008368,Wayne County Hospital,Corydon,IA,HSI00001106,Trinity Health,1,,,,,https://www.ahrq.gov/sites/default/files/wysiwyg/chsp/compendium/chsp-hospital-linkage-2023.xlsx
130013,CHSP00005693,St. Alphonsus Medical Center - Namp,Nampa,ID,HSI00001106,Trinity Health,1,2,church-operated,96,0,https://www.ahrq.gov/sites/default/files/wysiwyg/chsp/compendium/chsp-hospital-linkage-2023.xlsx
130007,CHSP00005695,St. Alphonsus Regional Med Center,Boise,ID,HSI00001106,Trinity Health,1,2,church-operated,374,0,https://www.ahrq.gov/sites/default/files/wysiwyg/chsp/compendium/chsp-hospital-linkage-2023.xlsx
141304,CHSP00002182,Genesis Medical Center - Aledo,Aledo,IL,HSI00001106,Trinity Health,1,1,nonprofit,22,0,https://www.ahrq.gov/sites/default/files/wysiwyg/chsp/compendium/chsp-hospital-linkage-2023.xlsx
140275,CHSP00002181,Genesis Medical Center - Silvis,Silvis,IL,HSI00001106,Trinity Health,1,1,nonprofit,145,0,https://www.ahrq.gov/sites/default/files/wysiwyg/chsp/compendium/chsp-hospital-linkage-2023.xlsx
140008,CHSP00002262,Gottlieb Memorial Hospital,Melrose Park,IL,HSI00001106,Trinity Health,1,1,nonprofit,135,0,https://www.ahrq.gov/sites/default/files/wysiwyg/chsp/compendium/chsp-hospital-linkage-2023.xlsx
140276,CHSP00003623,Loyola University Medical Center,Maywood,IL,HSI00001106,Trinity Health,1,1,nonprofit,516,0,https://www.ahrq.gov/sites/default/files/wysiwyg/chsp/compendium/chsp-hospital-linkage-2023.xlsx
140054,CHSP00003644,Macneal Hospital,Berwyn,IL,HSI00001106,Trinity Health,1,2,church-operated,266,1,https://www.ahrq.gov/sites/default/files/wysiwyg/chsp/compendium/chsp-hospital-linkage-2023.xlsx
149802,CHSP00008846,Ronald Mcdonald Childrens Hospital Of Loyola University Medical Center,Maywood,IL,HSI00001106,Trinity Health,1,,,,,https://www.ahrq.gov/sites/default/files/wysiwyg/chsp/compendium/chsp-hospital-linkage-2023.xlsx
150076,CHSP00005739,St. Josephs Reg Med Center Plymouth,Plymouth,IN,HSI00001106,Trinity Health,1,2,church-operated,45,0,https://www.ahrq.gov/sites/default/files/wysiwyg/chsp/compendium/chsp-hospital-linkage-2023.xlsx
150012,CHSP00005738,St. Josephs Reg Med Center S. Bend,Mishawaka,IN,HSI00001106,Trinity Health,1,2,church-operated,253,0,https://www.ahrq.gov/sites/default/files/wysiwyg/chsp/compendium/chsp-hospital-linkage-2023.xlsx
224046,CHSP00008831,Miravista Behavioral Health Center,Holyoke,MA,HSI00001106,Trinity Health,0,1,nonprofit,114,0,https://www.ahrq.gov/sites/default/files/wysiwyg/chsp/compendium/chsp-hospital-linkage-2023.xlsx
220066,CHSP00004045,The Mercy Hospital,Springfield,MA,HSI00001106,Trinity Health,1,2,church-operated,150,0,https://www.ahrq.gov/sites/default/files/wysiwyg/chsp/compendium/chsp-hospital-linkage-2023.xlsx
210065,CHSP00002715,Holy Cross Germantown Hospital,Germantown,MD,HSI00001106,Trinity Health,1,2,church-operated,78,1,https://www.ahrq.gov/sites/default/files/wysiwyg/chsp/compendium/chsp-hospital-linkage-2023.xlsx
210004,CHSP00002716,Holy Cross Hospital,Silver Spring,MD,HSI00001106,Trinity Health,1,2,church-operated,399,0,https://www.ahrq.gov/sites/default/files/wysiwyg/chsp/compendium/chsp-hospital-linkage-2023.xlsx
230259,CHSP00006496,Chelsea Hospital,Chelsea,MI,HSI00001106,Trinity Health,1,2,church-operated,79,0,https://www.ahrq.gov/sites/default/files/wysiwyg/chsp/compendium/chsp-hospital-linkage-2023.xlsx
231306,CHSP00003645,Mackinac Straits Health System  Inc,Saint Ignace,MI,HSI00001106,Trinity Health,1,1,nonprofit,15,0,https://www.ahrq.gov/sites/default/files/wysiwyg/chsp/compendium/chsp-hospital-linkage-2023.xlsx
233979,CHSP00008147,Mackinac Straits Hospital,Saint Ignace,MI,HSI00001106,Trinity Health,1,,,,,https://www.ahrq.gov/sites/default/files/wysiwyg/chsp/compendium/chsp-hospital-linkage-2023.xlsx
231320,CHSP00004001,Mh-Lakeshore Campus,Shelby,MI,HSI00001106,Trinity Health,1,2,church-operated,24,0,https://www.ahrq.gov/sites/default/files/wysiwyg/chsp/compendium/chsp-hospital-linkage-2023.xlsx
230002,CHSP00006558,Trinity Health - Livonia,Livonia,MI,HSI00001106,Trinity Health,1,2,church-operated,239,0,https://www.ahrq.gov/sites/default/files/wysiwyg/chsp/compendium/chsp-hospital-linkage-2023.xlsx
230156,CHSP00006495,Trinity Health Ann Arbor,Ypsilanti,MI,HSI00001106,Trinity Health,1,2,church-operated,475,0,https://www.ahrq.gov/sites/default/files/wysiwyg/chsp/compendium/chsp-hospital-linkage-2023.xlsx
230174,CHSP00004575,Trinity Health Grand Haven Hospital,Grand Haven,MI,HSI00001106,Trinity Health,1,1,nonprofit,36,0,https://www.ahrq.gov/sites/default/files/wysiwyg/chsp/compendium/chsp-hospital-linkage-2023.xlsx
230059,CHSP00003999,Trinity Health Grand Rapids,Grand Rapids,MI,HSI00001106,Trinity Health,1,2,church-operated,275,0,https://www.ahrq.gov/sites/default/files/wysiwyg/chsp/compendium/chsp-hospital-linkage-2023.xlsx
230069,CHSP00006497,Trinity Health Livingston,Howell,MI,HSI00001106,Trinity Health,1,2,church-operated,42,0,https://www.ahrq.gov/sites/default/files/wysiwyg/chsp/compendium/chsp-hospital-linkage-2023.xlsx
230066,CHSP00003995,Trinity Health Muskegon,Muskegon,MI,HSI00001106,Trinity Health,1,2,church-operated,297,0,https://www.ahrq.gov/sites/default/files/wysiwyg/chsp/compendium/chsp-hospital-linkage-2023.xlsx
230004,CHSP00003998,Trinity Health Muskegon Hospital,Muskegon,MI,HSI00001106,Trinity Health,1,,,,,https://www.ahrq.gov/sites/default/files/wysiwyg/chsp/compendium/chsp-hospital-linkage-2023.xlsx
230029,CHSP00006498,Trinity Health Oakland,Pontiac,MI,HSI00001106,Trinity Health,1,2,church-operated,333,0,https://www.ahrq.gov/sites/default/files/wysiwyg/chsp/compendium/chsp-hospital-linkage-2023.xlsx
330409,CHSP00008411,Burdett Birth Center,Troy,NY,HSI00001106,Trinity Health,0,,,,,https://www.ahrq.gov/sites/default/files/wysiwyg/chsp/compendium/chsp-hospital-linkage-2023.xlsx
330215,CHSP00005600,Rome Memorial Hospital  Inc.,Rome,NY,HSI00001106,Trinity Health,1,1,nonprofit,79,0,https://www.ahrq.gov/sites/default/files/wysiwyg/chsp/compendium/chsp-hospital-linkage-2023.xlsx
330180,CHSP00005810,Samaritan Hospital,Troy,NY,HSI00001106,Trinity Health,1,1,nonprofit,252,1,https://www.ahrq.gov/sites/default/files/wysiwyg/chsp/compendium/chsp-hospital-linkage-2023.xlsx
330003,CHSP00000114,Samaritan Hospital Albany Memorial Campus,Albany,NY,HSI00001106,Trinity Health,1,,,,,https://www.ahrq.gov/sites/default/files/wysiwyg/chsp/compendium/chsp-hospital-linkage-2023.xlsx
330140,CHSP00006508,St. Josephs Hospital Health Center,Syracuse,NY,HSI00001106,Trinity Health,1,2,church-operated,431,0,https://www.ahrq.gov/sites/default/files/wysiwyg/chsp/compendium/chsp-hospital-linkage-2023.xlsx
330057,CHSP00006584,St. Peters Hospital,Albany,NY,HSI00001106,Trinity Health,1,2,church-operated,502,0,https://www.ahrq.gov/sites/default/files/wysiwyg/chsp/compendium/chsp-hospital-linkage-2023.xlsx
330406,CHSP00006719,Sunnyview Hospital And Rehabilitatio,Schenectady,NY,HSI00001106,Trinity Health,0,1,nonprofit,17,0,https://www.ahrq.gov/sites/default/files/wysiwyg/chsp/compendium/chsp-hospital-linkage-2023.xlsx
360358,CHSP00001678,Diley Ridge Medical Center,Canal Winchester,OH,HSI00001106,Trinity Health,1,2,church-operated,10,0,https://www.ahrq.gov/sites/default/files/wysiwyg/chsp/compendium/chsp-hospital-linkage-2023.xlsx
360035,CHSP00004328,Mount Carmel Health,Columbus,OH,HSI00001106,Trinity Health,1,2,church-operated,520,0,https://www.ahrq.gov/sites/default/files/wysiwyg/chsp/compendium/chsp-hospital-linkage-2023.xlsx
360266,CHSP00004329,Mount Carmel New Albany Hospital,New Albany,OH,HSI00001106,Trinity Health,0,2,church-operated,60,0,https://www.ahrq.gov/sites/default/files/wysiwyg/chsp/compendium/chsp-hospital-linkage-2023.xlsx
360012,CHSP00004330,St. Anns Hospital,Westerville,OH,HSI00001106,Trinity Health,1,2,church-operated,270,0,https://www.ahrq.gov/sites/default/files/wysiwyg/chsp/compendium/chsp-hospital-linkage-2023.xlsx
380052,CHSP00005694,Saint Alphonsus Medical Center - Ont,Ontario,OR,HSI00001106,Trinity Health,1,2,church-operated,35,0,https://www.ahrq.gov/sites/default/files/wysiwyg/chsp/compendium/chsp-hospital-linkage-2023.xlsx
381315,CHSP00005692,Saint Alphonsus Medical Center Baker,Baker City,OR,HSI00001106,Trinity Health,1,2,church-operated,21,0,https://www.ahrq.gov/sites/default/files/wysiwyg/chsp/compendium/chsp-hospital-linkage-2023.xlsx
390156,CHSP00003982,Mercy Catholic Medical Center,Darby,PA,HSI00001106,Trinity Health,1,2,church-operated,153,1,https://www.ahrq.gov/sites/default/files/wysiwyg/chsp/compendium/chsp-hospital-linkage-2023.xlsx
390204,CHSP00004445,Nazareth Hospital-Phila  Pa,Philadelphia,PA,HSI00001106,Trinity Health,1,2,church-operated,152,0,https://www.ahrq.gov/sites/default/files/wysiwyg/chsp/compendium/chsp-hospital-linkage-2023.xlsx
390258,CHSP00006554,St. Mary Medical Center,Langhorne,PA,HSI00001106,Trinity Health,1,1,nonprofit,348,0,https://www.ahrq.gov/sites/default/files/wysiwyg/chsp/compendium/chsp-hospital-linkage-2023.xlsx
393055,CHSP00008320,St. Mary Rehabilitation Hospital,Langhorne,PA,HSI00001106,Trinity Health,0,5,for-profit,50,0,https://www.ahrq.gov/sites/default/files/wysiwyg/chsp/compendium/chsp-hospital-linkage-2023.xlsx
351305,CHSP00003139,Kenmare Community Hospital,Kenmare,ND,HSI00001107,Trinity Health,1,1,nonprofit,25,0,https://www.ahrq.gov/sites/default/files/wysiwyg/chsp/compendium/chsp-hospital-linkage-2023.xlsx
350006,CHSP00007054,Trinity Hospitals/St Joes,Minot,ND,HSI00001107,Trinity Health,1,1,nonprofit,145,0,https://www.ahrq.gov/sites/default/files/wysiwyg/chsp/compendium/chsp-hospital-linkage-2023.xlsx
260102,CHSP00007074,University Health Lakewood Med Ctr,Kansas City,MO,HSI00001110,University Health,1,1,nonprofit,117,1,https://www.ahrq.gov/sites/default/files/wysiwyg/chsp/compendium/chsp-hospital-linkage-2023.xlsx
260048,CHSP00007073,University Health Truman Med Center,Kansas City,MO,HSI00001110,University Health,1,1,nonprofit,258,1,https://www.ahrq.gov/sites/default/files/wysiwyg/chsp/compendium/chsp-hospital-linkage-2023.xlsx
220063,CHSP00003615,Lowell General Hospital,Lowell,MA,HSI00001112,Wellforce,1,1,nonprofit,390,0,https://www.ahrq.gov/sites/default/files/wysiwyg/chsp/compendium/chsp-hospital-linkage-2023.xlsx
220082,CHSP00003617,Lowell General Hospital Saints Campus,Lowell,MA,HSI00001112,Wellforce,1,,,,,https://www.ahrq.gov/sites/default/files/wysiwyg/chsp/compendium/chsp-hospital-linkage-2023.xlsx
220070,CHSP00002480,Melrosewakefield Healthcare  Inc,Melrose,MA,HSI00001112,Wellforce,1,1,nonprofit,160,0,https://www.ahrq.gov/sites/default/files/wysiwyg/chsp/compendium/chsp-hospital-linkage-2023.xlsx
220116,CHSP00007083,Tufts Medical Center,Boston,MA,HSI00001112,Wellforce,1,1,nonprofit,364,1,https://www.ahrq.gov/sites/default/files/wysiwyg/chsp/compendium/chsp-hospital-linkage-2023.xlsx
362004,CHSP00001595,Daniel Drake Center For Post-Acute C,Cincinnati,OH,HSI00001118,UC Health,0,1,nonprofit,82,0,https://www.ahrq.gov/sites/default/files/wysiwyg/chsp/compendium/chsp-hospital-linkage-2023.xlsx
364044,CHSP00003542,Lindner Center Of Hope,Mason,OH,HSI00001118,UC Health,0,5,for-profit,32,0,https://www.ahrq.gov/sites/default/files/wysiwyg/chsp/compendium/chsp-hospital-linkage-2023.xlsx
360271,CHSP00006970,The West Chester Hospital Surgical Center,West Chester,OH,HSI00001118,UC Health,0,,,,,https://www.ahrq.gov/sites/default/files/wysiwyg/chsp/compendium/chsp-hospital-linkage-2023.xlsx
360003,CHSP00007294,Univer.Of Cincinnati Med Center Llc,Cincinnati,OH,HSI00001118,UC Health,1,1,nonprofit,548,1,https://www.ahrq.gov/sites/default/files/wysiwyg/chsp/compendium/chsp-hospital-linkage-2023.xlsx
360354,CHSP00007644,West Chester Hospital  Llc,West Chester,OH,HSI00001118,UC Health,1,1,nonprofit,163,0,https://www.ahrq.gov/sites/default/files/wysiwyg/chsp/compendium/chsp-hospital-linkage-2023.xlsx
100090,CHSP00002005,Flagler Hospital,Saint Augustine,FL,HSI00001121,UF Health,1,1,nonprofit,335,0,https://www.ahrq.gov/sites/default/files/wysiwyg/chsp/compendium/chsp-hospital-linkage-2023.xlsx
100084,CHSP00003461,Leesburg Regional Medical Center Inc,Leesburg,FL,HSI00001121,UF Health,1,1,nonprofit,330,0,https://www.ahrq.gov/sites/default/files/wysiwyg/chsp/compendium/chsp-hospital-linkage-2023.xlsx
100001,CHSP00007145,Shands Jacksonville Medical Center,Jacksonville,FL,HSI00001121,UF Health,1,1,nonprofit,481,1,https://www.ahrq.gov/sites/default/files/wysiwyg/chsp/compendium/chsp-hospital-linkage-2023.xlsx
100290,CHSP00006965,The Villages Regional Hospital,The Villages,FL,HSI00001121,UF Health,1,1,nonprofit,277,0,https://www.ahrq.gov/sites/default/files/wysiwyg/chsp/compendium/chsp-hospital-linkage-2023.xlsx
100113,CHSP00007146,Uf Health Shands,Gainesville,FL,HSI00001121,UF Health,1,1,nonprofit,994,1,https://www.ahrq.gov/sites/default/files/wysiwyg/chsp/compendium/chsp-hospital-linkage-2023.xlsx
220019,CHSP00002525,Harrington Memorial Hospital,Southbridge,MA,HSI00001122,UMass Memorial Health Care,1,1,nonprofit,129,0,https://www.ahrq.gov/sites/default/files/wysiwyg/chsp/compendium/chsp-hospital-linkage-2023.xlsx
220001,CHSP00002580,Healthalliance-Clinton,Leominster,MA,HSI00001122,UMass Memorial Health Care,1,1,nonprofit,125,0,https://www.ahrq.gov/sites/default/files/wysiwyg/chsp/compendium/chsp-hospital-linkage-2023.xlsx
220049,CHSP00007155,Marlborough Hospital,Marlborough,MA,HSI00001122,UMass Memorial Health Care,1,1,nonprofit,67,0,https://www.ahrq.gov/sites/default/files/wysiwyg/chsp/compendium/chsp-hospital-linkage-2023.xlsx
220058,CHSP00001279,Umass Memorial Health Alliance Clinton Hospital,Clinton,MA,HSI00001122,UMass Memorial Health Care,1,,,,,https://www.ahrq.gov/sites/default/files/wysiwyg/chsp/compendium/chsp-hospital-linkage-2023.xlsx
220163,CHSP00007153,Umass Memorial Medical Center,Worcester,MA,HSI00001122,UMass Memorial Health Care,1,1,nonprofit,692,0,https://www.ahrq.gov/sites/default/files/wysiwyg/chsp/compendium/chsp-hospital-linkage-2023.xlsx
223504,CHSP00008351,Umass Memorial Medical Center,Worcester,MA,HSI00001122,UMass Memorial Health Care,1,,,,,https://www.ahrq.gov/sites/default/files/wysiwyg/chsp/compendium/chsp-hospital-linkage-2023.xlsx
210027,CHSP00007680,Upmc-Western Maryland Corp,Cumberland,MD,HSI00001126,UPMC,1,1,nonprofit,200,0,https://www.ahrq.gov/sites/default/files/wysiwyg/chsp/compendium/chsp-hospital-linkage-2023.xlsx
330239,CHSP00007797,Upmc Chautauqua At Wca,Jamestown,NY,HSI00001126,UPMC,1,1,nonprofit,257,0,https://www.ahrq.gov/sites/default/files/wysiwyg/chsp/compendium/chsp-hospital-linkage-2023.xlsx
390073,CHSP00007167,Altoona Regional Health System,Altoona,PA,HSI00001126,UPMC,1,1,nonprofit,364,0,https://www.ahrq.gov/sites/default/files/wysiwyg/chsp/compendium/chsp-hospital-linkage-2023.xlsx
391313,CHSP00001300,Charles Cole Memorial Hospital,Coudersport,PA,HSI00001126,UPMC,1,1,nonprofit,25,0,https://www.ahrq.gov/sites/default/files/wysiwyg/chsp/compendium/chsp-hospital-linkage-2023.xlsx
390101,CHSP00003920,Memorial Hospital,York,PA,HSI00001126,UPMC,1,1,nonprofit,80,0,https://www.ahrq.gov/sites/default/files/wysiwyg/chsp/compendium/chsp-hospital-linkage-2023.xlsx
391301,CHSP00004378,Muncy Valley Hospital,Muncy,PA,HSI00001126,UPMC,1,1,nonprofit,20,0,https://www.ahrq.gov/sites/default/files/wysiwyg/chsp/compendium/chsp-hospital-linkage-2023.xlsx
394051,CHSP00005059,Pennsylvania Psychiatric Institute,Harrisburg,PA,HSI00001126,UPMC,0,1,nonprofit,89,0,https://www.ahrq.gov/sites/default/files/wysiwyg/chsp/compendium/chsp-hospital-linkage-2023.xlsx
390039,CHSP00006193,Somerset Hospital,Somerset,PA,HSI00001126,UPMC,1,1,nonprofit,56,0,https://www.ahrq.gov/sites/default/files/wysiwyg/chsp/compendium/chsp-hospital-linkage-2023.xlsx
390164,CHSP00007180,Upmc - Presbyterian Shadyside,Pittsburgh,PA,HSI00001126,UPMC,1,1,nonprofit,1141,0,https://www.ahrq.gov/sites/default/files/wysiwyg/chsp/compendium/chsp-hospital-linkage-2023.xlsx
390117,CHSP00007168,Upmc Bedford,Everett,PA,HSI00001126,UPMC,1,1,nonprofit,40,0,https://www.ahrq.gov/sites/default/files/wysiwyg/chsp/compendium/chsp-hospital-linkage-2023.xlsx
390058,CHSP00000950,Upmc Carlisle,Carlisle,PA,HSI00001126,UPMC,1,1,nonprofit,72,0,https://www.ahrq.gov/sites/default/files/wysiwyg/chsp/compendium/chsp-hospital-linkage-2023.xlsx
393302,CHSP00001150,Upmc Childrens Hospital Of Pgh,Pittsburgh,PA,HSI00001126,UPMC,1,1,nonprofit,317,0,https://www.ahrq.gov/sites/default/files/wysiwyg/chsp/compendium/chsp-hospital-linkage-2023.xlsx
395228,CHSP00008357,Upmc Cole,Coudersport,PA,HSI00001126,UPMC,1,,,,,https://www.ahrq.gov/sites/default/files/wysiwyg/chsp/compendium/chsp-hospital-linkage-2023.xlsx
390328,CHSP00007169,Upmc East Hospital,Monroeville,PA,HSI00001126,UPMC,1,5,for-profit,136,0,https://www.ahrq.gov/sites/default/files/wysiwyg/chsp/compendium/chsp-hospital-linkage-2023.xlsx
390063,CHSP00007170,Upmc Hamot,Erie,PA,HSI00001126,UPMC,1,1,nonprofit,456,0,https://www.ahrq.gov/sites/default/files/wysiwyg/chsp/compendium/chsp-hospital-linkage-2023.xlsx
390233,CHSP00002499,Upmc Hanover,Hanover,PA,HSI00001126,UPMC,1,1,nonprofit,73,0,https://www.ahrq.gov/sites/default/files/wysiwyg/chsp/compendium/chsp-hospital-linkage-2023.xlsx
390178,CHSP00007172,Upmc Horizon Hospital,Farrell,PA,HSI00001126,UPMC,1,1,nonprofit,105,0,https://www.ahrq.gov/sites/default/files/wysiwyg/chsp/compendium/chsp-hospital-linkage-2023.xlsx
395803,CHSP00008708,Upmc Horizon Shenango Valley,Farrell,PA,HSI00001126,UPMC,1,,,,,https://www.ahrq.gov/sites/default/files/wysiwyg/chsp/compendium/chsp-hospital-linkage-2023.xlsx
390016,CHSP00002963,Upmc Jameson,New Castle,PA,HSI00001126,UPMC,1,1,nonprofit,134,0,https://www.ahrq.gov/sites/default/files/wysiwyg/chsp/compendium/chsp-hospital-linkage-2023.xlsx
390104,CHSP00003105,Upmc Kane,Kane,PA,HSI00001126,UPMC,1,1,nonprofit,18,0,https://www.ahrq.gov/sites/default/files/wysiwyg/chsp/compendium/chsp-hospital-linkage-2023.xlsx
390068,CHSP00002606,Upmc Lititz,Lititz,PA,HSI00001126,UPMC,1,1,nonprofit,36,0,https://www.ahrq.gov/sites/default/files/wysiwyg/chsp/compendium/chsp-hospital-linkage-2023.xlsx
390071,CHSP00003558,Upmc Lock Haven,Lock Haven,PA,HSI00001126,UPMC,1,,,,,https://www.ahrq.gov/sites/default/files/wysiwyg/chsp/compendium/chsp-hospital-linkage-2023.xlsx
390114,CHSP00003668,Upmc Magee-Womens Hospital,Pittsburgh,PA,HSI00001126,UPMC,1,1,nonprofit,347,1,https://www.ahrq.gov/sites/default/files/wysiwyg/chsp/compendium/chsp-hospital-linkage-2023.xlsx
390002,CHSP00007174,Upmc Mckeesport,Mckeesport,PA,HSI00001126,UPMC,1,1,nonprofit,186,1,https://www.ahrq.gov/sites/default/files/wysiwyg/chsp/compendium/chsp-hospital-linkage-2023.xlsx
390028,CHSP00007175,Upmc Mercy Hospital,Pittsburgh,PA,HSI00001126,UPMC,1,1,nonprofit,300,0,https://www.ahrq.gov/sites/default/files/wysiwyg/chsp/compendium/chsp-hospital-linkage-2023.xlsx
390091,CHSP00007177,Upmc Northwest Hospital,Seneca,PA,HSI00001126,UPMC,1,1,nonprofit,144,0,https://www.ahrq.gov/sites/default/files/wysiwyg/chsp/compendium/chsp-hospital-linkage-2023.xlsx
390107,CHSP00007178,Upmc Passavant,Pittsburgh,PA,HSI00001126,UPMC,1,1,nonprofit,354,0,https://www.ahrq.gov/sites/default/files/wysiwyg/chsp/compendium/chsp-hospital-linkage-2023.xlsx
390067,CHSP00005130,Upmc Pinnacle Hospitals,Harrisburg,PA,HSI00001126,UPMC,1,1,nonprofit,561,0,https://www.ahrq.gov/sites/default/files/wysiwyg/chsp/compendium/chsp-hospital-linkage-2023.xlsx
390055,CHSP00008709,Upmc Shadyside,Pittsburgh,PA,HSI00001126,UPMC,1,,,,,https://www.ahrq.gov/sites/default/files/wysiwyg/chsp/compendium/chsp-hospital-linkage-2023.xlsx
390102,CHSP00007189,Upmc St Margaret,Pittsburgh,PA,HSI00001126,UPMC,1,1,nonprofit,213,0,https://www.ahrq.gov/sites/default/files/wysiwyg/chsp/compendium/chsp-hospital-linkage-2023.xlsx
394048,CHSP00001681,Upmc Williamsport Divine Providence Campus,Williamsport,PA,HSI00001126,UPMC,0,,,,,https://www.ahrq.gov/sites/default/files/wysiwyg/chsp/compendium/chsp-hospital-linkage-2023.xlsx
390146,CHSP00007556,Warren General Hospital,Warren,PA,HSI00001126,UPMC,1,1,nonprofit,85,0,https://www.ahrq.gov/sites/default/files/wysiwyg/chsp/compendium/chsp-hospital-linkage-2023.xlsx
391316,CHSP00008279,Wellsboro,Wellsboro,PA,HSI00001126,UPMC,1,1,nonprofit,25,0,https://www.ahrq.gov/sites/default/files/wysiwyg/chsp/compendium/chsp-hospital-linkage-2023.xlsx
390045,CHSP00007748,Williamsport Hospital & Medical Ctr,Williamsport,PA,HSI00001126,UPMC,1,1,nonprofit,227,0,https://www.ahrq.gov/sites/default/files/wysiwyg/chsp/compendium/chsp-hospital-linkage-2023.xlsx
150023,CHSP00007216,Union Hospital  Inc.,Terre Haute,IN,HSI00001137,Union Health,1,1,nonprofit,260,0,https://www.ahrq.gov/sites/default/files/wysiwyg/chsp/compendium/chsp-hospital-linkage-2023.xlsx
151326,CHSP00007217,Union Hospital Clinton,Clinton,IN,HSI00001137,Union Health,1,1,nonprofit,25,0,https://www.ahrq.gov/sites/default/files/wysiwyg/chsp/compendium/chsp-hospital-linkage-2023.xlsx
330033,CHSP00007151,Chenango Memorial Hospital,Norwich,NY,HSI00001138,United Health Services,1,1,nonprofit,58,0,https://www.ahrq.gov/sites/default/files/wysiwyg/chsp/compendium/chsp-hospital-linkage-2023.xlsx
331312,CHSP00007152,Delaware Valley Hospital,Walton,NY,HSI00001138,United Health Services,1,1,nonprofit,25,0,https://www.ahrq.gov/sites/default/files/wysiwyg/chsp/compendium/chsp-hospital-linkage-2023.xlsx
330394,CHSP00007220,Uhs Hospitals,Binghamton,NY,HSI00001138,United Health Services,1,1,nonprofit,329,0,https://www.ahrq.gov/sites/default/files/wysiwyg/chsp/compendium/chsp-hospital-linkage-2023.xlsx
450010,CHSP00007233,United Regional Health Care System,Wichita Falls,TX,HSI00001143,United Regional Health Care System,1,1,nonprofit,244,0,https://www.ahrq.gov/sites/default/files/wysiwyg/chsp/compendium/chsp-hospital-linkage-2023.xlsx
042011,CHSP00000071,Advanced Care Hospital Of White Co.,Searcy,AR,HSI00001145,Unity Health,0,5,for-profit,20,0,https://www.ahrq.gov/sites/default/files/wysiwyg/chsp/compendium/chsp-hospital-linkage-2023.xlsx
040162,CHSP00009013,Unity Health - Newport,Newport,AR,HSI00001145,Unity Health,1,,,,,https://www.ahrq.gov/sites/default/files/wysiwyg/chsp/compendium/chsp-hospital-linkage-2023.xlsx
040080,CHSP00007234,Unity Health Harris Medical Center,Newport,AR,HSI00001145,Unity Health,1,,,,,https://www.ahrq.gov/sites/default/files/wysiwyg/chsp/compendium/chsp-hospital-linkage-2023.xlsx
040164,CHSP00009011,Unity Health Jacksonville,Jacksonville,AR,HSI00001145,Unity Health,1,,,,,https://www.ahrq.gov/sites/default/files/wysiwyg/chsp/compendium/chsp-hospital-linkage-2023.xlsx
040014,CHSP00007235,White County Medical Center,Searcy,AR,HSI00001145,Unity Health,1,1,nonprofit,179,0,https://www.ahrq.gov/sites/default/files/wysiwyg/chsp/compendium/chsp-hospital-linkage-2023.xlsx
160110,CHSP00007243,Allen Memorial Hospital,Waterloo,IA,HSI00001146,Unitypoint Health,1,1,nonprofit,189,0,https://www.ahrq.gov/sites/default/files/wysiwyg/chsp/compendium/chsp-hospital-linkage-2023.xlsx
161375,CHSP00000763,Buena Vista Regional Medical Center,Storm Lake,IA,HSI00001146,Unitypoint Health,1,3,public/government,25,0,https://www.ahrq.gov/sites/default/files/wysiwyg/chsp/compendium/chsp-hospital-linkage-2023.xlsx
161348,CHSP00001248,Clarke County Public Hospital,Osceola,IA,HSI00001146,Unitypoint Health,1,3,public/government,25,0,https://www.ahrq.gov/sites/default/files/wysiwyg/chsp/compendium/chsp-hospital-linkage-2023.xlsx
161320,CHSP00001395,Community Memorial Hospital,Sumner,IA,HSI00001146,Unitypoint Health,1,1,nonprofit,16,0,https://www.ahrq.gov/sites/default/files/wysiwyg/chsp/compendium/chsp-hospital-linkage-2023.xlsx
161365,CHSP00002308,Greater Regional Medical Center,Creston,IA,HSI00001146,Unitypoint Health,1,3,public/government,25,0,https://www.ahrq.gov/sites/default/files/wysiwyg/chsp/compendium/chsp-hospital-linkage-2023.xlsx
161325,CHSP00002317,Greene County Medical Center,Jefferson,IA,HSI00001146,Unitypoint Health,1,3,public/government,25,0,https://www.ahrq.gov/sites/default/files/wysiwyg/chsp/compendium/chsp-hospital-linkage-2023.xlsx
160147,CHSP00002331,Grinnell Regional Medical Center,Grinnell,IA,HSI00001146,Unitypoint Health,1,1,nonprofit,34,0,https://www.ahrq.gov/sites/default/files/wysiwyg/chsp/compendium/chsp-hospital-linkage-2023.xlsx
161303,CHSP00002339,Grundy County Mem. Hospital,Grundy Center,IA,HSI00001146,Unitypoint Health,1,3,public/government,25,0,https://www.ahrq.gov/sites/default/files/wysiwyg/chsp/compendium/chsp-hospital-linkage-2023.xlsx
161314,CHSP00002357,Guthrie County Hospital,Guthrie Center,IA,HSI00001146,Unitypoint Health,1,3,public/government,25,0,https://www.ahrq.gov/sites/default/files/wysiwyg/chsp/compendium/chsp-hospital-linkage-2023.xlsx
161334,CHSP00002817,Humboldt County Memorial Hospital,Humboldt,IA,HSI00001146,Unitypoint Health,1,3,public/government,17,0,https://www.ahrq.gov/sites/default/files/wysiwyg/chsp/compendium/chsp-hospital-linkage-2023.xlsx
160082,CHSP00007245,Iowa Methodist Medical Center,Des Moines,IA,HSI00001146,Unitypoint Health,1,2,church-operated,577,0,https://www.ahrq.gov/sites/default/files/wysiwyg/chsp/compendium/chsp-hospital-linkage-2023.xlsx
161306,CHSP00007246,Jones Regional Medical Ctr,Anamosa,IA,HSI00001146,Unitypoint Health,1,1,nonprofit,10,0,https://www.ahrq.gov/sites/default/files/wysiwyg/chsp/compendium/chsp-hospital-linkage-2023.xlsx
161370,CHSP00003586,Loring Hospital,Sac City,IA,HSI00001146,Unitypoint Health,1,1,nonprofit,25,0,https://www.ahrq.gov/sites/default/files/wysiwyg/chsp/compendium/chsp-hospital-linkage-2023.xlsx
161341,CHSP00003626,Lucas County Health Center,Chariton,IA,HSI00001146,Unitypoint Health,1,3,public/government,25,0,https://www.ahrq.gov/sites/default/files/wysiwyg/chsp/compendium/chsp-hospital-linkage-2023.xlsx
161335,CHSP00000759,Peoples Memorial Hospital,Independence,IA,HSI00001146,Unitypoint Health,1,3,public/government,25,0,https://www.ahrq.gov/sites/default/files/wysiwyg/chsp/compendium/chsp-hospital-linkage-2023.xlsx
161305,CHSP00005164,Pocahontas Community Hospital,Pocahontas,IA,HSI00001146,Unitypoint Health,1,3,public/government,25,0,https://www.ahrq.gov/sites/default/files/wysiwyg/chsp/compendium/chsp-hospital-linkage-2023.xlsx
160045,CHSP00007249,St. Lukes Methodist Hospital,Cedar Rapids,IA,HSI00001146,Unitypoint Health,1,1,nonprofit,280,0,https://www.ahrq.gov/sites/default/files/wysiwyg/chsp/compendium/chsp-hospital-linkage-2023.xlsx
160146,CHSP00007248,St. Lukes Regl Medical Center,Sioux City,IA,HSI00001146,Unitypoint Health,1,1,nonprofit,179,1,https://www.ahrq.gov/sites/default/files/wysiwyg/chsp/compendium/chsp-hospital-linkage-2023.xlsx
161350,CHSP00006660,Stewart Memorial Hospital,Lake City,IA,HSI00001146,Unitypoint Health,1,1,nonprofit,23,0,https://www.ahrq.gov/sites/default/files/wysiwyg/chsp/compendium/chsp-hospital-linkage-2023.xlsx
161333,CHSP00006674,Story County Hospital,Nevada,IA,HSI00001146,Unitypoint Health,1,3,public/government,17,0,https://www.ahrq.gov/sites/default/files/wysiwyg/chsp/compendium/chsp-hospital-linkage-2023.xlsx
160117,CHSP00007244,The Finley Hospital,Dubuque,IA,HSI00001146,Unitypoint Health,1,1,nonprofit,66,0,https://www.ahrq.gov/sites/default/files/wysiwyg/chsp/compendium/chsp-hospital-linkage-2023.xlsx
160104,CHSP00007250,Trinity Bettendorf,Bettendorf,IA,HSI00001146,Unitypoint Health,1,1,nonprofit,81,0,https://www.ahrq.gov/sites/default/files/wysiwyg/chsp/compendium/chsp-hospital-linkage-2023.xlsx
160013,CHSP00007251,Trinity Muscatine,Muscatine,IA,HSI00001146,Unitypoint Health,1,1,nonprofit,15,0,https://www.ahrq.gov/sites/default/files/wysiwyg/chsp/compendium/chsp-hospital-linkage-2023.xlsx
160016,CHSP00007252,Trinity Regional Medical Center,Fort Dodge,IA,HSI00001146,Unitypoint Health,1,1,nonprofit,44,0,https://www.ahrq.gov/sites/default/files/wysiwyg/chsp/compendium/chsp-hospital-linkage-2023.xlsx
160024,CHSP00007254,Unitypoint Health Iowa Lutheran Hospital,Des Moines,IA,HSI00001146,Unitypoint Health,1,,,,,https://www.ahrq.gov/sites/default/files/wysiwyg/chsp/compendium/chsp-hospital-linkage-2023.xlsx
160001,CHSP00001072,Unitypoint Health-Marshalltown,Marshalltown,IA,HSI00001146,Unitypoint Health,1,1,nonprofit,16,0,https://www.ahrq.gov/sites/default/files/wysiwyg/chsp/compendium/chsp-hospital-linkage-2023.xlsx
141305,CHSP00003923,Memorial Hospital Association,Carthage,IL,HSI00001146,Unitypoint Health,1,1,nonprofit,18,0,https://www.ahrq.gov/sites/default/files/wysiwyg/chsp/compendium/chsp-hospital-linkage-2023.xlsx
140280,CHSP00007253,Trinity Rock Island,Rock Island,IL,HSI00001146,Unitypoint Health,1,1,nonprofit,249,0,https://www.ahrq.gov/sites/default/files/wysiwyg/chsp/compendium/chsp-hospital-linkage-2023.xlsx
520089,CHSP00004101,Meriter Hospital  Inc.,Madison,WI,HSI00001146,Unitypoint Health,1,1,nonprofit,332,0,https://www.ahrq.gov/sites/default/files/wysiwyg/chsp/compendium/chsp-hospital-linkage-2023.xlsx
440015,CHSP00007330,University Of Tennessee Medical Cent,Knoxville,TN,HSI00001153,University of Tennessee Medical Center,1,1,nonprofit,698,0,https://www.ahrq.gov/sites/default/files/wysiwyg/chsp/compendium/chsp-hospital-linkage-2023.xlsx
360367,CHSP00008462,Lake Health Beachwood Medical Center,Beachwood,OH,HSI00001156,University Hospitals,1,5,for-profit,24,0,https://www.ahrq.gov/sites/default/files/wysiwyg/chsp/compendium/chsp-hospital-linkage-2023.xlsx
360098,CHSP00003363,Lake Hospital System,Concord Township,OH,HSI00001156,University Hospitals,1,1,nonprofit,257,0,https://www.ahrq.gov/sites/default/files/wysiwyg/chsp/compendium/chsp-hospital-linkage-2023.xlsx
363302,CHSP00005367,Rainbow Babies & Childrens Hospita,Cleveland,OH,HSI00001156,University Hospitals,1,1,nonprofit,288,0,https://www.ahrq.gov/sites/default/files/wysiwyg/chsp/compendium/chsp-hospital-linkage-2023.xlsx
360155,CHSP00006303,Southwest General Health Center,Middleburg Heights,OH,HSI00001156,University Hospitals,1,1,nonprofit,199,0,https://www.ahrq.gov/sites/default/files/wysiwyg/chsp/compendium/chsp-hospital-linkage-2023.xlsx
360359,CHSP00007270,Uh Ahuja Medical Center,Beachwood,OH,HSI00001156,University Hospitals,1,1,nonprofit,153,0,https://www.ahrq.gov/sites/default/files/wysiwyg/chsp/compendium/chsp-hospital-linkage-2023.xlsx
360137,CHSP00007272,Uh Cleveland Medical Center,Cleveland,OH,HSI00001156,University Hospitals,1,1,nonprofit,656,0,https://www.ahrq.gov/sites/default/files/wysiwyg/chsp/compendium/chsp-hospital-linkage-2023.xlsx
361308,CHSP00007273,Uh Conneaut Medical Center,Conneaut,OH,HSI00001156,University Hospitals,1,1,nonprofit,25,0,https://www.ahrq.gov/sites/default/files/wysiwyg/chsp/compendium/chsp-hospital-linkage-2023.xlsx
360145,CHSP00007274,Uh Elyria Medical Center,Elyria,OH,HSI00001156,University Hospitals,1,1,nonprofit,197,0,https://www.ahrq.gov/sites/default/files/wysiwyg/chsp/compendium/chsp-hospital-linkage-2023.xlsx
361307,CHSP00007276,Uh Geneva Medical Center,Geneva,OH,HSI00001156,University Hospitals,1,1,nonprofit,25,0,https://www.ahrq.gov/sites/default/files/wysiwyg/chsp/compendium/chsp-hospital-linkage-2023.xlsx
360041,CHSP00007277,Uh Parma Medical Center,Parma,OH,HSI00001156,University Hospitals,1,1,nonprofit,179,0,https://www.ahrq.gov/sites/default/files/wysiwyg/chsp/compendium/chsp-hospital-linkage-2023.xlsx
360078,CHSP00007149,Uh Portage Medical Center,Ravenna,OH,HSI00001156,University Hospitals,1,1,nonprofit,99,0,https://www.ahrq.gov/sites/default/files/wysiwyg/chsp/compendium/chsp-hospital-linkage-2023.xlsx
360075,CHSP00007150,Uh Regional Hospitals,Chardon,OH,HSI00001156,University Hospitals,1,1,nonprofit,111,0,https://www.ahrq.gov/sites/default/files/wysiwyg/chsp/compendium/chsp-hospital-linkage-2023.xlsx
360002,CHSP00007278,Uh Samaritan Medical Center,Ashland,OH,HSI00001156,University Hospitals,1,1,nonprofit,38,0,https://www.ahrq.gov/sites/default/files/wysiwyg/chsp/compendium/chsp-hospital-linkage-2023.xlsx
360123,CHSP00006470,Uh St. John Medical Center,Westlake,OH,HSI00001156,University Hospitals,1,1,nonprofit,125,0,https://www.ahrq.gov/sites/default/files/wysiwyg/chsp/compendium/chsp-hospital-linkage-2023.xlsx
363039,CHSP00008350,University Hospitals Avon Rehabilita,Avon,OH,HSI00001156,University Hospitals,0,5,for-profit,50,0,https://www.ahrq.gov/sites/default/files/wysiwyg/chsp/compendium/chsp-hospital-linkage-2023.xlsx
360192,CHSP00007275,University Hospitals Geauga Medical Center,Chardon,OH,HSI00001156,University Hospitals,1,,,,,https://www.ahrq.gov/sites/default/files/wysiwyg/chsp/compendium/chsp-hospital-linkage-2023.xlsx
363036,CHSP00000525,University Hospitals Rehabilitation,Beachwood,OH,HSI00001156,University Hospitals,0,5,for-profit,50,0,https://www.ahrq.gov/sites/default/files/wysiwyg/chsp/compendium/chsp-hospital-linkage-2023.xlsx
060119,CHSP00003883,Medical Center Of The Rockies,Loveland,CO,HSI00001169,University of Colorado Health,1,1,nonprofit,180,0,https://www.ahrq.gov/sites/default/files/wysiwyg/chsp/compendium/chsp-hospital-linkage-2023.xlsx
060022,CHSP00003928,Memorial Health System,Colorado Springs,CO,HSI00001169,University of Colorado Health,1,1,nonprofit,501,0,https://www.ahrq.gov/sites/default/files/wysiwyg/chsp/compendium/chsp-hospital-linkage-2023.xlsx
061326,CHSP00005119,Pikes Peak Regional Hospital,Woodland Park,CO,HSI00001169,University of Colorado Health,1,1,nonprofit,13,0,https://www.ahrq.gov/sites/default/files/wysiwyg/chsp/compendium/chsp-hospital-linkage-2023.xlsx
060010,CHSP00005206,Poudre Valley Hospital,Fort Collins,CO,HSI00001169,University of Colorado Health,1,1,nonprofit,218,0,https://www.ahrq.gov/sites/default/files/wysiwyg/chsp/compendium/chsp-hospital-linkage-2023.xlsx
060129,CHSP00008348,Uchealth Broomfield Hospital,Broomfield,CO,HSI00001169,University of Colorado Health,1,1,nonprofit,20,1,https://www.ahrq.gov/sites/default/files/wysiwyg/chsp/compendium/chsp-hospital-linkage-2023.xlsx
060130,CHSP00008349,Uchealth Grandview Hospital,Colorado Springs,CO,HSI00001169,University of Colorado Health,1,1,nonprofit,22,0,https://www.ahrq.gov/sites/default/files/wysiwyg/chsp/compendium/chsp-hospital-linkage-2023.xlsx
060131,CHSP00008536,Uchealth Greeley Hospital,Greeley,CO,HSI00001169,University of Colorado Health,1,1,nonprofit,79,0,https://www.ahrq.gov/sites/default/files/wysiwyg/chsp/compendium/chsp-hospital-linkage-2023.xlsx
060132,CHSP00008537,Uchealth Highlands Ranch Hospital,Highlands Ranch,CO,HSI00001169,University of Colorado Health,1,1,nonprofit,93,0,https://www.ahrq.gov/sites/default/files/wysiwyg/chsp/compendium/chsp-hospital-linkage-2023.xlsx
060128,CHSP00008347,Uchealth Longs Peak Hospital,Longmont,CO,HSI00001169,University of Colorado Health,1,1,nonprofit,83,0,https://www.ahrq.gov/sites/default/files/wysiwyg/chsp/compendium/chsp-hospital-linkage-2023.xlsx
060024,CHSP00007295,University Of Co Hospital,Aurora,CO,HSI00001169,University of Colorado Health,1,3,public/government,709,1,https://www.ahrq.gov/sites/default/files/wysiwyg/chsp/compendium/chsp-hospital-linkage-2023.xlsx
060049,CHSP00007841,Yampa Valley Medical Center,Steamboat Springs,CO,HSI00001169,University of Colorado Health,1,1,nonprofit,42,0,https://www.ahrq.gov/sites/default/files/wysiwyg/chsp/compendium/chsp-hospital-linkage-2023.xlsx
530025,CHSP00002921,Ivinson Memorial Hospital,Laramie,WY,HSI00001169,University of Colorado Health,1,3,public/government,76,0,https://www.ahrq.gov/sites/default/files/wysiwyg/chsp/compendium/chsp-hospital-linkage-2023.xlsx
184004,CHSP00001793,Eastern State Hospital,Lexington,KY,HSI00001174,University of Kentucky Healthcare,0,3,public/government,195,0,https://www.ahrq.gov/sites/default/files/wysiwyg/chsp/compendium/chsp-hospital-linkage-2023.xlsx
180151,CHSP00007280,Good Samaritan Hospital,Lexington,KY,HSI00001174,University of Kentucky Healthcare,1,,,,,https://www.ahrq.gov/sites/default/files/wysiwyg/chsp/compendium/chsp-hospital-linkage-2023.xlsx
180009,CHSP00003280,Kings Daughters Medical Center,Ashland,KY,HSI00001174,University of Kentucky Healthcare,1,1,nonprofit,367,0,https://www.ahrq.gov/sites/default/files/wysiwyg/chsp/compendium/chsp-hospital-linkage-2023.xlsx
180067,CHSP00007301,University Hospital,Lexington,KY,HSI00001174,University of Kentucky Healthcare,1,1,nonprofit,1144,1,https://www.ahrq.gov/sites/default/files/wysiwyg/chsp/compendium/chsp-hospital-linkage-2023.xlsx
360361,CHSP00003282,Kings Daughters Med Center Ohio,Portsmouth,OH,HSI00001174,University of Kentucky Healthcare,1,1,nonprofit,10,1,https://www.ahrq.gov/sites/default/files/wysiwyg/chsp/compendium/chsp-hospital-linkage-2023.xlsx
210043,CHSP00007303,Baltimore Washington Medical Center,Glen Burnie,MD,HSI00001175,University of Maryland Medical System,1,1,nonprofit,314,0,https://www.ahrq.gov/sites/default/files/wysiwyg/chsp/compendium/chsp-hospital-linkage-2023.xlsx
210030,CHSP00007310,Chester River Hospital Center,Chestertown,MD,HSI00001175,University of Maryland Medical System,1,1,nonprofit,12,0,https://www.ahrq.gov/sites/default/files/wysiwyg/chsp/compendium/chsp-hospital-linkage-2023.xlsx
210035,CHSP00007304,Civista Medical Center,La Plata,MD,HSI00001175,University of Maryland Medical System,1,1,nonprofit,98,0,https://www.ahrq.gov/sites/default/files/wysiwyg/chsp/compendium/chsp-hospital-linkage-2023.xlsx
210006,CHSP00007305,Harford Memorial Hospital,Havre De Grace,MD,HSI00001175,University of Maryland Medical System,1,1,nonprofit,88,0,https://www.ahrq.gov/sites/default/files/wysiwyg/chsp/compendium/chsp-hospital-linkage-2023.xlsx
210058,CHSP00007309,James Lawrence Kernan Hospital,Baltimore,MD,HSI00001175,University of Maryland Medical System,0,1,nonprofit,138,0,https://www.ahrq.gov/sites/default/files/wysiwyg/chsp/compendium/chsp-hospital-linkage-2023.xlsx
210038,CHSP00007308,Maryland General Hospital,Baltimore,MD,HSI00001175,University of Maryland Medical System,1,1,nonprofit,201,1,https://www.ahrq.gov/sites/default/files/wysiwyg/chsp/compendium/chsp-hospital-linkage-2023.xlsx
210037,CHSP00007312,Memorial Easton,Easton,MD,HSI00001175,University of Maryland Medical System,1,1,nonprofit,143,0,https://www.ahrq.gov/sites/default/files/wysiwyg/chsp/compendium/chsp-hospital-linkage-2023.xlsx
213300,CHSP00004371,Mt Washington Pediatric Hospital  In,Baltimore,MD,HSI00001175,University of Maryland Medical System,0,1,nonprofit,,,https://www.ahrq.gov/sites/default/files/wysiwyg/chsp/compendium/chsp-hospital-linkage-2023.xlsx
210063,CHSP00007313,St. Joseph Medical Center,Towson,MD,HSI00001175,University of Maryland Medical System,1,1,nonprofit,225,0,https://www.ahrq.gov/sites/default/files/wysiwyg/chsp/compendium/chsp-hospital-linkage-2023.xlsx
210055,CHSP00003439,Um Laurel Medical Center,Laurel,MD,HSI00001175,University of Maryland Medical System,1,,,,,https://www.ahrq.gov/sites/default/files/wysiwyg/chsp/compendium/chsp-hospital-linkage-2023.xlsx
210003,CHSP00005243,Univ Of Md Capital Region Med Ctr,Cheverly,MD,HSI00001175,University of Maryland Medical System,1,1,nonprofit,220,1,https://www.ahrq.gov/sites/default/files/wysiwyg/chsp/compendium/chsp-hospital-linkage-2023.xlsx
210002,CHSP00007307,University Of Maryland Med Sys,Baltimore,MD,HSI00001175,University of Maryland Medical System,1,1,nonprofit,779,1,https://www.ahrq.gov/sites/default/files/wysiwyg/chsp/compendium/chsp-hospital-linkage-2023.xlsx
210049,CHSP00007314,Upper Chesapeake Medical Center,Bel Air,MD,HSI00001175,University of Maryland Medical System,1,1,nonprofit,202,0,https://www.ahrq.gov/sites/default/files/wysiwyg/chsp/compendium/chsp-hospital-linkage-2023.xlsx
100240,CHSP00000449,Bascom Palmer Eye Institute,Miami,FL,HSI00001176,University of Miami Health System,0,,,,,https://www.ahrq.gov/sites/default/files/wysiwyg/chsp/compendium/chsp-hospital-linkage-2023.xlsx
100079,CHSP00007316,University Of Miami Hosp & Clinics,Miami,FL,HSI00001176,University of Miami Health System,0,1,nonprofit,532,0,https://www.ahrq.gov/sites/default/files/wysiwyg/chsp/compendium/chsp-hospital-linkage-2023.xlsx
100009,CHSP00007315,University Of Miami Hospital,Miami,FL,HSI00001176,University of Miami Health System,1,,,,,https://www.ahrq.gov/sites/default/files/wysiwyg/chsp/compendium/chsp-hospital-linkage-2023.xlsx
330074,CHSP00001921,Fredrick Ferris Thompson Hospital,Canandaigua,NY,HSI00001179,University of Rochester Medical Center,1,1,nonprofit,113,0,https://www.ahrq.gov/sites/default/files/wysiwyg/chsp/compendium/chsp-hospital-linkage-2023.xlsx
330164,CHSP00002668,Highland Hospital,Rochester,NY,HSI00001179,University of Rochester Medical Center,1,1,nonprofit,261,0,https://www.ahrq.gov/sites/default/files/wysiwyg/chsp/compendium/chsp-hospital-linkage-2023.xlsx
330096,CHSP00003046,Jones Memorial Hospital,Wellsville,NY,HSI00001179,University of Rochester Medical Center,1,1,nonprofit,49,0,https://www.ahrq.gov/sites/default/files/wysiwyg/chsp/compendium/chsp-hospital-linkage-2023.xlsx
330238,CHSP00004514,Nicholas H. Noyes Memorial Hospital,Dansville,NY,HSI00001179,University of Rochester Medical Center,1,1,nonprofit,67,0,https://www.ahrq.gov/sites/default/files/wysiwyg/chsp/compendium/chsp-hospital-linkage-2023.xlsx
330151,CHSP00006465,St. James Hospital,Hornell,NY,HSI00001179,University of Rochester Medical Center,1,1,nonprofit,15,0,https://www.ahrq.gov/sites/default/files/wysiwyg/chsp/compendium/chsp-hospital-linkage-2023.xlsx
330285,CHSP00006683,Strong Memorial Hospital,Rochester,NY,HSI00001179,University of Rochester Medical Center,1,1,nonprofit,749,0,https://www.ahrq.gov/sites/default/files/wysiwyg/chsp/compendium/chsp-hospital-linkage-2023.xlsx
050696,CHSP00003131,Keck Hospital Of Usc,Los Angeles,CA,HSI00001181,University of Southern California,1,1,nonprofit,314,0,https://www.ahrq.gov/sites/default/files/wysiwyg/chsp/compendium/chsp-hospital-linkage-2023.xlsx
050238,CHSP00004128,Usc Arcadia Hospital,Arcadia,CA,HSI00001181,University of Southern California,1,1,nonprofit,318,0,https://www.ahrq.gov/sites/default/files/wysiwyg/chsp/compendium/chsp-hospital-linkage-2023.xlsx
050660,CHSP00007192,Usc Norris Cancer Hospital,Los Angeles,CA,HSI00001181,University of Southern California,0,1,nonprofit,60,0,https://www.ahrq.gov/sites/default/files/wysiwyg/chsp/compendium/chsp-hospital-linkage-2023.xlsx
050124,CHSP00007193,Verdugo Hills Hospital,Glendale,CA,HSI00001181,University of Southern California,1,1,nonprofit,135,0,https://www.ahrq.gov/sites/default/files/wysiwyg/chsp/compendium/chsp-hospital-linkage-2023.xlsx
330084,CHSP00006959,Alice Hyde Medical Center,Malone,NY,HSI00001185,University of Vermont Health Network,1,1,nonprofit,36,0,https://www.ahrq.gov/sites/default/files/wysiwyg/chsp/compendium/chsp-hospital-linkage-2023.xlsx
330250,CHSP00006963,Champlain Valley Physicians Hospital,Plattsburgh,NY,HSI00001185,University of Vermont Health Network,1,1,nonprofit,286,0,https://www.ahrq.gov/sites/default/files/wysiwyg/chsp/compendium/chsp-hospital-linkage-2023.xlsx
331302,CHSP00006961,Elizabethtown Community Hospital,Elizabethtown,NY,HSI00001185,University of Vermont Health Network,1,1,nonprofit,25,0,https://www.ahrq.gov/sites/default/files/wysiwyg/chsp/compendium/chsp-hospital-linkage-2023.xlsx
470001,CHSP00006960,Central Vermont Hospital,Berlin,VT,HSI00001185,University of Vermont Health Network,1,1,nonprofit,88,0,https://www.ahrq.gov/sites/default/files/wysiwyg/chsp/compendium/chsp-hospital-linkage-2023.xlsx
471307,CHSP00005183,Porter Hospital,Middlebury,VT,HSI00001185,University of Vermont Health Network,1,1,nonprofit,25,0,https://www.ahrq.gov/sites/default/files/wysiwyg/chsp/compendium/chsp-hospital-linkage-2023.xlsx
470003,CHSP00006962,University Of Vermont Medical Center,Burlington,VT,HSI00001185,University of Vermont Health Network,1,1,nonprofit,448,0,https://www.ahrq.gov/sites/default/files/wysiwyg/chsp/compendium/chsp-hospital-linkage-2023.xlsx
490019,CHSP00004705,Culpeper Memorial Hospital,Culpeper,VA,HSI00001186,University of Virginia Health System,1,3,public/government,70,0,https://www.ahrq.gov/sites/default/files/wysiwyg/chsp/compendium/chsp-hospital-linkage-2023.xlsx
490009,CHSP00007341,University Of Virginia Medical Cente,Charlottesville,VA,HSI00001186,University of Virginia Health System,1,1,nonprofit,665,0,https://www.ahrq.gov/sites/default/files/wysiwyg/chsp/compendium/chsp-hospital-linkage-2023.xlsx
490144,CHSP00004706,Uva Health Haymarket Medical Center,Haymarket,VA,HSI00001186,University of Virginia Health System,1,3,public/government,44,0,https://www.ahrq.gov/sites/default/files/wysiwyg/chsp/compendium/chsp-hospital-linkage-2023.xlsx
490045,CHSP00004707,Uva Health Prince William Medical,Manassas,VA,HSI00001186,University of Virginia Health System,1,3,public/government,106,0,https://www.ahrq.gov/sites/default/files/wysiwyg/chsp/compendium/chsp-hospital-linkage-2023.xlsx
492011,CHSP00007200,Uva Transitional Care Hospital,Charlottesville,VA,HSI00001186,University of Virginia Health System,0,,,,,https://www.ahrq.gov/sites/default/files/wysiwyg/chsp/compendium/chsp-hospital-linkage-2023.xlsx
491307,CHSP00004914,Page Memorial Hospital,Luray,VA,HSI00001217,Valley Health,1,1,nonprofit,25,0,https://www.ahrq.gov/sites/default/files/wysiwyg/chsp/compendium/chsp-hospital-linkage-2023.xlsx
491305,CHSP00006102,Shenandoah Memorial Hospital,Woodstock,VA,HSI00001217,Valley Health,1,1,nonprofit,25,0,https://www.ahrq.gov/sites/default/files/wysiwyg/chsp/compendium/chsp-hospital-linkage-2023.xlsx
490033,CHSP00007557,Warren Memorial Hospital,Front Royal,VA,HSI00001217,Valley Health,1,1,nonprofit,36,0,https://www.ahrq.gov/sites/default/files/wysiwyg/chsp/compendium/chsp-hospital-linkage-2023.xlsx
490005,CHSP00007767,Winchester Medical Center,Winchester,VA,HSI00001217,Valley Health,1,1,nonprofit,455,0,https://www.ahrq.gov/sites/default/files/wysiwyg/chsp/compendium/chsp-hospital-linkage-2023.xlsx
511311,CHSP00002490,Hampshire Memorial Hospital,Romney,WV,HSI00001217,Valley Health,1,1,nonprofit,14,0,https://www.ahrq.gov/sites/default/files/wysiwyg/chsp/compendium/chsp-hospital-linkage-2023.xlsx
511309,CHSP00007547,War Memorial Hospital,Berkeley Springs,WV,HSI00001217,Valley Health,1,1,nonprofit,25,0,https://www.ahrq.gov/sites/default/files/wysiwyg/chsp/compendium/chsp-hospital-linkage-2023.xlsx
310012,CHSP00007392,The Valley Hospital,Ridgewood,NJ,HSI00001218,Valley Health System,1,1,nonprofit,385,0,https://www.ahrq.gov/sites/default/files/wysiwyg/chsp/compendium/chsp-hospital-linkage-2023.xlsx
220024,CHSP00002727,Holyoke Medical Center,Holyoke,MA,HSI00001219,Valley Health Systems,1,1,nonprofit,201,1,https://www.ahrq.gov/sites/default/files/wysiwyg/chsp/compendium/chsp-hospital-linkage-2023.xlsx
440137,CHSP00006834,Vanderbilt Bedford County Hospital,Shelbyville,TN,HSI00001222,Vanderbilt Health,1,5,for-profit,24,0,https://www.ahrq.gov/sites/default/files/wysiwyg/chsp/compendium/chsp-hospital-linkage-2023.xlsx
440144,CHSP00006829,Vanderbilt Tullahoma-Harton Hospital,Tullahoma,TN,HSI00001222,Vanderbilt Health,1,1,nonprofit,71,0,https://www.ahrq.gov/sites/default/files/wysiwyg/chsp/compendium/chsp-hospital-linkage-2023.xlsx
440039,CHSP00007410,Vanderbilt University Medical Center,Nashville,TN,HSI00001222,Vanderbilt Health,1,1,nonprofit,1084,0,https://www.ahrq.gov/sites/default/files/wysiwyg/chsp/compendium/chsp-hospital-linkage-2023.xlsx
440193,CHSP00006833,Vanderbilt Wilson County Hospital,Lebanon,TN,HSI00001222,Vanderbilt Health,1,1,nonprofit,113,0,https://www.ahrq.gov/sites/default/files/wysiwyg/chsp/compendium/chsp-hospital-linkage-2023.xlsx
340120,CHSP00007496,Duplin General Hospital Incorporated,Kenansville,NC,HSI00001230,ECU Health,1,1,nonprofit,49,0,https://www.ahrq.gov/sites/default/files/wysiwyg/chsp/compendium/chsp-hospital-linkage-2023.xlsx
340099,CHSP00007499,East Carolina Health,Ahoskie,NC,HSI00001230,ECU Health,1,1,nonprofit,52,0,https://www.ahrq.gov/sites/default/files/wysiwyg/chsp/compendium/chsp-hospital-linkage-2023.xlsx
341318,CHSP00007495,East Carolina Health - Chowan Inc,Edenton,NC,HSI00001230,ECU Health,1,1,nonprofit,25,0,https://www.ahrq.gov/sites/default/files/wysiwyg/chsp/compendium/chsp-hospital-linkage-2023.xlsx
340107,CHSP00007497,East Carolina Health - Heritage Inc,Tarboro,NC,HSI00001230,ECU Health,1,1,nonprofit,101,0,https://www.ahrq.gov/sites/default/files/wysiwyg/chsp/compendium/chsp-hospital-linkage-2023.xlsx
341304,CHSP00007494,East Carolina Health-Bertie,Windsor,NC,HSI00001230,ECU Health,1,3,public/government,6,0,https://www.ahrq.gov/sites/default/files/wysiwyg/chsp/compendium/chsp-hospital-linkage-2023.xlsx
340186,CHSP00007493,Ecu Health Beaufort Hospital - A Campus Of Ecu Health Medical Center,Washington,NC,HSI00001230,ECU Health,1,,,,,https://www.ahrq.gov/sites/default/files/wysiwyg/chsp/compendium/chsp-hospital-linkage-2023.xlsx
340151,CHSP00002479,Halifax Regional Medical Center Inc,Roanoke Rapids,NC,HSI00001230,ECU Health,1,1,nonprofit,100,0,https://www.ahrq.gov/sites/default/files/wysiwyg/chsp/compendium/chsp-hospital-linkage-2023.xlsx
340040,CHSP00007498,Pitt County Memorial Hospital Inc,Greenville,NC,HSI00001230,ECU Health,1,1,nonprofit,1013,0,https://www.ahrq.gov/sites/default/files/wysiwyg/chsp/compendium/chsp-hospital-linkage-2023.xlsx
341324,CHSP00006946,The Outer Banks Hospital Inc,Nags Head,NC,HSI00001230,ECU Health,1,1,nonprofit,21,0,https://www.ahrq.gov/sites/default/files/wysiwyg/chsp/compendium/chsp-hospital-linkage-2023.xlsx
,CHSP00007509,Virtua Marlton,Marlton,NJ,HSI00001233,Virtua Health,1,,,,,https://www.ahrq.gov/sites/default/files/wysiwyg/chsp/compendium/chsp-hospital-linkage-2023.xlsx
310057,CHSP00007510,Virtua Mount Holly Hospital,Mount Holly,NJ,HSI00001233,Virtua Health,1,1,nonprofit,312,0,https://www.ahrq.gov/sites/default/files/wysiwyg/chsp/compendium/chsp-hospital-linkage-2023.xlsx
310029,CHSP00004880,Virtua Our Lady Of Lourdes Hospital,Camden,NJ,HSI00001233,Virtua Health,1,1,nonprofit,279,0,https://www.ahrq.gov/sites/default/files/wysiwyg/chsp/compendium/chsp-hospital-linkage-2023.xlsx
310061,CHSP00003608,Virtua Willingboro Hospital,Willingboro,NJ,HSI00001233,Virtua Health,1,1,nonprofit,149,0,https://www.ahrq.gov/sites/default/files/wysiwyg/chsp/compendium/chsp-hospital-linkage-2023.xlsx
310022,CHSP00007511,West Jersey Health System,Voorhees,NJ,HSI00001233,Virtua Health,1,1,nonprofit,589,0,https://www.ahrq.gov/sites/default/files/wysiwyg/chsp/compendium/chsp-hospital-linkage-2023.xlsx
340173,CHSP00007529,Wake Med Cary Hospital,Cary,NC,HSI00001236,WakeMed Health and Hospitals,1,1,nonprofit,222,0,https://www.ahrq.gov/sites/default/files/wysiwyg/chsp/compendium/chsp-hospital-linkage-2023.xlsx
340069,CHSP00007531,Wakemed Raleigh Campus,Raleigh,NC,HSI00001236,WakeMed Health and Hospitals,1,1,nonprofit,617,0,https://www.ahrq.gov/sites/default/files/wysiwyg/chsp/compendium/chsp-hospital-linkage-2023.xlsx
390042,CHSP00007571,The Washington Hospital,Washington,PA,HSI00001238,Washington Health System,1,1,nonprofit,214,0,https://www.ahrq.gov/sites/default/files/wysiwyg/chsp/compendium/chsp-hospital-linkage-2023.xlsx
390150,CHSP00007570,Whs - Greene,Waynesburg,PA,HSI00001238,Washington Health System,1,1,nonprofit,18,0,https://www.ahrq.gov/sites/default/files/wysiwyg/chsp/compendium/chsp-hospital-linkage-2023.xlsx
040004,CHSP00007573,Washington Regional Medical Center,Fayetteville,AR,HSI00001240,Washington Regional,1,1,nonprofit,377,0,https://www.ahrq.gov/sites/default/files/wysiwyg/chsp/compendium/chsp-hospital-linkage-2023.xlsx
390125,CHSP00007589,Wayne Memorial Hospital,Honesdale,PA,HSI00001242,Wayne Memorial Health System,1,1,nonprofit,92,0,https://www.ahrq.gov/sites/default/files/wysiwyg/chsp/compendium/chsp-hospital-linkage-2023.xlsx
390225,CHSP00007610,Ephrata Community Hospital,Ephrata,PA,HSI00001243,Wellspan Health,1,1,nonprofit,115,0,https://www.ahrq.gov/sites/default/files/wysiwyg/chsp/compendium/chsp-hospital-linkage-2023.xlsx
394020,CHSP00005084,Philhaven,Mount Gretna,PA,HSI00001243,Wellspan Health,0,1,nonprofit,118,0,https://www.ahrq.gov/sites/default/files/wysiwyg/chsp/compendium/chsp-hospital-linkage-2023.xlsx
390151,CHSP00001098,The Chambersburg Hospital,Chambersburg,PA,HSI00001243,Wellspan Health,1,1,nonprofit,234,0,https://www.ahrq.gov/sites/default/files/wysiwyg/chsp/compendium/chsp-hospital-linkage-2023.xlsx
390065,CHSP00007611,The Gettysburg Hospital,Gettysburg,PA,HSI00001243,Wellspan Health,1,1,nonprofit,76,0,https://www.ahrq.gov/sites/default/files/wysiwyg/chsp/compendium/chsp-hospital-linkage-2023.xlsx
390066,CHSP00007612,The Good Samaritan Hospital,Lebanon,PA,HSI00001243,Wellspan Health,1,1,nonprofit,145,0,https://www.ahrq.gov/sites/default/files/wysiwyg/chsp/compendium/chsp-hospital-linkage-2023.xlsx
390138,CHSP00007592,Waynesboro Hospital,Waynesboro,PA,HSI00001243,Wellspan Health,1,1,nonprofit,57,0,https://www.ahrq.gov/sites/default/files/wysiwyg/chsp/compendium/chsp-hospital-linkage-2023.xlsx
390327,CHSP00007626,Wellspan Surgery And Rehab Hospital,York,PA,HSI00001243,Wellspan Health,0,1,nonprofit,25,0,https://www.ahrq.gov/sites/default/files/wysiwyg/chsp/compendium/chsp-hospital-linkage-2023.xlsx
390046,CHSP00007613,York Hospital,York,PA,HSI00001243,Wellspan Health,1,1,nonprofit,533,0,https://www.ahrq.gov/sites/default/files/wysiwyg/chsp/compendium/chsp-hospital-linkage-2023.xlsx
210017,CHSP00002160,Garrett County Memorial Hospital,Oakland,MD,HSI00001251,West Virginia University Health System,1,1,nonprofit,20,0,https://www.ahrq.gov/sites/default/files/wysiwyg/chsp/compendium/chsp-hospital-linkage-2023.xlsx
361321,CHSP00000441,Barnesville Hospital,Barnesville,OH,HSI00001251,West Virginia University Health System,1,1,nonprofit,25,0,https://www.ahrq.gov/sites/default/files/wysiwyg/chsp/compendium/chsp-hospital-linkage-2023.xlsx
361311,CHSP00002530,Harrison Community Hospital,Cadiz,OH,HSI00001251,West Virginia University Health System,1,1,nonprofit,25,0,https://www.ahrq.gov/sites/default/files/wysiwyg/chsp/compendium/chsp-hospital-linkage-2023.xlsx
390041,CHSP00007219,Uniontown Hospital,Uniontown,PA,HSI00001251,West Virginia University Health System,1,1,nonprofit,134,0,https://www.ahrq.gov/sites/default/files/wysiwyg/chsp/compendium/chsp-hospital-linkage-2023.xlsx
511308,CHSP00000698,Braxton County Memorial Hospital,Gassaway,WV,HSI00001251,West Virginia University Health System,1,1,nonprofit,25,0,https://www.ahrq.gov/sites/default/files/wysiwyg/chsp/compendium/chsp-hospital-linkage-2023.xlsx
510058,CHSP00000888,Camden-Clark Memorial Hospital,Parkersburg,WV,HSI00001251,West Virginia University Health System,1,1,nonprofit,251,0,https://www.ahrq.gov/sites/default/files/wysiwyg/chsp/compendium/chsp-hospital-linkage-2023.xlsx
514007,CHSP00008743,Chestnut Ridge Center,Morgantown,WV,HSI00001251,West Virginia University Health System,0,,,,,https://www.ahrq.gov/sites/default/files/wysiwyg/chsp/compendium/chsp-hospital-linkage-2023.xlsx
510008,CHSP00000592,City Hospital Inc.,Martinsburg,WV,HSI00001251,West Virginia University Health System,1,1,nonprofit,161,0,https://www.ahrq.gov/sites/default/files/wysiwyg/chsp/compendium/chsp-hospital-linkage-2023.xlsx
515082,CHSP00008772,Fairmont Medical Center,Fairmont,WV,HSI00001251,West Virginia University Health System,1,,,,,https://www.ahrq.gov/sites/default/files/wysiwyg/chsp/compendium/chsp-hospital-linkage-2023.xlsx
511316,CHSP00002292,Grant Memorial Hospital,Petersburg,WV,HSI00001251,West Virginia University Health System,1,3,public/government,25,0,https://www.ahrq.gov/sites/default/files/wysiwyg/chsp/compendium/chsp-hospital-linkage-2023.xlsx
511320,CHSP00002941,Jackson General Hospital,Ripley,WV,HSI00001251,West Virginia University Health System,1,1,nonprofit,25,0,https://www.ahrq.gov/sites/default/files/wysiwyg/chsp/compendium/chsp-hospital-linkage-2023.xlsx
511319,CHSP00002988,Jefferson Memorial Hospital,Ranson,WV,HSI00001251,West Virginia University Health System,1,1,nonprofit,25,0,https://www.ahrq.gov/sites/default/files/wysiwyg/chsp/compendium/chsp-hospital-linkage-2023.xlsx
511315,CHSP00005204,Potomac Valley Hospital,Keyser,WV,HSI00001251,West Virginia University Health System,1,1,nonprofit,25,0,https://www.ahrq.gov/sites/default/files/wysiwyg/chsp/compendium/chsp-hospital-linkage-2023.xlsx
510046,CHSP00005245,Princeton Community Hospital,Princeton,WV,HSI00001251,West Virginia University Health System,1,3,public/government,115,0,https://www.ahrq.gov/sites/default/files/wysiwyg/chsp/compendium/chsp-hospital-linkage-2023.xlsx
510013,CHSP00005488,Reynolds Memorial Hospital,Glen Dale,WV,HSI00001251,West Virginia University Health System,1,1,nonprofit,94,0,https://www.ahrq.gov/sites/default/files/wysiwyg/chsp/compendium/chsp-hospital-linkage-2023.xlsx
510031,CHSP00005716,St Francis Hospital,Charleston,WV,HSI00001251,West Virginia University Health System,1,1,nonprofit,40,1,https://www.ahrq.gov/sites/default/files/wysiwyg/chsp/compendium/chsp-hospital-linkage-2023.xlsx
511321,CHSP00006511,St. Josephs Hospital Of Buckhannon,Buckhannon,WV,HSI00001251,West Virginia University Health System,1,1,nonprofit,25,0,https://www.ahrq.gov/sites/default/files/wysiwyg/chsp/compendium/chsp-hospital-linkage-2023.xlsx
511322,CHSP00006700,Summersville Regional Med Center,Summersville,WV,HSI00001251,West Virginia University Health System,1,1,nonprofit,25,0,https://www.ahrq.gov/sites/default/files/wysiwyg/chsp/compendium/chsp-hospital-linkage-2023.xlsx
510029,CHSP00006989,Thomas Memorial Hospital,South Charleston,WV,HSI00001251,West Virginia University Health System,1,1,nonprofit,168,0,https://www.ahrq.gov/sites/default/files/wysiwyg/chsp/compendium/chsp-hospital-linkage-2023.xlsx
510006,CHSP00007222,United Hospital Center,Bridgeport,WV,HSI00001251,West Virginia University Health System,1,1,nonprofit,232,0,https://www.ahrq.gov/sites/default/files/wysiwyg/chsp/compendium/chsp-hospital-linkage-2023.xlsx
510001,CHSP00007673,West Virginia University Hospitals,Morgantown,WV,HSI00001251,West Virginia University Health System,1,1,nonprofit,716,1,https://www.ahrq.gov/sites/default/files/wysiwyg/chsp/compendium/chsp-hospital-linkage-2023.xlsx
510072,CHSP00007698,Wetzel County Hospital,New Martinsville,WV,HSI00001251,West Virginia University Health System,1,3,public/government,25,0,https://www.ahrq.gov/sites/default/files/wysiwyg/chsp/compendium/chsp-hospital-linkage-2023.xlsx
510050,CHSP00007707,Wheeling Hospital,Wheeling,WV,HSI00001251,West Virginia University Health System,1,1,nonprofit,189,0,https://www.ahrq.gov/sites/default/files/wysiwyg/chsp/compendium/chsp-hospital-linkage-2023.xlsx
070033,CHSP00001593,Danbury Hospital,Danbury,CT,HSI00001253,Nuvance Health,1,1,nonprofit,338,0,https://www.ahrq.gov/sites/default/files/wysiwyg/chsp/compendium/chsp-hospital-linkage-2023.xlsx
070015,CHSP00004481,New Milford Hospital,New Milford,CT,HSI00001253,Nuvance Health,1,,,,,https://www.ahrq.gov/sites/default/files/wysiwyg/chsp/compendium/chsp-hospital-linkage-2023.xlsx
070034,CHSP00004689,Norwalk Hospital,Norwalk,CT,HSI00001253,Nuvance Health,1,1,nonprofit,186,0,https://www.ahrq.gov/sites/default/files/wysiwyg/chsp/compendium/chsp-hospital-linkage-2023.xlsx
070004,CHSP00006086,Sharon Hospital,Sharon,CT,HSI00001253,Nuvance Health,1,1,nonprofit,50,0,https://www.ahrq.gov/sites/default/files/wysiwyg/chsp/compendium/chsp-hospital-linkage-2023.xlsx
330049,CHSP00004626,Northern Dutchess Hospital,Rhinebeck,NY,HSI00001253,Nuvance Health,1,1,nonprofit,79,0,https://www.ahrq.gov/sites/default/files/wysiwyg/chsp/compendium/chsp-hospital-linkage-2023.xlsx
330273,CHSP00005344,Putnam Hospital Center,Carmel,NY,HSI00001253,Nuvance Health,1,1,nonprofit,88,0,https://www.ahrq.gov/sites/default/files/wysiwyg/chsp/compendium/chsp-hospital-linkage-2023.xlsx
330023,CHSP00007412,Vassar Brothers Medical Center,Poughkeepsie,NY,HSI00001253,Nuvance Health,1,1,nonprofit,345,0,https://www.ahrq.gov/sites/default/files/wysiwyg/chsp/compendium/chsp-hospital-linkage-2023.xlsx
041310,CHSP00006666,Stone County Medical Center,Mountain View,AR,HSI00001260,White River Health System,1,1,nonprofit,25,0,https://www.ahrq.gov/sites/default/files/wysiwyg/chsp/compendium/chsp-hospital-linkage-2023.xlsx
040119,CHSP00007715,White River Medical Center,Batesville,AR,HSI00001260,White River Health System,1,1,nonprofit,170,0,https://www.ahrq.gov/sites/default/files/wysiwyg/chsp/compendium/chsp-hospital-linkage-2023.xlsx
190088,CHSP00006379,Springhill Medical Center,Springhill,LA,HSI00001263,Willis Knighton Health System,1,1,nonprofit,46,0,https://www.ahrq.gov/sites/default/files/wysiwyg/chsp/compendium/chsp-hospital-linkage-2023.xlsx
190236,CHSP00007518,Willis Knighton Bossier Health Center,Bossier City,LA,HSI00001263,Willis Knighton Health System,1,,,,,https://www.ahrq.gov/sites/default/files/wysiwyg/chsp/compendium/chsp-hospital-linkage-2023.xlsx
190111,CHSP00007752,Willis-Knighton Health Systems,Shreveport,LA,HSI00001263,Willis Knighton Health System,1,1,nonprofit,674,0,https://www.ahrq.gov/sites/default/files/wysiwyg/chsp/compendium/chsp-hospital-linkage-2023.xlsx
240044,CHSP00007781,Winona Health Services,Winona,MN,HSI00001264,Winona Health,1,1,nonprofit,41,0,https://www.ahrq.gov/sites/default/files/wysiwyg/chsp/compendium/chsp-hospital-linkage-2023.xlsx
070010,CHSP00000705,Bridgeport Hospital,Bridgeport,CT,HSI00001272,Yale New Haven Health System,1,1,nonprofit,390,0,https://www.ahrq.gov/sites/default/files/wysiwyg/chsp/compendium/chsp-hospital-linkage-2023.xlsx
070019,CHSP00004199,Bridgeport Hospital Milford Main Campus,Milford,CT,HSI00001272,Yale New Haven Health System,1,,,,,https://www.ahrq.gov/sites/default/files/wysiwyg/chsp/compendium/chsp-hospital-linkage-2023.xlsx
070018,CHSP00002323,Greenwich Hospital,Greenwich,CT,HSI00001272,Yale New Haven Health System,1,1,nonprofit,185,0,https://www.ahrq.gov/sites/default/files/wysiwyg/chsp/compendium/chsp-hospital-linkage-2023.xlsx
070007,CHSP00003443,Lawrence & Memorial Hospital,New London,CT,HSI00001272,Yale New Haven Health System,1,1,nonprofit,236,0,https://www.ahrq.gov/sites/default/files/wysiwyg/chsp/compendium/chsp-hospital-linkage-2023.xlsx
070001,CHSP00007835,Yale New Haven Hospital Saint Raphael Campus,New Haven,CT,HSI00001272,Yale New Haven Health System,1,,,,,https://www.ahrq.gov/sites/default/files/wysiwyg/chsp/compendium/chsp-hospital-linkage-2023.xlsx
070022,CHSP00007839,Yale-New Haven Hospital,New Haven,CT,HSI00001272,Yale New Haven Health System,1,1,nonprofit,1340,0,https://www.ahrq.gov/sites/default/files/wysiwyg/chsp/compendium/chsp-hospital-linkage-2023.xlsx
410013,CHSP00007677,The Westerly Hospital,Westerly,RI,HSI00001272,Yale New Haven Health System,1,1,nonprofit,77,0,https://www.ahrq.gov/sites/default/files/wysiwyg/chsp/compendium/chsp-hospital-linkage-2023.xlsx
200020,CHSP00007848,York Hospital,York,ME,HSI00001274,York Hospital,1,1,nonprofit,54,0,https://www.ahrq.gov/sites/default/files/wysiwyg/chsp/compendium/chsp-hospital-linkage-2023.xlsx
030013,CHSP00007854,Yuma Regional Medical Center,Yuma,AZ,HSI00001275,Yuma Regional Medical Center,1,1,nonprofit,430,0,https://www.ahrq.gov/sites/default/files/wysiwyg/chsp/compendium/chsp-hospital-linkage-2023.xlsx
501330,CHSP00006718,Astria Sunnyside Hospital,Sunnyside,WA,HSI00001281,Astria Health System,1,1,nonprofit,25,0,https://www.ahrq.gov/sites/default/files/wysiwyg/chsp/compendium/chsp-hospital-linkage-2023.xlsx
500037,CHSP00007016,Toppenish Community Hospital,Toppenish,WA,HSI00001281,Astria Health System,1,1,nonprofit,47,1,https://www.ahrq.gov/sites/default/files/wysiwyg/chsp/compendium/chsp-hospital-linkage-2023.xlsx
330235,CHSP00000278,Auburn Memorial Hospital,Auburn,NY,HSI00001283,Auburn Community Hospital,1,1,nonprofit,85,0,https://www.ahrq.gov/sites/default/files/wysiwyg/chsp/compendium/chsp-hospital-linkage-2023.xlsx
440012,CHSP00007621,Bristol Regional Medical Center,Bristol,TN,HSI00001284,Ballad Health,1,1,nonprofit,244,0,https://www.ahrq.gov/sites/default/files/wysiwyg/chsp/compendium/chsp-hospital-linkage-2023.xlsx
440184,CHSP00002111,Franklin Woods Community Hospital,Johnson City,TN,HSI00001284,Ballad Health,1,1,nonprofit,80,0,https://www.ahrq.gov/sites/default/files/wysiwyg/chsp/compendium/chsp-hospital-linkage-2023.xlsx
440050,CHSP00008922,Greeneville Community Hospital,Greeneville,TN,HSI00001284,Ballad Health,1,1,nonprofit,81,0,https://www.ahrq.gov/sites/default/files/wysiwyg/chsp/compendium/chsp-hospital-linkage-2023.xlsx
440025,CHSP00003435,Greeneville Community Hospital East,Greeneville,TN,HSI00001284,Ballad Health,1,,,,,https://www.ahrq.gov/sites/default/files/wysiwyg/chsp/compendium/chsp-hospital-linkage-2023.xlsx
441313,CHSP00007622,Hancock County Hospital,Sneedville,TN,HSI00001284,Ballad Health,1,1,nonprofit,10,0,https://www.ahrq.gov/sites/default/files/wysiwyg/chsp/compendium/chsp-hospital-linkage-2023.xlsx
440032,CHSP00007623,Hawkins County Memorial Hospital,Rogersville,TN,HSI00001284,Ballad Health,1,1,nonprofit,6,0,https://www.ahrq.gov/sites/default/files/wysiwyg/chsp/compendium/chsp-hospital-linkage-2023.xlsx
440017,CHSP00007624,Holston Valley Hosp & Med Ctr,Kingsport,TN,HSI00001284,Ballad Health,1,1,nonprofit,286,0,https://www.ahrq.gov/sites/default/files/wysiwyg/chsp/compendium/chsp-hospital-linkage-2023.xlsx
440176,CHSP00002859,Indian Path Community Hospital,Kingsport,TN,HSI00001284,Ballad Health,1,1,nonprofit,35,1,https://www.ahrq.gov/sites/default/files/wysiwyg/chsp/compendium/chsp-hospital-linkage-2023.xlsx
440063,CHSP00003029,Johnson City Medical Center,Johnson City,TN,HSI00001284,Ballad Health,1,1,nonprofit,537,0,https://www.ahrq.gov/sites/default/files/wysiwyg/chsp/compendium/chsp-hospital-linkage-2023.xlsx
441304,CHSP00003030,Johnson County Community Hospital,Mountain City,TN,HSI00001284,Ballad Health,1,1,nonprofit,2,0,https://www.ahrq.gov/sites/default/files/wysiwyg/chsp/compendium/chsp-hospital-linkage-2023.xlsx
440018,CHSP00006769,Sycamore Shoals Hospital,Elizabethton,TN,HSI00001284,Ballad Health,1,1,nonprofit,109,0,https://www.ahrq.gov/sites/default/files/wysiwyg/chsp/compendium/chsp-hospital-linkage-2023.xlsx
440001,CHSP00007209,Unicoi County Hospital,Erwin,TN,HSI00001284,Ballad Health,1,1,nonprofit,8,0,https://www.ahrq.gov/sites/default/files/wysiwyg/chsp/compendium/chsp-hospital-linkage-2023.xlsx
444006,CHSP00007811,Woodridge Hospital,Johnson City,TN,HSI00001284,Ballad Health,0,,,,,https://www.ahrq.gov/sites/default/files/wysiwyg/chsp/compendium/chsp-hospital-linkage-2023.xlsx
491303,CHSP00001675,Dickenson Community Hospital,Clintwood,VA,HSI00001284,Ballad Health,1,1,nonprofit,2,0,https://www.ahrq.gov/sites/default/files/wysiwyg/chsp/compendium/chsp-hospital-linkage-2023.xlsx
490053,CHSP00003041,Johnston Memorial Hospital,Abingdon,VA,HSI00001284,Ballad Health,1,1,nonprofit,100,0,https://www.ahrq.gov/sites/default/files/wysiwyg/chsp/compendium/chsp-hospital-linkage-2023.xlsx
491309,CHSP00008667,Lee County Community Hospital,Pennington Gap,VA,HSI00001284,Ballad Health,1,1,nonprofit,12,0,https://www.ahrq.gov/sites/default/files/wysiwyg/chsp/compendium/chsp-hospital-linkage-2023.xlsx
490114,CHSP00007625,Lonesome Pine Hospital,Big Stone Gap,VA,HSI00001284,Ballad Health,1,1,nonprofit,56,0,https://www.ahrq.gov/sites/default/files/wysiwyg/chsp/compendium/chsp-hospital-linkage-2023.xlsx
490027,CHSP00004360,Mountain View Regional Medical Center,Norton,VA,HSI00001284,Ballad Health,1,,,,,https://www.ahrq.gov/sites/default/files/wysiwyg/chsp/compendium/chsp-hospital-linkage-2023.xlsx
495374,CHSP00008168,Mountain View Regional Medical Center,Norton,VA,HSI00001284,Ballad Health,1,,,,,https://www.ahrq.gov/sites/default/files/wysiwyg/chsp/compendium/chsp-hospital-linkage-2023.xlsx
490001,CHSP00004683,Norton Community Hospital,Norton,VA,HSI00001284,Ballad Health,1,,,,,https://www.ahrq.gov/sites/default/files/wysiwyg/chsp/compendium/chsp-hospital-linkage-2023.xlsx
490002,CHSP00005633,Russell County Hospital,Lebanon,VA,HSI00001284,Ballad Health,1,1,nonprofit,47,1,https://www.ahrq.gov/sites/default/files/wysiwyg/chsp/compendium/chsp-hospital-linkage-2023.xlsx
490038,CHSP00006181,Smyth County Community Hospital,Marion,VA,HSI00001284,Ballad Health,1,1,nonprofit,20,0,https://www.ahrq.gov/sites/default/files/wysiwyg/chsp/compendium/chsp-hospital-linkage-2023.xlsx
070029,CHSP00000713,Bristol Hospital  Inc,Bristol,CT,HSI00001286,Bristol Hospital,1,1,nonprofit,123,0,https://www.ahrq.gov/sites/default/files/wysiwyg/chsp/compendium/chsp-hospital-linkage-2023.xlsx
330233,CHSP00000727,Brookdale Hospital Medical Center,New York,NY,HSI00001288,Brookdale University Hospital And Medical Center,1,1,nonprofit,498,1,https://www.ahrq.gov/sites/default/files/wysiwyg/chsp/compendium/chsp-hospital-linkage-2023.xlsx
241353,CHSP00001570,Cuyuna Regional Medical Center,Crosby,MN,HSI00001301,Cuyuna Regional Medical Center,1,1,nonprofit,25,0,https://www.ahrq.gov/sites/default/files/wysiwyg/chsp/compendium/chsp-hospital-linkage-2023.xlsx
247171,CHSP00007948,Cuyuna Regional Medical Center,Crosby,MN,HSI00001301,Cuyuna Regional Medical Center,1,,,,,https://www.ahrq.gov/sites/default/files/wysiwyg/chsp/compendium/chsp-hospital-linkage-2023.xlsx
150026,CHSP00002870,Goshen Hospital,Goshen,IN,HSI00001309,Goshen Health,1,1,nonprofit,103,0,https://www.ahrq.gov/sites/default/files/wysiwyg/chsp/compendium/chsp-hospital-linkage-2023.xlsx
230072,CHSP00002710,Holland Hospital,Holland,MI,HSI00001319,Holland Hospital,1,1,nonprofit,189,0,https://www.ahrq.gov/sites/default/files/wysiwyg/chsp/compendium/chsp-hospital-linkage-2023.xlsx
390173,CHSP00002862,Indiana Regional Medical Center,Indiana,PA,HSI00001324,Indiana Regional Medical Center,1,1,nonprofit,134,0,https://www.ahrq.gov/sites/default/files/wysiwyg/chsp/compendium/chsp-hospital-linkage-2023.xlsx
060020,CHSP00004980,Parkview Medical Center,Pueblo,CO,HSI00001341,Parkview Medical Center,1,1,nonprofit,253,0,https://www.ahrq.gov/sites/default/files/wysiwyg/chsp/compendium/chsp-hospital-linkage-2023.xlsx
360185,CHSP00005799,Salem Community Hospital,Salem,OH,HSI00001350,Salem Regional Medical Center,1,1,nonprofit,87,0,https://www.ahrq.gov/sites/default/files/wysiwyg/chsp/compendium/chsp-hospital-linkage-2023.xlsx
500007,CHSP00002920,Island Hospital,Anacortes,WA,HSI00001356,Island Hospital,1,1,nonprofit,43,0,https://www.ahrq.gov/sites/default/files/wysiwyg/chsp/compendium/chsp-hospital-linkage-2023.xlsx
060075,CHSP00007399,Valley View Hospital,Glenwood Springs,CO,HSI00001365,Valley View Hospital Association,1,1,nonprofit,31,0,https://www.ahrq.gov/sites/default/files/wysiwyg/chsp/compendium/chsp-hospital-linkage-2023.xlsx
310064,CHSP00000267,Atlanticare Regional Medical Center,Atlantic City,NJ,HSI00001369,AtlantiCare,1,1,nonprofit,532,0,https://www.ahrq.gov/sites/default/files/wysiwyg/chsp/compendium/chsp-hospital-linkage-2023.xlsx
185477,CHSP00008826,Mary And Elizabeth Hospital,Louisville,KY,HSI00001377,UofL Health,1,,,,,https://www.ahrq.gov/sites/default/files/wysiwyg/chsp/compendium/chsp-hospital-linkage-2023.xlsx
180141,CHSP00007302,University Of Louisville Hospital,Louisville,KY,HSI00001377,UofL Health,1,1,nonprofit,333,1,https://www.ahrq.gov/sites/default/files/wysiwyg/chsp/compendium/chsp-hospital-linkage-2023.xlsx
180037,CHSP00006685,Uofl Health - Mary And Elizabeth Hospital,Louisville,KY,HSI00001377,UofL Health,1,,,,,https://www.ahrq.gov/sites/default/files/wysiwyg/chsp/compendium/chsp-hospital-linkage-2023.xlsx
184000,CHSP00004883,Uofl Health - Peace Hospital,Louisville,KY,HSI00001377,UofL Health,0,,,,,https://www.ahrq.gov/sites/default/files/wysiwyg/chsp/compendium/chsp-hospital-linkage-2023.xlsx
183025,CHSP00008864,Uofl Health Frazier Rehabilitation Institute,Louisville,KY,HSI00001377,UofL Health,0,,,,,https://www.ahrq.gov/sites/default/files/wysiwyg/chsp/compendium/chsp-hospital-linkage-2023.xlsx
180040,CHSP00003005,Uofl Health-Louisville,Louisville,KY,HSI00001377,UofL Health,1,1,nonprofit,789,1,https://www.ahrq.gov/sites/default/files/wysiwyg/chsp/compendium/chsp-hospital-linkage-2023.xlsx
180016,CHSP00003006,Uofl Health-Shelbyville,Shelbyville,KY,HSI00001377,UofL Health,1,1,nonprofit,32,0,https://www.ahrq.gov/sites/default/files/wysiwyg/chsp/compendium/chsp-hospital-linkage-2023.xlsx
420078,CHSP00002141,Ghs Greenville Memorial Hospital,Greenville,SC,HSI00001378,Prisma Health,1,1,nonprofit,712,0,https://www.ahrq.gov/sites/default/files/wysiwyg/chsp/compendium/chsp-hospital-linkage-2023.xlsx
420009,CHSP00004775,Oconee Memorial Hospital,Seneca,SC,HSI00001378,Prisma Health,1,1,nonprofit,131,0,https://www.ahrq.gov/sites/default/files/wysiwyg/chsp/compendium/chsp-hospital-linkage-2023.xlsx
420015,CHSP00000377,Ph Baptist Easley Hospital,Easley,SC,HSI00001378,Prisma Health,1,1,nonprofit,74,0,https://www.ahrq.gov/sites/default/files/wysiwyg/chsp/compendium/chsp-hospital-linkage-2023.xlsx
420106,CHSP00004928,Ph Baptist Parkridge Hospital,Columbia,SC,HSI00001378,Prisma Health,1,1,nonprofit,76,0,https://www.ahrq.gov/sites/default/files/wysiwyg/chsp/compendium/chsp-hospital-linkage-2023.xlsx
420033,CHSP00002142,Ph Greer Memorial Hospital,Greer,SC,HSI00001378,Prisma Health,1,1,nonprofit,74,0,https://www.ahrq.gov/sites/default/files/wysiwyg/chsp/compendium/chsp-hospital-linkage-2023.xlsx
420037,CHSP00002143,Ph Hillcrest Hospital,Simpsonville,SC,HSI00001378,Prisma Health,1,1,nonprofit,43,0,https://www.ahrq.gov/sites/default/files/wysiwyg/chsp/compendium/chsp-hospital-linkage-2023.xlsx
420038,CHSP00002322,Ph Laurens County Hospital,Clinton,SC,HSI00001378,Prisma Health,1,1,nonprofit,52,0,https://www.ahrq.gov/sites/default/files/wysiwyg/chsp/compendium/chsp-hospital-linkage-2023.xlsx
422008,CHSP00004557,Ph N Greenville Lt Acute Care Hosp,Travelers Rest,SC,HSI00001378,Prisma Health,0,1,nonprofit,44,0,https://www.ahrq.gov/sites/default/files/wysiwyg/chsp/compendium/chsp-hospital-linkage-2023.xlsx
420102,CHSP00004994,Ph Patewood Hospital,Greenville,SC,HSI00001378,Prisma Health,0,1,nonprofit,64,0,https://www.ahrq.gov/sites/default/files/wysiwyg/chsp/compendium/chsp-hospital-linkage-2023.xlsx
420086,CHSP00004927,Prisma Health Baptist Hospital,Columbia,SC,HSI00001378,Prisma Health,1,1,nonprofit,231,1,https://www.ahrq.gov/sites/default/files/wysiwyg/chsp/compendium/chsp-hospital-linkage-2023.xlsx
420018,CHSP00004933,Prisma Health Richland Hospital,Columbia,SC,HSI00001378,Prisma Health,1,1,nonprofit,575,1,https://www.ahrq.gov/sites/default/files/wysiwyg/chsp/compendium/chsp-hospital-linkage-2023.xlsx
420070,CHSP00004934,Prisma Health Tuomey Hospital,Sumter,SC,HSI00001378,Prisma Health,1,1,nonprofit,161,0,https://www.ahrq.gov/sites/default/files/wysiwyg/chsp/compendium/chsp-hospital-linkage-2023.xlsx
330010,CHSP00005767,Saint Marys Hospital Memorial Campus,Amsterdam,NY,HSI00001381,Saint Marys Healthcare,0,,,,,https://www.ahrq.gov/sites/default/files/wysiwyg/chsp/compendium/chsp-hospital-linkage-2023.xlsx
330047,CHSP00006563,St. Marys Healthcare,Amsterdam,NY,HSI00001381,Saint Marys Healthcare,1,1,nonprofit,100,0,https://www.ahrq.gov/sites/default/files/wysiwyg/chsp/compendium/chsp-hospital-linkage-2023.xlsx
420027,CHSP00000174,Anmed Health,Anderson,SC,HSI00001382,AnMed Health,1,1,nonprofit,367,0,https://www.ahrq.gov/sites/default/files/wysiwyg/chsp/compendium/chsp-hospital-linkage-2023.xlsx
420011,CHSP00000899,Cannon Memorial Hospital,Pickens,SC,HSI00001382,AnMed Health,1,1,nonprofit,42,0,https://www.ahrq.gov/sites/default/files/wysiwyg/chsp/compendium/chsp-hospital-linkage-2023.xlsx
370093,CHSP00004728,Ou Medical Center,Oklahoma City,OK,HSI00001383,OU Health,1,1,nonprofit,819,1,https://www.ahrq.gov/sites/default/files/wysiwyg/chsp/compendium/chsp-hospital-linkage-2023.xlsx
370148,CHSP00004729,Ou Medicine Inc,Edmond,OK,HSI00001383,OU Health,1,,,,,https://www.ahrq.gov/sites/default/files/wysiwyg/chsp/compendium/chsp-hospital-linkage-2023.xlsx
330203,CHSP00001552,Crouse Hospital,Syracuse,NY,HSI00001386,Crouse Health System,1,1,nonprofit,502,0,https://www.ahrq.gov/sites/default/files/wysiwyg/chsp/compendium/chsp-hospital-linkage-2023.xlsx
310008,CHSP00002723,Holy Name Hospital,Teaneck,NJ,HSI00001389,Holy Name Medical Center,1,1,nonprofit,289,0,https://www.ahrq.gov/sites/default/files/wysiwyg/chsp/compendium/chsp-hospital-linkage-2023.xlsx
310011,CHSP00000911,Cape Regional Medical Center,Cape May Court House,NJ,HSI00001396,Cape Regional Health System,1,1,nonprofit,149,0,https://www.ahrq.gov/sites/default/files/wysiwyg/chsp/compendium/chsp-hospital-linkage-2023.xlsx
030062,CHSP00006703,Summit Healthcare,Show Low,AZ,HSI00001400,Summit Healthcare,1,1,nonprofit,89,0,https://www.ahrq.gov/sites/default/files/wysiwyg/chsp/compendium/chsp-hospital-linkage-2023.xlsx
501332,CHSP00007036,Tri-State Memorial Hospital,Clarkston,WA,HSI00001402,Tri State Memorial Hospital,1,1,nonprofit,25,0,https://www.ahrq.gov/sites/default/files/wysiwyg/chsp/compendium/chsp-hospital-linkage-2023.xlsx
330056,CHSP00000733,The Brooklyn Hospital Center,Brooklyn,NY,HSI00001407,The Brooklyn Hospital Center,1,1,nonprofit,236,1,https://www.ahrq.gov/sites/default/files/wysiwyg/chsp/compendium/chsp-hospital-linkage-2023.xlsx
201314,CHSP00005401,Redington-Fairview General Hospital,Skowhegan,ME,HSI00001412,Redington Fairview General Hospital,1,1,nonprofit,25,0,https://www.ahrq.gov/sites/default/files/wysiwyg/chsp/compendium/chsp-hospital-linkage-2023.xlsx
220029,CHSP00000190,Anna Jaques Hospital,Newburyport,MA,HSI00001416,Beth Israel Lahey Health,1,1,nonprofit,116,0,https://www.ahrq.gov/sites/default/files/wysiwyg/chsp/compendium/chsp-hospital-linkage-2023.xlsx
220060,CHSP00000597,Beth Israel Deaconess - Plymouth,Plymouth,MA,HSI00001416,Beth Israel Lahey Health,1,1,nonprofit,151,0,https://www.ahrq.gov/sites/default/files/wysiwyg/chsp/compendium/chsp-hospital-linkage-2023.xlsx
220083,CHSP00000599,Beth Israel Deaconess Hospital- Need,Needham,MA,HSI00001416,Beth Israel Lahey Health,1,1,nonprofit,58,0,https://www.ahrq.gov/sites/default/files/wysiwyg/chsp/compendium/chsp-hospital-linkage-2023.xlsx
220086,CHSP00000600,Beth Israel Deaconess Medical Center,Boston,MA,HSI00001416,Beth Israel Lahey Health,1,1,nonprofit,705,0,https://www.ahrq.gov/sites/default/files/wysiwyg/chsp/compendium/chsp-hospital-linkage-2023.xlsx
220033,CHSP00000611,Beverly Hospital,Beverly,MA,HSI00001416,Beth Israel Lahey Health,1,1,nonprofit,299,0,https://www.ahrq.gov/sites/default/files/wysiwyg/chsp/compendium/chsp-hospital-linkage-2023.xlsx
220108,CHSP00000598,Bidmc-Milton Hospital  Inc,Milton,MA,HSI00001416,Beth Israel Lahey Health,1,1,nonprofit,102,0,https://www.ahrq.gov/sites/default/files/wysiwyg/chsp/compendium/chsp-hospital-linkage-2023.xlsx
220171,CHSP00003348,Lahey Clinic Hospital  Inc.,Burlington,MA,HSI00001416,Beth Israel Lahey Health,1,5,for-profit,344,0,https://www.ahrq.gov/sites/default/files/wysiwyg/chsp/compendium/chsp-hospital-linkage-2023.xlsx
220002,CHSP00004327,Mount Auburn Hospital,Cambridge,MA,HSI00001416,Beth Israel Lahey Health,1,1,nonprofit,189,0,https://www.ahrq.gov/sites/default/files/wysiwyg/chsp/compendium/chsp-hospital-linkage-2023.xlsx
220088,CHSP00004464,New England Baptist Hospital,Boston,MA,HSI00001416,Beth Israel Lahey Health,0,1,nonprofit,75,0,https://www.ahrq.gov/sites/default/files/wysiwyg/chsp/compendium/chsp-hospital-linkage-2023.xlsx
220105,CHSP00007766,Winchester Hospital,Winchester,MA,HSI00001416,Beth Israel Lahey Health,1,1,nonprofit,182,0,https://www.ahrq.gov/sites/default/files/wysiwyg/chsp/compendium/chsp-hospital-linkage-2023.xlsx
100253,CHSP00003051,Jupiter Medical Center,Jupiter,FL,HSI00001419,Jupiter Medical Center,1,1,nonprofit,242,0,https://www.ahrq.gov/sites/default/files/wysiwyg/chsp/compendium/chsp-hospital-linkage-2023.xlsx
180044,CHSP00005120,Pikeville Medical Center,Pikeville,KY,HSI00001423,Pikeville Medical Center,1,1,nonprofit,328,0,https://www.ahrq.gov/sites/default/files/wysiwyg/chsp/compendium/chsp-hospital-linkage-2023.xlsx
047099,CHSP00007924,Chi Saint Vincent Morrilton,Morrilton,AR,HSI00001427,CommonSpirit Health,1,,,,,https://www.ahrq.gov/sites/default/files/wysiwyg/chsp/compendium/chsp-hospital-linkage-2023.xlsx
040007,CHSP00000823,St Vincent Infirmary Medical Center,Little Rock,AR,HSI00001427,CommonSpirit Health,1,2,church-operated,379,1,https://www.ahrq.gov/sites/default/files/wysiwyg/chsp/compendium/chsp-hospital-linkage-2023.xlsx
040137,CHSP00000824,St Vincent North,Sherwood,AR,HSI00001427,CommonSpirit Health,1,2,church-operated,68,0,https://www.ahrq.gov/sites/default/files/wysiwyg/chsp/compendium/chsp-hospital-linkage-2023.xlsx
040026,CHSP00000822,St. Vincent Hot Springs,Hot Springs,AR,HSI00001427,CommonSpirit Health,1,2,church-operated,220,0,https://www.ahrq.gov/sites/default/files/wysiwyg/chsp/compendium/chsp-hospital-linkage-2023.xlsx
041324,CHSP00000825,St. Vincent Morrilton,Morrilton,AR,HSI00001427,CommonSpirit Health,1,2,church-operated,25,0,https://www.ahrq.gov/sites/default/files/wysiwyg/chsp/compendium/chsp-hospital-linkage-2023.xlsx
030136,CHSP00001677,Arizona General Hospital,Laveen,AZ,HSI00001427,CommonSpirit Health,1,1,nonprofit,16,1,https://www.ahrq.gov/sites/default/files/wysiwyg/chsp/compendium/chsp-hospital-linkage-2023.xlsx
030139,CHSP00008395,Arizona General Hospital,Mesa,AZ,HSI00001427,CommonSpirit Health,1,1,nonprofit,50,0,https://www.ahrq.gov/sites/default/files/wysiwyg/chsp/compendium/chsp-hospital-linkage-2023.xlsx
030036,CHSP00001100,Chandler Regional Medical Center,Chandler,AZ,HSI00001427,CommonSpirit Health,1,1,nonprofit,429,0,https://www.ahrq.gov/sites/default/files/wysiwyg/chsp/compendium/chsp-hospital-linkage-2023.xlsx
033044,CHSP00008904,Dignity Health East Valley Rehabilitation Hospital Gilbert,Gilbert,AZ,HSI00001427,CommonSpirit Health,0,,,,,https://www.ahrq.gov/sites/default/files/wysiwyg/chsp/compendium/chsp-hospital-linkage-2023.xlsx
030119,CHSP00003984,Mercy Gilbert Medical Center,Gilbert,AZ,HSI00001427,CommonSpirit Health,1,2,church-operated,197,0,https://www.ahrq.gov/sites/default/files/wysiwyg/chsp/compendium/chsp-hospital-linkage-2023.xlsx
030024,CHSP00006510,St. Josephs Hospital & Medical Ctr,Phoenix,AZ,HSI00001427,CommonSpirit Health,1,1,nonprofit,515,1,https://www.ahrq.gov/sites/default/files/wysiwyg/chsp/compendium/chsp-hospital-linkage-2023.xlsx
030012,CHSP00007843,Yavapai Regional Medical Center,Prescott,AZ,HSI00001427,CommonSpirit Health,1,1,nonprofit,218,0,https://www.ahrq.gov/sites/default/files/wysiwyg/chsp/compendium/chsp-hospital-linkage-2023.xlsx
030118,CHSP00007842,Yavapai Regional Medical Center East Campus,Prescott Valley,AZ,HSI00001427,CommonSpirit Health,1,,,,,https://www.ahrq.gov/sites/default/files/wysiwyg/chsp/compendium/chsp-hospital-linkage-2023.xlsx
050016,CHSP00000234,Arroyo Grande Community Hospital,Arroyo Grande,CA,HSI00001427,CommonSpirit Health,1,,,,,https://www.ahrq.gov/sites/default/files/wysiwyg/chsp/compendium/chsp-hospital-linkage-2023.xlsx
050036,CHSP00000349,Bakersfield Memorial Hospital,Bakersfield,CA,HSI00001427,CommonSpirit Health,1,1,nonprofit,385,1,https://www.ahrq.gov/sites/default/files/wysiwyg/chsp/compendium/chsp-hospital-linkage-2023.xlsx
050149,CHSP00000869,California Hospital Medical Center,Los Angeles,CA,HSI00001427,CommonSpirit Health,1,1,nonprofit,318,1,https://www.ahrq.gov/sites/default/files/wysiwyg/chsp/compendium/chsp-hospital-linkage-2023.xlsx
050089,CHSP00001378,Community Hospital Of San Bernardino,San Bernardino,CA,HSI00001427,CommonSpirit Health,1,1,nonprofit,185,1,https://www.ahrq.gov/sites/default/files/wysiwyg/chsp/compendium/chsp-hospital-linkage-2023.xlsx
050242,CHSP00001706,Dominican Hospital,Santa Cruz,CA,HSI00001427,CommonSpirit Health,1,2,church-operated,202,0,https://www.ahrq.gov/sites/default/files/wysiwyg/chsp/compendium/chsp-hospital-linkage-2023.xlsx
050232,CHSP00002124,French Hospital Medical Center,San Luis Obispo,CA,HSI00001427,CommonSpirit Health,1,2,church-operated,98,0,https://www.ahrq.gov/sites/default/files/wysiwyg/chsp/compendium/chsp-hospital-linkage-2023.xlsx
050058,CHSP00002218,Glendale Memorial Hospital & Hlth Ct,Glendale,CA,HSI00001427,CommonSpirit Health,1,1,nonprofit,241,1,https://www.ahrq.gov/sites/default/files/wysiwyg/chsp/compendium/chsp-hospital-linkage-2023.xlsx
050107,CHSP00003705,Marian Medical Center,Santa Maria,CA,HSI00001427,CommonSpirit Health,1,2,church-operated,252,1,https://www.ahrq.gov/sites/default/files/wysiwyg/chsp/compendium/chsp-hospital-linkage-2023.xlsx
051332,CHSP00003716,Mark Twain Medical Center,San Andreas,CA,HSI00001427,CommonSpirit Health,1,1,nonprofit,25,0,https://www.ahrq.gov/sites/default/files/wysiwyg/chsp/compendium/chsp-hospital-linkage-2023.xlsx
050017,CHSP00003983,Mercy General Hospital,Sacramento,CA,HSI00001427,CommonSpirit Health,1,2,church-operated,283,0,https://www.ahrq.gov/sites/default/files/wysiwyg/chsp/compendium/chsp-hospital-linkage-2023.xlsx
050295,CHSP00004041,Mercy Hospital,Bakersfield,CA,HSI00001427,CommonSpirit Health,1,2,church-operated,229,1,https://www.ahrq.gov/sites/default/files/wysiwyg/chsp/compendium/chsp-hospital-linkage-2023.xlsx
050414,CHSP00004038,Mercy Hospital Of Folsom,Folsom,CA,HSI00001427,CommonSpirit Health,1,2,church-operated,106,0,https://www.ahrq.gov/sites/default/files/wysiwyg/chsp/compendium/chsp-hospital-linkage-2023.xlsx
050444,CHSP00004053,Mercy Medical Center Merced,Merced,CA,HSI00001427,CommonSpirit Health,1,2,church-operated,186,1,https://www.ahrq.gov/sites/default/files/wysiwyg/chsp/compendium/chsp-hospital-linkage-2023.xlsx
051319,CHSP00004054,Mercy Medical Center Mt. Shasta,Mount Shasta,CA,HSI00001427,CommonSpirit Health,1,2,church-operated,25,0,https://www.ahrq.gov/sites/default/files/wysiwyg/chsp/compendium/chsp-hospital-linkage-2023.xlsx
050280,CHSP00004055,Mercy Medical Center Redding,Redding,CA,HSI00001427,CommonSpirit Health,1,2,church-operated,262,0,https://www.ahrq.gov/sites/default/files/wysiwyg/chsp/compendium/chsp-hospital-linkage-2023.xlsx
050516,CHSP00004075,Mercy San Juan Medical Center,Carmichael,CA,HSI00001427,CommonSpirit Health,1,2,church-operated,384,1,https://www.ahrq.gov/sites/default/files/wysiwyg/chsp/compendium/chsp-hospital-linkage-2023.xlsx
050590,CHSP00004127,Methodist Hospital Of Sacramento,Sacramento,CA,HSI00001427,CommonSpirit Health,1,1,nonprofit,152,1,https://www.ahrq.gov/sites/default/files/wysiwyg/chsp/compendium/chsp-hospital-linkage-2023.xlsx
050116,CHSP00004645,Northridge Medical Center - Roscoe,Northridge,CA,HSI00001427,CommonSpirit Health,1,2,church-operated,318,1,https://www.ahrq.gov/sites/default/files/wysiwyg/chsp/compendium/chsp-hospital-linkage-2023.xlsx
050152,CHSP00005724,Saint Francis Memorial Hospital,San Francisco,CA,HSI00001427,CommonSpirit Health,1,1,nonprofit,239,1,https://www.ahrq.gov/sites/default/files/wysiwyg/chsp/compendium/chsp-hospital-linkage-2023.xlsx
050616,CHSP00006480,Saint Johns Hospital Camarillo,Camarillo,CA,HSI00001427,CommonSpirit Health,1,,,,,https://www.ahrq.gov/sites/default/files/wysiwyg/chsp/compendium/chsp-hospital-linkage-2023.xlsx
050197,CHSP00006055,Sequoia Hospital,Redwood City,CA,HSI00001427,CommonSpirit Health,1,1,nonprofit,208,0,https://www.ahrq.gov/sites/default/files/wysiwyg/chsp/compendium/chsp-hospital-linkage-2023.xlsx
050150,CHSP00006142,Sierra Nevada Memorial Hospital,Grass Valley,CA,HSI00001427,CommonSpirit Health,1,1,nonprofit,104,0,https://www.ahrq.gov/sites/default/files/wysiwyg/chsp/compendium/chsp-hospital-linkage-2023.xlsx
050042,CHSP00006439,St Elizabeth  Community Hosptial,Red Bluff,CA,HSI00001427,CommonSpirit Health,1,2,church-operated,49,1,https://www.ahrq.gov/sites/default/files/wysiwyg/chsp/compendium/chsp-hospital-linkage-2023.xlsx
050129,CHSP00006410,St. Bernardine Medical Center,San Bernardino,CA,HSI00001427,CommonSpirit Health,1,1,nonprofit,328,1,https://www.ahrq.gov/sites/default/files/wysiwyg/chsp/compendium/chsp-hospital-linkage-2023.xlsx
050082,CHSP00006481,St. Johns Regional Medical Center,Oxnard,CA,HSI00001427,CommonSpirit Health,1,2,church-operated,298,0,https://www.ahrq.gov/sites/default/files/wysiwyg/chsp/compendium/chsp-hospital-linkage-2023.xlsx
054123,CHSP00006501,St. Josephs Behavioral Hlth Center,Stockton,CA,HSI00001427,CommonSpirit Health,0,2,church-operated,35,0,https://www.ahrq.gov/sites/default/files/wysiwyg/chsp/compendium/chsp-hospital-linkage-2023.xlsx
050084,CHSP00006512,St. Josephs Medical Center,Stockton,CA,HSI00001427,CommonSpirit Health,1,2,church-operated,348,1,https://www.ahrq.gov/sites/default/files/wysiwyg/chsp/compendium/chsp-hospital-linkage-2023.xlsx
050191,CHSP00006557,St. Mary Medical Center,Long Beach,CA,HSI00001427,CommonSpirit Health,1,1,nonprofit,273,1,https://www.ahrq.gov/sites/default/files/wysiwyg/chsp/compendium/chsp-hospital-linkage-2023.xlsx
050457,CHSP00006573,St. Marys Medical Center,San Francisco,CA,HSI00001427,CommonSpirit Health,1,2,church-operated,110,0,https://www.ahrq.gov/sites/default/files/wysiwyg/chsp/compendium/chsp-hospital-linkage-2023.xlsx
050127,CHSP00007807,Woodland Healthcare,Woodland,CA,HSI00001427,CommonSpirit Health,1,1,nonprofit,74,0,https://www.ahrq.gov/sites/default/files/wysiwyg/chsp/compendium/chsp-hospital-linkage-2023.xlsx
060013,CHSP00004071,Centura Mercy Hospital,Durango,CO,HSI00001427,CommonSpirit Health,1,1,nonprofit,73,0,https://www.ahrq.gov/sites/default/files/wysiwyg/chsp/compendium/chsp-hospital-linkage-2023.xlsx
060031,CHSP00005061,Centura Penrose Hospital,Colorado Springs,CO,HSI00001427,CommonSpirit Health,1,1,nonprofit,484,0,https://www.ahrq.gov/sites/default/files/wysiwyg/chsp/compendium/chsp-hospital-linkage-2023.xlsx
060015,CHSP00006398,Centura St Anthony Hospital,Lakewood,CO,HSI00001427,CommonSpirit Health,1,1,nonprofit,220,0,https://www.ahrq.gov/sites/default/files/wysiwyg/chsp/compendium/chsp-hospital-linkage-2023.xlsx
060104,CHSP00006400,Centura St. Anthony North Hospital,Westminster,CO,HSI00001427,CommonSpirit Health,1,1,nonprofit,118,0,https://www.ahrq.gov/sites/default/files/wysiwyg/chsp/compendium/chsp-hospital-linkage-2023.xlsx
060118,CHSP00006403,Centura St. Anthony Summit Hospital,Frisco,CO,HSI00001427,CommonSpirit Health,1,1,nonprofit,34,0,https://www.ahrq.gov/sites/default/files/wysiwyg/chsp/compendium/chsp-hospital-linkage-2023.xlsx
060044,CHSP00001316,Centura St. Elizabeth Hospital,Fort Morgan,CO,HSI00001427,CommonSpirit Health,1,1,nonprofit,31,1,https://www.ahrq.gov/sites/default/files/wysiwyg/chsp/compendium/chsp-hospital-linkage-2023.xlsx
060012,CHSP00006580,Centura St. Mary Corwin Hospital,Pueblo,CO,HSI00001427,CommonSpirit Health,1,1,nonprofit,42,0,https://www.ahrq.gov/sites/default/files/wysiwyg/chsp/compendium/chsp-hospital-linkage-2023.xlsx
061344,CHSP00006594,Centura St. Thomas More Hospital,Canon City,CO,HSI00001427,CommonSpirit Health,1,1,nonprofit,25,0,https://www.ahrq.gov/sites/default/files/wysiwyg/chsp/compendium/chsp-hospital-linkage-2023.xlsx
060003,CHSP00003582,Longmont United Hospital,Longmont,CO,HSI00001427,CommonSpirit Health,1,1,nonprofit,127,0,https://www.ahrq.gov/sites/default/files/wysiwyg/chsp/compendium/chsp-hospital-linkage-2023.xlsx
060124,CHSP00004851,Orthocolorado Hospital,Lakewood,CO,HSI00001427,CommonSpirit Health,0,1,nonprofit,48,0,https://www.ahrq.gov/sites/default/files/wysiwyg/chsp/compendium/chsp-hospital-linkage-2023.xlsx
110236,CHSP00001479,Chi Memorial Hospital - Georgia,Fort Oglethorpe,GA,HSI00001427,CommonSpirit Health,1,1,nonprofit,35,0,https://www.ahrq.gov/sites/default/files/wysiwyg/chsp/compendium/chsp-hospital-linkage-2023.xlsx
161309,CHSP00000796,Chi Health - Missouri Valley,Missouri Valley,IA,HSI00001427,CommonSpirit Health,1,2,church-operated,25,0,https://www.ahrq.gov/sites/default/files/wysiwyg/chsp/compendium/chsp-hospital-linkage-2023.xlsx
161304,CHSP00000793,Chi Health Mercy Corning,Corning,IA,HSI00001427,CommonSpirit Health,1,2,church-operated,22,0,https://www.ahrq.gov/sites/default/files/wysiwyg/chsp/compendium/chsp-hospital-linkage-2023.xlsx
160028,CHSP00000794,Chi Health Mercy Council Bluffs,Council Bluffs,IA,HSI00001427,CommonSpirit Health,1,2,church-operated,141,1,https://www.ahrq.gov/sites/default/files/wysiwyg/chsp/compendium/chsp-hospital-linkage-2023.xlsx
170110,CHSP00000647,Centura Bob Wilson Memorial Hospital,Ulysses,KS,HSI00001427,CommonSpirit Health,1,3,public/government,26,0,https://www.ahrq.gov/sites/default/files/wysiwyg/chsp/compendium/chsp-hospital-linkage-2023.xlsx
170175,CHSP00007685,Centura St Catherine - Dodge City,Dodge City,KS,HSI00001427,CommonSpirit Health,1,1,nonprofit,89,0,https://www.ahrq.gov/sites/default/files/wysiwyg/chsp/compendium/chsp-hospital-linkage-2023.xlsx
170023,CHSP00006413,Centura St. Catherine - Garden City,Garden City,KS,HSI00001427,CommonSpirit Health,1,2,church-operated,90,0,https://www.ahrq.gov/sites/default/files/wysiwyg/chsp/compendium/chsp-hospital-linkage-2023.xlsx
171370,CHSP00002256,Goodland Regional Medical Center,Goodland,KS,HSI00001427,CommonSpirit Health,1,3,public/government,23,0,https://www.ahrq.gov/sites/default/files/wysiwyg/chsp/compendium/chsp-hospital-linkage-2023.xlsx
171307,CHSP00005387,Rawlins County Health Center,Atwood,KS,HSI00001427,CommonSpirit Health,1,3,public/government,15,0,https://www.ahrq.gov/sites/default/files/wysiwyg/chsp/compendium/chsp-hospital-linkage-2023.xlsx
171335,CHSP00006658,Stevens County Hospital,Hugoton,KS,HSI00001427,CommonSpirit Health,1,3,public/government,17,0,https://www.ahrq.gov/sites/default/files/wysiwyg/chsp/compendium/chsp-hospital-linkage-2023.xlsx
173446,CHSP00008294,Stevens County Hospital,Hugoton,KS,HSI00001427,CommonSpirit Health,1,,,,,https://www.ahrq.gov/sites/default/files/wysiwyg/chsp/compendium/chsp-hospital-linkage-2023.xlsx
182002,CHSP00001433,Continuing Care Hospital,Lexington,KY,HSI00001427,CommonSpirit Health,0,2,church-operated,23,0,https://www.ahrq.gov/sites/default/files/wysiwyg/chsp/compendium/chsp-hospital-linkage-2023.xlsx
180025,CHSP00002004,Flaget Memorial Hospital,Bardstown,KY,HSI00001427,CommonSpirit Health,1,2,church-operated,40,0,https://www.ahrq.gov/sites/default/files/wysiwyg/chsp/compendium/chsp-hospital-linkage-2023.xlsx
181329,CHSP00005731,Saint Joseph Berea,Berea,KY,HSI00001427,CommonSpirit Health,1,2,church-operated,25,0,https://www.ahrq.gov/sites/default/files/wysiwyg/chsp/compendium/chsp-hospital-linkage-2023.xlsx
180143,CHSP00005732,Saint Joseph East,Lexington,KY,HSI00001427,CommonSpirit Health,1,2,church-operated,138,1,https://www.ahrq.gov/sites/default/files/wysiwyg/chsp/compendium/chsp-hospital-linkage-2023.xlsx
180010,CHSP00005733,Saint Joseph Hospital,Lexington,KY,HSI00001427,CommonSpirit Health,1,2,church-operated,252,0,https://www.ahrq.gov/sites/default/files/wysiwyg/chsp/compendium/chsp-hospital-linkage-2023.xlsx
180011,CHSP00005729,Saint Joseph London,London,KY,HSI00001427,CommonSpirit Health,1,2,church-operated,118,1,https://www.ahrq.gov/sites/default/files/wysiwyg/chsp/compendium/chsp-hospital-linkage-2023.xlsx
180064,CHSP00005737,Saint Joseph Mount Sterling,Mount Sterling,KY,HSI00001427,CommonSpirit Health,1,1,nonprofit,42,0,https://www.ahrq.gov/sites/default/files/wysiwyg/chsp/compendium/chsp-hospital-linkage-2023.xlsx
180087,CHSP00006804,Taylor Regional Hospital,Campbellsville,KY,HSI00001427,CommonSpirit Health,1,3,public/government,90,0,https://www.ahrq.gov/sites/default/files/wysiwyg/chsp/compendium/chsp-hospital-linkage-2023.xlsx
241301,CHSP00000804,Lakewood Health Center,Baudette,MN,HSI00001427,CommonSpirit Health,1,2,church-operated,15,0,https://www.ahrq.gov/sites/default/files/wysiwyg/chsp/compendium/chsp-hospital-linkage-2023.xlsx
241377,CHSP00000813,St. Francis Medical Center,Breckenridge,MN,HSI00001427,CommonSpirit Health,1,2,church-operated,25,0,https://www.ahrq.gov/sites/default/files/wysiwyg/chsp/compendium/chsp-hospital-linkage-2023.xlsx
241370,CHSP00000814,St. Gabriels Hospital,Little Falls,MN,HSI00001427,CommonSpirit Health,1,1,nonprofit,25,0,https://www.ahrq.gov/sites/default/files/wysiwyg/chsp/compendium/chsp-hospital-linkage-2023.xlsx
241380,CHSP00000815,St. Josephs Area Health Services,Park Rapids,MN,HSI00001427,CommonSpirit Health,1,2,church-operated,25,0,https://www.ahrq.gov/sites/default/files/wysiwyg/chsp/compendium/chsp-hospital-linkage-2023.xlsx
247279,CHSP00008353,Unity Family Healthcare,Little Falls,MN,HSI00001427,CommonSpirit Health,1,,,,,https://www.ahrq.gov/sites/default/files/wysiwyg/chsp/compendium/chsp-hospital-linkage-2023.xlsx
351322,CHSP00000244,Ashley Medical Center,Ashley,ND,HSI00001427,CommonSpirit Health,1,1,nonprofit,20,0,https://www.ahrq.gov/sites/default/files/wysiwyg/chsp/compendium/chsp-hospital-linkage-2023.xlsx
351318,CHSP00000809,Carrington Health Center,Carrington,ND,HSI00001427,CommonSpirit Health,1,2,church-operated,25,0,https://www.ahrq.gov/sites/default/files/wysiwyg/chsp/compendium/chsp-hospital-linkage-2023.xlsx
357030,CHSP00007922,Chi Saint Alexius Health Williston Medical Center,Williston,ND,HSI00001427,CommonSpirit Health,1,,,,,https://www.ahrq.gov/sites/default/files/wysiwyg/chsp/compendium/chsp-hospital-linkage-2023.xlsx
351303,CHSP00002161,Garrison Memorial Hospital,Garrison,ND,HSI00001427,CommonSpirit Health,1,2,church-operated,22,0,https://www.ahrq.gov/sites/default/files/wysiwyg/chsp/compendium/chsp-hospital-linkage-2023.xlsx
351328,CHSP00003545,Linton Hospital,Linton,ND,HSI00001427,CommonSpirit Health,1,1,nonprofit,14,0,https://www.ahrq.gov/sites/default/files/wysiwyg/chsp/compendium/chsp-hospital-linkage-2023.xlsx
351311,CHSP00000805,Lisbon Area Health Services,Lisbon,ND,HSI00001427,CommonSpirit Health,1,1,nonprofit,25,0,https://www.ahrq.gov/sites/default/files/wysiwyg/chsp/compendium/chsp-hospital-linkage-2023.xlsx
351333,CHSP00000811,Mercy Hospital,Devils Lake,ND,HSI00001427,CommonSpirit Health,1,2,church-operated,25,0,https://www.ahrq.gov/sites/default/files/wysiwyg/chsp/compendium/chsp-hospital-linkage-2023.xlsx
351324,CHSP00000807,Mercy Hospital Of Valley City,Valley City,ND,HSI00001427,CommonSpirit Health,1,2,church-operated,25,0,https://www.ahrq.gov/sites/default/files/wysiwyg/chsp/compendium/chsp-hospital-linkage-2023.xlsx
351334,CHSP00004050,Mercy Medical Center,Williston,ND,HSI00001427,CommonSpirit Health,1,2,church-operated,25,0,https://www.ahrq.gov/sites/default/files/wysiwyg/chsp/compendium/chsp-hospital-linkage-2023.xlsx
351315,CHSP00000808,Oakes Community Hospital,Oakes,ND,HSI00001427,CommonSpirit Health,1,2,church-operated,20,0,https://www.ahrq.gov/sites/default/files/wysiwyg/chsp/compendium/chsp-hospital-linkage-2023.xlsx
357013,CHSP00008260,Saint Josephs Hospital And Health Center,Dickinson,ND,HSI00001427,CommonSpirit Health,1,,,,,https://www.ahrq.gov/sites/default/files/wysiwyg/chsp/compendium/chsp-hospital-linkage-2023.xlsx
350002,CHSP00000810,St Alexius Medical Center,Bismarck,ND,HSI00001427,CommonSpirit Health,1,2,church-operated,157,0,https://www.ahrq.gov/sites/default/files/wysiwyg/chsp/compendium/chsp-hospital-linkage-2023.xlsx
351336,CHSP00006509,St Josephs Hospital & Health Ctr,Dickinson,ND,HSI00001427,CommonSpirit Health,1,2,church-operated,25,0,https://www.ahrq.gov/sites/default/files/wysiwyg/chsp/compendium/chsp-hospital-linkage-2023.xlsx
351304,CHSP00001396,Turtle Lake Community Hospital,Turtle Lake,ND,HSI00001427,CommonSpirit Health,1,1,nonprofit,25,0,https://www.ahrq.gov/sites/default/files/wysiwyg/chsp/compendium/chsp-hospital-linkage-2023.xlsx
280060,CHSP00000788,Chi Health Creighton University Berg,Omaha,NE,HSI00001427,CommonSpirit Health,1,2,church-operated,389,1,https://www.ahrq.gov/sites/default/files/wysiwyg/chsp/compendium/chsp-hospital-linkage-2023.xlsx
280009,CHSP00000790,Chi Health Good Samaritan,Kearney,NE,HSI00001427,CommonSpirit Health,1,2,church-operated,182,0,https://www.ahrq.gov/sites/default/files/wysiwyg/chsp/compendium/chsp-hospital-linkage-2023.xlsx
280081,CHSP00000791,Chi Health Immanuel,Omaha,NE,HSI00001427,CommonSpirit Health,1,2,church-operated,177,1,https://www.ahrq.gov/sites/default/files/wysiwyg/chsp/compendium/chsp-hospital-linkage-2023.xlsx
280130,CHSP00000792,Chi Health Lakeside,Omaha,NE,HSI00001427,CommonSpirit Health,1,2,church-operated,109,0,https://www.ahrq.gov/sites/default/files/wysiwyg/chsp/compendium/chsp-hospital-linkage-2023.xlsx
280105,CHSP00000795,Chi Health Midlands,Papillion,NE,HSI00001427,CommonSpirit Health,1,2,church-operated,28,0,https://www.ahrq.gov/sites/default/files/wysiwyg/chsp/compendium/chsp-hospital-linkage-2023.xlsx
280128,CHSP00000797,Chi Health Nebraska Heart,Lincoln,NE,HSI00001427,CommonSpirit Health,0,1,nonprofit,63,0,https://www.ahrq.gov/sites/default/files/wysiwyg/chsp/compendium/chsp-hospital-linkage-2023.xlsx
281346,CHSP00000798,Chi Health Plainview,Plainview,NE,HSI00001427,CommonSpirit Health,1,2,church-operated,15,0,https://www.ahrq.gov/sites/default/files/wysiwyg/chsp/compendium/chsp-hospital-linkage-2023.xlsx
284007,CHSP00008580,Chi Health Richard H Young Hospital,Kearney,NE,HSI00001427,CommonSpirit Health,0,,,,,https://www.ahrq.gov/sites/default/files/wysiwyg/chsp/compendium/chsp-hospital-linkage-2023.xlsx
281323,CHSP00000801,Chi Health Schuyler,Schuyler,NE,HSI00001427,CommonSpirit Health,1,2,church-operated,25,0,https://www.ahrq.gov/sites/default/files/wysiwyg/chsp/compendium/chsp-hospital-linkage-2023.xlsx
280020,CHSP00000802,Chi Health St. Elizabeth,Lincoln,NE,HSI00001427,CommonSpirit Health,1,2,church-operated,137,0,https://www.ahrq.gov/sites/default/files/wysiwyg/chsp/compendium/chsp-hospital-linkage-2023.xlsx
280023,CHSP00000800,Chi Health St. Francis,Grand Island,NE,HSI00001427,CommonSpirit Health,1,2,church-operated,101,0,https://www.ahrq.gov/sites/default/files/wysiwyg/chsp/compendium/chsp-hospital-linkage-2023.xlsx
281359,CHSP00003898,Memorial Community Hospital,Blair,NE,HSI00001427,CommonSpirit Health,1,1,nonprofit,21,0,https://www.ahrq.gov/sites/default/files/wysiwyg/chsp/compendium/chsp-hospital-linkage-2023.xlsx
280133,CHSP00004451,Nebraska Spine Hospital,Omaha,NE,HSI00001427,CommonSpirit Health,0,5,for-profit,34,0,https://www.ahrq.gov/sites/default/files/wysiwyg/chsp/compendium/chsp-hospital-linkage-2023.xlsx
281342,CHSP00000803,Saint Marys Hospital,Nebraska City,NE,HSI00001427,CommonSpirit Health,1,2,church-operated,18,0,https://www.ahrq.gov/sites/default/files/wysiwyg/chsp/compendium/chsp-hospital-linkage-2023.xlsx
290058,CHSP00008432,Diginty Health St Rose Dominican,North Las Vegas,NV,HSI00001427,CommonSpirit Health,1,5,for-profit,32,1,https://www.ahrq.gov/sites/default/files/wysiwyg/chsp/compendium/chsp-hospital-linkage-2023.xlsx
290012,CHSP00006588,St. Rose Dominican - Delima,Henderson,NV,HSI00001427,CommonSpirit Health,1,2,church-operated,10,1,https://www.ahrq.gov/sites/default/files/wysiwyg/chsp/compendium/chsp-hospital-linkage-2023.xlsx
290053,CHSP00006589,St. Rose Dominican - San Martin,Las Vegas,NV,HSI00001427,CommonSpirit Health,1,2,church-operated,130,0,https://www.ahrq.gov/sites/default/files/wysiwyg/chsp/compendium/chsp-hospital-linkage-2023.xlsx
290045,CHSP00006590,St. Rose Dominican - Siena,Henderson,NV,HSI00001427,CommonSpirit Health,1,2,church-operated,326,0,https://www.ahrq.gov/sites/default/files/wysiwyg/chsp/compendium/chsp-hospital-linkage-2023.xlsx
360134,CHSP00002230,Good Samaritan Hospital,Cincinnati,OH,HSI00001427,CommonSpirit Health,1,1,nonprofit,361,0,https://www.ahrq.gov/sites/default/files/wysiwyg/chsp/compendium/chsp-hospital-linkage-2023.xlsx
360211,CHSP00007056,Trinity Hospital Holding Company,Steubenville,OH,HSI00001427,CommonSpirit Health,1,2,church-operated,162,0,https://www.ahrq.gov/sites/default/files/wysiwyg/chsp/compendium/chsp-hospital-linkage-2023.xlsx
361302,CHSP00007062,Twin City Hospital,Dennison,OH,HSI00001427,CommonSpirit Health,1,1,nonprofit,25,0,https://www.ahrq.gov/sites/default/files/wysiwyg/chsp/compendium/chsp-hospital-linkage-2023.xlsx
380027,CHSP00004051,Mercy Medical Center,Roseburg,OR,HSI00001427,CommonSpirit Health,1,2,church-operated,130,0,https://www.ahrq.gov/sites/default/files/wysiwyg/chsp/compendium/chsp-hospital-linkage-2023.xlsx
381319,CHSP00000812,St. Anthony Hospital,Pendleton,OR,HSI00001427,CommonSpirit Health,1,1,nonprofit,25,0,https://www.ahrq.gov/sites/default/files/wysiwyg/chsp/compendium/chsp-hospital-linkage-2023.xlsx
431325,CHSP00004263,Mobridge Regional Hospital,Mobridge,SD,HSI00001427,CommonSpirit Health,1,1,nonprofit,25,0,https://www.ahrq.gov/sites/default/files/wysiwyg/chsp/compendium/chsp-hospital-linkage-2023.xlsx
440091,CHSP00000806,Memorial Health Care System Inc.,Chattanooga,TN,HSI00001427,CommonSpirit Health,1,1,nonprofit,431,0,https://www.ahrq.gov/sites/default/files/wysiwyg/chsp/compendium/chsp-hospital-linkage-2023.xlsx
,CHSP00000506,Baylor St. Luke's Medical Center Mcnair Campus,Houston,TX,HSI00001427,CommonSpirit Health,1,,,,,https://www.ahrq.gov/sites/default/files/wysiwyg/chsp/compendium/chsp-hospital-linkage-2023.xlsx
450072,CHSP00000817,Brazosport Regional Health System,Lake Jackson,TX,HSI00001427,CommonSpirit Health,1,1,nonprofit,80,0,https://www.ahrq.gov/sites/default/files/wysiwyg/chsp/compendium/chsp-hospital-linkage-2023.xlsx
451305,CHSP00000771,Burleson St. Joseph Health Center,Caldwell,TX,HSI00001427,CommonSpirit Health,1,2,church-operated,15,0,https://www.ahrq.gov/sites/default/files/wysiwyg/chsp/compendium/chsp-hospital-linkage-2023.xlsx
450193,CHSP00000505,Chi St Lukes Health Baylor Med Ctr,Houston,TX,HSI00001427,CommonSpirit Health,1,1,nonprofit,628,0,https://www.ahrq.gov/sites/default/files/wysiwyg/chsp/compendium/chsp-hospital-linkage-2023.xlsx
450395,CHSP00000818,Chi St Lukes Health Mem Livingston,Livingston,TX,HSI00001427,CommonSpirit Health,1,2,church-operated,38,0,https://www.ahrq.gov/sites/default/files/wysiwyg/chsp/compendium/chsp-hospital-linkage-2023.xlsx
450211,CHSP00000819,Chi St Lukes Health Memorial Lufkin,Lufkin,TX,HSI00001427,CommonSpirit Health,1,2,church-operated,152,0,https://www.ahrq.gov/sites/default/files/wysiwyg/chsp/compendium/chsp-hospital-linkage-2023.xlsx
451360,CHSP00000820,Chi St. Luke's Health Memorial San Augustine,San Augustine,TX,HSI00001427,CommonSpirit Health,1,,,,,https://www.ahrq.gov/sites/default/files/wysiwyg/chsp/compendium/chsp-hospital-linkage-2023.xlsx
451322,CHSP00002330,Grimes St. Joseph Health Center,Navasota,TX,HSI00001427,CommonSpirit Health,1,2,church-operated,15,0,https://www.ahrq.gov/sites/default/files/wysiwyg/chsp/compendium/chsp-hospital-linkage-2023.xlsx
451316,CHSP00003660,Madison St. Joseph Health Center,Madisonville,TX,HSI00001427,CommonSpirit Health,1,2,church-operated,15,0,https://www.ahrq.gov/sites/default/files/wysiwyg/chsp/compendium/chsp-hospital-linkage-2023.xlsx
670075,CHSP00006534,St Lukes Hospital At The Vintage,Houston,TX,HSI00001427,CommonSpirit Health,1,1,nonprofit,94,0,https://www.ahrq.gov/sites/default/files/wysiwyg/chsp/compendium/chsp-hospital-linkage-2023.xlsx
450299,CHSP00001308,St. Joseph Health College Station Hospital,College Station,TX,HSI00001427,CommonSpirit Health,1,,,,,https://www.ahrq.gov/sites/default/files/wysiwyg/chsp/compendium/chsp-hospital-linkage-2023.xlsx
450011,CHSP00006499,St. Joseph Regional Health Center,Bryan,TX,HSI00001427,CommonSpirit Health,1,2,church-operated,298,0,https://www.ahrq.gov/sites/default/files/wysiwyg/chsp/compendium/chsp-hospital-linkage-2023.xlsx
670059,CHSP00006537,St. Lukes Lakeside Hospital,The Woodlands,TX,HSI00001427,CommonSpirit Health,0,5,for-profit,30,0,https://www.ahrq.gov/sites/default/files/wysiwyg/chsp/compendium/chsp-hospital-linkage-2023.xlsx
670031,CHSP00000816,St. Lukes Patients Medical Center,Pasadena,TX,HSI00001427,CommonSpirit Health,1,5,for-profit,61,0,https://www.ahrq.gov/sites/default/files/wysiwyg/chsp/compendium/chsp-hospital-linkage-2023.xlsx
670053,CHSP00006546,St. Lukes Sugar Land Hospital,Sugar Land,TX,HSI00001427,CommonSpirit Health,1,1,nonprofit,100,0,https://www.ahrq.gov/sites/default/files/wysiwyg/chsp/compendium/chsp-hospital-linkage-2023.xlsx
450862,CHSP00006547,St. Lukes The Woodlands Hospital,The Woodlands,TX,HSI00001427,CommonSpirit Health,1,1,nonprofit,220,0,https://www.ahrq.gov/sites/default/files/wysiwyg/chsp/compendium/chsp-hospital-linkage-2023.xlsx
460041,CHSP00001605,Davis Hospital & Medical Center,Layton,UT,HSI00001427,CommonSpirit Health,1,5,for-profit,175,0,https://www.ahrq.gov/sites/default/files/wysiwyg/chsp/compendium/chsp-hospital-linkage-2023.xlsx
460051,CHSP00003047,Holy Cross Hospital - Jordan Valley,West Jordan,UT,HSI00001427,CommonSpirit Health,1,,,,,https://www.ahrq.gov/sites/default/files/wysiwyg/chsp/compendium/chsp-hospital-linkage-2023.xlsx
460008,CHSP00003048,Holy Cross Hospital - Jordan Valley West,West Valley City,UT,HSI00001427,CommonSpirit Health,1,,,,,https://www.ahrq.gov/sites/default/files/wysiwyg/chsp/compendium/chsp-hospital-linkage-2023.xlsx
460003,CHSP00005807,Holy Cross Hospital - Salt Lake,Salt Lake City,UT,HSI00001427,CommonSpirit Health,1,,,,,https://www.ahrq.gov/sites/default/files/wysiwyg/chsp/compendium/chsp-hospital-linkage-2023.xlsx
503026,CHSP00008413,Chi Franciscan Rehabilitation Hospit,Tacoma,WA,HSI00001427,CommonSpirit Health,0,5,for-profit,60,0,https://www.ahrq.gov/sites/default/files/wysiwyg/chsp/compendium/chsp-hospital-linkage-2023.xlsx
501335,CHSP00006446,Enumclaw Regional Hospital Dba Seh,Enumclaw,WA,HSI00001427,CommonSpirit Health,1,2,church-operated,25,0,https://www.ahrq.gov/sites/default/files/wysiwyg/chsp/compendium/chsp-hospital-linkage-2023.xlsx
500039,CHSP00002533,Harrison Medical Center,Silverdale,WA,HSI00001427,CommonSpirit Health,1,1,nonprofit,238,0,https://www.ahrq.gov/sites/default/files/wysiwyg/chsp/compendium/chsp-hospital-linkage-2023.xlsx
500011,CHSP00002681,Highline Medical Center,Burien,WA,HSI00001427,CommonSpirit Health,1,1,nonprofit,132,0,https://www.ahrq.gov/sites/default/files/wysiwyg/chsp/compendium/chsp-hospital-linkage-2023.xlsx
500151,CHSP00006399,St Anthony Hospital,Gig Harbor,WA,HSI00001427,CommonSpirit Health,1,2,church-operated,112,0,https://www.ahrq.gov/sites/default/files/wysiwyg/chsp/compendium/chsp-hospital-linkage-2023.xlsx
500021,CHSP00006428,St Clare Hospital,Lakewood,WA,HSI00001427,CommonSpirit Health,1,2,church-operated,106,0,https://www.ahrq.gov/sites/default/files/wysiwyg/chsp/compendium/chsp-hospital-linkage-2023.xlsx
500141,CHSP00006452,St Francis Hospital,Federal Way,WA,HSI00001427,CommonSpirit Health,1,2,church-operated,118,0,https://www.ahrq.gov/sites/default/files/wysiwyg/chsp/compendium/chsp-hospital-linkage-2023.xlsx
500108,CHSP00006493,St Joseph Medical Center,Tacoma,WA,HSI00001427,CommonSpirit Health,1,2,church-operated,337,0,https://www.ahrq.gov/sites/default/files/wysiwyg/chsp/compendium/chsp-hospital-linkage-2023.xlsx
500005,CHSP00007506,Virginia Mason Medical Center,Seattle,WA,HSI00001427,CommonSpirit Health,1,1,nonprofit,222,0,https://www.ahrq.gov/sites/default/files/wysiwyg/chsp/compendium/chsp-hospital-linkage-2023.xlsx
181301,CHSP00003697,Marcum & Wallace Memorial Hospital,Irvine,KY,HSI00001428,Bon Secours Mercy Health,1,2,church-operated,25,0,https://www.ahrq.gov/sites/default/files/wysiwyg/chsp/compendium/chsp-hospital-linkage-2023.xlsx
180102,CHSP00003606,Mercy Health Lourdes Hospital Llc,Paducah,KY,HSI00001428,Bon Secours Mercy Health,1,2,church-operated,184,0,https://www.ahrq.gov/sites/default/files/wysiwyg/chsp/compendium/chsp-hospital-linkage-2023.xlsx
360236,CHSP00003988,Clermont Mercy Hospital,Batavia,OH,HSI00001428,Bon Secours Mercy Health,1,2,church-operated,147,0,https://www.ahrq.gov/sites/default/files/wysiwyg/chsp/compendium/chsp-hospital-linkage-2023.xlsx
360263,CHSP00002894,Institute For Orthopaedic Surgery,Lima,OH,HSI00001428,Bon Secours Mercy Health,0,5,for-profit,12,0,https://www.ahrq.gov/sites/default/files/wysiwyg/chsp/compendium/chsp-hospital-linkage-2023.xlsx
360016,CHSP00006930,Jewish Hospital Of Cincinnati,Cincinnati,OH,HSI00001428,Bon Secours Mercy Health,1,2,church-operated,170,0,https://www.ahrq.gov/sites/default/files/wysiwyg/chsp/compendium/chsp-hospital-linkage-2023.xlsx
361306,CHSP00003979,Mercy Allen Hospital,Oberlin,OH,HSI00001428,Bon Secours Mercy Health,1,2,church-operated,22,0,https://www.ahrq.gov/sites/default/files/wysiwyg/chsp/compendium/chsp-hospital-linkage-2023.xlsx
360056,CHSP00003989,Mercy Health - Fairfield Hospital,Fairfield,OH,HSI00001428,Bon Secours Mercy Health,1,2,church-operated,204,0,https://www.ahrq.gov/sites/default/files/wysiwyg/chsp/compendium/chsp-hospital-linkage-2023.xlsx
361312,CHSP00004065,Mercy Health - Urbana Hospital,Urbana,OH,HSI00001428,Bon Secours Mercy Health,1,2,church-operated,25,0,https://www.ahrq.gov/sites/default/files/wysiwyg/chsp/compendium/chsp-hospital-linkage-2023.xlsx
360262,CHSP00004077,Mercy Health Saint Anne Hospital Llc,Toledo,OH,HSI00001428,Bon Secours Mercy Health,1,,,,,https://www.ahrq.gov/sites/default/files/wysiwyg/chsp/compendium/chsp-hospital-linkage-2023.xlsx
360081,CHSP00003986,Mercy Health Saint Charles Hospital,Oregon,OH,HSI00001428,Bon Secours Mercy Health,1,,,,,https://www.ahrq.gov/sites/default/files/wysiwyg/chsp/compendium/chsp-hospital-linkage-2023.xlsx
360234,CHSP00003993,Mercy Health West Hospital,Cincinnati,OH,HSI00001428,Bon Secours Mercy Health,1,2,church-operated,205,0,https://www.ahrq.gov/sites/default/files/wysiwyg/chsp/compendium/chsp-hospital-linkage-2023.xlsx
360089,CHSP00004080,Mercy Health-Tiffin  Hospital Llc,Tiffin,OH,HSI00001428,Bon Secours Mercy Health,1,2,church-operated,35,0,https://www.ahrq.gov/sites/default/files/wysiwyg/chsp/compendium/chsp-hospital-linkage-2023.xlsx
361310,CHSP00003994,Mercy Health-Willard Hospital Llc,Willard,OH,HSI00001428,Bon Secours Mercy Health,1,2,church-operated,20,0,https://www.ahrq.gov/sites/default/files/wysiwyg/chsp/compendium/chsp-hospital-linkage-2023.xlsx
360001,CHSP00003987,Mercy Hospital Anderson,Cincinnati,OH,HSI00001428,Bon Secours Mercy Health,1,2,church-operated,199,0,https://www.ahrq.gov/sites/default/files/wysiwyg/chsp/compendium/chsp-hospital-linkage-2023.xlsx
360270,CHSP00004037,Mercy Hospital Of Defiance  Llc,Defiance,OH,HSI00001428,Bon Secours Mercy Health,1,2,church-operated,23,0,https://www.ahrq.gov/sites/default/files/wysiwyg/chsp/compendium/chsp-hospital-linkage-2023.xlsx
360172,CHSP00004069,Mercy Regional Medical Center,Lorain,OH,HSI00001428,Bon Secours Mercy Health,1,2,church-operated,149,0,https://www.ahrq.gov/sites/default/files/wysiwyg/chsp/compendium/chsp-hospital-linkage-2023.xlsx
360086,CHSP00006378,Springfield Regional Medical Center,Springfield,OH,HSI00001428,Bon Secours Mercy Health,1,2,church-operated,210,0,https://www.ahrq.gov/sites/default/files/wysiwyg/chsp/compendium/chsp-hospital-linkage-2023.xlsx
360276,CHSP00003990,St Elizabeth Boardman Health Ctr,Boardman,OH,HSI00001428,Bon Secours Mercy Health,1,2,church-operated,210,0,https://www.ahrq.gov/sites/default/files/wysiwyg/chsp/compendium/chsp-hospital-linkage-2023.xlsx
360112,CHSP00004079,St Vincent Medical Center,Toledo,OH,HSI00001428,Bon Secours Mercy Health,1,2,church-operated,525,0,https://www.ahrq.gov/sites/default/files/wysiwyg/chsp/compendium/chsp-hospital-linkage-2023.xlsx
360064,CHSP00003991,St. Elizabeth Health Center,Youngstown,OH,HSI00001428,Bon Secours Mercy Health,1,2,church-operated,323,0,https://www.ahrq.gov/sites/default/files/wysiwyg/chsp/compendium/chsp-hospital-linkage-2023.xlsx
360161,CHSP00003992,St. Joseph Health Center,Warren,OH,HSI00001428,Bon Secours Mercy Health,1,2,church-operated,137,0,https://www.ahrq.gov/sites/default/files/wysiwyg/chsp/compendium/chsp-hospital-linkage-2023.xlsx
360066,CHSP00006587,St. Ritas Medical Center Llc,Lima,OH,HSI00001428,Bon Secours Mercy Health,1,2,church-operated,329,0,https://www.ahrq.gov/sites/default/files/wysiwyg/chsp/compendium/chsp-hospital-linkage-2023.xlsx
420065,CHSP00000657,Bon Secours St. Francis Xavier Hospi,Charleston,SC,HSI00001428,Bon Secours Mercy Health,1,1,nonprofit,186,0,https://www.ahrq.gov/sites/default/files/wysiwyg/chsp/compendium/chsp-hospital-linkage-2023.xlsx
420087,CHSP00005609,Roper Hospital  Inc.,Charleston,SC,HSI00001428,Bon Secours Mercy Health,1,1,nonprofit,266,0,https://www.ahrq.gov/sites/default/files/wysiwyg/chsp/compendium/chsp-hospital-linkage-2023.xlsx
420110,CHSP00008506,Roper St. Francis Hospital-Berkeley,Summerville,SC,HSI00001428,Bon Secours Mercy Health,1,1,nonprofit,46,0,https://www.ahrq.gov/sites/default/files/wysiwyg/chsp/compendium/chsp-hospital-linkage-2023.xlsx
420104,CHSP00005610,Roper St. Francis Mt Pleasant Hospit,Mount Pleasant,SC,HSI00001428,Bon Secours Mercy Health,1,1,nonprofit,85,0,https://www.ahrq.gov/sites/default/files/wysiwyg/chsp/compendium/chsp-hospital-linkage-2023.xlsx
420023,CHSP00000656,St. Francis Hospital Inc,Greenville,SC,HSI00001428,Bon Secours Mercy Health,1,2,church-operated,327,0,https://www.ahrq.gov/sites/default/files/wysiwyg/chsp/compendium/chsp-hospital-linkage-2023.xlsx
490067,CHSP00006300,Bon Secours Southside Medical Center,Petersburg,VA,HSI00001428,Bon Secours Mercy Health,1,2,church-operated,300,0,https://www.ahrq.gov/sites/default/files/wysiwyg/chsp/compendium/chsp-hospital-linkage-2023.xlsx
490041,CHSP00003744,Mary Immaculate Hospital,Newport News,VA,HSI00001428,Bon Secours Mercy Health,1,2,church-operated,114,0,https://www.ahrq.gov/sites/default/files/wysiwyg/chsp/compendium/chsp-hospital-linkage-2023.xlsx
490017,CHSP00000654,Maryview Hospital,Portsmouth,VA,HSI00001428,Bon Secours Mercy Health,1,2,church-operated,160,0,https://www.ahrq.gov/sites/default/files/wysiwyg/chsp/compendium/chsp-hospital-linkage-2023.xlsx
490069,CHSP00000655,Memorial Regional Medical Center,Mechanicsville,VA,HSI00001428,Bon Secours Mercy Health,1,2,church-operated,243,0,https://www.ahrq.gov/sites/default/files/wysiwyg/chsp/compendium/chsp-hospital-linkage-2023.xlsx
491308,CHSP00005383,Rappahannock General Hospital,Kilmarnock,VA,HSI00001428,Bon Secours Mercy Health,1,2,church-operated,25,0,https://www.ahrq.gov/sites/default/files/wysiwyg/chsp/compendium/chsp-hospital-linkage-2023.xlsx
490094,CHSP00000661,Richmond Community Hospital,Richmond,VA,HSI00001428,Bon Secours Mercy Health,1,2,church-operated,96,1,https://www.ahrq.gov/sites/default/files/wysiwyg/chsp/compendium/chsp-hospital-linkage-2023.xlsx
490092,CHSP00006245,Southampton Memorial Hospital,Franklin,VA,HSI00001428,Bon Secours Mercy Health,1,2,church-operated,90,0,https://www.ahrq.gov/sites/default/files/wysiwyg/chsp/compendium/chsp-hospital-linkage-2023.xlsx
490097,CHSP00006294,Southern Virginia Regional Med. Ctr.,Emporia,VA,HSI00001428,Bon Secours Mercy Health,1,2,church-operated,70,0,https://www.ahrq.gov/sites/default/files/wysiwyg/chsp/compendium/chsp-hospital-linkage-2023.xlsx
490136,CHSP00000658,St. Francis Medical Center,Midlothian,VA,HSI00001428,Bon Secours Mercy Health,1,2,church-operated,128,0,https://www.ahrq.gov/sites/default/files/wysiwyg/chsp/compendium/chsp-hospital-linkage-2023.xlsx
490059,CHSP00000659,St. Marys Hospital,Richmond,VA,HSI00001428,Bon Secours Mercy Health,1,2,church-operated,363,0,https://www.ahrq.gov/sites/default/files/wysiwyg/chsp/compendium/chsp-hospital-linkage-2023.xlsx
330111,CHSP00000595,Bertrand Chaffee Hospital,Springville,NY,HSI00001430,Catholic Health Systems,1,1,nonprofit,23,0,https://www.ahrq.gov/sites/default/files/wysiwyg/chsp/compendium/chsp-hospital-linkage-2023.xlsx
330102,CHSP00003140,Kenmore Mercy Hospital,Kenmore,NY,HSI00001430,Catholic Health Systems,1,2,church-operated,159,0,https://www.ahrq.gov/sites/default/files/wysiwyg/chsp/compendium/chsp-hospital-linkage-2023.xlsx
330279,CHSP00004002,Mercy Hospital Of Buffalo,Buffalo,NY,HSI00001430,Catholic Health Systems,1,2,church-operated,346,0,https://www.ahrq.gov/sites/default/files/wysiwyg/chsp/compendium/chsp-hospital-linkage-2023.xlsx
330188,CHSP00004346,Mount St. Marys Hospital,Lewiston,NY,HSI00001430,Catholic Health Systems,1,2,church-operated,175,1,https://www.ahrq.gov/sites/default/files/wysiwyg/chsp/compendium/chsp-hospital-linkage-2023.xlsx
330078,CHSP00006170,Sisters Of Charity Hospital,Buffalo,NY,HSI00001430,Catholic Health Systems,1,2,church-operated,343,1,https://www.ahrq.gov/sites/default/files/wysiwyg/chsp/compendium/chsp-hospital-linkage-2023.xlsx
170013,CHSP00002564,Hays Medical Center  Inc.,Hays,KS,HSI00001431,Hays Medical Center,1,1,nonprofit,144,0,https://www.ahrq.gov/sites/default/files/wysiwyg/chsp/compendium/chsp-hospital-linkage-2023.xlsx
171345,CHSP00005010,Pawnee Valley Community Hospital,Larned,KS,HSI00001431,Hays Medical Center,1,3,public/government,16,0,https://www.ahrq.gov/sites/default/files/wysiwyg/chsp/compendium/chsp-hospital-linkage-2023.xlsx
500051,CHSP00004889,Overlake Hospital Medical Center,Bellevue,WA,HSI00001436,Overlake Medical Center and Clinics,1,1,nonprofit,296,0,https://www.ahrq.gov/sites/default/files/wysiwyg/chsp/compendium/chsp-hospital-linkage-2023.xlsx
310045,CHSP00001868,Englewood Hospital & Med Ctr,Englewood,NJ,HSI00001442,Englewood Health,1,1,nonprofit,274,0,https://www.ahrq.gov/sites/default/files/wysiwyg/chsp/compendium/chsp-hospital-linkage-2023.xlsx
050145,CHSP00001379,Community Hosp. Monterey Peninsula,Monterey,CA,HSI00001443,Montage Health,1,1,nonprofit,227,0,https://www.ahrq.gov/sites/default/files/wysiwyg/chsp/compendium/chsp-hospital-linkage-2023.xlsx
020012,CHSP00001926,Fairbanks Memorial,Fairbanks,AK,HSI00001446,Foundation Health Partners,1,1,nonprofit,122,0,https://www.ahrq.gov/sites/default/files/wysiwyg/chsp/compendium/chsp-hospital-linkage-2023.xlsx
301310,CHSP00000186,Androscoggin Valley Hospital,Berlin,NH,HSI00001447,North Country Healthcare,1,1,nonprofit,25,0,https://www.ahrq.gov/sites/default/files/wysiwyg/chsp/compendium/chsp-hospital-linkage-2023.xlsx
301303,CHSP00007600,Weeks Medical Center,Lancaster,NH,HSI00001447,North Country Healthcare,1,1,nonprofit,25,0,https://www.ahrq.gov/sites/default/files/wysiwyg/chsp/compendium/chsp-hospital-linkage-2023.xlsx
303975,CHSP00008549,Weeks Medical Center,Lancaster,NH,HSI00001447,North Country Healthcare,1,,,,,https://www.ahrq.gov/sites/default/files/wysiwyg/chsp/compendium/chsp-hospital-linkage-2023.xlsx
230217,CHSP00004738,Oaklawn Hospital,Marshall,MI,HSI00001449,Oaklawn Hospital,1,1,nonprofit,78,0,https://www.ahrq.gov/sites/default/files/wysiwyg/chsp/compendium/chsp-hospital-linkage-2023.xlsx
220010,CHSP00003446,Lawrence General Hospital,Lawrence,MA,HSI00001458,Lawrence General Hospital,1,1,nonprofit,186,1,https://www.ahrq.gov/sites/default/files/wysiwyg/chsp/compendium/chsp-hospital-linkage-2023.xlsx
050779,CHSP00003735,Martin Luther King Community Hosp,Los Angeles,CA,HSI00001464,MLK Community Healthcare,1,1,nonprofit,152,1,https://www.ahrq.gov/sites/default/files/wysiwyg/chsp/compendium/chsp-hospital-linkage-2023.xlsx
140289,CHSP00000182,Anderson Hospital,Maryville,IL,HSI00001473,Anderson Medical Group,1,1,nonprofit,144,0,https://www.ahrq.gov/sites/default/files/wysiwyg/chsp/compendium/chsp-hospital-linkage-2023.xlsx
360008,CHSP00006284,Southern Ohio Medical Center,Portsmouth,OH,HSI00001481,Southern Ohio Medical Center,1,1,nonprofit,192,0,https://www.ahrq.gov/sites/default/files/wysiwyg/chsp/compendium/chsp-hospital-linkage-2023.xlsx
053300,CHSP00007388,Valley Childrens Hospital,Madera,CA,HSI00001497,Valley Childrens Healthcare,1,1,nonprofit,358,0,https://www.ahrq.gov/sites/default/files/wysiwyg/chsp/compendium/chsp-hospital-linkage-2023.xlsx
490050,CHSP00007505,Virginia Hospital Center Arlington,Arlington,VA,HSI00001499,VHC Health,1,1,nonprofit,385,0,https://www.ahrq.gov/sites/default/files/wysiwyg/chsp/compendium/chsp-hospital-linkage-2023.xlsx
063301,CHSP00001145,Childrens Hospital Colorado,Aurora,CO,HSI00001500,Childrens Hospital Colorado,1,1,nonprofit,497,0,https://www.ahrq.gov/sites/default/files/wysiwyg/chsp/compendium/chsp-hospital-linkage-2023.xlsx
260068,CHSP00000666,Boone Hospital Center,Columbia,MO,HSI00001501,Boone Hospital Center,1,1,nonprofit,278,0,https://www.ahrq.gov/sites/default/files/wysiwyg/chsp/compendium/chsp-hospital-linkage-2023.xlsx
010022,CHSP00001115,Cherokee Medical Center,Centre,AL,HSI00001526,Advocate Health,1,1,nonprofit,45,1,https://www.ahrq.gov/sites/default/files/wysiwyg/chsp/compendium/chsp-hospital-linkage-2023.xlsx
113029,CHSP00005464,Ahn Rehabilitation Hospital,Macon,GA,HSI00001526,Advocate Health,0,1,nonprofit,58,0,https://www.ahrq.gov/sites/default/files/wysiwyg/chsp/compendium/chsp-hospital-linkage-2023.xlsx
110107,CHSP00003884,Ahn The Medical Center,Macon,GA,HSI00001526,Advocate Health,1,3,public/government,636,0,https://www.ahrq.gov/sites/default/files/wysiwyg/chsp/compendium/chsp-hospital-linkage-2023.xlsx
110150,CHSP00004776,Atrium Health Navicent Baldwin,Milledgeville,GA,HSI00001526,Advocate Health,1,1,nonprofit,86,0,https://www.ahrq.gov/sites/default/files/wysiwyg/chsp/compendium/chsp-hospital-linkage-2023.xlsx
111310,CHSP00003877,Atrium Health Navicent Peach,Bryon,GA,HSI00001526,Advocate Health,1,1,nonprofit,25,0,https://www.ahrq.gov/sites/default/files/wysiwyg/chsp/compendium/chsp-hospital-linkage-2023.xlsx
110054,CHSP00002042,Floyd Medical Center,Rome,GA,HSI00001526,Advocate Health,1,1,nonprofit,227,0,https://www.ahrq.gov/sites/default/files/wysiwyg/chsp/compendium/chsp-hospital-linkage-2023.xlsx
111318,CHSP00004277,Monroe County Hospital,Forsyth,GA,HSI00001526,Advocate Health,1,3,public/government,25,0,https://www.ahrq.gov/sites/default/files/wysiwyg/chsp/compendium/chsp-hospital-linkage-2023.xlsx
111330,CHSP00005170,Polk Medical Center,Cedartown,GA,HSI00001526,Advocate Health,1,1,nonprofit,25,0,https://www.ahrq.gov/sites/default/files/wysiwyg/chsp/compendium/chsp-hospital-linkage-2023.xlsx
111313,CHSP00005343,Putnam General Hospital,Eatonton,GA,HSI00001526,Advocate Health,1,3,public/government,25,0,https://www.ahrq.gov/sites/default/files/wysiwyg/chsp/compendium/chsp-hospital-linkage-2023.xlsx
140208,CHSP00000088,Advocate Christ Hospital,Oak Lawn,IL,HSI00001526,Advocate Health,1,2,church-operated,725,0,https://www.ahrq.gov/sites/default/files/wysiwyg/chsp/compendium/chsp-hospital-linkage-2023.xlsx
140288,CHSP00000091,Advocate Good Samaritan Hospital,Downers Grove,IL,HSI00001526,Advocate Health,1,2,church-operated,293,0,https://www.ahrq.gov/sites/default/files/wysiwyg/chsp/compendium/chsp-hospital-linkage-2023.xlsx
140223,CHSP00000095,Advocate Lutheran General Hospital,Park Ridge,IL,HSI00001526,Advocate Health,1,2,church-operated,562,0,https://www.ahrq.gov/sites/default/files/wysiwyg/chsp/compendium/chsp-hospital-linkage-2023.xlsx
140182,CHSP00000093,Advocate North Side Health Network,Chicago,IL,HSI00001526,Advocate Health,1,2,church-operated,237,0,https://www.ahrq.gov/sites/default/files/wysiwyg/chsp/compendium/chsp-hospital-linkage-2023.xlsx
140030,CHSP00000096,Advocate Sherman Hospital,Elgin,IL,HSI00001526,Advocate Health,1,2,church-operated,255,0,https://www.ahrq.gov/sites/default/files/wysiwyg/chsp/compendium/chsp-hospital-linkage-2023.xlsx
140250,CHSP00000097,Advocate South Suburban Hospital,Hazel Crest,IL,HSI00001526,Advocate Health,1,,,,,https://www.ahrq.gov/sites/default/files/wysiwyg/chsp/compendium/chsp-hospital-linkage-2023.xlsx
140048,CHSP00000098,Advocate Southland Health Network,Chicago,IL,HSI00001526,Advocate Health,1,2,church-operated,438,0,https://www.ahrq.gov/sites/default/files/wysiwyg/chsp/compendium/chsp-hospital-linkage-2023.xlsx
140202,CHSP00000089,Condell Medical Center,Libertyville,IL,HSI00001526,Advocate Health,1,2,church-operated,257,0,https://www.ahrq.gov/sites/default/files/wysiwyg/chsp/compendium/chsp-hospital-linkage-2023.xlsx
140291,CHSP00000092,Good Shepherd Hospital,Barrington,IL,HSI00001526,Advocate Health,1,2,church-operated,176,0,https://www.ahrq.gov/sites/default/files/wysiwyg/chsp/compendium/chsp-hospital-linkage-2023.xlsx
142010,CHSP00005365,Rml Health Providers  L.P.,Hinsdale,IL,HSI00001526,Advocate Health,0,1,nonprofit,184,0,https://www.ahrq.gov/sites/default/files/wysiwyg/chsp/compendium/chsp-hospital-linkage-2023.xlsx
142012,CHSP00005364,Rml Health Providers Lp,Chicago,IL,HSI00001526,Advocate Health,0,,,,,https://www.ahrq.gov/sites/default/files/wysiwyg/chsp/compendium/chsp-hospital-linkage-2023.xlsx
341320,CHSP00000129,Alleghany Memorial Hospital,Sparta,NC,HSI00001526,Advocate Health,1,1,nonprofit,25,0,https://www.ahrq.gov/sites/default/files/wysiwyg/chsp/compendium/chsp-hospital-linkage-2023.xlsx
340084,CHSP00000967,Atrium Health Anson,Wadesboro,NC,HSI00001526,Advocate Health,1,3,public/government,15,0,https://www.ahrq.gov/sites/default/files/wysiwyg/chsp/compendium/chsp-hospital-linkage-2023.xlsx
340001,CHSP00000970,Atrium Health Cabarrus,Concord,NC,HSI00001526,Advocate Health,1,3,public/government,447,0,https://www.ahrq.gov/sites/default/files/wysiwyg/chsp/compendium/chsp-hospital-linkage-2023.xlsx
340021,CHSP00001272,Atrium Health Cleveland,Shelby,NC,HSI00001526,Advocate Health,1,3,public/government,308,0,https://www.ahrq.gov/sites/default/files/wysiwyg/chsp/compendium/chsp-hospital-linkage-2023.xlsx
340037,CHSP00003286,Atrium Health Kings Mountain,Kings Mountain,NC,HSI00001526,Advocate Health,1,,,,,https://www.ahrq.gov/sites/default/files/wysiwyg/chsp/compendium/chsp-hospital-linkage-2023.xlsx
340145,CHSP00000969,Atrium Health Lincoln,Lincolnton,NC,HSI00001526,Advocate Health,1,3,public/government,101,0,https://www.ahrq.gov/sites/default/files/wysiwyg/chsp/compendium/chsp-hospital-linkage-2023.xlsx
340180,CHSP00008569,Atrium Health Mercy,Charlotte,NC,HSI00001526,Advocate Health,1,,,,,https://www.ahrq.gov/sites/default/files/wysiwyg/chsp/compendium/chsp-hospital-linkage-2023.xlsx
340098,CHSP00000973,Atrium Health Pineville,Charlotte,NC,HSI00001526,Advocate Health,1,3,public/government,352,0,https://www.ahrq.gov/sites/default/files/wysiwyg/chsp/compendium/chsp-hospital-linkage-2023.xlsx
340119,CHSP00006632,Atrium Health Stanly,Albemarle,NC,HSI00001526,Advocate Health,1,3,public/government,97,0,https://www.ahrq.gov/sites/default/files/wysiwyg/chsp/compendium/chsp-hospital-linkage-2023.xlsx
340130,CHSP00000974,Atrium Health Union,Monroe,NC,HSI00001526,Advocate Health,1,3,public/government,183,0,https://www.ahrq.gov/sites/default/files/wysiwyg/chsp/compendium/chsp-hospital-linkage-2023.xlsx
340166,CHSP00000979,Atrium Health University City,Charlotte,NC,HSI00001526,Advocate Health,1,3,public/government,104,0,https://www.ahrq.gov/sites/default/files/wysiwyg/chsp/compendium/chsp-hospital-linkage-2023.xlsx
340113,CHSP00000977,Carolinas Medical Center,Charlotte,NC,HSI00001526,Advocate Health,1,3,public/government,1191,0,https://www.ahrq.gov/sites/default/files/wysiwyg/chsp/compendium/chsp-hospital-linkage-2023.xlsx
343026,CHSP00000980,Carolinas Rehabilitation,Charlotte,NC,HSI00001526,Advocate Health,0,3,public/government,150,0,https://www.ahrq.gov/sites/default/files/wysiwyg/chsp/compendium/chsp-hospital-linkage-2023.xlsx
340068,CHSP00001333,Columbus Regional Healthcare System,Whiteville,NC,HSI00001526,Advocate Health,1,3,public/government,154,0,https://www.ahrq.gov/sites/default/files/wysiwyg/chsp/compendium/chsp-hospital-linkage-2023.xlsx
340187,CHSP00008558,Davie Medical Center,Bermuda Run,NC,HSI00001526,Advocate Health,1,1,nonprofit,42,0,https://www.ahrq.gov/sites/default/files/wysiwyg/chsp/compendium/chsp-hospital-linkage-2023.xlsx
340004,CHSP00002665,High Point Medical Center,High Point,NC,HSI00001526,Advocate Health,1,1,nonprofit,288,0,https://www.ahrq.gov/sites/default/files/wysiwyg/chsp/compendium/chsp-hospital-linkage-2023.xlsx
340096,CHSP00007527,Lexington Memorial Hospital  Inc.,Lexington,NC,HSI00001526,Advocate Health,1,1,nonprofit,70,0,https://www.ahrq.gov/sites/default/files/wysiwyg/chsp/compendium/chsp-hospital-linkage-2023.xlsx
340047,CHSP00007528,North Carolina Baptist Hospital,Winston-Salem,NC,HSI00001526,Advocate Health,1,2,church-operated,813,0,https://www.ahrq.gov/sites/default/files/wysiwyg/chsp/compendium/chsp-hospital-linkage-2023.xlsx
340008,CHSP00005913,Scotland Memorial Hospital,Laurinburg,NC,HSI00001526,Advocate Health,1,1,nonprofit,104,0,https://www.ahrq.gov/sites/default/files/wysiwyg/chsp/compendium/chsp-hospital-linkage-2023.xlsx
341322,CHSP00006527,St Lukes Hospital,Columbus,NC,HSI00001526,Advocate Health,1,2,church-operated,25,0,https://www.ahrq.gov/sites/default/files/wysiwyg/chsp/compendium/chsp-hospital-linkage-2023.xlsx
341313,CHSP00007526,Wake Forest Baptist Health Davie Medical Center,Bermuda Run,NC,HSI00001526,Advocate Health,1,,,,,https://www.ahrq.gov/sites/default/files/wysiwyg/chsp/compendium/chsp-hospital-linkage-2023.xlsx
340064,CHSP00007732,Wrmc Hospital Operating Corporation,North Wilkesboro,NC,HSI00001526,Advocate Health,1,3,public/government,77,0,https://www.ahrq.gov/sites/default/files/wysiwyg/chsp/compendium/chsp-hospital-linkage-2023.xlsx
420072,CHSP00002493,Hampton Regional Medical Center,Varnville,SC,HSI00001526,Advocate Health,1,1,nonprofit,32,0,https://www.ahrq.gov/sites/default/files/wysiwyg/chsp/compendium/chsp-hospital-linkage-2023.xlsx
520193,CHSP00000288,Aurora Baycare Medical Center,Green Bay,WI,HSI00001526,Advocate Health,1,5,for-profit,185,0,https://www.ahrq.gov/sites/default/files/wysiwyg/chsp/compendium/chsp-hospital-linkage-2023.xlsx
520138,CHSP00000308,Aurora Health Care Metro  Inc.,Milwaukee,WI,HSI00001526,Advocate Health,1,1,nonprofit,932,0,https://www.ahrq.gov/sites/default/files/wysiwyg/chsp/compendium/chsp-hospital-linkage-2023.xlsx
520102,CHSP00000294,Aurora Lakeland Medical Center,Elkhorn,WI,HSI00001526,Advocate Health,1,1,nonprofit,62,0,https://www.ahrq.gov/sites/default/files/wysiwyg/chsp/compendium/chsp-hospital-linkage-2023.xlsx
520034,CHSP00000296,Aurora Med Ctr Of Manitowoc County,Two Rivers,WI,HSI00001526,Advocate Health,1,1,nonprofit,63,0,https://www.ahrq.gov/sites/default/files/wysiwyg/chsp/compendium/chsp-hospital-linkage-2023.xlsx
520113,CHSP00000466,Aurora Medical Center - Bay Area,Marinette,WI,HSI00001526,Advocate Health,1,1,nonprofit,55,0,https://www.ahrq.gov/sites/default/files/wysiwyg/chsp/compendium/chsp-hospital-linkage-2023.xlsx
520038,CHSP00000299,Aurora Medical Center - Hartford,Hartford,WI,HSI00001526,Advocate Health,1,1,nonprofit,35,0,https://www.ahrq.gov/sites/default/files/wysiwyg/chsp/compendium/chsp-hospital-linkage-2023.xlsx
520206,CHSP00000298,Aurora Medical Center - Summit,Summit,WI,HSI00001526,Advocate Health,1,1,nonprofit,109,0,https://www.ahrq.gov/sites/default/files/wysiwyg/chsp/compendium/chsp-hospital-linkage-2023.xlsx
520207,CHSP00000297,Aurora Medical Center Grafton,Grafton,WI,HSI00001526,Advocate Health,1,1,nonprofit,133,0,https://www.ahrq.gov/sites/default/files/wysiwyg/chsp/compendium/chsp-hospital-linkage-2023.xlsx
520189,CHSP00000295,Aurora Medical Center Kenosha,Kenosha,WI,HSI00001526,Advocate Health,1,1,nonprofit,133,0,https://www.ahrq.gov/sites/default/files/wysiwyg/chsp/compendium/chsp-hospital-linkage-2023.xlsx
520198,CHSP00000300,Aurora Medical Center Oshkosh,Oshkosh,WI,HSI00001526,Advocate Health,1,1,nonprofit,83,0,https://www.ahrq.gov/sites/default/files/wysiwyg/chsp/compendium/chsp-hospital-linkage-2023.xlsx
520035,CHSP00000305,Aurora Medical Ctr Sheboygan County,Sheboygan,WI,HSI00001526,Advocate Health,1,1,nonprofit,125,0,https://www.ahrq.gov/sites/default/files/wysiwyg/chsp/compendium/chsp-hospital-linkage-2023.xlsx
524000,CHSP00000304,Aurora Psychiatric Hospital,Wauwatosa,WI,HSI00001526,Advocate Health,0,1,nonprofit,89,0,https://www.ahrq.gov/sites/default/files/wysiwyg/chsp/compendium/chsp-hospital-linkage-2023.xlsx
520064,CHSP00000306,Aurora Sinai Medical Center,Milwaukee,WI,HSI00001526,Advocate Health,1,,,,,https://www.ahrq.gov/sites/default/files/wysiwyg/chsp/compendium/chsp-hospital-linkage-2023.xlsx
520139,CHSP00000309,Aurora West Allis Medical Center,West Allis,WI,HSI00001526,Advocate Health,1,1,nonprofit,202,0,https://www.ahrq.gov/sites/default/files/wysiwyg/chsp/compendium/chsp-hospital-linkage-2023.xlsx
520059,CHSP00000301,Memorial Hospital Of Burlington,Burlington,WI,HSI00001526,Advocate Health,1,1,nonprofit,33,0,https://www.ahrq.gov/sites/default/files/wysiwyg/chsp/compendium/chsp-hospital-linkage-2023.xlsx
260078,CHSP00004899,Ozarks Medical Center,West Plains,MO,HSI00001529,Ozarks Healthcare,1,1,nonprofit,111,0,https://www.ahrq.gov/sites/default/files/wysiwyg/chsp/compendium/chsp-hospital-linkage-2023.xlsx
310047,CHSP00006116,Shore Memorial Hospital,Somers Point,NJ,HSI00001532,Shore Physicians Group,1,1,nonprofit,199,0,https://www.ahrq.gov/sites/default/files/wysiwyg/chsp/compendium/chsp-hospital-linkage-2023.xlsx
140186,CHSP00005544,Riverside Medical Center,Kankakee,IL,HSI00001533,Riverside Healthcare,1,1,nonprofit,256,0,https://www.ahrq.gov/sites/default/files/wysiwyg/chsp/compendium/chsp-hospital-linkage-2023.xlsx
521347,CHSP00000351,Western Wisconsin Health,Baldwin,WI,HSI00001540,Western Wisconsin Health,1,1,nonprofit,25,0,https://www.ahrq.gov/sites/default/files/wysiwyg/chsp/compendium/chsp-hospital-linkage-2023.xlsx
528504,CHSP00008372,Western Wisconsin Health,Baldwin,WI,HSI00001540,Western Wisconsin Health,1,,,,,https://www.ahrq.gov/sites/default/files/wysiwyg/chsp/compendium/chsp-hospital-linkage-2023.xlsx
050030,CHSP00004850,Oroville Hospital,Oroville,CA,HSI00001546,OroHealth Corporation,1,1,nonprofit,153,1,https://www.ahrq.gov/sites/default/files/wysiwyg/chsp/compendium/chsp-hospital-linkage-2023.xlsx
150115,CHSP00003937,Memorial Hosp & Health Care Ctr,Jasper,IN,HSI00001560,Little Company of Mary Hospital of Indiana,1,2,church-operated,96,0,https://www.ahrq.gov/sites/default/files/wysiwyg/chsp/compendium/chsp-hospital-linkage-2023.xlsx
360040,CHSP00003303,Knox Community Hospital,Mount Vernon,OH,HSI00001580,Knox Community Hospital,1,1,nonprofit,64,0,https://www.ahrq.gov/sites/default/files/wysiwyg/chsp/compendium/chsp-hospital-linkage-2023.xlsx
