system_id,system_name,hq_city,hq_state,footprint_states,n_footprint_states,hq_state_in_footprint,n_hospitals,n_acute_hospitals,total_beds,any_high_dsh_hospital,ownership_code,ownership_label,pct_nonprofit_acute_beds,n_acute_non_nonprofit,compendium_edition,source_url,source_as_of,mixed_ownership,npr_compendium,npr_compendium_basis,n_acute_no_cost_report_compendium,npr_fy2024_rebuild,npr_fy2024_basis,n_acute_no_cost_report_fy2024,n_acute_annualized_fy2024,gap_pct_fy2024_vs_compendium,flag_revenue_missing,flag_incomplete_cost_reports,flag_gap_gt_25pct,flag_hospital_value_outlier,source_url_fy2024,source_as_of_fy2024
HSI00001446,Foundation Health Partners,Fairbanks,AK,AK,1,True,1,1,122.0,0.0,1.0,nonprofit,100.0,0,2023 (rev. 2025-09),https://www.ahrq.gov/sites/default/files/wysiwyg/chsp/compendium/chsp-compendium-2023-rev.xlsx,AHRQ Compendium 2023 (system file rev. 2025-09); systems as of end-2023,False,318311036.0,HCRIS FY2023 (FY2022 fallback); acute member hospitals; G-3 line 3,0,290330470.0,HCRIS FY2024 (periods beginning 2023-10-01..2024-09-30); acute member CCNs; annualized where needed,0,0,-8.8,False,False,False,False,https://data.cms.gov/sites/default/files/2026-09/e85544f7-57ef-477e-9640-313ac0aac400/CostReport_2024_Final.csv,CMS Hospital Provider Cost Report FY2024 (periods beginning 2023-10-01..2024-09-30); file modified 2026-09-29
HSI00001003,Southeast Alaska Regional Health Consortium,Juneau,AK,AK,1,True,4,4,45.0,0.0,1.0,nonprofit,0.0,3,2023 (rev. 2025-09),https://www.ahrq.gov/sites/default/files/wysiwyg/chsp/compendium/chsp-compendium-2023-rev.xlsx,AHRQ Compendium 2023 (system file rev. 2025-09); systems as of end-2023,True,33822232.0,HCRIS FY2023 (FY2022 fallback); acute member hospitals; G-3 line 3,2,45893259.0,HCRIS FY2024 (periods beginning 2023-10-01..2024-09-30); acute member CCNs; annualized where needed,2,0,35.7,False,True,True,False,https://data.cms.gov/sites/default/files/2026-09/e85544f7-57ef-477e-9640-313ac0aac400/CostReport_2024_Final.csv,CMS Hospital Provider Cost Report FY2024 (periods beginning 2023-10-01..2024-09-30); file modified 2026-09-29
HSI00000217,Childrens of Alabama,Birmingham,AL,AL,1,True,1,1,351.0,0.0,1.0,nonprofit,100.0,0,2023 (rev. 2025-09),https://www.ahrq.gov/sites/default/files/wysiwyg/chsp/compendium/chsp-compendium-2023-rev.xlsx,AHRQ Compendium 2023 (system file rev. 2025-09); systems as of end-2023,False,860206699.0,HCRIS FY2023 (FY2022 fallback); acute member hospitals; G-3 line 3,0,893992144.0,HCRIS FY2024 (periods beginning 2023-10-01..2024-09-30); acute member CCNs; annualized where needed,0,0,3.9,False,False,False,False,https://data.cms.gov/sites/default/files/2026-09/e85544f7-57ef-477e-9640-313ac0aac400/CostReport_2024_Final.csv,CMS Hospital Provider Cost Report FY2024 (periods beginning 2023-10-01..2024-09-30); file modified 2026-09-29
HSI00000511,Infirmary Health System,Mobile,AL,AL,1,True,5,4,769.0,0.0,1.0,nonprofit,78.7,1,2023 (rev. 2025-09),https://www.ahrq.gov/sites/default/files/wysiwyg/chsp/compendium/chsp-compendium-2023-rev.xlsx,AHRQ Compendium 2023 (system file rev. 2025-09); systems as of end-2023,True,859984192.0,HCRIS FY2023 (FY2022 fallback); acute member hospitals; G-3 line 3,0,982804208.0,HCRIS FY2024 (periods beginning 2023-10-01..2024-09-30); acute member CCNs; annualized where needed,0,0,14.3,False,False,False,True,https://data.cms.gov/sites/default/files/2026-09/e85544f7-57ef-477e-9640-313ac0aac400/CostReport_2024_Final.csv,CMS Hospital Provider Cost Report FY2024 (periods beginning 2023-10-01..2024-09-30); file modified 2026-09-29
HSI00000050,Arkansas Childrens Hospital,Little Rock,AR,AR,1,True,2,2,350.0,0.0,1.0,nonprofit,100.0,0,2023 (rev. 2025-09),https://www.ahrq.gov/sites/default/files/wysiwyg/chsp/compendium/chsp-compendium-2023-rev.xlsx,AHRQ Compendium 2023 (system file rev. 2025-09); systems as of end-2023,False,873033558.0,HCRIS FY2023 (FY2022 fallback); acute member hospitals; G-3 line 3,0,991412537.0,HCRIS FY2024 (periods beginning 2023-10-01..2024-09-30); acute member CCNs; annualized where needed,0,0,13.6,False,False,False,False,https://data.cms.gov/sites/default/files/2026-09/e85544f7-57ef-477e-9640-313ac0aac400/CostReport_2024_Final.csv,CMS Hospital Provider Cost Report FY2024 (periods beginning 2023-10-01..2024-09-30); file modified 2026-09-29
HSI00000074,Baptist Health,Little Rock,AR,AR,1,True,12,10,1512.0,1.0,1.0,nonprofit,100.0,0,2023 (rev. 2025-09),https://www.ahrq.gov/sites/default/files/wysiwyg/chsp/compendium/chsp-compendium-2023-rev.xlsx,AHRQ Compendium 2023 (system file rev. 2025-09); systems as of end-2023,False,1495677411.0,HCRIS FY2023 (FY2022 fallback); acute member hospitals; G-3 line 3,1,1602886650.0,HCRIS FY2024 (periods beginning 2023-10-01..2024-09-30); acute member CCNs; annualized where needed,1,0,7.2,False,True,False,False,https://data.cms.gov/sites/default/files/2026-09/e85544f7-57ef-477e-9640-313ac0aac400/CostReport_2024_Final.csv,CMS Hospital Provider Cost Report FY2024 (periods beginning 2023-10-01..2024-09-30); file modified 2026-09-29
HSI00000090,Baxter Regional Medical Center,Mountain Home,AR,AR,1,True,1,1,169.0,0.0,1.0,nonprofit,100.0,0,2023 (rev. 2025-09),https://www.ahrq.gov/sites/default/files/wysiwyg/chsp/compendium/chsp-compendium-2023-rev.xlsx,AHRQ Compendium 2023 (system file rev. 2025-09); systems as of end-2023,False,277480129.0,HCRIS FY2023 (FY2022 fallback); acute member hospitals; G-3 line 3,0,291877679.0,HCRIS FY2024 (periods beginning 2023-10-01..2024-09-30); acute member CCNs; annualized where needed,0,0,5.2,False,False,False,False,https://data.cms.gov/sites/default/files/2026-09/e85544f7-57ef-477e-9640-313ac0aac400/CostReport_2024_Final.csv,CMS Hospital Provider Cost Report FY2024 (periods beginning 2023-10-01..2024-09-30); file modified 2026-09-29
HSI00000272,Conway Regional Health System,Conway,AR,AR,1,True,3,2,194.0,0.0,1.0,nonprofit,100.0,0,2023 (rev. 2025-09),https://www.ahrq.gov/sites/default/files/wysiwyg/chsp/compendium/chsp-compendium-2023-rev.xlsx,AHRQ Compendium 2023 (system file rev. 2025-09); systems as of end-2023,False,252589713.0,HCRIS FY2023 (FY2022 fallback); acute member hospitals; G-3 line 3,0,271643267.0,HCRIS FY2024 (periods beginning 2023-10-01..2024-09-30); acute member CCNs; annualized where needed,0,0,7.5,False,False,False,False,https://data.cms.gov/sites/default/files/2026-09/e85544f7-57ef-477e-9640-313ac0aac400/CostReport_2024_Final.csv,CMS Hospital Provider Cost Report FY2024 (periods beginning 2023-10-01..2024-09-30); file modified 2026-09-29
HSI00000527,Jefferson Hospital Association,Pine Bluff,AR,AR,1,True,1,1,245.0,1.0,1.0,nonprofit,100.0,0,2023 (rev. 2025-09),https://www.ahrq.gov/sites/default/files/wysiwyg/chsp/compendium/chsp-compendium-2023-rev.xlsx,AHRQ Compendium 2023 (system file rev. 2025-09); systems as of end-2023,False,201717365.0,HCRIS FY2023 (FY2022 fallback); acute member hospitals; G-3 line 3,0,258405842.0,HCRIS FY2024 (periods beginning 2023-10-01..2024-09-30); acute member CCNs; annualized where needed,0,0,28.1,False,False,True,False,https://data.cms.gov/sites/default/files/2026-09/e85544f7-57ef-477e-9640-313ac0aac400/CostReport_2024_Final.csv,CMS Hospital Provider Cost Report FY2024 (periods beginning 2023-10-01..2024-09-30); file modified 2026-09-29
HSI00000911,Saint Bernards Healthcare,Jonesboro,AR,AR,1,True,4,3,388.0,0.0,2.0,church-operated,100.0,0,2023 (rev. 2025-09),https://www.ahrq.gov/sites/default/files/wysiwyg/chsp/compendium/chsp-compendium-2023-rev.xlsx,AHRQ Compendium 2023 (system file rev. 2025-09); systems as of end-2023,False,471780033.0,HCRIS FY2023 (FY2022 fallback); acute member hospitals; G-3 line 3,1,508948890.0,HCRIS FY2024 (periods beginning 2023-10-01..2024-09-30); acute member CCNs; annualized where needed,1,0,7.9,False,True,False,False,https://data.cms.gov/sites/default/files/2026-09/e85544f7-57ef-477e-9640-313ac0aac400/CostReport_2024_Final.csv,CMS Hospital Provider Cost Report FY2024 (periods beginning 2023-10-01..2024-09-30); file modified 2026-09-29
HSI00001145,Unity Health,Searcy,AR,AR,1,True,5,4,179.0,0.0,1.0,nonprofit,100.0,0,2023 (rev. 2025-09),https://www.ahrq.gov/sites/default/files/wysiwyg/chsp/compendium/chsp-compendium-2023-rev.xlsx,AHRQ Compendium 2023 (system file rev. 2025-09); systems as of end-2023,False,272249366.0,HCRIS FY2023 (FY2022 fallback); acute member hospitals; G-3 line 3,3,273042337.0,HCRIS FY2024 (periods beginning 2023-10-01..2024-09-30); acute member CCNs; annualized where needed,2,0,0.3,False,True,False,False,https://data.cms.gov/sites/default/files/2026-09/e85544f7-57ef-477e-9640-313ac0aac400/CostReport_2024_Final.csv,CMS Hospital Provider Cost Report FY2024 (periods beginning 2023-10-01..2024-09-30); file modified 2026-09-29
HSI00001240,Washington Regional,Fayetteville,AR,AR,1,True,1,1,377.0,0.0,1.0,nonprofit,100.0,0,2023 (rev. 2025-09),https://www.ahrq.gov/sites/default/files/wysiwyg/chsp/compendium/chsp-compendium-2023-rev.xlsx,AHRQ Compendium 2023 (system file rev. 2025-09); systems as of end-2023,False,391093311.0,HCRIS FY2023 (FY2022 fallback); acute member hospitals; G-3 line 3,0,423134690.0,HCRIS FY2024 (periods beginning 2023-10-01..2024-09-30); acute member CCNs; annualized where needed,0,0,8.2,False,False,False,False,https://data.cms.gov/sites/default/files/2026-09/e85544f7-57ef-477e-9640-313ac0aac400/CostReport_2024_Final.csv,CMS Hospital Provider Cost Report FY2024 (periods beginning 2023-10-01..2024-09-30); file modified 2026-09-29
HSI00001260,White River Health System,Batesville,AR,AR,1,True,2,2,195.0,0.0,1.0,nonprofit,100.0,0,2023 (rev. 2025-09),https://www.ahrq.gov/sites/default/files/wysiwyg/chsp/compendium/chsp-compendium-2023-rev.xlsx,AHRQ Compendium 2023 (system file rev. 2025-09); systems as of end-2023,False,275984720.0,HCRIS FY2023 (FY2022 fallback); acute member hospitals; G-3 line 3,0,272711063.0,HCRIS FY2024 (periods beginning 2023-10-01..2024-09-30); acute member CCNs; annualized where needed,0,0,-1.2,False,False,False,False,https://data.cms.gov/sites/default/files/2026-09/e85544f7-57ef-477e-9640-313ac0aac400/CostReport_2024_Final.csv,CMS Hospital Provider Cost Report FY2024 (periods beginning 2023-10-01..2024-09-30); file modified 2026-09-29
HSI00000073,Banner Health,Phoenix,AZ,AZ;CA;CO;NE;NV;WY,6,True,33,29,5258.0,1.0,1.0,nonprofit,99.7,1,2023 (rev. 2025-09),https://www.ahrq.gov/sites/default/files/wysiwyg/chsp/compendium/chsp-compendium-2023-rev.xlsx,AHRQ Compendium 2023 (system file rev. 2025-09); systems as of end-2023,True,8460859217.0,HCRIS FY2023 (FY2022 fallback); acute member hospitals; G-3 line 3,0,8862532535.0,HCRIS FY2024 (periods beginning 2023-10-01..2024-09-30); acute member CCNs; annualized where needed,0,0,4.7,False,False,False,True,https://data.cms.gov/sites/default/files/2026-09/e85544f7-57ef-477e-9640-313ac0aac400/CostReport_2024_Final.csv,CMS Hospital Provider Cost Report FY2024 (periods beginning 2023-10-01..2024-09-30); file modified 2026-09-29
HSI00000491,HonorHealth,Scottsdale,AZ,AZ,1,True,7,6,1406.0,0.0,1.0,nonprofit,100.0,0,2023 (rev. 2025-09),https://www.ahrq.gov/sites/default/files/wysiwyg/chsp/compendium/chsp-compendium-2023-rev.xlsx,AHRQ Compendium 2023 (system file rev. 2025-09); systems as of end-2023,False,2453595811.0,HCRIS FY2023 (FY2022 fallback); acute member hospitals; G-3 line 3,0,2784134667.0,HCRIS FY2024 (periods beginning 2023-10-01..2024-09-30); acute member CCNs; annualized where needed,0,0,13.5,False,False,False,False,https://data.cms.gov/sites/default/files/2026-09/e85544f7-57ef-477e-9640-313ac0aac400/CostReport_2024_Final.csv,CMS Hospital Provider Cost Report FY2024 (periods beginning 2023-10-01..2024-09-30); file modified 2026-09-29
HSI00000761,Northern Arizona Healthcare,Flagstaff,AZ,AZ,1,True,2,2,329.0,1.0,1.0,nonprofit,100.0,0,2023 (rev. 2025-09),https://www.ahrq.gov/sites/default/files/wysiwyg/chsp/compendium/chsp-compendium-2023-rev.xlsx,AHRQ Compendium 2023 (system file rev. 2025-09); systems as of end-2023,False,650429562.0,HCRIS FY2023 (FY2022 fallback); acute member hospitals; G-3 line 3,0,784994234.0,HCRIS FY2024 (periods beginning 2023-10-01..2024-09-30); acute member CCNs; annualized where needed,0,0,20.7,False,False,False,False,https://data.cms.gov/sites/default/files/2026-09/e85544f7-57ef-477e-9640-313ac0aac400/CostReport_2024_Final.csv,CMS Hospital Provider Cost Report FY2024 (periods beginning 2023-10-01..2024-09-30); file modified 2026-09-29
HSI00000824,Phoenix Childrens Hospital,Phoenix,AZ,AZ,1,True,1,1,383.0,0.0,1.0,nonprofit,100.0,0,2023 (rev. 2025-09),https://www.ahrq.gov/sites/default/files/wysiwyg/chsp/compendium/chsp-compendium-2023-rev.xlsx,AHRQ Compendium 2023 (system file rev. 2025-09); systems as of end-2023,False,1372554647.0,HCRIS FY2023 (FY2022 fallback); acute member hospitals; G-3 line 3,0,1517941431.0,HCRIS FY2024 (periods beginning 2023-10-01..2024-09-30); acute member CCNs; annualized where needed,0,0,10.6,False,False,False,False,https://data.cms.gov/sites/default/files/2026-09/e85544f7-57ef-477e-9640-313ac0aac400/CostReport_2024_Final.csv,CMS Hospital Provider Cost Report FY2024 (periods beginning 2023-10-01..2024-09-30); file modified 2026-09-29
HSI00001400,Summit Healthcare,Show Low,AZ,AZ,1,True,1,1,89.0,0.0,1.0,nonprofit,100.0,0,2023 (rev. 2025-09),https://www.ahrq.gov/sites/default/files/wysiwyg/chsp/compendium/chsp-compendium-2023-rev.xlsx,AHRQ Compendium 2023 (system file rev. 2025-09); systems as of end-2023,False,261367382.0,HCRIS FY2023 (FY2022 fallback); acute member hospitals; G-3 line 3,0,289385231.0,HCRIS FY2024 (periods beginning 2023-10-01..2024-09-30); acute member CCNs; annualized where needed,0,0,10.7,False,False,False,False,https://data.cms.gov/sites/default/files/2026-09/e85544f7-57ef-477e-9640-313ac0aac400/CostReport_2024_Final.csv,CMS Hospital Provider Cost Report FY2024 (periods beginning 2023-10-01..2024-09-30); file modified 2026-09-29
HSI00001055,TMC Healthcare,Tucson,AZ,AZ,1,True,3,3,519.0,0.0,1.0,nonprofit,95.4,1,2023 (rev. 2025-09),https://www.ahrq.gov/sites/default/files/wysiwyg/chsp/compendium/chsp-compendium-2023-rev.xlsx,AHRQ Compendium 2023 (system file rev. 2025-09); systems as of end-2023,True,842417013.0,HCRIS FY2023 (FY2022 fallback); acute member hospitals; G-3 line 3,0,953636061.0,HCRIS FY2024 (periods beginning 2023-10-01..2024-09-30); acute member CCNs; annualized where needed,0,0,13.2,False,False,False,False,https://data.cms.gov/sites/default/files/2026-09/e85544f7-57ef-477e-9640-313ac0aac400/CostReport_2024_Final.csv,CMS Hospital Provider Cost Report FY2024 (periods beginning 2023-10-01..2024-09-30); file modified 2026-09-29
HSI00001275,Yuma Regional Medical Center,Yuma,AZ,AZ,1,True,1,1,430.0,0.0,1.0,nonprofit,100.0,0,2023 (rev. 2025-09),https://www.ahrq.gov/sites/default/files/wysiwyg/chsp/compendium/chsp-compendium-2023-rev.xlsx,AHRQ Compendium 2023 (system file rev. 2025-09); systems as of end-2023,False,732517265.0,HCRIS FY2023 (FY2022 fallback); acute member hospitals; G-3 line 3,0,806426161.0,HCRIS FY2024 (periods beginning 2023-10-01..2024-09-30); acute member CCNs; annualized where needed,0,0,10.1,False,False,False,False,https://data.cms.gov/sites/default/files/2026-09/e85544f7-57ef-477e-9640-313ac0aac400/CostReport_2024_Final.csv,CMS Hospital Provider Cost Report FY2024 (periods beginning 2023-10-01..2024-09-30); file modified 2026-09-29
HSI00000011,Adventist Health,Roseville,CA,CA;HI;OR,3,True,28,25,2976.0,1.0,2.0,church-operated,100.0,0,2023 (rev. 2025-09),https://www.ahrq.gov/sites/default/files/wysiwyg/chsp/compendium/chsp-compendium-2023-rev.xlsx,AHRQ Compendium 2023 (system file rev. 2025-09); systems as of end-2023,False,5264286719.0,HCRIS FY2023 (FY2022 fallback); acute member hospitals; G-3 line 3,2,5864085672.0,HCRIS FY2024 (periods beginning 2023-10-01..2024-09-30); acute member CCNs; annualized where needed,2,0,11.4,False,True,False,False,https://data.cms.gov/sites/default/files/2026-09/e85544f7-57ef-477e-9640-313ac0aac400/CostReport_2024_Final.csv,CMS Hospital Provider Cost Report FY2024 (periods beginning 2023-10-01..2024-09-30); file modified 2026-09-29
HSI00000086,Barton Health,South Lake Tahoe,CA,CA;NV,2,True,2,2,86.0,0.0,1.0,nonprofit,100.0,0,2023 (rev. 2025-09),https://www.ahrq.gov/sites/default/files/wysiwyg/chsp/compendium/chsp-compendium-2023-rev.xlsx,AHRQ Compendium 2023 (system file rev. 2025-09); systems as of end-2023,False,266911086.0,HCRIS FY2023 (FY2022 fallback); acute member hospitals; G-3 line 3,0,302418764.0,HCRIS FY2024 (periods beginning 2023-10-01..2024-09-30); acute member CCNs; annualized where needed,0,0,13.3,False,False,False,False,https://data.cms.gov/sites/default/files/2026-09/e85544f7-57ef-477e-9640-313ac0aac400/CostReport_2024_Final.csv,CMS Hospital Provider Cost Report FY2024 (periods beginning 2023-10-01..2024-09-30); file modified 2026-09-29
HSI00000214,CHOC Childrens,Orange,CA,CA,1,True,2,2,334.0,0.0,1.0,nonprofit,100.0,0,2023 (rev. 2025-09),https://www.ahrq.gov/sites/default/files/wysiwyg/chsp/compendium/chsp-compendium-2023-rev.xlsx,AHRQ Compendium 2023 (system file rev. 2025-09); systems as of end-2023,False,1310418726.0,HCRIS FY2023 (FY2022 fallback); acute member hospitals; G-3 line 3,1,1373123733.0,HCRIS FY2024 (periods beginning 2023-10-01..2024-09-30); acute member CCNs; annualized where needed,1,0,4.8,False,True,False,False,https://data.cms.gov/sites/default/files/2026-09/e85544f7-57ef-477e-9640-313ac0aac400/CostReport_2024_Final.csv,CMS Hospital Provider Cost Report FY2024 (periods beginning 2023-10-01..2024-09-30); file modified 2026-09-29
HSI00000190,Cedars Sinai Health System,West Hollywood,CA,CA,1,True,4,4,1972.0,0.0,1.0,nonprofit,100.0,0,2023 (rev. 2025-09),https://www.ahrq.gov/sites/default/files/wysiwyg/chsp/compendium/chsp-compendium-2023-rev.xlsx,AHRQ Compendium 2023 (system file rev. 2025-09); systems as of end-2023,False,5576013159.0,HCRIS FY2023 (FY2022 fallback); acute member hospitals; G-3 line 3,0,6250835436.0,HCRIS FY2024 (periods beginning 2023-10-01..2024-09-30); acute member CCNs; annualized where needed,0,0,12.1,False,False,False,False,https://data.cms.gov/sites/default/files/2026-09/e85544f7-57ef-477e-9640-313ac0aac400/CostReport_2024_Final.csv,CMS Hospital Provider Cost Report FY2024 (periods beginning 2023-10-01..2024-09-30); file modified 2026-09-29
HSI00000210,Childrens Hospital Los Angeles,Los Angeles,CA,CA,1,True,1,1,413.0,0.0,1.0,nonprofit,100.0,0,2023 (rev. 2025-09),https://www.ahrq.gov/sites/default/files/wysiwyg/chsp/compendium/chsp-compendium-2023-rev.xlsx,AHRQ Compendium 2023 (system file rev. 2025-09); systems as of end-2023,False,1208346977.0,HCRIS FY2023 (FY2022 fallback); acute member hospitals; G-3 line 3,0,1429610869.0,HCRIS FY2024 (periods beginning 2023-10-01..2024-09-30); acute member CCNs; annualized where needed,0,0,18.3,False,False,False,False,https://data.cms.gov/sites/default/files/2026-09/e85544f7-57ef-477e-9640-313ac0aac400/CostReport_2024_Final.csv,CMS Hospital Provider Cost Report FY2024 (periods beginning 2023-10-01..2024-09-30); file modified 2026-09-29
HSI00000253,Community Medical Centers,Clovis,CA,CA,1,True,4,2,1135.0,1.0,1.0,nonprofit,100.0,0,2023 (rev. 2025-09),https://www.ahrq.gov/sites/default/files/wysiwyg/chsp/compendium/chsp-compendium-2023-rev.xlsx,AHRQ Compendium 2023 (system file rev. 2025-09); systems as of end-2023,False,2124912039.0,HCRIS FY2023 (FY2022 fallback); acute member hospitals; G-3 line 3,0,,HCRIS FY2024 (periods beginning 2023-10-01..2024-09-30); acute member CCNs; annualized where needed,2,0,,False,True,False,False,https://data.cms.gov/sites/default/files/2026-09/e85544f7-57ef-477e-9640-313ac0aac400/CostReport_2024_Final.csv,CMS Hospital Provider Cost Report FY2024 (periods beginning 2023-10-01..2024-09-30); file modified 2026-09-29
HSI00000255,Community Memorial Health System,Ventura,CA,CA,1,True,2,2,254.0,0.0,1.0,nonprofit,100.0,0,2023 (rev. 2025-09),https://www.ahrq.gov/sites/default/files/wysiwyg/chsp/compendium/chsp-compendium-2023-rev.xlsx,AHRQ Compendium 2023 (system file rev. 2025-09); systems as of end-2023,False,539524831.0,HCRIS FY2023 (FY2022 fallback); acute member hospitals; G-3 line 3,0,632709201.0,HCRIS FY2024 (periods beginning 2023-10-01..2024-09-30); acute member CCNs; annualized where needed,0,0,17.3,False,False,False,False,https://data.cms.gov/sites/default/files/2026-09/e85544f7-57ef-477e-9640-313ac0aac400/CostReport_2024_Final.csv,CMS Hospital Provider Cost Report FY2024 (periods beginning 2023-10-01..2024-09-30); file modified 2026-09-29
HSI00000283,Cottage Health System,Santa Barbara,CA,CA,1,True,4,3,397.0,0.0,1.0,nonprofit,100.0,0,2023 (rev. 2025-09),https://www.ahrq.gov/sites/default/files/wysiwyg/chsp/compendium/chsp-compendium-2023-rev.xlsx,AHRQ Compendium 2023 (system file rev. 2025-09); systems as of end-2023,False,989932089.0,HCRIS FY2023 (FY2022 fallback); acute member hospitals; G-3 line 3,0,1085711658.0,HCRIS FY2024 (periods beginning 2023-10-01..2024-09-30); acute member CCNs; annualized where needed,0,0,9.7,False,False,False,False,https://data.cms.gov/sites/default/files/2026-09/e85544f7-57ef-477e-9640-313ac0aac400/CostReport_2024_Final.csv,CMS Hospital Provider Cost Report FY2024 (periods beginning 2023-10-01..2024-09-30); file modified 2026-09-29
HSI00000335,Eisenhower Health,Rancho Mirage,CA,CA,1,True,1,1,362.0,0.0,1.0,nonprofit,100.0,0,2023 (rev. 2025-09),https://www.ahrq.gov/sites/default/files/wysiwyg/chsp/compendium/chsp-compendium-2023-rev.xlsx,AHRQ Compendium 2023 (system file rev. 2025-09); systems as of end-2023,False,1036619062.0,HCRIS FY2023 (FY2022 fallback); acute member hospitals; G-3 line 3,0,1259180643.0,HCRIS FY2024 (periods beginning 2023-10-01..2024-09-30); acute member CCNs; annualized where needed,0,0,21.5,False,False,False,False,https://data.cms.gov/sites/default/files/2026-09/e85544f7-57ef-477e-9640-313ac0aac400/CostReport_2024_Final.csv,CMS Hospital Provider Cost Report FY2024 (periods beginning 2023-10-01..2024-09-30); file modified 2026-09-29
HSI00000226,Emanate Health,Covina,CA,CA,1,True,3,3,586.0,1.0,1.0,nonprofit,100.0,0,2023 (rev. 2025-09),https://www.ahrq.gov/sites/default/files/wysiwyg/chsp/compendium/chsp-compendium-2023-rev.xlsx,AHRQ Compendium 2023 (system file rev. 2025-09); systems as of end-2023,False,632543769.0,HCRIS FY2023 (FY2022 fallback); acute member hospitals; G-3 line 3,1,733127956.0,HCRIS FY2024 (periods beginning 2023-10-01..2024-09-30); acute member CCNs; annualized where needed,1,0,15.9,False,True,False,False,https://data.cms.gov/sites/default/files/2026-09/e85544f7-57ef-477e-9640-313ac0aac400/CostReport_2024_Final.csv,CMS Hospital Provider Cost Report FY2024 (periods beginning 2023-10-01..2024-09-30); file modified 2026-09-29
HSI00000345,Enloe Medical Center,Chico,CA,CA,1,True,1,1,258.0,0.0,1.0,nonprofit,100.0,0,2023 (rev. 2025-09),https://www.ahrq.gov/sites/default/files/wysiwyg/chsp/compendium/chsp-compendium-2023-rev.xlsx,AHRQ Compendium 2023 (system file rev. 2025-09); systems as of end-2023,False,834423644.0,HCRIS FY2023 (FY2022 fallback); acute member hospitals; G-3 line 3,0,1057826871.0,HCRIS FY2024 (periods beginning 2023-10-01..2024-09-30); acute member CCNs; annualized where needed,0,0,26.8,False,False,True,False,https://data.cms.gov/sites/default/files/2026-09/e85544f7-57ef-477e-9640-313ac0aac400/CostReport_2024_Final.csv,CMS Hospital Provider Cost Report FY2024 (periods beginning 2023-10-01..2024-09-30); file modified 2026-09-29
HSI00000484,Hoag Memorial Hospital Presbyterian,Newport Beach,CA,CA,1,True,2,1,512.0,0.0,1.0,nonprofit,100.0,0,2023 (rev. 2025-09),https://www.ahrq.gov/sites/default/files/wysiwyg/chsp/compendium/chsp-compendium-2023-rev.xlsx,AHRQ Compendium 2023 (system file rev. 2025-09); systems as of end-2023,False,1565207812.0,HCRIS FY2023 (FY2022 fallback); acute member hospitals; G-3 line 3,0,1731817317.0,HCRIS FY2024 (periods beginning 2023-10-01..2024-09-30); acute member CCNs; annualized where needed,0,0,10.6,False,False,False,False,https://data.cms.gov/sites/default/files/2026-09/e85544f7-57ef-477e-9640-313ac0aac400/CostReport_2024_Final.csv,CMS Hospital Provider Cost Report FY2024 (periods beginning 2023-10-01..2024-09-30); file modified 2026-09-29
HSI00000530,John Muir Health,Walnut Creek,CA,CA,1,True,3,2,610.0,0.0,1.0,nonprofit,100.0,0,2023 (rev. 2025-09),https://www.ahrq.gov/sites/default/files/wysiwyg/chsp/compendium/chsp-compendium-2023-rev.xlsx,AHRQ Compendium 2023 (system file rev. 2025-09); systems as of end-2023,False,1684334426.0,HCRIS FY2023 (FY2022 fallback); acute member hospitals; G-3 line 3,0,1863607242.0,HCRIS FY2024 (periods beginning 2023-10-01..2024-09-30); acute member CCNs; annualized where needed,0,0,10.6,False,False,False,False,https://data.cms.gov/sites/default/files/2026-09/e85544f7-57ef-477e-9640-313ac0aac400/CostReport_2024_Final.csv,CMS Hospital Provider Cost Report FY2024 (periods beginning 2023-10-01..2024-09-30); file modified 2026-09-29
HSI00000536,Kaiser Permanente,Oakland,CA,CA;HI;OR,3,True,41,40,9337.0,0.0,1.0,nonprofit,100.0,0,2023 (rev. 2025-09),https://www.ahrq.gov/sites/default/files/wysiwyg/chsp/compendium/chsp-compendium-2023-rev.xlsx,AHRQ Compendium 2023 (system file rev. 2025-09); systems as of end-2023,False,22677038585.0,HCRIS FY2023 (FY2022 fallback); acute member hospitals; G-3 line 3,5,25438370013.0,HCRIS FY2024 (periods beginning 2023-10-01..2024-09-30); acute member CCNs; annualized where needed,3,0,12.2,False,True,False,True,https://data.cms.gov/sites/default/files/2026-09/e85544f7-57ef-477e-9640-313ac0aac400/CostReport_2024_Final.csv,CMS Hospital Provider Cost Report FY2024 (periods beginning 2023-10-01..2024-09-30); file modified 2026-09-29
HSI00000591,Loma Linda University Health,Loma Linda,CA,CA,1,True,4,3,912.0,1.0,2.0,church-operated,100.0,0,2023 (rev. 2025-09),https://www.ahrq.gov/sites/default/files/wysiwyg/chsp/compendium/chsp-compendium-2023-rev.xlsx,AHRQ Compendium 2023 (system file rev. 2025-09); systems as of end-2023,False,2000542376.0,HCRIS FY2023 (FY2022 fallback); acute member hospitals; G-3 line 3,0,2389245332.0,HCRIS FY2024 (periods beginning 2023-10-01..2024-09-30); acute member CCNs; annualized where needed,0,0,19.4,False,False,False,False,https://data.cms.gov/sites/default/files/2026-09/e85544f7-57ef-477e-9640-313ac0aac400/CostReport_2024_Final.csv,CMS Hospital Provider Cost Report FY2024 (periods beginning 2023-10-01..2024-09-30); file modified 2026-09-29
HSI00001464,MLK Community Healthcare,Los Angeles,CA,CA,1,True,1,1,152.0,1.0,1.0,nonprofit,100.0,0,2023 (rev. 2025-09),https://www.ahrq.gov/sites/default/files/wysiwyg/chsp/compendium/chsp-compendium-2023-rev.xlsx,AHRQ Compendium 2023 (system file rev. 2025-09); systems as of end-2023,False,142379855.0,HCRIS FY2023 (FY2022 fallback); acute member hospitals; G-3 line 3,0,175201317.0,HCRIS FY2024 (periods beginning 2023-10-01..2024-09-30); acute member CCNs; annualized where needed,0,0,23.1,False,False,False,False,https://data.cms.gov/sites/default/files/2026-09/e85544f7-57ef-477e-9640-313ac0aac400/CostReport_2024_Final.csv,CMS Hospital Provider Cost Report FY2024 (periods beginning 2023-10-01..2024-09-30); file modified 2026-09-29
HSI00000616,MarinHealth,Greenbrae,CA,CA,1,True,1,1,310.0,0.0,1.0,nonprofit,100.0,0,2023 (rev. 2025-09),https://www.ahrq.gov/sites/default/files/wysiwyg/chsp/compendium/chsp-compendium-2023-rev.xlsx,AHRQ Compendium 2023 (system file rev. 2025-09); systems as of end-2023,False,521407882.0,HCRIS FY2023 (FY2022 fallback); acute member hospitals; G-3 line 3,0,577292394.0,HCRIS FY2024 (periods beginning 2023-10-01..2024-09-30); acute member CCNs; annualized where needed,0,0,10.7,False,False,False,False,https://data.cms.gov/sites/default/files/2026-09/e85544f7-57ef-477e-9640-313ac0aac400/CostReport_2024_Final.csv,CMS Hospital Provider Cost Report FY2024 (periods beginning 2023-10-01..2024-09-30); file modified 2026-09-29
HSI00000619,Marshall Medical Center,Placerville,CA,CA,1,True,1,1,111.0,0.0,1.0,nonprofit,100.0,0,2023 (rev. 2025-09),https://www.ahrq.gov/sites/default/files/wysiwyg/chsp/compendium/chsp-compendium-2023-rev.xlsx,AHRQ Compendium 2023 (system file rev. 2025-09); systems as of end-2023,False,315837581.0,HCRIS FY2023 (FY2022 fallback); acute member hospitals; G-3 line 3,0,332344735.0,HCRIS FY2024 (periods beginning 2023-10-01..2024-09-30); acute member CCNs; annualized where needed,0,0,5.2,False,False,False,False,https://data.cms.gov/sites/default/files/2026-09/e85544f7-57ef-477e-9640-313ac0aac400/CostReport_2024_Final.csv,CMS Hospital Provider Cost Report FY2024 (periods beginning 2023-10-01..2024-09-30); file modified 2026-09-29
HSI00000658,MemorialCare Health System,Fountain Valley,CA,CA,1,True,4,4,1191.0,1.0,1.0,nonprofit,100.0,0,2023 (rev. 2025-09),https://www.ahrq.gov/sites/default/files/wysiwyg/chsp/compendium/chsp-compendium-2023-rev.xlsx,AHRQ Compendium 2023 (system file rev. 2025-09); systems as of end-2023,False,1792617152.0,HCRIS FY2023 (FY2022 fallback); acute member hospitals; G-3 line 3,0,2171865809.0,HCRIS FY2024 (periods beginning 2023-10-01..2024-09-30); acute member CCNs; annualized where needed,0,0,21.2,False,False,False,False,https://data.cms.gov/sites/default/files/2026-09/e85544f7-57ef-477e-9640-313ac0aac400/CostReport_2024_Final.csv,CMS Hospital Provider Cost Report FY2024 (periods beginning 2023-10-01..2024-09-30); file modified 2026-09-29
HSI00001443,Montage Health,Monterey,CA,CA,1,True,1,1,227.0,0.0,1.0,nonprofit,100.0,0,2023 (rev. 2025-09),https://www.ahrq.gov/sites/default/files/wysiwyg/chsp/compendium/chsp-compendium-2023-rev.xlsx,AHRQ Compendium 2023 (system file rev. 2025-09); systems as of end-2023,False,905131143.0,HCRIS FY2023 (FY2022 fallback); acute member hospitals; G-3 line 3,0,877985498.0,HCRIS FY2024 (periods beginning 2023-10-01..2024-09-30); acute member CCNs; annualized where needed,0,0,-3.0,False,False,False,False,https://data.cms.gov/sites/default/files/2026-09/e85544f7-57ef-477e-9640-313ac0aac400/CostReport_2024_Final.csv,CMS Hospital Provider Cost Report FY2024 (periods beginning 2023-10-01..2024-09-30); file modified 2026-09-29
HSI00000755,Northbay Healthcare,Fairfield,CA,CA,1,True,2,2,204.0,1.0,1.0,nonprofit,100.0,0,2023 (rev. 2025-09),https://www.ahrq.gov/sites/default/files/wysiwyg/chsp/compendium/chsp-compendium-2023-rev.xlsx,AHRQ Compendium 2023 (system file rev. 2025-09); systems as of end-2023,False,676594922.0,HCRIS FY2023 (FY2022 fallback); acute member hospitals; G-3 line 3,1,804744233.0,HCRIS FY2024 (periods beginning 2023-10-01..2024-09-30); acute member CCNs; annualized where needed,1,0,18.9,False,True,False,False,https://data.cms.gov/sites/default/files/2026-09/e85544f7-57ef-477e-9640-313ac0aac400/CostReport_2024_Final.csv,CMS Hospital Provider Cost Report FY2024 (periods beginning 2023-10-01..2024-09-30); file modified 2026-09-29
HSI00001546,OroHealth Corporation,Oroville,CA,CA,1,True,1,1,153.0,1.0,1.0,nonprofit,100.0,0,2023 (rev. 2025-09),https://www.ahrq.gov/sites/default/files/wysiwyg/chsp/compendium/chsp-compendium-2023-rev.xlsx,AHRQ Compendium 2023 (system file rev. 2025-09); systems as of end-2023,False,382116003.0,HCRIS FY2023 (FY2022 fallback); acute member hospitals; G-3 line 3,0,404002228.0,HCRIS FY2024 (periods beginning 2023-10-01..2024-09-30); acute member CCNs; annualized where needed,0,0,5.7,False,False,False,False,https://data.cms.gov/sites/default/files/2026-09/e85544f7-57ef-477e-9640-313ac0aac400/CostReport_2024_Final.csv,CMS Hospital Provider Cost Report FY2024 (periods beginning 2023-10-01..2024-09-30); file modified 2026-09-29
HSI00000805,PIH Health,Whittier,CA,CA,1,True,3,3,846.0,1.0,1.0,nonprofit,100.0,0,2023 (rev. 2025-09),https://www.ahrq.gov/sites/default/files/wysiwyg/chsp/compendium/chsp-compendium-2023-rev.xlsx,AHRQ Compendium 2023 (system file rev. 2025-09); systems as of end-2023,False,1302439995.0,HCRIS FY2023 (FY2022 fallback); acute member hospitals; G-3 line 3,0,1400024831.0,HCRIS FY2024 (periods beginning 2023-10-01..2024-09-30); acute member CCNs; annualized where needed,0,0,7.5,False,False,False,False,https://data.cms.gov/sites/default/files/2026-09/e85544f7-57ef-477e-9640-313ac0aac400/CostReport_2024_Final.csv,CMS Hospital Provider Cost Report FY2024 (periods beginning 2023-10-01..2024-09-30); file modified 2026-09-29
HSI00000833,Pomona Valley Hospital Medical Center,Pomona,CA,CA,1,True,1,1,412.0,1.0,1.0,nonprofit,100.0,0,2023 (rev. 2025-09),https://www.ahrq.gov/sites/default/files/wysiwyg/chsp/compendium/chsp-compendium-2023-rev.xlsx,AHRQ Compendium 2023 (system file rev. 2025-09); systems as of end-2023,False,776833556.0,HCRIS FY2023 (FY2022 fallback); acute member hospitals; G-3 line 3,0,831099716.0,HCRIS FY2024 (periods beginning 2023-10-01..2024-09-30); acute member CCNs; annualized where needed,0,0,7.0,False,False,False,False,https://data.cms.gov/sites/default/files/2026-09/e85544f7-57ef-477e-9640-313ac0aac400/CostReport_2024_Final.csv,CMS Hospital Provider Cost Report FY2024 (periods beginning 2023-10-01..2024-09-30); file modified 2026-09-29
HSI00000864,Rady Childrens Hospital San Diego,San Diego,CA,CA,1,True,1,1,401.0,0.0,1.0,nonprofit,100.0,0,2023 (rev. 2025-09),https://www.ahrq.gov/sites/default/files/wysiwyg/chsp/compendium/chsp-compendium-2023-rev.xlsx,AHRQ Compendium 2023 (system file rev. 2025-09); systems as of end-2023,False,1823400821.0,HCRIS FY2023 (FY2022 fallback); acute member hospitals; G-3 line 3,0,1738310754.0,HCRIS FY2024 (periods beginning 2023-10-01..2024-09-30); acute member CCNs; annualized where needed,0,0,-4.7,False,False,False,False,https://data.cms.gov/sites/default/files/2026-09/e85544f7-57ef-477e-9640-313ac0aac400/CostReport_2024_Final.csv,CMS Hospital Provider Cost Report FY2024 (periods beginning 2023-10-01..2024-09-30); file modified 2026-09-29
HSI00000867,Redlands Community Hospital,Redlands,CA,CA,1,True,1,1,196.0,0.0,1.0,nonprofit,100.0,0,2023 (rev. 2025-09),https://www.ahrq.gov/sites/default/files/wysiwyg/chsp/compendium/chsp-compendium-2023-rev.xlsx,AHRQ Compendium 2023 (system file rev. 2025-09); systems as of end-2023,False,225739574.0,HCRIS FY2023 (FY2022 fallback); acute member hospitals; G-3 line 3,0,241006048.0,HCRIS FY2024 (periods beginning 2023-10-01..2024-09-30); acute member CCNs; annualized where needed,0,0,6.8,False,False,False,False,https://data.cms.gov/sites/default/files/2026-09/e85544f7-57ef-477e-9640-313ac0aac400/CostReport_2024_Final.csv,CMS Hospital Provider Cost Report FY2024 (periods beginning 2023-10-01..2024-09-30); file modified 2026-09-29
HSI00000954,San Antonio Regional Hospital,Upland,CA,CA,1,True,1,1,363.0,0.0,1.0,nonprofit,100.0,0,2023 (rev. 2025-09),https://www.ahrq.gov/sites/default/files/wysiwyg/chsp/compendium/chsp-compendium-2023-rev.xlsx,AHRQ Compendium 2023 (system file rev. 2025-09); systems as of end-2023,False,432252320.0,HCRIS FY2023 (FY2022 fallback); acute member hospitals; G-3 line 3,0,480255275.0,HCRIS FY2024 (periods beginning 2023-10-01..2024-09-30); acute member CCNs; annualized where needed,0,0,11.1,False,False,False,False,https://data.cms.gov/sites/default/files/2026-09/e85544f7-57ef-477e-9640-313ac0aac400/CostReport_2024_Final.csv,CMS Hospital Provider Cost Report FY2024 (periods beginning 2023-10-01..2024-09-30); file modified 2026-09-29
HSI00000968,Scripps Health,San Diego,CA,CA,1,True,5,5,1219.0,1.0,1.0,nonprofit,100.0,0,2023 (rev. 2025-09),https://www.ahrq.gov/sites/default/files/wysiwyg/chsp/compendium/chsp-compendium-2023-rev.xlsx,AHRQ Compendium 2023 (system file rev. 2025-09); systems as of end-2023,False,2739272013.0,HCRIS FY2023 (FY2022 fallback); acute member hospitals; G-3 line 3,1,3126568008.0,HCRIS FY2024 (periods beginning 2023-10-01..2024-09-30); acute member CCNs; annualized where needed,1,0,14.1,False,True,False,False,https://data.cms.gov/sites/default/files/2026-09/e85544f7-57ef-477e-9640-313ac0aac400/CostReport_2024_Final.csv,CMS Hospital Provider Cost Report FY2024 (periods beginning 2023-10-01..2024-09-30); file modified 2026-09-29
HSI00000977,Sharp Healthcare,San Diego,CA,CA,1,True,6,5,1601.0,1.0,1.0,nonprofit,100.0,0,2023 (rev. 2025-09),https://www.ahrq.gov/sites/default/files/wysiwyg/chsp/compendium/chsp-compendium-2023-rev.xlsx,AHRQ Compendium 2023 (system file rev. 2025-09); systems as of end-2023,False,3073544685.0,HCRIS FY2023 (FY2022 fallback); acute member hospitals; G-3 line 3,1,3315765169.0,HCRIS FY2024 (periods beginning 2023-10-01..2024-09-30); acute member CCNs; annualized where needed,1,0,7.9,False,True,False,False,https://data.cms.gov/sites/default/files/2026-09/e85544f7-57ef-477e-9640-313ac0aac400/CostReport_2024_Final.csv,CMS Hospital Provider Cost Report FY2024 (periods beginning 2023-10-01..2024-09-30); file modified 2026-09-29
HSI00001033,Stanford Health Care,Stanford,CA,CA,1,True,3,3,1253.0,0.0,1.0,nonprofit,100.0,0,2023 (rev. 2025-09),https://www.ahrq.gov/sites/default/files/wysiwyg/chsp/compendium/chsp-compendium-2023-rev.xlsx,AHRQ Compendium 2023 (system file rev. 2025-09); systems as of end-2023,False,9621542663.0,HCRIS FY2023 (FY2022 fallback); acute member hospitals; G-3 line 3,0,,HCRIS FY2024 (periods beginning 2023-10-01..2024-09-30); acute member CCNs; annualized where needed,3,0,,False,True,False,False,https://data.cms.gov/sites/default/files/2026-09/e85544f7-57ef-477e-9640-313ac0aac400/CostReport_2024_Final.csv,CMS Hospital Provider Cost Report FY2024 (periods beginning 2023-10-01..2024-09-30); file modified 2026-09-29
HSI00001050,Sutter Health,Sacramento,CA,CA;HI,2,True,27,22,3440.0,1.0,1.0,nonprofit,100.0,0,2023 (rev. 2025-09),https://www.ahrq.gov/sites/default/files/wysiwyg/chsp/compendium/chsp-compendium-2023-rev.xlsx,AHRQ Compendium 2023 (system file rev. 2025-09); systems as of end-2023,False,9227888627.0,HCRIS FY2023 (FY2022 fallback); acute member hospitals; G-3 line 3,0,10467401676.0,HCRIS FY2024 (periods beginning 2023-10-01..2024-09-30); acute member CCNs; annualized where needed,0,0,13.4,False,False,False,False,https://data.cms.gov/sites/default/files/2026-09/e85544f7-57ef-477e-9640-313ac0aac400/CostReport_2024_Final.csv,CMS Hospital Provider Cost Report FY2024 (periods beginning 2023-10-01..2024-09-30); file modified 2026-09-29
HSI00001181,University of Southern California,Los Angeles,CA,CA,1,True,4,3,767.0,0.0,1.0,nonprofit,100.0,0,2023 (rev. 2025-09),https://www.ahrq.gov/sites/default/files/wysiwyg/chsp/compendium/chsp-compendium-2023-rev.xlsx,AHRQ Compendium 2023 (system file rev. 2025-09); systems as of end-2023,False,1860827277.0,HCRIS FY2023 (FY2022 fallback); acute member hospitals; G-3 line 3,0,1997804548.0,HCRIS FY2024 (periods beginning 2023-10-01..2024-09-30); acute member CCNs; annualized where needed,0,1,7.4,False,False,False,False,https://data.cms.gov/sites/default/files/2026-09/e85544f7-57ef-477e-9640-313ac0aac400/CostReport_2024_Final.csv,CMS Hospital Provider Cost Report FY2024 (periods beginning 2023-10-01..2024-09-30); file modified 2026-09-29
HSI00001497,Valley Childrens Healthcare,Madera,CA,CA,1,True,1,1,358.0,0.0,1.0,nonprofit,100.0,0,2023 (rev. 2025-09),https://www.ahrq.gov/sites/default/files/wysiwyg/chsp/compendium/chsp-compendium-2023-rev.xlsx,AHRQ Compendium 2023 (system file rev. 2025-09); systems as of end-2023,False,719923229.0,HCRIS FY2023 (FY2022 fallback); acute member hospitals; G-3 line 3,0,799353531.0,HCRIS FY2024 (periods beginning 2023-10-01..2024-09-30); acute member CCNs; annualized where needed,0,0,11.0,False,False,False,False,https://data.cms.gov/sites/default/files/2026-09/e85544f7-57ef-477e-9640-313ac0aac400/CostReport_2024_Final.csv,CMS Hospital Provider Cost Report FY2024 (periods beginning 2023-10-01..2024-09-30); file modified 2026-09-29
HSI00000132,Boulder Community Health,Boulder,CO,CO,1,True,1,1,139.0,0.0,1.0,nonprofit,100.0,0,2023 (rev. 2025-09),https://www.ahrq.gov/sites/default/files/wysiwyg/chsp/compendium/chsp-compendium-2023-rev.xlsx,AHRQ Compendium 2023 (system file rev. 2025-09); systems as of end-2023,False,418345593.0,HCRIS FY2023 (FY2022 fallback); acute member hospitals; G-3 line 3,0,474809811.0,HCRIS FY2024 (periods beginning 2023-10-01..2024-09-30); acute member CCNs; annualized where needed,0,0,13.5,False,False,False,False,https://data.cms.gov/sites/default/files/2026-09/e85544f7-57ef-477e-9640-313ac0aac400/CostReport_2024_Final.csv,CMS Hospital Provider Cost Report FY2024 (periods beginning 2023-10-01..2024-09-30); file modified 2026-09-29
HSI00001500,Childrens Hospital Colorado,Aurora,CO,CO,1,True,1,1,497.0,0.0,1.0,nonprofit,100.0,0,2023 (rev. 2025-09),https://www.ahrq.gov/sites/default/files/wysiwyg/chsp/compendium/chsp-compendium-2023-rev.xlsx,AHRQ Compendium 2023 (system file rev. 2025-09); systems as of end-2023,False,1474292694.0,HCRIS FY2023 (FY2022 fallback); acute member hospitals; G-3 line 3,0,1584230235.0,HCRIS FY2024 (periods beginning 2023-10-01..2024-09-30); acute member CCNs; annualized where needed,0,0,7.5,False,False,False,False,https://data.cms.gov/sites/default/files/2026-09/e85544f7-57ef-477e-9640-313ac0aac400/CostReport_2024_Final.csv,CMS Hospital Provider Cost Report FY2024 (periods beginning 2023-10-01..2024-09-30); file modified 2026-09-29
HSI00000264,Conejos County Hospital Corporation,La Jara,CO,CO,1,True,2,2,66.0,1.0,1.0,nonprofit,100.0,0,2023 (rev. 2025-09),https://www.ahrq.gov/sites/default/files/wysiwyg/chsp/compendium/chsp-compendium-2023-rev.xlsx,AHRQ Compendium 2023 (system file rev. 2025-09); systems as of end-2023,False,116900159.0,HCRIS FY2023 (FY2022 fallback); acute member hospitals; G-3 line 3,0,128491459.0,HCRIS FY2024 (periods beginning 2023-10-01..2024-09-30); acute member CCNs; annualized where needed,0,0,9.9,False,False,False,False,https://data.cms.gov/sites/default/files/2026-09/e85544f7-57ef-477e-9640-313ac0aac400/CostReport_2024_Final.csv,CMS Hospital Provider Cost Report FY2024 (periods beginning 2023-10-01..2024-09-30); file modified 2026-09-29
HSI00000720,National Jewish Health,Denver,CO,CO,1,True,1,1,13.0,0.0,1.0,nonprofit,100.0,0,2023 (rev. 2025-09),https://www.ahrq.gov/sites/default/files/wysiwyg/chsp/compendium/chsp-compendium-2023-rev.xlsx,AHRQ Compendium 2023 (system file rev. 2025-09); systems as of end-2023,False,150430000.0,HCRIS FY2023 (FY2022 fallback); acute member hospitals; G-3 line 3,0,153276000.0,HCRIS FY2024 (periods beginning 2023-10-01..2024-09-30); acute member CCNs; annualized where needed,0,0,1.9,False,False,False,False,https://data.cms.gov/sites/default/files/2026-09/e85544f7-57ef-477e-9640-313ac0aac400/CostReport_2024_Final.csv,CMS Hospital Provider Cost Report FY2024 (periods beginning 2023-10-01..2024-09-30); file modified 2026-09-29
HSI00001341,Parkview Medical Center,Pueblo,CO,CO,1,True,1,1,253.0,0.0,1.0,nonprofit,100.0,0,2023 (rev. 2025-09),https://www.ahrq.gov/sites/default/files/wysiwyg/chsp/compendium/chsp-compendium-2023-rev.xlsx,AHRQ Compendium 2023 (system file rev. 2025-09); systems as of end-2023,False,522899216.0,HCRIS FY2023 (FY2022 fallback); acute member hospitals; G-3 line 3,0,501569747.0,HCRIS FY2024 (periods beginning 2023-10-01..2024-09-30); acute member CCNs; annualized where needed,0,0,-4.1,False,False,False,False,https://data.cms.gov/sites/default/files/2026-09/e85544f7-57ef-477e-9640-313ac0aac400/CostReport_2024_Final.csv,CMS Hospital Provider Cost Report FY2024 (periods beginning 2023-10-01..2024-09-30); file modified 2026-09-29
HSI00001169,University of Colorado Health,Aurora,CO,CO;WY,2,True,12,12,2036.0,1.0,1.0,nonprofit,61.4,2,2023 (rev. 2025-09),https://www.ahrq.gov/sites/default/files/wysiwyg/chsp/compendium/chsp-compendium-2023-rev.xlsx,AHRQ Compendium 2023 (system file rev. 2025-09); systems as of end-2023,True,5995328757.0,HCRIS FY2023 (FY2022 fallback); acute member hospitals; G-3 line 3,0,6984565103.0,HCRIS FY2024 (periods beginning 2023-10-01..2024-09-30); acute member CCNs; annualized where needed,0,1,16.5,False,False,False,False,https://data.cms.gov/sites/default/files/2026-09/e85544f7-57ef-477e-9640-313ac0aac400/CostReport_2024_Final.csv,CMS Hospital Provider Cost Report FY2024 (periods beginning 2023-10-01..2024-09-30); file modified 2026-09-29
HSI00001365,Valley View Hospital Association,Glenwood Springs,CO,CO,1,True,1,1,31.0,0.0,1.0,nonprofit,100.0,0,2023 (rev. 2025-09),https://www.ahrq.gov/sites/default/files/wysiwyg/chsp/compendium/chsp-compendium-2023-rev.xlsx,AHRQ Compendium 2023 (system file rev. 2025-09); systems as of end-2023,False,317372897.0,HCRIS FY2023 (FY2022 fallback); acute member hospitals; G-3 line 3,0,338004380.0,HCRIS FY2024 (periods beginning 2023-10-01..2024-09-30); acute member CCNs; annualized where needed,0,0,6.5,False,False,False,False,https://data.cms.gov/sites/default/files/2026-09/e85544f7-57ef-477e-9640-313ac0aac400/CostReport_2024_Final.csv,CMS Hospital Provider Cost Report FY2024 (periods beginning 2023-10-01..2024-09-30); file modified 2026-09-29
HSI00001286,Bristol Hospital,Bristol,CT,CT,1,True,1,1,123.0,0.0,1.0,nonprofit,100.0,0,2023 (rev. 2025-09),https://www.ahrq.gov/sites/default/files/wysiwyg/chsp/compendium/chsp-compendium-2023-rev.xlsx,AHRQ Compendium 2023 (system file rev. 2025-09); systems as of end-2023,False,156718520.0,HCRIS FY2023 (FY2022 fallback); acute member hospitals; G-3 line 3,0,164269848.0,HCRIS FY2024 (periods beginning 2023-10-01..2024-09-30); acute member CCNs; annualized where needed,0,0,4.8,False,False,False,False,https://data.cms.gov/sites/default/files/2026-09/e85544f7-57ef-477e-9640-313ac0aac400/CostReport_2024_Final.csv,CMS Hospital Provider Cost Report FY2024 (periods beginning 2023-10-01..2024-09-30); file modified 2026-09-29
HSI00000268,Connecticut Childrens Medical Center Foundation,Hartford,CT,CT,1,True,1,1,187.0,0.0,1.0,nonprofit,100.0,0,2023 (rev. 2025-09),https://www.ahrq.gov/sites/default/files/wysiwyg/chsp/compendium/chsp-compendium-2023-rev.xlsx,AHRQ Compendium 2023 (system file rev. 2025-09); systems as of end-2023,False,467816565.0,HCRIS FY2023 (FY2022 fallback); acute member hospitals; G-3 line 3,0,496309231.0,HCRIS FY2024 (periods beginning 2023-10-01..2024-09-30); acute member CCNs; annualized where needed,0,0,6.1,False,False,False,False,https://data.cms.gov/sites/default/files/2026-09/e85544f7-57ef-477e-9640-313ac0aac400/CostReport_2024_Final.csv,CMS Hospital Provider Cost Report FY2024 (periods beginning 2023-10-01..2024-09-30); file modified 2026-09-29
HSI00000301,Day Kimball Healthcare,Putnam,CT,CT,1,True,1,1,104.0,0.0,1.0,nonprofit,100.0,0,2023 (rev. 2025-09),https://www.ahrq.gov/sites/default/files/wysiwyg/chsp/compendium/chsp-compendium-2023-rev.xlsx,AHRQ Compendium 2023 (system file rev. 2025-09); systems as of end-2023,False,115441752.0,HCRIS FY2023 (FY2022 fallback); acute member hospitals; G-3 line 3,0,110867819.0,HCRIS FY2024 (periods beginning 2023-10-01..2024-09-30); acute member CCNs; annualized where needed,0,0,-4.0,False,False,False,False,https://data.cms.gov/sites/default/files/2026-09/e85544f7-57ef-477e-9640-313ac0aac400/CostReport_2024_Final.csv,CMS Hospital Provider Cost Report FY2024 (periods beginning 2023-10-01..2024-09-30); file modified 2026-09-29
HSI00000452,Hartford Healthcare,Hartford,CT,CT,1,True,10,8,1674.0,0.0,1.0,nonprofit,100.0,0,2023 (rev. 2025-09),https://www.ahrq.gov/sites/default/files/wysiwyg/chsp/compendium/chsp-compendium-2023-rev.xlsx,AHRQ Compendium 2023 (system file rev. 2025-09); systems as of end-2023,False,4099999738.0,HCRIS FY2023 (FY2022 fallback); acute member hospitals; G-3 line 3,1,4437683303.0,HCRIS FY2024 (periods beginning 2023-10-01..2024-09-30); acute member CCNs; annualized where needed,1,0,8.2,False,True,False,False,https://data.cms.gov/sites/default/files/2026-09/e85544f7-57ef-477e-9640-313ac0aac400/CostReport_2024_Final.csv,CMS Hospital Provider Cost Report FY2024 (periods beginning 2023-10-01..2024-09-30); file modified 2026-09-29
HSI00000683,Middlesex Health System,Middletown,CT,CT,1,True,1,1,187.0,0.0,1.0,nonprofit,100.0,0,2023 (rev. 2025-09),https://www.ahrq.gov/sites/default/files/wysiwyg/chsp/compendium/chsp-compendium-2023-rev.xlsx,AHRQ Compendium 2023 (system file rev. 2025-09); systems as of end-2023,False,483456626.0,HCRIS FY2023 (FY2022 fallback); acute member hospitals; G-3 line 3,0,499983183.0,HCRIS FY2024 (periods beginning 2023-10-01..2024-09-30); acute member CCNs; annualized where needed,0,0,3.4,False,False,False,False,https://data.cms.gov/sites/default/files/2026-09/e85544f7-57ef-477e-9640-313ac0aac400/CostReport_2024_Final.csv,CMS Hospital Provider Cost Report FY2024 (periods beginning 2023-10-01..2024-09-30); file modified 2026-09-29
HSI00001253,Nuvance Health,Danbury,CT,CT;NY,2,True,7,7,1086.0,0.0,1.0,nonprofit,100.0,0,2023 (rev. 2025-09),https://www.ahrq.gov/sites/default/files/wysiwyg/chsp/compendium/chsp-compendium-2023-rev.xlsx,AHRQ Compendium 2023 (system file rev. 2025-09); systems as of end-2023,False,2225470791.0,HCRIS FY2023 (FY2022 fallback); acute member hospitals; G-3 line 3,1,2452484038.0,HCRIS FY2024 (periods beginning 2023-10-01..2024-09-30); acute member CCNs; annualized where needed,1,0,10.2,False,True,False,False,https://data.cms.gov/sites/default/files/2026-09/e85544f7-57ef-477e-9640-313ac0aac400/CostReport_2024_Final.csv,CMS Hospital Provider Cost Report FY2024 (periods beginning 2023-10-01..2024-09-30); file modified 2026-09-29
HSI00001032,Stamford Health,Stamford,CT,CT,1,True,1,1,288.0,0.0,1.0,nonprofit,100.0,0,2023 (rev. 2025-09),https://www.ahrq.gov/sites/default/files/wysiwyg/chsp/compendium/chsp-compendium-2023-rev.xlsx,AHRQ Compendium 2023 (system file rev. 2025-09); systems as of end-2023,False,834454616.0,HCRIS FY2023 (FY2022 fallback); acute member hospitals; G-3 line 3,0,1139653419.0,HCRIS FY2024 (periods beginning 2023-10-01..2024-09-30); acute member CCNs; annualized where needed,0,0,36.6,False,False,True,False,https://data.cms.gov/sites/default/files/2026-09/e85544f7-57ef-477e-9640-313ac0aac400/CostReport_2024_Final.csv,CMS Hospital Provider Cost Report FY2024 (periods beginning 2023-10-01..2024-09-30); file modified 2026-09-29
HSI00001272,Yale New Haven Health System,New Haven,CT,CT;RI,2,True,7,7,2228.0,0.0,1.0,nonprofit,100.0,0,2023 (rev. 2025-09),https://www.ahrq.gov/sites/default/files/wysiwyg/chsp/compendium/chsp-compendium-2023-rev.xlsx,AHRQ Compendium 2023 (system file rev. 2025-09); systems as of end-2023,False,5461086667.0,HCRIS FY2023 (FY2022 fallback); acute member hospitals; G-3 line 3,2,5960413175.0,HCRIS FY2024 (periods beginning 2023-10-01..2024-09-30); acute member CCNs; annualized where needed,2,0,9.1,False,True,False,False,https://data.cms.gov/sites/default/files/2026-09/e85544f7-57ef-477e-9640-313ac0aac400/CostReport_2024_Final.csv,CMS Hospital Provider Cost Report FY2024 (periods beginning 2023-10-01..2024-09-30); file modified 2026-09-29
HSI00000216,Childrens National Health System,Washington,DC,DC,1,True,2,1,323.0,0.0,1.0,nonprofit,100.0,0,2023 (rev. 2025-09),https://www.ahrq.gov/sites/default/files/wysiwyg/chsp/compendium/chsp-compendium-2023-rev.xlsx,AHRQ Compendium 2023 (system file rev. 2025-09); systems as of end-2023,False,1362376834.0,HCRIS FY2023 (FY2022 fallback); acute member hospitals; G-3 line 3,0,1610530890.0,HCRIS FY2024 (periods beginning 2023-10-01..2024-09-30); acute member CCNs; annualized where needed,0,0,18.2,False,False,False,False,https://data.cms.gov/sites/default/files/2026-09/e85544f7-57ef-477e-9640-313ac0aac400/CostReport_2024_Final.csv,CMS Hospital Provider Cost Report FY2024 (periods beginning 2023-10-01..2024-09-30); file modified 2026-09-29
HSI00000094,Bayhealth,Dover,DE,DE,1,True,2,2,396.0,0.0,1.0,nonprofit,100.0,0,2023 (rev. 2025-09),https://www.ahrq.gov/sites/default/files/wysiwyg/chsp/compendium/chsp-compendium-2023-rev.xlsx,AHRQ Compendium 2023 (system file rev. 2025-09); systems as of end-2023,False,887060956.0,HCRIS FY2023 (FY2022 fallback); acute member hospitals; G-3 line 3,0,1171038055.0,HCRIS FY2024 (periods beginning 2023-10-01..2024-09-30); acute member CCNs; annualized where needed,0,0,32.0,False,False,True,False,https://data.cms.gov/sites/default/files/2026-09/e85544f7-57ef-477e-9640-313ac0aac400/CostReport_2024_Final.csv,CMS Hospital Provider Cost Report FY2024 (periods beginning 2023-10-01..2024-09-30); file modified 2026-09-29
HSI00000103,Beebe Healthcare,Lewes,DE,DE,1,True,1,1,210.0,0.0,1.0,nonprofit,100.0,0,2023 (rev. 2025-09),https://www.ahrq.gov/sites/default/files/wysiwyg/chsp/compendium/chsp-compendium-2023-rev.xlsx,AHRQ Compendium 2023 (system file rev. 2025-09); systems as of end-2023,False,549735445.0,HCRIS FY2023 (FY2022 fallback); acute member hospitals; G-3 line 3,0,605277456.0,HCRIS FY2024 (periods beginning 2023-10-01..2024-09-30); acute member CCNs; annualized where needed,0,0,10.1,False,False,False,False,https://data.cms.gov/sites/default/files/2026-09/e85544f7-57ef-477e-9640-313ac0aac400/CostReport_2024_Final.csv,CMS Hospital Provider Cost Report FY2024 (periods beginning 2023-10-01..2024-09-30); file modified 2026-09-29
HSI00000218,ChristianaCare,Wilmington,DE,DE;MD,2,True,2,2,1296.0,0.0,1.0,nonprofit,100.0,0,2023 (rev. 2025-09),https://www.ahrq.gov/sites/default/files/wysiwyg/chsp/compendium/chsp-compendium-2023-rev.xlsx,AHRQ Compendium 2023 (system file rev. 2025-09); systems as of end-2023,False,2445535654.0,HCRIS FY2023 (FY2022 fallback); acute member hospitals; G-3 line 3,0,2750401635.0,HCRIS FY2024 (periods beginning 2023-10-01..2024-09-30); acute member CCNs; annualized where needed,0,0,12.5,False,False,False,False,https://data.cms.gov/sites/default/files/2026-09/e85544f7-57ef-477e-9640-313ac0aac400/CostReport_2024_Final.csv,CMS Hospital Provider Cost Report FY2024 (periods beginning 2023-10-01..2024-09-30); file modified 2026-09-29
HSI00000010,AdventHealth,Altamonte Springs,FL,CO;FL;GA;IL;KS;KY;NC;TX;WI,9,True,42,41,8809.0,1.0,2.0,church-operated,100.0,0,2023 (rev. 2025-09),https://www.ahrq.gov/sites/default/files/wysiwyg/chsp/compendium/chsp-compendium-2023-rev.xlsx,AHRQ Compendium 2023 (system file rev. 2025-09); systems as of end-2023,False,15573277510.0,HCRIS FY2023 (FY2022 fallback); acute member hospitals; G-3 line 3,3,18023459564.0,HCRIS FY2024 (periods beginning 2023-10-01..2024-09-30); acute member CCNs; annualized where needed,3,0,15.7,False,True,False,False,https://data.cms.gov/sites/default/files/2026-09/e85544f7-57ef-477e-9640-313ac0aac400/CostReport_2024_Final.csv,CMS Hospital Provider Cost Report FY2024 (periods beginning 2023-10-01..2024-09-30); file modified 2026-09-29
HSI00000075,Baptist Health,Jacksonville,FL,FL,1,True,3,3,1170.0,0.0,1.0,nonprofit,100.0,0,2023 (rev. 2025-09),https://www.ahrq.gov/sites/default/files/wysiwyg/chsp/compendium/chsp-compendium-2023-rev.xlsx,AHRQ Compendium 2023 (system file rev. 2025-09); systems as of end-2023,False,2358440346.0,HCRIS FY2023 (FY2022 fallback); acute member hospitals; G-3 line 3,0,2780925153.0,HCRIS FY2024 (periods beginning 2023-10-01..2024-09-30); acute member CCNs; annualized where needed,0,0,17.9,False,False,False,False,https://data.cms.gov/sites/default/files/2026-09/e85544f7-57ef-477e-9640-313ac0aac400/CostReport_2024_Final.csv,CMS Hospital Provider Cost Report FY2024 (periods beginning 2023-10-01..2024-09-30); file modified 2026-09-29
HSI00000076,Baptist Health Care,Pensacola,FL,FL,1,True,3,3,362.0,0.0,1.0,nonprofit,100.0,0,2023 (rev. 2025-09),https://www.ahrq.gov/sites/default/files/wysiwyg/chsp/compendium/chsp-compendium-2023-rev.xlsx,AHRQ Compendium 2023 (system file rev. 2025-09); systems as of end-2023,False,609230493.0,HCRIS FY2023 (FY2022 fallback); acute member hospitals; G-3 line 3,0,706136622.0,HCRIS FY2024 (periods beginning 2023-10-01..2024-09-30); acute member CCNs; annualized where needed,0,1,15.9,False,False,False,False,https://data.cms.gov/sites/default/files/2026-09/e85544f7-57ef-477e-9640-313ac0aac400/CostReport_2024_Final.csv,CMS Hospital Provider Cost Report FY2024 (periods beginning 2023-10-01..2024-09-30); file modified 2026-09-29
HSI00000077,Baptist Health South Florida,Coral Gables,FL,FL,1,True,9,9,2246.0,1.0,1.0,nonprofit,100.0,0,2023 (rev. 2025-09),https://www.ahrq.gov/sites/default/files/wysiwyg/chsp/compendium/chsp-compendium-2023-rev.xlsx,AHRQ Compendium 2023 (system file rev. 2025-09); systems as of end-2023,False,4682947605.0,HCRIS FY2023 (FY2022 fallback); acute member hospitals; G-3 line 3,0,5303025013.0,HCRIS FY2024 (periods beginning 2023-10-01..2024-09-30); acute member CCNs; annualized where needed,0,0,13.2,False,False,False,False,https://data.cms.gov/sites/default/files/2026-09/e85544f7-57ef-477e-9640-313ac0aac400/CostReport_2024_Final.csv,CMS Hospital Provider Cost Report FY2024 (periods beginning 2023-10-01..2024-09-30); file modified 2026-09-29
HSI00000368,Florida Health Sciences Center,Tampa,FL,FL,1,True,2,1,1017.0,1.0,1.0,nonprofit,100.0,0,2023 (rev. 2025-09),https://www.ahrq.gov/sites/default/files/wysiwyg/chsp/compendium/chsp-compendium-2023-rev.xlsx,AHRQ Compendium 2023 (system file rev. 2025-09); systems as of end-2023,False,1951882828.0,HCRIS FY2023 (FY2022 fallback); acute member hospitals; G-3 line 3,0,2223520151.0,HCRIS FY2024 (periods beginning 2023-10-01..2024-09-30); acute member CCNs; annualized where needed,0,0,13.9,False,False,False,False,https://data.cms.gov/sites/default/files/2026-09/e85544f7-57ef-477e-9640-313ac0aac400/CostReport_2024_Final.csv,CMS Hospital Provider Cost Report FY2024 (periods beginning 2023-10-01..2024-09-30); file modified 2026-09-29
HSI00000461,Health First,Rockledge,FL,FL,1,True,4,4,904.0,0.0,1.0,nonprofit,100.0,0,2023 (rev. 2025-09),https://www.ahrq.gov/sites/default/files/wysiwyg/chsp/compendium/chsp-compendium-2023-rev.xlsx,AHRQ Compendium 2023 (system file rev. 2025-09); systems as of end-2023,False,1164550242.0,HCRIS FY2023 (FY2022 fallback); acute member hospitals; G-3 line 3,0,1250330810.0,HCRIS FY2024 (periods beginning 2023-10-01..2024-09-30); acute member CCNs; annualized where needed,0,0,7.4,False,False,False,False,https://data.cms.gov/sites/default/files/2026-09/e85544f7-57ef-477e-9640-313ac0aac400/CostReport_2024_Final.csv,CMS Hospital Provider Cost Report FY2024 (periods beginning 2023-10-01..2024-09-30); file modified 2026-09-29
HSI00001419,Jupiter Medical Center,Jupiter,FL,FL,1,True,1,1,242.0,0.0,1.0,nonprofit,100.0,0,2023 (rev. 2025-09),https://www.ahrq.gov/sites/default/files/wysiwyg/chsp/compendium/chsp-compendium-2023-rev.xlsx,AHRQ Compendium 2023 (system file rev. 2025-09); systems as of end-2023,False,380056898.0,HCRIS FY2023 (FY2022 fallback); acute member hospitals; G-3 line 3,0,431621030.0,HCRIS FY2024 (periods beginning 2023-10-01..2024-09-30); acute member CCNs; annualized where needed,0,0,13.6,False,False,False,False,https://data.cms.gov/sites/default/files/2026-09/e85544f7-57ef-477e-9640-313ac0aac400/CostReport_2024_Final.csv,CMS Hospital Provider Cost Report FY2024 (periods beginning 2023-10-01..2024-09-30); file modified 2026-09-29
HSI00000569,Lakeland Regional Health,Lakeland,FL,FL,1,True,1,1,764.0,0.0,1.0,nonprofit,100.0,0,2023 (rev. 2025-09),https://www.ahrq.gov/sites/default/files/wysiwyg/chsp/compendium/chsp-compendium-2023-rev.xlsx,AHRQ Compendium 2023 (system file rev. 2025-09); systems as of end-2023,False,1033363360.0,HCRIS FY2023 (FY2022 fallback); acute member hospitals; G-3 line 3,0,1179244991.0,HCRIS FY2024 (periods beginning 2023-10-01..2024-09-30); acute member CCNs; annualized where needed,0,0,14.1,False,False,False,False,https://data.cms.gov/sites/default/files/2026-09/e85544f7-57ef-477e-9640-313ac0aac400/CostReport_2024_Final.csv,CMS Hospital Provider Cost Report FY2024 (periods beginning 2023-10-01..2024-09-30); file modified 2026-09-29
HSI00000712,Mount Sinai Medical Center of Florida,Miami Beach,FL,FL,1,True,1,1,481.0,0.0,1.0,nonprofit,100.0,0,2023 (rev. 2025-09),https://www.ahrq.gov/sites/default/files/wysiwyg/chsp/compendium/chsp-compendium-2023-rev.xlsx,AHRQ Compendium 2023 (system file rev. 2025-09); systems as of end-2023,False,971438827.0,HCRIS FY2023 (FY2022 fallback); acute member hospitals; G-3 line 3,0,1030848127.0,HCRIS FY2024 (periods beginning 2023-10-01..2024-09-30); acute member CCNs; annualized where needed,0,0,6.1,False,False,False,False,https://data.cms.gov/sites/default/files/2026-09/e85544f7-57ef-477e-9640-313ac0aac400/CostReport_2024_Final.csv,CMS Hospital Provider Cost Report FY2024 (periods beginning 2023-10-01..2024-09-30); file modified 2026-09-29
HSI00000716,NCH Healthcare System,Naples,FL,FL,1,True,1,1,517.0,0.0,1.0,nonprofit,100.0,0,2023 (rev. 2025-09),https://www.ahrq.gov/sites/default/files/wysiwyg/chsp/compendium/chsp-compendium-2023-rev.xlsx,AHRQ Compendium 2023 (system file rev. 2025-09); systems as of end-2023,False,691733494.0,HCRIS FY2023 (FY2022 fallback); acute member hospitals; G-3 line 3,0,784219705.0,HCRIS FY2024 (periods beginning 2023-10-01..2024-09-30); acute member CCNs; annualized where needed,0,0,13.4,False,False,False,False,https://data.cms.gov/sites/default/files/2026-09/e85544f7-57ef-477e-9640-313ac0aac400/CostReport_2024_Final.csv,CMS Hospital Provider Cost Report FY2024 (periods beginning 2023-10-01..2024-09-30); file modified 2026-09-29
HSI00000725,Nemours Childrens Health,Jacksonville,FL,DE;FL,2,True,2,2,352.0,0.0,1.0,nonprofit,100.0,0,2023 (rev. 2025-09),https://www.ahrq.gov/sites/default/files/wysiwyg/chsp/compendium/chsp-compendium-2023-rev.xlsx,AHRQ Compendium 2023 (system file rev. 2025-09); systems as of end-2023,False,1090857645.0,HCRIS FY2023 (FY2022 fallback); acute member hospitals; G-3 line 3,0,1266450044.0,HCRIS FY2024 (periods beginning 2023-10-01..2024-09-30); acute member CCNs; annualized where needed,0,0,16.1,False,False,False,False,https://data.cms.gov/sites/default/files/2026-09/e85544f7-57ef-477e-9640-313ac0aac400/CostReport_2024_Final.csv,CMS Hospital Provider Cost Report FY2024 (periods beginning 2023-10-01..2024-09-30); file modified 2026-09-29
HSI00000678,Nicklaus Childrens Health System,Miami,FL,FL,1,True,1,1,278.0,0.0,1.0,nonprofit,100.0,0,2023 (rev. 2025-09),https://www.ahrq.gov/sites/default/files/wysiwyg/chsp/compendium/chsp-compendium-2023-rev.xlsx,AHRQ Compendium 2023 (system file rev. 2025-09); systems as of end-2023,False,,HCRIS FY2023 (FY2022 fallback); acute member hospitals; G-3 line 3,1,957160904.0,HCRIS FY2024 (periods beginning 2023-10-01..2024-09-30); acute member CCNs; annualized where needed,0,0,,True,True,False,False,https://data.cms.gov/sites/default/files/2026-09/e85544f7-57ef-477e-9640-313ac0aac400/CostReport_2024_Final.csv,CMS Hospital Provider Cost Report FY2024 (periods beginning 2023-10-01..2024-09-30); file modified 2026-09-29
HSI00000796,Orlando Health,Orlando,FL,FL,1,True,5,5,2258.0,1.0,1.0,nonprofit,100.0,0,2023 (rev. 2025-09),https://www.ahrq.gov/sites/default/files/wysiwyg/chsp/compendium/chsp-compendium-2023-rev.xlsx,AHRQ Compendium 2023 (system file rev. 2025-09); systems as of end-2023,False,4553979504.0,HCRIS FY2023 (FY2022 fallback); acute member hospitals; G-3 line 3,0,5099844302.0,HCRIS FY2024 (periods beginning 2023-10-01..2024-09-30); acute member CCNs; annualized where needed,0,0,12.0,False,False,False,False,https://data.cms.gov/sites/default/files/2026-09/e85544f7-57ef-477e-9640-313ac0aac400/CostReport_2024_Final.csv,CMS Hospital Provider Cost Report FY2024 (periods beginning 2023-10-01..2024-09-30); file modified 2026-09-29
HSI00000812,Parrish Medical Center,Titusville,FL,FL,1,True,1,1,208.0,0.0,1.0,nonprofit,100.0,0,2023 (rev. 2025-09),https://www.ahrq.gov/sites/default/files/wysiwyg/chsp/compendium/chsp-compendium-2023-rev.xlsx,AHRQ Compendium 2023 (system file rev. 2025-09); systems as of end-2023,False,158904578.0,HCRIS FY2023 (FY2022 fallback); acute member hospitals; G-3 line 3,0,187679418.0,HCRIS FY2024 (periods beginning 2023-10-01..2024-09-30); acute member CCNs; annualized where needed,0,0,18.1,False,False,False,False,https://data.cms.gov/sites/default/files/2026-09/e85544f7-57ef-477e-9640-313ac0aac400/CostReport_2024_Final.csv,CMS Hospital Provider Cost Report FY2024 (periods beginning 2023-10-01..2024-09-30); file modified 2026-09-29
HSI00000981,Shriners Hospitals for Children,Tampa,FL,CA;FL;HI;IL;LA;MA;MO;OH;OR;PA;SC;TX;UT;WA,14,True,17,3,,,1.0,nonprofit,,1,2023 (rev. 2025-09),https://www.ahrq.gov/sites/default/files/wysiwyg/chsp/compendium/chsp-compendium-2023-rev.xlsx,AHRQ Compendium 2023 (system file rev. 2025-09); systems as of end-2023,True,,HCRIS FY2023 (FY2022 fallback); acute member hospitals; G-3 line 3,3,,HCRIS FY2024 (periods beginning 2023-10-01..2024-09-30); acute member CCNs; annualized where needed,3,0,,True,True,False,False,https://data.cms.gov/sites/default/files/2026-09/e85544f7-57ef-477e-9640-313ac0aac400/CostReport_2024_Final.csv,CMS Hospital Provider Cost Report FY2024 (periods beginning 2023-10-01..2024-09-30); file modified 2026-09-29
HSI00001060,Tallahassee Memorial Healthcare,Tallahassee,FL,FL,1,True,3,3,551.0,0.0,1.0,nonprofit,95.5,1,2023 (rev. 2025-09),https://www.ahrq.gov/sites/default/files/wysiwyg/chsp/compendium/chsp-compendium-2023-rev.xlsx,AHRQ Compendium 2023 (system file rev. 2025-09); systems as of end-2023,True,911315895.0,HCRIS FY2023 (FY2022 fallback); acute member hospitals; G-3 line 3,0,992461227.0,HCRIS FY2024 (periods beginning 2023-10-01..2024-09-30); acute member CCNs; annualized where needed,1,0,8.9,False,True,False,False,https://data.cms.gov/sites/default/files/2026-09/e85544f7-57ef-477e-9640-313ac0aac400/CostReport_2024_Final.csv,CMS Hospital Provider Cost Report FY2024 (periods beginning 2023-10-01..2024-09-30); file modified 2026-09-29
HSI00001121,UF Health,Gainesville,FL,FL,1,True,5,5,2417.0,1.0,1.0,nonprofit,100.0,0,2023 (rev. 2025-09),https://www.ahrq.gov/sites/default/files/wysiwyg/chsp/compendium/chsp-compendium-2023-rev.xlsx,AHRQ Compendium 2023 (system file rev. 2025-09); systems as of end-2023,False,3859495075.0,HCRIS FY2023 (FY2022 fallback); acute member hospitals; G-3 line 3,0,4782124708.0,HCRIS FY2024 (periods beginning 2023-10-01..2024-09-30); acute member CCNs; annualized where needed,0,0,23.9,False,False,False,False,https://data.cms.gov/sites/default/files/2026-09/e85544f7-57ef-477e-9640-313ac0aac400/CostReport_2024_Final.csv,CMS Hospital Provider Cost Report FY2024 (periods beginning 2023-10-01..2024-09-30); file modified 2026-09-29
HSI00001176,University of Miami Health System,Miami,FL,FL,1,True,3,1,,,,missing in AHRQ; nonprofit per member-hospital HCRIS,,0,2023 (rev. 2025-09),https://www.ahrq.gov/sites/default/files/wysiwyg/chsp/compendium/chsp-compendium-2023-rev.xlsx,AHRQ Compendium 2023 (system file rev. 2025-09); systems as of end-2023,False,,HCRIS FY2023 (FY2022 fallback); acute member hospitals; G-3 line 3,1,,HCRIS FY2024 (periods beginning 2023-10-01..2024-09-30); acute member CCNs; annualized where needed,1,0,,True,True,False,False,https://data.cms.gov/sites/default/files/2026-09/e85544f7-57ef-477e-9640-313ac0aac400/CostReport_2024_Final.csv,CMS Hospital Provider Cost Report FY2024 (periods beginning 2023-10-01..2024-09-30); file modified 2026-09-29
HSI00000045,Archbold Medical Center,Thomasville,GA,GA,1,True,4,4,293.0,1.0,1.0,nonprofit,100.0,0,2023 (rev. 2025-09),https://www.ahrq.gov/sites/default/files/wysiwyg/chsp/compendium/chsp-compendium-2023-rev.xlsx,AHRQ Compendium 2023 (system file rev. 2025-09); systems as of end-2023,False,415686792.0,HCRIS FY2023 (FY2022 fallback); acute member hospitals; G-3 line 3,0,478951118.0,HCRIS FY2024 (periods beginning 2023-10-01..2024-09-30); acute member CCNs; annualized where needed,0,0,15.2,False,False,False,False,https://data.cms.gov/sites/default/files/2026-09/e85544f7-57ef-477e-9640-313ac0aac400/CostReport_2024_Final.csv,CMS Hospital Provider Cost Report FY2024 (periods beginning 2023-10-01..2024-09-30); file modified 2026-09-29
HSI00000209,Childrens Healthcare of Atlanta,Atlanta,GA,GA,1,True,2,2,649.0,0.0,1.0,nonprofit,100.0,0,2023 (rev. 2025-09),https://www.ahrq.gov/sites/default/files/wysiwyg/chsp/compendium/chsp-compendium-2023-rev.xlsx,AHRQ Compendium 2023 (system file rev. 2025-09); systems as of end-2023,False,1960961358.0,HCRIS FY2023 (FY2022 fallback); acute member hospitals; G-3 line 3,0,2130608029.0,HCRIS FY2024 (periods beginning 2023-10-01..2024-09-30); acute member CCNs; annualized where needed,0,0,8.7,False,False,False,False,https://data.cms.gov/sites/default/files/2026-09/e85544f7-57ef-477e-9640-313ac0aac400/CostReport_2024_Final.csv,CMS Hospital Provider Cost Report FY2024 (periods beginning 2023-10-01..2024-09-30); file modified 2026-09-29
HSI00000342,Emory Healthcare,Atlanta,GA,GA,1,True,9,7,2250.0,0.0,1.0,nonprofit,78.5,2,2023 (rev. 2025-09),https://www.ahrq.gov/sites/default/files/wysiwyg/chsp/compendium/chsp-compendium-2023-rev.xlsx,AHRQ Compendium 2023 (system file rev. 2025-09); systems as of end-2023,True,4262214506.0,HCRIS FY2023 (FY2022 fallback); acute member hospitals; G-3 line 3,0,2155105492.0,HCRIS FY2024 (periods beginning 2023-10-01..2024-09-30); acute member CCNs; annualized where needed,5,0,-49.4,False,True,True,False,https://data.cms.gov/sites/default/files/2026-09/e85544f7-57ef-477e-9640-313ac0aac400/CostReport_2024_Final.csv,CMS Hospital Provider Cost Report FY2024 (periods beginning 2023-10-01..2024-09-30); file modified 2026-09-29
HSI00000444,Hamilton Health Care System,Dalton,GA,GA,1,True,1,1,239.0,0.0,2.0,church-operated,100.0,0,2023 (rev. 2025-09),https://www.ahrq.gov/sites/default/files/wysiwyg/chsp/compendium/chsp-compendium-2023-rev.xlsx,AHRQ Compendium 2023 (system file rev. 2025-09); systems as of end-2023,False,373972455.0,HCRIS FY2023 (FY2022 fallback); acute member hospitals; G-3 line 3,0,406128800.0,HCRIS FY2024 (periods beginning 2023-10-01..2024-09-30); acute member CCNs; annualized where needed,0,0,8.6,False,False,False,False,https://data.cms.gov/sites/default/files/2026-09/e85544f7-57ef-477e-9640-313ac0aac400/CostReport_2024_Final.csv,CMS Hospital Provider Cost Report FY2024 (periods beginning 2023-10-01..2024-09-30); file modified 2026-09-29
HSI00000759,Northeast Georgia Health System,Gainesville,GA,GA,1,True,5,5,771.0,0.0,1.0,nonprofit,93.1,1,2023 (rev. 2025-09),https://www.ahrq.gov/sites/default/files/wysiwyg/chsp/compendium/chsp-compendium-2023-rev.xlsx,AHRQ Compendium 2023 (system file rev. 2025-09); systems as of end-2023,True,1852696587.0,HCRIS FY2023 (FY2022 fallback); acute member hospitals; G-3 line 3,1,1968651297.0,HCRIS FY2024 (periods beginning 2023-10-01..2024-09-30); acute member CCNs; annualized where needed,1,0,6.3,False,True,False,False,https://data.cms.gov/sites/default/files/2026-09/e85544f7-57ef-477e-9640-313ac0aac400/CostReport_2024_Final.csv,CMS Hospital Provider Cost Report FY2024 (periods beginning 2023-10-01..2024-09-30); file modified 2026-09-29
HSI00000766,Northside Hospital,Atlanta,GA,GA,1,True,5,5,1908.0,0.0,1.0,nonprofit,100.0,0,2023 (rev. 2025-09),https://www.ahrq.gov/sites/default/files/wysiwyg/chsp/compendium/chsp-compendium-2023-rev.xlsx,AHRQ Compendium 2023 (system file rev. 2025-09); systems as of end-2023,False,5599674392.0,HCRIS FY2023 (FY2022 fallback); acute member hospitals; G-3 line 3,0,6646162432.0,HCRIS FY2024 (periods beginning 2023-10-01..2024-09-30); acute member CCNs; annualized where needed,0,0,18.7,False,False,False,False,https://data.cms.gov/sites/default/files/2026-09/e85544f7-57ef-477e-9640-313ac0aac400/CostReport_2024_Final.csv,CMS Hospital Provider Cost Report FY2024 (periods beginning 2023-10-01..2024-09-30); file modified 2026-09-29
HSI00000823,Phoebe Putney Health Systems,Albany,GA,GA,1,True,5,5,465.0,0.0,1.0,nonprofit,89.7,1,2023 (rev. 2025-09),https://www.ahrq.gov/sites/default/files/wysiwyg/chsp/compendium/chsp-compendium-2023-rev.xlsx,AHRQ Compendium 2023 (system file rev. 2025-09); systems as of end-2023,True,815643714.0,HCRIS FY2023 (FY2022 fallback); acute member hospitals; G-3 line 3,1,,HCRIS FY2024 (periods beginning 2023-10-01..2024-09-30); acute member CCNs; annualized where needed,5,0,,False,True,False,False,https://data.cms.gov/sites/default/files/2026-09/e85544f7-57ef-477e-9640-313ac0aac400/CostReport_2024_Final.csv,CMS Hospital Provider Cost Report FY2024 (periods beginning 2023-10-01..2024-09-30); file modified 2026-09-29
HSI00000826,Piedmont Healthcare,Atlanta,GA,GA,1,True,19,18,3643.0,1.0,1.0,nonprofit,80.4,3,2023 (rev. 2025-09),https://www.ahrq.gov/sites/default/files/wysiwyg/chsp/compendium/chsp-compendium-2023-rev.xlsx,AHRQ Compendium 2023 (system file rev. 2025-09); systems as of end-2023,True,5662130080.0,HCRIS FY2023 (FY2022 fallback); acute member hospitals; G-3 line 3,1,7291888395.0,HCRIS FY2024 (periods beginning 2023-10-01..2024-09-30); acute member CCNs; annualized where needed,1,0,28.8,False,True,True,False,https://data.cms.gov/sites/default/files/2026-09/e85544f7-57ef-477e-9640-313ac0aac400/CostReport_2024_Final.csv,CMS Hospital Provider Cost Report FY2024 (periods beginning 2023-10-01..2024-09-30); file modified 2026-09-29
HSI00000927,Saint Josephs Candler Health System,Savannah,GA,GA,1,True,2,2,451.0,0.0,1.0,nonprofit,100.0,0,2023 (rev. 2025-09),https://www.ahrq.gov/sites/default/files/wysiwyg/chsp/compendium/chsp-compendium-2023-rev.xlsx,AHRQ Compendium 2023 (system file rev. 2025-09); systems as of end-2023,False,741400079.0,HCRIS FY2023 (FY2022 fallback); acute member hospitals; G-3 line 3,0,859675749.0,HCRIS FY2024 (periods beginning 2023-10-01..2024-09-30); acute member CCNs; annualized where needed,0,0,16.0,False,False,False,False,https://data.cms.gov/sites/default/files/2026-09/e85544f7-57ef-477e-9640-313ac0aac400/CostReport_2024_Final.csv,CMS Hospital Provider Cost Report FY2024 (periods beginning 2023-10-01..2024-09-30); file modified 2026-09-29
HSI00001006,Southeast Georgia Health System,Brunswick,GA,GA,1,True,2,2,340.0,0.0,1.0,nonprofit,100.0,0,2023 (rev. 2025-09),https://www.ahrq.gov/sites/default/files/wysiwyg/chsp/compendium/chsp-compendium-2023-rev.xlsx,AHRQ Compendium 2023 (system file rev. 2025-09); systems as of end-2023,False,368868954.0,HCRIS FY2023 (FY2022 fallback); acute member hospitals; G-3 line 3,0,444361633.0,HCRIS FY2024 (periods beginning 2023-10-01..2024-09-30); acute member CCNs; annualized where needed,0,0,20.5,False,False,False,False,https://data.cms.gov/sites/default/files/2026-09/e85544f7-57ef-477e-9640-313ac0aac400/CostReport_2024_Final.csv,CMS Hospital Provider Cost Report FY2024 (periods beginning 2023-10-01..2024-09-30); file modified 2026-09-29
HSI00001061,Tanner Health System,Carrollton,GA,AL;GA,2,True,4,4,292.0,0.0,1.0,nonprofit,100.0,0,2023 (rev. 2025-09),https://www.ahrq.gov/sites/default/files/wysiwyg/chsp/compendium/chsp-compendium-2023-rev.xlsx,AHRQ Compendium 2023 (system file rev. 2025-09); systems as of end-2023,False,653561990.0,HCRIS FY2023 (FY2022 fallback); acute member hospitals; G-3 line 3,0,774578098.0,HCRIS FY2024 (periods beginning 2023-10-01..2024-09-30); acute member CCNs; annualized where needed,0,0,18.5,False,False,False,False,https://data.cms.gov/sites/default/files/2026-09/e85544f7-57ef-477e-9640-313ac0aac400/CostReport_2024_Final.csv,CMS Hospital Provider Cost Report FY2024 (periods beginning 2023-10-01..2024-09-30); file modified 2026-09-29
HSI00001097,Tift Regional Medical Center,Tifton,GA,GA,1,True,2,2,189.0,0.0,1.0,nonprofit,100.0,0,2023 (rev. 2025-09),https://www.ahrq.gov/sites/default/files/wysiwyg/chsp/compendium/chsp-compendium-2023-rev.xlsx,AHRQ Compendium 2023 (system file rev. 2025-09); systems as of end-2023,False,442674120.0,HCRIS FY2023 (FY2022 fallback); acute member hospitals; G-3 line 3,0,469888747.0,HCRIS FY2024 (periods beginning 2023-10-01..2024-09-30); acute member CCNs; annualized where needed,0,0,6.1,False,False,False,False,https://data.cms.gov/sites/default/files/2026-09/e85544f7-57ef-477e-9640-313ac0aac400/CostReport_2024_Final.csv,CMS Hospital Provider Cost Report FY2024 (periods beginning 2023-10-01..2024-09-30); file modified 2026-09-29
HSI00000455,Hawaii Pacific Health,Honolulu,HI,HI,1,True,4,4,602.0,0.0,1.0,nonprofit,100.0,0,2023 (rev. 2025-09),https://www.ahrq.gov/sites/default/files/wysiwyg/chsp/compendium/chsp-compendium-2023-rev.xlsx,AHRQ Compendium 2023 (system file rev. 2025-09); systems as of end-2023,False,1430498141.0,HCRIS FY2023 (FY2022 fallback); acute member hospitals; G-3 line 3,0,1547120284.0,HCRIS FY2024 (periods beginning 2023-10-01..2024-09-30); acute member CCNs; annualized where needed,0,0,8.2,False,False,False,False,https://data.cms.gov/sites/default/files/2026-09/e85544f7-57ef-477e-9640-313ac0aac400/CostReport_2024_Final.csv,CMS Hospital Provider Cost Report FY2024 (periods beginning 2023-10-01..2024-09-30); file modified 2026-09-29
HSI00000554,Kuakini Health System,Honolulu,HI,HI,1,True,1,1,170.0,0.0,1.0,nonprofit,100.0,0,2023 (rev. 2025-09),https://www.ahrq.gov/sites/default/files/wysiwyg/chsp/compendium/chsp-compendium-2023-rev.xlsx,AHRQ Compendium 2023 (system file rev. 2025-09); systems as of end-2023,False,144679855.0,HCRIS FY2023 (FY2022 fallback); acute member hospitals; G-3 line 3,0,152591190.0,HCRIS FY2024 (periods beginning 2023-10-01..2024-09-30); acute member CCNs; annualized where needed,0,0,5.5,False,False,False,False,https://data.cms.gov/sites/default/files/2026-09/e85544f7-57ef-477e-9640-313ac0aac400/CostReport_2024_Final.csv,CMS Hospital Provider Cost Report FY2024 (periods beginning 2023-10-01..2024-09-30); file modified 2026-09-29
HSI00001087,The Queens Health Systems,Honolulu,HI,HI,1,True,4,4,722.0,0.0,1.0,nonprofit,100.0,0,2023 (rev. 2025-09),https://www.ahrq.gov/sites/default/files/wysiwyg/chsp/compendium/chsp-compendium-2023-rev.xlsx,AHRQ Compendium 2023 (system file rev. 2025-09); systems as of end-2023,False,1538514026.0,HCRIS FY2023 (FY2022 fallback); acute member hospitals; G-3 line 3,1,1776859852.0,HCRIS FY2024 (periods beginning 2023-10-01..2024-09-30); acute member CCNs; annualized where needed,1,0,15.5,False,True,False,False,https://data.cms.gov/sites/default/files/2026-09/e85544f7-57ef-477e-9640-313ac0aac400/CostReport_2024_Final.csv,CMS Hospital Provider Cost Report FY2024 (periods beginning 2023-10-01..2024-09-30); file modified 2026-09-29
HSI00000421,Great River Health Systems,West Burlington,IA,IA,1,True,1,1,174.0,0.0,1.0,nonprofit,100.0,0,2023 (rev. 2025-09),https://www.ahrq.gov/sites/default/files/wysiwyg/chsp/compendium/chsp-compendium-2023-rev.xlsx,AHRQ Compendium 2023 (system file rev. 2025-09); systems as of end-2023,False,302076366.0,HCRIS FY2023 (FY2022 fallback); acute member hospitals; G-3 line 3,0,409640854.0,HCRIS FY2024 (periods beginning 2023-10-01..2024-09-30); acute member CCNs; annualized where needed,0,0,35.6,False,False,True,False,https://data.cms.gov/sites/default/files/2026-09/e85544f7-57ef-477e-9640-313ac0aac400/CostReport_2024_Final.csv,CMS Hospital Provider Cost Report FY2024 (periods beginning 2023-10-01..2024-09-30); file modified 2026-09-29
HSI00000666,Mercy Medical Center,Cedar Rapids,IA,IA,1,True,1,1,216.0,0.0,2.0,church-operated,100.0,0,2023 (rev. 2025-09),https://www.ahrq.gov/sites/default/files/wysiwyg/chsp/compendium/chsp-compendium-2023-rev.xlsx,AHRQ Compendium 2023 (system file rev. 2025-09); systems as of end-2023,False,401057000.0,HCRIS FY2023 (FY2022 fallback); acute member hospitals; G-3 line 3,0,507673151.0,HCRIS FY2024 (periods beginning 2023-10-01..2024-09-30); acute member CCNs; annualized where needed,0,0,26.6,False,False,True,False,https://data.cms.gov/sites/default/files/2026-09/e85544f7-57ef-477e-9640-313ac0aac400/CostReport_2024_Final.csv,CMS Hospital Provider Cost Report FY2024 (periods beginning 2023-10-01..2024-09-30); file modified 2026-09-29
HSI00000815,Pella Regional Health Center,Pella,IA,IA,1,True,1,1,25.0,0.0,1.0,nonprofit,100.0,0,2023 (rev. 2025-09),https://www.ahrq.gov/sites/default/files/wysiwyg/chsp/compendium/chsp-compendium-2023-rev.xlsx,AHRQ Compendium 2023 (system file rev. 2025-09); systems as of end-2023,False,125839069.0,HCRIS FY2023 (FY2022 fallback); acute member hospitals; G-3 line 3,0,132156181.0,HCRIS FY2024 (periods beginning 2023-10-01..2024-09-30); acute member CCNs; annualized where needed,0,0,5.0,False,False,False,False,https://data.cms.gov/sites/default/files/2026-09/e85544f7-57ef-477e-9640-313ac0aac400/CostReport_2024_Final.csv,CMS Hospital Provider Cost Report FY2024 (periods beginning 2023-10-01..2024-09-30); file modified 2026-09-29
HSI00001146,Unitypoint Health,West Des Moines,IA,IA;IL;WI,3,True,29,29,2413.0,1.0,1.0,nonprofit,89.3,11,2023 (rev. 2025-09),https://www.ahrq.gov/sites/default/files/wysiwyg/chsp/compendium/chsp-compendium-2023-rev.xlsx,AHRQ Compendium 2023 (system file rev. 2025-09); systems as of end-2023,True,4048533729.0,HCRIS FY2023 (FY2022 fallback); acute member hospitals; G-3 line 3,1,4559753705.0,HCRIS FY2024 (periods beginning 2023-10-01..2024-09-30); acute member CCNs; annualized where needed,1,0,12.6,False,True,False,False,https://data.cms.gov/sites/default/files/2026-09/e85544f7-57ef-477e-9640-313ac0aac400/CostReport_2024_Final.csv,CMS Hospital Provider Cost Report FY2024 (periods beginning 2023-10-01..2024-09-30); file modified 2026-09-29
HSI00000071,BMH,Blackfoot,ID,ID,1,True,2,1,25.0,0.0,1.0,nonprofit,100.0,0,2023 (rev. 2025-09),https://www.ahrq.gov/sites/default/files/wysiwyg/chsp/compendium/chsp-compendium-2023-rev.xlsx,AHRQ Compendium 2023 (system file rev. 2025-09); systems as of end-2023,False,168612827.0,HCRIS FY2023 (FY2022 fallback); acute member hospitals; G-3 line 3,0,178919327.0,HCRIS FY2024 (periods beginning 2023-10-01..2024-09-30); acute member CCNs; annualized where needed,0,0,6.1,False,False,False,False,https://data.cms.gov/sites/default/files/2026-09/e85544f7-57ef-477e-9640-313ac0aac400/CostReport_2024_Final.csv,CMS Hospital Provider Cost Report FY2024 (periods beginning 2023-10-01..2024-09-30); file modified 2026-09-29
HSI00000553,Kootenai Health,Coeur D Alene,ID,ID,1,True,2,2,349.0,0.0,1.0,nonprofit,100.0,0,2023 (rev. 2025-09),https://www.ahrq.gov/sites/default/files/wysiwyg/chsp/compendium/chsp-compendium-2023-rev.xlsx,AHRQ Compendium 2023 (system file rev. 2025-09); systems as of end-2023,False,739144018.0,HCRIS FY2023 (FY2022 fallback); acute member hospitals; G-3 line 3,0,838877946.0,HCRIS FY2024 (periods beginning 2023-10-01..2024-09-30); acute member CCNs; annualized where needed,0,0,13.5,False,False,False,False,https://data.cms.gov/sites/default/files/2026-09/e85544f7-57ef-477e-9640-313ac0aac400/CostReport_2024_Final.csv,CMS Hospital Provider Cost Report FY2024 (periods beginning 2023-10-01..2024-09-30); file modified 2026-09-29
HSI00000934,Saint Lukes,Boise,ID,ID,1,True,9,8,921.0,0.0,1.0,nonprofit,97.4,1,2023 (rev. 2025-09),https://www.ahrq.gov/sites/default/files/wysiwyg/chsp/compendium/chsp-compendium-2023-rev.xlsx,AHRQ Compendium 2023 (system file rev. 2025-09); systems as of end-2023,True,3177469674.0,HCRIS FY2023 (FY2022 fallback); acute member hospitals; G-3 line 3,0,3521280735.0,HCRIS FY2024 (periods beginning 2023-10-01..2024-09-30); acute member CCNs; annualized where needed,0,0,10.8,False,False,False,False,https://data.cms.gov/sites/default/files/2026-09/e85544f7-57ef-477e-9640-313ac0aac400/CostReport_2024_Final.csv,CMS Hospital Provider Cost Report FY2024 (periods beginning 2023-10-01..2024-09-30); file modified 2026-09-29
HSI00001473,Anderson Medical Group,Maryville,IL,IL,1,True,1,1,144.0,0.0,1.0,nonprofit,100.0,0,2023 (rev. 2025-09),https://www.ahrq.gov/sites/default/files/wysiwyg/chsp/compendium/chsp-compendium-2023-rev.xlsx,AHRQ Compendium 2023 (system file rev. 2025-09); systems as of end-2023,False,182086894.0,HCRIS FY2023 (FY2022 fallback); acute member hospitals; G-3 line 3,0,193203237.0,HCRIS FY2024 (periods beginning 2023-10-01..2024-09-30); acute member CCNs; annualized where needed,0,0,6.1,False,False,False,False,https://data.cms.gov/sites/default/files/2026-09/e85544f7-57ef-477e-9640-313ac0aac400/CostReport_2024_Final.csv,CMS Hospital Provider Cost Report FY2024 (periods beginning 2023-10-01..2024-09-30); file modified 2026-09-29
HSI00000036,Ann and Robert H Lurie Childrens Hospital of Chicago,Chicago,IL,IL,1,True,1,1,364.0,0.0,1.0,nonprofit,100.0,0,2023 (rev. 2025-09),https://www.ahrq.gov/sites/default/files/wysiwyg/chsp/compendium/chsp-compendium-2023-rev.xlsx,AHRQ Compendium 2023 (system file rev. 2025-09); systems as of end-2023,False,1168670090.0,HCRIS FY2023 (FY2022 fallback); acute member hospitals; G-3 line 3,0,1318542613.0,HCRIS FY2024 (periods beginning 2023-10-01..2024-09-30); acute member CCNs; annualized where needed,0,0,12.8,False,False,False,False,https://data.cms.gov/sites/default/files/2026-09/e85544f7-57ef-477e-9640-313ac0aac400/CostReport_2024_Final.csv,CMS Hospital Provider Cost Report FY2024 (periods beginning 2023-10-01..2024-09-30); file modified 2026-09-29
HSI00000117,Blessing Health System,Quincy,IL,IL,1,True,2,2,334.0,0.0,1.0,nonprofit,100.0,0,2023 (rev. 2025-09),https://www.ahrq.gov/sites/default/files/wysiwyg/chsp/compendium/chsp-compendium-2023-rev.xlsx,AHRQ Compendium 2023 (system file rev. 2025-09); systems as of end-2023,False,597771602.0,HCRIS FY2023 (FY2022 fallback); acute member hospitals; G-3 line 3,0,653265111.0,HCRIS FY2024 (periods beginning 2023-10-01..2024-09-30); acute member CCNs; annualized where needed,0,0,9.3,False,False,False,False,https://data.cms.gov/sites/default/files/2026-09/e85544f7-57ef-477e-9640-313ac0aac400/CostReport_2024_Final.csv,CMS Hospital Provider Cost Report FY2024 (periods beginning 2023-10-01..2024-09-30); file modified 2026-09-29
HSI00001427,CommonSpirit Health,Chicago,IL,AR;AZ;CA;CO;GA;IA;KS;KY;MN;ND;NE;NV;OH;OR;SD;TN;TX;UT;WA,19,False,145,136,16679.0,1.0,2.0,church-operated,97.4,8,2023 (rev. 2025-09),https://www.ahrq.gov/sites/default/files/wysiwyg/chsp/compendium/chsp-compendium-2023-rev.xlsx,AHRQ Compendium 2023 (system file rev. 2025-09); systems as of end-2023,True,29387477489.0,HCRIS FY2023 (FY2022 fallback); acute member hospitals; G-3 line 3,14,32017078140.0,HCRIS FY2024 (periods beginning 2023-10-01..2024-09-30); acute member CCNs; annualized where needed,20,3,8.9,False,True,False,False,https://data.cms.gov/sites/default/files/2026-09/e85544f7-57ef-477e-9640-313ac0aac400/CostReport_2024_Final.csv,CMS Hospital Provider Cost Report FY2024 (periods beginning 2023-10-01..2024-09-30); file modified 2026-09-29
HSI00000382,Freeport Health Network,Freeport,IL,IL,1,True,1,1,100.0,0.0,1.0,nonprofit,100.0,0,2023 (rev. 2025-09),https://www.ahrq.gov/sites/default/files/wysiwyg/chsp/compendium/chsp-compendium-2023-rev.xlsx,AHRQ Compendium 2023 (system file rev. 2025-09); systems as of end-2023,False,154896317.0,HCRIS FY2023 (FY2022 fallback); acute member hospitals; G-3 line 3,0,155795194.0,HCRIS FY2024 (periods beginning 2023-10-01..2024-09-30); acute member CCNs; annualized where needed,0,0,0.6,False,False,False,False,https://data.cms.gov/sites/default/files/2026-09/e85544f7-57ef-477e-9640-313ac0aac400/CostReport_2024_Final.csv,CMS Hospital Provider Cost Report FY2024 (periods beginning 2023-10-01..2024-09-30); file modified 2026-09-29
HSI00000496,Hospital Sisters Health System,Springfield,IL,IL;WI,2,True,17,17,1705.0,1.0,2.0,church-operated,100.0,0,2023 (rev. 2025-09),https://www.ahrq.gov/sites/default/files/wysiwyg/chsp/compendium/chsp-compendium-2023-rev.xlsx,AHRQ Compendium 2023 (system file rev. 2025-09); systems as of end-2023,False,2783567046.0,HCRIS FY2023 (FY2022 fallback); acute member hospitals; G-3 line 3,0,2713011600.0,HCRIS FY2024 (periods beginning 2023-10-01..2024-09-30); acute member CCNs; annualized where needed,3,0,-2.5,False,True,False,False,https://data.cms.gov/sites/default/files/2026-09/e85544f7-57ef-477e-9640-313ac0aac400/CostReport_2024_Final.csv,CMS Hospital Provider Cost Report FY2024 (periods beginning 2023-10-01..2024-09-30); file modified 2026-09-29
HSI00000539,Katherine Shaw Bethea Hospital,Dixon,IL,IL,1,True,1,1,80.0,0.0,1.0,nonprofit,100.0,0,2023 (rev. 2025-09),https://www.ahrq.gov/sites/default/files/wysiwyg/chsp/compendium/chsp-compendium-2023-rev.xlsx,AHRQ Compendium 2023 (system file rev. 2025-09); systems as of end-2023,False,143509031.0,HCRIS FY2023 (FY2022 fallback); acute member hospitals; G-3 line 3,0,138635105.0,HCRIS FY2024 (periods beginning 2023-10-01..2024-09-30); acute member CCNs; annualized where needed,0,0,-3.4,False,False,False,False,https://data.cms.gov/sites/default/files/2026-09/e85544f7-57ef-477e-9640-313ac0aac400/CostReport_2024_Final.csv,CMS Hospital Provider Cost Report FY2024 (periods beginning 2023-10-01..2024-09-30); file modified 2026-09-29
HSI00000648,Memorial Health System,Springfield,IL,IL;OH,2,True,7,7,711.0,0.0,1.0,nonprofit,92.8,1,2023 (rev. 2025-09),https://www.ahrq.gov/sites/default/files/wysiwyg/chsp/compendium/chsp-compendium-2023-rev.xlsx,AHRQ Compendium 2023 (system file rev. 2025-09); systems as of end-2023,True,1496220632.0,HCRIS FY2023 (FY2022 fallback); acute member hospitals; G-3 line 3,1,1586027199.0,HCRIS FY2024 (periods beginning 2023-10-01..2024-09-30); acute member CCNs; annualized where needed,1,0,6.0,False,True,False,False,https://data.cms.gov/sites/default/files/2026-09/e85544f7-57ef-477e-9640-313ac0aac400/CostReport_2024_Final.csv,CMS Hospital Provider Cost Report FY2024 (periods beginning 2023-10-01..2024-09-30); file modified 2026-09-29
HSI00000756,NorthShore – Edward-Elmhurst Health,Evanston,IL,IL,1,True,8,7,1398.0,0.0,1.0,nonprofit,100.0,0,2023 (rev. 2025-09),https://www.ahrq.gov/sites/default/files/wysiwyg/chsp/compendium/chsp-compendium-2023-rev.xlsx,AHRQ Compendium 2023 (system file rev. 2025-09); systems as of end-2023,False,3659544057.0,HCRIS FY2023 (FY2022 fallback); acute member hospitals; G-3 line 3,3,4571465126.0,HCRIS FY2024 (periods beginning 2023-10-01..2024-09-30); acute member CCNs; annualized where needed,2,0,24.9,False,True,False,False,https://data.cms.gov/sites/default/files/2026-09/e85544f7-57ef-477e-9640-313ac0aac400/CostReport_2024_Final.csv,CMS Hospital Provider Cost Report FY2024 (periods beginning 2023-10-01..2024-09-30); file modified 2026-09-29
HSI00000770,Northwestern Medicine,Chicago,IL,IL,1,True,10,9,2272.0,0.0,1.0,nonprofit,100.0,0,2023 (rev. 2025-09),https://www.ahrq.gov/sites/default/files/wysiwyg/chsp/compendium/chsp-compendium-2023-rev.xlsx,AHRQ Compendium 2023 (system file rev. 2025-09); systems as of end-2023,False,6057036364.0,HCRIS FY2023 (FY2022 fallback); acute member hospitals; G-3 line 3,1,2815366982.0,HCRIS FY2024 (periods beginning 2023-10-01..2024-09-30); acute member CCNs; annualized where needed,8,0,-53.5,False,True,True,False,https://data.cms.gov/sites/default/files/2026-09/e85544f7-57ef-477e-9640-313ac0aac400/CostReport_2024_Final.csv,CMS Hospital Provider Cost Report FY2024 (periods beginning 2023-10-01..2024-09-30); file modified 2026-09-29
HSI00000776,OSF Healthcare System,Peoria,IL,IL;MI,2,True,17,17,1808.0,1.0,2.0,church-operated,100.0,0,2023 (rev. 2025-09),https://www.ahrq.gov/sites/default/files/wysiwyg/chsp/compendium/chsp-compendium-2023-rev.xlsx,AHRQ Compendium 2023 (system file rev. 2025-09); systems as of end-2023,False,3378180135.0,HCRIS FY2023 (FY2022 fallback); acute member hospitals; G-3 line 3,1,3799238889.0,HCRIS FY2024 (periods beginning 2023-10-01..2024-09-30); acute member CCNs; annualized where needed,1,0,12.5,False,True,False,False,https://data.cms.gov/sites/default/files/2026-09/e85544f7-57ef-477e-9640-313ac0aac400/CostReport_2024_Final.csv,CMS Hospital Provider Cost Report FY2024 (periods beginning 2023-10-01..2024-09-30); file modified 2026-09-29
HSI00001533,Riverside Healthcare,Kankakee,IL,IL,1,True,1,1,256.0,0.0,1.0,nonprofit,100.0,0,2023 (rev. 2025-09),https://www.ahrq.gov/sites/default/files/wysiwyg/chsp/compendium/chsp-compendium-2023-rev.xlsx,AHRQ Compendium 2023 (system file rev. 2025-09); systems as of end-2023,False,434453319.0,HCRIS FY2023 (FY2022 fallback); acute member hospitals; G-3 line 3,0,458437224.0,HCRIS FY2024 (periods beginning 2023-10-01..2024-09-30); acute member CCNs; annualized where needed,0,0,5.5,False,False,False,False,https://data.cms.gov/sites/default/files/2026-09/e85544f7-57ef-477e-9640-313ac0aac400/CostReport_2024_Final.csv,CMS Hospital Provider Cost Report FY2024 (periods beginning 2023-10-01..2024-09-30); file modified 2026-09-29
HSI00000897,Rush System for Health,Chicago,IL,IL,1,True,3,3,975.0,0.0,1.0,nonprofit,100.0,0,2023 (rev. 2025-09),https://www.ahrq.gov/sites/default/files/wysiwyg/chsp/compendium/chsp-compendium-2023-rev.xlsx,AHRQ Compendium 2023 (system file rev. 2025-09); systems as of end-2023,False,2825570579.0,HCRIS FY2023 (FY2022 fallback); acute member hospitals; G-3 line 3,0,2943070317.0,HCRIS FY2024 (periods beginning 2023-10-01..2024-09-30); acute member CCNs; annualized where needed,0,0,4.2,False,False,False,False,https://data.cms.gov/sites/default/files/2026-09/e85544f7-57ef-477e-9640-313ac0aac400/CostReport_2024_Final.csv,CMS Hospital Provider Cost Report FY2024 (periods beginning 2023-10-01..2024-09-30); file modified 2026-09-29
HSI00000961,Sarah Bush Lincoln Health System,Mattoon,IL,IL,1,True,1,1,100.0,0.0,1.0,nonprofit,100.0,0,2023 (rev. 2025-09),https://www.ahrq.gov/sites/default/files/wysiwyg/chsp/compendium/chsp-compendium-2023-rev.xlsx,AHRQ Compendium 2023 (system file rev. 2025-09); systems as of end-2023,False,448598616.0,HCRIS FY2023 (FY2022 fallback); acute member hospitals; G-3 line 3,0,638082021.0,HCRIS FY2024 (periods beginning 2023-10-01..2024-09-30); acute member CCNs; annualized where needed,0,0,42.2,False,False,True,False,https://data.cms.gov/sites/default/files/2026-09/e85544f7-57ef-477e-9640-313ac0aac400/CostReport_2024_Final.csv,CMS Hospital Provider Cost Report FY2024 (periods beginning 2023-10-01..2024-09-30); file modified 2026-09-29
HSI00000985,Silver Cross Hospital,New Lenox,IL,IL,1,True,1,1,320.0,0.0,2.0,church-operated,100.0,0,2023 (rev. 2025-09),https://www.ahrq.gov/sites/default/files/wysiwyg/chsp/compendium/chsp-compendium-2023-rev.xlsx,AHRQ Compendium 2023 (system file rev. 2025-09); systems as of end-2023,False,514107827.0,HCRIS FY2023 (FY2022 fallback); acute member hospitals; G-3 line 3,0,541651153.0,HCRIS FY2024 (periods beginning 2023-10-01..2024-09-30); acute member CCNs; annualized where needed,0,0,5.4,False,False,False,False,https://data.cms.gov/sites/default/files/2026-09/e85544f7-57ef-477e-9640-313ac0aac400/CostReport_2024_Final.csv,CMS Hospital Provider Cost Report FY2024 (periods beginning 2023-10-01..2024-09-30); file modified 2026-09-29
HSI00000987,Sinai Health System,Chicago,IL,IL,1,True,4,3,391.0,1.0,1.0,nonprofit,100.0,0,2023 (rev. 2025-09),https://www.ahrq.gov/sites/default/files/wysiwyg/chsp/compendium/chsp-compendium-2023-rev.xlsx,AHRQ Compendium 2023 (system file rev. 2025-09); systems as of end-2023,False,436689351.0,HCRIS FY2023 (FY2022 fallback); acute member hospitals; G-3 line 3,1,368423498.0,HCRIS FY2024 (periods beginning 2023-10-01..2024-09-30); acute member CCNs; annualized where needed,1,0,-15.6,False,True,False,False,https://data.cms.gov/sites/default/files/2026-09/e85544f7-57ef-477e-9640-313ac0aac400/CostReport_2024_Final.csv,CMS Hospital Provider Cost Report FY2024 (periods beginning 2023-10-01..2024-09-30); file modified 2026-09-29
HSI00001009,Southern Illinois Healthcare,Carbondale,IL,IL,1,True,4,4,325.0,0.0,1.0,nonprofit,100.0,0,2023 (rev. 2025-09),https://www.ahrq.gov/sites/default/files/wysiwyg/chsp/compendium/chsp-compendium-2023-rev.xlsx,AHRQ Compendium 2023 (system file rev. 2025-09); systems as of end-2023,False,690917763.0,HCRIS FY2023 (FY2022 fallback); acute member hospitals; G-3 line 3,0,745404149.0,HCRIS FY2024 (periods beginning 2023-10-01..2024-09-30); acute member CCNs; annualized where needed,0,0,7.9,False,False,False,False,https://data.cms.gov/sites/default/files/2026-09/e85544f7-57ef-477e-9640-313ac0aac400/CostReport_2024_Final.csv,CMS Hospital Provider Cost Report FY2024 (periods beginning 2023-10-01..2024-09-30); file modified 2026-09-29
HSI00001074,The Carle Foundation,Urbana,IL,IL,1,True,8,8,1083.0,0.0,1.0,nonprofit,100.0,0,2023 (rev. 2025-09),https://www.ahrq.gov/sites/default/files/wysiwyg/chsp/compendium/chsp-compendium-2023-rev.xlsx,AHRQ Compendium 2023 (system file rev. 2025-09); systems as of end-2023,False,2485684269.0,HCRIS FY2023 (FY2022 fallback); acute member hospitals; G-3 line 3,0,2596465870.0,HCRIS FY2024 (periods beginning 2023-10-01..2024-09-30); acute member CCNs; annualized where needed,0,1,4.5,False,False,False,False,https://data.cms.gov/sites/default/files/2026-09/e85544f7-57ef-477e-9640-313ac0aac400/CostReport_2024_Final.csv,CMS Hospital Provider Cost Report FY2024 (periods beginning 2023-10-01..2024-09-30); file modified 2026-09-29
HSI00001084,The Morris Hospital and Healthcare Centers,Morris,IL,IL,1,True,1,1,89.0,0.0,1.0,nonprofit,100.0,0,2023 (rev. 2025-09),https://www.ahrq.gov/sites/default/files/wysiwyg/chsp/compendium/chsp-compendium-2023-rev.xlsx,AHRQ Compendium 2023 (system file rev. 2025-09); systems as of end-2023,False,221501947.0,HCRIS FY2023 (FY2022 fallback); acute member hospitals; G-3 line 3,0,238107128.0,HCRIS FY2024 (periods beginning 2023-10-01..2024-09-30); acute member CCNs; annualized where needed,0,0,7.5,False,False,False,False,https://data.cms.gov/sites/default/files/2026-09/e85544f7-57ef-477e-9640-313ac0aac400/CostReport_2024_Final.csv,CMS Hospital Provider Cost Report FY2024 (periods beginning 2023-10-01..2024-09-30); file modified 2026-09-29
HSI00001089,The University of Chicago Medicine,Chicago,IL,IL,1,True,2,2,929.0,1.0,1.0,nonprofit,100.0,0,2023 (rev. 2025-09),https://www.ahrq.gov/sites/default/files/wysiwyg/chsp/compendium/chsp-compendium-2023-rev.xlsx,AHRQ Compendium 2023 (system file rev. 2025-09); systems as of end-2023,False,2725786465.0,HCRIS FY2023 (FY2022 fallback); acute member hospitals; G-3 line 3,0,3225476794.0,HCRIS FY2024 (periods beginning 2023-10-01..2024-09-30); acute member CCNs; annualized where needed,0,0,18.3,False,False,False,False,https://data.cms.gov/sites/default/files/2026-09/e85544f7-57ef-477e-9640-313ac0aac400/CostReport_2024_Final.csv,CMS Hospital Provider Cost Report FY2024 (periods beginning 2023-10-01..2024-09-30); file modified 2026-09-29
HSI00000098,Beacon Health System,South Bend,IN,IN;LA;MI,3,True,5,4,702.0,1.0,1.0,nonprofit,96.6,1,2023 (rev. 2025-09),https://www.ahrq.gov/sites/default/files/wysiwyg/chsp/compendium/chsp-compendium-2023-rev.xlsx,AHRQ Compendium 2023 (system file rev. 2025-09); systems as of end-2023,True,1041052748.0,HCRIS FY2023 (FY2022 fallback); acute member hospitals; G-3 line 3,0,992197640.0,HCRIS FY2024 (periods beginning 2023-10-01..2024-09-30); acute member CCNs; annualized where needed,0,0,-4.7,False,False,False,False,https://data.cms.gov/sites/default/files/2026-09/e85544f7-57ef-477e-9640-313ac0aac400/CostReport_2024_Final.csv,CMS Hospital Provider Cost Report FY2024 (periods beginning 2023-10-01..2024-09-30); file modified 2026-09-29
HSI00000246,Community Foundation of Northwest Indiana,Munster,IN,IN,1,True,4,3,707.0,1.0,1.0,nonprofit,100.0,0,2023 (rev. 2025-09),https://www.ahrq.gov/sites/default/files/wysiwyg/chsp/compendium/chsp-compendium-2023-rev.xlsx,AHRQ Compendium 2023 (system file rev. 2025-09); systems as of end-2023,False,1072607175.0,HCRIS FY2023 (FY2022 fallback); acute member hospitals; G-3 line 3,0,1202025381.0,HCRIS FY2024 (periods beginning 2023-10-01..2024-09-30); acute member CCNs; annualized where needed,0,0,12.1,False,False,False,False,https://data.cms.gov/sites/default/files/2026-09/e85544f7-57ef-477e-9640-313ac0aac400/CostReport_2024_Final.csv,CMS Hospital Provider Cost Report FY2024 (periods beginning 2023-10-01..2024-09-30); file modified 2026-09-29
HSI00000248,Community Health Network,Indianapolis,IN,IN,1,True,10,5,1118.0,1.0,1.0,nonprofit,100.0,0,2023 (rev. 2025-09),https://www.ahrq.gov/sites/default/files/wysiwyg/chsp/compendium/chsp-compendium-2023-rev.xlsx,AHRQ Compendium 2023 (system file rev. 2025-09); systems as of end-2023,False,2800307468.0,HCRIS FY2023 (FY2022 fallback); acute member hospitals; G-3 line 3,0,2978465098.0,HCRIS FY2024 (periods beginning 2023-10-01..2024-09-30); acute member CCNs; annualized where needed,0,0,6.4,False,False,False,False,https://data.cms.gov/sites/default/files/2026-09/e85544f7-57ef-477e-9640-313ac0aac400/CostReport_2024_Final.csv,CMS Hospital Provider Cost Report FY2024 (periods beginning 2023-10-01..2024-09-30); file modified 2026-09-29
HSI00000305,Deaconess Health System,Evansville,IN,IL;IN;KY,3,True,8,6,834.0,1.0,1.0,nonprofit,85.5,2,2023 (rev. 2025-09),https://www.ahrq.gov/sites/default/files/wysiwyg/chsp/compendium/chsp-compendium-2023-rev.xlsx,AHRQ Compendium 2023 (system file rev. 2025-09); systems as of end-2023,True,1575724222.0,HCRIS FY2023 (FY2022 fallback); acute member hospitals; G-3 line 3,0,1714669596.0,HCRIS FY2024 (periods beginning 2023-10-01..2024-09-30); acute member CCNs; annualized where needed,0,0,8.8,False,False,False,False,https://data.cms.gov/sites/default/files/2026-09/e85544f7-57ef-477e-9640-313ac0aac400/CostReport_2024_Final.csv,CMS Hospital Provider Cost Report FY2024 (periods beginning 2023-10-01..2024-09-30); file modified 2026-09-29
HSI00000375,Franciscan Health,Mishawaka,IN,IL;IN,2,True,14,13,1366.0,0.0,2.0,church-operated,100.0,0,2023 (rev. 2025-09),https://www.ahrq.gov/sites/default/files/wysiwyg/chsp/compendium/chsp-compendium-2023-rev.xlsx,AHRQ Compendium 2023 (system file rev. 2025-09); systems as of end-2023,False,2889858559.0,HCRIS FY2023 (FY2022 fallback); acute member hospitals; G-3 line 3,2,2922143067.0,HCRIS FY2024 (periods beginning 2023-10-01..2024-09-30); acute member CCNs; annualized where needed,2,1,1.1,False,True,False,False,https://data.cms.gov/sites/default/files/2026-09/e85544f7-57ef-477e-9640-313ac0aac400/CostReport_2024_Final.csv,CMS Hospital Provider Cost Report FY2024 (periods beginning 2023-10-01..2024-09-30); file modified 2026-09-29
HSI00001309,Goshen Health,Goshen,IN,IN,1,True,1,1,103.0,0.0,1.0,nonprofit,100.0,0,2023 (rev. 2025-09),https://www.ahrq.gov/sites/default/files/wysiwyg/chsp/compendium/chsp-compendium-2023-rev.xlsx,AHRQ Compendium 2023 (system file rev. 2025-09); systems as of end-2023,False,248411935.0,HCRIS FY2023 (FY2022 fallback); acute member hospitals; G-3 line 3,0,262441971.0,HCRIS FY2024 (periods beginning 2023-10-01..2024-09-30); acute member CCNs; annualized where needed,0,0,5.6,False,False,False,False,https://data.cms.gov/sites/default/files/2026-09/e85544f7-57ef-477e-9640-313ac0aac400/CostReport_2024_Final.csv,CMS Hospital Provider Cost Report FY2024 (periods beginning 2023-10-01..2024-09-30); file modified 2026-09-29
HSI00000510,Indiana University Health,Indianapolis,IN,IN,1,True,14,13,2429.0,1.0,1.0,nonprofit,100.0,0,2023 (rev. 2025-09),https://www.ahrq.gov/sites/default/files/wysiwyg/chsp/compendium/chsp-compendium-2023-rev.xlsx,AHRQ Compendium 2023 (system file rev. 2025-09); systems as of end-2023,False,6549413758.0,HCRIS FY2023 (FY2022 fallback); acute member hospitals; G-3 line 3,0,6477916763.0,HCRIS FY2024 (periods beginning 2023-10-01..2024-09-30); acute member CCNs; annualized where needed,2,0,-1.1,False,True,False,False,https://data.cms.gov/sites/default/files/2026-09/e85544f7-57ef-477e-9640-313ac0aac400/CostReport_2024_Final.csv,CMS Hospital Provider Cost Report FY2024 (periods beginning 2023-10-01..2024-09-30); file modified 2026-09-29
HSI00001560,Little Company of Mary Hospital of Indiana,Jasper,IN,IN,1,True,1,1,96.0,0.0,2.0,church-operated,100.0,0,2023 (rev. 2025-09),https://www.ahrq.gov/sites/default/files/wysiwyg/chsp/compendium/chsp-compendium-2023-rev.xlsx,AHRQ Compendium 2023 (system file rev. 2025-09); systems as of end-2023,False,259088848.0,HCRIS FY2023 (FY2022 fallback); acute member hospitals; G-3 line 3,0,278788377.0,HCRIS FY2024 (periods beginning 2023-10-01..2024-09-30); acute member CCNs; annualized where needed,0,1,7.6,False,False,False,False,https://data.cms.gov/sites/default/files/2026-09/e85544f7-57ef-477e-9640-313ac0aac400/CostReport_2024_Final.csv,CMS Hospital Provider Cost Report FY2024 (periods beginning 2023-10-01..2024-09-30); file modified 2026-09-29
HSI00000614,Margaret Mary Health,Batesville,IN,IN,1,True,1,1,25.0,0.0,1.0,nonprofit,100.0,0,2023 (rev. 2025-09),https://www.ahrq.gov/sites/default/files/wysiwyg/chsp/compendium/chsp-compendium-2023-rev.xlsx,AHRQ Compendium 2023 (system file rev. 2025-09); systems as of end-2023,False,127910974.0,HCRIS FY2023 (FY2022 fallback); acute member hospitals; G-3 line 3,0,125613415.0,HCRIS FY2024 (periods beginning 2023-10-01..2024-09-30); acute member CCNs; annualized where needed,0,0,-1.8,False,False,False,False,https://data.cms.gov/sites/default/files/2026-09/e85544f7-57ef-477e-9640-313ac0aac400/CostReport_2024_Final.csv,CMS Hospital Provider Cost Report FY2024 (periods beginning 2023-10-01..2024-09-30); file modified 2026-09-29
HSI00000811,Parkview Health System,Fort Wayne,IN,IN;OH,2,True,11,9,1072.0,0.0,1.0,nonprofit,100.0,0,2023 (rev. 2025-09),https://www.ahrq.gov/sites/default/files/wysiwyg/chsp/compendium/chsp-compendium-2023-rev.xlsx,AHRQ Compendium 2023 (system file rev. 2025-09); systems as of end-2023,False,549440848.0,HCRIS FY2023 (FY2022 fallback); acute member hospitals; G-3 line 3,1,2347713970.0,HCRIS FY2024 (periods beginning 2023-10-01..2024-09-30); acute member CCNs; annualized where needed,0,2,327.3,False,True,True,False,https://data.cms.gov/sites/default/files/2026-09/e85544f7-57ef-477e-9640-313ac0aac400/CostReport_2024_Final.csv,CMS Hospital Provider Cost Report FY2024 (periods beginning 2023-10-01..2024-09-30); file modified 2026-09-29
HSI00000873,Reid Health,Richmond,IN,IN,1,True,1,1,183.0,0.0,1.0,nonprofit,100.0,0,2023 (rev. 2025-09),https://www.ahrq.gov/sites/default/files/wysiwyg/chsp/compendium/chsp-compendium-2023-rev.xlsx,AHRQ Compendium 2023 (system file rev. 2025-09); systems as of end-2023,False,487182885.0,HCRIS FY2023 (FY2022 fallback); acute member hospitals; G-3 line 3,0,522230281.0,HCRIS FY2024 (periods beginning 2023-10-01..2024-09-30); acute member CCNs; annualized where needed,0,0,7.2,False,False,False,False,https://data.cms.gov/sites/default/files/2026-09/e85544f7-57ef-477e-9640-313ac0aac400/CostReport_2024_Final.csv,CMS Hospital Provider Cost Report FY2024 (periods beginning 2023-10-01..2024-09-30); file modified 2026-09-29
HSI00001082,The Methodist Hospitals,Gary,IN,IN,1,True,2,2,405.0,1.0,1.0,nonprofit,100.0,0,2023 (rev. 2025-09),https://www.ahrq.gov/sites/default/files/wysiwyg/chsp/compendium/chsp-compendium-2023-rev.xlsx,AHRQ Compendium 2023 (system file rev. 2025-09); systems as of end-2023,False,404760024.0,HCRIS FY2023 (FY2022 fallback); acute member hospitals; G-3 line 3,1,415917512.0,HCRIS FY2024 (periods beginning 2023-10-01..2024-09-30); acute member CCNs; annualized where needed,1,0,2.8,False,True,False,False,https://data.cms.gov/sites/default/files/2026-09/e85544f7-57ef-477e-9640-313ac0aac400/CostReport_2024_Final.csv,CMS Hospital Provider Cost Report FY2024 (periods beginning 2023-10-01..2024-09-30); file modified 2026-09-29
HSI00001137,Union Health,Terre Haute,IN,IN,1,True,2,2,285.0,0.0,1.0,nonprofit,100.0,0,2023 (rev. 2025-09),https://www.ahrq.gov/sites/default/files/wysiwyg/chsp/compendium/chsp-compendium-2023-rev.xlsx,AHRQ Compendium 2023 (system file rev. 2025-09); systems as of end-2023,False,661411150.0,HCRIS FY2023 (FY2022 fallback); acute member hospitals; G-3 line 3,0,705255305.0,HCRIS FY2024 (periods beginning 2023-10-01..2024-09-30); acute member CCNs; annualized where needed,0,0,6.6,False,False,False,False,https://data.cms.gov/sites/default/files/2026-09/e85544f7-57ef-477e-9640-313ac0aac400/CostReport_2024_Final.csv,CMS Hospital Provider Cost Report FY2024 (periods beginning 2023-10-01..2024-09-30); file modified 2026-09-29
HSI00001431,Hays Medical Center,Hays,KS,KS,1,True,2,2,160.0,0.0,1.0,nonprofit,90.0,1,2023 (rev. 2025-09),https://www.ahrq.gov/sites/default/files/wysiwyg/chsp/compendium/chsp-compendium-2023-rev.xlsx,AHRQ Compendium 2023 (system file rev. 2025-09); systems as of end-2023,True,235377478.0,HCRIS FY2023 (FY2022 fallback); acute member hospitals; G-3 line 3,0,275797590.0,HCRIS FY2024 (periods beginning 2023-10-01..2024-09-30); acute member CCNs; annualized where needed,0,0,17.2,False,False,False,False,https://data.cms.gov/sites/default/files/2026-09/e85544f7-57ef-477e-9640-313ac0aac400/CostReport_2024_Final.csv,CMS Hospital Provider Cost Report FY2024 (periods beginning 2023-10-01..2024-09-30); file modified 2026-09-29
HSI00000948,Salina Regional Health Center,Salina,KS,KS,1,True,4,3,206.0,0.0,2.0,church-operated,100.0,0,2023 (rev. 2025-09),https://www.ahrq.gov/sites/default/files/wysiwyg/chsp/compendium/chsp-compendium-2023-rev.xlsx,AHRQ Compendium 2023 (system file rev. 2025-09); systems as of end-2023,False,279978198.0,HCRIS FY2023 (FY2022 fallback); acute member hospitals; G-3 line 3,0,329273114.0,HCRIS FY2024 (periods beginning 2023-10-01..2024-09-30); acute member CCNs; annualized where needed,0,0,17.6,False,False,False,False,https://data.cms.gov/sites/default/files/2026-09/e85544f7-57ef-477e-9640-313ac0aac400/CostReport_2024_Final.csv,CMS Hospital Provider Cost Report FY2024 (periods beginning 2023-10-01..2024-09-30); file modified 2026-09-29
HSI00001039,Stormont Vail Health,Topeka,KS,KS,1,True,2,2,442.0,0.0,1.0,nonprofit,100.0,0,2023 (rev. 2025-09),https://www.ahrq.gov/sites/default/files/wysiwyg/chsp/compendium/chsp-compendium-2023-rev.xlsx,AHRQ Compendium 2023 (system file rev. 2025-09); systems as of end-2023,False,884186805.0,HCRIS FY2023 (FY2022 fallback); acute member hospitals; G-3 line 3,1,978971118.0,HCRIS FY2024 (periods beginning 2023-10-01..2024-09-30); acute member CCNs; annualized where needed,0,0,10.7,False,True,False,False,https://data.cms.gov/sites/default/files/2026-09/e85544f7-57ef-477e-9640-313ac0aac400/CostReport_2024_Final.csv,CMS Hospital Provider Cost Report FY2024 (periods beginning 2023-10-01..2024-09-30); file modified 2026-09-29
HSI00000041,Appalachian Regional Healthcare,Lexington,KY,KY;WV,2,True,14,14,713.0,1.0,1.0,nonprofit,100.0,0,2023 (rev. 2025-09),https://www.ahrq.gov/sites/default/files/wysiwyg/chsp/compendium/chsp-compendium-2023-rev.xlsx,AHRQ Compendium 2023 (system file rev. 2025-09); systems as of end-2023,False,786401802.0,HCRIS FY2023 (FY2022 fallback); acute member hospitals; G-3 line 3,0,899751179.0,HCRIS FY2024 (periods beginning 2023-10-01..2024-09-30); acute member CCNs; annualized where needed,0,0,14.4,False,False,False,False,https://data.cms.gov/sites/default/files/2026-09/e85544f7-57ef-477e-9640-313ac0aac400/CostReport_2024_Final.csv,CMS Hospital Provider Cost Report FY2024 (periods beginning 2023-10-01..2024-09-30); file modified 2026-09-29
HSI00000080,Baptist Healthcare System,Louisville,KY,IN;KY,2,True,10,10,2045.0,1.0,1.0,nonprofit,98.8,1,2023 (rev. 2025-09),https://www.ahrq.gov/sites/default/files/wysiwyg/chsp/compendium/chsp-compendium-2023-rev.xlsx,AHRQ Compendium 2023 (system file rev. 2025-09); systems as of end-2023,True,3554336946.0,HCRIS FY2023 (FY2022 fallback); acute member hospitals; G-3 line 3,0,848832250.0,HCRIS FY2024 (periods beginning 2023-10-01..2024-09-30); acute member CCNs; annualized where needed,6,0,-76.1,False,True,True,False,https://data.cms.gov/sites/default/files/2026-09/e85544f7-57ef-477e-9640-313ac0aac400/CostReport_2024_Final.csv,CMS Hospital Provider Cost Report FY2024 (periods beginning 2023-10-01..2024-09-30); file modified 2026-09-29
HSI00000244,Commonwealth Health Corporation,Bowling Green,KY,KY,1,True,6,5,413.0,0.0,1.0,nonprofit,100.0,0,2023 (rev. 2025-09),https://www.ahrq.gov/sites/default/files/wysiwyg/chsp/compendium/chsp-compendium-2023-rev.xlsx,AHRQ Compendium 2023 (system file rev. 2025-09); systems as of end-2023,False,554651258.0,HCRIS FY2023 (FY2022 fallback); acute member hospitals; G-3 line 3,0,689510393.0,HCRIS FY2024 (periods beginning 2023-10-01..2024-09-30); acute member CCNs; annualized where needed,1,0,24.3,False,True,False,False,https://data.cms.gov/sites/default/files/2026-09/e85544f7-57ef-477e-9640-313ac0aac400/CostReport_2024_Final.csv,CMS Hospital Provider Cost Report FY2024 (periods beginning 2023-10-01..2024-09-30); file modified 2026-09-29
HSI00000346,Ephraim Mcdowell Health,Danville,KY,KY,1,True,3,3,207.0,0.0,1.0,nonprofit,100.0,0,2023 (rev. 2025-09),https://www.ahrq.gov/sites/default/files/wysiwyg/chsp/compendium/chsp-compendium-2023-rev.xlsx,AHRQ Compendium 2023 (system file rev. 2025-09); systems as of end-2023,False,306764361.0,HCRIS FY2023 (FY2022 fallback); acute member hospitals; G-3 line 3,0,337987833.0,HCRIS FY2024 (periods beginning 2023-10-01..2024-09-30); acute member CCNs; annualized where needed,0,0,10.2,False,False,False,False,https://data.cms.gov/sites/default/files/2026-09/e85544f7-57ef-477e-9640-313ac0aac400/CostReport_2024_Final.csv,CMS Hospital Provider Cost Report FY2024 (periods beginning 2023-10-01..2024-09-30); file modified 2026-09-29
HSI00000771,Norton Healthcare,Louisville,KY,AL;IN;KY,3,True,7,7,1665.0,1.0,1.0,nonprofit,95.2,3,2023 (rev. 2025-09),https://www.ahrq.gov/sites/default/files/wysiwyg/chsp/compendium/chsp-compendium-2023-rev.xlsx,AHRQ Compendium 2023 (system file rev. 2025-09); systems as of end-2023,True,3210770521.0,HCRIS FY2023 (FY2022 fallback); acute member hospitals; G-3 line 3,2,3535608053.0,HCRIS FY2024 (periods beginning 2023-10-01..2024-09-30); acute member CCNs; annualized where needed,2,1,10.1,False,True,False,False,https://data.cms.gov/sites/default/files/2026-09/e85544f7-57ef-477e-9640-313ac0aac400/CostReport_2024_Final.csv,CMS Hospital Provider Cost Report FY2024 (periods beginning 2023-10-01..2024-09-30); file modified 2026-09-29
HSI00000802,Owensboro Health,Owensboro,KY,KY,1,True,3,3,398.0,1.0,1.0,nonprofit,100.0,0,2023 (rev. 2025-09),https://www.ahrq.gov/sites/default/files/wysiwyg/chsp/compendium/chsp-compendium-2023-rev.xlsx,AHRQ Compendium 2023 (system file rev. 2025-09); systems as of end-2023,False,783307316.0,HCRIS FY2023 (FY2022 fallback); acute member hospitals; G-3 line 3,0,885522026.0,HCRIS FY2024 (periods beginning 2023-10-01..2024-09-30); acute member CCNs; annualized where needed,0,0,13.0,False,False,False,False,https://data.cms.gov/sites/default/files/2026-09/e85544f7-57ef-477e-9640-313ac0aac400/CostReport_2024_Final.csv,CMS Hospital Provider Cost Report FY2024 (periods beginning 2023-10-01..2024-09-30); file modified 2026-09-29
HSI00001423,Pikeville Medical Center,Pikeville,KY,KY,1,True,1,1,328.0,0.0,1.0,nonprofit,100.0,0,2023 (rev. 2025-09),https://www.ahrq.gov/sites/default/files/wysiwyg/chsp/compendium/chsp-compendium-2023-rev.xlsx,AHRQ Compendium 2023 (system file rev. 2025-09); systems as of end-2023,False,600022319.0,HCRIS FY2023 (FY2022 fallback); acute member hospitals; G-3 line 3,0,633386386.0,HCRIS FY2024 (periods beginning 2023-10-01..2024-09-30); acute member CCNs; annualized where needed,0,0,5.6,False,False,False,False,https://data.cms.gov/sites/default/files/2026-09/e85544f7-57ef-477e-9640-313ac0aac400/CostReport_2024_Final.csv,CMS Hospital Provider Cost Report FY2024 (periods beginning 2023-10-01..2024-09-30); file modified 2026-09-29
HSI00000914,Saint Claire Regional Medical Center,Morehead,KY,KY,1,True,1,1,100.0,1.0,1.0,nonprofit,100.0,0,2023 (rev. 2025-09),https://www.ahrq.gov/sites/default/files/wysiwyg/chsp/compendium/chsp-compendium-2023-rev.xlsx,AHRQ Compendium 2023 (system file rev. 2025-09); systems as of end-2023,False,204486429.0,HCRIS FY2023 (FY2022 fallback); acute member hospitals; G-3 line 3,0,,HCRIS FY2024 (periods beginning 2023-10-01..2024-09-30); acute member CCNs; annualized where needed,1,0,,False,True,False,False,https://data.cms.gov/sites/default/files/2026-09/e85544f7-57ef-477e-9640-313ac0aac400/CostReport_2024_Final.csv,CMS Hospital Provider Cost Report FY2024 (periods beginning 2023-10-01..2024-09-30); file modified 2026-09-29
HSI00000917,Saint Elizabeth Healthcare,Edgewood,KY,IN;KY,2,True,5,5,755.0,0.0,2.0,church-operated,100.0,0,2023 (rev. 2025-09),https://www.ahrq.gov/sites/default/files/wysiwyg/chsp/compendium/chsp-compendium-2023-rev.xlsx,AHRQ Compendium 2023 (system file rev. 2025-09); systems as of end-2023,False,1716760949.0,HCRIS FY2023 (FY2022 fallback); acute member hospitals; G-3 line 3,0,1818915605.0,HCRIS FY2024 (periods beginning 2023-10-01..2024-09-30); acute member CCNs; annualized where needed,0,0,6.0,False,False,False,False,https://data.cms.gov/sites/default/files/2026-09/e85544f7-57ef-477e-9640-313ac0aac400/CostReport_2024_Final.csv,CMS Hospital Provider Cost Report FY2024 (periods beginning 2023-10-01..2024-09-30); file modified 2026-09-29
HSI00001053,T J Regional Health,Glasgow,KY,KY,1,True,2,2,161.0,0.0,1.0,nonprofit,100.0,0,2023 (rev. 2025-09),https://www.ahrq.gov/sites/default/files/wysiwyg/chsp/compendium/chsp-compendium-2023-rev.xlsx,AHRQ Compendium 2023 (system file rev. 2025-09); systems as of end-2023,False,238020746.0,HCRIS FY2023 (FY2022 fallback); acute member hospitals; G-3 line 3,0,267987897.0,HCRIS FY2024 (periods beginning 2023-10-01..2024-09-30); acute member CCNs; annualized where needed,0,0,12.6,False,False,False,False,https://data.cms.gov/sites/default/files/2026-09/e85544f7-57ef-477e-9640-313ac0aac400/CostReport_2024_Final.csv,CMS Hospital Provider Cost Report FY2024 (periods beginning 2023-10-01..2024-09-30); file modified 2026-09-29
HSI00001174,University of Kentucky Healthcare,Lexington,KY,KY;OH,2,True,5,4,1521.0,1.0,1.0,nonprofit,100.0,0,2023 (rev. 2025-09),https://www.ahrq.gov/sites/default/files/wysiwyg/chsp/compendium/chsp-compendium-2023-rev.xlsx,AHRQ Compendium 2023 (system file rev. 2025-09); systems as of end-2023,False,2903076326.0,HCRIS FY2023 (FY2022 fallback); acute member hospitals; G-3 line 3,1,3134970910.0,HCRIS FY2024 (periods beginning 2023-10-01..2024-09-30); acute member CCNs; annualized where needed,1,2,8.0,False,True,False,False,https://data.cms.gov/sites/default/files/2026-09/e85544f7-57ef-477e-9640-313ac0aac400/CostReport_2024_Final.csv,CMS Hospital Provider Cost Report FY2024 (periods beginning 2023-10-01..2024-09-30); file modified 2026-09-29
HSI00001377,UofL Health,Louisville,KY,KY,1,True,7,5,1154.0,1.0,1.0,nonprofit,100.0,0,2023 (rev. 2025-09),https://www.ahrq.gov/sites/default/files/wysiwyg/chsp/compendium/chsp-compendium-2023-rev.xlsx,AHRQ Compendium 2023 (system file rev. 2025-09); systems as of end-2023,False,1971547962.0,HCRIS FY2023 (FY2022 fallback); acute member hospitals; G-3 line 3,2,2210620892.0,HCRIS FY2024 (periods beginning 2023-10-01..2024-09-30); acute member CCNs; annualized where needed,2,0,12.1,False,True,False,False,https://data.cms.gov/sites/default/files/2026-09/e85544f7-57ef-477e-9640-313ac0aac400/CostReport_2024_Final.csv,CMS Hospital Provider Cost Report FY2024 (periods beginning 2023-10-01..2024-09-30); file modified 2026-09-29
HSI00000089,Baton Rouge General Health System,Baton Rouge,LA,LA,1,True,2,2,425.0,1.0,1.0,nonprofit,100.0,0,2023 (rev. 2025-09),https://www.ahrq.gov/sites/default/files/wysiwyg/chsp/compendium/chsp-compendium-2023-rev.xlsx,AHRQ Compendium 2023 (system file rev. 2025-09); systems as of end-2023,False,538948585.0,HCRIS FY2023 (FY2022 fallback); acute member hospitals; G-3 line 3,0,536962056.0,HCRIS FY2024 (periods beginning 2023-10-01..2024-09-30); acute member CCNs; annualized where needed,0,0,-0.4,False,False,False,False,https://data.cms.gov/sites/default/files/2026-09/e85544f7-57ef-477e-9640-313ac0aac400/CostReport_2024_Final.csv,CMS Hospital Provider Cost Report FY2024 (periods beginning 2023-10-01..2024-09-30); file modified 2026-09-29
HSI00000376,Franciscan Missionaries of Our Lady Health System,Baton Rouge,LA,LA;MS,2,True,11,9,1940.0,1.0,2.0,church-operated,98.7,1,2023 (rev. 2025-09),https://www.ahrq.gov/sites/default/files/wysiwyg/chsp/compendium/chsp-compendium-2023-rev.xlsx,AHRQ Compendium 2023 (system file rev. 2025-09); systems as of end-2023,True,2649299658.0,HCRIS FY2023 (FY2022 fallback); acute member hospitals; G-3 line 3,2,3235885429.0,HCRIS FY2024 (periods beginning 2023-10-01..2024-09-30); acute member CCNs; annualized where needed,3,0,22.1,False,True,False,False,https://data.cms.gov/sites/default/files/2026-09/e85544f7-57ef-477e-9640-313ac0aac400/CostReport_2024_Final.csv,CMS Hospital Provider Cost Report FY2024 (periods beginning 2023-10-01..2024-09-30); file modified 2026-09-29
HSI00000555,LCMC Health System,New Orleans,LA,LA,1,True,11,10,1895.0,1.0,1.0,nonprofit,96.8,2,2023 (rev. 2025-09),https://www.ahrq.gov/sites/default/files/wysiwyg/chsp/compendium/chsp-compendium-2023-rev.xlsx,AHRQ Compendium 2023 (system file rev. 2025-09); systems as of end-2023,True,3525124939.0,HCRIS FY2023 (FY2022 fallback); acute member hospitals; G-3 line 3,2,3263491487.0,HCRIS FY2024 (periods beginning 2023-10-01..2024-09-30); acute member CCNs; annualized where needed,3,0,-7.4,False,True,False,False,https://data.cms.gov/sites/default/files/2026-09/e85544f7-57ef-477e-9640-313ac0aac400/CostReport_2024_Final.csv,CMS Hospital Provider Cost Report FY2024 (periods beginning 2023-10-01..2024-09-30); file modified 2026-09-29
HSI00000564,Lake Charles Memorial Health System,Lake Charles,LA,LA,1,True,2,1,227.0,0.0,1.0,nonprofit,100.0,0,2023 (rev. 2025-09),https://www.ahrq.gov/sites/default/files/wysiwyg/chsp/compendium/chsp-compendium-2023-rev.xlsx,AHRQ Compendium 2023 (system file rev. 2025-09); systems as of end-2023,False,366735864.0,HCRIS FY2023 (FY2022 fallback); acute member hospitals; G-3 line 3,0,391395725.0,HCRIS FY2024 (periods beginning 2023-10-01..2024-09-30); acute member CCNs; annualized where needed,0,0,6.7,False,False,False,False,https://data.cms.gov/sites/default/files/2026-09/e85544f7-57ef-477e-9640-313ac0aac400/CostReport_2024_Final.csv,CMS Hospital Provider Cost Report FY2024 (periods beginning 2023-10-01..2024-09-30); file modified 2026-09-29
HSI00000780,Ochsner Health System,New Orleans,LA,AL;LA;MS,3,True,36,30,3280.0,1.0,1.0,nonprofit,88.8,5,2023 (rev. 2025-09),https://www.ahrq.gov/sites/default/files/wysiwyg/chsp/compendium/chsp-compendium-2023-rev.xlsx,AHRQ Compendium 2023 (system file rev. 2025-09); systems as of end-2023,True,5234566614.0,HCRIS FY2023 (FY2022 fallback); acute member hospitals; G-3 line 3,4,5853446510.0,HCRIS FY2024 (periods beginning 2023-10-01..2024-09-30); acute member CCNs; annualized where needed,5,0,11.8,False,True,False,False,https://data.cms.gov/sites/default/files/2026-09/e85544f7-57ef-477e-9640-313ac0aac400/CostReport_2024_Final.csv,CMS Hospital Provider Cost Report FY2024 (periods beginning 2023-10-01..2024-09-30); file modified 2026-09-29
HSI00001263,Willis Knighton Health System,Shreveport,LA,LA,1,True,3,3,720.0,0.0,1.0,nonprofit,100.0,0,2023 (rev. 2025-09),https://www.ahrq.gov/sites/default/files/wysiwyg/chsp/compendium/chsp-compendium-2023-rev.xlsx,AHRQ Compendium 2023 (system file rev. 2025-09); systems as of end-2023,False,1099247817.0,HCRIS FY2023 (FY2022 fallback); acute member hospitals; G-3 line 3,1,1221930358.0,HCRIS FY2024 (periods beginning 2023-10-01..2024-09-30); acute member CCNs; annualized where needed,1,0,11.2,False,True,False,False,https://data.cms.gov/sites/default/files/2026-09/e85544f7-57ef-477e-9640-313ac0aac400/CostReport_2024_Final.csv,CMS Hospital Provider Cost Report FY2024 (periods beginning 2023-10-01..2024-09-30); file modified 2026-09-29
HSI00000097,Baystate Health,Springfield,MA,MA,1,True,4,4,939.0,0.0,1.0,nonprofit,100.0,0,2023 (rev. 2025-09),https://www.ahrq.gov/sites/default/files/wysiwyg/chsp/compendium/chsp-compendium-2023-rev.xlsx,AHRQ Compendium 2023 (system file rev. 2025-09); systems as of end-2023,False,1861353608.0,HCRIS FY2023 (FY2022 fallback); acute member hospitals; G-3 line 3,0,1938946159.0,HCRIS FY2024 (periods beginning 2023-10-01..2024-09-30); acute member CCNs; annualized where needed,0,0,4.2,False,False,False,False,https://data.cms.gov/sites/default/files/2026-09/e85544f7-57ef-477e-9640-313ac0aac400/CostReport_2024_Final.csv,CMS Hospital Provider Cost Report FY2024 (periods beginning 2023-10-01..2024-09-30); file modified 2026-09-29
HSI00000109,Berkshire Health Systems,Pittsfield,MA,MA,1,True,2,2,262.0,0.0,1.0,nonprofit,100.0,0,2023 (rev. 2025-09),https://www.ahrq.gov/sites/default/files/wysiwyg/chsp/compendium/chsp-compendium-2023-rev.xlsx,AHRQ Compendium 2023 (system file rev. 2025-09); systems as of end-2023,False,639037000.0,HCRIS FY2023 (FY2022 fallback); acute member hospitals; G-3 line 3,0,658941608.0,HCRIS FY2024 (periods beginning 2023-10-01..2024-09-30); acute member CCNs; annualized where needed,0,0,3.1,False,False,False,False,https://data.cms.gov/sites/default/files/2026-09/e85544f7-57ef-477e-9640-313ac0aac400/CostReport_2024_Final.csv,CMS Hospital Provider Cost Report FY2024 (periods beginning 2023-10-01..2024-09-30); file modified 2026-09-29
HSI00001416,Beth Israel Lahey Health,Cambridge,MA,MA,1,True,10,9,2146.0,0.0,1.0,nonprofit,84.0,1,2023 (rev. 2025-09),https://www.ahrq.gov/sites/default/files/wysiwyg/chsp/compendium/chsp-compendium-2023-rev.xlsx,AHRQ Compendium 2023 (system file rev. 2025-09); systems as of end-2023,True,4956408633.0,HCRIS FY2023 (FY2022 fallback); acute member hospitals; G-3 line 3,0,5211400740.0,HCRIS FY2024 (periods beginning 2023-10-01..2024-09-30); acute member CCNs; annualized where needed,0,0,5.1,False,False,False,False,https://data.cms.gov/sites/default/files/2026-09/e85544f7-57ef-477e-9640-313ac0aac400/CostReport_2024_Final.csv,CMS Hospital Provider Cost Report FY2024 (periods beginning 2023-10-01..2024-09-30); file modified 2026-09-29
HSI00000130,Boston Childrens Hospital,Boston,MA,MA,1,True,1,1,485.0,0.0,1.0,nonprofit,100.0,0,2023 (rev. 2025-09),https://www.ahrq.gov/sites/default/files/wysiwyg/chsp/compendium/chsp-compendium-2023-rev.xlsx,AHRQ Compendium 2023 (system file rev. 2025-09); systems as of end-2023,False,1856193148.0,HCRIS FY2023 (FY2022 fallback); acute member hospitals; G-3 line 3,0,2002424520.0,HCRIS FY2024 (periods beginning 2023-10-01..2024-09-30); acute member CCNs; annualized where needed,0,0,7.9,False,False,False,False,https://data.cms.gov/sites/default/files/2026-09/e85544f7-57ef-477e-9640-313ac0aac400/CostReport_2024_Final.csv,CMS Hospital Provider Cost Report FY2024 (periods beginning 2023-10-01..2024-09-30); file modified 2026-09-29
HSI00000131,Boston Medical Center,Boston,MA,MA,1,True,1,1,442.0,1.0,1.0,nonprofit,100.0,0,2023 (rev. 2025-09),https://www.ahrq.gov/sites/default/files/wysiwyg/chsp/compendium/chsp-compendium-2023-rev.xlsx,AHRQ Compendium 2023 (system file rev. 2025-09); systems as of end-2023,False,1406292265.0,HCRIS FY2023 (FY2022 fallback); acute member hospitals; G-3 line 3,0,1530714893.0,HCRIS FY2024 (periods beginning 2023-10-01..2024-09-30); acute member CCNs; annualized where needed,0,0,8.8,False,False,False,False,https://data.cms.gov/sites/default/files/2026-09/e85544f7-57ef-477e-9640-313ac0aac400/CostReport_2024_Final.csv,CMS Hospital Provider Cost Report FY2024 (periods beginning 2023-10-01..2024-09-30); file modified 2026-09-29
HSI00000161,Cape Cod Healthcare,Hyannis,MA,MA,1,True,2,2,320.0,0.0,1.0,nonprofit,100.0,0,2023 (rev. 2025-09),https://www.ahrq.gov/sites/default/files/wysiwyg/chsp/compendium/chsp-compendium-2023-rev.xlsx,AHRQ Compendium 2023 (system file rev. 2025-09); systems as of end-2023,False,867748836.0,HCRIS FY2023 (FY2022 fallback); acute member hospitals; G-3 line 3,0,875621103.0,HCRIS FY2024 (periods beginning 2023-10-01..2024-09-30); acute member CCNs; annualized where needed,0,0,0.9,False,False,False,False,https://data.cms.gov/sites/default/files/2026-09/e85544f7-57ef-477e-9640-313ac0aac400/CostReport_2024_Final.csv,CMS Hospital Provider Cost Report FY2024 (periods beginning 2023-10-01..2024-09-30); file modified 2026-09-29
HSI00000287,Covenant Health Systems,Tewksbury,MA,ME;NH,2,False,3,3,399.0,1.0,2.0,church-operated,100.0,0,2023 (rev. 2025-09),https://www.ahrq.gov/sites/default/files/wysiwyg/chsp/compendium/chsp-compendium-2023-rev.xlsx,AHRQ Compendium 2023 (system file rev. 2025-09); systems as of end-2023,False,666152247.0,HCRIS FY2023 (FY2022 fallback); acute member hospitals; G-3 line 3,0,702297011.0,HCRIS FY2024 (periods beginning 2023-10-01..2024-09-30); acute member CCNs; annualized where needed,0,0,5.4,False,False,False,False,https://data.cms.gov/sites/default/files/2026-09/e85544f7-57ef-477e-9640-313ac0aac400/CostReport_2024_Final.csv,CMS Hospital Provider Cost Report FY2024 (periods beginning 2023-10-01..2024-09-30); file modified 2026-09-29
HSI00000340,Emerson Hospital Health System,Concord,MA,MA,1,True,1,1,111.0,0.0,1.0,nonprofit,100.0,0,2023 (rev. 2025-09),https://www.ahrq.gov/sites/default/files/wysiwyg/chsp/compendium/chsp-compendium-2023-rev.xlsx,AHRQ Compendium 2023 (system file rev. 2025-09); systems as of end-2023,False,336180825.0,HCRIS FY2023 (FY2022 fallback); acute member hospitals; G-3 line 3,0,346427362.0,HCRIS FY2024 (periods beginning 2023-10-01..2024-09-30); acute member CCNs; annualized where needed,0,0,3.0,False,False,False,False,https://data.cms.gov/sites/default/files/2026-09/e85544f7-57ef-477e-9640-313ac0aac400/CostReport_2024_Final.csv,CMS Hospital Provider Cost Report FY2024 (periods beginning 2023-10-01..2024-09-30); file modified 2026-09-29
HSI00000478,Heywood Healthcare,Gardner,MA,MA,1,True,2,2,135.0,0.0,1.0,nonprofit,100.0,0,2023 (rev. 2025-09),https://www.ahrq.gov/sites/default/files/wysiwyg/chsp/compendium/chsp-compendium-2023-rev.xlsx,AHRQ Compendium 2023 (system file rev. 2025-09); systems as of end-2023,False,181441914.0,HCRIS FY2023 (FY2022 fallback); acute member hospitals; G-3 line 3,0,198427301.0,HCRIS FY2024 (periods beginning 2023-10-01..2024-09-30); acute member CCNs; annualized where needed,0,0,9.4,False,False,False,False,https://data.cms.gov/sites/default/files/2026-09/e85544f7-57ef-477e-9640-313ac0aac400/CostReport_2024_Final.csv,CMS Hospital Provider Cost Report FY2024 (periods beginning 2023-10-01..2024-09-30); file modified 2026-09-29
HSI00001458,Lawrence General Hospital,Lawrence,MA,MA,1,True,1,1,186.0,1.0,1.0,nonprofit,100.0,0,2023 (rev. 2025-09),https://www.ahrq.gov/sites/default/files/wysiwyg/chsp/compendium/chsp-compendium-2023-rev.xlsx,AHRQ Compendium 2023 (system file rev. 2025-09); systems as of end-2023,False,309320000.0,HCRIS FY2023 (FY2022 fallback); acute member hospitals; G-3 line 3,0,305854044.0,HCRIS FY2024 (periods beginning 2023-10-01..2024-09-30); acute member CCNs; annualized where needed,0,0,-1.1,False,False,False,False,https://data.cms.gov/sites/default/files/2026-09/e85544f7-57ef-477e-9640-313ac0aac400/CostReport_2024_Final.csv,CMS Hospital Provider Cost Report FY2024 (periods beginning 2023-10-01..2024-09-30); file modified 2026-09-29
HSI00000813,Mass General Brigham,Boston,MA,MA;NH,2,True,15,9,2729.0,0.0,1.0,nonprofit,100.0,0,2023 (rev. 2025-09),https://www.ahrq.gov/sites/default/files/wysiwyg/chsp/compendium/chsp-compendium-2023-rev.xlsx,AHRQ Compendium 2023 (system file rev. 2025-09); systems as of end-2023,False,9439308673.0,HCRIS FY2023 (FY2022 fallback); acute member hospitals; G-3 line 3,0,6826448495.0,HCRIS FY2024 (periods beginning 2023-10-01..2024-09-30); acute member CCNs; annualized where needed,2,0,-27.7,False,True,True,False,https://data.cms.gov/sites/default/files/2026-09/e85544f7-57ef-477e-9640-313ac0aac400/CostReport_2024_Final.csv,CMS Hospital Provider Cost Report FY2024 (periods beginning 2023-10-01..2024-09-30); file modified 2026-09-29
HSI00000984,Signature Healthcare,Brockton,MA,MA,1,True,1,1,175.0,1.0,1.0,nonprofit,100.0,0,2023 (rev. 2025-09),https://www.ahrq.gov/sites/default/files/wysiwyg/chsp/compendium/chsp-compendium-2023-rev.xlsx,AHRQ Compendium 2023 (system file rev. 2025-09); systems as of end-2023,False,181258800.0,HCRIS FY2023 (FY2022 fallback); acute member hospitals; G-3 line 3,0,147403827.0,HCRIS FY2024 (periods beginning 2023-10-01..2024-09-30); acute member CCNs; annualized where needed,0,0,-18.7,False,False,False,False,https://data.cms.gov/sites/default/files/2026-09/e85544f7-57ef-477e-9640-313ac0aac400/CostReport_2024_Final.csv,CMS Hospital Provider Cost Report FY2024 (periods beginning 2023-10-01..2024-09-30); file modified 2026-09-29
HSI00001002,South Shore Health System,South Weymouth,MA,MA,1,True,1,1,374.0,0.0,1.0,nonprofit,100.0,0,2023 (rev. 2025-09),https://www.ahrq.gov/sites/default/files/wysiwyg/chsp/compendium/chsp-compendium-2023-rev.xlsx,AHRQ Compendium 2023 (system file rev. 2025-09); systems as of end-2023,False,760941643.0,HCRIS FY2023 (FY2022 fallback); acute member hospitals; G-3 line 3,0,813185414.0,HCRIS FY2024 (periods beginning 2023-10-01..2024-09-30); acute member CCNs; annualized where needed,0,0,6.9,False,False,False,False,https://data.cms.gov/sites/default/files/2026-09/e85544f7-57ef-477e-9640-313ac0aac400/CostReport_2024_Final.csv,CMS Hospital Provider Cost Report FY2024 (periods beginning 2023-10-01..2024-09-30); file modified 2026-09-29
HSI00001004,Southcoast Health System,New Bedford,MA,MA,1,True,1,1,635.0,0.0,1.0,nonprofit,100.0,0,2023 (rev. 2025-09),https://www.ahrq.gov/sites/default/files/wysiwyg/chsp/compendium/chsp-compendium-2023-rev.xlsx,AHRQ Compendium 2023 (system file rev. 2025-09); systems as of end-2023,False,914238255.0,HCRIS FY2023 (FY2022 fallback); acute member hospitals; G-3 line 3,0,991882008.0,HCRIS FY2024 (periods beginning 2023-10-01..2024-09-30); acute member CCNs; annualized where needed,0,0,8.5,False,False,False,False,https://data.cms.gov/sites/default/files/2026-09/e85544f7-57ef-477e-9640-313ac0aac400/CostReport_2024_Final.csv,CMS Hospital Provider Cost Report FY2024 (periods beginning 2023-10-01..2024-09-30); file modified 2026-09-29
HSI00001041,Sturdy Memorial Hospital,Attleboro,MA,MA,1,True,1,1,125.0,0.0,1.0,nonprofit,100.0,0,2023 (rev. 2025-09),https://www.ahrq.gov/sites/default/files/wysiwyg/chsp/compendium/chsp-compendium-2023-rev.xlsx,AHRQ Compendium 2023 (system file rev. 2025-09); systems as of end-2023,False,232151289.0,HCRIS FY2023 (FY2022 fallback); acute member hospitals; G-3 line 3,0,245852443.0,HCRIS FY2024 (periods beginning 2023-10-01..2024-09-30); acute member CCNs; annualized where needed,0,0,5.9,False,False,False,False,https://data.cms.gov/sites/default/files/2026-09/e85544f7-57ef-477e-9640-313ac0aac400/CostReport_2024_Final.csv,CMS Hospital Provider Cost Report FY2024 (periods beginning 2023-10-01..2024-09-30); file modified 2026-09-29
HSI00001122,UMass Memorial Health Care,Worcester,MA,MA,1,True,6,6,1013.0,0.0,1.0,nonprofit,100.0,0,2023 (rev. 2025-09),https://www.ahrq.gov/sites/default/files/wysiwyg/chsp/compendium/chsp-compendium-2023-rev.xlsx,AHRQ Compendium 2023 (system file rev. 2025-09); systems as of end-2023,False,2635156994.0,HCRIS FY2023 (FY2022 fallback); acute member hospitals; G-3 line 3,2,3299791313.0,HCRIS FY2024 (periods beginning 2023-10-01..2024-09-30); acute member CCNs; annualized where needed,2,0,25.2,False,True,True,False,https://data.cms.gov/sites/default/files/2026-09/e85544f7-57ef-477e-9640-313ac0aac400/CostReport_2024_Final.csv,CMS Hospital Provider Cost Report FY2024 (periods beginning 2023-10-01..2024-09-30); file modified 2026-09-29
HSI00001219,Valley Health Systems,Holyoke,MA,MA,1,True,1,1,201.0,1.0,1.0,nonprofit,100.0,0,2023 (rev. 2025-09),https://www.ahrq.gov/sites/default/files/wysiwyg/chsp/compendium/chsp-compendium-2023-rev.xlsx,AHRQ Compendium 2023 (system file rev. 2025-09); systems as of end-2023,False,191937797.0,HCRIS FY2023 (FY2022 fallback); acute member hospitals; G-3 line 3,0,217252866.0,HCRIS FY2024 (periods beginning 2023-10-01..2024-09-30); acute member CCNs; annualized where needed,0,0,13.2,False,False,False,False,https://data.cms.gov/sites/default/files/2026-09/e85544f7-57ef-477e-9640-313ac0aac400/CostReport_2024_Final.csv,CMS Hospital Provider Cost Report FY2024 (periods beginning 2023-10-01..2024-09-30); file modified 2026-09-29
HSI00001112,Wellforce,Boston,MA,MA,1,True,4,4,914.0,1.0,1.0,nonprofit,100.0,0,2023 (rev. 2025-09),https://www.ahrq.gov/sites/default/files/wysiwyg/chsp/compendium/chsp-compendium-2023-rev.xlsx,AHRQ Compendium 2023 (system file rev. 2025-09); systems as of end-2023,False,1634285117.0,HCRIS FY2023 (FY2022 fallback); acute member hospitals; G-3 line 3,1,1716126305.0,HCRIS FY2024 (periods beginning 2023-10-01..2024-09-30); acute member CCNs; annualized where needed,1,0,5.0,False,True,False,False,https://data.cms.gov/sites/default/files/2026-09/e85544f7-57ef-477e-9640-313ac0aac400/CostReport_2024_Final.csv,CMS Hospital Provider Cost Report FY2024 (periods beginning 2023-10-01..2024-09-30); file modified 2026-09-29
HSI00000012,Adventist Healthcare,Gaithersburg,MD,DC;MD,2,True,6,4,866.0,1.0,2.0,church-operated,100.0,0,2023 (rev. 2025-09),https://www.ahrq.gov/sites/default/files/wysiwyg/chsp/compendium/chsp-compendium-2023-rev.xlsx,AHRQ Compendium 2023 (system file rev. 2025-09); systems as of end-2023,False,1118781534.0,HCRIS FY2023 (FY2022 fallback); acute member hospitals; G-3 line 3,0,1105328203.0,HCRIS FY2024 (periods beginning 2023-10-01..2024-09-30); acute member CCNs; annualized where needed,0,1,-1.2,False,False,False,False,https://data.cms.gov/sites/default/files/2026-09/e85544f7-57ef-477e-9640-313ac0aac400/CostReport_2024_Final.csv,CMS Hospital Provider Cost Report FY2024 (periods beginning 2023-10-01..2024-09-30); file modified 2026-09-29
HSI00000059,Atlantic General Health System,Berlin,MD,MD,1,True,1,1,62.0,0.0,1.0,nonprofit,100.0,0,2023 (rev. 2025-09),https://www.ahrq.gov/sites/default/files/wysiwyg/chsp/compendium/chsp-compendium-2023-rev.xlsx,AHRQ Compendium 2023 (system file rev. 2025-09); systems as of end-2023,False,148617459.0,HCRIS FY2023 (FY2022 fallback); acute member hospitals; G-3 line 3,0,156529305.0,HCRIS FY2024 (periods beginning 2023-10-01..2024-09-30); acute member CCNs; annualized where needed,0,0,5.3,False,False,False,False,https://data.cms.gov/sites/default/files/2026-09/e85544f7-57ef-477e-9640-313ac0aac400/CostReport_2024_Final.csv,CMS Hospital Provider Cost Report FY2024 (periods beginning 2023-10-01..2024-09-30); file modified 2026-09-29
HSI00000155,CalvertHealth,Prince Frederick,MD,MD,1,True,1,1,78.0,0.0,1.0,nonprofit,100.0,0,2023 (rev. 2025-09),https://www.ahrq.gov/sites/default/files/wysiwyg/chsp/compendium/chsp-compendium-2023-rev.xlsx,AHRQ Compendium 2023 (system file rev. 2025-09); systems as of end-2023,False,149966767.0,HCRIS FY2023 (FY2022 fallback); acute member hospitals; G-3 line 3,0,167272902.0,HCRIS FY2024 (periods beginning 2023-10-01..2024-09-30); acute member CCNs; annualized where needed,0,0,11.5,False,False,False,False,https://data.cms.gov/sites/default/files/2026-09/e85544f7-57ef-477e-9640-313ac0aac400/CostReport_2024_Final.csv,CMS Hospital Provider Cost Report FY2024 (periods beginning 2023-10-01..2024-09-30); file modified 2026-09-29
HSI00000380,Frederick Regional Health System,Frederick,MD,MD,1,True,1,1,279.0,0.0,1.0,nonprofit,100.0,0,2023 (rev. 2025-09),https://www.ahrq.gov/sites/default/files/wysiwyg/chsp/compendium/chsp-compendium-2023-rev.xlsx,AHRQ Compendium 2023 (system file rev. 2025-09); systems as of end-2023,False,388662670.0,HCRIS FY2023 (FY2022 fallback); acute member hospitals; G-3 line 3,0,429824085.0,HCRIS FY2024 (periods beginning 2023-10-01..2024-09-30); acute member CCNs; annualized where needed,0,0,10.6,False,False,False,False,https://data.cms.gov/sites/default/files/2026-09/e85544f7-57ef-477e-9640-313ac0aac400/CostReport_2024_Final.csv,CMS Hospital Provider Cost Report FY2024 (periods beginning 2023-10-01..2024-09-30); file modified 2026-09-29
HSI00000422,GBMC Healthcare,Baltimore,MD,MD,1,True,1,1,265.0,0.0,1.0,nonprofit,100.0,0,2023 (rev. 2025-09),https://www.ahrq.gov/sites/default/files/wysiwyg/chsp/compendium/chsp-compendium-2023-rev.xlsx,AHRQ Compendium 2023 (system file rev. 2025-09); systems as of end-2023,False,420265043.0,HCRIS FY2023 (FY2022 fallback); acute member hospitals; G-3 line 3,0,447576320.0,HCRIS FY2024 (periods beginning 2023-10-01..2024-09-30); acute member CCNs; annualized where needed,0,0,6.5,False,False,False,False,https://data.cms.gov/sites/default/files/2026-09/e85544f7-57ef-477e-9640-313ac0aac400/CostReport_2024_Final.csv,CMS Hospital Provider Cost Report FY2024 (periods beginning 2023-10-01..2024-09-30); file modified 2026-09-29
HSI00000531,Johns Hopkins Health System,Baltimore,MD,DC;FL;MD,3,True,6,6,2402.0,0.0,1.0,nonprofit,100.0,0,2023 (rev. 2025-09),https://www.ahrq.gov/sites/default/files/wysiwyg/chsp/compendium/chsp-compendium-2023-rev.xlsx,AHRQ Compendium 2023 (system file rev. 2025-09); systems as of end-2023,False,4846432244.0,HCRIS FY2023 (FY2022 fallback); acute member hospitals; G-3 line 3,0,5702461308.0,HCRIS FY2024 (periods beginning 2023-10-01..2024-09-30); acute member CCNs; annualized where needed,0,0,17.7,False,False,False,False,https://data.cms.gov/sites/default/files/2026-09/e85544f7-57ef-477e-9640-313ac0aac400/CostReport_2024_Final.csv,CMS Hospital Provider Cost Report FY2024 (periods beginning 2023-10-01..2024-09-30); file modified 2026-09-29
HSI00000582,LifeBridge Health,Baltimore,MD,MD,1,True,6,4,817.0,0.0,1.0,nonprofit,100.0,0,2023 (rev. 2025-09),https://www.ahrq.gov/sites/default/files/wysiwyg/chsp/compendium/chsp-compendium-2023-rev.xlsx,AHRQ Compendium 2023 (system file rev. 2025-09); systems as of end-2023,False,1336782609.0,HCRIS FY2023 (FY2022 fallback); acute member hospitals; G-3 line 3,1,1366196154.0,HCRIS FY2024 (periods beginning 2023-10-01..2024-09-30); acute member CCNs; annualized where needed,1,0,2.2,False,True,False,False,https://data.cms.gov/sites/default/files/2026-09/e85544f7-57ef-477e-9640-313ac0aac400/CostReport_2024_Final.csv,CMS Hospital Provider Cost Report FY2024 (periods beginning 2023-10-01..2024-09-30); file modified 2026-09-29
HSI00000038,Luminis Health,Annapolis,MD,MD,1,True,3,2,579.0,0.0,1.0,nonprofit,100.0,0,2023 (rev. 2025-09),https://www.ahrq.gov/sites/default/files/wysiwyg/chsp/compendium/chsp-compendium-2023-rev.xlsx,AHRQ Compendium 2023 (system file rev. 2025-09); systems as of end-2023,False,845191970.0,HCRIS FY2023 (FY2022 fallback); acute member hospitals; G-3 line 3,0,970052812.0,HCRIS FY2024 (periods beginning 2023-10-01..2024-09-30); acute member CCNs; annualized where needed,0,0,14.8,False,False,False,False,https://data.cms.gov/sites/default/files/2026-09/e85544f7-57ef-477e-9640-313ac0aac400/CostReport_2024_Final.csv,CMS Hospital Provider Cost Report FY2024 (periods beginning 2023-10-01..2024-09-30); file modified 2026-09-29
HSI00000640,MedStar Health,Columbia,MD,DC;MD,2,True,10,9,2405.0,1.0,1.0,nonprofit,100.0,0,2023 (rev. 2025-09),https://www.ahrq.gov/sites/default/files/wysiwyg/chsp/compendium/chsp-compendium-2023-rev.xlsx,AHRQ Compendium 2023 (system file rev. 2025-09); systems as of end-2023,False,4654339857.0,HCRIS FY2023 (FY2022 fallback); acute member hospitals; G-3 line 3,0,5499733408.0,HCRIS FY2024 (periods beginning 2023-10-01..2024-09-30); acute member CCNs; annualized where needed,0,0,18.2,False,False,False,False,https://data.cms.gov/sites/default/files/2026-09/e85544f7-57ef-477e-9640-313ac0aac400/CostReport_2024_Final.csv,CMS Hospital Provider Cost Report FY2024 (periods beginning 2023-10-01..2024-09-30); file modified 2026-09-29
HSI00000663,Mercy Medical Center,Baltimore,MD,MD,1,True,1,1,173.0,1.0,2.0,church-operated,100.0,0,2023 (rev. 2025-09),https://www.ahrq.gov/sites/default/files/wysiwyg/chsp/compendium/chsp-compendium-2023-rev.xlsx,AHRQ Compendium 2023 (system file rev. 2025-09); systems as of end-2023,False,561307806.0,HCRIS FY2023 (FY2022 fallback); acute member hospitals; G-3 line 3,0,606462132.0,HCRIS FY2024 (periods beginning 2023-10-01..2024-09-30); acute member CCNs; annualized where needed,0,0,8.0,False,False,False,False,https://data.cms.gov/sites/default/files/2026-09/e85544f7-57ef-477e-9640-313ac0aac400/CostReport_2024_Final.csv,CMS Hospital Provider Cost Report FY2024 (periods beginning 2023-10-01..2024-09-30); file modified 2026-09-29
HSI00000671,Meritus Health,Hagerstown,MD,MD,1,True,1,1,265.0,0.0,1.0,nonprofit,100.0,0,2023 (rev. 2025-09),https://www.ahrq.gov/sites/default/files/wysiwyg/chsp/compendium/chsp-compendium-2023-rev.xlsx,AHRQ Compendium 2023 (system file rev. 2025-09); systems as of end-2023,False,396207060.0,HCRIS FY2023 (FY2022 fallback); acute member hospitals; G-3 line 3,0,524509247.0,HCRIS FY2024 (periods beginning 2023-10-01..2024-09-30); acute member CCNs; annualized where needed,0,0,32.4,False,False,True,False,https://data.cms.gov/sites/default/files/2026-09/e85544f7-57ef-477e-9640-313ac0aac400/CostReport_2024_Final.csv,CMS Hospital Provider Cost Report FY2024 (periods beginning 2023-10-01..2024-09-30); file modified 2026-09-29
HSI00000818,TidalHealth Peninsula Regional,Salisbury,MD,DE;MD,2,True,3,3,322.0,0.0,1.0,nonprofit,100.0,0,2023 (rev. 2025-09),https://www.ahrq.gov/sites/default/files/wysiwyg/chsp/compendium/chsp-compendium-2023-rev.xlsx,AHRQ Compendium 2023 (system file rev. 2025-09); systems as of end-2023,False,646605983.0,HCRIS FY2023 (FY2022 fallback); acute member hospitals; G-3 line 3,1,791102402.0,HCRIS FY2024 (periods beginning 2023-10-01..2024-09-30); acute member CCNs; annualized where needed,1,0,22.3,False,True,False,False,https://data.cms.gov/sites/default/files/2026-09/e85544f7-57ef-477e-9640-313ac0aac400/CostReport_2024_Final.csv,CMS Hospital Provider Cost Report FY2024 (periods beginning 2023-10-01..2024-09-30); file modified 2026-09-29
HSI00001175,University of Maryland Medical System,Baltimore,MD,MD,1,True,13,11,2282.0,1.0,1.0,nonprofit,100.0,0,2023 (rev. 2025-09),https://www.ahrq.gov/sites/default/files/wysiwyg/chsp/compendium/chsp-compendium-2023-rev.xlsx,AHRQ Compendium 2023 (system file rev. 2025-09); systems as of end-2023,False,4215369169.0,HCRIS FY2023 (FY2022 fallback); acute member hospitals; G-3 line 3,1,4581332430.0,HCRIS FY2024 (periods beginning 2023-10-01..2024-09-30); acute member CCNs; annualized where needed,2,1,8.7,False,True,False,False,https://data.cms.gov/sites/default/files/2026-09/e85544f7-57ef-477e-9640-313ac0aac400/CostReport_2024_Final.csv,CMS Hospital Provider Cost Report FY2024 (periods beginning 2023-10-01..2024-09-30); file modified 2026-09-29
HSI00000197,Central Maine Healthcare Corporation,Lewiston,ME,ME,1,True,3,3,237.0,0.0,1.0,nonprofit,100.0,0,2023 (rev. 2025-09),https://www.ahrq.gov/sites/default/files/wysiwyg/chsp/compendium/chsp-compendium-2023-rev.xlsx,AHRQ Compendium 2023 (system file rev. 2025-09); systems as of end-2023,False,505155525.0,HCRIS FY2023 (FY2022 fallback); acute member hospitals; G-3 line 3,0,534839228.0,HCRIS FY2024 (periods beginning 2023-10-01..2024-09-30); acute member CCNs; annualized where needed,0,0,5.9,False,False,False,False,https://data.cms.gov/sites/default/files/2026-09/e85544f7-57ef-477e-9640-313ac0aac400/CostReport_2024_Final.csv,CMS Hospital Provider Cost Report FY2024 (periods beginning 2023-10-01..2024-09-30); file modified 2026-09-29
HSI00000610,MaineGeneral Health,Augusta,ME,ME,1,True,1,1,186.0,0.0,1.0,nonprofit,100.0,0,2023 (rev. 2025-09),https://www.ahrq.gov/sites/default/files/wysiwyg/chsp/compendium/chsp-compendium-2023-rev.xlsx,AHRQ Compendium 2023 (system file rev. 2025-09); systems as of end-2023,False,559762533.0,HCRIS FY2023 (FY2022 fallback); acute member hospitals; G-3 line 3,0,652653915.0,HCRIS FY2024 (periods beginning 2023-10-01..2024-09-30); acute member CCNs; annualized where needed,0,0,16.6,False,False,False,False,https://data.cms.gov/sites/default/files/2026-09/e85544f7-57ef-477e-9640-313ac0aac400/CostReport_2024_Final.csv,CMS Hospital Provider Cost Report FY2024 (periods beginning 2023-10-01..2024-09-30); file modified 2026-09-29
HSI00000611,MaineHealth,Portland,ME,ME;NH,2,True,10,9,1134.0,0.0,1.0,nonprofit,100.0,0,2023 (rev. 2025-09),https://www.ahrq.gov/sites/default/files/wysiwyg/chsp/compendium/chsp-compendium-2023-rev.xlsx,AHRQ Compendium 2023 (system file rev. 2025-09); systems as of end-2023,False,3250671683.0,HCRIS FY2023 (FY2022 fallback); acute member hospitals; G-3 line 3,0,3798073512.0,HCRIS FY2024 (periods beginning 2023-10-01..2024-09-30); acute member CCNs; annualized where needed,0,2,16.8,False,False,False,False,https://data.cms.gov/sites/default/files/2026-09/e85544f7-57ef-477e-9640-313ac0aac400/CostReport_2024_Final.csv,CMS Hospital Provider Cost Report FY2024 (periods beginning 2023-10-01..2024-09-30); file modified 2026-09-29
HSI00000330,Northern Light Health,Brewer,ME,ME,1,True,11,10,637.0,0.0,1.0,nonprofit,96.1,1,2023 (rev. 2025-09),https://www.ahrq.gov/sites/default/files/wysiwyg/chsp/compendium/chsp-compendium-2023-rev.xlsx,AHRQ Compendium 2023 (system file rev. 2025-09); systems as of end-2023,True,1755421283.0,HCRIS FY2023 (FY2022 fallback); acute member hospitals; G-3 line 3,0,1810478755.0,HCRIS FY2024 (periods beginning 2023-10-01..2024-09-30); acute member CCNs; annualized where needed,0,0,3.1,False,False,False,False,https://data.cms.gov/sites/default/files/2026-09/e85544f7-57ef-477e-9640-313ac0aac400/CostReport_2024_Final.csv,CMS Hospital Provider Cost Report FY2024 (periods beginning 2023-10-01..2024-09-30); file modified 2026-09-29
HSI00001412,Redington Fairview General Hospital,Skowhegan,ME,ME,1,True,1,1,25.0,0.0,1.0,nonprofit,100.0,0,2023 (rev. 2025-09),https://www.ahrq.gov/sites/default/files/wysiwyg/chsp/compendium/chsp-compendium-2023-rev.xlsx,AHRQ Compendium 2023 (system file rev. 2025-09); systems as of end-2023,False,135377547.0,HCRIS FY2023 (FY2022 fallback); acute member hospitals; G-3 line 3,0,152972335.0,HCRIS FY2024 (periods beginning 2023-10-01..2024-09-30); acute member CCNs; annualized where needed,0,0,13.0,False,False,False,False,https://data.cms.gov/sites/default/files/2026-09/e85544f7-57ef-477e-9640-313ac0aac400/CostReport_2024_Final.csv,CMS Hospital Provider Cost Report FY2024 (periods beginning 2023-10-01..2024-09-30); file modified 2026-09-29
HSI00001274,York Hospital,York,ME,ME,1,True,1,1,54.0,0.0,1.0,nonprofit,100.0,0,2023 (rev. 2025-09),https://www.ahrq.gov/sites/default/files/wysiwyg/chsp/compendium/chsp-compendium-2023-rev.xlsx,AHRQ Compendium 2023 (system file rev. 2025-09); systems as of end-2023,False,197013972.0,HCRIS FY2023 (FY2022 fallback); acute member hospitals; G-3 line 3,0,190992593.0,HCRIS FY2024 (periods beginning 2023-10-01..2024-09-30); acute member CCNs; annualized where needed,0,0,-3.1,False,False,False,False,https://data.cms.gov/sites/default/files/2026-09/e85544f7-57ef-477e-9640-313ac0aac400/CostReport_2024_Final.csv,CMS Hospital Provider Cost Report FY2024 (periods beginning 2023-10-01..2024-09-30); file modified 2026-09-29
HSI00000139,Bronson Healthcare Group,Kalamazoo,MI,MI,1,True,5,4,602.0,1.0,1.0,nonprofit,100.0,0,2023 (rev. 2025-09),https://www.ahrq.gov/sites/default/files/wysiwyg/chsp/compendium/chsp-compendium-2023-rev.xlsx,AHRQ Compendium 2023 (system file rev. 2025-09); systems as of end-2023,False,1456909821.0,HCRIS FY2023 (FY2022 fallback); acute member hospitals; G-3 line 3,0,1625958285.0,HCRIS FY2024 (periods beginning 2023-10-01..2024-09-30); acute member CCNs; annualized where needed,0,0,11.6,False,False,False,False,https://data.cms.gov/sites/default/files/2026-09/e85544f7-57ef-477e-9640-313ac0aac400/CostReport_2024_Final.csv,CMS Hospital Provider Cost Report FY2024 (periods beginning 2023-10-01..2024-09-30); file modified 2026-09-29
HSI00001021,Corewell Health,Grand Rapids,MI,MI,1,True,23,22,4623.0,1.0,1.0,nonprofit,99.2,1,2023 (rev. 2025-09),https://www.ahrq.gov/sites/default/files/wysiwyg/chsp/compendium/chsp-compendium-2023-rev.xlsx,AHRQ Compendium 2023 (system file rev. 2025-09); systems as of end-2023,True,8426810899.0,HCRIS FY2023 (FY2022 fallback); acute member hospitals; G-3 line 3,3,9326307003.0,HCRIS FY2024 (periods beginning 2023-10-01..2024-09-30); acute member CCNs; annualized where needed,3,0,10.7,False,True,False,False,https://data.cms.gov/sites/default/files/2026-09/e85544f7-57ef-477e-9640-313ac0aac400/CostReport_2024_Final.csv,CMS Hospital Provider Cost Report FY2024 (periods beginning 2023-10-01..2024-09-30); file modified 2026-09-29
HSI00000288,Covenant Medical Center,Saginaw,MI,MI,1,True,1,1,464.0,0.0,2.0,church-operated,100.0,0,2023 (rev. 2025-09),https://www.ahrq.gov/sites/default/files/wysiwyg/chsp/compendium/chsp-compendium-2023-rev.xlsx,AHRQ Compendium 2023 (system file rev. 2025-09); systems as of end-2023,False,680859168.0,HCRIS FY2023 (FY2022 fallback); acute member hospitals; G-3 line 3,0,796939421.0,HCRIS FY2024 (periods beginning 2023-10-01..2024-09-30); acute member CCNs; annualized where needed,0,0,17.0,False,False,False,False,https://data.cms.gov/sites/default/files/2026-09/e85544f7-57ef-477e-9640-313ac0aac400/CostReport_2024_Final.csv,CMS Hospital Provider Cost Report FY2024 (periods beginning 2023-10-01..2024-09-30); file modified 2026-09-29
HSI00000475,Henry Ford Health,Detroit,MI,MI,1,True,6,5,1787.0,1.0,1.0,nonprofit,100.0,0,2023 (rev. 2025-09),https://www.ahrq.gov/sites/default/files/wysiwyg/chsp/compendium/chsp-compendium-2023-rev.xlsx,AHRQ Compendium 2023 (system file rev. 2025-09); systems as of end-2023,False,4425533332.0,HCRIS FY2023 (FY2022 fallback); acute member hospitals; G-3 line 3,0,5282082328.0,HCRIS FY2024 (periods beginning 2023-10-01..2024-09-30); acute member CCNs; annualized where needed,0,0,19.4,False,False,False,False,https://data.cms.gov/sites/default/files/2026-09/e85544f7-57ef-477e-9640-313ac0aac400/CostReport_2024_Final.csv,CMS Hospital Provider Cost Report FY2024 (periods beginning 2023-10-01..2024-09-30); file modified 2026-09-29
HSI00001319,Holland Hospital,Holland,MI,MI,1,True,1,1,189.0,0.0,1.0,nonprofit,100.0,0,2023 (rev. 2025-09),https://www.ahrq.gov/sites/default/files/wysiwyg/chsp/compendium/chsp-compendium-2023-rev.xlsx,AHRQ Compendium 2023 (system file rev. 2025-09); systems as of end-2023,False,262314826.0,HCRIS FY2023 (FY2022 fallback); acute member hospitals; G-3 line 3,0,281330792.0,HCRIS FY2024 (periods beginning 2023-10-01..2024-09-30); acute member CCNs; annualized where needed,0,0,7.2,False,False,False,False,https://data.cms.gov/sites/default/files/2026-09/e85544f7-57ef-477e-9640-313ac0aac400/CostReport_2024_Final.csv,CMS Hospital Provider Cost Report FY2024 (periods beginning 2023-10-01..2024-09-30); file modified 2026-09-29
HSI00000636,McLaren Health Care Corporation,Grand Blanc,MI,MI,1,True,13,11,1600.0,1.0,1.0,nonprofit,100.0,0,2023 (rev. 2025-09),https://www.ahrq.gov/sites/default/files/wysiwyg/chsp/compendium/chsp-compendium-2023-rev.xlsx,AHRQ Compendium 2023 (system file rev. 2025-09); systems as of end-2023,False,2554080903.0,HCRIS FY2023 (FY2022 fallback); acute member hospitals; G-3 line 3,0,2781764722.0,HCRIS FY2024 (periods beginning 2023-10-01..2024-09-30); acute member CCNs; annualized where needed,0,0,8.9,False,False,False,False,https://data.cms.gov/sites/default/files/2026-09/e85544f7-57ef-477e-9640-313ac0aac400/CostReport_2024_Final.csv,CMS Hospital Provider Cost Report FY2024 (periods beginning 2023-10-01..2024-09-30); file modified 2026-09-29
HSI00000652,Memorial Healthcare,Owosso,MI,MI,1,True,1,1,113.0,0.0,1.0,nonprofit,100.0,0,2023 (rev. 2025-09),https://www.ahrq.gov/sites/default/files/wysiwyg/chsp/compendium/chsp-compendium-2023-rev.xlsx,AHRQ Compendium 2023 (system file rev. 2025-09); systems as of end-2023,False,226383463.0,HCRIS FY2023 (FY2022 fallback); acute member hospitals; G-3 line 3,0,325044656.0,HCRIS FY2024 (periods beginning 2023-10-01..2024-09-30); acute member CCNs; annualized where needed,0,0,43.6,False,False,True,False,https://data.cms.gov/sites/default/files/2026-09/e85544f7-57ef-477e-9640-313ac0aac400/CostReport_2024_Final.csv,CMS Hospital Provider Cost Report FY2024 (periods beginning 2023-10-01..2024-09-30); file modified 2026-09-29
HSI00000715,Munson Healthcare,Traverse City,MI,MI,1,True,10,10,624.0,0.0,1.0,nonprofit,98.7,1,2023 (rev. 2025-09),https://www.ahrq.gov/sites/default/files/wysiwyg/chsp/compendium/chsp-compendium-2023-rev.xlsx,AHRQ Compendium 2023 (system file rev. 2025-09); systems as of end-2023,True,1248891162.0,HCRIS FY2023 (FY2022 fallback); acute member hospitals; G-3 line 3,2,1472658736.0,HCRIS FY2024 (periods beginning 2023-10-01..2024-09-30); acute member CCNs; annualized where needed,2,0,17.9,False,True,False,False,https://data.cms.gov/sites/default/files/2026-09/e85544f7-57ef-477e-9640-313ac0aac400/CostReport_2024_Final.csv,CMS Hospital Provider Cost Report FY2024 (periods beginning 2023-10-01..2024-09-30); file modified 2026-09-29
HSI00001449,Oaklawn Hospital,Marshall,MI,MI,1,True,1,1,78.0,0.0,1.0,nonprofit,100.0,0,2023 (rev. 2025-09),https://www.ahrq.gov/sites/default/files/wysiwyg/chsp/compendium/chsp-compendium-2023-rev.xlsx,AHRQ Compendium 2023 (system file rev. 2025-09); systems as of end-2023,False,156589054.0,HCRIS FY2023 (FY2022 fallback); acute member hospitals; G-3 line 3,0,184983491.0,HCRIS FY2024 (periods beginning 2023-10-01..2024-09-30); acute member CCNs; annualized where needed,0,0,18.1,False,False,False,False,https://data.cms.gov/sites/default/files/2026-09/e85544f7-57ef-477e-9640-313ac0aac400/CostReport_2024_Final.csv,CMS Hospital Provider Cost Report FY2024 (periods beginning 2023-10-01..2024-09-30); file modified 2026-09-29
HSI00001106,Trinity Health,Livonia,MI,CA;CT;DE;FL;GA;IA;ID;IL;IN;MA;MD;MI;NY;OH;OR;PA,16,True,105,97,14914.0,1.0,2.0,church-operated,97.0,19,2023 (rev. 2025-09),https://www.ahrq.gov/sites/default/files/wysiwyg/chsp/compendium/chsp-compendium-2023-rev.xlsx,AHRQ Compendium 2023 (system file rev. 2025-09); systems as of end-2023,True,21478015361.0,HCRIS FY2023 (FY2022 fallback); acute member hospitals; G-3 line 3,8,24829830947.0,HCRIS FY2024 (periods beginning 2023-10-01..2024-09-30); acute member CCNs; annualized where needed,8,2,15.6,False,True,False,False,https://data.cms.gov/sites/default/files/2026-09/e85544f7-57ef-477e-9640-313ac0aac400/CostReport_2024_Final.csv,CMS Hospital Provider Cost Report FY2024 (periods beginning 2023-10-01..2024-09-30); file modified 2026-09-29
HSI00000029,Allina Health,Minneapolis,MN,MN;WI,2,True,13,12,1759.0,0.0,1.0,nonprofit,100.0,0,2023 (rev. 2025-09),https://www.ahrq.gov/sites/default/files/wysiwyg/chsp/compendium/chsp-compendium-2023-rev.xlsx,AHRQ Compendium 2023 (system file rev. 2025-09); systems as of end-2023,False,3673942762.0,HCRIS FY2023 (FY2022 fallback); acute member hospitals; G-3 line 3,2,3859056729.0,HCRIS FY2024 (periods beginning 2023-10-01..2024-09-30); acute member CCNs; annualized where needed,2,0,5.0,False,True,False,False,https://data.cms.gov/sites/default/files/2026-09/e85544f7-57ef-477e-9640-313ac0aac400/CostReport_2024_Final.csv,CMS Hospital Provider Cost Report FY2024 (periods beginning 2023-10-01..2024-09-30); file modified 2026-09-29
HSI00000193,CentraCare,Saint Cloud,MN,MN,1,True,10,10,650.0,1.0,1.0,nonprofit,98.3,1,2023 (rev. 2025-09),https://www.ahrq.gov/sites/default/files/wysiwyg/chsp/compendium/chsp-compendium-2023-rev.xlsx,AHRQ Compendium 2023 (system file rev. 2025-09); systems as of end-2023,True,1430695521.0,HCRIS FY2023 (FY2022 fallback); acute member hospitals; G-3 line 3,1,1610898618.0,HCRIS FY2024 (periods beginning 2023-10-01..2024-09-30); acute member CCNs; annualized where needed,1,0,12.6,False,True,False,False,https://data.cms.gov/sites/default/files/2026-09/e85544f7-57ef-477e-9640-313ac0aac400/CostReport_2024_Final.csv,CMS Hospital Provider Cost Report FY2024 (periods beginning 2023-10-01..2024-09-30); file modified 2026-09-29
HSI00000207,Childrens Minnesota,Minneapolis,MN,MN,1,True,2,2,420.0,0.0,1.0,nonprofit,100.0,0,2023 (rev. 2025-09),https://www.ahrq.gov/sites/default/files/wysiwyg/chsp/compendium/chsp-compendium-2023-rev.xlsx,AHRQ Compendium 2023 (system file rev. 2025-09); systems as of end-2023,False,1016840113.0,HCRIS FY2023 (FY2022 fallback); acute member hospitals; G-3 line 3,1,1050930414.0,HCRIS FY2024 (periods beginning 2023-10-01..2024-09-30); acute member CCNs; annualized where needed,1,0,3.4,False,True,False,False,https://data.cms.gov/sites/default/files/2026-09/e85544f7-57ef-477e-9640-313ac0aac400/CostReport_2024_Final.csv,CMS Hospital Provider Cost Report FY2024 (periods beginning 2023-10-01..2024-09-30); file modified 2026-09-29
HSI00001301,Cuyuna Regional Medical Center,Crosby,MN,MN,1,True,2,2,25.0,0.0,1.0,nonprofit,100.0,0,2023 (rev. 2025-09),https://www.ahrq.gov/sites/default/files/wysiwyg/chsp/compendium/chsp-compendium-2023-rev.xlsx,AHRQ Compendium 2023 (system file rev. 2025-09); systems as of end-2023,False,180828344.0,HCRIS FY2023 (FY2022 fallback); acute member hospitals; G-3 line 3,1,193439855.0,HCRIS FY2024 (periods beginning 2023-10-01..2024-09-30); acute member CCNs; annualized where needed,1,0,7.0,False,True,False,False,https://data.cms.gov/sites/default/files/2026-09/e85544f7-57ef-477e-9640-313ac0aac400/CostReport_2024_Final.csv,CMS Hospital Provider Cost Report FY2024 (periods beginning 2023-10-01..2024-09-30); file modified 2026-09-29
HSI00000350,Essentia Health,Duluth,MN,ID;MN;ND;WI,4,True,18,18,966.0,1.0,1.0,nonprofit,97.4,1,2023 (rev. 2025-09),https://www.ahrq.gov/sites/default/files/wysiwyg/chsp/compendium/chsp-compendium-2023-rev.xlsx,AHRQ Compendium 2023 (system file rev. 2025-09); systems as of end-2023,True,2416962979.0,HCRIS FY2023 (FY2022 fallback); acute member hospitals; G-3 line 3,3,2816147784.0,HCRIS FY2024 (periods beginning 2023-10-01..2024-09-30); acute member CCNs; annualized where needed,3,0,16.5,False,True,False,False,https://data.cms.gov/sites/default/files/2026-09/e85544f7-57ef-477e-9640-313ac0aac400/CostReport_2024_Final.csv,CMS Hospital Provider Cost Report FY2024 (periods beginning 2023-10-01..2024-09-30); file modified 2026-09-29
HSI00000357,Fairview Health Services,Minneapolis,MN,MN;WI,2,True,13,11,1636.0,1.0,2.0,church-operated,100.0,0,2023 (rev. 2025-09),https://www.ahrq.gov/sites/default/files/wysiwyg/chsp/compendium/chsp-compendium-2023-rev.xlsx,AHRQ Compendium 2023 (system file rev. 2025-09); systems as of end-2023,False,4233315777.0,HCRIS FY2023 (FY2022 fallback); acute member hospitals; G-3 line 3,1,4572861652.0,HCRIS FY2024 (periods beginning 2023-10-01..2024-09-30); acute member CCNs; annualized where needed,1,0,8.0,False,True,False,False,https://data.cms.gov/sites/default/files/2026-09/e85544f7-57ef-477e-9640-313ac0aac400/CostReport_2024_Final.csv,CMS Hospital Provider Cost Report FY2024 (periods beginning 2023-10-01..2024-09-30); file modified 2026-09-29
HSI00000464,HealthPartners,Minneapolis,MN,MN;WI,2,True,10,10,1002.0,0.0,1.0,nonprofit,100.0,0,2023 (rev. 2025-09),https://www.ahrq.gov/sites/default/files/wysiwyg/chsp/compendium/chsp-compendium-2023-rev.xlsx,AHRQ Compendium 2023 (system file rev. 2025-09); systems as of end-2023,False,2381855768.0,HCRIS FY2023 (FY2022 fallback); acute member hospitals; G-3 line 3,1,2481094604.0,HCRIS FY2024 (periods beginning 2023-10-01..2024-09-30); acute member CCNs; annualized where needed,1,0,4.2,False,True,False,False,https://data.cms.gov/sites/default/files/2026-09/e85544f7-57ef-477e-9640-313ac0aac400/CostReport_2024_Final.csv,CMS Hospital Provider Cost Report FY2024 (periods beginning 2023-10-01..2024-09-30); file modified 2026-09-29
HSI00000567,Lake Region Healthcare,Fergus Falls,MN,MN,1,True,2,2,90.0,0.0,1.0,nonprofit,100.0,0,2023 (rev. 2025-09),https://www.ahrq.gov/sites/default/files/wysiwyg/chsp/compendium/chsp-compendium-2023-rev.xlsx,AHRQ Compendium 2023 (system file rev. 2025-09); systems as of end-2023,False,156737840.0,HCRIS FY2023 (FY2022 fallback); acute member hospitals; G-3 line 3,0,174175207.0,HCRIS FY2024 (periods beginning 2023-10-01..2024-09-30); acute member CCNs; annualized where needed,0,0,11.1,False,False,False,False,https://data.cms.gov/sites/default/files/2026-09/e85544f7-57ef-477e-9640-313ac0aac400/CostReport_2024_Final.csv,CMS Hospital Provider Cost Report FY2024 (periods beginning 2023-10-01..2024-09-30); file modified 2026-09-29
HSI00000631,Mayo Clinic Health System,Rochester,MN,AZ;FL;IA;MN;WI,5,True,26,25,2792.0,0.0,1.0,nonprofit,57.1,3,2023 (rev. 2025-09),https://www.ahrq.gov/sites/default/files/wysiwyg/chsp/compendium/chsp-compendium-2023-rev.xlsx,AHRQ Compendium 2023 (system file rev. 2025-09); systems as of end-2023,True,10758468039.0,HCRIS FY2023 (FY2022 fallback); acute member hospitals; G-3 line 3,4,11698235063.0,HCRIS FY2024 (periods beginning 2023-10-01..2024-09-30); acute member CCNs; annualized where needed,4,0,8.7,False,True,False,False,https://data.cms.gov/sites/default/files/2026-09/e85544f7-57ef-477e-9640-313ac0aac400/CostReport_2024_Final.csv,CMS Hospital Provider Cost Report FY2024 (periods beginning 2023-10-01..2024-09-30); file modified 2026-09-29
HSI00000749,North Memorial Health,Robbinsdale,MN,MN,1,True,2,2,476.0,0.0,1.0,nonprofit,100.0,0,2023 (rev. 2025-09),https://www.ahrq.gov/sites/default/files/wysiwyg/chsp/compendium/chsp-compendium-2023-rev.xlsx,AHRQ Compendium 2023 (system file rev. 2025-09); systems as of end-2023,False,853750761.0,HCRIS FY2023 (FY2022 fallback); acute member hospitals; G-3 line 3,0,929945988.0,HCRIS FY2024 (periods beginning 2023-10-01..2024-09-30); acute member CCNs; annualized where needed,0,0,8.9,False,False,False,False,https://data.cms.gov/sites/default/files/2026-09/e85544f7-57ef-477e-9640-313ac0aac400/CostReport_2024_Final.csv,CMS Hospital Provider Cost Report FY2024 (periods beginning 2023-10-01..2024-09-30); file modified 2026-09-29
HSI00000789,Olmsted Medical Center,Rochester,MN,MN,1,True,1,1,61.0,0.0,1.0,nonprofit,100.0,0,2023 (rev. 2025-09),https://www.ahrq.gov/sites/default/files/wysiwyg/chsp/compendium/chsp-compendium-2023-rev.xlsx,AHRQ Compendium 2023 (system file rev. 2025-09); systems as of end-2023,False,234804057.0,HCRIS FY2023 (FY2022 fallback); acute member hospitals; G-3 line 3,0,257583149.0,HCRIS FY2024 (periods beginning 2023-10-01..2024-09-30); acute member CCNs; annualized where needed,0,0,9.7,False,False,False,False,https://data.cms.gov/sites/default/files/2026-09/e85544f7-57ef-477e-9640-313ac0aac400/CostReport_2024_Final.csv,CMS Hospital Provider Cost Report FY2024 (periods beginning 2023-10-01..2024-09-30); file modified 2026-09-29
HSI00000881,Ridgeview Medical Center,Waconia,MN,MN,1,True,3,3,138.0,0.0,1.0,nonprofit,100.0,0,2023 (rev. 2025-09),https://www.ahrq.gov/sites/default/files/wysiwyg/chsp/compendium/chsp-compendium-2023-rev.xlsx,AHRQ Compendium 2023 (system file rev. 2025-09); systems as of end-2023,False,345077421.0,HCRIS FY2023 (FY2022 fallback); acute member hospitals; G-3 line 3,0,407728960.0,HCRIS FY2024 (periods beginning 2023-10-01..2024-09-30); acute member CCNs; annualized where needed,0,0,18.2,False,False,False,False,https://data.cms.gov/sites/default/files/2026-09/e85544f7-57ef-477e-9640-313ac0aac400/CostReport_2024_Final.csv,CMS Hospital Provider Cost Report FY2024 (periods beginning 2023-10-01..2024-09-30); file modified 2026-09-29
HSI00000937,Saint Lukes Hospital of Duluth,Duluth,MN,MN,1,True,2,2,254.0,0.0,1.0,nonprofit,100.0,0,2023 (rev. 2025-09),https://www.ahrq.gov/sites/default/files/wysiwyg/chsp/compendium/chsp-compendium-2023-rev.xlsx,AHRQ Compendium 2023 (system file rev. 2025-09); systems as of end-2023,False,529733873.0,HCRIS FY2023 (FY2022 fallback); acute member hospitals; G-3 line 3,0,-595491298.0,HCRIS FY2024 (periods beginning 2023-10-01..2024-09-30); acute member CCNs; annualized where needed,0,2,-212.4,False,False,True,True,https://data.cms.gov/sites/default/files/2026-09/e85544f7-57ef-477e-9640-313ac0aac400/CostReport_2024_Final.csv,CMS Hospital Provider Cost Report FY2024 (periods beginning 2023-10-01..2024-09-30); file modified 2026-09-29
HSI00001264,Winona Health,Winona,MN,MN,1,True,1,1,41.0,0.0,1.0,nonprofit,100.0,0,2023 (rev. 2025-09),https://www.ahrq.gov/sites/default/files/wysiwyg/chsp/compendium/chsp-compendium-2023-rev.xlsx,AHRQ Compendium 2023 (system file rev. 2025-09); systems as of end-2023,False,99627922.0,HCRIS FY2023 (FY2022 fallback); acute member hospitals; G-3 line 3,0,102074460.0,HCRIS FY2024 (periods beginning 2023-10-01..2024-09-30); acute member CCNs; annualized where needed,0,0,2.5,False,False,False,False,https://data.cms.gov/sites/default/files/2026-09/e85544f7-57ef-477e-9640-313ac0aac400/CostReport_2024_Final.csv,CMS Hospital Provider Cost Report FY2024 (periods beginning 2023-10-01..2024-09-30); file modified 2026-09-29
HSI00000055,Ascension Health,Saint Louis,MO,AL;CT;FL;IL;IN;KS;MD;MI;NY;OK;TN;TX;WI,13,False,120,104,15162.0,1.0,2.0,church-operated,99.6,2,2023 (rev. 2025-09),https://www.ahrq.gov/sites/default/files/wysiwyg/chsp/compendium/chsp-compendium-2023-rev.xlsx,AHRQ Compendium 2023 (system file rev. 2025-09); systems as of end-2023,True,21898168069.0,HCRIS FY2023 (FY2022 fallback); acute member hospitals; G-3 line 3,15,23875045519.0,HCRIS FY2024 (periods beginning 2023-10-01..2024-09-30); acute member CCNs; annualized where needed,16,9,9.0,False,True,False,False,https://data.cms.gov/sites/default/files/2026-09/e85544f7-57ef-477e-9640-313ac0aac400/CostReport_2024_Final.csv,CMS Hospital Provider Cost Report FY2024 (periods beginning 2023-10-01..2024-09-30); file modified 2026-09-29
HSI00000070,BJC Healthcare,Saint Louis,MO,IL;MO,2,True,16,14,3180.0,0.0,1.0,nonprofit,99.2,1,2023 (rev. 2025-09),https://www.ahrq.gov/sites/default/files/wysiwyg/chsp/compendium/chsp-compendium-2023-rev.xlsx,AHRQ Compendium 2023 (system file rev. 2025-09); systems as of end-2023,True,6400289437.0,HCRIS FY2023 (FY2022 fallback); acute member hospitals; G-3 line 3,1,7016778842.0,HCRIS FY2024 (periods beginning 2023-10-01..2024-09-30); acute member CCNs; annualized where needed,2,0,9.6,False,True,False,False,https://data.cms.gov/sites/default/files/2026-09/e85544f7-57ef-477e-9640-313ac0aac400/CostReport_2024_Final.csv,CMS Hospital Provider Cost Report FY2024 (periods beginning 2023-10-01..2024-09-30); file modified 2026-09-29
HSI00001501,Boone Hospital Center,Columbia,MO,MO,1,True,1,1,278.0,0.0,1.0,nonprofit,100.0,0,2023 (rev. 2025-09),https://www.ahrq.gov/sites/default/files/wysiwyg/chsp/compendium/chsp-compendium-2023-rev.xlsx,AHRQ Compendium 2023 (system file rev. 2025-09); systems as of end-2023,False,346527763.0,HCRIS FY2023 (FY2022 fallback); acute member hospitals; G-3 line 3,0,426067415.0,HCRIS FY2024 (periods beginning 2023-10-01..2024-09-30); acute member CCNs; annualized where needed,0,0,23.0,False,False,False,False,https://data.cms.gov/sites/default/files/2026-09/e85544f7-57ef-477e-9640-313ac0aac400/CostReport_2024_Final.csv,CMS Hospital Provider Cost Report FY2024 (periods beginning 2023-10-01..2024-09-30); file modified 2026-09-29
HSI00000290,CoxHealth,Springfield,MO,MO,1,True,5,4,986.0,0.0,1.0,nonprofit,100.0,0,2023 (rev. 2025-09),https://www.ahrq.gov/sites/default/files/wysiwyg/chsp/compendium/chsp-compendium-2023-rev.xlsx,AHRQ Compendium 2023 (system file rev. 2025-09); systems as of end-2023,False,1883163248.0,HCRIS FY2023 (FY2022 fallback); acute member hospitals; G-3 line 3,0,2052899889.0,HCRIS FY2024 (periods beginning 2023-10-01..2024-09-30); acute member CCNs; annualized where needed,0,0,9.0,False,False,False,False,https://data.cms.gov/sites/default/files/2026-09/e85544f7-57ef-477e-9640-313ac0aac400/CostReport_2024_Final.csv,CMS Hospital Provider Cost Report FY2024 (periods beginning 2023-10-01..2024-09-30); file modified 2026-09-29
HSI00000381,Freeman Health System,Joplin,MO,MO,1,True,2,2,384.0,0.0,1.0,nonprofit,100.0,0,2023 (rev. 2025-09),https://www.ahrq.gov/sites/default/files/wysiwyg/chsp/compendium/chsp-compendium-2023-rev.xlsx,AHRQ Compendium 2023 (system file rev. 2025-09); systems as of end-2023,False,620461020.0,HCRIS FY2023 (FY2022 fallback); acute member hospitals; G-3 line 3,0,647306403.0,HCRIS FY2024 (periods beginning 2023-10-01..2024-09-30); acute member CCNs; annualized where needed,0,0,4.3,False,False,False,False,https://data.cms.gov/sites/default/files/2026-09/e85544f7-57ef-477e-9640-313ac0aac400/CostReport_2024_Final.csv,CMS Hospital Provider Cost Report FY2024 (periods beginning 2023-10-01..2024-09-30); file modified 2026-09-29
HSI00000445,Hannibal Regional Healthcare System,Hannibal,MO,MO,1,True,1,1,86.0,0.0,1.0,nonprofit,100.0,0,2023 (rev. 2025-09),https://www.ahrq.gov/sites/default/files/wysiwyg/chsp/compendium/chsp-compendium-2023-rev.xlsx,AHRQ Compendium 2023 (system file rev. 2025-09); systems as of end-2023,False,245128764.0,HCRIS FY2023 (FY2022 fallback); acute member hospitals; G-3 line 3,0,273576127.0,HCRIS FY2024 (periods beginning 2023-10-01..2024-09-30); acute member CCNs; annualized where needed,0,0,11.6,False,False,False,False,https://data.cms.gov/sites/default/files/2026-09/e85544f7-57ef-477e-9640-313ac0aac400/CostReport_2024_Final.csv,CMS Hospital Provider Cost Report FY2024 (periods beginning 2023-10-01..2024-09-30); file modified 2026-09-29
HSI00000568,Lake Regional Health System,Osage Beach,MO,MO,1,True,1,1,105.0,0.0,1.0,nonprofit,100.0,0,2023 (rev. 2025-09),https://www.ahrq.gov/sites/default/files/wysiwyg/chsp/compendium/chsp-compendium-2023-rev.xlsx,AHRQ Compendium 2023 (system file rev. 2025-09); systems as of end-2023,False,226828585.0,HCRIS FY2023 (FY2022 fallback); acute member hospitals; G-3 line 3,0,,HCRIS FY2024 (periods beginning 2023-10-01..2024-09-30); acute member CCNs; annualized where needed,1,0,,False,True,False,False,https://data.cms.gov/sites/default/files/2026-09/e85544f7-57ef-477e-9640-313ac0aac400/CostReport_2024_Final.csv,CMS Hospital Provider Cost Report FY2024 (periods beginning 2023-10-01..2024-09-30); file modified 2026-09-29
HSI00000660,Mercy,Chesterfield,MO,AR;IN;KS;MO;OK,5,True,45,37,4363.0,0.0,2.0,church-operated,97.2,5,2023 (rev. 2025-09),https://www.ahrq.gov/sites/default/files/wysiwyg/chsp/compendium/chsp-compendium-2023-rev.xlsx,AHRQ Compendium 2023 (system file rev. 2025-09); systems as of end-2023,True,6020353706.0,HCRIS FY2023 (FY2022 fallback); acute member hospitals; G-3 line 3,2,7295541597.0,HCRIS FY2024 (periods beginning 2023-10-01..2024-09-30); acute member CCNs; annualized where needed,3,1,21.2,False,True,False,True,https://data.cms.gov/sites/default/files/2026-09/e85544f7-57ef-477e-9640-313ac0aac400/CostReport_2024_Final.csv,CMS Hospital Provider Cost Report FY2024 (periods beginning 2023-10-01..2024-09-30); file modified 2026-09-29
HSI00000694,Missouri Delta Medical Center,Sikeston,MO,MO,1,True,1,1,98.0,0.0,1.0,nonprofit,100.0,0,2023 (rev. 2025-09),https://www.ahrq.gov/sites/default/files/wysiwyg/chsp/compendium/chsp-compendium-2023-rev.xlsx,AHRQ Compendium 2023 (system file rev. 2025-09); systems as of end-2023,False,126008629.0,HCRIS FY2023 (FY2022 fallback); acute member hospitals; G-3 line 3,0,149107186.0,HCRIS FY2024 (periods beginning 2023-10-01..2024-09-30); acute member CCNs; annualized where needed,0,0,18.3,False,False,False,False,https://data.cms.gov/sites/default/files/2026-09/e85544f7-57ef-477e-9640-313ac0aac400/CostReport_2024_Final.csv,CMS Hospital Provider Cost Report FY2024 (periods beginning 2023-10-01..2024-09-30); file modified 2026-09-29
HSI00000705,Mosaic Life Care,Saint Joseph,MO,MO,1,True,5,4,421.0,0.0,1.0,nonprofit,96.4,1,2023 (rev. 2025-09),https://www.ahrq.gov/sites/default/files/wysiwyg/chsp/compendium/chsp-compendium-2023-rev.xlsx,AHRQ Compendium 2023 (system file rev. 2025-09); systems as of end-2023,True,797074250.0,HCRIS FY2023 (FY2022 fallback); acute member hospitals; G-3 line 3,0,917897450.0,HCRIS FY2024 (periods beginning 2023-10-01..2024-09-30); acute member CCNs; annualized where needed,0,1,15.2,False,False,False,False,https://data.cms.gov/sites/default/files/2026-09/e85544f7-57ef-477e-9640-313ac0aac400/CostReport_2024_Final.csv,CMS Hospital Provider Cost Report FY2024 (periods beginning 2023-10-01..2024-09-30); file modified 2026-09-29
HSI00001529,Ozarks Healthcare,West Plains,MO,MO,1,True,1,1,111.0,0.0,1.0,nonprofit,100.0,0,2023 (rev. 2025-09),https://www.ahrq.gov/sites/default/files/wysiwyg/chsp/compendium/chsp-compendium-2023-rev.xlsx,AHRQ Compendium 2023 (system file rev. 2025-09); systems as of end-2023,False,145776145.0,HCRIS FY2023 (FY2022 fallback); acute member hospitals; G-3 line 3,0,171800956.0,HCRIS FY2024 (periods beginning 2023-10-01..2024-09-30); acute member CCNs; annualized where needed,0,0,17.9,False,False,False,False,https://data.cms.gov/sites/default/files/2026-09/e85544f7-57ef-477e-9640-313ac0aac400/CostReport_2024_Final.csv,CMS Hospital Provider Cost Report FY2024 (periods beginning 2023-10-01..2024-09-30); file modified 2026-09-29
HSI00000902,SSM Health,Saint Louis,MO,IL;MO;OK;WI,4,True,40,37,4017.0,1.0,2.0,church-operated,95.2,10,2023 (rev. 2025-09),https://www.ahrq.gov/sites/default/files/wysiwyg/chsp/compendium/chsp-compendium-2023-rev.xlsx,AHRQ Compendium 2023 (system file rev. 2025-09); systems as of end-2023,True,6090214413.0,HCRIS FY2023 (FY2022 fallback); acute member hospitals; G-3 line 3,5,6718259874.0,HCRIS FY2024 (periods beginning 2023-10-01..2024-09-30); acute member CCNs; annualized where needed,5,0,10.3,False,True,False,False,https://data.cms.gov/sites/default/files/2026-09/e85544f7-57ef-477e-9640-313ac0aac400/CostReport_2024_Final.csv,CMS Hospital Provider Cost Report FY2024 (periods beginning 2023-10-01..2024-09-30); file modified 2026-09-29
HSI00000920,Saint Francis Healthcare System,Cape Girardeau,MO,MO,1,True,1,1,282.0,0.0,1.0,nonprofit,100.0,0,2023 (rev. 2025-09),https://www.ahrq.gov/sites/default/files/wysiwyg/chsp/compendium/chsp-compendium-2023-rev.xlsx,AHRQ Compendium 2023 (system file rev. 2025-09); systems as of end-2023,False,556597323.0,HCRIS FY2023 (FY2022 fallback); acute member hospitals; G-3 line 3,0,634848878.0,HCRIS FY2024 (periods beginning 2023-10-01..2024-09-30); acute member CCNs; annualized where needed,0,0,14.1,False,False,False,False,https://data.cms.gov/sites/default/files/2026-09/e85544f7-57ef-477e-9640-313ac0aac400/CostReport_2024_Final.csv,CMS Hospital Provider Cost Report FY2024 (periods beginning 2023-10-01..2024-09-30); file modified 2026-09-29
HSI00000933,Saint Lukes Episcopal Presbyterian Hospital,Chesterfield,MO,MO,1,True,2,2,445.0,0.0,1.0,nonprofit,100.0,0,2023 (rev. 2025-09),https://www.ahrq.gov/sites/default/files/wysiwyg/chsp/compendium/chsp-compendium-2023-rev.xlsx,AHRQ Compendium 2023 (system file rev. 2025-09); systems as of end-2023,False,651443761.0,HCRIS FY2023 (FY2022 fallback); acute member hospitals; G-3 line 3,0,638062372.0,HCRIS FY2024 (periods beginning 2023-10-01..2024-09-30); acute member CCNs; annualized where needed,0,1,-2.1,False,False,False,False,https://data.cms.gov/sites/default/files/2026-09/e85544f7-57ef-477e-9640-313ac0aac400/CostReport_2024_Final.csv,CMS Hospital Provider Cost Report FY2024 (periods beginning 2023-10-01..2024-09-30); file modified 2026-09-29
HSI00000935,Saint Lukes Health System,Kansas City,MO,KS;MO,2,True,11,9,964.0,0.0,2.0,church-operated,97.4,1,2023 (rev. 2025-09),https://www.ahrq.gov/sites/default/files/wysiwyg/chsp/compendium/chsp-compendium-2023-rev.xlsx,AHRQ Compendium 2023 (system file rev. 2025-09); systems as of end-2023,True,1757451301.0,HCRIS FY2023 (FY2022 fallback); acute member hospitals; G-3 line 3,1,1945612094.0,HCRIS FY2024 (periods beginning 2023-10-01..2024-09-30); acute member CCNs; annualized where needed,1,0,10.7,False,True,False,False,https://data.cms.gov/sites/default/files/2026-09/e85544f7-57ef-477e-9640-313ac0aac400/CostReport_2024_Final.csv,CMS Hospital Provider Cost Report FY2024 (periods beginning 2023-10-01..2024-09-30); file modified 2026-09-29
HSI00001007,Southeast Health,Cape Girardeau,MO,MO,1,True,2,2,275.0,1.0,1.0,nonprofit,100.0,0,2023 (rev. 2025-09),https://www.ahrq.gov/sites/default/files/wysiwyg/chsp/compendium/chsp-compendium-2023-rev.xlsx,AHRQ Compendium 2023 (system file rev. 2025-09); systems as of end-2023,False,350096758.0,HCRIS FY2023 (FY2022 fallback); acute member hospitals; G-3 line 3,0,359181075.0,HCRIS FY2024 (periods beginning 2023-10-01..2024-09-30); acute member CCNs; annualized where needed,0,0,2.6,False,False,False,False,https://data.cms.gov/sites/default/files/2026-09/e85544f7-57ef-477e-9640-313ac0aac400/CostReport_2024_Final.csv,CMS Hospital Provider Cost Report FY2024 (periods beginning 2023-10-01..2024-09-30); file modified 2026-09-29
HSI00001076,The Childrens Mercy Hospital,Kansas City,MO,KS;MO,2,True,2,2,370.0,0.0,1.0,nonprofit,100.0,0,2023 (rev. 2025-09),https://www.ahrq.gov/sites/default/files/wysiwyg/chsp/compendium/chsp-compendium-2023-rev.xlsx,AHRQ Compendium 2023 (system file rev. 2025-09); systems as of end-2023,False,1549883138.0,HCRIS FY2023 (FY2022 fallback); acute member hospitals; G-3 line 3,0,1726834755.0,HCRIS FY2024 (periods beginning 2023-10-01..2024-09-30); acute member CCNs; annualized where needed,0,0,11.4,False,False,False,False,https://data.cms.gov/sites/default/files/2026-09/e85544f7-57ef-477e-9640-313ac0aac400/CostReport_2024_Final.csv,CMS Hospital Provider Cost Report FY2024 (periods beginning 2023-10-01..2024-09-30); file modified 2026-09-29
HSI00001110,University Health,Kansas City,MO,MO,1,True,2,2,375.0,1.0,1.0,nonprofit,100.0,0,2023 (rev. 2025-09),https://www.ahrq.gov/sites/default/files/wysiwyg/chsp/compendium/chsp-compendium-2023-rev.xlsx,AHRQ Compendium 2023 (system file rev. 2025-09); systems as of end-2023,False,699595147.0,HCRIS FY2023 (FY2022 fallback); acute member hospitals; G-3 line 3,0,883766648.0,HCRIS FY2024 (periods beginning 2023-10-01..2024-09-30); acute member CCNs; annualized where needed,0,0,26.3,False,False,True,False,https://data.cms.gov/sites/default/files/2026-09/e85544f7-57ef-477e-9640-313ac0aac400/CostReport_2024_Final.csv,CMS Hospital Provider Cost Report FY2024 (periods beginning 2023-10-01..2024-09-30); file modified 2026-09-29
HSI00000034,Anderson Regional Health System,Meridian,MS,MS,1,True,2,2,303.0,0.0,1.0,nonprofit,100.0,0,2023 (rev. 2025-09),https://www.ahrq.gov/sites/default/files/wysiwyg/chsp/compendium/chsp-compendium-2023-rev.xlsx,AHRQ Compendium 2023 (system file rev. 2025-09); systems as of end-2023,False,247778747.0,HCRIS FY2023 (FY2022 fallback); acute member hospitals; G-3 line 3,0,265327075.0,HCRIS FY2024 (periods beginning 2023-10-01..2024-09-30); acute member CCNs; annualized where needed,0,0,7.1,False,False,False,False,https://data.cms.gov/sites/default/files/2026-09/e85544f7-57ef-477e-9640-313ac0aac400/CostReport_2024_Final.csv,CMS Hospital Provider Cost Report FY2024 (periods beginning 2023-10-01..2024-09-30); file modified 2026-09-29
HSI00000750,North Mississippi Health Services,Tupelo,MS,AL;MS,2,True,7,7,767.0,1.0,1.0,nonprofit,100.0,0,2023 (rev. 2025-09),https://www.ahrq.gov/sites/default/files/wysiwyg/chsp/compendium/chsp-compendium-2023-rev.xlsx,AHRQ Compendium 2023 (system file rev. 2025-09); systems as of end-2023,False,968273770.0,HCRIS FY2023 (FY2022 fallback); acute member hospitals; G-3 line 3,0,1109847666.0,HCRIS FY2024 (periods beginning 2023-10-01..2024-09-30); acute member CCNs; annualized where needed,0,0,14.6,False,False,False,False,https://data.cms.gov/sites/default/files/2026-09/e85544f7-57ef-477e-9640-313ac0aac400/CostReport_2024_Final.csv,CMS Hospital Provider Cost Report FY2024 (periods beginning 2023-10-01..2024-09-30); file modified 2026-09-29
HSI00000107,Benefis Health System,Great Falls,MT,MT,1,True,3,3,362.0,0.0,1.0,nonprofit,100.0,0,2023 (rev. 2025-09),https://www.ahrq.gov/sites/default/files/wysiwyg/chsp/compendium/chsp-compendium-2023-rev.xlsx,AHRQ Compendium 2023 (system file rev. 2025-09); systems as of end-2023,False,574592780.0,HCRIS FY2023 (FY2022 fallback); acute member hospitals; G-3 line 3,0,640759091.0,HCRIS FY2024 (periods beginning 2023-10-01..2024-09-30); acute member CCNs; annualized where needed,0,0,11.5,False,False,False,False,https://data.cms.gov/sites/default/files/2026-09/e85544f7-57ef-477e-9640-313ac0aac400/CostReport_2024_Final.csv,CMS Hospital Provider Cost Report FY2024 (periods beginning 2023-10-01..2024-09-30); file modified 2026-09-29
HSI00000114,Billings Clinic,Billings,MT,MT;WY,2,True,13,13,474.0,0.0,1.0,nonprofit,93.7,2,2023 (rev. 2025-09),https://www.ahrq.gov/sites/default/files/wysiwyg/chsp/compendium/chsp-compendium-2023-rev.xlsx,AHRQ Compendium 2023 (system file rev. 2025-09); systems as of end-2023,True,1090917393.0,HCRIS FY2023 (FY2022 fallback); acute member hospitals; G-3 line 3,5,1166238893.0,HCRIS FY2024 (periods beginning 2023-10-01..2024-09-30); acute member CCNs; annualized where needed,5,0,6.9,False,True,False,False,https://data.cms.gov/sites/default/files/2026-09/e85544f7-57ef-477e-9640-313ac0aac400/CostReport_2024_Final.csv,CMS Hospital Provider Cost Report FY2024 (periods beginning 2023-10-01..2024-09-30); file modified 2026-09-29
HSI00000613,Bitterroot Health,Hamilton,MT,MT,1,True,1,1,25.0,0.0,1.0,nonprofit,100.0,0,2023 (rev. 2025-09),https://www.ahrq.gov/sites/default/files/wysiwyg/chsp/compendium/chsp-compendium-2023-rev.xlsx,AHRQ Compendium 2023 (system file rev. 2025-09); systems as of end-2023,False,107610836.0,HCRIS FY2023 (FY2022 fallback); acute member hospitals; G-3 line 3,0,130318019.0,HCRIS FY2024 (periods beginning 2023-10-01..2024-09-30); acute member CCNs; annualized where needed,0,0,21.1,False,False,False,False,https://data.cms.gov/sites/default/files/2026-09/e85544f7-57ef-477e-9640-313ac0aac400/CostReport_2024_Final.csv,CMS Hospital Provider Cost Report FY2024 (periods beginning 2023-10-01..2024-09-30); file modified 2026-09-29
HSI00000135,Bozeman Deaconess Hospital,Bozeman,MT,MT,1,True,1,1,139.0,0.0,1.0,nonprofit,100.0,0,2023 (rev. 2025-09),https://www.ahrq.gov/sites/default/files/wysiwyg/chsp/compendium/chsp-compendium-2023-rev.xlsx,AHRQ Compendium 2023 (system file rev. 2025-09); systems as of end-2023,False,413499189.0,HCRIS FY2023 (FY2022 fallback); acute member hospitals; G-3 line 3,0,515651492.0,HCRIS FY2024 (periods beginning 2023-10-01..2024-09-30); acute member CCNs; annualized where needed,0,0,24.7,False,False,False,False,https://data.cms.gov/sites/default/files/2026-09/e85544f7-57ef-477e-9640-313ac0aac400/CostReport_2024_Final.csv,CMS Hospital Provider Cost Report FY2024 (periods beginning 2023-10-01..2024-09-30); file modified 2026-09-29
HSI00000538,Logan Health,Kalispell,MT,MT,1,True,6,5,301.0,0.0,1.0,nonprofit,93.0,1,2023 (rev. 2025-09),https://www.ahrq.gov/sites/default/files/wysiwyg/chsp/compendium/chsp-compendium-2023-rev.xlsx,AHRQ Compendium 2023 (system file rev. 2025-09); systems as of end-2023,True,728337093.0,HCRIS FY2023 (FY2022 fallback); acute member hospitals; G-3 line 3,0,782862563.0,HCRIS FY2024 (periods beginning 2023-10-01..2024-09-30); acute member CCNs; annualized where needed,0,0,7.5,False,False,False,False,https://data.cms.gov/sites/default/files/2026-09/e85544f7-57ef-477e-9640-313ac0aac400/CostReport_2024_Final.csv,CMS Hospital Provider Cost Report FY2024 (periods beginning 2023-10-01..2024-09-30); file modified 2026-09-29
HSI00000943,Saint Peters Health,Helena,MT,MT,1,True,1,1,125.0,0.0,1.0,nonprofit,100.0,0,2023 (rev. 2025-09),https://www.ahrq.gov/sites/default/files/wysiwyg/chsp/compendium/chsp-compendium-2023-rev.xlsx,AHRQ Compendium 2023 (system file rev. 2025-09); systems as of end-2023,False,289249142.0,HCRIS FY2023 (FY2022 fallback); acute member hospitals; G-3 line 3,0,334401790.0,HCRIS FY2024 (periods beginning 2023-10-01..2024-09-30); acute member CCNs; annualized where needed,0,0,15.6,False,False,False,False,https://data.cms.gov/sites/default/files/2026-09/e85544f7-57ef-477e-9640-313ac0aac400/CostReport_2024_Final.csv,CMS Hospital Provider Cost Report FY2024 (periods beginning 2023-10-01..2024-09-30); file modified 2026-09-29
HSI00001526,Advocate Health,Charlotte,NC,AL;GA;IL;NC;SC;WI,6,True,58,53,10615.0,1.0,1.0,nonprofit,63.3,15,2023 (rev. 2025-09),https://www.ahrq.gov/sites/default/files/wysiwyg/chsp/compendium/chsp-compendium-2023-rev.xlsx,AHRQ Compendium 2023 (system file rev. 2025-09); systems as of end-2023,True,22368381601.0,HCRIS FY2023 (FY2022 fallback); acute member hospitals; G-3 line 3,5,23669186711.0,HCRIS FY2024 (periods beginning 2023-10-01..2024-09-30); acute member CCNs; annualized where needed,5,1,5.8,False,True,False,False,https://data.cms.gov/sites/default/files/2026-09/e85544f7-57ef-477e-9640-313ac0aac400/CostReport_2024_Final.csv,CMS Hospital Provider Cost Report FY2024 (periods beginning 2023-10-01..2024-09-30); file modified 2026-09-29
HSI00000171,Caromont Health System,Gastonia,NC,NC,1,True,1,1,424.0,0.0,1.0,nonprofit,100.0,0,2023 (rev. 2025-09),https://www.ahrq.gov/sites/default/files/wysiwyg/chsp/compendium/chsp-compendium-2023-rev.xlsx,AHRQ Compendium 2023 (system file rev. 2025-09); systems as of end-2023,False,641793587.0,HCRIS FY2023 (FY2022 fallback); acute member hospitals; G-3 line 3,0,822685423.0,HCRIS FY2024 (periods beginning 2023-10-01..2024-09-30); acute member CCNs; annualized where needed,0,0,28.2,False,False,True,False,https://data.cms.gov/sites/default/files/2026-09/e85544f7-57ef-477e-9640-313ac0aac400/CostReport_2024_Final.csv,CMS Hospital Provider Cost Report FY2024 (periods beginning 2023-10-01..2024-09-30); file modified 2026-09-29
HSI00000263,Cone Health,Greensboro,NC,NC,1,True,3,3,936.0,0.0,1.0,nonprofit,100.0,0,2023 (rev. 2025-09),https://www.ahrq.gov/sites/default/files/wysiwyg/chsp/compendium/chsp-compendium-2023-rev.xlsx,AHRQ Compendium 2023 (system file rev. 2025-09); systems as of end-2023,False,1672470635.0,HCRIS FY2023 (FY2022 fallback); acute member hospitals; G-3 line 3,1,2031887817.0,HCRIS FY2024 (periods beginning 2023-10-01..2024-09-30); acute member CCNs; annualized where needed,1,0,21.5,False,True,False,False,https://data.cms.gov/sites/default/files/2026-09/e85544f7-57ef-477e-9640-313ac0aac400/CostReport_2024_Final.csv,CMS Hospital Provider Cost Report FY2024 (periods beginning 2023-10-01..2024-09-30); file modified 2026-09-29
HSI00000323,Duke University Health System,Durham,NC,NC,1,True,3,3,1535.0,0.0,1.0,nonprofit,80.4,1,2023 (rev. 2025-09),https://www.ahrq.gov/sites/default/files/wysiwyg/chsp/compendium/chsp-compendium-2023-rev.xlsx,AHRQ Compendium 2023 (system file rev. 2025-09); systems as of end-2023,True,4260582264.0,HCRIS FY2023 (FY2022 fallback); acute member hospitals; G-3 line 3,0,5382737360.0,HCRIS FY2024 (periods beginning 2023-10-01..2024-09-30); acute member CCNs; annualized where needed,1,0,26.3,False,True,True,False,https://data.cms.gov/sites/default/files/2026-09/e85544f7-57ef-477e-9640-313ac0aac400/CostReport_2024_Final.csv,CMS Hospital Provider Cost Report FY2024 (periods beginning 2023-10-01..2024-09-30); file modified 2026-09-29
HSI00001230,ECU Health,Greenville,NC,NC,1,True,9,9,1367.0,0.0,1.0,nonprofit,99.6,1,2023 (rev. 2025-09),https://www.ahrq.gov/sites/default/files/wysiwyg/chsp/compendium/chsp-compendium-2023-rev.xlsx,AHRQ Compendium 2023 (system file rev. 2025-09); systems as of end-2023,True,2106516050.0,HCRIS FY2023 (FY2022 fallback); acute member hospitals; G-3 line 3,1,2391665800.0,HCRIS FY2024 (periods beginning 2023-10-01..2024-09-30); acute member CCNs; annualized where needed,1,0,13.5,False,True,False,False,https://data.cms.gov/sites/default/files/2026-09/e85544f7-57ef-477e-9640-313ac0aac400/CostReport_2024_Final.csv,CMS Hospital Provider Cost Report FY2024 (periods beginning 2023-10-01..2024-09-30); file modified 2026-09-29
HSI00000365,FirstHealth of the Carolinas,Pinehurst,NC,NC,1,True,3,3,415.0,0.0,1.0,nonprofit,100.0,0,2023 (rev. 2025-09),https://www.ahrq.gov/sites/default/files/wysiwyg/chsp/compendium/chsp-compendium-2023-rev.xlsx,AHRQ Compendium 2023 (system file rev. 2025-09); systems as of end-2023,False,926850008.0,HCRIS FY2023 (FY2022 fallback); acute member hospitals; G-3 line 3,1,922585972.0,HCRIS FY2024 (periods beginning 2023-10-01..2024-09-30); acute member CCNs; annualized where needed,1,0,-0.5,False,True,False,False,https://data.cms.gov/sites/default/files/2026-09/e85544f7-57ef-477e-9640-313ac0aac400/CostReport_2024_Final.csv,CMS Hospital Provider Cost Report FY2024 (periods beginning 2023-10-01..2024-09-30); file modified 2026-09-29
HSI00000518,Iredell Health System,Statesville,NC,NC,1,True,1,1,155.0,0.0,1.0,nonprofit,100.0,0,2023 (rev. 2025-09),https://www.ahrq.gov/sites/default/files/wysiwyg/chsp/compendium/chsp-compendium-2023-rev.xlsx,AHRQ Compendium 2023 (system file rev. 2025-09); systems as of end-2023,False,244411504.0,HCRIS FY2023 (FY2022 fallback); acute member hospitals; G-3 line 3,0,261240869.0,HCRIS FY2024 (periods beginning 2023-10-01..2024-09-30); acute member CCNs; annualized where needed,0,0,6.9,False,False,False,False,https://data.cms.gov/sites/default/files/2026-09/e85544f7-57ef-477e-9640-313ac0aac400/CostReport_2024_Final.csv,CMS Hospital Provider Cost Report FY2024 (periods beginning 2023-10-01..2024-09-30); file modified 2026-09-29
HSI00000773,Novant Health,Winston Salem,NC,NC,1,True,13,12,2976.0,0.0,1.0,nonprofit,99.2,1,2023 (rev. 2025-09),https://www.ahrq.gov/sites/default/files/wysiwyg/chsp/compendium/chsp-compendium-2023-rev.xlsx,AHRQ Compendium 2023 (system file rev. 2025-09); systems as of end-2023,True,6337106095.0,HCRIS FY2023 (FY2022 fallback); acute member hospitals; G-3 line 3,0,7598415615.0,HCRIS FY2024 (periods beginning 2023-10-01..2024-09-30); acute member CCNs; annualized where needed,0,0,19.9,False,False,False,False,https://data.cms.gov/sites/default/files/2026-09/e85544f7-57ef-477e-9640-313ac0aac400/CostReport_2024_Final.csv,CMS Hospital Provider Cost Report FY2024 (periods beginning 2023-10-01..2024-09-30); file modified 2026-09-29
HSI00001236,WakeMed Health and Hospitals,Raleigh,NC,NC,1,True,2,2,839.0,0.0,1.0,nonprofit,100.0,0,2023 (rev. 2025-09),https://www.ahrq.gov/sites/default/files/wysiwyg/chsp/compendium/chsp-compendium-2023-rev.xlsx,AHRQ Compendium 2023 (system file rev. 2025-09); systems as of end-2023,False,1673846596.0,HCRIS FY2023 (FY2022 fallback); acute member hospitals; G-3 line 3,0,1849156183.0,HCRIS FY2024 (periods beginning 2023-10-01..2024-09-30); acute member CCNs; annualized where needed,0,0,10.5,False,False,False,False,https://data.cms.gov/sites/default/files/2026-09/e85544f7-57ef-477e-9640-313ac0aac400/CostReport_2024_Final.csv,CMS Hospital Provider Cost Report FY2024 (periods beginning 2023-10-01..2024-09-30); file modified 2026-09-29
HSI00000032,Altru Health System,Grand Forks,ND,ND,1,True,2,1,198.0,0.0,1.0,nonprofit,100.0,0,2023 (rev. 2025-09),https://www.ahrq.gov/sites/default/files/wysiwyg/chsp/compendium/chsp-compendium-2023-rev.xlsx,AHRQ Compendium 2023 (system file rev. 2025-09); systems as of end-2023,False,606228574.0,HCRIS FY2023 (FY2022 fallback); acute member hospitals; G-3 line 3,0,620323960.0,HCRIS FY2024 (periods beginning 2023-10-01..2024-09-30); acute member CCNs; annualized where needed,0,0,2.3,False,False,False,False,https://data.cms.gov/sites/default/files/2026-09/e85544f7-57ef-477e-9640-313ac0aac400/CostReport_2024_Final.csv,CMS Hospital Provider Cost Report FY2024 (periods beginning 2023-10-01..2024-09-30); file modified 2026-09-29
HSI00001107,Trinity Health,Minot,ND,ND,1,True,2,2,170.0,0.0,1.0,nonprofit,100.0,0,2023 (rev. 2025-09),https://www.ahrq.gov/sites/default/files/wysiwyg/chsp/compendium/chsp-compendium-2023-rev.xlsx,AHRQ Compendium 2023 (system file rev. 2025-09); systems as of end-2023,False,465452333.0,HCRIS FY2023 (FY2022 fallback); acute member hospitals; G-3 line 3,0,500156398.0,HCRIS FY2024 (periods beginning 2023-10-01..2024-09-30); acute member CCNs; annualized where needed,0,0,7.5,False,False,False,False,https://data.cms.gov/sites/default/files/2026-09/e85544f7-57ef-477e-9640-313ac0aac400/CostReport_2024_Final.csv,CMS Hospital Provider Cost Report FY2024 (periods beginning 2023-10-01..2024-09-30); file modified 2026-09-29
HSI00000360,Boys Town National Research Hospital,Boys Town,NE,NE,1,True,1,1,52.0,0.0,1.0,nonprofit,100.0,0,2023 (rev. 2025-09),https://www.ahrq.gov/sites/default/files/wysiwyg/chsp/compendium/chsp-compendium-2023-rev.xlsx,AHRQ Compendium 2023 (system file rev. 2025-09); systems as of end-2023,False,173147816.0,HCRIS FY2023 (FY2022 fallback); acute member hospitals; G-3 line 3,0,202647915.0,HCRIS FY2024 (periods beginning 2023-10-01..2024-09-30); acute member CCNs; annualized where needed,0,0,17.0,False,False,False,False,https://data.cms.gov/sites/default/files/2026-09/e85544f7-57ef-477e-9640-313ac0aac400/CostReport_2024_Final.csv,CMS Hospital Provider Cost Report FY2024 (periods beginning 2023-10-01..2024-09-30); file modified 2026-09-29
HSI00000143,Bryan Health,Lincoln,NE,NE,1,True,8,8,700.0,0.0,1.0,nonprofit,84.4,2,2023 (rev. 2025-09),https://www.ahrq.gov/sites/default/files/wysiwyg/chsp/compendium/chsp-compendium-2023-rev.xlsx,AHRQ Compendium 2023 (system file rev. 2025-09); systems as of end-2023,True,1131072924.0,HCRIS FY2023 (FY2022 fallback); acute member hospitals; G-3 line 3,2,1228190654.0,HCRIS FY2024 (periods beginning 2023-10-01..2024-09-30); acute member CCNs; annualized where needed,2,0,8.6,False,True,False,False,https://data.cms.gov/sites/default/files/2026-09/e85544f7-57ef-477e-9640-313ac0aac400/CostReport_2024_Final.csv,CMS Hospital Provider Cost Report FY2024 (periods beginning 2023-10-01..2024-09-30); file modified 2026-09-29
HSI00000213,Childrens Hospital and Medical Center,Omaha,NE,NE,1,True,1,1,186.0,0.0,1.0,nonprofit,100.0,0,2023 (rev. 2025-09),https://www.ahrq.gov/sites/default/files/wysiwyg/chsp/compendium/chsp-compendium-2023-rev.xlsx,AHRQ Compendium 2023 (system file rev. 2025-09); systems as of end-2023,False,501071414.0,HCRIS FY2023 (FY2022 fallback); acute member hospitals; G-3 line 3,0,709726525.0,HCRIS FY2024 (periods beginning 2023-10-01..2024-09-30); acute member CCNs; annualized where needed,0,0,41.6,False,False,True,False,https://data.cms.gov/sites/default/files/2026-09/e85544f7-57ef-477e-9640-313ac0aac400/CostReport_2024_Final.csv,CMS Hospital Provider Cost Report FY2024 (periods beginning 2023-10-01..2024-09-30); file modified 2026-09-29
HSI00000358,Faith Regional Health Services,Norfolk,NE,NE,1,True,4,4,173.0,0.0,1.0,nonprofit,89.0,1,2023 (rev. 2025-09),https://www.ahrq.gov/sites/default/files/wysiwyg/chsp/compendium/chsp-compendium-2023-rev.xlsx,AHRQ Compendium 2023 (system file rev. 2025-09); systems as of end-2023,True,220090975.0,HCRIS FY2023 (FY2022 fallback); acute member hospitals; G-3 line 3,0,237927373.0,HCRIS FY2024 (periods beginning 2023-10-01..2024-09-30); acute member CCNs; annualized where needed,0,0,8.1,False,False,False,False,https://data.cms.gov/sites/default/files/2026-09/e85544f7-57ef-477e-9640-313ac0aac400/CostReport_2024_Final.csv,CMS Hospital Provider Cost Report FY2024 (periods beginning 2023-10-01..2024-09-30); file modified 2026-09-29
HSI00000753,Great Plains Health,North Platte,NE,NE,1,True,1,1,96.0,0.0,1.0,nonprofit,100.0,0,2023 (rev. 2025-09),https://www.ahrq.gov/sites/default/files/wysiwyg/chsp/compendium/chsp-compendium-2023-rev.xlsx,AHRQ Compendium 2023 (system file rev. 2025-09); systems as of end-2023,False,287745271.0,HCRIS FY2023 (FY2022 fallback); acute member hospitals; G-3 line 3,0,,HCRIS FY2024 (periods beginning 2023-10-01..2024-09-30); acute member CCNs; annualized where needed,1,0,,False,True,False,False,https://data.cms.gov/sites/default/files/2026-09/e85544f7-57ef-477e-9640-313ac0aac400/CostReport_2024_Final.csv,CMS Hospital Provider Cost Report FY2024 (periods beginning 2023-10-01..2024-09-30); file modified 2026-09-29
HSI00000623,Mary Lanning Healthcare,Hastings,NE,NE,1,True,1,1,97.0,0.0,1.0,nonprofit,100.0,0,2023 (rev. 2025-09),https://www.ahrq.gov/sites/default/files/wysiwyg/chsp/compendium/chsp-compendium-2023-rev.xlsx,AHRQ Compendium 2023 (system file rev. 2025-09); systems as of end-2023,False,200043551.0,HCRIS FY2023 (FY2022 fallback); acute member hospitals; G-3 line 3,0,213688953.0,HCRIS FY2024 (periods beginning 2023-10-01..2024-09-30); acute member CCNs; annualized where needed,0,0,6.8,False,False,False,False,https://data.cms.gov/sites/default/files/2026-09/e85544f7-57ef-477e-9640-313ac0aac400/CostReport_2024_Final.csv,CMS Hospital Provider Cost Report FY2024 (periods beginning 2023-10-01..2024-09-30); file modified 2026-09-29
HSI00000672,Methodist Health System,Omaha,NE,IA;NE,2,True,3,3,540.0,0.0,1.0,nonprofit,100.0,0,2023 (rev. 2025-09),https://www.ahrq.gov/sites/default/files/wysiwyg/chsp/compendium/chsp-compendium-2023-rev.xlsx,AHRQ Compendium 2023 (system file rev. 2025-09); systems as of end-2023,False,962865224.0,HCRIS FY2023 (FY2022 fallback); acute member hospitals; G-3 line 3,0,1007052175.0,HCRIS FY2024 (periods beginning 2023-10-01..2024-09-30); acute member CCNs; annualized where needed,0,0,4.6,False,False,False,False,https://data.cms.gov/sites/default/files/2026-09/e85544f7-57ef-477e-9640-313ac0aac400/CostReport_2024_Final.csv,CMS Hospital Provider Cost Report FY2024 (periods beginning 2023-10-01..2024-09-30); file modified 2026-09-29
HSI00000871,Regional West Health Services,Scottsbluff,NE,NE,1,True,3,3,132.0,0.0,1.0,nonprofit,100.0,0,2023 (rev. 2025-09),https://www.ahrq.gov/sites/default/files/wysiwyg/chsp/compendium/chsp-compendium-2023-rev.xlsx,AHRQ Compendium 2023 (system file rev. 2025-09); systems as of end-2023,False,228021514.0,HCRIS FY2023 (FY2022 fallback); acute member hospitals; G-3 line 3,1,246287264.0,HCRIS FY2024 (periods beginning 2023-10-01..2024-09-30); acute member CCNs; annualized where needed,1,1,8.0,False,True,False,False,https://data.cms.gov/sites/default/files/2026-09/e85544f7-57ef-477e-9640-313ac0aac400/CostReport_2024_Final.csv,CMS Hospital Provider Cost Report FY2024 (periods beginning 2023-10-01..2024-09-30); file modified 2026-09-29
HSI00001085,The Nebraska Medical Center,Omaha,NE,IA;NE,2,True,4,3,686.0,0.0,1.0,nonprofit,89.9,1,2023 (rev. 2025-09),https://www.ahrq.gov/sites/default/files/wysiwyg/chsp/compendium/chsp-compendium-2023-rev.xlsx,AHRQ Compendium 2023 (system file rev. 2025-09); systems as of end-2023,True,1588789597.0,HCRIS FY2023 (FY2022 fallback); acute member hospitals; G-3 line 3,0,2021535687.0,HCRIS FY2024 (periods beginning 2023-10-01..2024-09-30); acute member CCNs; annualized where needed,0,0,27.2,False,False,True,False,https://data.cms.gov/sites/default/files/2026-09/e85544f7-57ef-477e-9640-313ac0aac400/CostReport_2024_Final.csv,CMS Hospital Provider Cost Report FY2024 (periods beginning 2023-10-01..2024-09-30); file modified 2026-09-29
HSI00000165,Capital Region Health Care,Concord,NH,NH,1,True,3,3,317.0,0.0,1.0,nonprofit,100.0,0,2023 (rev. 2025-09),https://www.ahrq.gov/sites/default/files/wysiwyg/chsp/compendium/chsp-compendium-2023-rev.xlsx,AHRQ Compendium 2023 (system file rev. 2025-09); systems as of end-2023,False,731500246.0,HCRIS FY2023 (FY2022 fallback); acute member hospitals; G-3 line 3,0,774762087.0,HCRIS FY2024 (periods beginning 2023-10-01..2024-09-30); acute member CCNs; annualized where needed,0,0,5.9,False,False,False,False,https://data.cms.gov/sites/default/files/2026-09/e85544f7-57ef-477e-9640-313ac0aac400/CostReport_2024_Final.csv,CMS Hospital Provider Cost Report FY2024 (periods beginning 2023-10-01..2024-09-30); file modified 2026-09-29
HSI00000188,Catholic Medical Center,Manchester,NH,NH,1,True,1,1,262.0,0.0,1.0,nonprofit,100.0,0,2023 (rev. 2025-09),https://www.ahrq.gov/sites/default/files/wysiwyg/chsp/compendium/chsp-compendium-2023-rev.xlsx,AHRQ Compendium 2023 (system file rev. 2025-09); systems as of end-2023,False,480789746.0,HCRIS FY2023 (FY2022 fallback); acute member hospitals; G-3 line 3,0,463428721.0,HCRIS FY2024 (periods beginning 2023-10-01..2024-09-30); acute member CCNs; annualized where needed,0,0,-3.6,False,False,False,False,https://data.cms.gov/sites/default/files/2026-09/e85544f7-57ef-477e-9640-313ac0aac400/CostReport_2024_Final.csv,CMS Hospital Provider Cost Report FY2024 (periods beginning 2023-10-01..2024-09-30); file modified 2026-09-29
HSI00000299,Dartmouth-Hitchcock,Lebanon,NH,NH;VT,2,True,8,8,771.0,0.0,1.0,nonprofit,100.0,0,2023 (rev. 2025-09),https://www.ahrq.gov/sites/default/files/wysiwyg/chsp/compendium/chsp-compendium-2023-rev.xlsx,AHRQ Compendium 2023 (system file rev. 2025-09); systems as of end-2023,False,2217922733.0,HCRIS FY2023 (FY2022 fallback); acute member hospitals; G-3 line 3,0,2805813110.0,HCRIS FY2024 (periods beginning 2023-10-01..2024-09-30); acute member CCNs; annualized where needed,0,0,26.5,False,False,True,False,https://data.cms.gov/sites/default/files/2026-09/e85544f7-57ef-477e-9640-313ac0aac400/CostReport_2024_Final.csv,CMS Hospital Provider Cost Report FY2024 (periods beginning 2023-10-01..2024-09-30); file modified 2026-09-29
HSI00000355,Exeter Health Resources,Exeter,NH,NH,1,True,1,1,99.0,0.0,1.0,nonprofit,100.0,0,2023 (rev. 2025-09),https://www.ahrq.gov/sites/default/files/wysiwyg/chsp/compendium/chsp-compendium-2023-rev.xlsx,AHRQ Compendium 2023 (system file rev. 2025-09); systems as of end-2023,False,295623876.0,HCRIS FY2023 (FY2022 fallback); acute member hospitals; G-3 line 3,0,304938905.0,HCRIS FY2024 (periods beginning 2023-10-01..2024-09-30); acute member CCNs; annualized where needed,0,0,3.2,False,False,False,False,https://data.cms.gov/sites/default/files/2026-09/e85544f7-57ef-477e-9640-313ac0aac400/CostReport_2024_Final.csv,CMS Hospital Provider Cost Report FY2024 (periods beginning 2023-10-01..2024-09-30); file modified 2026-09-29
HSI00001447,North Country Healthcare,Whitefield,NH,NH,1,True,3,3,50.0,0.0,1.0,nonprofit,100.0,0,2023 (rev. 2025-09),https://www.ahrq.gov/sites/default/files/wysiwyg/chsp/compendium/chsp-compendium-2023-rev.xlsx,AHRQ Compendium 2023 (system file rev. 2025-09); systems as of end-2023,False,166810522.0,HCRIS FY2023 (FY2022 fallback); acute member hospitals; G-3 line 3,1,160857548.0,HCRIS FY2024 (periods beginning 2023-10-01..2024-09-30); acute member CCNs; annualized where needed,1,0,-3.6,False,True,False,False,https://data.cms.gov/sites/default/files/2026-09/e85544f7-57ef-477e-9640-313ac0aac400/CostReport_2024_Final.csv,CMS Hospital Provider Cost Report FY2024 (periods beginning 2023-10-01..2024-09-30); file modified 2026-09-29
HSI00000338,Solutionhealth,Manchester,NH,NH,1,True,2,2,353.0,0.0,1.0,nonprofit,100.0,0,2023 (rev. 2025-09),https://www.ahrq.gov/sites/default/files/wysiwyg/chsp/compendium/chsp-compendium-2023-rev.xlsx,AHRQ Compendium 2023 (system file rev. 2025-09); systems as of end-2023,False,953793592.0,HCRIS FY2023 (FY2022 fallback); acute member hospitals; G-3 line 3,0,1088940186.0,HCRIS FY2024 (periods beginning 2023-10-01..2024-09-30); acute member CCNs; annualized where needed,0,0,14.2,False,False,False,False,https://data.cms.gov/sites/default/files/2026-09/e85544f7-57ef-477e-9640-313ac0aac400/CostReport_2024_Final.csv,CMS Hospital Provider Cost Report FY2024 (periods beginning 2023-10-01..2024-09-30); file modified 2026-09-29
HSI00001369,AtlantiCare,Egg Harbor Township,NJ,NJ,1,True,1,1,532.0,0.0,1.0,nonprofit,100.0,0,2023 (rev. 2025-09),https://www.ahrq.gov/sites/default/files/wysiwyg/chsp/compendium/chsp-compendium-2023-rev.xlsx,AHRQ Compendium 2023 (system file rev. 2025-09); systems as of end-2023,False,836274659.0,HCRIS FY2023 (FY2022 fallback); acute member hospitals; G-3 line 3,0,862209738.0,HCRIS FY2024 (periods beginning 2023-10-01..2024-09-30); acute member CCNs; annualized where needed,0,0,3.1,False,False,False,False,https://data.cms.gov/sites/default/files/2026-09/e85544f7-57ef-477e-9640-313ac0aac400/CostReport_2024_Final.csv,CMS Hospital Provider Cost Report FY2024 (periods beginning 2023-10-01..2024-09-30); file modified 2026-09-29
HSI00000060,Atlantic Health System,Morristown,NJ,NJ,1,True,6,5,1568.0,0.0,1.0,nonprofit,100.0,0,2023 (rev. 2025-09),https://www.ahrq.gov/sites/default/files/wysiwyg/chsp/compendium/chsp-compendium-2023-rev.xlsx,AHRQ Compendium 2023 (system file rev. 2025-09); systems as of end-2023,False,3399656618.0,HCRIS FY2023 (FY2022 fallback); acute member hospitals; G-3 line 3,0,3743973894.0,HCRIS FY2024 (periods beginning 2023-10-01..2024-09-30); acute member CCNs; annualized where needed,0,0,10.1,False,False,False,False,https://data.cms.gov/sites/default/files/2026-09/e85544f7-57ef-477e-9640-313ac0aac400/CostReport_2024_Final.csv,CMS Hospital Provider Cost Report FY2024 (periods beginning 2023-10-01..2024-09-30); file modified 2026-09-29
HSI00001396,Cape Regional Health System,Cape May Court House,NJ,NJ,1,True,1,1,149.0,0.0,1.0,nonprofit,100.0,0,2023 (rev. 2025-09),https://www.ahrq.gov/sites/default/files/wysiwyg/chsp/compendium/chsp-compendium-2023-rev.xlsx,AHRQ Compendium 2023 (system file rev. 2025-09); systems as of end-2023,False,130402745.0,HCRIS FY2023 (FY2022 fallback); acute member hospitals; G-3 line 3,0,134033053.0,HCRIS FY2024 (periods beginning 2023-10-01..2024-09-30); acute member CCNs; annualized where needed,0,0,2.8,False,False,False,False,https://data.cms.gov/sites/default/files/2026-09/e85544f7-57ef-477e-9640-313ac0aac400/CostReport_2024_Final.csv,CMS Hospital Provider Cost Report FY2024 (periods beginning 2023-10-01..2024-09-30); file modified 2026-09-29
HSI00000164,Capital Health System,Trenton,NJ,NJ,1,True,2,2,382.0,0.0,1.0,nonprofit,100.0,0,2023 (rev. 2025-09),https://www.ahrq.gov/sites/default/files/wysiwyg/chsp/compendium/chsp-compendium-2023-rev.xlsx,AHRQ Compendium 2023 (system file rev. 2025-09); systems as of end-2023,False,1329494907.0,HCRIS FY2023 (FY2022 fallback); acute member hospitals; G-3 line 3,0,1198378911.0,HCRIS FY2024 (periods beginning 2023-10-01..2024-09-30); acute member CCNs; annualized where needed,0,0,-9.9,False,False,False,False,https://data.cms.gov/sites/default/files/2026-09/e85544f7-57ef-477e-9640-313ac0aac400/CostReport_2024_Final.csv,CMS Hospital Provider Cost Report FY2024 (periods beginning 2023-10-01..2024-09-30); file modified 2026-09-29
HSI00000194,Centrastate Healthcare System,Freehold,NJ,NJ,1,True,1,1,240.0,0.0,1.0,nonprofit,100.0,0,2023 (rev. 2025-09),https://www.ahrq.gov/sites/default/files/wysiwyg/chsp/compendium/chsp-compendium-2023-rev.xlsx,AHRQ Compendium 2023 (system file rev. 2025-09); systems as of end-2023,False,307776553.0,HCRIS FY2023 (FY2022 fallback); acute member hospitals; G-3 line 3,0,380309433.0,HCRIS FY2024 (periods beginning 2023-10-01..2024-09-30); acute member CCNs; annualized where needed,0,0,23.6,False,False,False,False,https://data.cms.gov/sites/default/files/2026-09/e85544f7-57ef-477e-9640-313ac0aac400/CostReport_2024_Final.csv,CMS Hospital Provider Cost Report FY2024 (periods beginning 2023-10-01..2024-09-30); file modified 2026-09-29
HSI00001079,Cooper University Health Care,Camden,NJ,NJ,1,True,1,1,578.0,1.0,1.0,nonprofit,100.0,0,2023 (rev. 2025-09),https://www.ahrq.gov/sites/default/files/wysiwyg/chsp/compendium/chsp-compendium-2023-rev.xlsx,AHRQ Compendium 2023 (system file rev. 2025-09); systems as of end-2023,False,1608952000.0,HCRIS FY2023 (FY2022 fallback); acute member hospitals; G-3 line 3,0,1759165369.0,HCRIS FY2024 (periods beginning 2023-10-01..2024-09-30); acute member CCNs; annualized where needed,0,0,9.3,False,False,False,False,https://data.cms.gov/sites/default/files/2026-09/e85544f7-57ef-477e-9640-313ac0aac400/CostReport_2024_Final.csv,CMS Hospital Provider Cost Report FY2024 (periods beginning 2023-10-01..2024-09-30); file modified 2026-09-29
HSI00001442,Englewood Health,Englewood,NJ,NJ,1,True,1,1,274.0,0.0,1.0,nonprofit,100.0,0,2023 (rev. 2025-09),https://www.ahrq.gov/sites/default/files/wysiwyg/chsp/compendium/chsp-compendium-2023-rev.xlsx,AHRQ Compendium 2023 (system file rev. 2025-09); systems as of end-2023,False,1062660425.0,HCRIS FY2023 (FY2022 fallback); acute member hospitals; G-3 line 3,0,1162115092.0,HCRIS FY2024 (periods beginning 2023-10-01..2024-09-30); acute member CCNs; annualized where needed,0,0,9.4,False,False,False,False,https://data.cms.gov/sites/default/files/2026-09/e85544f7-57ef-477e-9640-313ac0aac400/CostReport_2024_Final.csv,CMS Hospital Provider Cost Report FY2024 (periods beginning 2023-10-01..2024-09-30); file modified 2026-09-29
HSI00000439,Hackensack Meridian Health,Edison,NJ,NJ,1,True,13,10,3075.0,1.0,1.0,nonprofit,100.0,0,2023 (rev. 2025-09),https://www.ahrq.gov/sites/default/files/wysiwyg/chsp/compendium/chsp-compendium-2023-rev.xlsx,AHRQ Compendium 2023 (system file rev. 2025-09); systems as of end-2023,False,6382999921.0,HCRIS FY2023 (FY2022 fallback); acute member hospitals; G-3 line 3,1,7057878437.0,HCRIS FY2024 (periods beginning 2023-10-01..2024-09-30); acute member CCNs; annualized where needed,1,0,10.6,False,True,False,False,https://data.cms.gov/sites/default/files/2026-09/e85544f7-57ef-477e-9640-313ac0aac400/CostReport_2024_Final.csv,CMS Hospital Provider Cost Report FY2024 (periods beginning 2023-10-01..2024-09-30); file modified 2026-09-29
HSI00001389,Holy Name Medical Center,Teaneck,NJ,NJ,1,True,1,1,289.0,0.0,1.0,nonprofit,100.0,0,2023 (rev. 2025-09),https://www.ahrq.gov/sites/default/files/wysiwyg/chsp/compendium/chsp-compendium-2023-rev.xlsx,AHRQ Compendium 2023 (system file rev. 2025-09); systems as of end-2023,False,493379973.0,HCRIS FY2023 (FY2022 fallback); acute member hospitals; G-3 line 3,0,558679584.0,HCRIS FY2024 (periods beginning 2023-10-01..2024-09-30); acute member CCNs; annualized where needed,0,0,13.2,False,False,False,False,https://data.cms.gov/sites/default/files/2026-09/e85544f7-57ef-477e-9640-313ac0aac400/CostReport_2024_Final.csv,CMS Hospital Provider Cost Report FY2024 (periods beginning 2023-10-01..2024-09-30); file modified 2026-09-29
HSI00000502,Hunterdon Healthcare System,Flemington,NJ,NJ,1,True,1,1,184.0,0.0,1.0,nonprofit,100.0,0,2023 (rev. 2025-09),https://www.ahrq.gov/sites/default/files/wysiwyg/chsp/compendium/chsp-compendium-2023-rev.xlsx,AHRQ Compendium 2023 (system file rev. 2025-09); systems as of end-2023,False,392337764.0,HCRIS FY2023 (FY2022 fallback); acute member hospitals; G-3 line 3,0,422498810.0,HCRIS FY2024 (periods beginning 2023-10-01..2024-09-30); acute member CCNs; annualized where needed,0,0,7.7,False,False,False,False,https://data.cms.gov/sites/default/files/2026-09/e85544f7-57ef-477e-9640-313ac0aac400/CostReport_2024_Final.csv,CMS Hospital Provider Cost Report FY2024 (periods beginning 2023-10-01..2024-09-30); file modified 2026-09-29
HSI00000514,Inspira Health Network,Mullica Hill,NJ,NJ,1,True,4,4,679.0,0.0,1.0,nonprofit,83.4,1,2023 (rev. 2025-09),https://www.ahrq.gov/sites/default/files/wysiwyg/chsp/compendium/chsp-compendium-2023-rev.xlsx,AHRQ Compendium 2023 (system file rev. 2025-09); systems as of end-2023,True,1054852552.0,HCRIS FY2023 (FY2022 fallback); acute member hospitals; G-3 line 3,1,1117846242.0,HCRIS FY2024 (periods beginning 2023-10-01..2024-09-30); acute member CCNs; annualized where needed,2,0,6.0,False,True,False,False,https://data.cms.gov/sites/default/files/2026-09/e85544f7-57ef-477e-9640-313ac0aac400/CostReport_2024_Final.csv,CMS Hospital Provider Cost Report FY2024 (periods beginning 2023-10-01..2024-09-30); file modified 2026-09-29
HSI00000863,RWJBarnabas Health,West Orange,NJ,NJ,1,True,16,14,3966.0,1.0,1.0,nonprofit,98.7,1,2023 (rev. 2025-09),https://www.ahrq.gov/sites/default/files/wysiwyg/chsp/compendium/chsp-compendium-2023-rev.xlsx,AHRQ Compendium 2023 (system file rev. 2025-09); systems as of end-2023,True,6695462887.0,HCRIS FY2023 (FY2022 fallback); acute member hospitals; G-3 line 3,0,7360981170.0,HCRIS FY2024 (periods beginning 2023-10-01..2024-09-30); acute member CCNs; annualized where needed,1,0,9.9,False,True,False,False,https://data.cms.gov/sites/default/files/2026-09/e85544f7-57ef-477e-9640-313ac0aac400/CostReport_2024_Final.csv,CMS Hospital Provider Cost Report FY2024 (periods beginning 2023-10-01..2024-09-30); file modified 2026-09-29
HSI00000929,Saint Josephs Health,Paterson,NJ,NJ,1,True,2,2,681.0,1.0,2.0,church-operated,100.0,0,2023 (rev. 2025-09),https://www.ahrq.gov/sites/default/files/wysiwyg/chsp/compendium/chsp-compendium-2023-rev.xlsx,AHRQ Compendium 2023 (system file rev. 2025-09); systems as of end-2023,False,832108365.0,HCRIS FY2023 (FY2022 fallback); acute member hospitals; G-3 line 3,1,933410711.0,HCRIS FY2024 (periods beginning 2023-10-01..2024-09-30); acute member CCNs; annualized where needed,1,0,12.2,False,True,False,False,https://data.cms.gov/sites/default/files/2026-09/e85544f7-57ef-477e-9640-313ac0aac400/CostReport_2024_Final.csv,CMS Hospital Provider Cost Report FY2024 (periods beginning 2023-10-01..2024-09-30); file modified 2026-09-29
HSI00000942,Saint Peters Healthcare System,New Brunswick,NJ,NJ,1,True,1,1,352.0,0.0,1.0,nonprofit,100.0,0,2023 (rev. 2025-09),https://www.ahrq.gov/sites/default/files/wysiwyg/chsp/compendium/chsp-compendium-2023-rev.xlsx,AHRQ Compendium 2023 (system file rev. 2025-09); systems as of end-2023,False,549344505.0,HCRIS FY2023 (FY2022 fallback); acute member hospitals; G-3 line 3,0,589061302.0,HCRIS FY2024 (periods beginning 2023-10-01..2024-09-30); acute member CCNs; annualized where needed,0,0,7.2,False,False,False,False,https://data.cms.gov/sites/default/files/2026-09/e85544f7-57ef-477e-9640-313ac0aac400/CostReport_2024_Final.csv,CMS Hospital Provider Cost Report FY2024 (periods beginning 2023-10-01..2024-09-30); file modified 2026-09-29
HSI00001532,Shore Physicians Group,Somers Point,NJ,NJ,1,True,1,1,199.0,0.0,1.0,nonprofit,100.0,0,2023 (rev. 2025-09),https://www.ahrq.gov/sites/default/files/wysiwyg/chsp/compendium/chsp-compendium-2023-rev.xlsx,AHRQ Compendium 2023 (system file rev. 2025-09); systems as of end-2023,False,247528189.0,HCRIS FY2023 (FY2022 fallback); acute member hospitals; G-3 line 3,0,250669894.0,HCRIS FY2024 (periods beginning 2023-10-01..2024-09-30); acute member CCNs; annualized where needed,0,0,1.3,False,False,False,False,https://data.cms.gov/sites/default/files/2026-09/e85544f7-57ef-477e-9640-313ac0aac400/CostReport_2024_Final.csv,CMS Hospital Provider Cost Report FY2024 (periods beginning 2023-10-01..2024-09-30); file modified 2026-09-29
HSI00001218,Valley Health System,Ridgewood,NJ,NJ,1,True,1,1,385.0,0.0,1.0,nonprofit,100.0,0,2023 (rev. 2025-09),https://www.ahrq.gov/sites/default/files/wysiwyg/chsp/compendium/chsp-compendium-2023-rev.xlsx,AHRQ Compendium 2023 (system file rev. 2025-09); systems as of end-2023,False,1024442467.0,HCRIS FY2023 (FY2022 fallback); acute member hospitals; G-3 line 3,0,1089526146.0,HCRIS FY2024 (periods beginning 2023-10-01..2024-09-30); acute member CCNs; annualized where needed,0,0,6.4,False,False,False,False,https://data.cms.gov/sites/default/files/2026-09/e85544f7-57ef-477e-9640-313ac0aac400/CostReport_2024_Final.csv,CMS Hospital Provider Cost Report FY2024 (periods beginning 2023-10-01..2024-09-30); file modified 2026-09-29
HSI00001233,Virtua Health,Marlton,NJ,NJ,1,True,5,5,1329.0,0.0,1.0,nonprofit,100.0,0,2023 (rev. 2025-09),https://www.ahrq.gov/sites/default/files/wysiwyg/chsp/compendium/chsp-compendium-2023-rev.xlsx,AHRQ Compendium 2023 (system file rev. 2025-09); systems as of end-2023,False,2017054711.0,HCRIS FY2023 (FY2022 fallback); acute member hospitals; G-3 line 3,1,2256066534.0,HCRIS FY2024 (periods beginning 2023-10-01..2024-09-30); acute member CCNs; annualized where needed,1,0,11.8,False,True,False,False,https://data.cms.gov/sites/default/files/2026-09/e85544f7-57ef-477e-9640-313ac0aac400/CostReport_2024_Final.csv,CMS Hospital Provider Cost Report FY2024 (periods beginning 2023-10-01..2024-09-30); file modified 2026-09-29
HSI00000394,Gerald Champion Regional Medical Center,Alamogordo,NM,NM,1,True,1,1,66.0,0.0,1.0,nonprofit,100.0,0,2023 (rev. 2025-09),https://www.ahrq.gov/sites/default/files/wysiwyg/chsp/compendium/chsp-compendium-2023-rev.xlsx,AHRQ Compendium 2023 (system file rev. 2025-09); systems as of end-2023,False,245946571.0,HCRIS FY2023 (FY2022 fallback); acute member hospitals; G-3 line 3,0,323328171.0,HCRIS FY2024 (periods beginning 2023-10-01..2024-09-30); acute member CCNs; annualized where needed,0,0,31.5,False,False,True,False,https://data.cms.gov/sites/default/files/2026-09/e85544f7-57ef-477e-9640-313ac0aac400/CostReport_2024_Final.csv,CMS Hospital Provider Cost Report FY2024 (periods beginning 2023-10-01..2024-09-30); file modified 2026-09-29
HSI00000843,Presbyterian Healthcare Services,Albuquerque,NM,NM,1,True,9,9,1222.0,1.0,1.0,nonprofit,100.0,0,2023 (rev. 2025-09),https://www.ahrq.gov/sites/default/files/wysiwyg/chsp/compendium/chsp-compendium-2023-rev.xlsx,AHRQ Compendium 2023 (system file rev. 2025-09); systems as of end-2023,False,1933309042.0,HCRIS FY2023 (FY2022 fallback); acute member hospitals; G-3 line 3,2,2339157978.0,HCRIS FY2024 (periods beginning 2023-10-01..2024-09-30); acute member CCNs; annualized where needed,2,0,21.0,False,True,False,False,https://data.cms.gov/sites/default/files/2026-09/e85544f7-57ef-477e-9640-313ac0aac400/CostReport_2024_Final.csv,CMS Hospital Provider Cost Report FY2024 (periods beginning 2023-10-01..2024-09-30); file modified 2026-09-29
HSI00000956,San Juan Regional Medical Center,Farmington,NM,NM,1,True,2,1,191.0,1.0,1.0,nonprofit,100.0,0,2023 (rev. 2025-09),https://www.ahrq.gov/sites/default/files/wysiwyg/chsp/compendium/chsp-compendium-2023-rev.xlsx,AHRQ Compendium 2023 (system file rev. 2025-09); systems as of end-2023,False,346932388.0,HCRIS FY2023 (FY2022 fallback); acute member hospitals; G-3 line 3,0,367938584.0,HCRIS FY2024 (periods beginning 2023-10-01..2024-09-30); acute member CCNs; annualized where needed,0,0,6.1,False,False,False,False,https://data.cms.gov/sites/default/files/2026-09/e85544f7-57ef-477e-9640-313ac0aac400/CostReport_2024_Final.csv,CMS Hospital Provider Cost Report FY2024 (periods beginning 2023-10-01..2024-09-30); file modified 2026-09-29
HSI00000178,Carson Tahoe Health,Carson City,NV,NV,1,True,3,1,175.0,0.0,1.0,nonprofit,100.0,0,2023 (rev. 2025-09),https://www.ahrq.gov/sites/default/files/wysiwyg/chsp/compendium/chsp-compendium-2023-rev.xlsx,AHRQ Compendium 2023 (system file rev. 2025-09); systems as of end-2023,False,359182636.0,HCRIS FY2023 (FY2022 fallback); acute member hospitals; G-3 line 3,0,419840412.0,HCRIS FY2024 (periods beginning 2023-10-01..2024-09-30); acute member CCNs; annualized where needed,0,0,16.9,False,False,False,False,https://data.cms.gov/sites/default/files/2026-09/e85544f7-57ef-477e-9640-313ac0aac400/CostReport_2024_Final.csv,CMS Hospital Provider Cost Report FY2024 (periods beginning 2023-10-01..2024-09-30); file modified 2026-09-29
HSI00000874,Renown Health,Reno,NV,NV,1,True,3,2,592.0,0.0,1.0,nonprofit,100.0,0,2023 (rev. 2025-09),https://www.ahrq.gov/sites/default/files/wysiwyg/chsp/compendium/chsp-compendium-2023-rev.xlsx,AHRQ Compendium 2023 (system file rev. 2025-09); systems as of end-2023,False,1098864687.0,HCRIS FY2023 (FY2022 fallback); acute member hospitals; G-3 line 3,1,1510003258.0,HCRIS FY2024 (periods beginning 2023-10-01..2024-09-30); acute member CCNs; annualized where needed,0,0,37.4,False,True,True,False,https://data.cms.gov/sites/default/files/2026-09/e85544f7-57ef-477e-9640-313ac0aac400/CostReport_2024_Final.csv,CMS Hospital Provider Cost Report FY2024 (periods beginning 2023-10-01..2024-09-30); file modified 2026-09-29
HSI00000019,Albany Medical Center,Albany,NY,NY,1,True,3,2,890.0,0.0,1.0,nonprofit,100.0,0,2023 (rev. 2025-09),https://www.ahrq.gov/sites/default/files/wysiwyg/chsp/compendium/chsp-compendium-2023-rev.xlsx,AHRQ Compendium 2023 (system file rev. 2025-09); systems as of end-2023,False,1674703576.0,HCRIS FY2023 (FY2022 fallback); acute member hospitals; G-3 line 3,0,1709870023.0,HCRIS FY2024 (periods beginning 2023-10-01..2024-09-30); acute member CCNs; annualized where needed,0,0,2.1,False,False,False,False,https://data.cms.gov/sites/default/files/2026-09/e85544f7-57ef-477e-9640-313ac0aac400/CostReport_2024_Final.csv,CMS Hospital Provider Cost Report FY2024 (periods beginning 2023-10-01..2024-09-30); file modified 2026-09-29
HSI00000052,Arnot Health,Elmira,NY,NY,1,True,3,3,206.0,1.0,1.0,nonprofit,100.0,0,2023 (rev. 2025-09),https://www.ahrq.gov/sites/default/files/wysiwyg/chsp/compendium/chsp-compendium-2023-rev.xlsx,AHRQ Compendium 2023 (system file rev. 2025-09); systems as of end-2023,False,328076798.0,HCRIS FY2023 (FY2022 fallback); acute member hospitals; G-3 line 3,1,392300568.0,HCRIS FY2024 (periods beginning 2023-10-01..2024-09-30); acute member CCNs; annualized where needed,1,0,19.6,False,True,False,False,https://data.cms.gov/sites/default/files/2026-09/e85544f7-57ef-477e-9640-313ac0aac400/CostReport_2024_Final.csv,CMS Hospital Provider Cost Report FY2024 (periods beginning 2023-10-01..2024-09-30); file modified 2026-09-29
HSI00001283,Auburn Community Hospital,Auburn,NY,NY,1,True,1,1,85.0,0.0,1.0,nonprofit,100.0,0,2023 (rev. 2025-09),https://www.ahrq.gov/sites/default/files/wysiwyg/chsp/compendium/chsp-compendium-2023-rev.xlsx,AHRQ Compendium 2023 (system file rev. 2025-09); systems as of end-2023,False,141092496.0,HCRIS FY2023 (FY2022 fallback); acute member hospitals; G-3 line 3,0,175655718.0,HCRIS FY2024 (periods beginning 2023-10-01..2024-09-30); acute member CCNs; annualized where needed,0,0,24.5,False,False,False,False,https://data.cms.gov/sites/default/files/2026-09/e85544f7-57ef-477e-9640-313ac0aac400/CostReport_2024_Final.csv,CMS Hospital Provider Cost Report FY2024 (periods beginning 2023-10-01..2024-09-30); file modified 2026-09-29
HSI00000087,Bassett Healthcare Network,Cooperstown,NY,NY,1,True,5,5,279.0,0.0,1.0,nonprofit,81.0,1,2023 (rev. 2025-09),https://www.ahrq.gov/sites/default/files/wysiwyg/chsp/compendium/chsp-compendium-2023-rev.xlsx,AHRQ Compendium 2023 (system file rev. 2025-09); systems as of end-2023,True,710966419.0,HCRIS FY2023 (FY2022 fallback); acute member hospitals; G-3 line 3,0,901064933.0,HCRIS FY2024 (periods beginning 2023-10-01..2024-09-30); acute member CCNs; annualized where needed,0,0,26.7,False,False,True,False,https://data.cms.gov/sites/default/files/2026-09/e85544f7-57ef-477e-9640-313ac0aac400/CostReport_2024_Final.csv,CMS Hospital Provider Cost Report FY2024 (periods beginning 2023-10-01..2024-09-30); file modified 2026-09-29
HSI00000140,BronxCare Health System,Bronx,NY,NY,1,True,1,1,454.0,1.0,1.0,nonprofit,100.0,0,2023 (rev. 2025-09),https://www.ahrq.gov/sites/default/files/wysiwyg/chsp/compendium/chsp-compendium-2023-rev.xlsx,AHRQ Compendium 2023 (system file rev. 2025-09); systems as of end-2023,False,871269556.0,HCRIS FY2023 (FY2022 fallback); acute member hospitals; G-3 line 3,0,983263032.0,HCRIS FY2024 (periods beginning 2023-10-01..2024-09-30); acute member CCNs; annualized where needed,0,0,12.9,False,False,False,False,https://data.cms.gov/sites/default/files/2026-09/e85544f7-57ef-477e-9640-313ac0aac400/CostReport_2024_Final.csv,CMS Hospital Provider Cost Report FY2024 (periods beginning 2023-10-01..2024-09-30); file modified 2026-09-29
HSI00001288,Brookdale University Hospital And Medical Center,Brooklyn,NY,NY,1,True,1,1,498.0,1.0,1.0,nonprofit,100.0,0,2023 (rev. 2025-09),https://www.ahrq.gov/sites/default/files/wysiwyg/chsp/compendium/chsp-compendium-2023-rev.xlsx,AHRQ Compendium 2023 (system file rev. 2025-09); systems as of end-2023,False,680306497.0,HCRIS FY2023 (FY2022 fallback); acute member hospitals; G-3 line 3,0,739267568.0,HCRIS FY2024 (periods beginning 2023-10-01..2024-09-30); acute member CCNs; annualized where needed,0,0,8.7,False,False,False,False,https://data.cms.gov/sites/default/files/2026-09/e85544f7-57ef-477e-9640-313ac0aac400/CostReport_2024_Final.csv,CMS Hospital Provider Cost Report FY2024 (periods beginning 2023-10-01..2024-09-30); file modified 2026-09-29
HSI00000186,Catholic Health,Rockville Centre,NY,NY,1,True,6,6,1724.0,1.0,2.0,church-operated,100.0,0,2023 (rev. 2025-09),https://www.ahrq.gov/sites/default/files/wysiwyg/chsp/compendium/chsp-compendium-2023-rev.xlsx,AHRQ Compendium 2023 (system file rev. 2025-09); systems as of end-2023,False,2587604508.0,HCRIS FY2023 (FY2022 fallback); acute member hospitals; G-3 line 3,0,2774021738.0,HCRIS FY2024 (periods beginning 2023-10-01..2024-09-30); acute member CCNs; annualized where needed,0,0,7.2,False,False,False,False,https://data.cms.gov/sites/default/files/2026-09/e85544f7-57ef-477e-9640-313ac0aac400/CostReport_2024_Final.csv,CMS Hospital Provider Cost Report FY2024 (periods beginning 2023-10-01..2024-09-30); file modified 2026-09-29
HSI00001430,Catholic Health Systems,Buffalo,NY,NY,1,True,5,5,1046.0,1.0,2.0,church-operated,100.0,0,2023 (rev. 2025-09),https://www.ahrq.gov/sites/default/files/wysiwyg/chsp/compendium/chsp-compendium-2023-rev.xlsx,AHRQ Compendium 2023 (system file rev. 2025-09); systems as of end-2023,False,1102141213.0,HCRIS FY2023 (FY2022 fallback); acute member hospitals; G-3 line 3,0,1268450667.0,HCRIS FY2024 (periods beginning 2023-10-01..2024-09-30); acute member CCNs; annualized where needed,0,0,15.1,False,False,False,False,https://data.cms.gov/sites/default/files/2026-09/e85544f7-57ef-477e-9640-313ac0aac400/CostReport_2024_Final.csv,CMS Hospital Provider Cost Report FY2024 (periods beginning 2023-10-01..2024-09-30); file modified 2026-09-29
HSI00000189,Cayuga Medical Center,Ithaca,NY,NY,1,True,2,2,114.0,0.0,1.0,nonprofit,100.0,0,2023 (rev. 2025-09),https://www.ahrq.gov/sites/default/files/wysiwyg/chsp/compendium/chsp-compendium-2023-rev.xlsx,AHRQ Compendium 2023 (system file rev. 2025-09); systems as of end-2023,False,303402454.0,HCRIS FY2023 (FY2022 fallback); acute member hospitals; G-3 line 3,1,402820465.0,HCRIS FY2024 (periods beginning 2023-10-01..2024-09-30); acute member CCNs; annualized where needed,0,0,32.8,False,True,True,False,https://data.cms.gov/sites/default/files/2026-09/e85544f7-57ef-477e-9640-313ac0aac400/CostReport_2024_Final.csv,CMS Hospital Provider Cost Report FY2024 (periods beginning 2023-10-01..2024-09-30); file modified 2026-09-29
HSI00000236,Columbia Memorial Health,Hudson,NY,NY,1,True,1,1,192.0,0.0,1.0,nonprofit,100.0,0,2023 (rev. 2025-09),https://www.ahrq.gov/sites/default/files/wysiwyg/chsp/compendium/chsp-compendium-2023-rev.xlsx,AHRQ Compendium 2023 (system file rev. 2025-09); systems as of end-2023,False,129707715.0,HCRIS FY2023 (FY2022 fallback); acute member hospitals; G-3 line 3,0,156210885.0,HCRIS FY2024 (periods beginning 2023-10-01..2024-09-30); acute member CCNs; annualized where needed,0,0,20.4,False,False,False,False,https://data.cms.gov/sites/default/files/2026-09/e85544f7-57ef-477e-9640-313ac0aac400/CostReport_2024_Final.csv,CMS Hospital Provider Cost Report FY2024 (periods beginning 2023-10-01..2024-09-30); file modified 2026-09-29
HSI00001386,Crouse Health System,Syracuse,NY,NY,1,True,1,1,502.0,0.0,1.0,nonprofit,100.0,0,2023 (rev. 2025-09),https://www.ahrq.gov/sites/default/files/wysiwyg/chsp/compendium/chsp-compendium-2023-rev.xlsx,AHRQ Compendium 2023 (system file rev. 2025-09); systems as of end-2023,False,533777689.0,HCRIS FY2023 (FY2022 fallback); acute member hospitals; G-3 line 3,0,556154947.0,HCRIS FY2024 (periods beginning 2023-10-01..2024-09-30); acute member CCNs; annualized where needed,0,0,4.2,False,False,False,False,https://data.cms.gov/sites/default/files/2026-09/e85544f7-57ef-477e-9640-313ac0aac400/CostReport_2024_Final.csv,CMS Hospital Provider Cost Report FY2024 (periods beginning 2023-10-01..2024-09-30); file modified 2026-09-29
HSI00000339,Ellis Medicine,Schenectady,NY,NY,1,True,2,2,270.0,0.0,1.0,nonprofit,100.0,0,2023 (rev. 2025-09),https://www.ahrq.gov/sites/default/files/wysiwyg/chsp/compendium/chsp-compendium-2023-rev.xlsx,AHRQ Compendium 2023 (system file rev. 2025-09); systems as of end-2023,False,401432172.0,HCRIS FY2023 (FY2022 fallback); acute member hospitals; G-3 line 3,1,435312734.0,HCRIS FY2024 (periods beginning 2023-10-01..2024-09-30); acute member CCNs; annualized where needed,1,0,8.4,False,True,False,False,https://data.cms.gov/sites/default/files/2026-09/e85544f7-57ef-477e-9640-313ac0aac400/CostReport_2024_Final.csv,CMS Hospital Provider Cost Report FY2024 (periods beginning 2023-10-01..2024-09-30); file modified 2026-09-29
HSI00000347,Episcopal Health Services,Garden City,NY,NY,1,True,1,1,140.0,1.0,1.0,nonprofit,100.0,0,2023 (rev. 2025-09),https://www.ahrq.gov/sites/default/files/wysiwyg/chsp/compendium/chsp-compendium-2023-rev.xlsx,AHRQ Compendium 2023 (system file rev. 2025-09); systems as of end-2023,False,238874000.0,HCRIS FY2023 (FY2022 fallback); acute member hospitals; G-3 line 3,0,257538498.0,HCRIS FY2024 (periods beginning 2023-10-01..2024-09-30); acute member CCNs; annualized where needed,0,0,7.8,False,False,False,False,https://data.cms.gov/sites/default/files/2026-09/e85544f7-57ef-477e-9640-313ac0aac400/CostReport_2024_Final.csv,CMS Hospital Provider Cost Report FY2024 (periods beginning 2023-10-01..2024-09-30); file modified 2026-09-29
HSI00000362,Finger Lakes Regional Health System,Geneva,NY,NY,1,True,2,2,142.0,0.0,1.0,nonprofit,100.0,0,2023 (rev. 2025-09),https://www.ahrq.gov/sites/default/files/wysiwyg/chsp/compendium/chsp-compendium-2023-rev.xlsx,AHRQ Compendium 2023 (system file rev. 2025-09); systems as of end-2023,False,145485873.0,HCRIS FY2023 (FY2022 fallback); acute member hospitals; G-3 line 3,0,169559220.0,HCRIS FY2024 (periods beginning 2023-10-01..2024-09-30); acute member CCNs; annualized where needed,0,0,16.5,False,False,False,False,https://data.cms.gov/sites/default/files/2026-09/e85544f7-57ef-477e-9640-313ac0aac400/CostReport_2024_Final.csv,CMS Hospital Provider Cost Report FY2024 (periods beginning 2023-10-01..2024-09-30); file modified 2026-09-29
HSI00000423,Garnet Health,Middletown,NY,NY,1,True,3,3,420.0,0.0,1.0,nonprofit,100.0,0,2023 (rev. 2025-09),https://www.ahrq.gov/sites/default/files/wysiwyg/chsp/compendium/chsp-compendium-2023-rev.xlsx,AHRQ Compendium 2023 (system file rev. 2025-09); systems as of end-2023,False,653970977.0,HCRIS FY2023 (FY2022 fallback); acute member hospitals; G-3 line 3,0,730218016.0,HCRIS FY2024 (periods beginning 2023-10-01..2024-09-30); acute member CCNs; annualized where needed,0,0,11.7,False,False,False,False,https://data.cms.gov/sites/default/files/2026-09/e85544f7-57ef-477e-9640-313ac0aac400/CostReport_2024_Final.csv,CMS Hospital Provider Cost Report FY2024 (periods beginning 2023-10-01..2024-09-30); file modified 2026-09-29
HSI00000401,Glens Falls Hospital,Glens Falls,NY,NY,1,True,1,1,391.0,0.0,1.0,nonprofit,100.0,0,2023 (rev. 2025-09),https://www.ahrq.gov/sites/default/files/wysiwyg/chsp/compendium/chsp-compendium-2023-rev.xlsx,AHRQ Compendium 2023 (system file rev. 2025-09); systems as of end-2023,False,363748525.0,HCRIS FY2023 (FY2022 fallback); acute member hospitals; G-3 line 3,0,424301463.0,HCRIS FY2024 (periods beginning 2023-10-01..2024-09-30); acute member CCNs; annualized where needed,0,0,16.6,False,False,False,False,https://data.cms.gov/sites/default/files/2026-09/e85544f7-57ef-477e-9640-313ac0aac400/CostReport_2024_Final.csv,CMS Hospital Provider Cost Report FY2024 (periods beginning 2023-10-01..2024-09-30); file modified 2026-09-29
HSI00000515,Interfaith Medical Center,Brooklyn,NY,NY,1,True,1,1,,,1.0,nonprofit,,0,2023 (rev. 2025-09),https://www.ahrq.gov/sites/default/files/wysiwyg/chsp/compendium/chsp-compendium-2023-rev.xlsx,AHRQ Compendium 2023 (system file rev. 2025-09); systems as of end-2023,False,,HCRIS FY2023 (FY2022 fallback); acute member hospitals; G-3 line 3,1,,HCRIS FY2024 (periods beginning 2023-10-01..2024-09-30); acute member CCNs; annualized where needed,1,0,,True,True,False,False,https://data.cms.gov/sites/default/files/2026-09/e85544f7-57ef-477e-9640-313ac0aac400/CostReport_2024_Final.csv,CMS Hospital Provider Cost Report FY2024 (periods beginning 2023-10-01..2024-09-30); file modified 2026-09-29
HSI00000537,Kaleida Health,Buffalo,NY,NY;PA,2,True,4,4,1176.0,0.0,1.0,nonprofit,100.0,0,2023 (rev. 2025-09),https://www.ahrq.gov/sites/default/files/wysiwyg/chsp/compendium/chsp-compendium-2023-rev.xlsx,AHRQ Compendium 2023 (system file rev. 2025-09); systems as of end-2023,False,1710307175.0,HCRIS FY2023 (FY2022 fallback); acute member hospitals; G-3 line 3,1,1941983576.0,HCRIS FY2024 (periods beginning 2023-10-01..2024-09-30); acute member CCNs; annualized where needed,1,0,13.5,False,True,False,False,https://data.cms.gov/sites/default/files/2026-09/e85544f7-57ef-477e-9640-313ac0aac400/CostReport_2024_Final.csv,CMS Hospital Provider Cost Report FY2024 (periods beginning 2023-10-01..2024-09-30); file modified 2026-09-29
HSI00000642,Medisys Health Network,Jamaica,NY,NY,1,True,2,2,528.0,1.0,1.0,nonprofit,100.0,0,2023 (rev. 2025-09),https://www.ahrq.gov/sites/default/files/wysiwyg/chsp/compendium/chsp-compendium-2023-rev.xlsx,AHRQ Compendium 2023 (system file rev. 2025-09); systems as of end-2023,False,1027920756.0,HCRIS FY2023 (FY2022 fallback); acute member hospitals; G-3 line 3,0,1086333488.0,HCRIS FY2024 (periods beginning 2023-10-01..2024-09-30); acute member CCNs; annualized where needed,0,0,5.7,False,False,False,False,https://data.cms.gov/sites/default/files/2026-09/e85544f7-57ef-477e-9640-313ac0aac400/CostReport_2024_Final.csv,CMS Hospital Provider Cost Report FY2024 (periods beginning 2023-10-01..2024-09-30); file modified 2026-09-29
HSI00000697,Mohawk Valley Health System,Utica,NY,NY,1,True,1,1,346.0,0.0,1.0,nonprofit,100.0,0,2023 (rev. 2025-09),https://www.ahrq.gov/sites/default/files/wysiwyg/chsp/compendium/chsp-compendium-2023-rev.xlsx,AHRQ Compendium 2023 (system file rev. 2025-09); systems as of end-2023,False,413478743.0,HCRIS FY2023 (FY2022 fallback); acute member hospitals; G-3 line 3,0,620428859.0,HCRIS FY2024 (periods beginning 2023-10-01..2024-09-30); acute member CCNs; annualized where needed,0,0,50.1,False,False,True,False,https://data.cms.gov/sites/default/files/2026-09/e85544f7-57ef-477e-9640-313ac0aac400/CostReport_2024_Final.csv,CMS Hospital Provider Cost Report FY2024 (periods beginning 2023-10-01..2024-09-30); file modified 2026-09-29
HSI00000700,Montefiore Medical Center,Bronx,NY,NY,1,True,8,7,2370.0,1.0,1.0,nonprofit,100.0,0,2023 (rev. 2025-09),https://www.ahrq.gov/sites/default/files/wysiwyg/chsp/compendium/chsp-compendium-2023-rev.xlsx,AHRQ Compendium 2023 (system file rev. 2025-09); systems as of end-2023,False,5475947995.0,HCRIS FY2023 (FY2022 fallback); acute member hospitals; G-3 line 3,1,6528364932.0,HCRIS FY2024 (periods beginning 2023-10-01..2024-09-30); acute member CCNs; annualized where needed,1,0,19.2,False,True,False,True,https://data.cms.gov/sites/default/files/2026-09/e85544f7-57ef-477e-9640-313ac0aac400/CostReport_2024_Final.csv,CMS Hospital Provider Cost Report FY2024 (periods beginning 2023-10-01..2024-09-30); file modified 2026-09-29
HSI00000711,Mount Sinai Health System,New York,NY,NY,1,True,5,4,2429.0,1.0,1.0,nonprofit,100.0,0,2023 (rev. 2025-09),https://www.ahrq.gov/sites/default/files/wysiwyg/chsp/compendium/chsp-compendium-2023-rev.xlsx,AHRQ Compendium 2023 (system file rev. 2025-09); systems as of end-2023,False,8458357995.0,HCRIS FY2023 (FY2022 fallback); acute member hospitals; G-3 line 3,0,6502514783.0,HCRIS FY2024 (periods beginning 2023-10-01..2024-09-30); acute member CCNs; annualized where needed,0,0,-23.1,False,False,False,True,https://data.cms.gov/sites/default/files/2026-09/e85544f7-57ef-477e-9640-313ac0aac400/CostReport_2024_Final.csv,CMS Hospital Provider Cost Report FY2024 (periods beginning 2023-10-01..2024-09-30); file modified 2026-09-29
HSI00000717,NYU Langone Health,New York,NY,NY,1,True,5,4,1780.0,0.0,1.0,nonprofit,100.0,0,2023 (rev. 2025-09),https://www.ahrq.gov/sites/default/files/wysiwyg/chsp/compendium/chsp-compendium-2023-rev.xlsx,AHRQ Compendium 2023 (system file rev. 2025-09); systems as of end-2023,False,7505770169.0,HCRIS FY2023 (FY2022 fallback); acute member hospitals; G-3 line 3,2,,HCRIS FY2024 (periods beginning 2023-10-01..2024-09-30); acute member CCNs; annualized where needed,4,0,,False,True,False,False,https://data.cms.gov/sites/default/files/2026-09/e85544f7-57ef-477e-9640-313ac0aac400/CostReport_2024_Final.csv,CMS Hospital Provider Cost Report FY2024 (periods beginning 2023-10-01..2024-09-30); file modified 2026-09-29
HSI00000731,New York Presbyterian Healthcare System,New York,NY,NY,1,True,8,7,3454.0,1.0,1.0,nonprofit,100.0,0,2023 (rev. 2025-09),https://www.ahrq.gov/sites/default/files/wysiwyg/chsp/compendium/chsp-compendium-2023-rev.xlsx,AHRQ Compendium 2023 (system file rev. 2025-09); systems as of end-2023,False,10592554644.0,HCRIS FY2023 (FY2022 fallback); acute member hospitals; G-3 line 3,4,11453397826.0,HCRIS FY2024 (periods beginning 2023-10-01..2024-09-30); acute member CCNs; annualized where needed,4,0,8.1,False,True,False,False,https://data.cms.gov/sites/default/files/2026-09/e85544f7-57ef-477e-9640-313ac0aac400/CostReport_2024_Final.csv,CMS Hospital Provider Cost Report FY2024 (periods beginning 2023-10-01..2024-09-30); file modified 2026-09-29
HSI00000737,Niagara Falls Memorial Medical Center,Niagara Falls,NY,NY,1,True,1,1,133.0,1.0,1.0,nonprofit,100.0,0,2023 (rev. 2025-09),https://www.ahrq.gov/sites/default/files/wysiwyg/chsp/compendium/chsp-compendium-2023-rev.xlsx,AHRQ Compendium 2023 (system file rev. 2025-09); systems as of end-2023,False,90885078.0,HCRIS FY2023 (FY2022 fallback); acute member hospitals; G-3 line 3,0,97517747.0,HCRIS FY2024 (periods beginning 2023-10-01..2024-09-30); acute member CCNs; annualized where needed,0,0,7.3,False,False,False,False,https://data.cms.gov/sites/default/files/2026-09/e85544f7-57ef-477e-9640-313ac0aac400/CostReport_2024_Final.csv,CMS Hospital Provider Cost Report FY2024 (periods beginning 2023-10-01..2024-09-30); file modified 2026-09-29
HSI00000767,Northwell Health,New Hyde Park,NY,NY,1,True,19,18,5412.0,1.0,1.0,nonprofit,94.0,1,2023 (rev. 2025-09),https://www.ahrq.gov/sites/default/files/wysiwyg/chsp/compendium/chsp-compendium-2023-rev.xlsx,AHRQ Compendium 2023 (system file rev. 2025-09); systems as of end-2023,True,13534973554.0,HCRIS FY2023 (FY2022 fallback); acute member hospitals; G-3 line 3,2,16008905901.0,HCRIS FY2024 (periods beginning 2023-10-01..2024-09-30); acute member CCNs; annualized where needed,2,0,18.3,False,True,False,True,https://data.cms.gov/sites/default/files/2026-09/e85544f7-57ef-477e-9640-313ac0aac400/CostReport_2024_Final.csv,CMS Hospital Provider Cost Report FY2024 (periods beginning 2023-10-01..2024-09-30); file modified 2026-09-29
HSI00000792,Oneida Health,Oneida,NY,NY,1,True,1,1,101.0,0.0,1.0,nonprofit,100.0,0,2023 (rev. 2025-09),https://www.ahrq.gov/sites/default/files/wysiwyg/chsp/compendium/chsp-compendium-2023-rev.xlsx,AHRQ Compendium 2023 (system file rev. 2025-09); systems as of end-2023,False,137917603.0,HCRIS FY2023 (FY2022 fallback); acute member hospitals; G-3 line 3,0,151703011.0,HCRIS FY2024 (periods beginning 2023-10-01..2024-09-30); acute member CCNs; annualized where needed,0,0,10.0,False,False,False,False,https://data.cms.gov/sites/default/files/2026-09/e85544f7-57ef-477e-9640-313ac0aac400/CostReport_2024_Final.csv,CMS Hospital Provider Cost Report FY2024 (periods beginning 2023-10-01..2024-09-30); file modified 2026-09-29
HSI00000798,Oswego Health,Oswego,NY,NY,1,True,1,1,132.0,0.0,1.0,nonprofit,100.0,0,2023 (rev. 2025-09),https://www.ahrq.gov/sites/default/files/wysiwyg/chsp/compendium/chsp-compendium-2023-rev.xlsx,AHRQ Compendium 2023 (system file rev. 2025-09); systems as of end-2023,False,144085310.0,HCRIS FY2023 (FY2022 fallback); acute member hospitals; G-3 line 3,0,141749555.0,HCRIS FY2024 (periods beginning 2023-10-01..2024-09-30); acute member CCNs; annualized where needed,0,0,-1.6,False,False,False,False,https://data.cms.gov/sites/default/files/2026-09/e85544f7-57ef-477e-9640-313ac0aac400/CostReport_2024_Final.csv,CMS Hospital Provider Cost Report FY2024 (periods beginning 2023-10-01..2024-09-30); file modified 2026-09-29
HSI00000879,Richmond University Medical Center,Staten Island,NY,NY,1,True,1,1,209.0,1.0,1.0,nonprofit,100.0,0,2023 (rev. 2025-09),https://www.ahrq.gov/sites/default/files/wysiwyg/chsp/compendium/chsp-compendium-2023-rev.xlsx,AHRQ Compendium 2023 (system file rev. 2025-09); systems as of end-2023,False,380053310.0,HCRIS FY2023 (FY2022 fallback); acute member hospitals; G-3 line 3,0,411808707.0,HCRIS FY2024 (periods beginning 2023-10-01..2024-09-30); acute member CCNs; annualized where needed,0,0,8.4,False,False,False,False,https://data.cms.gov/sites/default/files/2026-09/e85544f7-57ef-477e-9640-313ac0aac400/CostReport_2024_Final.csv,CMS Hospital Provider Cost Report FY2024 (periods beginning 2023-10-01..2024-09-30); file modified 2026-09-29
HSI00000882,Riverside Health Care System,Yonkers,NY,NY,1,True,2,2,319.0,1.0,1.0,nonprofit,100.0,0,2023 (rev. 2025-09),https://www.ahrq.gov/sites/default/files/wysiwyg/chsp/compendium/chsp-compendium-2023-rev.xlsx,AHRQ Compendium 2023 (system file rev. 2025-09); systems as of end-2023,False,268083536.0,HCRIS FY2023 (FY2022 fallback); acute member hospitals; G-3 line 3,1,255629636.0,HCRIS FY2024 (periods beginning 2023-10-01..2024-09-30); acute member CCNs; annualized where needed,1,0,-4.6,False,True,False,False,https://data.cms.gov/sites/default/files/2026-09/e85544f7-57ef-477e-9640-313ac0aac400/CostReport_2024_Final.csv,CMS Hospital Provider Cost Report FY2024 (periods beginning 2023-10-01..2024-09-30); file modified 2026-09-29
HSI00000889,Rochester Regional Health System,Rochester,NY,NY,1,True,6,6,1057.0,1.0,1.0,nonprofit,73.2,1,2023 (rev. 2025-09),https://www.ahrq.gov/sites/default/files/wysiwyg/chsp/compendium/chsp-compendium-2023-rev.xlsx,AHRQ Compendium 2023 (system file rev. 2025-09); systems as of end-2023,True,2158219376.0,HCRIS FY2023 (FY2022 fallback); acute member hospitals; G-3 line 3,0,2405298606.0,HCRIS FY2024 (periods beginning 2023-10-01..2024-09-30); acute member CCNs; annualized where needed,0,0,11.4,False,False,False,False,https://data.cms.gov/sites/default/files/2026-09/e85544f7-57ef-477e-9640-313ac0aac400/CostReport_2024_Final.csv,CMS Hospital Provider Cost Report FY2024 (periods beginning 2023-10-01..2024-09-30); file modified 2026-09-29
HSI00000910,SBH Health System,Bronx,NY,NY,1,True,1,1,283.0,1.0,1.0,nonprofit,100.0,0,2023 (rev. 2025-09),https://www.ahrq.gov/sites/default/files/wysiwyg/chsp/compendium/chsp-compendium-2023-rev.xlsx,AHRQ Compendium 2023 (system file rev. 2025-09); systems as of end-2023,False,470220492.0,HCRIS FY2023 (FY2022 fallback); acute member hospitals; G-3 line 3,0,495005468.0,HCRIS FY2024 (periods beginning 2023-10-01..2024-09-30); acute member CCNs; annualized where needed,0,0,5.3,False,False,False,False,https://data.cms.gov/sites/default/files/2026-09/e85544f7-57ef-477e-9640-313ac0aac400/CostReport_2024_Final.csv,CMS Hospital Provider Cost Report FY2024 (periods beginning 2023-10-01..2024-09-30); file modified 2026-09-29
HSI00000925,Saint Joseph Medical Center,Yonkers,NY,NY,1,True,1,1,122.0,1.0,1.0,nonprofit,100.0,0,2023 (rev. 2025-09),https://www.ahrq.gov/sites/default/files/wysiwyg/chsp/compendium/chsp-compendium-2023-rev.xlsx,AHRQ Compendium 2023 (system file rev. 2025-09); systems as of end-2023,False,229132098.0,HCRIS FY2023 (FY2022 fallback); acute member hospitals; G-3 line 3,0,263159534.0,HCRIS FY2024 (periods beginning 2023-10-01..2024-09-30); acute member CCNs; annualized where needed,0,0,14.9,False,False,False,False,https://data.cms.gov/sites/default/files/2026-09/e85544f7-57ef-477e-9640-313ac0aac400/CostReport_2024_Final.csv,CMS Hospital Provider Cost Report FY2024 (periods beginning 2023-10-01..2024-09-30); file modified 2026-09-29
HSI00000930,Saint Lawrence Health System,Potsdam,NY,NY,1,True,3,3,144.0,0.0,1.0,nonprofit,100.0,0,2023 (rev. 2025-09),https://www.ahrq.gov/sites/default/files/wysiwyg/chsp/compendium/chsp-compendium-2023-rev.xlsx,AHRQ Compendium 2023 (system file rev. 2025-09); systems as of end-2023,False,327757679.0,HCRIS FY2023 (FY2022 fallback); acute member hospitals; G-3 line 3,0,317790352.0,HCRIS FY2024 (periods beginning 2023-10-01..2024-09-30); acute member CCNs; annualized where needed,1,0,-3.0,False,True,False,False,https://data.cms.gov/sites/default/files/2026-09/e85544f7-57ef-477e-9640-313ac0aac400/CostReport_2024_Final.csv,CMS Hospital Provider Cost Report FY2024 (periods beginning 2023-10-01..2024-09-30); file modified 2026-09-29
HSI00001381,Saint Marys Healthcare,Amsterdam,NY,NY,1,True,2,1,100.0,0.0,1.0,nonprofit,100.0,0,2023 (rev. 2025-09),https://www.ahrq.gov/sites/default/files/wysiwyg/chsp/compendium/chsp-compendium-2023-rev.xlsx,AHRQ Compendium 2023 (system file rev. 2025-09); systems as of end-2023,False,151769773.0,HCRIS FY2023 (FY2022 fallback); acute member hospitals; G-3 line 3,0,173774438.0,HCRIS FY2024 (periods beginning 2023-10-01..2024-09-30); acute member CCNs; annualized where needed,0,0,14.5,False,False,False,False,https://data.cms.gov/sites/default/files/2026-09/e85544f7-57ef-477e-9640-313ac0aac400/CostReport_2024_Final.csv,CMS Hospital Provider Cost Report FY2024 (periods beginning 2023-10-01..2024-09-30); file modified 2026-09-29
HSI00000952,Samaritan Health,Watertown,NY,NY,1,True,2,2,185.0,0.0,1.0,nonprofit,100.0,0,2023 (rev. 2025-09),https://www.ahrq.gov/sites/default/files/wysiwyg/chsp/compendium/chsp-compendium-2023-rev.xlsx,AHRQ Compendium 2023 (system file rev. 2025-09); systems as of end-2023,False,323381706.0,HCRIS FY2023 (FY2022 fallback); acute member hospitals; G-3 line 3,0,349445856.0,HCRIS FY2024 (periods beginning 2023-10-01..2024-09-30); acute member CCNs; annualized where needed,0,1,8.1,False,False,False,False,https://data.cms.gov/sites/default/files/2026-09/e85544f7-57ef-477e-9640-313ac0aac400/CostReport_2024_Final.csv,CMS Hospital Provider Cost Report FY2024 (periods beginning 2023-10-01..2024-09-30); file modified 2026-09-29
HSI00001407,The Brooklyn Hospital Center,Brooklyn,NY,NY,1,True,1,1,236.0,1.0,1.0,nonprofit,100.0,0,2023 (rev. 2025-09),https://www.ahrq.gov/sites/default/files/wysiwyg/chsp/compendium/chsp-compendium-2023-rev.xlsx,AHRQ Compendium 2023 (system file rev. 2025-09); systems as of end-2023,False,429581616.0,HCRIS FY2023 (FY2022 fallback); acute member hospitals; G-3 line 3,0,428813166.0,HCRIS FY2024 (periods beginning 2023-10-01..2024-09-30); acute member CCNs; annualized where needed,0,0,-0.2,False,False,False,False,https://data.cms.gov/sites/default/files/2026-09/e85544f7-57ef-477e-9640-313ac0aac400/CostReport_2024_Final.csv,CMS Hospital Provider Cost Report FY2024 (periods beginning 2023-10-01..2024-09-30); file modified 2026-09-29
HSI00001138,United Health Services,Binghamton,NY,NY,1,True,3,3,412.0,0.0,1.0,nonprofit,100.0,0,2023 (rev. 2025-09),https://www.ahrq.gov/sites/default/files/wysiwyg/chsp/compendium/chsp-compendium-2023-rev.xlsx,AHRQ Compendium 2023 (system file rev. 2025-09); systems as of end-2023,False,912780704.0,HCRIS FY2023 (FY2022 fallback); acute member hospitals; G-3 line 3,0,1073629396.0,HCRIS FY2024 (periods beginning 2023-10-01..2024-09-30); acute member CCNs; annualized where needed,0,0,17.6,False,False,False,False,https://data.cms.gov/sites/default/files/2026-09/e85544f7-57ef-477e-9640-313ac0aac400/CostReport_2024_Final.csv,CMS Hospital Provider Cost Report FY2024 (periods beginning 2023-10-01..2024-09-30); file modified 2026-09-29
HSI00001179,University of Rochester Medical Center,Rochester,NY,NY,1,True,6,6,1254.0,0.0,1.0,nonprofit,100.0,0,2023 (rev. 2025-09),https://www.ahrq.gov/sites/default/files/wysiwyg/chsp/compendium/chsp-compendium-2023-rev.xlsx,AHRQ Compendium 2023 (system file rev. 2025-09); systems as of end-2023,False,4163540871.0,HCRIS FY2023 (FY2022 fallback); acute member hospitals; G-3 line 3,0,5253994677.0,HCRIS FY2024 (periods beginning 2023-10-01..2024-09-30); acute member CCNs; annualized where needed,0,0,26.2,False,False,True,False,https://data.cms.gov/sites/default/files/2026-09/e85544f7-57ef-477e-9640-313ac0aac400/CostReport_2024_Final.csv,CMS Hospital Provider Cost Report FY2024 (periods beginning 2023-10-01..2024-09-30); file modified 2026-09-29
HSI00000008,Adena Health System,Chillicothe,OH,OH,1,True,4,4,298.0,0.0,1.0,nonprofit,100.0,0,2023 (rev. 2025-09),https://www.ahrq.gov/sites/default/files/wysiwyg/chsp/compendium/chsp-compendium-2023-rev.xlsx,AHRQ Compendium 2023 (system file rev. 2025-09); systems as of end-2023,False,601769408.0,HCRIS FY2023 (FY2022 fallback); acute member hospitals; G-3 line 3,0,595787000.0,HCRIS FY2024 (periods beginning 2023-10-01..2024-09-30); acute member CCNs; annualized where needed,0,0,-1.0,False,False,False,False,https://data.cms.gov/sites/default/files/2026-09/e85544f7-57ef-477e-9640-313ac0aac400/CostReport_2024_Final.csv,CMS Hospital Provider Cost Report FY2024 (periods beginning 2023-10-01..2024-09-30); file modified 2026-09-29
HSI00000211,Akron Childrens Hospital,Akron,OH,OH,1,True,1,1,408.0,0.0,1.0,nonprofit,100.0,0,2023 (rev. 2025-09),https://www.ahrq.gov/sites/default/files/wysiwyg/chsp/compendium/chsp-compendium-2023-rev.xlsx,AHRQ Compendium 2023 (system file rev. 2025-09); systems as of end-2023,False,1113626754.0,HCRIS FY2023 (FY2022 fallback); acute member hospitals; G-3 line 3,0,1249831958.0,HCRIS FY2024 (periods beginning 2023-10-01..2024-09-30); acute member CCNs; annualized where needed,0,0,12.2,False,False,False,False,https://data.cms.gov/sites/default/files/2026-09/e85544f7-57ef-477e-9640-313ac0aac400/CostReport_2024_Final.csv,CMS Hospital Provider Cost Report FY2024 (periods beginning 2023-10-01..2024-09-30); file modified 2026-09-29
HSI00000065,Aultman Health Foundation,Canton,OH,OH,1,True,5,3,410.0,0.0,1.0,nonprofit,100.0,0,2023 (rev. 2025-09),https://www.ahrq.gov/sites/default/files/wysiwyg/chsp/compendium/chsp-compendium-2023-rev.xlsx,AHRQ Compendium 2023 (system file rev. 2025-09); systems as of end-2023,False,828154613.0,HCRIS FY2023 (FY2022 fallback); acute member hospitals; G-3 line 3,0,858324080.0,HCRIS FY2024 (periods beginning 2023-10-01..2024-09-30); acute member CCNs; annualized where needed,0,0,3.6,False,False,False,False,https://data.cms.gov/sites/default/files/2026-09/e85544f7-57ef-477e-9640-313ac0aac400/CostReport_2024_Final.csv,CMS Hospital Provider Cost Report FY2024 (periods beginning 2023-10-01..2024-09-30); file modified 2026-09-29
HSI00000116,Blanchard Valley Health System,Findlay,OH,OH,1,True,2,2,177.0,0.0,1.0,nonprofit,100.0,0,2023 (rev. 2025-09),https://www.ahrq.gov/sites/default/files/wysiwyg/chsp/compendium/chsp-compendium-2023-rev.xlsx,AHRQ Compendium 2023 (system file rev. 2025-09); systems as of end-2023,False,374711969.0,HCRIS FY2023 (FY2022 fallback); acute member hospitals; G-3 line 3,0,366632788.0,HCRIS FY2024 (periods beginning 2023-10-01..2024-09-30); acute member CCNs; annualized where needed,0,0,-2.2,False,False,False,False,https://data.cms.gov/sites/default/files/2026-09/e85544f7-57ef-477e-9640-313ac0aac400/CostReport_2024_Final.csv,CMS Hospital Provider Cost Report FY2024 (periods beginning 2023-10-01..2024-09-30); file modified 2026-09-29
HSI00001428,Bon Secours Mercy Health,Cincinnati,OH,KY;OH;SC;VA,4,True,37,36,5641.0,1.0,2.0,church-operated,100.0,0,2023 (rev. 2025-09),https://www.ahrq.gov/sites/default/files/wysiwyg/chsp/compendium/chsp-compendium-2023-rev.xlsx,AHRQ Compendium 2023 (system file rev. 2025-09); systems as of end-2023,False,9031417176.0,HCRIS FY2023 (FY2022 fallback); acute member hospitals; G-3 line 3,2,10151763575.0,HCRIS FY2024 (periods beginning 2023-10-01..2024-09-30); acute member CCNs; annualized where needed,2,8,12.4,False,True,False,False,https://data.cms.gov/sites/default/files/2026-09/e85544f7-57ef-477e-9640-313ac0aac400/CostReport_2024_Final.csv,CMS Hospital Provider Cost Report FY2024 (periods beginning 2023-10-01..2024-09-30); file modified 2026-09-29
HSI00000224,Cincinnati Childrens Hospital Medical Center,Cincinnati,OH,OH,1,True,1,1,711.0,0.0,1.0,nonprofit,100.0,0,2023 (rev. 2025-09),https://www.ahrq.gov/sites/default/files/wysiwyg/chsp/compendium/chsp-compendium-2023-rev.xlsx,AHRQ Compendium 2023 (system file rev. 2025-09); systems as of end-2023,False,2508408288.0,HCRIS FY2023 (FY2022 fallback); acute member hospitals; G-3 line 3,0,2876836000.0,HCRIS FY2024 (periods beginning 2023-10-01..2024-09-30); acute member CCNs; annualized where needed,0,0,14.7,False,False,False,False,https://data.cms.gov/sites/default/files/2026-09/e85544f7-57ef-477e-9640-313ac0aac400/CostReport_2024_Final.csv,CMS Hospital Provider Cost Report FY2024 (periods beginning 2023-10-01..2024-09-30); file modified 2026-09-29
HSI00001078,Cleveland Clinic,Cleveland,OH,FL;OH,2,True,21,18,5048.0,1.0,1.0,nonprofit,100.0,0,2023 (rev. 2025-09),https://www.ahrq.gov/sites/default/files/wysiwyg/chsp/compendium/chsp-compendium-2023-rev.xlsx,AHRQ Compendium 2023 (system file rev. 2025-09); systems as of end-2023,False,12313311364.0,HCRIS FY2023 (FY2022 fallback); acute member hospitals; G-3 line 3,1,13343477172.0,HCRIS FY2024 (periods beginning 2023-10-01..2024-09-30); acute member CCNs; annualized where needed,1,0,8.4,False,True,False,False,https://data.cms.gov/sites/default/files/2026-09/e85544f7-57ef-477e-9640-313ac0aac400/CostReport_2024_Final.csv,CMS Hospital Provider Cost Report FY2024 (periods beginning 2023-10-01..2024-09-30); file modified 2026-09-29
HSI00000302,Dayton Childrens,Dayton,OH,OH,1,True,1,1,181.0,0.0,1.0,nonprofit,100.0,0,2023 (rev. 2025-09),https://www.ahrq.gov/sites/default/files/wysiwyg/chsp/compendium/chsp-compendium-2023-rev.xlsx,AHRQ Compendium 2023 (system file rev. 2025-09); systems as of end-2023,False,569126150.0,HCRIS FY2023 (FY2022 fallback); acute member hospitals; G-3 line 3,0,661365054.0,HCRIS FY2024 (periods beginning 2023-10-01..2024-09-30); acute member CCNs; annualized where needed,0,0,16.2,False,False,False,False,https://data.cms.gov/sites/default/files/2026-09/e85544f7-57ef-477e-9640-313ac0aac400/CostReport_2024_Final.csv,CMS Hospital Provider Cost Report FY2024 (periods beginning 2023-10-01..2024-09-30); file modified 2026-09-29
HSI00000356,Fairfield Medical Center,Lancaster,OH,OH,1,True,1,1,185.0,0.0,1.0,nonprofit,100.0,0,2023 (rev. 2025-09),https://www.ahrq.gov/sites/default/files/wysiwyg/chsp/compendium/chsp-compendium-2023-rev.xlsx,AHRQ Compendium 2023 (system file rev. 2025-09); systems as of end-2023,False,315876820.0,HCRIS FY2023 (FY2022 fallback); acute member hospitals; G-3 line 3,0,327578394.0,HCRIS FY2024 (periods beginning 2023-10-01..2024-09-30); acute member CCNs; annualized where needed,0,0,3.7,False,False,False,False,https://data.cms.gov/sites/default/files/2026-09/e85544f7-57ef-477e-9640-313ac0aac400/CostReport_2024_Final.csv,CMS Hospital Provider Cost Report FY2024 (periods beginning 2023-10-01..2024-09-30); file modified 2026-09-29
HSI00000363,Firelands Regional Health System,Sandusky,OH,OH,1,True,1,1,149.0,0.0,1.0,nonprofit,100.0,0,2023 (rev. 2025-09),https://www.ahrq.gov/sites/default/files/wysiwyg/chsp/compendium/chsp-compendium-2023-rev.xlsx,AHRQ Compendium 2023 (system file rev. 2025-09); systems as of end-2023,False,244998572.0,HCRIS FY2023 (FY2022 fallback); acute member hospitals; G-3 line 3,0,256863728.0,HCRIS FY2024 (periods beginning 2023-10-01..2024-09-30); acute member CCNs; annualized where needed,0,0,4.8,False,False,False,False,https://data.cms.gov/sites/default/files/2026-09/e85544f7-57ef-477e-9640-313ac0aac400/CostReport_2024_Final.csv,CMS Hospital Provider Cost Report FY2024 (periods beginning 2023-10-01..2024-09-30); file modified 2026-09-29
HSI00000367,Fisher Titus Medical Center,Norwalk,OH,OH,1,True,1,1,78.0,0.0,1.0,nonprofit,100.0,0,2023 (rev. 2025-09),https://www.ahrq.gov/sites/default/files/wysiwyg/chsp/compendium/chsp-compendium-2023-rev.xlsx,AHRQ Compendium 2023 (system file rev. 2025-09); systems as of end-2023,False,155093229.0,HCRIS FY2023 (FY2022 fallback); acute member hospitals; G-3 line 3,0,154844222.0,HCRIS FY2024 (periods beginning 2023-10-01..2024-09-30); acute member CCNs; annualized where needed,0,0,-0.2,False,False,False,False,https://data.cms.gov/sites/default/files/2026-09/e85544f7-57ef-477e-9640-313ac0aac400/CostReport_2024_Final.csv,CMS Hospital Provider Cost Report FY2024 (periods beginning 2023-10-01..2024-09-30); file modified 2026-09-29
HSI00000391,Genesis Healthcare System,Zanesville,OH,OH,1,True,1,1,277.0,0.0,2.0,church-operated,100.0,0,2023 (rev. 2025-09),https://www.ahrq.gov/sites/default/files/wysiwyg/chsp/compendium/chsp-compendium-2023-rev.xlsx,AHRQ Compendium 2023 (system file rev. 2025-09); systems as of end-2023,False,564870224.0,HCRIS FY2023 (FY2022 fallback); acute member hospitals; G-3 line 3,0,618812462.0,HCRIS FY2024 (periods beginning 2023-10-01..2024-09-30); acute member CCNs; annualized where needed,0,0,9.5,False,False,False,False,https://data.cms.gov/sites/default/files/2026-09/e85544f7-57ef-477e-9640-313ac0aac400/CostReport_2024_Final.csv,CMS Hospital Provider Cost Report FY2024 (periods beginning 2023-10-01..2024-09-30); file modified 2026-09-29
HSI00000490,Holzer Health System,Gallipolis,OH,OH,1,True,2,2,172.0,0.0,1.0,nonprofit,100.0,0,2023 (rev. 2025-09),https://www.ahrq.gov/sites/default/files/wysiwyg/chsp/compendium/chsp-compendium-2023-rev.xlsx,AHRQ Compendium 2023 (system file rev. 2025-09); systems as of end-2023,False,229777396.0,HCRIS FY2023 (FY2022 fallback); acute member hospitals; G-3 line 3,0,254097830.0,HCRIS FY2024 (periods beginning 2023-10-01..2024-09-30); acute member CCNs; annualized where needed,0,0,10.6,False,False,False,False,https://data.cms.gov/sites/default/files/2026-09/e85544f7-57ef-477e-9640-313ac0aac400/CostReport_2024_Final.csv,CMS Hospital Provider Cost Report FY2024 (periods beginning 2023-10-01..2024-09-30); file modified 2026-09-29
HSI00000546,Kettering Health,Kettering,OH,OH,1,True,8,7,1217.0,0.0,2.0,church-operated,100.0,0,2023 (rev. 2025-09),https://www.ahrq.gov/sites/default/files/wysiwyg/chsp/compendium/chsp-compendium-2023-rev.xlsx,AHRQ Compendium 2023 (system file rev. 2025-09); systems as of end-2023,False,2253350100.0,HCRIS FY2023 (FY2022 fallback); acute member hospitals; G-3 line 3,0,2284376925.0,HCRIS FY2024 (periods beginning 2023-10-01..2024-09-30); acute member CCNs; annualized where needed,0,0,1.4,False,False,False,False,https://data.cms.gov/sites/default/files/2026-09/e85544f7-57ef-477e-9640-313ac0aac400/CostReport_2024_Final.csv,CMS Hospital Provider Cost Report FY2024 (periods beginning 2023-10-01..2024-09-30); file modified 2026-09-29
HSI00001580,Knox Community Hospital,Mount Vernon,OH,OH,1,True,1,1,64.0,0.0,1.0,nonprofit,100.0,0,2023 (rev. 2025-09),https://www.ahrq.gov/sites/default/files/wysiwyg/chsp/compendium/chsp-compendium-2023-rev.xlsx,AHRQ Compendium 2023 (system file rev. 2025-09); systems as of end-2023,False,212019640.0,HCRIS FY2023 (FY2022 fallback); acute member hospitals; G-3 line 3,0,198780933.0,HCRIS FY2024 (periods beginning 2023-10-01..2024-09-30); acute member CCNs; annualized where needed,0,0,-6.2,False,False,False,False,https://data.cms.gov/sites/default/files/2026-09/e85544f7-57ef-477e-9640-313ac0aac400/CostReport_2024_Final.csv,CMS Hospital Provider Cost Report FY2024 (periods beginning 2023-10-01..2024-09-30); file modified 2026-09-29
HSI00000581,Licking Memorial Health Systems,Newark,OH,OH,1,True,1,1,219.0,0.0,1.0,nonprofit,100.0,0,2023 (rev. 2025-09),https://www.ahrq.gov/sites/default/files/wysiwyg/chsp/compendium/chsp-compendium-2023-rev.xlsx,AHRQ Compendium 2023 (system file rev. 2025-09); systems as of end-2023,False,323668033.0,HCRIS FY2023 (FY2022 fallback); acute member hospitals; G-3 line 3,0,357546659.0,HCRIS FY2024 (periods beginning 2023-10-01..2024-09-30); acute member CCNs; annualized where needed,0,0,10.5,False,False,False,False,https://data.cms.gov/sites/default/files/2026-09/e85544f7-57ef-477e-9640-313ac0aac400/CostReport_2024_Final.csv,CMS Hospital Provider Cost Report FY2024 (periods beginning 2023-10-01..2024-09-30); file modified 2026-09-29
HSI00000649,Memorial Health System,Marietta,OH,OH;WV,2,True,3,3,219.0,0.0,1.0,nonprofit,100.0,0,2023 (rev. 2025-09),https://www.ahrq.gov/sites/default/files/wysiwyg/chsp/compendium/chsp-compendium-2023-rev.xlsx,AHRQ Compendium 2023 (system file rev. 2025-09); systems as of end-2023,False,590232202.0,HCRIS FY2023 (FY2022 fallback); acute member hospitals; G-3 line 3,0,669011291.0,HCRIS FY2024 (periods beginning 2023-10-01..2024-09-30); acute member CCNs; annualized where needed,0,0,13.3,False,False,False,False,https://data.cms.gov/sites/default/files/2026-09/e85544f7-57ef-477e-9640-313ac0aac400/CostReport_2024_Final.csv,CMS Hospital Provider Cost Report FY2024 (periods beginning 2023-10-01..2024-09-30); file modified 2026-09-29
HSI00000722,Nationwide Childrens Hospital,Columbus,OH,OH,1,True,2,2,747.0,0.0,1.0,nonprofit,100.0,0,2023 (rev. 2025-09),https://www.ahrq.gov/sites/default/files/wysiwyg/chsp/compendium/chsp-compendium-2023-rev.xlsx,AHRQ Compendium 2023 (system file rev. 2025-09); systems as of end-2023,False,2377938488.0,HCRIS FY2023 (FY2022 fallback); acute member hospitals; G-3 line 3,0,2542973053.0,HCRIS FY2024 (periods beginning 2023-10-01..2024-09-30); acute member CCNs; annualized where needed,0,0,6.9,False,False,False,False,https://data.cms.gov/sites/default/files/2026-09/e85544f7-57ef-477e-9640-313ac0aac400/CostReport_2024_Final.csv,CMS Hospital Provider Cost Report FY2024 (periods beginning 2023-10-01..2024-09-30); file modified 2026-09-29
HSI00000784,Ohiohealth,Columbus,OH,OH,1,True,14,14,2280.0,1.0,2.0,church-operated,99.0,1,2023 (rev. 2025-09),https://www.ahrq.gov/sites/default/files/wysiwyg/chsp/compendium/chsp-compendium-2023-rev.xlsx,AHRQ Compendium 2023 (system file rev. 2025-09); systems as of end-2023,True,4770312096.0,HCRIS FY2023 (FY2022 fallback); acute member hospitals; G-3 line 3,0,5306520307.0,HCRIS FY2024 (periods beginning 2023-10-01..2024-09-30); acute member CCNs; annualized where needed,0,2,11.2,False,False,False,False,https://data.cms.gov/sites/default/files/2026-09/e85544f7-57ef-477e-9640-313ac0aac400/CostReport_2024_Final.csv,CMS Hospital Provider Cost Report FY2024 (periods beginning 2023-10-01..2024-09-30); file modified 2026-09-29
HSI00000842,Premier Health,Dayton,OH,OH,1,True,3,3,1282.0,0.0,1.0,nonprofit,100.0,0,2023 (rev. 2025-09),https://www.ahrq.gov/sites/default/files/wysiwyg/chsp/compendium/chsp-compendium-2023-rev.xlsx,AHRQ Compendium 2023 (system file rev. 2025-09); systems as of end-2023,False,1888992647.0,HCRIS FY2023 (FY2022 fallback); acute member hospitals; G-3 line 3,0,1988937171.0,HCRIS FY2024 (periods beginning 2023-10-01..2024-09-30); acute member CCNs; annualized where needed,0,0,5.3,False,False,False,False,https://data.cms.gov/sites/default/files/2026-09/e85544f7-57ef-477e-9640-313ac0aac400/CostReport_2024_Final.csv,CMS Hospital Provider Cost Report FY2024 (periods beginning 2023-10-01..2024-09-30); file modified 2026-09-29
HSI00000848,ProMedica,Toledo,OH,MI;OH,2,True,11,11,1272.0,0.0,1.0,nonprofit,100.0,0,2023 (rev. 2025-09),https://www.ahrq.gov/sites/default/files/wysiwyg/chsp/compendium/chsp-compendium-2023-rev.xlsx,AHRQ Compendium 2023 (system file rev. 2025-09); systems as of end-2023,False,2417175600.0,HCRIS FY2023 (FY2022 fallback); acute member hospitals; G-3 line 3,2,2776411857.0,HCRIS FY2024 (periods beginning 2023-10-01..2024-09-30); acute member CCNs; annualized where needed,2,0,14.9,False,True,False,True,https://data.cms.gov/sites/default/files/2026-09/e85544f7-57ef-477e-9640-313ac0aac400/CostReport_2024_Final.csv,CMS Hospital Provider Cost Report FY2024 (periods beginning 2023-10-01..2024-09-30); file modified 2026-09-29
HSI00001350,Salem Regional Medical Center,Salem,OH,OH,1,True,1,1,87.0,0.0,1.0,nonprofit,100.0,0,2023 (rev. 2025-09),https://www.ahrq.gov/sites/default/files/wysiwyg/chsp/compendium/chsp-compendium-2023-rev.xlsx,AHRQ Compendium 2023 (system file rev. 2025-09); systems as of end-2023,False,106899288.0,HCRIS FY2023 (FY2022 fallback); acute member hospitals; G-3 line 3,0,108028370.0,HCRIS FY2024 (periods beginning 2023-10-01..2024-09-30); acute member CCNs; annualized where needed,0,0,1.1,False,False,False,False,https://data.cms.gov/sites/default/files/2026-09/e85544f7-57ef-477e-9640-313ac0aac400/CostReport_2024_Final.csv,CMS Hospital Provider Cost Report FY2024 (periods beginning 2023-10-01..2024-09-30); file modified 2026-09-29
HSI00001481,Southern Ohio Medical Center,Portsmouth,OH,OH,1,True,1,1,192.0,0.0,1.0,nonprofit,100.0,0,2023 (rev. 2025-09),https://www.ahrq.gov/sites/default/files/wysiwyg/chsp/compendium/chsp-compendium-2023-rev.xlsx,AHRQ Compendium 2023 (system file rev. 2025-09); systems as of end-2023,False,424296379.0,HCRIS FY2023 (FY2022 fallback); acute member hospitals; G-3 line 3,0,454711974.0,HCRIS FY2024 (periods beginning 2023-10-01..2024-09-30); acute member CCNs; annualized where needed,0,0,7.2,False,False,False,False,https://data.cms.gov/sites/default/files/2026-09/e85544f7-57ef-477e-9640-313ac0aac400/CostReport_2024_Final.csv,CMS Hospital Provider Cost Report FY2024 (periods beginning 2023-10-01..2024-09-30); file modified 2026-09-29
HSI00001043,Summa Health System,Akron,OH,OH,1,True,3,2,560.0,0.0,1.0,nonprofit,100.0,0,2023 (rev. 2025-09),https://www.ahrq.gov/sites/default/files/wysiwyg/chsp/compendium/chsp-compendium-2023-rev.xlsx,AHRQ Compendium 2023 (system file rev. 2025-09); systems as of end-2023,False,1004687667.0,HCRIS FY2023 (FY2022 fallback); acute member hospitals; G-3 line 3,1,1168526284.0,HCRIS FY2024 (periods beginning 2023-10-01..2024-09-30); acute member CCNs; annualized where needed,1,0,16.3,False,True,False,False,https://data.cms.gov/sites/default/files/2026-09/e85544f7-57ef-477e-9640-313ac0aac400/CostReport_2024_Final.csv,CMS Hospital Provider Cost Report FY2024 (periods beginning 2023-10-01..2024-09-30); file modified 2026-09-29
HSI00001077,The Christ Hospital Health Network,Cincinnati,OH,OH,1,True,1,1,444.0,0.0,1.0,nonprofit,100.0,0,2023 (rev. 2025-09),https://www.ahrq.gov/sites/default/files/wysiwyg/chsp/compendium/chsp-compendium-2023-rev.xlsx,AHRQ Compendium 2023 (system file rev. 2025-09); systems as of end-2023,False,920961957.0,HCRIS FY2023 (FY2022 fallback); acute member hospitals; G-3 line 3,0,1065393631.0,HCRIS FY2024 (periods beginning 2023-10-01..2024-09-30); acute member CCNs; annualized where needed,0,0,15.7,False,False,False,False,https://data.cms.gov/sites/default/files/2026-09/e85544f7-57ef-477e-9640-313ac0aac400/CostReport_2024_Final.csv,CMS Hospital Provider Cost Report FY2024 (periods beginning 2023-10-01..2024-09-30); file modified 2026-09-29
HSI00001104,TriHealth,Cincinnati,OH,OH,1,True,3,2,468.0,0.0,1.0,nonprofit,100.0,0,2023 (rev. 2025-09),https://www.ahrq.gov/sites/default/files/wysiwyg/chsp/compendium/chsp-compendium-2023-rev.xlsx,AHRQ Compendium 2023 (system file rev. 2025-09); systems as of end-2023,False,878150925.0,HCRIS FY2023 (FY2022 fallback); acute member hospitals; G-3 line 3,0,1024135165.0,HCRIS FY2024 (periods beginning 2023-10-01..2024-09-30); acute member CCNs; annualized where needed,0,0,16.6,False,False,False,False,https://data.cms.gov/sites/default/files/2026-09/e85544f7-57ef-477e-9640-313ac0aac400/CostReport_2024_Final.csv,CMS Hospital Provider Cost Report FY2024 (periods beginning 2023-10-01..2024-09-30); file modified 2026-09-29
HSI00001118,UC Health,Cincinnati,OH,OH,1,True,5,2,711.0,1.0,1.0,nonprofit,100.0,0,2023 (rev. 2025-09),https://www.ahrq.gov/sites/default/files/wysiwyg/chsp/compendium/chsp-compendium-2023-rev.xlsx,AHRQ Compendium 2023 (system file rev. 2025-09); systems as of end-2023,False,1616910658.0,HCRIS FY2023 (FY2022 fallback); acute member hospitals; G-3 line 3,0,2249294136.0,HCRIS FY2024 (periods beginning 2023-10-01..2024-09-30); acute member CCNs; annualized where needed,0,0,39.1,False,False,True,False,https://data.cms.gov/sites/default/files/2026-09/e85544f7-57ef-477e-9640-313ac0aac400/CostReport_2024_Final.csv,CMS Hospital Provider Cost Report FY2024 (periods beginning 2023-10-01..2024-09-30); file modified 2026-09-29
HSI00001156,University Hospitals,Shaker Heights,OH,OH,1,True,17,15,2376.0,0.0,1.0,nonprofit,99.0,1,2023 (rev. 2025-09),https://www.ahrq.gov/sites/default/files/wysiwyg/chsp/compendium/chsp-compendium-2023-rev.xlsx,AHRQ Compendium 2023 (system file rev. 2025-09); systems as of end-2023,True,7217868976.0,HCRIS FY2023 (FY2022 fallback); acute member hospitals; G-3 line 3,1,7241482924.0,HCRIS FY2024 (periods beginning 2023-10-01..2024-09-30); acute member CCNs; annualized where needed,1,0,0.3,False,True,False,False,https://data.cms.gov/sites/default/files/2026-09/e85544f7-57ef-477e-9640-313ac0aac400/CostReport_2024_Final.csv,CMS Hospital Provider Cost Report FY2024 (periods beginning 2023-10-01..2024-09-30); file modified 2026-09-29
HSI00000507,Integris Health,Oklahoma City,OK,OK,1,True,10,10,1169.0,1.0,1.0,nonprofit,95.3,2,2023 (rev. 2025-09),https://www.ahrq.gov/sites/default/files/wysiwyg/chsp/compendium/chsp-compendium-2023-rev.xlsx,AHRQ Compendium 2023 (system file rev. 2025-09); systems as of end-2023,True,1749630034.0,HCRIS FY2023 (FY2022 fallback); acute member hospitals; G-3 line 3,1,2075499917.0,HCRIS FY2024 (periods beginning 2023-10-01..2024-09-30); acute member CCNs; annualized where needed,1,0,18.6,False,True,False,False,https://data.cms.gov/sites/default/files/2026-09/e85544f7-57ef-477e-9640-313ac0aac400/CostReport_2024_Final.csv,CMS Hospital Provider Cost Report FY2024 (periods beginning 2023-10-01..2024-09-30); file modified 2026-09-29
HSI00001383,OU Health,Oklahoma City,OK,OK,1,True,2,2,819.0,1.0,1.0,nonprofit,100.0,0,2023 (rev. 2025-09),https://www.ahrq.gov/sites/default/files/wysiwyg/chsp/compendium/chsp-compendium-2023-rev.xlsx,AHRQ Compendium 2023 (system file rev. 2025-09); systems as of end-2023,False,1646713049.0,HCRIS FY2023 (FY2022 fallback); acute member hospitals; G-3 line 3,1,2411266011.0,HCRIS FY2024 (periods beginning 2023-10-01..2024-09-30); acute member CCNs; annualized where needed,1,0,46.4,False,True,True,False,https://data.cms.gov/sites/default/files/2026-09/e85544f7-57ef-477e-9640-313ac0aac400/CostReport_2024_Final.csv,CMS Hospital Provider Cost Report FY2024 (periods beginning 2023-10-01..2024-09-30); file modified 2026-09-29
HSI00000919,Saint Francis Health System,Tulsa,OK,OK,1,True,8,7,1382.0,1.0,1.0,nonprofit,91.4,1,2023 (rev. 2025-09),https://www.ahrq.gov/sites/default/files/wysiwyg/chsp/compendium/chsp-compendium-2023-rev.xlsx,AHRQ Compendium 2023 (system file rev. 2025-09); systems as of end-2023,True,2000043990.0,HCRIS FY2023 (FY2022 fallback); acute member hospitals; G-3 line 3,2,2453867684.0,HCRIS FY2024 (periods beginning 2023-10-01..2024-09-30); acute member CCNs; annualized where needed,2,0,22.7,False,True,False,False,https://data.cms.gov/sites/default/files/2026-09/e85544f7-57ef-477e-9640-313ac0aac400/CostReport_2024_Final.csv,CMS Hospital Provider Cost Report FY2024 (periods beginning 2023-10-01..2024-09-30); file modified 2026-09-29
HSI00000054,Asante Health System,Medford,OR,OR,1,True,3,3,489.0,1.0,1.0,nonprofit,100.0,0,2023 (rev. 2025-09),https://www.ahrq.gov/sites/default/files/wysiwyg/chsp/compendium/chsp-compendium-2023-rev.xlsx,AHRQ Compendium 2023 (system file rev. 2025-09); systems as of end-2023,False,1111891160.0,HCRIS FY2023 (FY2022 fallback); acute member hospitals; G-3 line 3,0,1253440758.0,HCRIS FY2024 (periods beginning 2023-10-01..2024-09-30); acute member CCNs; annualized where needed,0,0,12.7,False,False,False,False,https://data.cms.gov/sites/default/files/2026-09/e85544f7-57ef-477e-9640-313ac0aac400/CostReport_2024_Final.csv,CMS Hospital Provider Cost Report FY2024 (periods beginning 2023-10-01..2024-09-30); file modified 2026-09-29
HSI00000416,Grande Ronde Hospital and Clinics,La Grande,OR,OR,1,True,1,1,25.0,0.0,1.0,nonprofit,100.0,0,2023 (rev. 2025-09),https://www.ahrq.gov/sites/default/files/wysiwyg/chsp/compendium/chsp-compendium-2023-rev.xlsx,AHRQ Compendium 2023 (system file rev. 2025-09); systems as of end-2023,False,134753078.0,HCRIS FY2023 (FY2022 fallback); acute member hospitals; G-3 line 3,0,148153101.0,HCRIS FY2024 (periods beginning 2023-10-01..2024-09-30); acute member CCNs; annualized where needed,0,0,9.9,False,False,False,False,https://data.cms.gov/sites/default/files/2026-09/e85544f7-57ef-477e-9640-313ac0aac400/CostReport_2024_Final.csv,CMS Hospital Provider Cost Report FY2024 (periods beginning 2023-10-01..2024-09-30); file modified 2026-09-29
HSI00000576,Legacy Health,Portland,OR,OR;WA,2,True,7,7,1005.0,1.0,1.0,nonprofit,97.6,1,2023 (rev. 2025-09),https://www.ahrq.gov/sites/default/files/wysiwyg/chsp/compendium/chsp-compendium-2023-rev.xlsx,AHRQ Compendium 2023 (system file rev. 2025-09); systems as of end-2023,True,2495594168.0,HCRIS FY2023 (FY2022 fallback); acute member hospitals; G-3 line 3,0,2868950782.0,HCRIS FY2024 (periods beginning 2023-10-01..2024-09-30); acute member CCNs; annualized where needed,0,0,15.0,False,False,False,False,https://data.cms.gov/sites/default/files/2026-09/e85544f7-57ef-477e-9640-313ac0aac400/CostReport_2024_Final.csv,CMS Hospital Provider Cost Report FY2024 (periods beginning 2023-10-01..2024-09-30); file modified 2026-09-29
HSI00000912,Saint Charles Health System,Bend,OR,OR,1,True,4,4,340.0,0.0,1.0,nonprofit,100.0,0,2023 (rev. 2025-09),https://www.ahrq.gov/sites/default/files/wysiwyg/chsp/compendium/chsp-compendium-2023-rev.xlsx,AHRQ Compendium 2023 (system file rev. 2025-09); systems as of end-2023,False,864097261.0,HCRIS FY2023 (FY2022 fallback); acute member hospitals; G-3 line 3,1,1156850667.0,HCRIS FY2024 (periods beginning 2023-10-01..2024-09-30); acute member CCNs; annualized where needed,1,0,33.9,False,True,True,False,https://data.cms.gov/sites/default/files/2026-09/e85544f7-57ef-477e-9640-313ac0aac400/CostReport_2024_Final.csv,CMS Hospital Provider Cost Report FY2024 (periods beginning 2023-10-01..2024-09-30); file modified 2026-09-29
HSI00000947,Salem Health Hospitals and Clinics,Salem,OR,OR,1,True,2,2,559.0,0.0,1.0,nonprofit,100.0,0,2023 (rev. 2025-09),https://www.ahrq.gov/sites/default/files/wysiwyg/chsp/compendium/chsp-compendium-2023-rev.xlsx,AHRQ Compendium 2023 (system file rev. 2025-09); systems as of end-2023,False,916982146.0,HCRIS FY2023 (FY2022 fallback); acute member hospitals; G-3 line 3,0,1083840708.0,HCRIS FY2024 (periods beginning 2023-10-01..2024-09-30); acute member CCNs; annualized where needed,0,0,18.2,False,False,False,False,https://data.cms.gov/sites/default/files/2026-09/e85544f7-57ef-477e-9640-313ac0aac400/CostReport_2024_Final.csv,CMS Hospital Provider Cost Report FY2024 (periods beginning 2023-10-01..2024-09-30); file modified 2026-09-29
HSI00000951,Samaritan Health Services,Corvallis,OR,OR,1,True,5,5,298.0,0.0,1.0,nonprofit,100.0,0,2023 (rev. 2025-09),https://www.ahrq.gov/sites/default/files/wysiwyg/chsp/compendium/chsp-compendium-2023-rev.xlsx,AHRQ Compendium 2023 (system file rev. 2025-09); systems as of end-2023,False,1134385329.0,HCRIS FY2023 (FY2022 fallback); acute member hospitals; G-3 line 3,0,1170793983.0,HCRIS FY2024 (periods beginning 2023-10-01..2024-09-30); acute member CCNs; annualized where needed,0,0,3.2,False,False,False,False,https://data.cms.gov/sites/default/files/2026-09/e85544f7-57ef-477e-9640-313ac0aac400/CostReport_2024_Final.csv,CMS Hospital Provider Cost Report FY2024 (periods beginning 2023-10-01..2024-09-30); file modified 2026-09-29
HSI00000994,Sky Lakes Medical Center,Klamath Falls,OR,OR,1,True,1,1,90.0,0.0,1.0,nonprofit,100.0,0,2023 (rev. 2025-09),https://www.ahrq.gov/sites/default/files/wysiwyg/chsp/compendium/chsp-compendium-2023-rev.xlsx,AHRQ Compendium 2023 (system file rev. 2025-09); systems as of end-2023,False,288377272.0,HCRIS FY2023 (FY2022 fallback); acute member hospitals; G-3 line 3,0,308107327.0,HCRIS FY2024 (periods beginning 2023-10-01..2024-09-30); acute member CCNs; annualized where needed,0,0,6.8,False,False,False,False,https://data.cms.gov/sites/default/files/2026-09/e85544f7-57ef-477e-9640-313ac0aac400/CostReport_2024_Final.csv,CMS Hospital Provider Cost Report FY2024 (periods beginning 2023-10-01..2024-09-30); file modified 2026-09-29
HSI00000025,Allegheny Health Network,Pittsburgh,PA,NY;PA,2,True,11,11,2082.0,0.0,1.0,nonprofit,98.1,1,2023 (rev. 2025-09),https://www.ahrq.gov/sites/default/files/wysiwyg/chsp/compendium/chsp-compendium-2023-rev.xlsx,AHRQ Compendium 2023 (system file rev. 2025-09); systems as of end-2023,True,3195648927.0,HCRIS FY2023 (FY2022 fallback); acute member hospitals; G-3 line 3,0,3612631248.0,HCRIS FY2024 (periods beginning 2023-10-01..2024-09-30); acute member CCNs; annualized where needed,0,0,13.0,False,False,False,True,https://data.cms.gov/sites/default/files/2026-09/e85544f7-57ef-477e-9640-313ac0aac400/CostReport_2024_Final.csv,CMS Hospital Provider Cost Report FY2024 (periods beginning 2023-10-01..2024-09-30); file modified 2026-09-29
HSI00000051,Armstrong County Memorial Hospital,Kittanning,PA,PA,1,True,1,1,95.0,0.0,1.0,nonprofit,100.0,0,2023 (rev. 2025-09),https://www.ahrq.gov/sites/default/files/wysiwyg/chsp/compendium/chsp-compendium-2023-rev.xlsx,AHRQ Compendium 2023 (system file rev. 2025-09); systems as of end-2023,False,119911605.0,HCRIS FY2023 (FY2022 fallback); acute member hospitals; G-3 line 3,0,136826131.0,HCRIS FY2024 (periods beginning 2023-10-01..2024-09-30); acute member CCNs; annualized where needed,0,0,14.1,False,False,False,False,https://data.cms.gov/sites/default/files/2026-09/e85544f7-57ef-477e-9640-313ac0aac400/CostReport_2024_Final.csv,CMS Hospital Provider Cost Report FY2024 (periods beginning 2023-10-01..2024-09-30); file modified 2026-09-29
HSI00000146,Butler Health System,Butler,PA,PA,1,True,2,2,332.0,0.0,1.0,nonprofit,100.0,0,2023 (rev. 2025-09),https://www.ahrq.gov/sites/default/files/wysiwyg/chsp/compendium/chsp-compendium-2023-rev.xlsx,AHRQ Compendium 2023 (system file rev. 2025-09); systems as of end-2023,False,326635300.0,HCRIS FY2023 (FY2022 fallback); acute member hospitals; G-3 line 3,0,356467617.0,HCRIS FY2024 (periods beginning 2023-10-01..2024-09-30); acute member CCNs; annualized where needed,0,0,9.1,False,False,False,False,https://data.cms.gov/sites/default/files/2026-09/e85544f7-57ef-477e-9640-313ac0aac400/CostReport_2024_Final.csv,CMS Hospital Provider Cost Report FY2024 (periods beginning 2023-10-01..2024-09-30); file modified 2026-09-29
HSI00000320,Doylestown Health,Doylestown,PA,PA,1,True,1,1,247.0,0.0,1.0,nonprofit,100.0,0,2023 (rev. 2025-09),https://www.ahrq.gov/sites/default/files/wysiwyg/chsp/compendium/chsp-compendium-2023-rev.xlsx,AHRQ Compendium 2023 (system file rev. 2025-09); systems as of end-2023,False,317137834.0,HCRIS FY2023 (FY2022 fallback); acute member hospitals; G-3 line 3,0,373042132.0,HCRIS FY2024 (periods beginning 2023-10-01..2024-09-30); acute member CCNs; annualized where needed,0,0,17.6,False,False,False,False,https://data.cms.gov/sites/default/files/2026-09/e85544f7-57ef-477e-9640-313ac0aac400/CostReport_2024_Final.csv,CMS Hospital Provider Cost Report FY2024 (periods beginning 2023-10-01..2024-09-30); file modified 2026-09-29
HSI00000352,Evangelical Community Hospital,Lewisburg,PA,PA,1,True,1,1,119.0,0.0,1.0,nonprofit,100.0,0,2023 (rev. 2025-09),https://www.ahrq.gov/sites/default/files/wysiwyg/chsp/compendium/chsp-compendium-2023-rev.xlsx,AHRQ Compendium 2023 (system file rev. 2025-09); systems as of end-2023,False,223605081.0,HCRIS FY2023 (FY2022 fallback); acute member hospitals; G-3 line 3,0,249937537.0,HCRIS FY2024 (periods beginning 2023-10-01..2024-09-30); acute member CCNs; annualized where needed,0,0,11.8,False,False,False,False,https://data.cms.gov/sites/default/files/2026-09/e85544f7-57ef-477e-9640-313ac0aac400/CostReport_2024_Final.csv,CMS Hospital Provider Cost Report FY2024 (periods beginning 2023-10-01..2024-09-30); file modified 2026-09-29
HSI00000354,Excela Health,Greensburg,PA,PA,1,True,3,3,431.0,0.0,1.0,nonprofit,100.0,0,2023 (rev. 2025-09),https://www.ahrq.gov/sites/default/files/wysiwyg/chsp/compendium/chsp-compendium-2023-rev.xlsx,AHRQ Compendium 2023 (system file rev. 2025-09); systems as of end-2023,False,511850251.0,HCRIS FY2023 (FY2022 fallback); acute member hospitals; G-3 line 3,0,543275101.0,HCRIS FY2024 (periods beginning 2023-10-01..2024-09-30); acute member CCNs; annualized where needed,0,0,6.1,False,False,False,False,https://data.cms.gov/sites/default/files/2026-09/e85544f7-57ef-477e-9640-313ac0aac400/CostReport_2024_Final.csv,CMS Hospital Provider Cost Report FY2024 (periods beginning 2023-10-01..2024-09-30); file modified 2026-09-29
HSI00000388,Geisinger,Danville,PA,PA,1,True,9,9,1292.0,0.0,1.0,nonprofit,100.0,0,2023 (rev. 2025-09),https://www.ahrq.gov/sites/default/files/wysiwyg/chsp/compendium/chsp-compendium-2023-rev.xlsx,AHRQ Compendium 2023 (system file rev. 2025-09); systems as of end-2023,False,3221443265.0,HCRIS FY2023 (FY2022 fallback); acute member hospitals; G-3 line 3,2,4269348090.0,HCRIS FY2024 (periods beginning 2023-10-01..2024-09-30); acute member CCNs; annualized where needed,2,1,32.5,False,True,True,False,https://data.cms.gov/sites/default/files/2026-09/e85544f7-57ef-477e-9640-313ac0aac400/CostReport_2024_Final.csv,CMS Hospital Provider Cost Report FY2024 (periods beginning 2023-10-01..2024-09-30); file modified 2026-09-29
HSI00000415,Grand View Hospital,Sellersville,PA,PA,1,True,1,1,180.0,0.0,1.0,nonprofit,100.0,0,2023 (rev. 2025-09),https://www.ahrq.gov/sites/default/files/wysiwyg/chsp/compendium/chsp-compendium-2023-rev.xlsx,AHRQ Compendium 2023 (system file rev. 2025-09); systems as of end-2023,False,236302074.0,HCRIS FY2023 (FY2022 fallback); acute member hospitals; G-3 line 3,0,275227452.0,HCRIS FY2024 (periods beginning 2023-10-01..2024-09-30); acute member CCNs; annualized where needed,0,0,16.5,False,False,False,False,https://data.cms.gov/sites/default/files/2026-09/e85544f7-57ef-477e-9640-313ac0aac400/CostReport_2024_Final.csv,CMS Hospital Provider Cost Report FY2024 (periods beginning 2023-10-01..2024-09-30); file modified 2026-09-29
HSI00000430,Guthrie Healthcare System,Sayre,PA,NY;PA,2,True,5,5,426.0,0.0,1.0,nonprofit,100.0,0,2023 (rev. 2025-09),https://www.ahrq.gov/sites/default/files/wysiwyg/chsp/compendium/chsp-compendium-2023-rev.xlsx,AHRQ Compendium 2023 (system file rev. 2025-09); systems as of end-2023,False,789070697.0,HCRIS FY2023 (FY2022 fallback); acute member hospitals; G-3 line 3,1,983794718.0,HCRIS FY2024 (periods beginning 2023-10-01..2024-09-30); acute member CCNs; annualized where needed,1,0,24.7,False,True,False,False,https://data.cms.gov/sites/default/files/2026-09/e85544f7-57ef-477e-9640-313ac0aac400/CostReport_2024_Final.csv,CMS Hospital Provider Cost Report FY2024 (periods beginning 2023-10-01..2024-09-30); file modified 2026-09-29
HSI00000476,Heritage Valley Health System,Beaver,PA,PA,1,True,3,3,365.0,0.0,1.0,nonprofit,23.8,2,2023 (rev. 2025-09),https://www.ahrq.gov/sites/default/files/wysiwyg/chsp/compendium/chsp-compendium-2023-rev.xlsx,AHRQ Compendium 2023 (system file rev. 2025-09); systems as of end-2023,True,377419696.0,HCRIS FY2023 (FY2022 fallback); acute member hospitals; G-3 line 3,0,342822760.0,HCRIS FY2024 (periods beginning 2023-10-01..2024-09-30); acute member CCNs; annualized where needed,1,0,-9.2,False,True,False,False,https://data.cms.gov/sites/default/files/2026-09/e85544f7-57ef-477e-9640-313ac0aac400/CostReport_2024_Final.csv,CMS Hospital Provider Cost Report FY2024 (periods beginning 2023-10-01..2024-09-30); file modified 2026-09-29
HSI00000488,Holy Redeemer Health System,Huntingdon Valley,PA,PA,1,True,1,1,213.0,1.0,2.0,church-operated,100.0,0,2023 (rev. 2025-09),https://www.ahrq.gov/sites/default/files/wysiwyg/chsp/compendium/chsp-compendium-2023-rev.xlsx,AHRQ Compendium 2023 (system file rev. 2025-09); systems as of end-2023,False,216163220.0,HCRIS FY2023 (FY2022 fallback); acute member hospitals; G-3 line 3,0,237333730.0,HCRIS FY2024 (periods beginning 2023-10-01..2024-09-30); acute member CCNs; annualized where needed,0,0,9.8,False,False,False,False,https://data.cms.gov/sites/default/files/2026-09/e85544f7-57ef-477e-9640-313ac0aac400/CostReport_2024_Final.csv,CMS Hospital Provider Cost Report FY2024 (periods beginning 2023-10-01..2024-09-30); file modified 2026-09-29
HSI00001324,Indiana Regional Medical Center,Indiana,PA,PA,1,True,1,1,134.0,0.0,1.0,nonprofit,100.0,0,2023 (rev. 2025-09),https://www.ahrq.gov/sites/default/files/wysiwyg/chsp/compendium/chsp-compendium-2023-rev.xlsx,AHRQ Compendium 2023 (system file rev. 2025-09); systems as of end-2023,False,189722674.0,HCRIS FY2023 (FY2022 fallback); acute member hospitals; G-3 line 3,0,233329634.0,HCRIS FY2024 (periods beginning 2023-10-01..2024-09-30); acute member CCNs; annualized where needed,0,0,23.0,False,False,False,False,https://data.cms.gov/sites/default/files/2026-09/e85544f7-57ef-477e-9640-313ac0aac400/CostReport_2024_Final.csv,CMS Hospital Provider Cost Report FY2024 (periods beginning 2023-10-01..2024-09-30); file modified 2026-09-29
HSI00000048,Jefferson Health,Philadelphia,PA,NJ;PA,2,True,9,7,3181.0,1.0,1.0,nonprofit,100.0,0,2023 (rev. 2025-09),https://www.ahrq.gov/sites/default/files/wysiwyg/chsp/compendium/chsp-compendium-2023-rev.xlsx,AHRQ Compendium 2023 (system file rev. 2025-09); systems as of end-2023,False,5252085804.0,HCRIS FY2023 (FY2022 fallback); acute member hospitals; G-3 line 3,0,5688835406.0,HCRIS FY2024 (periods beginning 2023-10-01..2024-09-30); acute member CCNs; annualized where needed,0,0,8.3,False,False,False,False,https://data.cms.gov/sites/default/files/2026-09/e85544f7-57ef-477e-9640-313ac0aac400/CostReport_2024_Final.csv,CMS Hospital Provider Cost Report FY2024 (periods beginning 2023-10-01..2024-09-30); file modified 2026-09-29
HSI00000686,Lecom Health,Erie,PA,PA,1,True,2,2,144.0,1.0,1.0,nonprofit,100.0,0,2023 (rev. 2025-09),https://www.ahrq.gov/sites/default/files/wysiwyg/chsp/compendium/chsp-compendium-2023-rev.xlsx,AHRQ Compendium 2023 (system file rev. 2025-09); systems as of end-2023,False,86086800.0,HCRIS FY2023 (FY2022 fallback); acute member hospitals; G-3 line 3,0,108592430.0,HCRIS FY2024 (periods beginning 2023-10-01..2024-09-30); acute member CCNs; annualized where needed,0,0,26.1,False,False,True,False,https://data.cms.gov/sites/default/files/2026-09/e85544f7-57ef-477e-9640-313ac0aac400/CostReport_2024_Final.csv,CMS Hospital Provider Cost Report FY2024 (periods beginning 2023-10-01..2024-09-30); file modified 2026-09-29
HSI00000577,Lehigh Valley Health Network,Allentown,PA,PA,1,True,10,9,1679.0,0.0,1.0,nonprofit,100.0,0,2023 (rev. 2025-09),https://www.ahrq.gov/sites/default/files/wysiwyg/chsp/compendium/chsp-compendium-2023-rev.xlsx,AHRQ Compendium 2023 (system file rev. 2025-09); systems as of end-2023,False,3399868006.0,HCRIS FY2023 (FY2022 fallback); acute member hospitals; G-3 line 3,5,4405645352.0,HCRIS FY2024 (periods beginning 2023-10-01..2024-09-30); acute member CCNs; annualized where needed,4,0,29.6,False,True,True,False,https://data.cms.gov/sites/default/files/2026-09/e85544f7-57ef-477e-9640-313ac0aac400/CostReport_2024_Final.csv,CMS Hospital Provider Cost Report FY2024 (periods beginning 2023-10-01..2024-09-30); file modified 2026-09-29
HSI00000608,Main Line Health,Bryn Mawr,PA,PA,1,True,5,4,1049.0,0.0,1.0,nonprofit,100.0,0,2023 (rev. 2025-09),https://www.ahrq.gov/sites/default/files/wysiwyg/chsp/compendium/chsp-compendium-2023-rev.xlsx,AHRQ Compendium 2023 (system file rev. 2025-09); systems as of end-2023,False,1640122092.0,HCRIS FY2023 (FY2022 fallback); acute member hospitals; G-3 line 3,0,1946747060.0,HCRIS FY2024 (periods beginning 2023-10-01..2024-09-30); acute member CCNs; annualized where needed,0,0,18.7,False,False,False,False,https://data.cms.gov/sites/default/files/2026-09/e85544f7-57ef-477e-9640-313ac0aac400/CostReport_2024_Final.csv,CMS Hospital Provider Cost Report FY2024 (periods beginning 2023-10-01..2024-09-30); file modified 2026-09-29
HSI00000639,Meadville Medical Center,Meadville,PA,PA,1,True,2,2,225.0,0.0,1.0,nonprofit,100.0,0,2023 (rev. 2025-09),https://www.ahrq.gov/sites/default/files/wysiwyg/chsp/compendium/chsp-compendium-2023-rev.xlsx,AHRQ Compendium 2023 (system file rev. 2025-09); systems as of end-2023,False,290822829.0,HCRIS FY2023 (FY2022 fallback); acute member hospitals; G-3 line 3,0,321953567.0,HCRIS FY2024 (periods beginning 2023-10-01..2024-09-30); acute member CCNs; annualized where needed,0,0,10.7,False,False,False,False,https://data.cms.gov/sites/default/files/2026-09/e85544f7-57ef-477e-9640-313ac0aac400/CostReport_2024_Final.csv,CMS Hospital Provider Cost Report FY2024 (periods beginning 2023-10-01..2024-09-30); file modified 2026-09-29
HSI00000710,Mount Nittany Health System,State College,PA,PA,1,True,1,1,248.0,0.0,1.0,nonprofit,100.0,0,2023 (rev. 2025-09),https://www.ahrq.gov/sites/default/files/wysiwyg/chsp/compendium/chsp-compendium-2023-rev.xlsx,AHRQ Compendium 2023 (system file rev. 2025-09); systems as of end-2023,False,441702485.0,HCRIS FY2023 (FY2022 fallback); acute member hospitals; G-3 line 3,0,505452421.0,HCRIS FY2024 (periods beginning 2023-10-01..2024-09-30); acute member CCNs; annualized where needed,0,0,14.4,False,False,False,False,https://data.cms.gov/sites/default/files/2026-09/e85544f7-57ef-477e-9640-313ac0aac400/CostReport_2024_Final.csv,CMS Hospital Provider Cost Report FY2024 (periods beginning 2023-10-01..2024-09-30); file modified 2026-09-29
HSI00000819,Penn Highlands Healthcare,Du Bois,PA,PA,1,True,8,8,633.0,1.0,1.0,nonprofit,100.0,0,2023 (rev. 2025-09),https://www.ahrq.gov/sites/default/files/wysiwyg/chsp/compendium/chsp-compendium-2023-rev.xlsx,AHRQ Compendium 2023 (system file rev. 2025-09); systems as of end-2023,False,744506943.0,HCRIS FY2023 (FY2022 fallback); acute member hospitals; G-3 line 3,1,889573276.0,HCRIS FY2024 (periods beginning 2023-10-01..2024-09-30); acute member CCNs; annualized where needed,1,0,19.5,False,True,False,False,https://data.cms.gov/sites/default/files/2026-09/e85544f7-57ef-477e-9640-313ac0aac400/CostReport_2024_Final.csv,CMS Hospital Provider Cost Report FY2024 (periods beginning 2023-10-01..2024-09-30); file modified 2026-09-29
HSI00000821,Penn State Health Milton S Hershey Medical Center,Hershey,PA,PA,1,True,5,5,1061.0,0.0,1.0,nonprofit,100.0,0,2023 (rev. 2025-09),https://www.ahrq.gov/sites/default/files/wysiwyg/chsp/compendium/chsp-compendium-2023-rev.xlsx,AHRQ Compendium 2023 (system file rev. 2025-09); systems as of end-2023,False,2815489002.0,HCRIS FY2023 (FY2022 fallback); acute member hospitals; G-3 line 3,1,3450527813.0,HCRIS FY2024 (periods beginning 2023-10-01..2024-09-30); acute member CCNs; annualized where needed,0,0,22.6,False,True,False,False,https://data.cms.gov/sites/default/files/2026-09/e85544f7-57ef-477e-9640-313ac0aac400/CostReport_2024_Final.csv,CMS Hospital Provider Cost Report FY2024 (periods beginning 2023-10-01..2024-09-30); file modified 2026-09-29
HSI00000913,Saint Clair Hospital,Pittsburgh,PA,PA,1,True,1,1,297.0,0.0,1.0,nonprofit,100.0,0,2023 (rev. 2025-09),https://www.ahrq.gov/sites/default/files/wysiwyg/chsp/compendium/chsp-compendium-2023-rev.xlsx,AHRQ Compendium 2023 (system file rev. 2025-09); systems as of end-2023,False,369497677.0,HCRIS FY2023 (FY2022 fallback); acute member hospitals; G-3 line 3,0,381136862.0,HCRIS FY2024 (periods beginning 2023-10-01..2024-09-30); acute member CCNs; annualized where needed,0,0,3.2,False,False,False,False,https://data.cms.gov/sites/default/files/2026-09/e85544f7-57ef-477e-9640-313ac0aac400/CostReport_2024_Final.csv,CMS Hospital Provider Cost Report FY2024 (periods beginning 2023-10-01..2024-09-30); file modified 2026-09-29
HSI00000936,Saint Lukes University Health Network,Bethlehem,PA,NJ;PA,2,True,11,11,1292.0,0.0,1.0,nonprofit,100.0,0,2023 (rev. 2025-09),https://www.ahrq.gov/sites/default/files/wysiwyg/chsp/compendium/chsp-compendium-2023-rev.xlsx,AHRQ Compendium 2023 (system file rev. 2025-09); systems as of end-2023,False,10269840892.0,HCRIS FY2023 (FY2022 fallback); acute member hospitals; G-3 line 3,2,3142285524.0,HCRIS FY2024 (periods beginning 2023-10-01..2024-09-30); acute member CCNs; annualized where needed,2,0,-69.4,False,True,True,True,https://data.cms.gov/sites/default/files/2026-09/e85544f7-57ef-477e-9640-313ac0aac400/CostReport_2024_Final.csv,CMS Hospital Provider Cost Report FY2024 (periods beginning 2023-10-01..2024-09-30); file modified 2026-09-29
HSI00001065,Temple University Health System,Philadelphia,PA,PA,1,True,4,3,889.0,1.0,1.0,nonprofit,100.0,0,2023 (rev. 2025-09),https://www.ahrq.gov/sites/default/files/wysiwyg/chsp/compendium/chsp-compendium-2023-rev.xlsx,AHRQ Compendium 2023 (system file rev. 2025-09); systems as of end-2023,False,2122841693.0,HCRIS FY2023 (FY2022 fallback); acute member hospitals; G-3 line 3,1,2748918768.0,HCRIS FY2024 (periods beginning 2023-10-01..2024-09-30); acute member CCNs; annualized where needed,1,0,29.5,False,True,True,False,https://data.cms.gov/sites/default/files/2026-09/e85544f7-57ef-477e-9640-313ac0aac400/CostReport_2024_Final.csv,CMS Hospital Provider Cost Report FY2024 (periods beginning 2023-10-01..2024-09-30); file modified 2026-09-29
HSI00001075,The Childrens Hospital of Philadelphia,Philadelphia,PA,PA,1,True,1,1,667.0,0.0,1.0,nonprofit,100.0,0,2023 (rev. 2025-09),https://www.ahrq.gov/sites/default/files/wysiwyg/chsp/compendium/chsp-compendium-2023-rev.xlsx,AHRQ Compendium 2023 (system file rev. 2025-09); systems as of end-2023,False,2695079245.0,HCRIS FY2023 (FY2022 fallback); acute member hospitals; G-3 line 3,0,3365657963.0,HCRIS FY2024 (periods beginning 2023-10-01..2024-09-30); acute member CCNs; annualized where needed,0,0,24.9,False,False,False,False,https://data.cms.gov/sites/default/files/2026-09/e85544f7-57ef-477e-9640-313ac0aac400/CostReport_2024_Final.csv,CMS Hospital Provider Cost Report FY2024 (periods beginning 2023-10-01..2024-09-30); file modified 2026-09-29
HSI00000866,Tower Health,West Reading,PA,PA,1,True,6,4,1064.0,0.0,1.0,nonprofit,100.0,0,2023 (rev. 2025-09),https://www.ahrq.gov/sites/default/files/wysiwyg/chsp/compendium/chsp-compendium-2023-rev.xlsx,AHRQ Compendium 2023 (system file rev. 2025-09); systems as of end-2023,False,1683034476.0,HCRIS FY2023 (FY2022 fallback); acute member hospitals; G-3 line 3,0,2002567380.0,HCRIS FY2024 (periods beginning 2023-10-01..2024-09-30); acute member CCNs; annualized where needed,0,0,19.0,False,False,False,False,https://data.cms.gov/sites/default/files/2026-09/e85544f7-57ef-477e-9640-313ac0aac400/CostReport_2024_Final.csv,CMS Hospital Provider Cost Report FY2024 (periods beginning 2023-10-01..2024-09-30); file modified 2026-09-29
HSI00001126,UPMC,Pittsburgh,PA,MD;NY;PA,3,True,34,32,5972.0,1.0,1.0,nonprofit,97.7,1,2023 (rev. 2025-09),https://www.ahrq.gov/sites/default/files/wysiwyg/chsp/compendium/chsp-compendium-2023-rev.xlsx,AHRQ Compendium 2023 (system file rev. 2025-09); systems as of end-2023,True,10134615484.0,HCRIS FY2023 (FY2022 fallback); acute member hospitals; G-3 line 3,4,12203502730.0,HCRIS FY2024 (periods beginning 2023-10-01..2024-09-30); acute member CCNs; annualized where needed,4,1,20.4,False,True,False,False,https://data.cms.gov/sites/default/files/2026-09/e85544f7-57ef-477e-9640-313ac0aac400/CostReport_2024_Final.csv,CMS Hospital Provider Cost Report FY2024 (periods beginning 2023-10-01..2024-09-30); file modified 2026-09-29
HSI00000820,University of Pennsylvania Health System,Philadelphia,PA,NJ;PA,2,True,9,6,2929.0,1.0,1.0,nonprofit,100.0,0,2023 (rev. 2025-09),https://www.ahrq.gov/sites/default/files/wysiwyg/chsp/compendium/chsp-compendium-2023-rev.xlsx,AHRQ Compendium 2023 (system file rev. 2025-09); systems as of end-2023,False,7482702719.0,HCRIS FY2023 (FY2022 fallback); acute member hospitals; G-3 line 3,0,8623360997.0,HCRIS FY2024 (periods beginning 2023-10-01..2024-09-30); acute member CCNs; annualized where needed,0,0,15.2,False,False,False,False,https://data.cms.gov/sites/default/files/2026-09/e85544f7-57ef-477e-9640-313ac0aac400/CostReport_2024_Final.csv,CMS Hospital Provider Cost Report FY2024 (periods beginning 2023-10-01..2024-09-30); file modified 2026-09-29
HSI00001238,Washington Health System,Washington,PA,PA,1,True,2,2,232.0,0.0,1.0,nonprofit,100.0,0,2023 (rev. 2025-09),https://www.ahrq.gov/sites/default/files/wysiwyg/chsp/compendium/chsp-compendium-2023-rev.xlsx,AHRQ Compendium 2023 (system file rev. 2025-09); systems as of end-2023,False,254790529.0,HCRIS FY2023 (FY2022 fallback); acute member hospitals; G-3 line 3,0,266037979.0,HCRIS FY2024 (periods beginning 2023-10-01..2024-09-30); acute member CCNs; annualized where needed,0,0,4.4,False,False,False,False,https://data.cms.gov/sites/default/files/2026-09/e85544f7-57ef-477e-9640-313ac0aac400/CostReport_2024_Final.csv,CMS Hospital Provider Cost Report FY2024 (periods beginning 2023-10-01..2024-09-30); file modified 2026-09-29
HSI00001242,Wayne Memorial Health System,Honesdale,PA,PA,1,True,1,1,92.0,0.0,1.0,nonprofit,100.0,0,2023 (rev. 2025-09),https://www.ahrq.gov/sites/default/files/wysiwyg/chsp/compendium/chsp-compendium-2023-rev.xlsx,AHRQ Compendium 2023 (system file rev. 2025-09); systems as of end-2023,False,103550317.0,HCRIS FY2023 (FY2022 fallback); acute member hospitals; G-3 line 3,0,137071075.0,HCRIS FY2024 (periods beginning 2023-10-01..2024-09-30); acute member CCNs; annualized where needed,0,0,32.4,False,False,True,False,https://data.cms.gov/sites/default/files/2026-09/e85544f7-57ef-477e-9640-313ac0aac400/CostReport_2024_Final.csv,CMS Hospital Provider Cost Report FY2024 (periods beginning 2023-10-01..2024-09-30); file modified 2026-09-29
HSI00001243,Wellspan Health,York,PA,PA,1,True,8,6,1160.0,0.0,1.0,nonprofit,100.0,0,2023 (rev. 2025-09),https://www.ahrq.gov/sites/default/files/wysiwyg/chsp/compendium/chsp-compendium-2023-rev.xlsx,AHRQ Compendium 2023 (system file rev. 2025-09); systems as of end-2023,False,2892632677.0,HCRIS FY2023 (FY2022 fallback); acute member hospitals; G-3 line 3,0,3295031178.0,HCRIS FY2024 (periods beginning 2023-10-01..2024-09-30); acute member CCNs; annualized where needed,0,0,13.9,False,False,False,False,https://data.cms.gov/sites/default/files/2026-09/e85544f7-57ef-477e-9640-313ac0aac400/CostReport_2024_Final.csv,CMS Hospital Provider Cost Report FY2024 (periods beginning 2023-10-01..2024-09-30); file modified 2026-09-29
HSI00000166,Care New England Health System,Providence,RI,RI,1,True,3,2,570.0,1.0,1.0,nonprofit,100.0,0,2023 (rev. 2025-09),https://www.ahrq.gov/sites/default/files/wysiwyg/chsp/compendium/chsp-compendium-2023-rev.xlsx,AHRQ Compendium 2023 (system file rev. 2025-09); systems as of end-2023,False,828583377.0,HCRIS FY2023 (FY2022 fallback); acute member hospitals; G-3 line 3,0,955037785.0,HCRIS FY2024 (periods beginning 2023-10-01..2024-09-30); acute member CCNs; annualized where needed,0,0,15.3,False,False,False,False,https://data.cms.gov/sites/default/files/2026-09/e85544f7-57ef-477e-9640-313ac0aac400/CostReport_2024_Final.csv,CMS Hospital Provider Cost Report FY2024 (periods beginning 2023-10-01..2024-09-30); file modified 2026-09-29
HSI00000585,Lifespan,Providence,RI,RI,1,True,4,3,963.0,0.0,1.0,nonprofit,100.0,0,2023 (rev. 2025-09),https://www.ahrq.gov/sites/default/files/wysiwyg/chsp/compendium/chsp-compendium-2023-rev.xlsx,AHRQ Compendium 2023 (system file rev. 2025-09); systems as of end-2023,False,2172800974.0,HCRIS FY2023 (FY2022 fallback); acute member hospitals; G-3 line 3,0,2370941303.0,HCRIS FY2024 (periods beginning 2023-10-01..2024-09-30); acute member CCNs; annualized where needed,0,0,9.1,False,False,False,False,https://data.cms.gov/sites/default/files/2026-09/e85544f7-57ef-477e-9640-313ac0aac400/CostReport_2024_Final.csv,CMS Hospital Provider Cost Report FY2024 (periods beginning 2023-10-01..2024-09-30); file modified 2026-09-29
HSI00000998,South County Health,Wakefield,RI,RI,1,True,1,1,79.0,0.0,1.0,nonprofit,100.0,0,2023 (rev. 2025-09),https://www.ahrq.gov/sites/default/files/wysiwyg/chsp/compendium/chsp-compendium-2023-rev.xlsx,AHRQ Compendium 2023 (system file rev. 2025-09); systems as of end-2023,False,224831385.0,HCRIS FY2023 (FY2022 fallback); acute member hospitals; G-3 line 3,0,229888317.0,HCRIS FY2024 (periods beginning 2023-10-01..2024-09-30); acute member CCNs; annualized where needed,0,0,2.2,False,False,False,False,https://data.cms.gov/sites/default/files/2026-09/e85544f7-57ef-477e-9640-313ac0aac400/CostReport_2024_Final.csv,CMS Hospital Provider Cost Report FY2024 (periods beginning 2023-10-01..2024-09-30); file modified 2026-09-29
HSI00001382,AnMed Health,Anderson,SC,SC,1,True,2,2,409.0,0.0,1.0,nonprofit,100.0,0,2023 (rev. 2025-09),https://www.ahrq.gov/sites/default/files/wysiwyg/chsp/compendium/chsp-compendium-2023-rev.xlsx,AHRQ Compendium 2023 (system file rev. 2025-09); systems as of end-2023,False,622732411.0,HCRIS FY2023 (FY2022 fallback); acute member hospitals; G-3 line 3,0,737903672.0,HCRIS FY2024 (periods beginning 2023-10-01..2024-09-30); acute member CCNs; annualized where needed,0,0,18.5,False,False,False,False,https://data.cms.gov/sites/default/files/2026-09/e85544f7-57ef-477e-9640-313ac0aac400/CostReport_2024_Final.csv,CMS Hospital Provider Cost Report FY2024 (periods beginning 2023-10-01..2024-09-30); file modified 2026-09-29
HSI00000271,Conway Medical Center,Conway,SC,SC,1,True,1,1,171.0,0.0,1.0,nonprofit,100.0,0,2023 (rev. 2025-09),https://www.ahrq.gov/sites/default/files/wysiwyg/chsp/compendium/chsp-compendium-2023-rev.xlsx,AHRQ Compendium 2023 (system file rev. 2025-09); systems as of end-2023,False,270969273.0,HCRIS FY2023 (FY2022 fallback); acute member hospitals; G-3 line 3,0,290165782.0,HCRIS FY2024 (periods beginning 2023-10-01..2024-09-30); acute member CCNs; annualized where needed,0,0,7.1,False,False,False,False,https://data.cms.gov/sites/default/files/2026-09/e85544f7-57ef-477e-9640-313ac0aac400/CostReport_2024_Final.csv,CMS Hospital Provider Cost Report FY2024 (periods beginning 2023-10-01..2024-09-30); file modified 2026-09-29
HSI00000579,Lexington Medical Center,West Columbia,SC,SC,1,True,1,1,541.0,0.0,1.0,nonprofit,100.0,0,2023 (rev. 2025-09),https://www.ahrq.gov/sites/default/files/wysiwyg/chsp/compendium/chsp-compendium-2023-rev.xlsx,AHRQ Compendium 2023 (system file rev. 2025-09); systems as of end-2023,False,1513233364.0,HCRIS FY2023 (FY2022 fallback); acute member hospitals; G-3 line 3,0,1587166883.0,HCRIS FY2024 (periods beginning 2023-10-01..2024-09-30); acute member CCNs; annualized where needed,0,0,4.9,False,False,False,False,https://data.cms.gov/sites/default/files/2026-09/e85544f7-57ef-477e-9640-313ac0aac400/CostReport_2024_Final.csv,CMS Hospital Provider Cost Report FY2024 (periods beginning 2023-10-01..2024-09-30); file modified 2026-09-29
HSI00000637,McLeod Health,Florence,SC,SC,1,True,6,5,846.0,1.0,1.0,nonprofit,100.0,0,2023 (rev. 2025-09),https://www.ahrq.gov/sites/default/files/wysiwyg/chsp/compendium/chsp-compendium-2023-rev.xlsx,AHRQ Compendium 2023 (system file rev. 2025-09); systems as of end-2023,False,1329212264.0,HCRIS FY2023 (FY2022 fallback); acute member hospitals; G-3 line 3,0,1608987235.0,HCRIS FY2024 (periods beginning 2023-10-01..2024-09-30); acute member CCNs; annualized where needed,0,0,21.0,False,False,False,False,https://data.cms.gov/sites/default/files/2026-09/e85544f7-57ef-477e-9640-313ac0aac400/CostReport_2024_Final.csv,CMS Hospital Provider Cost Report FY2024 (periods beginning 2023-10-01..2024-09-30); file modified 2026-09-29
HSI00001378,Prisma Health,Greenville,SC,SC,1,True,12,10,2129.0,1.0,1.0,nonprofit,100.0,0,2023 (rev. 2025-09),https://www.ahrq.gov/sites/default/files/wysiwyg/chsp/compendium/chsp-compendium-2023-rev.xlsx,AHRQ Compendium 2023 (system file rev. 2025-09); systems as of end-2023,False,4181808678.0,HCRIS FY2023 (FY2022 fallback); acute member hospitals; G-3 line 3,0,4579768521.0,HCRIS FY2024 (periods beginning 2023-10-01..2024-09-30); acute member CCNs; annualized where needed,0,0,9.5,False,False,False,False,https://data.cms.gov/sites/default/files/2026-09/e85544f7-57ef-477e-9640-313ac0aac400/CostReport_2024_Final.csv,CMS Hospital Provider Cost Report FY2024 (periods beginning 2023-10-01..2024-09-30); file modified 2026-09-29
HSI00000068,Avera Health,Sioux Falls,SD,IA;MN;NE;SD,4,True,42,39,1324.0,0.0,2.0,church-operated,92.1,4,2023 (rev. 2025-09),https://www.ahrq.gov/sites/default/files/wysiwyg/chsp/compendium/chsp-compendium-2023-rev.xlsx,AHRQ Compendium 2023 (system file rev. 2025-09); systems as of end-2023,True,2517473889.0,HCRIS FY2023 (FY2022 fallback); acute member hospitals; G-3 line 3,4,3185577339.0,HCRIS FY2024 (periods beginning 2023-10-01..2024-09-30); acute member CCNs; annualized where needed,3,0,26.5,False,True,True,False,https://data.cms.gov/sites/default/files/2026-09/e85544f7-57ef-477e-9640-313ac0aac400/CostReport_2024_Final.csv,CMS Hospital Provider Cost Report FY2024 (periods beginning 2023-10-01..2024-09-30); file modified 2026-09-29
HSI00000868,Monument Health,Rapid City,SD,SD;WY,2,True,10,9,522.0,0.0,1.0,nonprofit,97.7,1,2023 (rev. 2025-09),https://www.ahrq.gov/sites/default/files/wysiwyg/chsp/compendium/chsp-compendium-2023-rev.xlsx,AHRQ Compendium 2023 (system file rev. 2025-09); systems as of end-2023,True,980321335.0,HCRIS FY2023 (FY2022 fallback); acute member hospitals; G-3 line 3,1,1118496917.0,HCRIS FY2024 (periods beginning 2023-10-01..2024-09-30); acute member CCNs; annualized where needed,1,0,14.1,False,True,False,False,https://data.cms.gov/sites/default/files/2026-09/e85544f7-57ef-477e-9640-313ac0aac400/CostReport_2024_Final.csv,CMS Hospital Provider Cost Report FY2024 (periods beginning 2023-10-01..2024-09-30); file modified 2026-09-29
HSI00000958,Sanford Health,Sioux Falls,SD,IA;MN;MT;ND;SD,5,True,41,40,1925.0,0.0,1.0,nonprofit,94.1,5,2023 (rev. 2025-09),https://www.ahrq.gov/sites/default/files/wysiwyg/chsp/compendium/chsp-compendium-2023-rev.xlsx,AHRQ Compendium 2023 (system file rev. 2025-09); systems as of end-2023,True,4666228728.0,HCRIS FY2023 (FY2022 fallback); acute member hospitals; G-3 line 3,6,5284256956.0,HCRIS FY2024 (periods beginning 2023-10-01..2024-09-30); acute member CCNs; annualized where needed,5,1,13.2,False,True,False,False,https://data.cms.gov/sites/default/files/2026-09/e85544f7-57ef-477e-9640-313ac0aac400/CostReport_2024_Final.csv,CMS Hospital Provider Cost Report FY2024 (periods beginning 2023-10-01..2024-09-30); file modified 2026-09-29
HSI00001284,Ballad Health,Johnson City,TN,TN;VA,2,True,22,21,1635.0,1.0,1.0,nonprofit,100.0,0,2023 (rev. 2025-09),https://www.ahrq.gov/sites/default/files/wysiwyg/chsp/compendium/chsp-compendium-2023-rev.xlsx,AHRQ Compendium 2023 (system file rev. 2025-09); systems as of end-2023,False,2104074046.0,HCRIS FY2023 (FY2022 fallback); acute member hospitals; G-3 line 3,4,2381062175.0,HCRIS FY2024 (periods beginning 2023-10-01..2024-09-30); acute member CCNs; annualized where needed,4,0,13.2,False,True,False,False,https://data.cms.gov/sites/default/files/2026-09/e85544f7-57ef-477e-9640-313ac0aac400/CostReport_2024_Final.csv,CMS Hospital Provider Cost Report FY2024 (periods beginning 2023-10-01..2024-09-30); file modified 2026-09-29
HSI00000081,Baptist Memorial Health Care Corporation,Memphis,TN,AR;MS;TN,3,True,21,19,2368.0,0.0,2.0,church-operated,100.0,0,2023 (rev. 2025-09),https://www.ahrq.gov/sites/default/files/wysiwyg/chsp/compendium/chsp-compendium-2023-rev.xlsx,AHRQ Compendium 2023 (system file rev. 2025-09); systems as of end-2023,False,2947353936.0,HCRIS FY2023 (FY2022 fallback); acute member hospitals; G-3 line 3,2,3531155183.0,HCRIS FY2024 (periods beginning 2023-10-01..2024-09-30); acute member CCNs; annualized where needed,2,0,19.8,False,True,False,False,https://data.cms.gov/sites/default/files/2026-09/e85544f7-57ef-477e-9640-313ac0aac400/CostReport_2024_Final.csv,CMS Hospital Provider Cost Report FY2024 (periods beginning 2023-10-01..2024-09-30); file modified 2026-09-29
HSI00000286,Covenant Health,Knoxville,TN,TN,1,True,10,9,1162.0,0.0,1.0,nonprofit,100.0,0,2023 (rev. 2025-09),https://www.ahrq.gov/sites/default/files/wysiwyg/chsp/compendium/chsp-compendium-2023-rev.xlsx,AHRQ Compendium 2023 (system file rev. 2025-09); systems as of end-2023,False,1398634970.0,HCRIS FY2023 (FY2022 fallback); acute member hospitals; G-3 line 3,0,1087637599.0,HCRIS FY2024 (periods beginning 2023-10-01..2024-09-30); acute member CCNs; annualized where needed,1,0,-22.2,False,True,False,False,https://data.cms.gov/sites/default/files/2026-09/e85544f7-57ef-477e-9640-313ac0aac400/CostReport_2024_Final.csv,CMS Hospital Provider Cost Report FY2024 (periods beginning 2023-10-01..2024-09-30); file modified 2026-09-29
HSI00000327,East Tennessee Childrens Hospital Association,Knoxville,TN,TN,1,True,1,1,,,1.0,nonprofit,,0,2023 (rev. 2025-09),https://www.ahrq.gov/sites/default/files/wysiwyg/chsp/compendium/chsp-compendium-2023-rev.xlsx,AHRQ Compendium 2023 (system file rev. 2025-09); systems as of end-2023,False,,HCRIS FY2023 (FY2022 fallback); acute member hospitals; G-3 line 3,1,312649794.0,HCRIS FY2024 (periods beginning 2023-10-01..2024-09-30); acute member CCNs; annualized where needed,0,0,,True,True,False,False,https://data.cms.gov/sites/default/files/2026-09/e85544f7-57ef-477e-9640-313ac0aac400/CostReport_2024_Final.csv,CMS Hospital Provider Cost Report FY2024 (periods beginning 2023-10-01..2024-09-30); file modified 2026-09-29
HSI00000675,Methodist Le Bonheur Healthcare,Memphis,TN,MS;TN,2,True,3,2,1395.0,1.0,2.0,church-operated,100.0,0,2023 (rev. 2025-09),https://www.ahrq.gov/sites/default/files/wysiwyg/chsp/compendium/chsp-compendium-2023-rev.xlsx,AHRQ Compendium 2023 (system file rev. 2025-09); systems as of end-2023,False,1734928473.0,HCRIS FY2023 (FY2022 fallback); acute member hospitals; G-3 line 3,0,1830674311.0,HCRIS FY2024 (periods beginning 2023-10-01..2024-09-30); acute member CCNs; annualized where needed,0,0,5.5,False,False,False,False,https://data.cms.gov/sites/default/files/2026-09/e85544f7-57ef-477e-9640-313ac0aac400/CostReport_2024_Final.csv,CMS Hospital Provider Cost Report FY2024 (periods beginning 2023-10-01..2024-09-30); file modified 2026-09-29
HSI00000870,Regional One Health,Memphis,TN,TN,1,True,2,1,291.0,1.0,1.0,nonprofit,100.0,0,2023 (rev. 2025-09),https://www.ahrq.gov/sites/default/files/wysiwyg/chsp/compendium/chsp-compendium-2023-rev.xlsx,AHRQ Compendium 2023 (system file rev. 2025-09); systems as of end-2023,False,407880356.0,HCRIS FY2023 (FY2022 fallback); acute member hospitals; G-3 line 3,0,453336800.0,HCRIS FY2024 (periods beginning 2023-10-01..2024-09-30); acute member CCNs; annualized where needed,0,0,11.1,False,False,False,False,https://data.cms.gov/sites/default/files/2026-09/e85544f7-57ef-477e-9640-313ac0aac400/CostReport_2024_Final.csv,CMS Hospital Provider Cost Report FY2024 (periods beginning 2023-10-01..2024-09-30); file modified 2026-09-29
HSI00001153,University of Tennessee Medical Center,Knoxville,TN,TN,1,True,1,1,698.0,0.0,1.0,nonprofit,100.0,0,2023 (rev. 2025-09),https://www.ahrq.gov/sites/default/files/wysiwyg/chsp/compendium/chsp-compendium-2023-rev.xlsx,AHRQ Compendium 2023 (system file rev. 2025-09); systems as of end-2023,False,1213548796.0,HCRIS FY2023 (FY2022 fallback); acute member hospitals; G-3 line 3,0,1289219874.0,HCRIS FY2024 (periods beginning 2023-10-01..2024-09-30); acute member CCNs; annualized where needed,0,0,6.2,False,False,False,False,https://data.cms.gov/sites/default/files/2026-09/e85544f7-57ef-477e-9640-313ac0aac400/CostReport_2024_Final.csv,CMS Hospital Provider Cost Report FY2024 (periods beginning 2023-10-01..2024-09-30); file modified 2026-09-29
HSI00001222,Vanderbilt Health,Nashville,TN,TN,1,True,4,4,1292.0,0.0,1.0,nonprofit,98.1,1,2023 (rev. 2025-09),https://www.ahrq.gov/sites/default/files/wysiwyg/chsp/compendium/chsp-compendium-2023-rev.xlsx,AHRQ Compendium 2023 (system file rev. 2025-09); systems as of end-2023,True,5729356840.0,HCRIS FY2023 (FY2022 fallback); acute member hospitals; G-3 line 3,0,7264595549.0,HCRIS FY2024 (periods beginning 2023-10-01..2024-09-30); acute member CCNs; annualized where needed,0,0,26.8,False,False,True,False,https://data.cms.gov/sites/default/files/2026-09/e85544f7-57ef-477e-9640-313ac0aac400/CostReport_2024_Final.csv,CMS Hospital Provider Cost Report FY2024 (periods beginning 2023-10-01..2024-09-30); file modified 2026-09-29
HSI00000096,Baylor Scott and White Health,Dallas,TX,TX,1,True,31,25,3840.0,0.0,1.0,nonprofit,98.3,2,2023 (rev. 2025-09),https://www.ahrq.gov/sites/default/files/wysiwyg/chsp/compendium/chsp-compendium-2023-rev.xlsx,AHRQ Compendium 2023 (system file rev. 2025-09); systems as of end-2023,True,7757139545.0,HCRIS FY2023 (FY2022 fallback); acute member hospitals; G-3 line 3,4,6296855700.0,HCRIS FY2024 (periods beginning 2023-10-01..2024-09-30); acute member CCNs; annualized where needed,7,1,-18.8,False,True,False,False,https://data.cms.gov/sites/default/files/2026-09/e85544f7-57ef-477e-9640-313ac0aac400/CostReport_2024_Final.csv,CMS Hospital Provider Cost Report FY2024 (periods beginning 2023-10-01..2024-09-30); file modified 2026-09-29
HSI00000208,Childrens Health,Dallas,TX,TX,1,True,3,3,448.0,0.0,1.0,nonprofit,100.0,0,2023 (rev. 2025-09),https://www.ahrq.gov/sites/default/files/wysiwyg/chsp/compendium/chsp-compendium-2023-rev.xlsx,AHRQ Compendium 2023 (system file rev. 2025-09); systems as of end-2023,False,2245347709.0,HCRIS FY2023 (FY2022 fallback); acute member hospitals; G-3 line 3,1,2418052084.0,HCRIS FY2024 (periods beginning 2023-10-01..2024-09-30); acute member CCNs; annualized where needed,1,0,7.7,False,True,False,False,https://data.cms.gov/sites/default/files/2026-09/e85544f7-57ef-477e-9640-313ac0aac400/CostReport_2024_Final.csv,CMS Hospital Provider Cost Report FY2024 (periods beginning 2023-10-01..2024-09-30); file modified 2026-09-29
HSI00000152,Christus Health,Irving,TX,LA;NM;TX,3,True,32,26,3916.0,1.0,2.0,church-operated,95.0,3,2023 (rev. 2025-09),https://www.ahrq.gov/sites/default/files/wysiwyg/chsp/compendium/chsp-compendium-2023-rev.xlsx,AHRQ Compendium 2023 (system file rev. 2025-09); systems as of end-2023,True,6098506336.0,HCRIS FY2023 (FY2022 fallback); acute member hospitals; G-3 line 3,3,6951267904.0,HCRIS FY2024 (periods beginning 2023-10-01..2024-09-30); acute member CCNs; annualized where needed,3,0,14.0,False,True,False,False,https://data.cms.gov/sites/default/files/2026-09/e85544f7-57ef-477e-9640-313ac0aac400/CostReport_2024_Final.csv,CMS Hospital Provider Cost Report FY2024 (periods beginning 2023-10-01..2024-09-30); file modified 2026-09-29
HSI00000251,Community Hospital Corporation,Plano,TX,AR;CO;ID;KY;NC;NM;SC;TX,8,True,20,11,772.0,1.0,1.0,nonprofit,58.8,6,2023 (rev. 2025-09),https://www.ahrq.gov/sites/default/files/wysiwyg/chsp/compendium/chsp-compendium-2023-rev.xlsx,AHRQ Compendium 2023 (system file rev. 2025-09); systems as of end-2023,True,904157142.0,HCRIS FY2023 (FY2022 fallback); acute member hospitals; G-3 line 3,1,566913880.0,HCRIS FY2024 (periods beginning 2023-10-01..2024-09-30); acute member CCNs; annualized where needed,2,1,-37.3,False,True,True,False,https://data.cms.gov/sites/default/files/2026-09/e85544f7-57ef-477e-9640-313ac0aac400/CostReport_2024_Final.csv,CMS Hospital Provider Cost Report FY2024 (periods beginning 2023-10-01..2024-09-30); file modified 2026-09-29
HSI00000273,Cook Childrens Health Care System,Fort Worth,TX,TX,1,True,2,2,447.0,0.0,1.0,nonprofit,100.0,0,2023 (rev. 2025-09),https://www.ahrq.gov/sites/default/files/wysiwyg/chsp/compendium/chsp-compendium-2023-rev.xlsx,AHRQ Compendium 2023 (system file rev. 2025-09); systems as of end-2023,False,1612774162.0,HCRIS FY2023 (FY2022 fallback); acute member hospitals; G-3 line 3,1,1959970633.0,HCRIS FY2024 (periods beginning 2023-10-01..2024-09-30); acute member CCNs; annualized where needed,0,0,21.5,False,True,False,False,https://data.cms.gov/sites/default/files/2026-09/e85544f7-57ef-477e-9640-313ac0aac400/CostReport_2024_Final.csv,CMS Hospital Provider Cost Report FY2024 (periods beginning 2023-10-01..2024-09-30); file modified 2026-09-29
HSI00000321,Driscoll Childrens Hospital,Corpus Christi,TX,TX,1,True,1,1,215.0,0.0,1.0,nonprofit,100.0,0,2023 (rev. 2025-09),https://www.ahrq.gov/sites/default/files/wysiwyg/chsp/compendium/chsp-compendium-2023-rev.xlsx,AHRQ Compendium 2023 (system file rev. 2025-09); systems as of end-2023,False,694328846.0,HCRIS FY2023 (FY2022 fallback); acute member hospitals; G-3 line 3,0,,HCRIS FY2024 (periods beginning 2023-10-01..2024-09-30); acute member CCNs; annualized where needed,1,0,,False,True,False,False,https://data.cms.gov/sites/default/files/2026-09/e85544f7-57ef-477e-9640-313ac0aac400/CostReport_2024_Final.csv,CMS Hospital Provider Cost Report FY2024 (periods beginning 2023-10-01..2024-09-30); file modified 2026-09-29
HSI00000471,Hendrick Health System,Abilene,TX,TX,1,True,3,3,656.0,0.0,2.0,church-operated,100.0,0,2023 (rev. 2025-09),https://www.ahrq.gov/sites/default/files/wysiwyg/chsp/compendium/chsp-compendium-2023-rev.xlsx,AHRQ Compendium 2023 (system file rev. 2025-09); systems as of end-2023,False,824367356.0,HCRIS FY2023 (FY2022 fallback); acute member hospitals; G-3 line 3,1,,HCRIS FY2024 (periods beginning 2023-10-01..2024-09-30); acute member CCNs; annualized where needed,3,0,,False,True,False,False,https://data.cms.gov/sites/default/files/2026-09/e85544f7-57ef-477e-9640-313ac0aac400/CostReport_2024_Final.csv,CMS Hospital Provider Cost Report FY2024 (periods beginning 2023-10-01..2024-09-30); file modified 2026-09-29
HSI00001081,Houston Methodist,Houston,TX,TX,1,True,8,7,2653.0,0.0,1.0,nonprofit,100.0,0,2023 (rev. 2025-09),https://www.ahrq.gov/sites/default/files/wysiwyg/chsp/compendium/chsp-compendium-2023-rev.xlsx,AHRQ Compendium 2023 (system file rev. 2025-09); systems as of end-2023,False,6281664751.0,HCRIS FY2023 (FY2022 fallback); acute member hospitals; G-3 line 3,0,6938443964.0,HCRIS FY2024 (periods beginning 2023-10-01..2024-09-30); acute member CCNs; annualized where needed,0,0,10.5,False,False,False,False,https://data.cms.gov/sites/default/files/2026-09/e85544f7-57ef-477e-9640-313ac0aac400/CostReport_2024_Final.csv,CMS Hospital Provider Cost Report FY2024 (periods beginning 2023-10-01..2024-09-30); file modified 2026-09-29
HSI00000654,Memorial Hermann Healthcare System,Houston,TX,TX,1,True,11,7,3548.0,1.0,1.0,nonprofit,100.0,0,2023 (rev. 2025-09),https://www.ahrq.gov/sites/default/files/wysiwyg/chsp/compendium/chsp-compendium-2023-rev.xlsx,AHRQ Compendium 2023 (system file rev. 2025-09); systems as of end-2023,False,6612021513.0,HCRIS FY2023 (FY2022 fallback); acute member hospitals; G-3 line 3,1,7255577982.0,HCRIS FY2024 (periods beginning 2023-10-01..2024-09-30); acute member CCNs; annualized where needed,1,0,9.7,False,True,False,False,https://data.cms.gov/sites/default/files/2026-09/e85544f7-57ef-477e-9640-313ac0aac400/CostReport_2024_Final.csv,CMS Hospital Provider Cost Report FY2024 (periods beginning 2023-10-01..2024-09-30); file modified 2026-09-29
HSI00000673,Methodist Health System,Dallas,TX,TX,1,True,8,7,1266.0,0.0,1.0,nonprofit,96.4,2,2023 (rev. 2025-09),https://www.ahrq.gov/sites/default/files/wysiwyg/chsp/compendium/chsp-compendium-2023-rev.xlsx,AHRQ Compendium 2023 (system file rev. 2025-09); systems as of end-2023,True,1837350034.0,HCRIS FY2023 (FY2022 fallback); acute member hospitals; G-3 line 3,0,2141736176.0,HCRIS FY2024 (periods beginning 2023-10-01..2024-09-30); acute member CCNs; annualized where needed,0,0,16.6,False,False,False,False,https://data.cms.gov/sites/default/files/2026-09/e85544f7-57ef-477e-9640-313ac0aac400/CostReport_2024_Final.csv,CMS Hospital Provider Cost Report FY2024 (periods beginning 2023-10-01..2024-09-30); file modified 2026-09-29
HSI00000822,Peterson Health,Kerrville,TX,TX,1,True,1,1,98.0,0.0,1.0,nonprofit,100.0,0,2023 (rev. 2025-09),https://www.ahrq.gov/sites/default/files/wysiwyg/chsp/compendium/chsp-compendium-2023-rev.xlsx,AHRQ Compendium 2023 (system file rev. 2025-09); systems as of end-2023,False,171731833.0,HCRIS FY2023 (FY2022 fallback); acute member hospitals; G-3 line 3,0,207710514.0,HCRIS FY2024 (periods beginning 2023-10-01..2024-09-30); acute member CCNs; annualized where needed,0,0,21.0,False,False,False,False,https://data.cms.gov/sites/default/files/2026-09/e85544f7-57ef-477e-9640-313ac0aac400/CostReport_2024_Final.csv,CMS Hospital Provider Cost Report FY2024 (periods beginning 2023-10-01..2024-09-30); file modified 2026-09-29
HSI00000975,Shannon Health System,San Angelo,TX,TX,1,True,2,2,340.0,0.0,1.0,nonprofit,100.0,0,2023 (rev. 2025-09),https://www.ahrq.gov/sites/default/files/wysiwyg/chsp/compendium/chsp-compendium-2023-rev.xlsx,AHRQ Compendium 2023 (system file rev. 2025-09); systems as of end-2023,False,642627750.0,HCRIS FY2023 (FY2022 fallback); acute member hospitals; G-3 line 3,1,731698164.0,HCRIS FY2024 (periods beginning 2023-10-01..2024-09-30); acute member CCNs; annualized where needed,1,0,13.9,False,True,False,False,https://data.cms.gov/sites/default/files/2026-09/e85544f7-57ef-477e-9640-313ac0aac400/CostReport_2024_Final.csv,CMS Hospital Provider Cost Report FY2024 (periods beginning 2023-10-01..2024-09-30); file modified 2026-09-29
HSI00001069,Texas Childrens Hospital,Houston,TX,TX,1,True,1,1,905.0,0.0,1.0,nonprofit,100.0,0,2023 (rev. 2025-09),https://www.ahrq.gov/sites/default/files/wysiwyg/chsp/compendium/chsp-compendium-2023-rev.xlsx,AHRQ Compendium 2023 (system file rev. 2025-09); systems as of end-2023,False,2842123139.0,HCRIS FY2023 (FY2022 fallback); acute member hospitals; G-3 line 3,0,3037599156.0,HCRIS FY2024 (periods beginning 2023-10-01..2024-09-30); acute member CCNs; annualized where needed,0,0,6.9,False,False,False,False,https://data.cms.gov/sites/default/files/2026-09/e85544f7-57ef-477e-9640-313ac0aac400/CostReport_2024_Final.csv,CMS Hospital Provider Cost Report FY2024 (periods beginning 2023-10-01..2024-09-30); file modified 2026-09-29
HSI00001072,Texas Health Resources,Arlington,TX,TX,1,True,21,18,3165.0,1.0,1.0,nonprofit,91.8,4,2023 (rev. 2025-09),https://www.ahrq.gov/sites/default/files/wysiwyg/chsp/compendium/chsp-compendium-2023-rev.xlsx,AHRQ Compendium 2023 (system file rev. 2025-09); systems as of end-2023,True,4959581904.0,HCRIS FY2023 (FY2022 fallback); acute member hospitals; G-3 line 3,0,5364251703.0,HCRIS FY2024 (periods beginning 2023-10-01..2024-09-30); acute member CCNs; annualized where needed,0,0,8.2,False,False,False,False,https://data.cms.gov/sites/default/files/2026-09/e85544f7-57ef-477e-9640-313ac0aac400/CostReport_2024_Final.csv,CMS Hospital Provider Cost Report FY2024 (periods beginning 2023-10-01..2024-09-30); file modified 2026-09-29
HSI00001143,United Regional Health Care System,Wichita Falls,TX,TX,1,True,1,1,244.0,0.0,1.0,nonprofit,100.0,0,2023 (rev. 2025-09),https://www.ahrq.gov/sites/default/files/wysiwyg/chsp/compendium/chsp-compendium-2023-rev.xlsx,AHRQ Compendium 2023 (system file rev. 2025-09); systems as of end-2023,False,447883041.0,HCRIS FY2023 (FY2022 fallback); acute member hospitals; G-3 line 3,0,495831762.0,HCRIS FY2024 (periods beginning 2023-10-01..2024-09-30); acute member CCNs; annualized where needed,0,0,10.7,False,False,False,False,https://data.cms.gov/sites/default/files/2026-09/e85544f7-57ef-477e-9640-313ac0aac400/CostReport_2024_Final.csv,CMS Hospital Provider Cost Report FY2024 (periods beginning 2023-10-01..2024-09-30); file modified 2026-09-29
HSI00000516,Intermountain Healthcare,Salt Lake City,UT,CO;ID;MT;UT,4,True,33,31,3938.0,0.0,1.0,nonprofit,100.0,0,2023 (rev. 2025-09),https://www.ahrq.gov/sites/default/files/wysiwyg/chsp/compendium/chsp-compendium-2023-rev.xlsx,AHRQ Compendium 2023 (system file rev. 2025-09); systems as of end-2023,False,9587507849.0,HCRIS FY2023 (FY2022 fallback); acute member hospitals; G-3 line 3,0,10181065979.0,HCRIS FY2024 (periods beginning 2023-10-01..2024-09-30); acute member CCNs; annualized where needed,0,0,6.2,False,False,False,False,https://data.cms.gov/sites/default/files/2026-09/e85544f7-57ef-477e-9640-313ac0aac400/CostReport_2024_Final.csv,CMS Hospital Provider Cost Report FY2024 (periods beginning 2023-10-01..2024-09-30); file modified 2026-09-29
HSI00000063,Augusta Health,Fishersville,VA,VA,1,True,1,1,193.0,0.0,1.0,nonprofit,100.0,0,2023 (rev. 2025-09),https://www.ahrq.gov/sites/default/files/wysiwyg/chsp/compendium/chsp-compendium-2023-rev.xlsx,AHRQ Compendium 2023 (system file rev. 2025-09); systems as of end-2023,False,448911975.0,HCRIS FY2023 (FY2022 fallback); acute member hospitals; G-3 line 3,0,495119616.0,HCRIS FY2024 (periods beginning 2023-10-01..2024-09-30); acute member CCNs; annualized where needed,0,0,10.3,False,False,False,False,https://data.cms.gov/sites/default/files/2026-09/e85544f7-57ef-477e-9640-313ac0aac400/CostReport_2024_Final.csv,CMS Hospital Provider Cost Report FY2024 (periods beginning 2023-10-01..2024-09-30); file modified 2026-09-29
HSI00000170,Carilion Clinic,Roanoke,VA,VA,1,True,7,7,838.0,0.0,1.0,nonprofit,100.0,0,2023 (rev. 2025-09),https://www.ahrq.gov/sites/default/files/wysiwyg/chsp/compendium/chsp-compendium-2023-rev.xlsx,AHRQ Compendium 2023 (system file rev. 2025-09); systems as of end-2023,False,2029403736.0,HCRIS FY2023 (FY2022 fallback); acute member hospitals; G-3 line 3,1,2275626601.0,HCRIS FY2024 (periods beginning 2023-10-01..2024-09-30); acute member CCNs; annualized where needed,1,0,12.1,False,True,False,False,https://data.cms.gov/sites/default/files/2026-09/e85544f7-57ef-477e-9640-313ac0aac400/CostReport_2024_Final.csv,CMS Hospital Provider Cost Report FY2024 (periods beginning 2023-10-01..2024-09-30); file modified 2026-09-29
HSI00000192,Centra Health,Lynchburg,VA,VA,1,True,5,4,562.0,0.0,1.0,nonprofit,100.0,0,2023 (rev. 2025-09),https://www.ahrq.gov/sites/default/files/wysiwyg/chsp/compendium/chsp-compendium-2023-rev.xlsx,AHRQ Compendium 2023 (system file rev. 2025-09); systems as of end-2023,False,1094703075.0,HCRIS FY2023 (FY2022 fallback); acute member hospitals; G-3 line 3,1,1093654413.0,HCRIS FY2024 (periods beginning 2023-10-01..2024-09-30); acute member CCNs; annualized where needed,1,0,-0.1,False,True,False,False,https://data.cms.gov/sites/default/files/2026-09/e85544f7-57ef-477e-9640-313ac0aac400/CostReport_2024_Final.csv,CMS Hospital Provider Cost Report FY2024 (periods beginning 2023-10-01..2024-09-30); file modified 2026-09-29
HSI00000215,Childrens Hospital of the Kings Daughters Health System,Norfolk,VA,VA,1,True,1,1,202.0,0.0,1.0,nonprofit,100.0,0,2023 (rev. 2025-09),https://www.ahrq.gov/sites/default/files/wysiwyg/chsp/compendium/chsp-compendium-2023-rev.xlsx,AHRQ Compendium 2023 (system file rev. 2025-09); systems as of end-2023,False,546188212.0,HCRIS FY2023 (FY2022 fallback); acute member hospitals; G-3 line 3,0,733412937.0,HCRIS FY2024 (periods beginning 2023-10-01..2024-09-30); acute member CCNs; annualized where needed,0,0,34.3,False,False,True,False,https://data.cms.gov/sites/default/files/2026-09/e85544f7-57ef-477e-9640-313ac0aac400/CostReport_2024_Final.csv,CMS Hospital Provider Cost Report FY2024 (periods beginning 2023-10-01..2024-09-30); file modified 2026-09-29
HSI00000513,Inova Health System,Falls Church,VA,VA,1,True,5,5,1682.0,0.0,1.0,nonprofit,100.0,0,2023 (rev. 2025-09),https://www.ahrq.gov/sites/default/files/wysiwyg/chsp/compendium/chsp-compendium-2023-rev.xlsx,AHRQ Compendium 2023 (system file rev. 2025-09); systems as of end-2023,False,4422197920.0,HCRIS FY2023 (FY2022 fallback); acute member hospitals; G-3 line 3,0,5011631275.0,HCRIS FY2024 (periods beginning 2023-10-01..2024-09-30); acute member CCNs; annualized where needed,0,0,13.3,False,False,False,False,https://data.cms.gov/sites/default/files/2026-09/e85544f7-57ef-477e-9640-313ac0aac400/CostReport_2024_Final.csv,CMS Hospital Provider Cost Report FY2024 (periods beginning 2023-10-01..2024-09-30); file modified 2026-09-29
HSI00000624,Mary Washington Healthcare,Fredericksburg,VA,VA,1,True,3,2,502.0,0.0,1.0,nonprofit,100.0,0,2023 (rev. 2025-09),https://www.ahrq.gov/sites/default/files/wysiwyg/chsp/compendium/chsp-compendium-2023-rev.xlsx,AHRQ Compendium 2023 (system file rev. 2025-09); systems as of end-2023,False,739433254.0,HCRIS FY2023 (FY2022 fallback); acute member hospitals; G-3 line 3,0,844413770.0,HCRIS FY2024 (periods beginning 2023-10-01..2024-09-30); acute member CCNs; annualized where needed,0,0,14.2,False,False,False,False,https://data.cms.gov/sites/default/files/2026-09/e85544f7-57ef-477e-9640-313ac0aac400/CostReport_2024_Final.csv,CMS Hospital Provider Cost Report FY2024 (periods beginning 2023-10-01..2024-09-30); file modified 2026-09-29
HSI00000883,Riverside Health System,Newport News,VA,VA,1,True,6,4,592.0,0.0,1.0,nonprofit,100.0,0,2023 (rev. 2025-09),https://www.ahrq.gov/sites/default/files/wysiwyg/chsp/compendium/chsp-compendium-2023-rev.xlsx,AHRQ Compendium 2023 (system file rev. 2025-09); systems as of end-2023,False,1376432825.0,HCRIS FY2023 (FY2022 fallback); acute member hospitals; G-3 line 3,0,1508067411.0,HCRIS FY2024 (periods beginning 2023-10-01..2024-09-30); acute member CCNs; annualized where needed,0,0,9.6,False,False,False,False,https://data.cms.gov/sites/default/files/2026-09/e85544f7-57ef-477e-9640-313ac0aac400/CostReport_2024_Final.csv,CMS Hospital Provider Cost Report FY2024 (periods beginning 2023-10-01..2024-09-30); file modified 2026-09-29
HSI00000972,Sentara Healthcare,Norfolk,VA,NC;VA,2,True,13,12,2314.0,0.0,1.0,nonprofit,100.0,0,2023 (rev. 2025-09),https://www.ahrq.gov/sites/default/files/wysiwyg/chsp/compendium/chsp-compendium-2023-rev.xlsx,AHRQ Compendium 2023 (system file rev. 2025-09); systems as of end-2023,False,5320459115.0,HCRIS FY2023 (FY2022 fallback); acute member hospitals; G-3 line 3,0,6006593924.0,HCRIS FY2024 (periods beginning 2023-10-01..2024-09-30); acute member CCNs; annualized where needed,0,0,12.9,False,False,False,False,https://data.cms.gov/sites/default/files/2026-09/e85544f7-57ef-477e-9640-313ac0aac400/CostReport_2024_Final.csv,CMS Hospital Provider Cost Report FY2024 (periods beginning 2023-10-01..2024-09-30); file modified 2026-09-29
HSI00001186,University of Virginia Health System,Charlottesville,VA,VA,1,True,5,4,885.0,0.0,1.0,nonprofit,75.1,3,2023 (rev. 2025-09),https://www.ahrq.gov/sites/default/files/wysiwyg/chsp/compendium/chsp-compendium-2023-rev.xlsx,AHRQ Compendium 2023 (system file rev. 2025-09); systems as of end-2023,True,2811511963.0,HCRIS FY2023 (FY2022 fallback); acute member hospitals; G-3 line 3,0,3430351801.0,HCRIS FY2024 (periods beginning 2023-10-01..2024-09-30); acute member CCNs; annualized where needed,0,0,22.0,False,False,False,False,https://data.cms.gov/sites/default/files/2026-09/e85544f7-57ef-477e-9640-313ac0aac400/CostReport_2024_Final.csv,CMS Hospital Provider Cost Report FY2024 (periods beginning 2023-10-01..2024-09-30); file modified 2026-09-29
HSI00001499,VHC Health,Arlington,VA,VA,1,True,1,1,385.0,0.0,1.0,nonprofit,100.0,0,2023 (rev. 2025-09),https://www.ahrq.gov/sites/default/files/wysiwyg/chsp/compendium/chsp-compendium-2023-rev.xlsx,AHRQ Compendium 2023 (system file rev. 2025-09); systems as of end-2023,False,678312768.0,HCRIS FY2023 (FY2022 fallback); acute member hospitals; G-3 line 3,0,696241304.0,HCRIS FY2024 (periods beginning 2023-10-01..2024-09-30); acute member CCNs; annualized where needed,0,0,2.6,False,False,False,False,https://data.cms.gov/sites/default/files/2026-09/e85544f7-57ef-477e-9640-313ac0aac400/CostReport_2024_Final.csv,CMS Hospital Provider Cost Report FY2024 (periods beginning 2023-10-01..2024-09-30); file modified 2026-09-29
HSI00001217,Valley Health,Winchester,VA,VA;WV,2,True,6,6,580.0,0.0,1.0,nonprofit,100.0,0,2023 (rev. 2025-09),https://www.ahrq.gov/sites/default/files/wysiwyg/chsp/compendium/chsp-compendium-2023-rev.xlsx,AHRQ Compendium 2023 (system file rev. 2025-09); systems as of end-2023,False,1065413447.0,HCRIS FY2023 (FY2022 fallback); acute member hospitals; G-3 line 3,0,1167676928.0,HCRIS FY2024 (periods beginning 2023-10-01..2024-09-30); acute member CCNs; annualized where needed,0,0,9.6,False,False,False,False,https://data.cms.gov/sites/default/files/2026-09/e85544f7-57ef-477e-9640-313ac0aac400/CostReport_2024_Final.csv,CMS Hospital Provider Cost Report FY2024 (periods beginning 2023-10-01..2024-09-30); file modified 2026-09-29
HSI00000900,Rutland Regional Health Services,Rutland,VT,VT,1,True,1,1,142.0,0.0,1.0,nonprofit,100.0,0,2023 (rev. 2025-09),https://www.ahrq.gov/sites/default/files/wysiwyg/chsp/compendium/chsp-compendium-2023-rev.xlsx,AHRQ Compendium 2023 (system file rev. 2025-09); systems as of end-2023,False,325028245.0,HCRIS FY2023 (FY2022 fallback); acute member hospitals; G-3 line 3,0,330638346.0,HCRIS FY2024 (periods beginning 2023-10-01..2024-09-30); acute member CCNs; annualized where needed,0,0,1.7,False,False,False,False,https://data.cms.gov/sites/default/files/2026-09/e85544f7-57ef-477e-9640-313ac0aac400/CostReport_2024_Final.csv,CMS Hospital Provider Cost Report FY2024 (periods beginning 2023-10-01..2024-09-30); file modified 2026-09-29
HSI00001185,University of Vermont Health Network,Burlington,VT,NY;VT,2,True,6,6,908.0,0.0,1.0,nonprofit,100.0,0,2023 (rev. 2025-09),https://www.ahrq.gov/sites/default/files/wysiwyg/chsp/compendium/chsp-compendium-2023-rev.xlsx,AHRQ Compendium 2023 (system file rev. 2025-09); systems as of end-2023,False,2672843716.0,HCRIS FY2023 (FY2022 fallback); acute member hospitals; G-3 line 3,0,2737432681.0,HCRIS FY2024 (periods beginning 2023-10-01..2024-09-30); acute member CCNs; annualized where needed,1,0,2.4,False,True,False,False,https://data.cms.gov/sites/default/files/2026-09/e85544f7-57ef-477e-9640-313ac0aac400/CostReport_2024_Final.csv,CMS Hospital Provider Cost Report FY2024 (periods beginning 2023-10-01..2024-09-30); file modified 2026-09-29
HSI00001281,Astria Health System,Sunnyside,WA,WA,1,True,2,2,72.0,1.0,1.0,nonprofit,100.0,0,2023 (rev. 2025-09),https://www.ahrq.gov/sites/default/files/wysiwyg/chsp/compendium/chsp-compendium-2023-rev.xlsx,AHRQ Compendium 2023 (system file rev. 2025-09); systems as of end-2023,False,171165690.0,HCRIS FY2023 (FY2022 fallback); acute member hospitals; G-3 line 3,0,178828551.0,HCRIS FY2024 (periods beginning 2023-10-01..2024-09-30); acute member CCNs; annualized where needed,0,0,4.5,False,False,False,False,https://data.cms.gov/sites/default/files/2026-09/e85544f7-57ef-477e-9640-313ac0aac400/CostReport_2024_Final.csv,CMS Hospital Provider Cost Report FY2024 (periods beginning 2023-10-01..2024-09-30); file modified 2026-09-29
HSI00000266,Confluence Health,Wenatchee,WA,WA,1,True,3,2,198.0,0.0,1.0,nonprofit,100.0,0,2023 (rev. 2025-09),https://www.ahrq.gov/sites/default/files/wysiwyg/chsp/compendium/chsp-compendium-2023-rev.xlsx,AHRQ Compendium 2023 (system file rev. 2025-09); systems as of end-2023,False,970193473.0,HCRIS FY2023 (FY2022 fallback); acute member hospitals; G-3 line 3,0,938371003.0,HCRIS FY2024 (periods beginning 2023-10-01..2024-09-30); acute member CCNs; annualized where needed,1,0,-3.3,False,True,False,False,https://data.cms.gov/sites/default/files/2026-09/e85544f7-57ef-477e-9640-313ac0aac400/CostReport_2024_Final.csv,CMS Hospital Provider Cost Report FY2024 (periods beginning 2023-10-01..2024-09-30); file modified 2026-09-29
HSI00001356,Island Hospital,Anacortes,WA,WA,1,True,1,1,43.0,0.0,1.0,nonprofit,100.0,0,2023 (rev. 2025-09),https://www.ahrq.gov/sites/default/files/wysiwyg/chsp/compendium/chsp-compendium-2023-rev.xlsx,AHRQ Compendium 2023 (system file rev. 2025-09); systems as of end-2023,False,106148126.0,HCRIS FY2023 (FY2022 fallback); acute member hospitals; G-3 line 3,0,111250551.0,HCRIS FY2024 (periods beginning 2023-10-01..2024-09-30); acute member CCNs; annualized where needed,0,0,4.8,False,False,False,False,https://data.cms.gov/sites/default/files/2026-09/e85544f7-57ef-477e-9640-313ac0aac400/CostReport_2024_Final.csv,CMS Hospital Provider Cost Report FY2024 (periods beginning 2023-10-01..2024-09-30); file modified 2026-09-29
HSI00000714,Multicare Health System,Tacoma,WA,WA,1,True,11,9,1536.0,1.0,1.0,nonprofit,93.0,1,2023 (rev. 2025-09),https://www.ahrq.gov/sites/default/files/wysiwyg/chsp/compendium/chsp-compendium-2023-rev.xlsx,AHRQ Compendium 2023 (system file rev. 2025-09); systems as of end-2023,True,3558883692.0,HCRIS FY2023 (FY2022 fallback); acute member hospitals; G-3 line 3,1,4618223696.0,HCRIS FY2024 (periods beginning 2023-10-01..2024-09-30); acute member CCNs; annualized where needed,0,0,29.8,False,True,True,False,https://data.cms.gov/sites/default/files/2026-09/e85544f7-57ef-477e-9640-313ac0aac400/CostReport_2024_Final.csv,CMS Hospital Provider Cost Report FY2024 (periods beginning 2023-10-01..2024-09-30); file modified 2026-09-29
HSI00001436,Overlake Medical Center and Clinics,Bellevue,WA,WA,1,True,1,1,296.0,0.0,1.0,nonprofit,100.0,0,2023 (rev. 2025-09),https://www.ahrq.gov/sites/default/files/wysiwyg/chsp/compendium/chsp-compendium-2023-rev.xlsx,AHRQ Compendium 2023 (system file rev. 2025-09); systems as of end-2023,False,675123014.0,HCRIS FY2023 (FY2022 fallback); acute member hospitals; G-3 line 3,0,806134615.0,HCRIS FY2024 (periods beginning 2023-10-01..2024-09-30); acute member CCNs; annualized where needed,0,0,19.4,False,False,False,False,https://data.cms.gov/sites/default/files/2026-09/e85544f7-57ef-477e-9640-313ac0aac400/CostReport_2024_Final.csv,CMS Hospital Provider Cost Report FY2024 (periods beginning 2023-10-01..2024-09-30); file modified 2026-09-29
HSI00000814,Peacehealth,Vancouver,WA,AK;OR;WA,3,True,10,10,1254.0,0.0,2.0,church-operated,100.0,0,2023 (rev. 2025-09),https://www.ahrq.gov/sites/default/files/wysiwyg/chsp/compendium/chsp-compendium-2023-rev.xlsx,AHRQ Compendium 2023 (system file rev. 2025-09); systems as of end-2023,False,3212122334.0,HCRIS FY2023 (FY2022 fallback); acute member hospitals; G-3 line 3,0,3692734824.0,HCRIS FY2024 (periods beginning 2023-10-01..2024-09-30); acute member CCNs; annualized where needed,1,0,15.0,False,True,False,False,https://data.cms.gov/sites/default/files/2026-09/e85544f7-57ef-477e-9640-313ac0aac400/CostReport_2024_Final.csv,CMS Hospital Provider Cost Report FY2024 (periods beginning 2023-10-01..2024-09-30); file modified 2026-09-29
HSI00000852,Providence,Renton,WA,AK;CA;MT;NM;OR;TX;WA,7,True,54,50,9256.0,1.0,2.0,church-operated,99.8,2,2023 (rev. 2025-09),https://www.ahrq.gov/sites/default/files/wysiwyg/chsp/compendium/chsp-compendium-2023-rev.xlsx,AHRQ Compendium 2023 (system file rev. 2025-09); systems as of end-2023,True,18240364806.0,HCRIS FY2023 (FY2022 fallback); acute member hospitals; G-3 line 3,1,20295223178.0,HCRIS FY2024 (periods beginning 2023-10-01..2024-09-30); acute member CCNs; annualized where needed,1,0,11.3,False,True,False,False,https://data.cms.gov/sites/default/files/2026-09/e85544f7-57ef-477e-9640-313ac0aac400/CostReport_2024_Final.csv,CMS Hospital Provider Cost Report FY2024 (periods beginning 2023-10-01..2024-09-30); file modified 2026-09-29
HSI00000969,Seattle Childrens Hospital Research and Foundation,Seattle,WA,WA,1,True,1,1,370.0,0.0,1.0,nonprofit,100.0,0,2023 (rev. 2025-09),https://www.ahrq.gov/sites/default/files/wysiwyg/chsp/compendium/chsp-compendium-2023-rev.xlsx,AHRQ Compendium 2023 (system file rev. 2025-09); systems as of end-2023,False,1907462611.0,HCRIS FY2023 (FY2022 fallback); acute member hospitals; G-3 line 3,0,2102552387.0,HCRIS FY2024 (periods beginning 2023-10-01..2024-09-30); acute member CCNs; annualized where needed,0,0,10.2,False,False,False,False,https://data.cms.gov/sites/default/files/2026-09/e85544f7-57ef-477e-9640-313ac0aac400/CostReport_2024_Final.csv,CMS Hospital Provider Cost Report FY2024 (periods beginning 2023-10-01..2024-09-30); file modified 2026-09-29
HSI00001402,Tri State Memorial Hospital,Clarkston,WA,WA,1,True,1,1,25.0,0.0,1.0,nonprofit,100.0,0,2023 (rev. 2025-09),https://www.ahrq.gov/sites/default/files/wysiwyg/chsp/compendium/chsp-compendium-2023-rev.xlsx,AHRQ Compendium 2023 (system file rev. 2025-09); systems as of end-2023,False,106959674.0,HCRIS FY2023 (FY2022 fallback); acute member hospitals; G-3 line 3,0,124367505.0,HCRIS FY2024 (periods beginning 2023-10-01..2024-09-30); acute member CCNs; annualized where needed,0,0,16.3,False,False,False,False,https://data.cms.gov/sites/default/files/2026-09/e85544f7-57ef-477e-9640-313ac0aac400/CostReport_2024_Final.csv,CMS Hospital Provider Cost Report FY2024 (periods beginning 2023-10-01..2024-09-30); file modified 2026-09-29
HSI00000057,Aspirus,Wausau,WI,MI;WI,2,True,16,16,699.0,0.0,1.0,nonprofit,100.0,0,2023 (rev. 2025-09),https://www.ahrq.gov/sites/default/files/wysiwyg/chsp/compendium/chsp-compendium-2023-rev.xlsx,AHRQ Compendium 2023 (system file rev. 2025-09); systems as of end-2023,False,1116510138.0,HCRIS FY2023 (FY2022 fallback); acute member hospitals; G-3 line 3,1,1835533163.0,HCRIS FY2024 (periods beginning 2023-10-01..2024-09-30); acute member CCNs; annualized where needed,1,0,64.4,False,True,True,True,https://data.cms.gov/sites/default/files/2026-09/e85544f7-57ef-477e-9640-313ac0aac400/CostReport_2024_Final.csv,CMS Hospital Provider Cost Report FY2024 (periods beginning 2023-10-01..2024-09-30); file modified 2026-09-29
HSI00000105,Bellin Health Systems,Green Bay,WI,WI,1,True,3,2,204.0,0.0,1.0,nonprofit,100.0,0,2023 (rev. 2025-09),https://www.ahrq.gov/sites/default/files/wysiwyg/chsp/compendium/chsp-compendium-2023-rev.xlsx,AHRQ Compendium 2023 (system file rev. 2025-09); systems as of end-2023,False,775411736.0,HCRIS FY2023 (FY2022 fallback); acute member hospitals; G-3 line 3,0,846631691.0,HCRIS FY2024 (periods beginning 2023-10-01..2024-09-30); acute member CCNs; annualized where needed,0,0,9.2,False,False,False,False,https://data.cms.gov/sites/default/files/2026-09/e85544f7-57ef-477e-9640-313ac0aac400/CostReport_2024_Final.csv,CMS Hospital Provider Cost Report FY2024 (periods beginning 2023-10-01..2024-09-30); file modified 2026-09-29
HSI00000106,Beloit Health System,Beloit,WI,WI,1,True,1,1,97.0,0.0,1.0,nonprofit,100.0,0,2023 (rev. 2025-09),https://www.ahrq.gov/sites/default/files/wysiwyg/chsp/compendium/chsp-compendium-2023-rev.xlsx,AHRQ Compendium 2023 (system file rev. 2025-09); systems as of end-2023,False,264956041.0,HCRIS FY2023 (FY2022 fallback); acute member hospitals; G-3 line 3,0,284004303.0,HCRIS FY2024 (periods beginning 2023-10-01..2024-09-30); acute member CCNs; annualized where needed,0,0,7.2,False,False,False,False,https://data.cms.gov/sites/default/files/2026-09/e85544f7-57ef-477e-9640-313ac0aac400/CostReport_2024_Final.csv,CMS Hospital Provider Cost Report FY2024 (periods beginning 2023-10-01..2024-09-30); file modified 2026-09-29
HSI00000212,Childrens Hospital and Health System,Wauwatosa,WI,WI,1,True,2,2,340.0,0.0,1.0,nonprofit,100.0,0,2023 (rev. 2025-09),https://www.ahrq.gov/sites/default/files/wysiwyg/chsp/compendium/chsp-compendium-2023-rev.xlsx,AHRQ Compendium 2023 (system file rev. 2025-09); systems as of end-2023,False,862256968.0,HCRIS FY2023 (FY2022 fallback); acute member hospitals; G-3 line 3,0,933138683.0,HCRIS FY2024 (periods beginning 2023-10-01..2024-09-30); acute member CCNs; annualized where needed,0,0,8.2,False,False,False,False,https://data.cms.gov/sites/default/files/2026-09/e85544f7-57ef-477e-9640-313ac0aac400/CostReport_2024_Final.csv,CMS Hospital Provider Cost Report FY2024 (periods beginning 2023-10-01..2024-09-30); file modified 2026-09-29
HSI00000386,Froedtert and the Medical College of Wisconsin,Milwaukee,WI,WI,1,True,6,6,1061.0,0.0,1.0,nonprofit,100.0,0,2023 (rev. 2025-09),https://www.ahrq.gov/sites/default/files/wysiwyg/chsp/compendium/chsp-compendium-2023-rev.xlsx,AHRQ Compendium 2023 (system file rev. 2025-09); systems as of end-2023,False,3172999817.0,HCRIS FY2023 (FY2022 fallback); acute member hospitals; G-3 line 3,1,3044166538.0,HCRIS FY2024 (periods beginning 2023-10-01..2024-09-30); acute member CCNs; annualized where needed,1,0,-4.1,False,True,False,True,https://data.cms.gov/sites/default/files/2026-09/e85544f7-57ef-477e-9640-313ac0aac400/CostReport_2024_Final.csv,CMS Hospital Provider Cost Report FY2024 (periods beginning 2023-10-01..2024-09-30); file modified 2026-09-29
HSI00000428,Gundersen Health System,La Crosse,WI,IA;MN;WI,3,True,8,8,399.0,0.0,1.0,nonprofit,100.0,0,2023 (rev. 2025-09),https://www.ahrq.gov/sites/default/files/wysiwyg/chsp/compendium/chsp-compendium-2023-rev.xlsx,AHRQ Compendium 2023 (system file rev. 2025-09); systems as of end-2023,False,173638484.0,HCRIS FY2023 (FY2022 fallback); acute member hospitals; G-3 line 3,2,835190540.0,HCRIS FY2024 (periods beginning 2023-10-01..2024-09-30); acute member CCNs; annualized where needed,1,0,381.0,False,True,True,False,https://data.cms.gov/sites/default/files/2026-09/e85544f7-57ef-477e-9640-313ac0aac400/CostReport_2024_Final.csv,CMS Hospital Provider Cost Report FY2024 (periods beginning 2023-10-01..2024-09-30); file modified 2026-09-29
HSI00000621,Marshfield Clinic Health System,Marshfield,WI,MI;WI,2,True,12,12,603.0,0.0,1.0,nonprofit,100.0,0,2023 (rev. 2025-09),https://www.ahrq.gov/sites/default/files/wysiwyg/chsp/compendium/chsp-compendium-2023-rev.xlsx,AHRQ Compendium 2023 (system file rev. 2025-09); systems as of end-2023,False,1737915451.0,HCRIS FY2023 (FY2022 fallback); acute member hospitals; G-3 line 3,1,1709091154.0,HCRIS FY2024 (periods beginning 2023-10-01..2024-09-30); acute member CCNs; annualized where needed,1,0,-1.7,False,True,False,False,https://data.cms.gov/sites/default/files/2026-09/e85544f7-57ef-477e-9640-313ac0aac400/CostReport_2024_Final.csv,CMS Hospital Provider Cost Report FY2024 (periods beginning 2023-10-01..2024-09-30); file modified 2026-09-29
HSI00000667,Mercyhealth,Janesville,WI,IL;WI,2,True,4,4,414.0,0.0,1.0,nonprofit,100.0,0,2023 (rev. 2025-09),https://www.ahrq.gov/sites/default/files/wysiwyg/chsp/compendium/chsp-compendium-2023-rev.xlsx,AHRQ Compendium 2023 (system file rev. 2025-09); systems as of end-2023,False,881262324.0,HCRIS FY2023 (FY2022 fallback); acute member hospitals; G-3 line 3,0,220054163.0,HCRIS FY2024 (periods beginning 2023-10-01..2024-09-30); acute member CCNs; annualized where needed,1,0,-75.0,False,True,True,True,https://data.cms.gov/sites/default/files/2026-09/e85544f7-57ef-477e-9640-313ac0aac400/CostReport_2024_Final.csv,CMS Hospital Provider Cost Report FY2024 (periods beginning 2023-10-01..2024-09-30); file modified 2026-09-29
HSI00000847,Prohealth Care,Waukesha,WI,WI,1,True,3,2,328.0,0.0,1.0,nonprofit,100.0,0,2023 (rev. 2025-09),https://www.ahrq.gov/sites/default/files/wysiwyg/chsp/compendium/chsp-compendium-2023-rev.xlsx,AHRQ Compendium 2023 (system file rev. 2025-09); systems as of end-2023,False,665599314.0,HCRIS FY2023 (FY2022 fallback); acute member hospitals; G-3 line 3,0,735353135.0,HCRIS FY2024 (periods beginning 2023-10-01..2024-09-30); acute member CCNs; annualized where needed,0,0,10.5,False,False,False,False,https://data.cms.gov/sites/default/files/2026-09/e85544f7-57ef-477e-9640-313ac0aac400/CostReport_2024_Final.csv,CMS Hospital Provider Cost Report FY2024 (periods beginning 2023-10-01..2024-09-30); file modified 2026-09-29
HSI00001092,ThedaCare,Appleton,WI,WI,1,True,7,7,417.0,0.0,1.0,nonprofit,100.0,0,2023 (rev. 2025-09),https://www.ahrq.gov/sites/default/files/wysiwyg/chsp/compendium/chsp-compendium-2023-rev.xlsx,AHRQ Compendium 2023 (system file rev. 2025-09); systems as of end-2023,False,927364378.0,HCRIS FY2023 (FY2022 fallback); acute member hospitals; G-3 line 3,0,1082615665.0,HCRIS FY2024 (periods beginning 2023-10-01..2024-09-30); acute member CCNs; annualized where needed,0,7,16.7,False,False,False,False,https://data.cms.gov/sites/default/files/2026-09/e85544f7-57ef-477e-9640-313ac0aac400/CostReport_2024_Final.csv,CMS Hospital Provider Cost Report FY2024 (periods beginning 2023-10-01..2024-09-30); file modified 2026-09-29
HSI00001540,Western Wisconsin Health,Baldwin,WI,WI,1,True,2,2,25.0,0.0,1.0,nonprofit,100.0,0,2023 (rev. 2025-09),https://www.ahrq.gov/sites/default/files/wysiwyg/chsp/compendium/chsp-compendium-2023-rev.xlsx,AHRQ Compendium 2023 (system file rev. 2025-09); systems as of end-2023,False,66486015.0,HCRIS FY2023 (FY2022 fallback); acute member hospitals; G-3 line 3,1,73647254.0,HCRIS FY2024 (periods beginning 2023-10-01..2024-09-30); acute member CCNs; annualized where needed,1,0,10.8,False,True,False,False,https://data.cms.gov/sites/default/files/2026-09/e85544f7-57ef-477e-9640-313ac0aac400/CostReport_2024_Final.csv,CMS Hospital Provider Cost Report FY2024 (periods beginning 2023-10-01..2024-09-30); file modified 2026-09-29
HSI00000147,CAMC Health System,Charleston,WV,WV,1,True,8,8,1087.0,0.0,1.0,nonprofit,95.4,2,2023 (rev. 2025-09),https://www.ahrq.gov/sites/default/files/wysiwyg/chsp/compendium/chsp-compendium-2023-rev.xlsx,AHRQ Compendium 2023 (system file rev. 2025-09); systems as of end-2023,True,531064384.0,HCRIS FY2023 (FY2022 fallback); acute member hospitals; G-3 line 3,3,2482330838.0,HCRIS FY2024 (periods beginning 2023-10-01..2024-09-30); acute member CCNs; annualized where needed,1,0,367.4,False,True,True,False,https://data.cms.gov/sites/default/files/2026-09/e85544f7-57ef-477e-9640-313ac0aac400/CostReport_2024_Final.csv,CMS Hospital Provider Cost Report FY2024 (periods beginning 2023-10-01..2024-09-30); file modified 2026-09-29
HSI00000154,Cabell Huntington Hospital,Huntington,WV,WV,1,True,3,3,740.0,1.0,1.0,nonprofit,100.0,0,2023 (rev. 2025-09),https://www.ahrq.gov/sites/default/files/wysiwyg/chsp/compendium/chsp-compendium-2023-rev.xlsx,AHRQ Compendium 2023 (system file rev. 2025-09); systems as of end-2023,False,1291077281.0,HCRIS FY2023 (FY2022 fallback); acute member hospitals; G-3 line 3,0,1301689563.0,HCRIS FY2024 (periods beginning 2023-10-01..2024-09-30); acute member CCNs; annualized where needed,0,0,0.8,False,False,False,False,https://data.cms.gov/sites/default/files/2026-09/e85544f7-57ef-477e-9640-313ac0aac400/CostReport_2024_Final.csv,CMS Hospital Provider Cost Report FY2024 (periods beginning 2023-10-01..2024-09-30); file modified 2026-09-29
HSI00000300,Davis Health System,Elkins,WV,WV,1,True,3,3,127.0,0.0,1.0,nonprofit,100.0,0,2023 (rev. 2025-09),https://www.ahrq.gov/sites/default/files/wysiwyg/chsp/compendium/chsp-compendium-2023-rev.xlsx,AHRQ Compendium 2023 (system file rev. 2025-09); systems as of end-2023,False,137247386.0,HCRIS FY2023 (FY2022 fallback); acute member hospitals; G-3 line 3,0,183872967.0,HCRIS FY2024 (periods beginning 2023-10-01..2024-09-30); acute member CCNs; annualized where needed,0,0,34.0,False,False,True,False,https://data.cms.gov/sites/default/files/2026-09/e85544f7-57ef-477e-9640-313ac0aac400/CostReport_2024_Final.csv,CMS Hospital Provider Cost Report FY2024 (periods beginning 2023-10-01..2024-09-30); file modified 2026-09-29
HSI00001251,West Virginia University Health System,Morgantown,WV,MD;OH;PA;WV,4,True,23,22,2370.0,1.0,1.0,nonprofit,93.0,3,2023 (rev. 2025-09),https://www.ahrq.gov/sites/default/files/wysiwyg/chsp/compendium/chsp-compendium-2023-rev.xlsx,AHRQ Compendium 2023 (system file rev. 2025-09); systems as of end-2023,True,5020950108.0,HCRIS FY2023 (FY2022 fallback); acute member hospitals; G-3 line 3,1,5620500047.0,HCRIS FY2024 (periods beginning 2023-10-01..2024-09-30); acute member CCNs; annualized where needed,1,1,11.9,False,True,False,False,https://data.cms.gov/sites/default/files/2026-09/e85544f7-57ef-477e-9640-313ac0aac400/CostReport_2024_Final.csv,CMS Hospital Provider Cost Report FY2024 (periods beginning 2023-10-01..2024-09-30); file modified 2026-09-29
