system_id,system_name,hq_state,n_acute_hospitals,npr_compendium,npr_compendium_basis,n_acute_no_cost_report_compendium,npr_fy2024_rebuild,npr_fy2024_basis,n_acute_no_cost_report_fy2024,n_acute_annualized_fy2024,gap_pct_fy2024_vs_compendium,flag_revenue_missing,flag_incomplete_cost_reports,flag_gap_gt_25pct,flag_hospital_value_outlier,coverage_differs,source_url_compendium,source_url_fy2024,source_as_of_fy2024
HSI00001446,Foundation Health Partners,AK,1,318311036.0,HCRIS FY2023 (FY2022 fallback); acute member hospitals; G-3 line 3,0,290330470.0,HCRIS FY2024 (periods beginning 2023-10-01..2024-09-30); acute member CCNs; annualized where needed,0,0,-8.8,False,False,False,False,False,https://www.ahrq.gov/sites/default/files/wysiwyg/chsp/compendium/chsp-compendium-2023-rev.xlsx,https://data.cms.gov/sites/default/files/2026-09/e85544f7-57ef-477e-9640-313ac0aac400/CostReport_2024_Final.csv,CMS Hospital Provider Cost Report FY2024 (periods beginning 2023-10-01..2024-09-30); file modified 2026-09-29
HSI00001003,Southeast Alaska Regional Health Consortium,AK,4,33822232.0,HCRIS FY2023 (FY2022 fallback); acute member hospitals; G-3 line 3,2,45893259.0,HCRIS FY2024 (periods beginning 2023-10-01..2024-09-30); acute member CCNs; annualized where needed,2,0,35.7,False,True,True,False,False,https://www.ahrq.gov/sites/default/files/wysiwyg/chsp/compendium/chsp-compendium-2023-rev.xlsx,https://data.cms.gov/sites/default/files/2026-09/e85544f7-57ef-477e-9640-313ac0aac400/CostReport_2024_Final.csv,CMS Hospital Provider Cost Report FY2024 (periods beginning 2023-10-01..2024-09-30); file modified 2026-09-29
HSI00000217,Childrens of Alabama,AL,1,860206699.0,HCRIS FY2023 (FY2022 fallback); acute member hospitals; G-3 line 3,0,893992144.0,HCRIS FY2024 (periods beginning 2023-10-01..2024-09-30); acute member CCNs; annualized where needed,0,0,3.9,False,False,False,False,False,https://www.ahrq.gov/sites/default/files/wysiwyg/chsp/compendium/chsp-compendium-2023-rev.xlsx,https://data.cms.gov/sites/default/files/2026-09/e85544f7-57ef-477e-9640-313ac0aac400/CostReport_2024_Final.csv,CMS Hospital Provider Cost Report FY2024 (periods beginning 2023-10-01..2024-09-30); file modified 2026-09-29
HSI00000511,Infirmary Health System,AL,4,859984192.0,HCRIS FY2023 (FY2022 fallback); acute member hospitals; G-3 line 3,0,982804208.0,HCRIS FY2024 (periods beginning 2023-10-01..2024-09-30); acute member CCNs; annualized where needed,0,0,14.3,False,False,False,True,False,https://www.ahrq.gov/sites/default/files/wysiwyg/chsp/compendium/chsp-compendium-2023-rev.xlsx,https://data.cms.gov/sites/default/files/2026-09/e85544f7-57ef-477e-9640-313ac0aac400/CostReport_2024_Final.csv,CMS Hospital Provider Cost Report FY2024 (periods beginning 2023-10-01..2024-09-30); file modified 2026-09-29
HSI00000050,Arkansas Childrens Hospital,AR,2,873033558.0,HCRIS FY2023 (FY2022 fallback); acute member hospitals; G-3 line 3,0,991412537.0,HCRIS FY2024 (periods beginning 2023-10-01..2024-09-30); acute member CCNs; annualized where needed,0,0,13.6,False,False,False,False,False,https://www.ahrq.gov/sites/default/files/wysiwyg/chsp/compendium/chsp-compendium-2023-rev.xlsx,https://data.cms.gov/sites/default/files/2026-09/e85544f7-57ef-477e-9640-313ac0aac400/CostReport_2024_Final.csv,CMS Hospital Provider Cost Report FY2024 (periods beginning 2023-10-01..2024-09-30); file modified 2026-09-29
HSI00000074,Baptist Health,AR,10,1495677411.0,HCRIS FY2023 (FY2022 fallback); acute member hospitals; G-3 line 3,1,1602886650.0,HCRIS FY2024 (periods beginning 2023-10-01..2024-09-30); acute member CCNs; annualized where needed,1,0,7.2,False,True,False,False,False,https://www.ahrq.gov/sites/default/files/wysiwyg/chsp/compendium/chsp-compendium-2023-rev.xlsx,https://data.cms.gov/sites/default/files/2026-09/e85544f7-57ef-477e-9640-313ac0aac400/CostReport_2024_Final.csv,CMS Hospital Provider Cost Report FY2024 (periods beginning 2023-10-01..2024-09-30); file modified 2026-09-29
HSI00000090,Baxter Regional Medical Center,AR,1,277480129.0,HCRIS FY2023 (FY2022 fallback); acute member hospitals; G-3 line 3,0,291877679.0,HCRIS FY2024 (periods beginning 2023-10-01..2024-09-30); acute member CCNs; annualized where needed,0,0,5.2,False,False,False,False,False,https://www.ahrq.gov/sites/default/files/wysiwyg/chsp/compendium/chsp-compendium-2023-rev.xlsx,https://data.cms.gov/sites/default/files/2026-09/e85544f7-57ef-477e-9640-313ac0aac400/CostReport_2024_Final.csv,CMS Hospital Provider Cost Report FY2024 (periods beginning 2023-10-01..2024-09-30); file modified 2026-09-29
HSI00000272,Conway Regional Health System,AR,2,252589713.0,HCRIS FY2023 (FY2022 fallback); acute member hospitals; G-3 line 3,0,271643267.0,HCRIS FY2024 (periods beginning 2023-10-01..2024-09-30); acute member CCNs; annualized where needed,0,0,7.5,False,False,False,False,False,https://www.ahrq.gov/sites/default/files/wysiwyg/chsp/compendium/chsp-compendium-2023-rev.xlsx,https://data.cms.gov/sites/default/files/2026-09/e85544f7-57ef-477e-9640-313ac0aac400/CostReport_2024_Final.csv,CMS Hospital Provider Cost Report FY2024 (periods beginning 2023-10-01..2024-09-30); file modified 2026-09-29
HSI00000527,Jefferson Hospital Association,AR,1,201717365.0,HCRIS FY2023 (FY2022 fallback); acute member hospitals; G-3 line 3,0,258405842.0,HCRIS FY2024 (periods beginning 2023-10-01..2024-09-30); acute member CCNs; annualized where needed,0,0,28.1,False,False,True,False,False,https://www.ahrq.gov/sites/default/files/wysiwyg/chsp/compendium/chsp-compendium-2023-rev.xlsx,https://data.cms.gov/sites/default/files/2026-09/e85544f7-57ef-477e-9640-313ac0aac400/CostReport_2024_Final.csv,CMS Hospital Provider Cost Report FY2024 (periods beginning 2023-10-01..2024-09-30); file modified 2026-09-29
HSI00000911,Saint Bernards Healthcare,AR,3,471780033.0,HCRIS FY2023 (FY2022 fallback); acute member hospitals; G-3 line 3,1,508948890.0,HCRIS FY2024 (periods beginning 2023-10-01..2024-09-30); acute member CCNs; annualized where needed,1,0,7.9,False,True,False,False,False,https://www.ahrq.gov/sites/default/files/wysiwyg/chsp/compendium/chsp-compendium-2023-rev.xlsx,https://data.cms.gov/sites/default/files/2026-09/e85544f7-57ef-477e-9640-313ac0aac400/CostReport_2024_Final.csv,CMS Hospital Provider Cost Report FY2024 (periods beginning 2023-10-01..2024-09-30); file modified 2026-09-29
HSI00001145,Unity Health,AR,4,272249366.0,HCRIS FY2023 (FY2022 fallback); acute member hospitals; G-3 line 3,3,273042337.0,HCRIS FY2024 (periods beginning 2023-10-01..2024-09-30); acute member CCNs; annualized where needed,2,0,0.3,False,True,False,False,True,https://www.ahrq.gov/sites/default/files/wysiwyg/chsp/compendium/chsp-compendium-2023-rev.xlsx,https://data.cms.gov/sites/default/files/2026-09/e85544f7-57ef-477e-9640-313ac0aac400/CostReport_2024_Final.csv,CMS Hospital Provider Cost Report FY2024 (periods beginning 2023-10-01..2024-09-30); file modified 2026-09-29
HSI00001240,Washington Regional,AR,1,391093311.0,HCRIS FY2023 (FY2022 fallback); acute member hospitals; G-3 line 3,0,423134690.0,HCRIS FY2024 (periods beginning 2023-10-01..2024-09-30); acute member CCNs; annualized where needed,0,0,8.2,False,False,False,False,False,https://www.ahrq.gov/sites/default/files/wysiwyg/chsp/compendium/chsp-compendium-2023-rev.xlsx,https://data.cms.gov/sites/default/files/2026-09/e85544f7-57ef-477e-9640-313ac0aac400/CostReport_2024_Final.csv,CMS Hospital Provider Cost Report FY2024 (periods beginning 2023-10-01..2024-09-30); file modified 2026-09-29
HSI00001260,White River Health System,AR,2,275984720.0,HCRIS FY2023 (FY2022 fallback); acute member hospitals; G-3 line 3,0,272711063.0,HCRIS FY2024 (periods beginning 2023-10-01..2024-09-30); acute member CCNs; annualized where needed,0,0,-1.2,False,False,False,False,False,https://www.ahrq.gov/sites/default/files/wysiwyg/chsp/compendium/chsp-compendium-2023-rev.xlsx,https://data.cms.gov/sites/default/files/2026-09/e85544f7-57ef-477e-9640-313ac0aac400/CostReport_2024_Final.csv,CMS Hospital Provider Cost Report FY2024 (periods beginning 2023-10-01..2024-09-30); file modified 2026-09-29
HSI00000073,Banner Health,AZ,29,8460859217.0,HCRIS FY2023 (FY2022 fallback); acute member hospitals; G-3 line 3,0,8862532535.0,HCRIS FY2024 (periods beginning 2023-10-01..2024-09-30); acute member CCNs; annualized where needed,0,0,4.7,False,False,False,True,False,https://www.ahrq.gov/sites/default/files/wysiwyg/chsp/compendium/chsp-compendium-2023-rev.xlsx,https://data.cms.gov/sites/default/files/2026-09/e85544f7-57ef-477e-9640-313ac0aac400/CostReport_2024_Final.csv,CMS Hospital Provider Cost Report FY2024 (periods beginning 2023-10-01..2024-09-30); file modified 2026-09-29
HSI00000491,HonorHealth,AZ,6,2453595811.0,HCRIS FY2023 (FY2022 fallback); acute member hospitals; G-3 line 3,0,2784134667.0,HCRIS FY2024 (periods beginning 2023-10-01..2024-09-30); acute member CCNs; annualized where needed,0,0,13.5,False,False,False,False,False,https://www.ahrq.gov/sites/default/files/wysiwyg/chsp/compendium/chsp-compendium-2023-rev.xlsx,https://data.cms.gov/sites/default/files/2026-09/e85544f7-57ef-477e-9640-313ac0aac400/CostReport_2024_Final.csv,CMS Hospital Provider Cost Report FY2024 (periods beginning 2023-10-01..2024-09-30); file modified 2026-09-29
HSI00000761,Northern Arizona Healthcare,AZ,2,650429562.0,HCRIS FY2023 (FY2022 fallback); acute member hospitals; G-3 line 3,0,784994234.0,HCRIS FY2024 (periods beginning 2023-10-01..2024-09-30); acute member CCNs; annualized where needed,0,0,20.7,False,False,False,False,False,https://www.ahrq.gov/sites/default/files/wysiwyg/chsp/compendium/chsp-compendium-2023-rev.xlsx,https://data.cms.gov/sites/default/files/2026-09/e85544f7-57ef-477e-9640-313ac0aac400/CostReport_2024_Final.csv,CMS Hospital Provider Cost Report FY2024 (periods beginning 2023-10-01..2024-09-30); file modified 2026-09-29
HSI00000824,Phoenix Childrens Hospital,AZ,1,1372554647.0,HCRIS FY2023 (FY2022 fallback); acute member hospitals; G-3 line 3,0,1517941431.0,HCRIS FY2024 (periods beginning 2023-10-01..2024-09-30); acute member CCNs; annualized where needed,0,0,10.6,False,False,False,False,False,https://www.ahrq.gov/sites/default/files/wysiwyg/chsp/compendium/chsp-compendium-2023-rev.xlsx,https://data.cms.gov/sites/default/files/2026-09/e85544f7-57ef-477e-9640-313ac0aac400/CostReport_2024_Final.csv,CMS Hospital Provider Cost Report FY2024 (periods beginning 2023-10-01..2024-09-30); file modified 2026-09-29
HSI00001400,Summit Healthcare,AZ,1,261367382.0,HCRIS FY2023 (FY2022 fallback); acute member hospitals; G-3 line 3,0,289385231.0,HCRIS FY2024 (periods beginning 2023-10-01..2024-09-30); acute member CCNs; annualized where needed,0,0,10.7,False,False,False,False,False,https://www.ahrq.gov/sites/default/files/wysiwyg/chsp/compendium/chsp-compendium-2023-rev.xlsx,https://data.cms.gov/sites/default/files/2026-09/e85544f7-57ef-477e-9640-313ac0aac400/CostReport_2024_Final.csv,CMS Hospital Provider Cost Report FY2024 (periods beginning 2023-10-01..2024-09-30); file modified 2026-09-29
HSI00001055,TMC Healthcare,AZ,3,842417013.0,HCRIS FY2023 (FY2022 fallback); acute member hospitals; G-3 line 3,0,953636061.0,HCRIS FY2024 (periods beginning 2023-10-01..2024-09-30); acute member CCNs; annualized where needed,0,0,13.2,False,False,False,False,False,https://www.ahrq.gov/sites/default/files/wysiwyg/chsp/compendium/chsp-compendium-2023-rev.xlsx,https://data.cms.gov/sites/default/files/2026-09/e85544f7-57ef-477e-9640-313ac0aac400/CostReport_2024_Final.csv,CMS Hospital Provider Cost Report FY2024 (periods beginning 2023-10-01..2024-09-30); file modified 2026-09-29
HSI00001275,Yuma Regional Medical Center,AZ,1,732517265.0,HCRIS FY2023 (FY2022 fallback); acute member hospitals; G-3 line 3,0,806426161.0,HCRIS FY2024 (periods beginning 2023-10-01..2024-09-30); acute member CCNs; annualized where needed,0,0,10.1,False,False,False,False,False,https://www.ahrq.gov/sites/default/files/wysiwyg/chsp/compendium/chsp-compendium-2023-rev.xlsx,https://data.cms.gov/sites/default/files/2026-09/e85544f7-57ef-477e-9640-313ac0aac400/CostReport_2024_Final.csv,CMS Hospital Provider Cost Report FY2024 (periods beginning 2023-10-01..2024-09-30); file modified 2026-09-29
HSI00000011,Adventist Health,CA,25,5264286719.0,HCRIS FY2023 (FY2022 fallback); acute member hospitals; G-3 line 3,2,5864085672.0,HCRIS FY2024 (periods beginning 2023-10-01..2024-09-30); acute member CCNs; annualized where needed,2,0,11.4,False,True,False,False,False,https://www.ahrq.gov/sites/default/files/wysiwyg/chsp/compendium/chsp-compendium-2023-rev.xlsx,https://data.cms.gov/sites/default/files/2026-09/e85544f7-57ef-477e-9640-313ac0aac400/CostReport_2024_Final.csv,CMS Hospital Provider Cost Report FY2024 (periods beginning 2023-10-01..2024-09-30); file modified 2026-09-29
HSI00000086,Barton Health,CA,2,266911086.0,HCRIS FY2023 (FY2022 fallback); acute member hospitals; G-3 line 3,0,302418764.0,HCRIS FY2024 (periods beginning 2023-10-01..2024-09-30); acute member CCNs; annualized where needed,0,0,13.3,False,False,False,False,False,https://www.ahrq.gov/sites/default/files/wysiwyg/chsp/compendium/chsp-compendium-2023-rev.xlsx,https://data.cms.gov/sites/default/files/2026-09/e85544f7-57ef-477e-9640-313ac0aac400/CostReport_2024_Final.csv,CMS Hospital Provider Cost Report FY2024 (periods beginning 2023-10-01..2024-09-30); file modified 2026-09-29
HSI00000214,CHOC Childrens,CA,2,1310418726.0,HCRIS FY2023 (FY2022 fallback); acute member hospitals; G-3 line 3,1,1373123733.0,HCRIS FY2024 (periods beginning 2023-10-01..2024-09-30); acute member CCNs; annualized where needed,1,0,4.8,False,True,False,False,False,https://www.ahrq.gov/sites/default/files/wysiwyg/chsp/compendium/chsp-compendium-2023-rev.xlsx,https://data.cms.gov/sites/default/files/2026-09/e85544f7-57ef-477e-9640-313ac0aac400/CostReport_2024_Final.csv,CMS Hospital Provider Cost Report FY2024 (periods beginning 2023-10-01..2024-09-30); file modified 2026-09-29
HSI00000190,Cedars Sinai Health System,CA,4,5576013159.0,HCRIS FY2023 (FY2022 fallback); acute member hospitals; G-3 line 3,0,6250835436.0,HCRIS FY2024 (periods beginning 2023-10-01..2024-09-30); acute member CCNs; annualized where needed,0,0,12.1,False,False,False,False,False,https://www.ahrq.gov/sites/default/files/wysiwyg/chsp/compendium/chsp-compendium-2023-rev.xlsx,https://data.cms.gov/sites/default/files/2026-09/e85544f7-57ef-477e-9640-313ac0aac400/CostReport_2024_Final.csv,CMS Hospital Provider Cost Report FY2024 (periods beginning 2023-10-01..2024-09-30); file modified 2026-09-29
HSI00000210,Childrens Hospital Los Angeles,CA,1,1208346977.0,HCRIS FY2023 (FY2022 fallback); acute member hospitals; G-3 line 3,0,1429610869.0,HCRIS FY2024 (periods beginning 2023-10-01..2024-09-30); acute member CCNs; annualized where needed,0,0,18.3,False,False,False,False,False,https://www.ahrq.gov/sites/default/files/wysiwyg/chsp/compendium/chsp-compendium-2023-rev.xlsx,https://data.cms.gov/sites/default/files/2026-09/e85544f7-57ef-477e-9640-313ac0aac400/CostReport_2024_Final.csv,CMS Hospital Provider Cost Report FY2024 (periods beginning 2023-10-01..2024-09-30); file modified 2026-09-29
HSI00000253,Community Medical Centers,CA,2,2124912039.0,HCRIS FY2023 (FY2022 fallback); acute member hospitals; G-3 line 3,0,,HCRIS FY2024 (periods beginning 2023-10-01..2024-09-30); acute member CCNs; annualized where needed,2,0,,False,True,False,False,True,https://www.ahrq.gov/sites/default/files/wysiwyg/chsp/compendium/chsp-compendium-2023-rev.xlsx,https://data.cms.gov/sites/default/files/2026-09/e85544f7-57ef-477e-9640-313ac0aac400/CostReport_2024_Final.csv,CMS Hospital Provider Cost Report FY2024 (periods beginning 2023-10-01..2024-09-30); file modified 2026-09-29
HSI00000255,Community Memorial Health System,CA,2,539524831.0,HCRIS FY2023 (FY2022 fallback); acute member hospitals; G-3 line 3,0,632709201.0,HCRIS FY2024 (periods beginning 2023-10-01..2024-09-30); acute member CCNs; annualized where needed,0,0,17.3,False,False,False,False,False,https://www.ahrq.gov/sites/default/files/wysiwyg/chsp/compendium/chsp-compendium-2023-rev.xlsx,https://data.cms.gov/sites/default/files/2026-09/e85544f7-57ef-477e-9640-313ac0aac400/CostReport_2024_Final.csv,CMS Hospital Provider Cost Report FY2024 (periods beginning 2023-10-01..2024-09-30); file modified 2026-09-29
HSI00000283,Cottage Health System,CA,3,989932089.0,HCRIS FY2023 (FY2022 fallback); acute member hospitals; G-3 line 3,0,1085711658.0,HCRIS FY2024 (periods beginning 2023-10-01..2024-09-30); acute member CCNs; annualized where needed,0,0,9.7,False,False,False,False,False,https://www.ahrq.gov/sites/default/files/wysiwyg/chsp/compendium/chsp-compendium-2023-rev.xlsx,https://data.cms.gov/sites/default/files/2026-09/e85544f7-57ef-477e-9640-313ac0aac400/CostReport_2024_Final.csv,CMS Hospital Provider Cost Report FY2024 (periods beginning 2023-10-01..2024-09-30); file modified 2026-09-29
HSI00000335,Eisenhower Health,CA,1,1036619062.0,HCRIS FY2023 (FY2022 fallback); acute member hospitals; G-3 line 3,0,1259180643.0,HCRIS FY2024 (periods beginning 2023-10-01..2024-09-30); acute member CCNs; annualized where needed,0,0,21.5,False,False,False,False,False,https://www.ahrq.gov/sites/default/files/wysiwyg/chsp/compendium/chsp-compendium-2023-rev.xlsx,https://data.cms.gov/sites/default/files/2026-09/e85544f7-57ef-477e-9640-313ac0aac400/CostReport_2024_Final.csv,CMS Hospital Provider Cost Report FY2024 (periods beginning 2023-10-01..2024-09-30); file modified 2026-09-29
HSI00000226,Emanate Health,CA,3,632543769.0,HCRIS FY2023 (FY2022 fallback); acute member hospitals; G-3 line 3,1,733127956.0,HCRIS FY2024 (periods beginning 2023-10-01..2024-09-30); acute member CCNs; annualized where needed,1,0,15.9,False,True,False,False,False,https://www.ahrq.gov/sites/default/files/wysiwyg/chsp/compendium/chsp-compendium-2023-rev.xlsx,https://data.cms.gov/sites/default/files/2026-09/e85544f7-57ef-477e-9640-313ac0aac400/CostReport_2024_Final.csv,CMS Hospital Provider Cost Report FY2024 (periods beginning 2023-10-01..2024-09-30); file modified 2026-09-29
HSI00000345,Enloe Medical Center,CA,1,834423644.0,HCRIS FY2023 (FY2022 fallback); acute member hospitals; G-3 line 3,0,1057826871.0,HCRIS FY2024 (periods beginning 2023-10-01..2024-09-30); acute member CCNs; annualized where needed,0,0,26.8,False,False,True,False,False,https://www.ahrq.gov/sites/default/files/wysiwyg/chsp/compendium/chsp-compendium-2023-rev.xlsx,https://data.cms.gov/sites/default/files/2026-09/e85544f7-57ef-477e-9640-313ac0aac400/CostReport_2024_Final.csv,CMS Hospital Provider Cost Report FY2024 (periods beginning 2023-10-01..2024-09-30); file modified 2026-09-29
HSI00000484,Hoag Memorial Hospital Presbyterian,CA,1,1565207812.0,HCRIS FY2023 (FY2022 fallback); acute member hospitals; G-3 line 3,0,1731817317.0,HCRIS FY2024 (periods beginning 2023-10-01..2024-09-30); acute member CCNs; annualized where needed,0,0,10.6,False,False,False,False,False,https://www.ahrq.gov/sites/default/files/wysiwyg/chsp/compendium/chsp-compendium-2023-rev.xlsx,https://data.cms.gov/sites/default/files/2026-09/e85544f7-57ef-477e-9640-313ac0aac400/CostReport_2024_Final.csv,CMS Hospital Provider Cost Report FY2024 (periods beginning 2023-10-01..2024-09-30); file modified 2026-09-29
HSI00000530,John Muir Health,CA,2,1684334426.0,HCRIS FY2023 (FY2022 fallback); acute member hospitals; G-3 line 3,0,1863607242.0,HCRIS FY2024 (periods beginning 2023-10-01..2024-09-30); acute member CCNs; annualized where needed,0,0,10.6,False,False,False,False,False,https://www.ahrq.gov/sites/default/files/wysiwyg/chsp/compendium/chsp-compendium-2023-rev.xlsx,https://data.cms.gov/sites/default/files/2026-09/e85544f7-57ef-477e-9640-313ac0aac400/CostReport_2024_Final.csv,CMS Hospital Provider Cost Report FY2024 (periods beginning 2023-10-01..2024-09-30); file modified 2026-09-29
HSI00000536,Kaiser Permanente,CA,40,22677038585.0,HCRIS FY2023 (FY2022 fallback); acute member hospitals; G-3 line 3,5,25438370013.0,HCRIS FY2024 (periods beginning 2023-10-01..2024-09-30); acute member CCNs; annualized where needed,3,0,12.2,False,True,False,True,True,https://www.ahrq.gov/sites/default/files/wysiwyg/chsp/compendium/chsp-compendium-2023-rev.xlsx,https://data.cms.gov/sites/default/files/2026-09/e85544f7-57ef-477e-9640-313ac0aac400/CostReport_2024_Final.csv,CMS Hospital Provider Cost Report FY2024 (periods beginning 2023-10-01..2024-09-30); file modified 2026-09-29
HSI00000591,Loma Linda University Health,CA,3,2000542376.0,HCRIS FY2023 (FY2022 fallback); acute member hospitals; G-3 line 3,0,2389245332.0,HCRIS FY2024 (periods beginning 2023-10-01..2024-09-30); acute member CCNs; annualized where needed,0,0,19.4,False,False,False,False,False,https://www.ahrq.gov/sites/default/files/wysiwyg/chsp/compendium/chsp-compendium-2023-rev.xlsx,https://data.cms.gov/sites/default/files/2026-09/e85544f7-57ef-477e-9640-313ac0aac400/CostReport_2024_Final.csv,CMS Hospital Provider Cost Report FY2024 (periods beginning 2023-10-01..2024-09-30); file modified 2026-09-29
HSI00001464,MLK Community Healthcare,CA,1,142379855.0,HCRIS FY2023 (FY2022 fallback); acute member hospitals; G-3 line 3,0,175201317.0,HCRIS FY2024 (periods beginning 2023-10-01..2024-09-30); acute member CCNs; annualized where needed,0,0,23.1,False,False,False,False,False,https://www.ahrq.gov/sites/default/files/wysiwyg/chsp/compendium/chsp-compendium-2023-rev.xlsx,https://data.cms.gov/sites/default/files/2026-09/e85544f7-57ef-477e-9640-313ac0aac400/CostReport_2024_Final.csv,CMS Hospital Provider Cost Report FY2024 (periods beginning 2023-10-01..2024-09-30); file modified 2026-09-29
HSI00000616,MarinHealth,CA,1,521407882.0,HCRIS FY2023 (FY2022 fallback); acute member hospitals; G-3 line 3,0,577292394.0,HCRIS FY2024 (periods beginning 2023-10-01..2024-09-30); acute member CCNs; annualized where needed,0,0,10.7,False,False,False,False,False,https://www.ahrq.gov/sites/default/files/wysiwyg/chsp/compendium/chsp-compendium-2023-rev.xlsx,https://data.cms.gov/sites/default/files/2026-09/e85544f7-57ef-477e-9640-313ac0aac400/CostReport_2024_Final.csv,CMS Hospital Provider Cost Report FY2024 (periods beginning 2023-10-01..2024-09-30); file modified 2026-09-29
HSI00000619,Marshall Medical Center,CA,1,315837581.0,HCRIS FY2023 (FY2022 fallback); acute member hospitals; G-3 line 3,0,332344735.0,HCRIS FY2024 (periods beginning 2023-10-01..2024-09-30); acute member CCNs; annualized where needed,0,0,5.2,False,False,False,False,False,https://www.ahrq.gov/sites/default/files/wysiwyg/chsp/compendium/chsp-compendium-2023-rev.xlsx,https://data.cms.gov/sites/default/files/2026-09/e85544f7-57ef-477e-9640-313ac0aac400/CostReport_2024_Final.csv,CMS Hospital Provider Cost Report FY2024 (periods beginning 2023-10-01..2024-09-30); file modified 2026-09-29
HSI00000658,MemorialCare Health System,CA,4,1792617152.0,HCRIS FY2023 (FY2022 fallback); acute member hospitals; G-3 line 3,0,2171865809.0,HCRIS FY2024 (periods beginning 2023-10-01..2024-09-30); acute member CCNs; annualized where needed,0,0,21.2,False,False,False,False,False,https://www.ahrq.gov/sites/default/files/wysiwyg/chsp/compendium/chsp-compendium-2023-rev.xlsx,https://data.cms.gov/sites/default/files/2026-09/e85544f7-57ef-477e-9640-313ac0aac400/CostReport_2024_Final.csv,CMS Hospital Provider Cost Report FY2024 (periods beginning 2023-10-01..2024-09-30); file modified 2026-09-29
HSI00001443,Montage Health,CA,1,905131143.0,HCRIS FY2023 (FY2022 fallback); acute member hospitals; G-3 line 3,0,877985498.0,HCRIS FY2024 (periods beginning 2023-10-01..2024-09-30); acute member CCNs; annualized where needed,0,0,-3.0,False,False,False,False,False,https://www.ahrq.gov/sites/default/files/wysiwyg/chsp/compendium/chsp-compendium-2023-rev.xlsx,https://data.cms.gov/sites/default/files/2026-09/e85544f7-57ef-477e-9640-313ac0aac400/CostReport_2024_Final.csv,CMS Hospital Provider Cost Report FY2024 (periods beginning 2023-10-01..2024-09-30); file modified 2026-09-29
HSI00000755,Northbay Healthcare,CA,2,676594922.0,HCRIS FY2023 (FY2022 fallback); acute member hospitals; G-3 line 3,1,804744233.0,HCRIS FY2024 (periods beginning 2023-10-01..2024-09-30); acute member CCNs; annualized where needed,1,0,18.9,False,True,False,False,False,https://www.ahrq.gov/sites/default/files/wysiwyg/chsp/compendium/chsp-compendium-2023-rev.xlsx,https://data.cms.gov/sites/default/files/2026-09/e85544f7-57ef-477e-9640-313ac0aac400/CostReport_2024_Final.csv,CMS Hospital Provider Cost Report FY2024 (periods beginning 2023-10-01..2024-09-30); file modified 2026-09-29
HSI00001546,OroHealth Corporation,CA,1,382116003.0,HCRIS FY2023 (FY2022 fallback); acute member hospitals; G-3 line 3,0,404002228.0,HCRIS FY2024 (periods beginning 2023-10-01..2024-09-30); acute member CCNs; annualized where needed,0,0,5.7,False,False,False,False,False,https://www.ahrq.gov/sites/default/files/wysiwyg/chsp/compendium/chsp-compendium-2023-rev.xlsx,https://data.cms.gov/sites/default/files/2026-09/e85544f7-57ef-477e-9640-313ac0aac400/CostReport_2024_Final.csv,CMS Hospital Provider Cost Report FY2024 (periods beginning 2023-10-01..2024-09-30); file modified 2026-09-29
HSI00000805,PIH Health,CA,3,1302439995.0,HCRIS FY2023 (FY2022 fallback); acute member hospitals; G-3 line 3,0,1400024831.0,HCRIS FY2024 (periods beginning 2023-10-01..2024-09-30); acute member CCNs; annualized where needed,0,0,7.5,False,False,False,False,False,https://www.ahrq.gov/sites/default/files/wysiwyg/chsp/compendium/chsp-compendium-2023-rev.xlsx,https://data.cms.gov/sites/default/files/2026-09/e85544f7-57ef-477e-9640-313ac0aac400/CostReport_2024_Final.csv,CMS Hospital Provider Cost Report FY2024 (periods beginning 2023-10-01..2024-09-30); file modified 2026-09-29
HSI00000833,Pomona Valley Hospital Medical Center,CA,1,776833556.0,HCRIS FY2023 (FY2022 fallback); acute member hospitals; G-3 line 3,0,831099716.0,HCRIS FY2024 (periods beginning 2023-10-01..2024-09-30); acute member CCNs; annualized where needed,0,0,7.0,False,False,False,False,False,https://www.ahrq.gov/sites/default/files/wysiwyg/chsp/compendium/chsp-compendium-2023-rev.xlsx,https://data.cms.gov/sites/default/files/2026-09/e85544f7-57ef-477e-9640-313ac0aac400/CostReport_2024_Final.csv,CMS Hospital Provider Cost Report FY2024 (periods beginning 2023-10-01..2024-09-30); file modified 2026-09-29
HSI00000864,Rady Childrens Hospital San Diego,CA,1,1823400821.0,HCRIS FY2023 (FY2022 fallback); acute member hospitals; G-3 line 3,0,1738310754.0,HCRIS FY2024 (periods beginning 2023-10-01..2024-09-30); acute member CCNs; annualized where needed,0,0,-4.7,False,False,False,False,False,https://www.ahrq.gov/sites/default/files/wysiwyg/chsp/compendium/chsp-compendium-2023-rev.xlsx,https://data.cms.gov/sites/default/files/2026-09/e85544f7-57ef-477e-9640-313ac0aac400/CostReport_2024_Final.csv,CMS Hospital Provider Cost Report FY2024 (periods beginning 2023-10-01..2024-09-30); file modified 2026-09-29
HSI00000867,Redlands Community Hospital,CA,1,225739574.0,HCRIS FY2023 (FY2022 fallback); acute member hospitals; G-3 line 3,0,241006048.0,HCRIS FY2024 (periods beginning 2023-10-01..2024-09-30); acute member CCNs; annualized where needed,0,0,6.8,False,False,False,False,False,https://www.ahrq.gov/sites/default/files/wysiwyg/chsp/compendium/chsp-compendium-2023-rev.xlsx,https://data.cms.gov/sites/default/files/2026-09/e85544f7-57ef-477e-9640-313ac0aac400/CostReport_2024_Final.csv,CMS Hospital Provider Cost Report FY2024 (periods beginning 2023-10-01..2024-09-30); file modified 2026-09-29
HSI00000954,San Antonio Regional Hospital,CA,1,432252320.0,HCRIS FY2023 (FY2022 fallback); acute member hospitals; G-3 line 3,0,480255275.0,HCRIS FY2024 (periods beginning 2023-10-01..2024-09-30); acute member CCNs; annualized where needed,0,0,11.1,False,False,False,False,False,https://www.ahrq.gov/sites/default/files/wysiwyg/chsp/compendium/chsp-compendium-2023-rev.xlsx,https://data.cms.gov/sites/default/files/2026-09/e85544f7-57ef-477e-9640-313ac0aac400/CostReport_2024_Final.csv,CMS Hospital Provider Cost Report FY2024 (periods beginning 2023-10-01..2024-09-30); file modified 2026-09-29
HSI00000968,Scripps Health,CA,5,2739272013.0,HCRIS FY2023 (FY2022 fallback); acute member hospitals; G-3 line 3,1,3126568008.0,HCRIS FY2024 (periods beginning 2023-10-01..2024-09-30); acute member CCNs; annualized where needed,1,0,14.1,False,True,False,False,False,https://www.ahrq.gov/sites/default/files/wysiwyg/chsp/compendium/chsp-compendium-2023-rev.xlsx,https://data.cms.gov/sites/default/files/2026-09/e85544f7-57ef-477e-9640-313ac0aac400/CostReport_2024_Final.csv,CMS Hospital Provider Cost Report FY2024 (periods beginning 2023-10-01..2024-09-30); file modified 2026-09-29
HSI00000977,Sharp Healthcare,CA,5,3073544685.0,HCRIS FY2023 (FY2022 fallback); acute member hospitals; G-3 line 3,1,3315765169.0,HCRIS FY2024 (periods beginning 2023-10-01..2024-09-30); acute member CCNs; annualized where needed,1,0,7.9,False,True,False,False,False,https://www.ahrq.gov/sites/default/files/wysiwyg/chsp/compendium/chsp-compendium-2023-rev.xlsx,https://data.cms.gov/sites/default/files/2026-09/e85544f7-57ef-477e-9640-313ac0aac400/CostReport_2024_Final.csv,CMS Hospital Provider Cost Report FY2024 (periods beginning 2023-10-01..2024-09-30); file modified 2026-09-29
HSI00001033,Stanford Health Care,CA,3,9621542663.0,HCRIS FY2023 (FY2022 fallback); acute member hospitals; G-3 line 3,0,,HCRIS FY2024 (periods beginning 2023-10-01..2024-09-30); acute member CCNs; annualized where needed,3,0,,False,True,False,False,True,https://www.ahrq.gov/sites/default/files/wysiwyg/chsp/compendium/chsp-compendium-2023-rev.xlsx,https://data.cms.gov/sites/default/files/2026-09/e85544f7-57ef-477e-9640-313ac0aac400/CostReport_2024_Final.csv,CMS Hospital Provider Cost Report FY2024 (periods beginning 2023-10-01..2024-09-30); file modified 2026-09-29
HSI00001050,Sutter Health,CA,22,9227888627.0,HCRIS FY2023 (FY2022 fallback); acute member hospitals; G-3 line 3,0,10467401676.0,HCRIS FY2024 (periods beginning 2023-10-01..2024-09-30); acute member CCNs; annualized where needed,0,0,13.4,False,False,False,False,False,https://www.ahrq.gov/sites/default/files/wysiwyg/chsp/compendium/chsp-compendium-2023-rev.xlsx,https://data.cms.gov/sites/default/files/2026-09/e85544f7-57ef-477e-9640-313ac0aac400/CostReport_2024_Final.csv,CMS Hospital Provider Cost Report FY2024 (periods beginning 2023-10-01..2024-09-30); file modified 2026-09-29
HSI00001181,University of Southern California,CA,3,1860827277.0,HCRIS FY2023 (FY2022 fallback); acute member hospitals; G-3 line 3,0,1997804548.0,HCRIS FY2024 (periods beginning 2023-10-01..2024-09-30); acute member CCNs; annualized where needed,0,1,7.4,False,False,False,False,False,https://www.ahrq.gov/sites/default/files/wysiwyg/chsp/compendium/chsp-compendium-2023-rev.xlsx,https://data.cms.gov/sites/default/files/2026-09/e85544f7-57ef-477e-9640-313ac0aac400/CostReport_2024_Final.csv,CMS Hospital Provider Cost Report FY2024 (periods beginning 2023-10-01..2024-09-30); file modified 2026-09-29
HSI00001497,Valley Childrens Healthcare,CA,1,719923229.0,HCRIS FY2023 (FY2022 fallback); acute member hospitals; G-3 line 3,0,799353531.0,HCRIS FY2024 (periods beginning 2023-10-01..2024-09-30); acute member CCNs; annualized where needed,0,0,11.0,False,False,False,False,False,https://www.ahrq.gov/sites/default/files/wysiwyg/chsp/compendium/chsp-compendium-2023-rev.xlsx,https://data.cms.gov/sites/default/files/2026-09/e85544f7-57ef-477e-9640-313ac0aac400/CostReport_2024_Final.csv,CMS Hospital Provider Cost Report FY2024 (periods beginning 2023-10-01..2024-09-30); file modified 2026-09-29
HSI00000132,Boulder Community Health,CO,1,418345593.0,HCRIS FY2023 (FY2022 fallback); acute member hospitals; G-3 line 3,0,474809811.0,HCRIS FY2024 (periods beginning 2023-10-01..2024-09-30); acute member CCNs; annualized where needed,0,0,13.5,False,False,False,False,False,https://www.ahrq.gov/sites/default/files/wysiwyg/chsp/compendium/chsp-compendium-2023-rev.xlsx,https://data.cms.gov/sites/default/files/2026-09/e85544f7-57ef-477e-9640-313ac0aac400/CostReport_2024_Final.csv,CMS Hospital Provider Cost Report FY2024 (periods beginning 2023-10-01..2024-09-30); file modified 2026-09-29
HSI00001500,Childrens Hospital Colorado,CO,1,1474292694.0,HCRIS FY2023 (FY2022 fallback); acute member hospitals; G-3 line 3,0,1584230235.0,HCRIS FY2024 (periods beginning 2023-10-01..2024-09-30); acute member CCNs; annualized where needed,0,0,7.5,False,False,False,False,False,https://www.ahrq.gov/sites/default/files/wysiwyg/chsp/compendium/chsp-compendium-2023-rev.xlsx,https://data.cms.gov/sites/default/files/2026-09/e85544f7-57ef-477e-9640-313ac0aac400/CostReport_2024_Final.csv,CMS Hospital Provider Cost Report FY2024 (periods beginning 2023-10-01..2024-09-30); file modified 2026-09-29
HSI00000264,Conejos County Hospital Corporation,CO,2,116900159.0,HCRIS FY2023 (FY2022 fallback); acute member hospitals; G-3 line 3,0,128491459.0,HCRIS FY2024 (periods beginning 2023-10-01..2024-09-30); acute member CCNs; annualized where needed,0,0,9.9,False,False,False,False,False,https://www.ahrq.gov/sites/default/files/wysiwyg/chsp/compendium/chsp-compendium-2023-rev.xlsx,https://data.cms.gov/sites/default/files/2026-09/e85544f7-57ef-477e-9640-313ac0aac400/CostReport_2024_Final.csv,CMS Hospital Provider Cost Report FY2024 (periods beginning 2023-10-01..2024-09-30); file modified 2026-09-29
HSI00000720,National Jewish Health,CO,1,150430000.0,HCRIS FY2023 (FY2022 fallback); acute member hospitals; G-3 line 3,0,153276000.0,HCRIS FY2024 (periods beginning 2023-10-01..2024-09-30); acute member CCNs; annualized where needed,0,0,1.9,False,False,False,False,False,https://www.ahrq.gov/sites/default/files/wysiwyg/chsp/compendium/chsp-compendium-2023-rev.xlsx,https://data.cms.gov/sites/default/files/2026-09/e85544f7-57ef-477e-9640-313ac0aac400/CostReport_2024_Final.csv,CMS Hospital Provider Cost Report FY2024 (periods beginning 2023-10-01..2024-09-30); file modified 2026-09-29
HSI00001341,Parkview Medical Center,CO,1,522899216.0,HCRIS FY2023 (FY2022 fallback); acute member hospitals; G-3 line 3,0,501569747.0,HCRIS FY2024 (periods beginning 2023-10-01..2024-09-30); acute member CCNs; annualized where needed,0,0,-4.1,False,False,False,False,False,https://www.ahrq.gov/sites/default/files/wysiwyg/chsp/compendium/chsp-compendium-2023-rev.xlsx,https://data.cms.gov/sites/default/files/2026-09/e85544f7-57ef-477e-9640-313ac0aac400/CostReport_2024_Final.csv,CMS Hospital Provider Cost Report FY2024 (periods beginning 2023-10-01..2024-09-30); file modified 2026-09-29
HSI00001169,University of Colorado Health,CO,12,5995328757.0,HCRIS FY2023 (FY2022 fallback); acute member hospitals; G-3 line 3,0,6984565103.0,HCRIS FY2024 (periods beginning 2023-10-01..2024-09-30); acute member CCNs; annualized where needed,0,1,16.5,False,False,False,False,False,https://www.ahrq.gov/sites/default/files/wysiwyg/chsp/compendium/chsp-compendium-2023-rev.xlsx,https://data.cms.gov/sites/default/files/2026-09/e85544f7-57ef-477e-9640-313ac0aac400/CostReport_2024_Final.csv,CMS Hospital Provider Cost Report FY2024 (periods beginning 2023-10-01..2024-09-30); file modified 2026-09-29
HSI00001365,Valley View Hospital Association,CO,1,317372897.0,HCRIS FY2023 (FY2022 fallback); acute member hospitals; G-3 line 3,0,338004380.0,HCRIS FY2024 (periods beginning 2023-10-01..2024-09-30); acute member CCNs; annualized where needed,0,0,6.5,False,False,False,False,False,https://www.ahrq.gov/sites/default/files/wysiwyg/chsp/compendium/chsp-compendium-2023-rev.xlsx,https://data.cms.gov/sites/default/files/2026-09/e85544f7-57ef-477e-9640-313ac0aac400/CostReport_2024_Final.csv,CMS Hospital Provider Cost Report FY2024 (periods beginning 2023-10-01..2024-09-30); file modified 2026-09-29
HSI00001286,Bristol Hospital,CT,1,156718520.0,HCRIS FY2023 (FY2022 fallback); acute member hospitals; G-3 line 3,0,164269848.0,HCRIS FY2024 (periods beginning 2023-10-01..2024-09-30); acute member CCNs; annualized where needed,0,0,4.8,False,False,False,False,False,https://www.ahrq.gov/sites/default/files/wysiwyg/chsp/compendium/chsp-compendium-2023-rev.xlsx,https://data.cms.gov/sites/default/files/2026-09/e85544f7-57ef-477e-9640-313ac0aac400/CostReport_2024_Final.csv,CMS Hospital Provider Cost Report FY2024 (periods beginning 2023-10-01..2024-09-30); file modified 2026-09-29
HSI00000268,Connecticut Childrens Medical Center Foundation,CT,1,467816565.0,HCRIS FY2023 (FY2022 fallback); acute member hospitals; G-3 line 3,0,496309231.0,HCRIS FY2024 (periods beginning 2023-10-01..2024-09-30); acute member CCNs; annualized where needed,0,0,6.1,False,False,False,False,False,https://www.ahrq.gov/sites/default/files/wysiwyg/chsp/compendium/chsp-compendium-2023-rev.xlsx,https://data.cms.gov/sites/default/files/2026-09/e85544f7-57ef-477e-9640-313ac0aac400/CostReport_2024_Final.csv,CMS Hospital Provider Cost Report FY2024 (periods beginning 2023-10-01..2024-09-30); file modified 2026-09-29
HSI00000301,Day Kimball Healthcare,CT,1,115441752.0,HCRIS FY2023 (FY2022 fallback); acute member hospitals; G-3 line 3,0,110867819.0,HCRIS FY2024 (periods beginning 2023-10-01..2024-09-30); acute member CCNs; annualized where needed,0,0,-4.0,False,False,False,False,False,https://www.ahrq.gov/sites/default/files/wysiwyg/chsp/compendium/chsp-compendium-2023-rev.xlsx,https://data.cms.gov/sites/default/files/2026-09/e85544f7-57ef-477e-9640-313ac0aac400/CostReport_2024_Final.csv,CMS Hospital Provider Cost Report FY2024 (periods beginning 2023-10-01..2024-09-30); file modified 2026-09-29
HSI00000452,Hartford Healthcare,CT,8,4099999738.0,HCRIS FY2023 (FY2022 fallback); acute member hospitals; G-3 line 3,1,4437683303.0,HCRIS FY2024 (periods beginning 2023-10-01..2024-09-30); acute member CCNs; annualized where needed,1,0,8.2,False,True,False,False,False,https://www.ahrq.gov/sites/default/files/wysiwyg/chsp/compendium/chsp-compendium-2023-rev.xlsx,https://data.cms.gov/sites/default/files/2026-09/e85544f7-57ef-477e-9640-313ac0aac400/CostReport_2024_Final.csv,CMS Hospital Provider Cost Report FY2024 (periods beginning 2023-10-01..2024-09-30); file modified 2026-09-29
HSI00000683,Middlesex Health System,CT,1,483456626.0,HCRIS FY2023 (FY2022 fallback); acute member hospitals; G-3 line 3,0,499983183.0,HCRIS FY2024 (periods beginning 2023-10-01..2024-09-30); acute member CCNs; annualized where needed,0,0,3.4,False,False,False,False,False,https://www.ahrq.gov/sites/default/files/wysiwyg/chsp/compendium/chsp-compendium-2023-rev.xlsx,https://data.cms.gov/sites/default/files/2026-09/e85544f7-57ef-477e-9640-313ac0aac400/CostReport_2024_Final.csv,CMS Hospital Provider Cost Report FY2024 (periods beginning 2023-10-01..2024-09-30); file modified 2026-09-29
HSI00001253,Nuvance Health,CT,7,2225470791.0,HCRIS FY2023 (FY2022 fallback); acute member hospitals; G-3 line 3,1,2452484038.0,HCRIS FY2024 (periods beginning 2023-10-01..2024-09-30); acute member CCNs; annualized where needed,1,0,10.2,False,True,False,False,False,https://www.ahrq.gov/sites/default/files/wysiwyg/chsp/compendium/chsp-compendium-2023-rev.xlsx,https://data.cms.gov/sites/default/files/2026-09/e85544f7-57ef-477e-9640-313ac0aac400/CostReport_2024_Final.csv,CMS Hospital Provider Cost Report FY2024 (periods beginning 2023-10-01..2024-09-30); file modified 2026-09-29
HSI00001032,Stamford Health,CT,1,834454616.0,HCRIS FY2023 (FY2022 fallback); acute member hospitals; G-3 line 3,0,1139653419.0,HCRIS FY2024 (periods beginning 2023-10-01..2024-09-30); acute member CCNs; annualized where needed,0,0,36.6,False,False,True,False,False,https://www.ahrq.gov/sites/default/files/wysiwyg/chsp/compendium/chsp-compendium-2023-rev.xlsx,https://data.cms.gov/sites/default/files/2026-09/e85544f7-57ef-477e-9640-313ac0aac400/CostReport_2024_Final.csv,CMS Hospital Provider Cost Report FY2024 (periods beginning 2023-10-01..2024-09-30); file modified 2026-09-29
HSI00001272,Yale New Haven Health System,CT,7,5461086667.0,HCRIS FY2023 (FY2022 fallback); acute member hospitals; G-3 line 3,2,5960413175.0,HCRIS FY2024 (periods beginning 2023-10-01..2024-09-30); acute member CCNs; annualized where needed,2,0,9.1,False,True,False,False,False,https://www.ahrq.gov/sites/default/files/wysiwyg/chsp/compendium/chsp-compendium-2023-rev.xlsx,https://data.cms.gov/sites/default/files/2026-09/e85544f7-57ef-477e-9640-313ac0aac400/CostReport_2024_Final.csv,CMS Hospital Provider Cost Report FY2024 (periods beginning 2023-10-01..2024-09-30); file modified 2026-09-29
HSI00000216,Childrens National Health System,DC,1,1362376834.0,HCRIS FY2023 (FY2022 fallback); acute member hospitals; G-3 line 3,0,1610530890.0,HCRIS FY2024 (periods beginning 2023-10-01..2024-09-30); acute member CCNs; annualized where needed,0,0,18.2,False,False,False,False,False,https://www.ahrq.gov/sites/default/files/wysiwyg/chsp/compendium/chsp-compendium-2023-rev.xlsx,https://data.cms.gov/sites/default/files/2026-09/e85544f7-57ef-477e-9640-313ac0aac400/CostReport_2024_Final.csv,CMS Hospital Provider Cost Report FY2024 (periods beginning 2023-10-01..2024-09-30); file modified 2026-09-29
HSI00000094,Bayhealth,DE,2,887060956.0,HCRIS FY2023 (FY2022 fallback); acute member hospitals; G-3 line 3,0,1171038055.0,HCRIS FY2024 (periods beginning 2023-10-01..2024-09-30); acute member CCNs; annualized where needed,0,0,32.0,False,False,True,False,False,https://www.ahrq.gov/sites/default/files/wysiwyg/chsp/compendium/chsp-compendium-2023-rev.xlsx,https://data.cms.gov/sites/default/files/2026-09/e85544f7-57ef-477e-9640-313ac0aac400/CostReport_2024_Final.csv,CMS Hospital Provider Cost Report FY2024 (periods beginning 2023-10-01..2024-09-30); file modified 2026-09-29
HSI00000103,Beebe Healthcare,DE,1,549735445.0,HCRIS FY2023 (FY2022 fallback); acute member hospitals; G-3 line 3,0,605277456.0,HCRIS FY2024 (periods beginning 2023-10-01..2024-09-30); acute member CCNs; annualized where needed,0,0,10.1,False,False,False,False,False,https://www.ahrq.gov/sites/default/files/wysiwyg/chsp/compendium/chsp-compendium-2023-rev.xlsx,https://data.cms.gov/sites/default/files/2026-09/e85544f7-57ef-477e-9640-313ac0aac400/CostReport_2024_Final.csv,CMS Hospital Provider Cost Report FY2024 (periods beginning 2023-10-01..2024-09-30); file modified 2026-09-29
HSI00000218,ChristianaCare,DE,2,2445535654.0,HCRIS FY2023 (FY2022 fallback); acute member hospitals; G-3 line 3,0,2750401635.0,HCRIS FY2024 (periods beginning 2023-10-01..2024-09-30); acute member CCNs; annualized where needed,0,0,12.5,False,False,False,False,False,https://www.ahrq.gov/sites/default/files/wysiwyg/chsp/compendium/chsp-compendium-2023-rev.xlsx,https://data.cms.gov/sites/default/files/2026-09/e85544f7-57ef-477e-9640-313ac0aac400/CostReport_2024_Final.csv,CMS Hospital Provider Cost Report FY2024 (periods beginning 2023-10-01..2024-09-30); file modified 2026-09-29
HSI00000010,AdventHealth,FL,41,15573277510.0,HCRIS FY2023 (FY2022 fallback); acute member hospitals; G-3 line 3,3,18023459564.0,HCRIS FY2024 (periods beginning 2023-10-01..2024-09-30); acute member CCNs; annualized where needed,3,0,15.7,False,True,False,False,False,https://www.ahrq.gov/sites/default/files/wysiwyg/chsp/compendium/chsp-compendium-2023-rev.xlsx,https://data.cms.gov/sites/default/files/2026-09/e85544f7-57ef-477e-9640-313ac0aac400/CostReport_2024_Final.csv,CMS Hospital Provider Cost Report FY2024 (periods beginning 2023-10-01..2024-09-30); file modified 2026-09-29
HSI00000075,Baptist Health,FL,3,2358440346.0,HCRIS FY2023 (FY2022 fallback); acute member hospitals; G-3 line 3,0,2780925153.0,HCRIS FY2024 (periods beginning 2023-10-01..2024-09-30); acute member CCNs; annualized where needed,0,0,17.9,False,False,False,False,False,https://www.ahrq.gov/sites/default/files/wysiwyg/chsp/compendium/chsp-compendium-2023-rev.xlsx,https://data.cms.gov/sites/default/files/2026-09/e85544f7-57ef-477e-9640-313ac0aac400/CostReport_2024_Final.csv,CMS Hospital Provider Cost Report FY2024 (periods beginning 2023-10-01..2024-09-30); file modified 2026-09-29
HSI00000076,Baptist Health Care,FL,3,609230493.0,HCRIS FY2023 (FY2022 fallback); acute member hospitals; G-3 line 3,0,706136622.0,HCRIS FY2024 (periods beginning 2023-10-01..2024-09-30); acute member CCNs; annualized where needed,0,1,15.9,False,False,False,False,False,https://www.ahrq.gov/sites/default/files/wysiwyg/chsp/compendium/chsp-compendium-2023-rev.xlsx,https://data.cms.gov/sites/default/files/2026-09/e85544f7-57ef-477e-9640-313ac0aac400/CostReport_2024_Final.csv,CMS Hospital Provider Cost Report FY2024 (periods beginning 2023-10-01..2024-09-30); file modified 2026-09-29
HSI00000077,Baptist Health South Florida,FL,9,4682947605.0,HCRIS FY2023 (FY2022 fallback); acute member hospitals; G-3 line 3,0,5303025013.0,HCRIS FY2024 (periods beginning 2023-10-01..2024-09-30); acute member CCNs; annualized where needed,0,0,13.2,False,False,False,False,False,https://www.ahrq.gov/sites/default/files/wysiwyg/chsp/compendium/chsp-compendium-2023-rev.xlsx,https://data.cms.gov/sites/default/files/2026-09/e85544f7-57ef-477e-9640-313ac0aac400/CostReport_2024_Final.csv,CMS Hospital Provider Cost Report FY2024 (periods beginning 2023-10-01..2024-09-30); file modified 2026-09-29
HSI00000368,Florida Health Sciences Center,FL,1,1951882828.0,HCRIS FY2023 (FY2022 fallback); acute member hospitals; G-3 line 3,0,2223520151.0,HCRIS FY2024 (periods beginning 2023-10-01..2024-09-30); acute member CCNs; annualized where needed,0,0,13.9,False,False,False,False,False,https://www.ahrq.gov/sites/default/files/wysiwyg/chsp/compendium/chsp-compendium-2023-rev.xlsx,https://data.cms.gov/sites/default/files/2026-09/e85544f7-57ef-477e-9640-313ac0aac400/CostReport_2024_Final.csv,CMS Hospital Provider Cost Report FY2024 (periods beginning 2023-10-01..2024-09-30); file modified 2026-09-29
HSI00000461,Health First,FL,4,1164550242.0,HCRIS FY2023 (FY2022 fallback); acute member hospitals; G-3 line 3,0,1250330810.0,HCRIS FY2024 (periods beginning 2023-10-01..2024-09-30); acute member CCNs; annualized where needed,0,0,7.4,False,False,False,False,False,https://www.ahrq.gov/sites/default/files/wysiwyg/chsp/compendium/chsp-compendium-2023-rev.xlsx,https://data.cms.gov/sites/default/files/2026-09/e85544f7-57ef-477e-9640-313ac0aac400/CostReport_2024_Final.csv,CMS Hospital Provider Cost Report FY2024 (periods beginning 2023-10-01..2024-09-30); file modified 2026-09-29
HSI00001419,Jupiter Medical Center,FL,1,380056898.0,HCRIS FY2023 (FY2022 fallback); acute member hospitals; G-3 line 3,0,431621030.0,HCRIS FY2024 (periods beginning 2023-10-01..2024-09-30); acute member CCNs; annualized where needed,0,0,13.6,False,False,False,False,False,https://www.ahrq.gov/sites/default/files/wysiwyg/chsp/compendium/chsp-compendium-2023-rev.xlsx,https://data.cms.gov/sites/default/files/2026-09/e85544f7-57ef-477e-9640-313ac0aac400/CostReport_2024_Final.csv,CMS Hospital Provider Cost Report FY2024 (periods beginning 2023-10-01..2024-09-30); file modified 2026-09-29
HSI00000569,Lakeland Regional Health,FL,1,1033363360.0,HCRIS FY2023 (FY2022 fallback); acute member hospitals; G-3 line 3,0,1179244991.0,HCRIS FY2024 (periods beginning 2023-10-01..2024-09-30); acute member CCNs; annualized where needed,0,0,14.1,False,False,False,False,False,https://www.ahrq.gov/sites/default/files/wysiwyg/chsp/compendium/chsp-compendium-2023-rev.xlsx,https://data.cms.gov/sites/default/files/2026-09/e85544f7-57ef-477e-9640-313ac0aac400/CostReport_2024_Final.csv,CMS Hospital Provider Cost Report FY2024 (periods beginning 2023-10-01..2024-09-30); file modified 2026-09-29
HSI00000712,Mount Sinai Medical Center of Florida,FL,1,971438827.0,HCRIS FY2023 (FY2022 fallback); acute member hospitals; G-3 line 3,0,1030848127.0,HCRIS FY2024 (periods beginning 2023-10-01..2024-09-30); acute member CCNs; annualized where needed,0,0,6.1,False,False,False,False,False,https://www.ahrq.gov/sites/default/files/wysiwyg/chsp/compendium/chsp-compendium-2023-rev.xlsx,https://data.cms.gov/sites/default/files/2026-09/e85544f7-57ef-477e-9640-313ac0aac400/CostReport_2024_Final.csv,CMS Hospital Provider Cost Report FY2024 (periods beginning 2023-10-01..2024-09-30); file modified 2026-09-29
HSI00000716,NCH Healthcare System,FL,1,691733494.0,HCRIS FY2023 (FY2022 fallback); acute member hospitals; G-3 line 3,0,784219705.0,HCRIS FY2024 (periods beginning 2023-10-01..2024-09-30); acute member CCNs; annualized where needed,0,0,13.4,False,False,False,False,False,https://www.ahrq.gov/sites/default/files/wysiwyg/chsp/compendium/chsp-compendium-2023-rev.xlsx,https://data.cms.gov/sites/default/files/2026-09/e85544f7-57ef-477e-9640-313ac0aac400/CostReport_2024_Final.csv,CMS Hospital Provider Cost Report FY2024 (periods beginning 2023-10-01..2024-09-30); file modified 2026-09-29
HSI00000725,Nemours Childrens Health,FL,2,1090857645.0,HCRIS FY2023 (FY2022 fallback); acute member hospitals; G-3 line 3,0,1266450044.0,HCRIS FY2024 (periods beginning 2023-10-01..2024-09-30); acute member CCNs; annualized where needed,0,0,16.1,False,False,False,False,False,https://www.ahrq.gov/sites/default/files/wysiwyg/chsp/compendium/chsp-compendium-2023-rev.xlsx,https://data.cms.gov/sites/default/files/2026-09/e85544f7-57ef-477e-9640-313ac0aac400/CostReport_2024_Final.csv,CMS Hospital Provider Cost Report FY2024 (periods beginning 2023-10-01..2024-09-30); file modified 2026-09-29
HSI00000678,Nicklaus Childrens Health System,FL,1,,HCRIS FY2023 (FY2022 fallback); acute member hospitals; G-3 line 3,1,957160904.0,HCRIS FY2024 (periods beginning 2023-10-01..2024-09-30); acute member CCNs; annualized where needed,0,0,,True,True,False,False,True,https://www.ahrq.gov/sites/default/files/wysiwyg/chsp/compendium/chsp-compendium-2023-rev.xlsx,https://data.cms.gov/sites/default/files/2026-09/e85544f7-57ef-477e-9640-313ac0aac400/CostReport_2024_Final.csv,CMS Hospital Provider Cost Report FY2024 (periods beginning 2023-10-01..2024-09-30); file modified 2026-09-29
HSI00000796,Orlando Health,FL,5,4553979504.0,HCRIS FY2023 (FY2022 fallback); acute member hospitals; G-3 line 3,0,5099844302.0,HCRIS FY2024 (periods beginning 2023-10-01..2024-09-30); acute member CCNs; annualized where needed,0,0,12.0,False,False,False,False,False,https://www.ahrq.gov/sites/default/files/wysiwyg/chsp/compendium/chsp-compendium-2023-rev.xlsx,https://data.cms.gov/sites/default/files/2026-09/e85544f7-57ef-477e-9640-313ac0aac400/CostReport_2024_Final.csv,CMS Hospital Provider Cost Report FY2024 (periods beginning 2023-10-01..2024-09-30); file modified 2026-09-29
HSI00000812,Parrish Medical Center,FL,1,158904578.0,HCRIS FY2023 (FY2022 fallback); acute member hospitals; G-3 line 3,0,187679418.0,HCRIS FY2024 (periods beginning 2023-10-01..2024-09-30); acute member CCNs; annualized where needed,0,0,18.1,False,False,False,False,False,https://www.ahrq.gov/sites/default/files/wysiwyg/chsp/compendium/chsp-compendium-2023-rev.xlsx,https://data.cms.gov/sites/default/files/2026-09/e85544f7-57ef-477e-9640-313ac0aac400/CostReport_2024_Final.csv,CMS Hospital Provider Cost Report FY2024 (periods beginning 2023-10-01..2024-09-30); file modified 2026-09-29
HSI00000981,Shriners Hospitals for Children,FL,3,,HCRIS FY2023 (FY2022 fallback); acute member hospitals; G-3 line 3,3,,HCRIS FY2024 (periods beginning 2023-10-01..2024-09-30); acute member CCNs; annualized where needed,3,0,,True,True,False,False,False,https://www.ahrq.gov/sites/default/files/wysiwyg/chsp/compendium/chsp-compendium-2023-rev.xlsx,https://data.cms.gov/sites/default/files/2026-09/e85544f7-57ef-477e-9640-313ac0aac400/CostReport_2024_Final.csv,CMS Hospital Provider Cost Report FY2024 (periods beginning 2023-10-01..2024-09-30); file modified 2026-09-29
HSI00001060,Tallahassee Memorial Healthcare,FL,3,911315895.0,HCRIS FY2023 (FY2022 fallback); acute member hospitals; G-3 line 3,0,992461227.0,HCRIS FY2024 (periods beginning 2023-10-01..2024-09-30); acute member CCNs; annualized where needed,1,0,8.9,False,True,False,False,True,https://www.ahrq.gov/sites/default/files/wysiwyg/chsp/compendium/chsp-compendium-2023-rev.xlsx,https://data.cms.gov/sites/default/files/2026-09/e85544f7-57ef-477e-9640-313ac0aac400/CostReport_2024_Final.csv,CMS Hospital Provider Cost Report FY2024 (periods beginning 2023-10-01..2024-09-30); file modified 2026-09-29
HSI00001121,UF Health,FL,5,3859495075.0,HCRIS FY2023 (FY2022 fallback); acute member hospitals; G-3 line 3,0,4782124708.0,HCRIS FY2024 (periods beginning 2023-10-01..2024-09-30); acute member CCNs; annualized where needed,0,0,23.9,False,False,False,False,False,https://www.ahrq.gov/sites/default/files/wysiwyg/chsp/compendium/chsp-compendium-2023-rev.xlsx,https://data.cms.gov/sites/default/files/2026-09/e85544f7-57ef-477e-9640-313ac0aac400/CostReport_2024_Final.csv,CMS Hospital Provider Cost Report FY2024 (periods beginning 2023-10-01..2024-09-30); file modified 2026-09-29
HSI00001176,University of Miami Health System,FL,1,,HCRIS FY2023 (FY2022 fallback); acute member hospitals; G-3 line 3,1,,HCRIS FY2024 (periods beginning 2023-10-01..2024-09-30); acute member CCNs; annualized where needed,1,0,,True,True,False,False,False,https://www.ahrq.gov/sites/default/files/wysiwyg/chsp/compendium/chsp-compendium-2023-rev.xlsx,https://data.cms.gov/sites/default/files/2026-09/e85544f7-57ef-477e-9640-313ac0aac400/CostReport_2024_Final.csv,CMS Hospital Provider Cost Report FY2024 (periods beginning 2023-10-01..2024-09-30); file modified 2026-09-29
HSI00000045,Archbold Medical Center,GA,4,415686792.0,HCRIS FY2023 (FY2022 fallback); acute member hospitals; G-3 line 3,0,478951118.0,HCRIS FY2024 (periods beginning 2023-10-01..2024-09-30); acute member CCNs; annualized where needed,0,0,15.2,False,False,False,False,False,https://www.ahrq.gov/sites/default/files/wysiwyg/chsp/compendium/chsp-compendium-2023-rev.xlsx,https://data.cms.gov/sites/default/files/2026-09/e85544f7-57ef-477e-9640-313ac0aac400/CostReport_2024_Final.csv,CMS Hospital Provider Cost Report FY2024 (periods beginning 2023-10-01..2024-09-30); file modified 2026-09-29
HSI00000209,Childrens Healthcare of Atlanta,GA,2,1960961358.0,HCRIS FY2023 (FY2022 fallback); acute member hospitals; G-3 line 3,0,2130608029.0,HCRIS FY2024 (periods beginning 2023-10-01..2024-09-30); acute member CCNs; annualized where needed,0,0,8.7,False,False,False,False,False,https://www.ahrq.gov/sites/default/files/wysiwyg/chsp/compendium/chsp-compendium-2023-rev.xlsx,https://data.cms.gov/sites/default/files/2026-09/e85544f7-57ef-477e-9640-313ac0aac400/CostReport_2024_Final.csv,CMS Hospital Provider Cost Report FY2024 (periods beginning 2023-10-01..2024-09-30); file modified 2026-09-29
HSI00000342,Emory Healthcare,GA,7,4262214506.0,HCRIS FY2023 (FY2022 fallback); acute member hospitals; G-3 line 3,0,2155105492.0,HCRIS FY2024 (periods beginning 2023-10-01..2024-09-30); acute member CCNs; annualized where needed,5,0,-49.4,False,True,True,False,True,https://www.ahrq.gov/sites/default/files/wysiwyg/chsp/compendium/chsp-compendium-2023-rev.xlsx,https://data.cms.gov/sites/default/files/2026-09/e85544f7-57ef-477e-9640-313ac0aac400/CostReport_2024_Final.csv,CMS Hospital Provider Cost Report FY2024 (periods beginning 2023-10-01..2024-09-30); file modified 2026-09-29
HSI00000444,Hamilton Health Care System,GA,1,373972455.0,HCRIS FY2023 (FY2022 fallback); acute member hospitals; G-3 line 3,0,406128800.0,HCRIS FY2024 (periods beginning 2023-10-01..2024-09-30); acute member CCNs; annualized where needed,0,0,8.6,False,False,False,False,False,https://www.ahrq.gov/sites/default/files/wysiwyg/chsp/compendium/chsp-compendium-2023-rev.xlsx,https://data.cms.gov/sites/default/files/2026-09/e85544f7-57ef-477e-9640-313ac0aac400/CostReport_2024_Final.csv,CMS Hospital Provider Cost Report FY2024 (periods beginning 2023-10-01..2024-09-30); file modified 2026-09-29
HSI00000759,Northeast Georgia Health System,GA,5,1852696587.0,HCRIS FY2023 (FY2022 fallback); acute member hospitals; G-3 line 3,1,1968651297.0,HCRIS FY2024 (periods beginning 2023-10-01..2024-09-30); acute member CCNs; annualized where needed,1,0,6.3,False,True,False,False,False,https://www.ahrq.gov/sites/default/files/wysiwyg/chsp/compendium/chsp-compendium-2023-rev.xlsx,https://data.cms.gov/sites/default/files/2026-09/e85544f7-57ef-477e-9640-313ac0aac400/CostReport_2024_Final.csv,CMS Hospital Provider Cost Report FY2024 (periods beginning 2023-10-01..2024-09-30); file modified 2026-09-29
HSI00000766,Northside Hospital,GA,5,5599674392.0,HCRIS FY2023 (FY2022 fallback); acute member hospitals; G-3 line 3,0,6646162432.0,HCRIS FY2024 (periods beginning 2023-10-01..2024-09-30); acute member CCNs; annualized where needed,0,0,18.7,False,False,False,False,False,https://www.ahrq.gov/sites/default/files/wysiwyg/chsp/compendium/chsp-compendium-2023-rev.xlsx,https://data.cms.gov/sites/default/files/2026-09/e85544f7-57ef-477e-9640-313ac0aac400/CostReport_2024_Final.csv,CMS Hospital Provider Cost Report FY2024 (periods beginning 2023-10-01..2024-09-30); file modified 2026-09-29
HSI00000823,Phoebe Putney Health Systems,GA,5,815643714.0,HCRIS FY2023 (FY2022 fallback); acute member hospitals; G-3 line 3,1,,HCRIS FY2024 (periods beginning 2023-10-01..2024-09-30); acute member CCNs; annualized where needed,5,0,,False,True,False,False,True,https://www.ahrq.gov/sites/default/files/wysiwyg/chsp/compendium/chsp-compendium-2023-rev.xlsx,https://data.cms.gov/sites/default/files/2026-09/e85544f7-57ef-477e-9640-313ac0aac400/CostReport_2024_Final.csv,CMS Hospital Provider Cost Report FY2024 (periods beginning 2023-10-01..2024-09-30); file modified 2026-09-29
HSI00000826,Piedmont Healthcare,GA,18,5662130080.0,HCRIS FY2023 (FY2022 fallback); acute member hospitals; G-3 line 3,1,7291888395.0,HCRIS FY2024 (periods beginning 2023-10-01..2024-09-30); acute member CCNs; annualized where needed,1,0,28.8,False,True,True,False,False,https://www.ahrq.gov/sites/default/files/wysiwyg/chsp/compendium/chsp-compendium-2023-rev.xlsx,https://data.cms.gov/sites/default/files/2026-09/e85544f7-57ef-477e-9640-313ac0aac400/CostReport_2024_Final.csv,CMS Hospital Provider Cost Report FY2024 (periods beginning 2023-10-01..2024-09-30); file modified 2026-09-29
HSI00000927,Saint Josephs Candler Health System,GA,2,741400079.0,HCRIS FY2023 (FY2022 fallback); acute member hospitals; G-3 line 3,0,859675749.0,HCRIS FY2024 (periods beginning 2023-10-01..2024-09-30); acute member CCNs; annualized where needed,0,0,16.0,False,False,False,False,False,https://www.ahrq.gov/sites/default/files/wysiwyg/chsp/compendium/chsp-compendium-2023-rev.xlsx,https://data.cms.gov/sites/default/files/2026-09/e85544f7-57ef-477e-9640-313ac0aac400/CostReport_2024_Final.csv,CMS Hospital Provider Cost Report FY2024 (periods beginning 2023-10-01..2024-09-30); file modified 2026-09-29
HSI00001006,Southeast Georgia Health System,GA,2,368868954.0,HCRIS FY2023 (FY2022 fallback); acute member hospitals; G-3 line 3,0,444361633.0,HCRIS FY2024 (periods beginning 2023-10-01..2024-09-30); acute member CCNs; annualized where needed,0,0,20.5,False,False,False,False,False,https://www.ahrq.gov/sites/default/files/wysiwyg/chsp/compendium/chsp-compendium-2023-rev.xlsx,https://data.cms.gov/sites/default/files/2026-09/e85544f7-57ef-477e-9640-313ac0aac400/CostReport_2024_Final.csv,CMS Hospital Provider Cost Report FY2024 (periods beginning 2023-10-01..2024-09-30); file modified 2026-09-29
HSI00001061,Tanner Health System,GA,4,653561990.0,HCRIS FY2023 (FY2022 fallback); acute member hospitals; G-3 line 3,0,774578098.0,HCRIS FY2024 (periods beginning 2023-10-01..2024-09-30); acute member CCNs; annualized where needed,0,0,18.5,False,False,False,False,False,https://www.ahrq.gov/sites/default/files/wysiwyg/chsp/compendium/chsp-compendium-2023-rev.xlsx,https://data.cms.gov/sites/default/files/2026-09/e85544f7-57ef-477e-9640-313ac0aac400/CostReport_2024_Final.csv,CMS Hospital Provider Cost Report FY2024 (periods beginning 2023-10-01..2024-09-30); file modified 2026-09-29
HSI00001097,Tift Regional Medical Center,GA,2,442674120.0,HCRIS FY2023 (FY2022 fallback); acute member hospitals; G-3 line 3,0,469888747.0,HCRIS FY2024 (periods beginning 2023-10-01..2024-09-30); acute member CCNs; annualized where needed,0,0,6.1,False,False,False,False,False,https://www.ahrq.gov/sites/default/files/wysiwyg/chsp/compendium/chsp-compendium-2023-rev.xlsx,https://data.cms.gov/sites/default/files/2026-09/e85544f7-57ef-477e-9640-313ac0aac400/CostReport_2024_Final.csv,CMS Hospital Provider Cost Report FY2024 (periods beginning 2023-10-01..2024-09-30); file modified 2026-09-29
HSI00000455,Hawaii Pacific Health,HI,4,1430498141.0,HCRIS FY2023 (FY2022 fallback); acute member hospitals; G-3 line 3,0,1547120284.0,HCRIS FY2024 (periods beginning 2023-10-01..2024-09-30); acute member CCNs; annualized where needed,0,0,8.2,False,False,False,False,False,https://www.ahrq.gov/sites/default/files/wysiwyg/chsp/compendium/chsp-compendium-2023-rev.xlsx,https://data.cms.gov/sites/default/files/2026-09/e85544f7-57ef-477e-9640-313ac0aac400/CostReport_2024_Final.csv,CMS Hospital Provider Cost Report FY2024 (periods beginning 2023-10-01..2024-09-30); file modified 2026-09-29
HSI00000554,Kuakini Health System,HI,1,144679855.0,HCRIS FY2023 (FY2022 fallback); acute member hospitals; G-3 line 3,0,152591190.0,HCRIS FY2024 (periods beginning 2023-10-01..2024-09-30); acute member CCNs; annualized where needed,0,0,5.5,False,False,False,False,False,https://www.ahrq.gov/sites/default/files/wysiwyg/chsp/compendium/chsp-compendium-2023-rev.xlsx,https://data.cms.gov/sites/default/files/2026-09/e85544f7-57ef-477e-9640-313ac0aac400/CostReport_2024_Final.csv,CMS Hospital Provider Cost Report FY2024 (periods beginning 2023-10-01..2024-09-30); file modified 2026-09-29
HSI00001087,The Queens Health Systems,HI,4,1538514026.0,HCRIS FY2023 (FY2022 fallback); acute member hospitals; G-3 line 3,1,1776859852.0,HCRIS FY2024 (periods beginning 2023-10-01..2024-09-30); acute member CCNs; annualized where needed,1,0,15.5,False,True,False,False,False,https://www.ahrq.gov/sites/default/files/wysiwyg/chsp/compendium/chsp-compendium-2023-rev.xlsx,https://data.cms.gov/sites/default/files/2026-09/e85544f7-57ef-477e-9640-313ac0aac400/CostReport_2024_Final.csv,CMS Hospital Provider Cost Report FY2024 (periods beginning 2023-10-01..2024-09-30); file modified 2026-09-29
HSI00000421,Great River Health Systems,IA,1,302076366.0,HCRIS FY2023 (FY2022 fallback); acute member hospitals; G-3 line 3,0,409640854.0,HCRIS FY2024 (periods beginning 2023-10-01..2024-09-30); acute member CCNs; annualized where needed,0,0,35.6,False,False,True,False,False,https://www.ahrq.gov/sites/default/files/wysiwyg/chsp/compendium/chsp-compendium-2023-rev.xlsx,https://data.cms.gov/sites/default/files/2026-09/e85544f7-57ef-477e-9640-313ac0aac400/CostReport_2024_Final.csv,CMS Hospital Provider Cost Report FY2024 (periods beginning 2023-10-01..2024-09-30); file modified 2026-09-29
HSI00000666,Mercy Medical Center,IA,1,401057000.0,HCRIS FY2023 (FY2022 fallback); acute member hospitals; G-3 line 3,0,507673151.0,HCRIS FY2024 (periods beginning 2023-10-01..2024-09-30); acute member CCNs; annualized where needed,0,0,26.6,False,False,True,False,False,https://www.ahrq.gov/sites/default/files/wysiwyg/chsp/compendium/chsp-compendium-2023-rev.xlsx,https://data.cms.gov/sites/default/files/2026-09/e85544f7-57ef-477e-9640-313ac0aac400/CostReport_2024_Final.csv,CMS Hospital Provider Cost Report FY2024 (periods beginning 2023-10-01..2024-09-30); file modified 2026-09-29
HSI00000815,Pella Regional Health Center,IA,1,125839069.0,HCRIS FY2023 (FY2022 fallback); acute member hospitals; G-3 line 3,0,132156181.0,HCRIS FY2024 (periods beginning 2023-10-01..2024-09-30); acute member CCNs; annualized where needed,0,0,5.0,False,False,False,False,False,https://www.ahrq.gov/sites/default/files/wysiwyg/chsp/compendium/chsp-compendium-2023-rev.xlsx,https://data.cms.gov/sites/default/files/2026-09/e85544f7-57ef-477e-9640-313ac0aac400/CostReport_2024_Final.csv,CMS Hospital Provider Cost Report FY2024 (periods beginning 2023-10-01..2024-09-30); file modified 2026-09-29
HSI00001146,Unitypoint Health,IA,29,4048533729.0,HCRIS FY2023 (FY2022 fallback); acute member hospitals; G-3 line 3,1,4559753705.0,HCRIS FY2024 (periods beginning 2023-10-01..2024-09-30); acute member CCNs; annualized where needed,1,0,12.6,False,True,False,False,False,https://www.ahrq.gov/sites/default/files/wysiwyg/chsp/compendium/chsp-compendium-2023-rev.xlsx,https://data.cms.gov/sites/default/files/2026-09/e85544f7-57ef-477e-9640-313ac0aac400/CostReport_2024_Final.csv,CMS Hospital Provider Cost Report FY2024 (periods beginning 2023-10-01..2024-09-30); file modified 2026-09-29
HSI00000071,BMH,ID,1,168612827.0,HCRIS FY2023 (FY2022 fallback); acute member hospitals; G-3 line 3,0,178919327.0,HCRIS FY2024 (periods beginning 2023-10-01..2024-09-30); acute member CCNs; annualized where needed,0,0,6.1,False,False,False,False,False,https://www.ahrq.gov/sites/default/files/wysiwyg/chsp/compendium/chsp-compendium-2023-rev.xlsx,https://data.cms.gov/sites/default/files/2026-09/e85544f7-57ef-477e-9640-313ac0aac400/CostReport_2024_Final.csv,CMS Hospital Provider Cost Report FY2024 (periods beginning 2023-10-01..2024-09-30); file modified 2026-09-29
HSI00000553,Kootenai Health,ID,2,739144018.0,HCRIS FY2023 (FY2022 fallback); acute member hospitals; G-3 line 3,0,838877946.0,HCRIS FY2024 (periods beginning 2023-10-01..2024-09-30); acute member CCNs; annualized where needed,0,0,13.5,False,False,False,False,False,https://www.ahrq.gov/sites/default/files/wysiwyg/chsp/compendium/chsp-compendium-2023-rev.xlsx,https://data.cms.gov/sites/default/files/2026-09/e85544f7-57ef-477e-9640-313ac0aac400/CostReport_2024_Final.csv,CMS Hospital Provider Cost Report FY2024 (periods beginning 2023-10-01..2024-09-30); file modified 2026-09-29
HSI00000934,Saint Lukes,ID,8,3177469674.0,HCRIS FY2023 (FY2022 fallback); acute member hospitals; G-3 line 3,0,3521280735.0,HCRIS FY2024 (periods beginning 2023-10-01..2024-09-30); acute member CCNs; annualized where needed,0,0,10.8,False,False,False,False,False,https://www.ahrq.gov/sites/default/files/wysiwyg/chsp/compendium/chsp-compendium-2023-rev.xlsx,https://data.cms.gov/sites/default/files/2026-09/e85544f7-57ef-477e-9640-313ac0aac400/CostReport_2024_Final.csv,CMS Hospital Provider Cost Report FY2024 (periods beginning 2023-10-01..2024-09-30); file modified 2026-09-29
HSI00001473,Anderson Medical Group,IL,1,182086894.0,HCRIS FY2023 (FY2022 fallback); acute member hospitals; G-3 line 3,0,193203237.0,HCRIS FY2024 (periods beginning 2023-10-01..2024-09-30); acute member CCNs; annualized where needed,0,0,6.1,False,False,False,False,False,https://www.ahrq.gov/sites/default/files/wysiwyg/chsp/compendium/chsp-compendium-2023-rev.xlsx,https://data.cms.gov/sites/default/files/2026-09/e85544f7-57ef-477e-9640-313ac0aac400/CostReport_2024_Final.csv,CMS Hospital Provider Cost Report FY2024 (periods beginning 2023-10-01..2024-09-30); file modified 2026-09-29
HSI00000036,Ann and Robert H Lurie Childrens Hospital of Chicago,IL,1,1168670090.0,HCRIS FY2023 (FY2022 fallback); acute member hospitals; G-3 line 3,0,1318542613.0,HCRIS FY2024 (periods beginning 2023-10-01..2024-09-30); acute member CCNs; annualized where needed,0,0,12.8,False,False,False,False,False,https://www.ahrq.gov/sites/default/files/wysiwyg/chsp/compendium/chsp-compendium-2023-rev.xlsx,https://data.cms.gov/sites/default/files/2026-09/e85544f7-57ef-477e-9640-313ac0aac400/CostReport_2024_Final.csv,CMS Hospital Provider Cost Report FY2024 (periods beginning 2023-10-01..2024-09-30); file modified 2026-09-29
HSI00000117,Blessing Health System,IL,2,597771602.0,HCRIS FY2023 (FY2022 fallback); acute member hospitals; G-3 line 3,0,653265111.0,HCRIS FY2024 (periods beginning 2023-10-01..2024-09-30); acute member CCNs; annualized where needed,0,0,9.3,False,False,False,False,False,https://www.ahrq.gov/sites/default/files/wysiwyg/chsp/compendium/chsp-compendium-2023-rev.xlsx,https://data.cms.gov/sites/default/files/2026-09/e85544f7-57ef-477e-9640-313ac0aac400/CostReport_2024_Final.csv,CMS Hospital Provider Cost Report FY2024 (periods beginning 2023-10-01..2024-09-30); file modified 2026-09-29
HSI00001427,CommonSpirit Health,IL,136,29387477489.0,HCRIS FY2023 (FY2022 fallback); acute member hospitals; G-3 line 3,14,32017078140.0,HCRIS FY2024 (periods beginning 2023-10-01..2024-09-30); acute member CCNs; annualized where needed,20,3,8.9,False,True,False,False,True,https://www.ahrq.gov/sites/default/files/wysiwyg/chsp/compendium/chsp-compendium-2023-rev.xlsx,https://data.cms.gov/sites/default/files/2026-09/e85544f7-57ef-477e-9640-313ac0aac400/CostReport_2024_Final.csv,CMS Hospital Provider Cost Report FY2024 (periods beginning 2023-10-01..2024-09-30); file modified 2026-09-29
HSI00000382,Freeport Health Network,IL,1,154896317.0,HCRIS FY2023 (FY2022 fallback); acute member hospitals; G-3 line 3,0,155795194.0,HCRIS FY2024 (periods beginning 2023-10-01..2024-09-30); acute member CCNs; annualized where needed,0,0,0.6,False,False,False,False,False,https://www.ahrq.gov/sites/default/files/wysiwyg/chsp/compendium/chsp-compendium-2023-rev.xlsx,https://data.cms.gov/sites/default/files/2026-09/e85544f7-57ef-477e-9640-313ac0aac400/CostReport_2024_Final.csv,CMS Hospital Provider Cost Report FY2024 (periods beginning 2023-10-01..2024-09-30); file modified 2026-09-29
HSI00000496,Hospital Sisters Health System,IL,17,2783567046.0,HCRIS FY2023 (FY2022 fallback); acute member hospitals; G-3 line 3,0,2713011600.0,HCRIS FY2024 (periods beginning 2023-10-01..2024-09-30); acute member CCNs; annualized where needed,3,0,-2.5,False,True,False,False,True,https://www.ahrq.gov/sites/default/files/wysiwyg/chsp/compendium/chsp-compendium-2023-rev.xlsx,https://data.cms.gov/sites/default/files/2026-09/e85544f7-57ef-477e-9640-313ac0aac400/CostReport_2024_Final.csv,CMS Hospital Provider Cost Report FY2024 (periods beginning 2023-10-01..2024-09-30); file modified 2026-09-29
HSI00000539,Katherine Shaw Bethea Hospital,IL,1,143509031.0,HCRIS FY2023 (FY2022 fallback); acute member hospitals; G-3 line 3,0,138635105.0,HCRIS FY2024 (periods beginning 2023-10-01..2024-09-30); acute member CCNs; annualized where needed,0,0,-3.4,False,False,False,False,False,https://www.ahrq.gov/sites/default/files/wysiwyg/chsp/compendium/chsp-compendium-2023-rev.xlsx,https://data.cms.gov/sites/default/files/2026-09/e85544f7-57ef-477e-9640-313ac0aac400/CostReport_2024_Final.csv,CMS Hospital Provider Cost Report FY2024 (periods beginning 2023-10-01..2024-09-30); file modified 2026-09-29
HSI00000648,Memorial Health System,IL,7,1496220632.0,HCRIS FY2023 (FY2022 fallback); acute member hospitals; G-3 line 3,1,1586027199.0,HCRIS FY2024 (periods beginning 2023-10-01..2024-09-30); acute member CCNs; annualized where needed,1,0,6.0,False,True,False,False,False,https://www.ahrq.gov/sites/default/files/wysiwyg/chsp/compendium/chsp-compendium-2023-rev.xlsx,https://data.cms.gov/sites/default/files/2026-09/e85544f7-57ef-477e-9640-313ac0aac400/CostReport_2024_Final.csv,CMS Hospital Provider Cost Report FY2024 (periods beginning 2023-10-01..2024-09-30); file modified 2026-09-29
HSI00000756,NorthShore – Edward-Elmhurst Health,IL,7,3659544057.0,HCRIS FY2023 (FY2022 fallback); acute member hospitals; G-3 line 3,3,4571465126.0,HCRIS FY2024 (periods beginning 2023-10-01..2024-09-30); acute member CCNs; annualized where needed,2,0,24.9,False,True,False,False,True,https://www.ahrq.gov/sites/default/files/wysiwyg/chsp/compendium/chsp-compendium-2023-rev.xlsx,https://data.cms.gov/sites/default/files/2026-09/e85544f7-57ef-477e-9640-313ac0aac400/CostReport_2024_Final.csv,CMS Hospital Provider Cost Report FY2024 (periods beginning 2023-10-01..2024-09-30); file modified 2026-09-29
HSI00000770,Northwestern Medicine,IL,9,6057036364.0,HCRIS FY2023 (FY2022 fallback); acute member hospitals; G-3 line 3,1,2815366982.0,HCRIS FY2024 (periods beginning 2023-10-01..2024-09-30); acute member CCNs; annualized where needed,8,0,-53.5,False,True,True,False,True,https://www.ahrq.gov/sites/default/files/wysiwyg/chsp/compendium/chsp-compendium-2023-rev.xlsx,https://data.cms.gov/sites/default/files/2026-09/e85544f7-57ef-477e-9640-313ac0aac400/CostReport_2024_Final.csv,CMS Hospital Provider Cost Report FY2024 (periods beginning 2023-10-01..2024-09-30); file modified 2026-09-29
HSI00000776,OSF Healthcare System,IL,17,3378180135.0,HCRIS FY2023 (FY2022 fallback); acute member hospitals; G-3 line 3,1,3799238889.0,HCRIS FY2024 (periods beginning 2023-10-01..2024-09-30); acute member CCNs; annualized where needed,1,0,12.5,False,True,False,False,False,https://www.ahrq.gov/sites/default/files/wysiwyg/chsp/compendium/chsp-compendium-2023-rev.xlsx,https://data.cms.gov/sites/default/files/2026-09/e85544f7-57ef-477e-9640-313ac0aac400/CostReport_2024_Final.csv,CMS Hospital Provider Cost Report FY2024 (periods beginning 2023-10-01..2024-09-30); file modified 2026-09-29
HSI00001533,Riverside Healthcare,IL,1,434453319.0,HCRIS FY2023 (FY2022 fallback); acute member hospitals; G-3 line 3,0,458437224.0,HCRIS FY2024 (periods beginning 2023-10-01..2024-09-30); acute member CCNs; annualized where needed,0,0,5.5,False,False,False,False,False,https://www.ahrq.gov/sites/default/files/wysiwyg/chsp/compendium/chsp-compendium-2023-rev.xlsx,https://data.cms.gov/sites/default/files/2026-09/e85544f7-57ef-477e-9640-313ac0aac400/CostReport_2024_Final.csv,CMS Hospital Provider Cost Report FY2024 (periods beginning 2023-10-01..2024-09-30); file modified 2026-09-29
HSI00000897,Rush System for Health,IL,3,2825570579.0,HCRIS FY2023 (FY2022 fallback); acute member hospitals; G-3 line 3,0,2943070317.0,HCRIS FY2024 (periods beginning 2023-10-01..2024-09-30); acute member CCNs; annualized where needed,0,0,4.2,False,False,False,False,False,https://www.ahrq.gov/sites/default/files/wysiwyg/chsp/compendium/chsp-compendium-2023-rev.xlsx,https://data.cms.gov/sites/default/files/2026-09/e85544f7-57ef-477e-9640-313ac0aac400/CostReport_2024_Final.csv,CMS Hospital Provider Cost Report FY2024 (periods beginning 2023-10-01..2024-09-30); file modified 2026-09-29
HSI00000961,Sarah Bush Lincoln Health System,IL,1,448598616.0,HCRIS FY2023 (FY2022 fallback); acute member hospitals; G-3 line 3,0,638082021.0,HCRIS FY2024 (periods beginning 2023-10-01..2024-09-30); acute member CCNs; annualized where needed,0,0,42.2,False,False,True,False,False,https://www.ahrq.gov/sites/default/files/wysiwyg/chsp/compendium/chsp-compendium-2023-rev.xlsx,https://data.cms.gov/sites/default/files/2026-09/e85544f7-57ef-477e-9640-313ac0aac400/CostReport_2024_Final.csv,CMS Hospital Provider Cost Report FY2024 (periods beginning 2023-10-01..2024-09-30); file modified 2026-09-29
HSI00000985,Silver Cross Hospital,IL,1,514107827.0,HCRIS FY2023 (FY2022 fallback); acute member hospitals; G-3 line 3,0,541651153.0,HCRIS FY2024 (periods beginning 2023-10-01..2024-09-30); acute member CCNs; annualized where needed,0,0,5.4,False,False,False,False,False,https://www.ahrq.gov/sites/default/files/wysiwyg/chsp/compendium/chsp-compendium-2023-rev.xlsx,https://data.cms.gov/sites/default/files/2026-09/e85544f7-57ef-477e-9640-313ac0aac400/CostReport_2024_Final.csv,CMS Hospital Provider Cost Report FY2024 (periods beginning 2023-10-01..2024-09-30); file modified 2026-09-29
HSI00000987,Sinai Health System,IL,3,436689351.0,HCRIS FY2023 (FY2022 fallback); acute member hospitals; G-3 line 3,1,368423498.0,HCRIS FY2024 (periods beginning 2023-10-01..2024-09-30); acute member CCNs; annualized where needed,1,0,-15.6,False,True,False,False,False,https://www.ahrq.gov/sites/default/files/wysiwyg/chsp/compendium/chsp-compendium-2023-rev.xlsx,https://data.cms.gov/sites/default/files/2026-09/e85544f7-57ef-477e-9640-313ac0aac400/CostReport_2024_Final.csv,CMS Hospital Provider Cost Report FY2024 (periods beginning 2023-10-01..2024-09-30); file modified 2026-09-29
HSI00001009,Southern Illinois Healthcare,IL,4,690917763.0,HCRIS FY2023 (FY2022 fallback); acute member hospitals; G-3 line 3,0,745404149.0,HCRIS FY2024 (periods beginning 2023-10-01..2024-09-30); acute member CCNs; annualized where needed,0,0,7.9,False,False,False,False,False,https://www.ahrq.gov/sites/default/files/wysiwyg/chsp/compendium/chsp-compendium-2023-rev.xlsx,https://data.cms.gov/sites/default/files/2026-09/e85544f7-57ef-477e-9640-313ac0aac400/CostReport_2024_Final.csv,CMS Hospital Provider Cost Report FY2024 (periods beginning 2023-10-01..2024-09-30); file modified 2026-09-29
HSI00001074,The Carle Foundation,IL,8,2485684269.0,HCRIS FY2023 (FY2022 fallback); acute member hospitals; G-3 line 3,0,2596465870.0,HCRIS FY2024 (periods beginning 2023-10-01..2024-09-30); acute member CCNs; annualized where needed,0,1,4.5,False,False,False,False,False,https://www.ahrq.gov/sites/default/files/wysiwyg/chsp/compendium/chsp-compendium-2023-rev.xlsx,https://data.cms.gov/sites/default/files/2026-09/e85544f7-57ef-477e-9640-313ac0aac400/CostReport_2024_Final.csv,CMS Hospital Provider Cost Report FY2024 (periods beginning 2023-10-01..2024-09-30); file modified 2026-09-29
HSI00001084,The Morris Hospital and Healthcare Centers,IL,1,221501947.0,HCRIS FY2023 (FY2022 fallback); acute member hospitals; G-3 line 3,0,238107128.0,HCRIS FY2024 (periods beginning 2023-10-01..2024-09-30); acute member CCNs; annualized where needed,0,0,7.5,False,False,False,False,False,https://www.ahrq.gov/sites/default/files/wysiwyg/chsp/compendium/chsp-compendium-2023-rev.xlsx,https://data.cms.gov/sites/default/files/2026-09/e85544f7-57ef-477e-9640-313ac0aac400/CostReport_2024_Final.csv,CMS Hospital Provider Cost Report FY2024 (periods beginning 2023-10-01..2024-09-30); file modified 2026-09-29
HSI00001089,The University of Chicago Medicine,IL,2,2725786465.0,HCRIS FY2023 (FY2022 fallback); acute member hospitals; G-3 line 3,0,3225476794.0,HCRIS FY2024 (periods beginning 2023-10-01..2024-09-30); acute member CCNs; annualized where needed,0,0,18.3,False,False,False,False,False,https://www.ahrq.gov/sites/default/files/wysiwyg/chsp/compendium/chsp-compendium-2023-rev.xlsx,https://data.cms.gov/sites/default/files/2026-09/e85544f7-57ef-477e-9640-313ac0aac400/CostReport_2024_Final.csv,CMS Hospital Provider Cost Report FY2024 (periods beginning 2023-10-01..2024-09-30); file modified 2026-09-29
HSI00000098,Beacon Health System,IN,4,1041052748.0,HCRIS FY2023 (FY2022 fallback); acute member hospitals; G-3 line 3,0,992197640.0,HCRIS FY2024 (periods beginning 2023-10-01..2024-09-30); acute member CCNs; annualized where needed,0,0,-4.7,False,False,False,False,False,https://www.ahrq.gov/sites/default/files/wysiwyg/chsp/compendium/chsp-compendium-2023-rev.xlsx,https://data.cms.gov/sites/default/files/2026-09/e85544f7-57ef-477e-9640-313ac0aac400/CostReport_2024_Final.csv,CMS Hospital Provider Cost Report FY2024 (periods beginning 2023-10-01..2024-09-30); file modified 2026-09-29
HSI00000246,Community Foundation of Northwest Indiana,IN,3,1072607175.0,HCRIS FY2023 (FY2022 fallback); acute member hospitals; G-3 line 3,0,1202025381.0,HCRIS FY2024 (periods beginning 2023-10-01..2024-09-30); acute member CCNs; annualized where needed,0,0,12.1,False,False,False,False,False,https://www.ahrq.gov/sites/default/files/wysiwyg/chsp/compendium/chsp-compendium-2023-rev.xlsx,https://data.cms.gov/sites/default/files/2026-09/e85544f7-57ef-477e-9640-313ac0aac400/CostReport_2024_Final.csv,CMS Hospital Provider Cost Report FY2024 (periods beginning 2023-10-01..2024-09-30); file modified 2026-09-29
HSI00000248,Community Health Network,IN,5,2800307468.0,HCRIS FY2023 (FY2022 fallback); acute member hospitals; G-3 line 3,0,2978465098.0,HCRIS FY2024 (periods beginning 2023-10-01..2024-09-30); acute member CCNs; annualized where needed,0,0,6.4,False,False,False,False,False,https://www.ahrq.gov/sites/default/files/wysiwyg/chsp/compendium/chsp-compendium-2023-rev.xlsx,https://data.cms.gov/sites/default/files/2026-09/e85544f7-57ef-477e-9640-313ac0aac400/CostReport_2024_Final.csv,CMS Hospital Provider Cost Report FY2024 (periods beginning 2023-10-01..2024-09-30); file modified 2026-09-29
HSI00000305,Deaconess Health System,IN,6,1575724222.0,HCRIS FY2023 (FY2022 fallback); acute member hospitals; G-3 line 3,0,1714669596.0,HCRIS FY2024 (periods beginning 2023-10-01..2024-09-30); acute member CCNs; annualized where needed,0,0,8.8,False,False,False,False,False,https://www.ahrq.gov/sites/default/files/wysiwyg/chsp/compendium/chsp-compendium-2023-rev.xlsx,https://data.cms.gov/sites/default/files/2026-09/e85544f7-57ef-477e-9640-313ac0aac400/CostReport_2024_Final.csv,CMS Hospital Provider Cost Report FY2024 (periods beginning 2023-10-01..2024-09-30); file modified 2026-09-29
HSI00000375,Franciscan Health,IN,13,2889858559.0,HCRIS FY2023 (FY2022 fallback); acute member hospitals; G-3 line 3,2,2922143067.0,HCRIS FY2024 (periods beginning 2023-10-01..2024-09-30); acute member CCNs; annualized where needed,2,1,1.1,False,True,False,False,False,https://www.ahrq.gov/sites/default/files/wysiwyg/chsp/compendium/chsp-compendium-2023-rev.xlsx,https://data.cms.gov/sites/default/files/2026-09/e85544f7-57ef-477e-9640-313ac0aac400/CostReport_2024_Final.csv,CMS Hospital Provider Cost Report FY2024 (periods beginning 2023-10-01..2024-09-30); file modified 2026-09-29
HSI00001309,Goshen Health,IN,1,248411935.0,HCRIS FY2023 (FY2022 fallback); acute member hospitals; G-3 line 3,0,262441971.0,HCRIS FY2024 (periods beginning 2023-10-01..2024-09-30); acute member CCNs; annualized where needed,0,0,5.6,False,False,False,False,False,https://www.ahrq.gov/sites/default/files/wysiwyg/chsp/compendium/chsp-compendium-2023-rev.xlsx,https://data.cms.gov/sites/default/files/2026-09/e85544f7-57ef-477e-9640-313ac0aac400/CostReport_2024_Final.csv,CMS Hospital Provider Cost Report FY2024 (periods beginning 2023-10-01..2024-09-30); file modified 2026-09-29
HSI00000510,Indiana University Health,IN,13,6549413758.0,HCRIS FY2023 (FY2022 fallback); acute member hospitals; G-3 line 3,0,6477916763.0,HCRIS FY2024 (periods beginning 2023-10-01..2024-09-30); acute member CCNs; annualized where needed,2,0,-1.1,False,True,False,False,True,https://www.ahrq.gov/sites/default/files/wysiwyg/chsp/compendium/chsp-compendium-2023-rev.xlsx,https://data.cms.gov/sites/default/files/2026-09/e85544f7-57ef-477e-9640-313ac0aac400/CostReport_2024_Final.csv,CMS Hospital Provider Cost Report FY2024 (periods beginning 2023-10-01..2024-09-30); file modified 2026-09-29
HSI00001560,Little Company of Mary Hospital of Indiana,IN,1,259088848.0,HCRIS FY2023 (FY2022 fallback); acute member hospitals; G-3 line 3,0,278788377.0,HCRIS FY2024 (periods beginning 2023-10-01..2024-09-30); acute member CCNs; annualized where needed,0,1,7.6,False,False,False,False,False,https://www.ahrq.gov/sites/default/files/wysiwyg/chsp/compendium/chsp-compendium-2023-rev.xlsx,https://data.cms.gov/sites/default/files/2026-09/e85544f7-57ef-477e-9640-313ac0aac400/CostReport_2024_Final.csv,CMS Hospital Provider Cost Report FY2024 (periods beginning 2023-10-01..2024-09-30); file modified 2026-09-29
HSI00000614,Margaret Mary Health,IN,1,127910974.0,HCRIS FY2023 (FY2022 fallback); acute member hospitals; G-3 line 3,0,125613415.0,HCRIS FY2024 (periods beginning 2023-10-01..2024-09-30); acute member CCNs; annualized where needed,0,0,-1.8,False,False,False,False,False,https://www.ahrq.gov/sites/default/files/wysiwyg/chsp/compendium/chsp-compendium-2023-rev.xlsx,https://data.cms.gov/sites/default/files/2026-09/e85544f7-57ef-477e-9640-313ac0aac400/CostReport_2024_Final.csv,CMS Hospital Provider Cost Report FY2024 (periods beginning 2023-10-01..2024-09-30); file modified 2026-09-29
HSI00000811,Parkview Health System,IN,9,549440848.0,HCRIS FY2023 (FY2022 fallback); acute member hospitals; G-3 line 3,1,2347713970.0,HCRIS FY2024 (periods beginning 2023-10-01..2024-09-30); acute member CCNs; annualized where needed,0,2,327.3,False,True,True,False,True,https://www.ahrq.gov/sites/default/files/wysiwyg/chsp/compendium/chsp-compendium-2023-rev.xlsx,https://data.cms.gov/sites/default/files/2026-09/e85544f7-57ef-477e-9640-313ac0aac400/CostReport_2024_Final.csv,CMS Hospital Provider Cost Report FY2024 (periods beginning 2023-10-01..2024-09-30); file modified 2026-09-29
HSI00000873,Reid Health,IN,1,487182885.0,HCRIS FY2023 (FY2022 fallback); acute member hospitals; G-3 line 3,0,522230281.0,HCRIS FY2024 (periods beginning 2023-10-01..2024-09-30); acute member CCNs; annualized where needed,0,0,7.2,False,False,False,False,False,https://www.ahrq.gov/sites/default/files/wysiwyg/chsp/compendium/chsp-compendium-2023-rev.xlsx,https://data.cms.gov/sites/default/files/2026-09/e85544f7-57ef-477e-9640-313ac0aac400/CostReport_2024_Final.csv,CMS Hospital Provider Cost Report FY2024 (periods beginning 2023-10-01..2024-09-30); file modified 2026-09-29
HSI00001082,The Methodist Hospitals,IN,2,404760024.0,HCRIS FY2023 (FY2022 fallback); acute member hospitals; G-3 line 3,1,415917512.0,HCRIS FY2024 (periods beginning 2023-10-01..2024-09-30); acute member CCNs; annualized where needed,1,0,2.8,False,True,False,False,False,https://www.ahrq.gov/sites/default/files/wysiwyg/chsp/compendium/chsp-compendium-2023-rev.xlsx,https://data.cms.gov/sites/default/files/2026-09/e85544f7-57ef-477e-9640-313ac0aac400/CostReport_2024_Final.csv,CMS Hospital Provider Cost Report FY2024 (periods beginning 2023-10-01..2024-09-30); file modified 2026-09-29
HSI00001137,Union Health,IN,2,661411150.0,HCRIS FY2023 (FY2022 fallback); acute member hospitals; G-3 line 3,0,705255305.0,HCRIS FY2024 (periods beginning 2023-10-01..2024-09-30); acute member CCNs; annualized where needed,0,0,6.6,False,False,False,False,False,https://www.ahrq.gov/sites/default/files/wysiwyg/chsp/compendium/chsp-compendium-2023-rev.xlsx,https://data.cms.gov/sites/default/files/2026-09/e85544f7-57ef-477e-9640-313ac0aac400/CostReport_2024_Final.csv,CMS Hospital Provider Cost Report FY2024 (periods beginning 2023-10-01..2024-09-30); file modified 2026-09-29
HSI00001431,Hays Medical Center,KS,2,235377478.0,HCRIS FY2023 (FY2022 fallback); acute member hospitals; G-3 line 3,0,275797590.0,HCRIS FY2024 (periods beginning 2023-10-01..2024-09-30); acute member CCNs; annualized where needed,0,0,17.2,False,False,False,False,False,https://www.ahrq.gov/sites/default/files/wysiwyg/chsp/compendium/chsp-compendium-2023-rev.xlsx,https://data.cms.gov/sites/default/files/2026-09/e85544f7-57ef-477e-9640-313ac0aac400/CostReport_2024_Final.csv,CMS Hospital Provider Cost Report FY2024 (periods beginning 2023-10-01..2024-09-30); file modified 2026-09-29
HSI00000948,Salina Regional Health Center,KS,3,279978198.0,HCRIS FY2023 (FY2022 fallback); acute member hospitals; G-3 line 3,0,329273114.0,HCRIS FY2024 (periods beginning 2023-10-01..2024-09-30); acute member CCNs; annualized where needed,0,0,17.6,False,False,False,False,False,https://www.ahrq.gov/sites/default/files/wysiwyg/chsp/compendium/chsp-compendium-2023-rev.xlsx,https://data.cms.gov/sites/default/files/2026-09/e85544f7-57ef-477e-9640-313ac0aac400/CostReport_2024_Final.csv,CMS Hospital Provider Cost Report FY2024 (periods beginning 2023-10-01..2024-09-30); file modified 2026-09-29
HSI00001039,Stormont Vail Health,KS,2,884186805.0,HCRIS FY2023 (FY2022 fallback); acute member hospitals; G-3 line 3,1,978971118.0,HCRIS FY2024 (periods beginning 2023-10-01..2024-09-30); acute member CCNs; annualized where needed,0,0,10.7,False,True,False,False,True,https://www.ahrq.gov/sites/default/files/wysiwyg/chsp/compendium/chsp-compendium-2023-rev.xlsx,https://data.cms.gov/sites/default/files/2026-09/e85544f7-57ef-477e-9640-313ac0aac400/CostReport_2024_Final.csv,CMS Hospital Provider Cost Report FY2024 (periods beginning 2023-10-01..2024-09-30); file modified 2026-09-29
HSI00000041,Appalachian Regional Healthcare,KY,14,786401802.0,HCRIS FY2023 (FY2022 fallback); acute member hospitals; G-3 line 3,0,899751179.0,HCRIS FY2024 (periods beginning 2023-10-01..2024-09-30); acute member CCNs; annualized where needed,0,0,14.4,False,False,False,False,False,https://www.ahrq.gov/sites/default/files/wysiwyg/chsp/compendium/chsp-compendium-2023-rev.xlsx,https://data.cms.gov/sites/default/files/2026-09/e85544f7-57ef-477e-9640-313ac0aac400/CostReport_2024_Final.csv,CMS Hospital Provider Cost Report FY2024 (periods beginning 2023-10-01..2024-09-30); file modified 2026-09-29
HSI00000080,Baptist Healthcare System,KY,10,3554336946.0,HCRIS FY2023 (FY2022 fallback); acute member hospitals; G-3 line 3,0,848832250.0,HCRIS FY2024 (periods beginning 2023-10-01..2024-09-30); acute member CCNs; annualized where needed,6,0,-76.1,False,True,True,False,True,https://www.ahrq.gov/sites/default/files/wysiwyg/chsp/compendium/chsp-compendium-2023-rev.xlsx,https://data.cms.gov/sites/default/files/2026-09/e85544f7-57ef-477e-9640-313ac0aac400/CostReport_2024_Final.csv,CMS Hospital Provider Cost Report FY2024 (periods beginning 2023-10-01..2024-09-30); file modified 2026-09-29
HSI00000244,Commonwealth Health Corporation,KY,5,554651258.0,HCRIS FY2023 (FY2022 fallback); acute member hospitals; G-3 line 3,0,689510393.0,HCRIS FY2024 (periods beginning 2023-10-01..2024-09-30); acute member CCNs; annualized where needed,1,0,24.3,False,True,False,False,True,https://www.ahrq.gov/sites/default/files/wysiwyg/chsp/compendium/chsp-compendium-2023-rev.xlsx,https://data.cms.gov/sites/default/files/2026-09/e85544f7-57ef-477e-9640-313ac0aac400/CostReport_2024_Final.csv,CMS Hospital Provider Cost Report FY2024 (periods beginning 2023-10-01..2024-09-30); file modified 2026-09-29
HSI00000346,Ephraim Mcdowell Health,KY,3,306764361.0,HCRIS FY2023 (FY2022 fallback); acute member hospitals; G-3 line 3,0,337987833.0,HCRIS FY2024 (periods beginning 2023-10-01..2024-09-30); acute member CCNs; annualized where needed,0,0,10.2,False,False,False,False,False,https://www.ahrq.gov/sites/default/files/wysiwyg/chsp/compendium/chsp-compendium-2023-rev.xlsx,https://data.cms.gov/sites/default/files/2026-09/e85544f7-57ef-477e-9640-313ac0aac400/CostReport_2024_Final.csv,CMS Hospital Provider Cost Report FY2024 (periods beginning 2023-10-01..2024-09-30); file modified 2026-09-29
HSI00000771,Norton Healthcare,KY,7,3210770521.0,HCRIS FY2023 (FY2022 fallback); acute member hospitals; G-3 line 3,2,3535608053.0,HCRIS FY2024 (periods beginning 2023-10-01..2024-09-30); acute member CCNs; annualized where needed,2,1,10.1,False,True,False,False,False,https://www.ahrq.gov/sites/default/files/wysiwyg/chsp/compendium/chsp-compendium-2023-rev.xlsx,https://data.cms.gov/sites/default/files/2026-09/e85544f7-57ef-477e-9640-313ac0aac400/CostReport_2024_Final.csv,CMS Hospital Provider Cost Report FY2024 (periods beginning 2023-10-01..2024-09-30); file modified 2026-09-29
HSI00000802,Owensboro Health,KY,3,783307316.0,HCRIS FY2023 (FY2022 fallback); acute member hospitals; G-3 line 3,0,885522026.0,HCRIS FY2024 (periods beginning 2023-10-01..2024-09-30); acute member CCNs; annualized where needed,0,0,13.0,False,False,False,False,False,https://www.ahrq.gov/sites/default/files/wysiwyg/chsp/compendium/chsp-compendium-2023-rev.xlsx,https://data.cms.gov/sites/default/files/2026-09/e85544f7-57ef-477e-9640-313ac0aac400/CostReport_2024_Final.csv,CMS Hospital Provider Cost Report FY2024 (periods beginning 2023-10-01..2024-09-30); file modified 2026-09-29
HSI00001423,Pikeville Medical Center,KY,1,600022319.0,HCRIS FY2023 (FY2022 fallback); acute member hospitals; G-3 line 3,0,633386386.0,HCRIS FY2024 (periods beginning 2023-10-01..2024-09-30); acute member CCNs; annualized where needed,0,0,5.6,False,False,False,False,False,https://www.ahrq.gov/sites/default/files/wysiwyg/chsp/compendium/chsp-compendium-2023-rev.xlsx,https://data.cms.gov/sites/default/files/2026-09/e85544f7-57ef-477e-9640-313ac0aac400/CostReport_2024_Final.csv,CMS Hospital Provider Cost Report FY2024 (periods beginning 2023-10-01..2024-09-30); file modified 2026-09-29
HSI00000914,Saint Claire Regional Medical Center,KY,1,204486429.0,HCRIS FY2023 (FY2022 fallback); acute member hospitals; G-3 line 3,0,,HCRIS FY2024 (periods beginning 2023-10-01..2024-09-30); acute member CCNs; annualized where needed,1,0,,False,True,False,False,True,https://www.ahrq.gov/sites/default/files/wysiwyg/chsp/compendium/chsp-compendium-2023-rev.xlsx,https://data.cms.gov/sites/default/files/2026-09/e85544f7-57ef-477e-9640-313ac0aac400/CostReport_2024_Final.csv,CMS Hospital Provider Cost Report FY2024 (periods beginning 2023-10-01..2024-09-30); file modified 2026-09-29
HSI00000917,Saint Elizabeth Healthcare,KY,5,1716760949.0,HCRIS FY2023 (FY2022 fallback); acute member hospitals; G-3 line 3,0,1818915605.0,HCRIS FY2024 (periods beginning 2023-10-01..2024-09-30); acute member CCNs; annualized where needed,0,0,6.0,False,False,False,False,False,https://www.ahrq.gov/sites/default/files/wysiwyg/chsp/compendium/chsp-compendium-2023-rev.xlsx,https://data.cms.gov/sites/default/files/2026-09/e85544f7-57ef-477e-9640-313ac0aac400/CostReport_2024_Final.csv,CMS Hospital Provider Cost Report FY2024 (periods beginning 2023-10-01..2024-09-30); file modified 2026-09-29
HSI00001053,T J Regional Health,KY,2,238020746.0,HCRIS FY2023 (FY2022 fallback); acute member hospitals; G-3 line 3,0,267987897.0,HCRIS FY2024 (periods beginning 2023-10-01..2024-09-30); acute member CCNs; annualized where needed,0,0,12.6,False,False,False,False,False,https://www.ahrq.gov/sites/default/files/wysiwyg/chsp/compendium/chsp-compendium-2023-rev.xlsx,https://data.cms.gov/sites/default/files/2026-09/e85544f7-57ef-477e-9640-313ac0aac400/CostReport_2024_Final.csv,CMS Hospital Provider Cost Report FY2024 (periods beginning 2023-10-01..2024-09-30); file modified 2026-09-29
HSI00001174,University of Kentucky Healthcare,KY,4,2903076326.0,HCRIS FY2023 (FY2022 fallback); acute member hospitals; G-3 line 3,1,3134970910.0,HCRIS FY2024 (periods beginning 2023-10-01..2024-09-30); acute member CCNs; annualized where needed,1,2,8.0,False,True,False,False,False,https://www.ahrq.gov/sites/default/files/wysiwyg/chsp/compendium/chsp-compendium-2023-rev.xlsx,https://data.cms.gov/sites/default/files/2026-09/e85544f7-57ef-477e-9640-313ac0aac400/CostReport_2024_Final.csv,CMS Hospital Provider Cost Report FY2024 (periods beginning 2023-10-01..2024-09-30); file modified 2026-09-29
HSI00001377,UofL Health,KY,5,1971547962.0,HCRIS FY2023 (FY2022 fallback); acute member hospitals; G-3 line 3,2,2210620892.0,HCRIS FY2024 (periods beginning 2023-10-01..2024-09-30); acute member CCNs; annualized where needed,2,0,12.1,False,True,False,False,False,https://www.ahrq.gov/sites/default/files/wysiwyg/chsp/compendium/chsp-compendium-2023-rev.xlsx,https://data.cms.gov/sites/default/files/2026-09/e85544f7-57ef-477e-9640-313ac0aac400/CostReport_2024_Final.csv,CMS Hospital Provider Cost Report FY2024 (periods beginning 2023-10-01..2024-09-30); file modified 2026-09-29
HSI00000089,Baton Rouge General Health System,LA,2,538948585.0,HCRIS FY2023 (FY2022 fallback); acute member hospitals; G-3 line 3,0,536962056.0,HCRIS FY2024 (periods beginning 2023-10-01..2024-09-30); acute member CCNs; annualized where needed,0,0,-0.4,False,False,False,False,False,https://www.ahrq.gov/sites/default/files/wysiwyg/chsp/compendium/chsp-compendium-2023-rev.xlsx,https://data.cms.gov/sites/default/files/2026-09/e85544f7-57ef-477e-9640-313ac0aac400/CostReport_2024_Final.csv,CMS Hospital Provider Cost Report FY2024 (periods beginning 2023-10-01..2024-09-30); file modified 2026-09-29
HSI00000376,Franciscan Missionaries of Our Lady Health System,LA,9,2649299658.0,HCRIS FY2023 (FY2022 fallback); acute member hospitals; G-3 line 3,2,3235885429.0,HCRIS FY2024 (periods beginning 2023-10-01..2024-09-30); acute member CCNs; annualized where needed,3,0,22.1,False,True,False,False,True,https://www.ahrq.gov/sites/default/files/wysiwyg/chsp/compendium/chsp-compendium-2023-rev.xlsx,https://data.cms.gov/sites/default/files/2026-09/e85544f7-57ef-477e-9640-313ac0aac400/CostReport_2024_Final.csv,CMS Hospital Provider Cost Report FY2024 (periods beginning 2023-10-01..2024-09-30); file modified 2026-09-29
HSI00000555,LCMC Health System,LA,10,3525124939.0,HCRIS FY2023 (FY2022 fallback); acute member hospitals; G-3 line 3,2,3263491487.0,HCRIS FY2024 (periods beginning 2023-10-01..2024-09-30); acute member CCNs; annualized where needed,3,0,-7.4,False,True,False,False,True,https://www.ahrq.gov/sites/default/files/wysiwyg/chsp/compendium/chsp-compendium-2023-rev.xlsx,https://data.cms.gov/sites/default/files/2026-09/e85544f7-57ef-477e-9640-313ac0aac400/CostReport_2024_Final.csv,CMS Hospital Provider Cost Report FY2024 (periods beginning 2023-10-01..2024-09-30); file modified 2026-09-29
HSI00000564,Lake Charles Memorial Health System,LA,1,366735864.0,HCRIS FY2023 (FY2022 fallback); acute member hospitals; G-3 line 3,0,391395725.0,HCRIS FY2024 (periods beginning 2023-10-01..2024-09-30); acute member CCNs; annualized where needed,0,0,6.7,False,False,False,False,False,https://www.ahrq.gov/sites/default/files/wysiwyg/chsp/compendium/chsp-compendium-2023-rev.xlsx,https://data.cms.gov/sites/default/files/2026-09/e85544f7-57ef-477e-9640-313ac0aac400/CostReport_2024_Final.csv,CMS Hospital Provider Cost Report FY2024 (periods beginning 2023-10-01..2024-09-30); file modified 2026-09-29
HSI00000780,Ochsner Health System,LA,30,5234566614.0,HCRIS FY2023 (FY2022 fallback); acute member hospitals; G-3 line 3,4,5853446510.0,HCRIS FY2024 (periods beginning 2023-10-01..2024-09-30); acute member CCNs; annualized where needed,5,0,11.8,False,True,False,False,True,https://www.ahrq.gov/sites/default/files/wysiwyg/chsp/compendium/chsp-compendium-2023-rev.xlsx,https://data.cms.gov/sites/default/files/2026-09/e85544f7-57ef-477e-9640-313ac0aac400/CostReport_2024_Final.csv,CMS Hospital Provider Cost Report FY2024 (periods beginning 2023-10-01..2024-09-30); file modified 2026-09-29
HSI00001263,Willis Knighton Health System,LA,3,1099247817.0,HCRIS FY2023 (FY2022 fallback); acute member hospitals; G-3 line 3,1,1221930358.0,HCRIS FY2024 (periods beginning 2023-10-01..2024-09-30); acute member CCNs; annualized where needed,1,0,11.2,False,True,False,False,False,https://www.ahrq.gov/sites/default/files/wysiwyg/chsp/compendium/chsp-compendium-2023-rev.xlsx,https://data.cms.gov/sites/default/files/2026-09/e85544f7-57ef-477e-9640-313ac0aac400/CostReport_2024_Final.csv,CMS Hospital Provider Cost Report FY2024 (periods beginning 2023-10-01..2024-09-30); file modified 2026-09-29
HSI00000097,Baystate Health,MA,4,1861353608.0,HCRIS FY2023 (FY2022 fallback); acute member hospitals; G-3 line 3,0,1938946159.0,HCRIS FY2024 (periods beginning 2023-10-01..2024-09-30); acute member CCNs; annualized where needed,0,0,4.2,False,False,False,False,False,https://www.ahrq.gov/sites/default/files/wysiwyg/chsp/compendium/chsp-compendium-2023-rev.xlsx,https://data.cms.gov/sites/default/files/2026-09/e85544f7-57ef-477e-9640-313ac0aac400/CostReport_2024_Final.csv,CMS Hospital Provider Cost Report FY2024 (periods beginning 2023-10-01..2024-09-30); file modified 2026-09-29
HSI00000109,Berkshire Health Systems,MA,2,639037000.0,HCRIS FY2023 (FY2022 fallback); acute member hospitals; G-3 line 3,0,658941608.0,HCRIS FY2024 (periods beginning 2023-10-01..2024-09-30); acute member CCNs; annualized where needed,0,0,3.1,False,False,False,False,False,https://www.ahrq.gov/sites/default/files/wysiwyg/chsp/compendium/chsp-compendium-2023-rev.xlsx,https://data.cms.gov/sites/default/files/2026-09/e85544f7-57ef-477e-9640-313ac0aac400/CostReport_2024_Final.csv,CMS Hospital Provider Cost Report FY2024 (periods beginning 2023-10-01..2024-09-30); file modified 2026-09-29
HSI00001416,Beth Israel Lahey Health,MA,9,4956408633.0,HCRIS FY2023 (FY2022 fallback); acute member hospitals; G-3 line 3,0,5211400740.0,HCRIS FY2024 (periods beginning 2023-10-01..2024-09-30); acute member CCNs; annualized where needed,0,0,5.1,False,False,False,False,False,https://www.ahrq.gov/sites/default/files/wysiwyg/chsp/compendium/chsp-compendium-2023-rev.xlsx,https://data.cms.gov/sites/default/files/2026-09/e85544f7-57ef-477e-9640-313ac0aac400/CostReport_2024_Final.csv,CMS Hospital Provider Cost Report FY2024 (periods beginning 2023-10-01..2024-09-30); file modified 2026-09-29
HSI00000130,Boston Childrens Hospital,MA,1,1856193148.0,HCRIS FY2023 (FY2022 fallback); acute member hospitals; G-3 line 3,0,2002424520.0,HCRIS FY2024 (periods beginning 2023-10-01..2024-09-30); acute member CCNs; annualized where needed,0,0,7.9,False,False,False,False,False,https://www.ahrq.gov/sites/default/files/wysiwyg/chsp/compendium/chsp-compendium-2023-rev.xlsx,https://data.cms.gov/sites/default/files/2026-09/e85544f7-57ef-477e-9640-313ac0aac400/CostReport_2024_Final.csv,CMS Hospital Provider Cost Report FY2024 (periods beginning 2023-10-01..2024-09-30); file modified 2026-09-29
HSI00000131,Boston Medical Center,MA,1,1406292265.0,HCRIS FY2023 (FY2022 fallback); acute member hospitals; G-3 line 3,0,1530714893.0,HCRIS FY2024 (periods beginning 2023-10-01..2024-09-30); acute member CCNs; annualized where needed,0,0,8.8,False,False,False,False,False,https://www.ahrq.gov/sites/default/files/wysiwyg/chsp/compendium/chsp-compendium-2023-rev.xlsx,https://data.cms.gov/sites/default/files/2026-09/e85544f7-57ef-477e-9640-313ac0aac400/CostReport_2024_Final.csv,CMS Hospital Provider Cost Report FY2024 (periods beginning 2023-10-01..2024-09-30); file modified 2026-09-29
HSI00000161,Cape Cod Healthcare,MA,2,867748836.0,HCRIS FY2023 (FY2022 fallback); acute member hospitals; G-3 line 3,0,875621103.0,HCRIS FY2024 (periods beginning 2023-10-01..2024-09-30); acute member CCNs; annualized where needed,0,0,0.9,False,False,False,False,False,https://www.ahrq.gov/sites/default/files/wysiwyg/chsp/compendium/chsp-compendium-2023-rev.xlsx,https://data.cms.gov/sites/default/files/2026-09/e85544f7-57ef-477e-9640-313ac0aac400/CostReport_2024_Final.csv,CMS Hospital Provider Cost Report FY2024 (periods beginning 2023-10-01..2024-09-30); file modified 2026-09-29
HSI00000287,Covenant Health Systems,MA,3,666152247.0,HCRIS FY2023 (FY2022 fallback); acute member hospitals; G-3 line 3,0,702297011.0,HCRIS FY2024 (periods beginning 2023-10-01..2024-09-30); acute member CCNs; annualized where needed,0,0,5.4,False,False,False,False,False,https://www.ahrq.gov/sites/default/files/wysiwyg/chsp/compendium/chsp-compendium-2023-rev.xlsx,https://data.cms.gov/sites/default/files/2026-09/e85544f7-57ef-477e-9640-313ac0aac400/CostReport_2024_Final.csv,CMS Hospital Provider Cost Report FY2024 (periods beginning 2023-10-01..2024-09-30); file modified 2026-09-29
HSI00000340,Emerson Hospital Health System,MA,1,336180825.0,HCRIS FY2023 (FY2022 fallback); acute member hospitals; G-3 line 3,0,346427362.0,HCRIS FY2024 (periods beginning 2023-10-01..2024-09-30); acute member CCNs; annualized where needed,0,0,3.0,False,False,False,False,False,https://www.ahrq.gov/sites/default/files/wysiwyg/chsp/compendium/chsp-compendium-2023-rev.xlsx,https://data.cms.gov/sites/default/files/2026-09/e85544f7-57ef-477e-9640-313ac0aac400/CostReport_2024_Final.csv,CMS Hospital Provider Cost Report FY2024 (periods beginning 2023-10-01..2024-09-30); file modified 2026-09-29
HSI00000478,Heywood Healthcare,MA,2,181441914.0,HCRIS FY2023 (FY2022 fallback); acute member hospitals; G-3 line 3,0,198427301.0,HCRIS FY2024 (periods beginning 2023-10-01..2024-09-30); acute member CCNs; annualized where needed,0,0,9.4,False,False,False,False,False,https://www.ahrq.gov/sites/default/files/wysiwyg/chsp/compendium/chsp-compendium-2023-rev.xlsx,https://data.cms.gov/sites/default/files/2026-09/e85544f7-57ef-477e-9640-313ac0aac400/CostReport_2024_Final.csv,CMS Hospital Provider Cost Report FY2024 (periods beginning 2023-10-01..2024-09-30); file modified 2026-09-29
HSI00001458,Lawrence General Hospital,MA,1,309320000.0,HCRIS FY2023 (FY2022 fallback); acute member hospitals; G-3 line 3,0,305854044.0,HCRIS FY2024 (periods beginning 2023-10-01..2024-09-30); acute member CCNs; annualized where needed,0,0,-1.1,False,False,False,False,False,https://www.ahrq.gov/sites/default/files/wysiwyg/chsp/compendium/chsp-compendium-2023-rev.xlsx,https://data.cms.gov/sites/default/files/2026-09/e85544f7-57ef-477e-9640-313ac0aac400/CostReport_2024_Final.csv,CMS Hospital Provider Cost Report FY2024 (periods beginning 2023-10-01..2024-09-30); file modified 2026-09-29
HSI00000813,Mass General Brigham,MA,9,9439308673.0,HCRIS FY2023 (FY2022 fallback); acute member hospitals; G-3 line 3,0,6826448495.0,HCRIS FY2024 (periods beginning 2023-10-01..2024-09-30); acute member CCNs; annualized where needed,2,0,-27.7,False,True,True,False,True,https://www.ahrq.gov/sites/default/files/wysiwyg/chsp/compendium/chsp-compendium-2023-rev.xlsx,https://data.cms.gov/sites/default/files/2026-09/e85544f7-57ef-477e-9640-313ac0aac400/CostReport_2024_Final.csv,CMS Hospital Provider Cost Report FY2024 (periods beginning 2023-10-01..2024-09-30); file modified 2026-09-29
HSI00000984,Signature Healthcare,MA,1,181258800.0,HCRIS FY2023 (FY2022 fallback); acute member hospitals; G-3 line 3,0,147403827.0,HCRIS FY2024 (periods beginning 2023-10-01..2024-09-30); acute member CCNs; annualized where needed,0,0,-18.7,False,False,False,False,False,https://www.ahrq.gov/sites/default/files/wysiwyg/chsp/compendium/chsp-compendium-2023-rev.xlsx,https://data.cms.gov/sites/default/files/2026-09/e85544f7-57ef-477e-9640-313ac0aac400/CostReport_2024_Final.csv,CMS Hospital Provider Cost Report FY2024 (periods beginning 2023-10-01..2024-09-30); file modified 2026-09-29
HSI00001002,South Shore Health System,MA,1,760941643.0,HCRIS FY2023 (FY2022 fallback); acute member hospitals; G-3 line 3,0,813185414.0,HCRIS FY2024 (periods beginning 2023-10-01..2024-09-30); acute member CCNs; annualized where needed,0,0,6.9,False,False,False,False,False,https://www.ahrq.gov/sites/default/files/wysiwyg/chsp/compendium/chsp-compendium-2023-rev.xlsx,https://data.cms.gov/sites/default/files/2026-09/e85544f7-57ef-477e-9640-313ac0aac400/CostReport_2024_Final.csv,CMS Hospital Provider Cost Report FY2024 (periods beginning 2023-10-01..2024-09-30); file modified 2026-09-29
HSI00001004,Southcoast Health System,MA,1,914238255.0,HCRIS FY2023 (FY2022 fallback); acute member hospitals; G-3 line 3,0,991882008.0,HCRIS FY2024 (periods beginning 2023-10-01..2024-09-30); acute member CCNs; annualized where needed,0,0,8.5,False,False,False,False,False,https://www.ahrq.gov/sites/default/files/wysiwyg/chsp/compendium/chsp-compendium-2023-rev.xlsx,https://data.cms.gov/sites/default/files/2026-09/e85544f7-57ef-477e-9640-313ac0aac400/CostReport_2024_Final.csv,CMS Hospital Provider Cost Report FY2024 (periods beginning 2023-10-01..2024-09-30); file modified 2026-09-29
HSI00001041,Sturdy Memorial Hospital,MA,1,232151289.0,HCRIS FY2023 (FY2022 fallback); acute member hospitals; G-3 line 3,0,245852443.0,HCRIS FY2024 (periods beginning 2023-10-01..2024-09-30); acute member CCNs; annualized where needed,0,0,5.9,False,False,False,False,False,https://www.ahrq.gov/sites/default/files/wysiwyg/chsp/compendium/chsp-compendium-2023-rev.xlsx,https://data.cms.gov/sites/default/files/2026-09/e85544f7-57ef-477e-9640-313ac0aac400/CostReport_2024_Final.csv,CMS Hospital Provider Cost Report FY2024 (periods beginning 2023-10-01..2024-09-30); file modified 2026-09-29
HSI00001122,UMass Memorial Health Care,MA,6,2635156994.0,HCRIS FY2023 (FY2022 fallback); acute member hospitals; G-3 line 3,2,3299791313.0,HCRIS FY2024 (periods beginning 2023-10-01..2024-09-30); acute member CCNs; annualized where needed,2,0,25.2,False,True,True,False,False,https://www.ahrq.gov/sites/default/files/wysiwyg/chsp/compendium/chsp-compendium-2023-rev.xlsx,https://data.cms.gov/sites/default/files/2026-09/e85544f7-57ef-477e-9640-313ac0aac400/CostReport_2024_Final.csv,CMS Hospital Provider Cost Report FY2024 (periods beginning 2023-10-01..2024-09-30); file modified 2026-09-29
HSI00001219,Valley Health Systems,MA,1,191937797.0,HCRIS FY2023 (FY2022 fallback); acute member hospitals; G-3 line 3,0,217252866.0,HCRIS FY2024 (periods beginning 2023-10-01..2024-09-30); acute member CCNs; annualized where needed,0,0,13.2,False,False,False,False,False,https://www.ahrq.gov/sites/default/files/wysiwyg/chsp/compendium/chsp-compendium-2023-rev.xlsx,https://data.cms.gov/sites/default/files/2026-09/e85544f7-57ef-477e-9640-313ac0aac400/CostReport_2024_Final.csv,CMS Hospital Provider Cost Report FY2024 (periods beginning 2023-10-01..2024-09-30); file modified 2026-09-29
HSI00001112,Wellforce,MA,4,1634285117.0,HCRIS FY2023 (FY2022 fallback); acute member hospitals; G-3 line 3,1,1716126305.0,HCRIS FY2024 (periods beginning 2023-10-01..2024-09-30); acute member CCNs; annualized where needed,1,0,5.0,False,True,False,False,False,https://www.ahrq.gov/sites/default/files/wysiwyg/chsp/compendium/chsp-compendium-2023-rev.xlsx,https://data.cms.gov/sites/default/files/2026-09/e85544f7-57ef-477e-9640-313ac0aac400/CostReport_2024_Final.csv,CMS Hospital Provider Cost Report FY2024 (periods beginning 2023-10-01..2024-09-30); file modified 2026-09-29
HSI00000012,Adventist Healthcare,MD,4,1118781534.0,HCRIS FY2023 (FY2022 fallback); acute member hospitals; G-3 line 3,0,1105328203.0,HCRIS FY2024 (periods beginning 2023-10-01..2024-09-30); acute member CCNs; annualized where needed,0,1,-1.2,False,False,False,False,False,https://www.ahrq.gov/sites/default/files/wysiwyg/chsp/compendium/chsp-compendium-2023-rev.xlsx,https://data.cms.gov/sites/default/files/2026-09/e85544f7-57ef-477e-9640-313ac0aac400/CostReport_2024_Final.csv,CMS Hospital Provider Cost Report FY2024 (periods beginning 2023-10-01..2024-09-30); file modified 2026-09-29
HSI00000059,Atlantic General Health System,MD,1,148617459.0,HCRIS FY2023 (FY2022 fallback); acute member hospitals; G-3 line 3,0,156529305.0,HCRIS FY2024 (periods beginning 2023-10-01..2024-09-30); acute member CCNs; annualized where needed,0,0,5.3,False,False,False,False,False,https://www.ahrq.gov/sites/default/files/wysiwyg/chsp/compendium/chsp-compendium-2023-rev.xlsx,https://data.cms.gov/sites/default/files/2026-09/e85544f7-57ef-477e-9640-313ac0aac400/CostReport_2024_Final.csv,CMS Hospital Provider Cost Report FY2024 (periods beginning 2023-10-01..2024-09-30); file modified 2026-09-29
HSI00000155,CalvertHealth,MD,1,149966767.0,HCRIS FY2023 (FY2022 fallback); acute member hospitals; G-3 line 3,0,167272902.0,HCRIS FY2024 (periods beginning 2023-10-01..2024-09-30); acute member CCNs; annualized where needed,0,0,11.5,False,False,False,False,False,https://www.ahrq.gov/sites/default/files/wysiwyg/chsp/compendium/chsp-compendium-2023-rev.xlsx,https://data.cms.gov/sites/default/files/2026-09/e85544f7-57ef-477e-9640-313ac0aac400/CostReport_2024_Final.csv,CMS Hospital Provider Cost Report FY2024 (periods beginning 2023-10-01..2024-09-30); file modified 2026-09-29
HSI00000380,Frederick Regional Health System,MD,1,388662670.0,HCRIS FY2023 (FY2022 fallback); acute member hospitals; G-3 line 3,0,429824085.0,HCRIS FY2024 (periods beginning 2023-10-01..2024-09-30); acute member CCNs; annualized where needed,0,0,10.6,False,False,False,False,False,https://www.ahrq.gov/sites/default/files/wysiwyg/chsp/compendium/chsp-compendium-2023-rev.xlsx,https://data.cms.gov/sites/default/files/2026-09/e85544f7-57ef-477e-9640-313ac0aac400/CostReport_2024_Final.csv,CMS Hospital Provider Cost Report FY2024 (periods beginning 2023-10-01..2024-09-30); file modified 2026-09-29
HSI00000422,GBMC Healthcare,MD,1,420265043.0,HCRIS FY2023 (FY2022 fallback); acute member hospitals; G-3 line 3,0,447576320.0,HCRIS FY2024 (periods beginning 2023-10-01..2024-09-30); acute member CCNs; annualized where needed,0,0,6.5,False,False,False,False,False,https://www.ahrq.gov/sites/default/files/wysiwyg/chsp/compendium/chsp-compendium-2023-rev.xlsx,https://data.cms.gov/sites/default/files/2026-09/e85544f7-57ef-477e-9640-313ac0aac400/CostReport_2024_Final.csv,CMS Hospital Provider Cost Report FY2024 (periods beginning 2023-10-01..2024-09-30); file modified 2026-09-29
HSI00000531,Johns Hopkins Health System,MD,6,4846432244.0,HCRIS FY2023 (FY2022 fallback); acute member hospitals; G-3 line 3,0,5702461308.0,HCRIS FY2024 (periods beginning 2023-10-01..2024-09-30); acute member CCNs; annualized where needed,0,0,17.7,False,False,False,False,False,https://www.ahrq.gov/sites/default/files/wysiwyg/chsp/compendium/chsp-compendium-2023-rev.xlsx,https://data.cms.gov/sites/default/files/2026-09/e85544f7-57ef-477e-9640-313ac0aac400/CostReport_2024_Final.csv,CMS Hospital Provider Cost Report FY2024 (periods beginning 2023-10-01..2024-09-30); file modified 2026-09-29
HSI00000582,LifeBridge Health,MD,4,1336782609.0,HCRIS FY2023 (FY2022 fallback); acute member hospitals; G-3 line 3,1,1366196154.0,HCRIS FY2024 (periods beginning 2023-10-01..2024-09-30); acute member CCNs; annualized where needed,1,0,2.2,False,True,False,False,False,https://www.ahrq.gov/sites/default/files/wysiwyg/chsp/compendium/chsp-compendium-2023-rev.xlsx,https://data.cms.gov/sites/default/files/2026-09/e85544f7-57ef-477e-9640-313ac0aac400/CostReport_2024_Final.csv,CMS Hospital Provider Cost Report FY2024 (periods beginning 2023-10-01..2024-09-30); file modified 2026-09-29
HSI00000038,Luminis Health,MD,2,845191970.0,HCRIS FY2023 (FY2022 fallback); acute member hospitals; G-3 line 3,0,970052812.0,HCRIS FY2024 (periods beginning 2023-10-01..2024-09-30); acute member CCNs; annualized where needed,0,0,14.8,False,False,False,False,False,https://www.ahrq.gov/sites/default/files/wysiwyg/chsp/compendium/chsp-compendium-2023-rev.xlsx,https://data.cms.gov/sites/default/files/2026-09/e85544f7-57ef-477e-9640-313ac0aac400/CostReport_2024_Final.csv,CMS Hospital Provider Cost Report FY2024 (periods beginning 2023-10-01..2024-09-30); file modified 2026-09-29
HSI00000640,MedStar Health,MD,9,4654339857.0,HCRIS FY2023 (FY2022 fallback); acute member hospitals; G-3 line 3,0,5499733408.0,HCRIS FY2024 (periods beginning 2023-10-01..2024-09-30); acute member CCNs; annualized where needed,0,0,18.2,False,False,False,False,False,https://www.ahrq.gov/sites/default/files/wysiwyg/chsp/compendium/chsp-compendium-2023-rev.xlsx,https://data.cms.gov/sites/default/files/2026-09/e85544f7-57ef-477e-9640-313ac0aac400/CostReport_2024_Final.csv,CMS Hospital Provider Cost Report FY2024 (periods beginning 2023-10-01..2024-09-30); file modified 2026-09-29
HSI00000663,Mercy Medical Center,MD,1,561307806.0,HCRIS FY2023 (FY2022 fallback); acute member hospitals; G-3 line 3,0,606462132.0,HCRIS FY2024 (periods beginning 2023-10-01..2024-09-30); acute member CCNs; annualized where needed,0,0,8.0,False,False,False,False,False,https://www.ahrq.gov/sites/default/files/wysiwyg/chsp/compendium/chsp-compendium-2023-rev.xlsx,https://data.cms.gov/sites/default/files/2026-09/e85544f7-57ef-477e-9640-313ac0aac400/CostReport_2024_Final.csv,CMS Hospital Provider Cost Report FY2024 (periods beginning 2023-10-01..2024-09-30); file modified 2026-09-29
HSI00000671,Meritus Health,MD,1,396207060.0,HCRIS FY2023 (FY2022 fallback); acute member hospitals; G-3 line 3,0,524509247.0,HCRIS FY2024 (periods beginning 2023-10-01..2024-09-30); acute member CCNs; annualized where needed,0,0,32.4,False,False,True,False,False,https://www.ahrq.gov/sites/default/files/wysiwyg/chsp/compendium/chsp-compendium-2023-rev.xlsx,https://data.cms.gov/sites/default/files/2026-09/e85544f7-57ef-477e-9640-313ac0aac400/CostReport_2024_Final.csv,CMS Hospital Provider Cost Report FY2024 (periods beginning 2023-10-01..2024-09-30); file modified 2026-09-29
HSI00000818,TidalHealth Peninsula Regional,MD,3,646605983.0,HCRIS FY2023 (FY2022 fallback); acute member hospitals; G-3 line 3,1,791102402.0,HCRIS FY2024 (periods beginning 2023-10-01..2024-09-30); acute member CCNs; annualized where needed,1,0,22.3,False,True,False,False,False,https://www.ahrq.gov/sites/default/files/wysiwyg/chsp/compendium/chsp-compendium-2023-rev.xlsx,https://data.cms.gov/sites/default/files/2026-09/e85544f7-57ef-477e-9640-313ac0aac400/CostReport_2024_Final.csv,CMS Hospital Provider Cost Report FY2024 (periods beginning 2023-10-01..2024-09-30); file modified 2026-09-29
HSI00001175,University of Maryland Medical System,MD,11,4215369169.0,HCRIS FY2023 (FY2022 fallback); acute member hospitals; G-3 line 3,1,4581332430.0,HCRIS FY2024 (periods beginning 2023-10-01..2024-09-30); acute member CCNs; annualized where needed,2,1,8.7,False,True,False,False,True,https://www.ahrq.gov/sites/default/files/wysiwyg/chsp/compendium/chsp-compendium-2023-rev.xlsx,https://data.cms.gov/sites/default/files/2026-09/e85544f7-57ef-477e-9640-313ac0aac400/CostReport_2024_Final.csv,CMS Hospital Provider Cost Report FY2024 (periods beginning 2023-10-01..2024-09-30); file modified 2026-09-29
HSI00000197,Central Maine Healthcare Corporation,ME,3,505155525.0,HCRIS FY2023 (FY2022 fallback); acute member hospitals; G-3 line 3,0,534839228.0,HCRIS FY2024 (periods beginning 2023-10-01..2024-09-30); acute member CCNs; annualized where needed,0,0,5.9,False,False,False,False,False,https://www.ahrq.gov/sites/default/files/wysiwyg/chsp/compendium/chsp-compendium-2023-rev.xlsx,https://data.cms.gov/sites/default/files/2026-09/e85544f7-57ef-477e-9640-313ac0aac400/CostReport_2024_Final.csv,CMS Hospital Provider Cost Report FY2024 (periods beginning 2023-10-01..2024-09-30); file modified 2026-09-29
HSI00000610,MaineGeneral Health,ME,1,559762533.0,HCRIS FY2023 (FY2022 fallback); acute member hospitals; G-3 line 3,0,652653915.0,HCRIS FY2024 (periods beginning 2023-10-01..2024-09-30); acute member CCNs; annualized where needed,0,0,16.6,False,False,False,False,False,https://www.ahrq.gov/sites/default/files/wysiwyg/chsp/compendium/chsp-compendium-2023-rev.xlsx,https://data.cms.gov/sites/default/files/2026-09/e85544f7-57ef-477e-9640-313ac0aac400/CostReport_2024_Final.csv,CMS Hospital Provider Cost Report FY2024 (periods beginning 2023-10-01..2024-09-30); file modified 2026-09-29
HSI00000611,MaineHealth,ME,9,3250671683.0,HCRIS FY2023 (FY2022 fallback); acute member hospitals; G-3 line 3,0,3798073512.0,HCRIS FY2024 (periods beginning 2023-10-01..2024-09-30); acute member CCNs; annualized where needed,0,2,16.8,False,False,False,False,False,https://www.ahrq.gov/sites/default/files/wysiwyg/chsp/compendium/chsp-compendium-2023-rev.xlsx,https://data.cms.gov/sites/default/files/2026-09/e85544f7-57ef-477e-9640-313ac0aac400/CostReport_2024_Final.csv,CMS Hospital Provider Cost Report FY2024 (periods beginning 2023-10-01..2024-09-30); file modified 2026-09-29
HSI00000330,Northern Light Health,ME,10,1755421283.0,HCRIS FY2023 (FY2022 fallback); acute member hospitals; G-3 line 3,0,1810478755.0,HCRIS FY2024 (periods beginning 2023-10-01..2024-09-30); acute member CCNs; annualized where needed,0,0,3.1,False,False,False,False,False,https://www.ahrq.gov/sites/default/files/wysiwyg/chsp/compendium/chsp-compendium-2023-rev.xlsx,https://data.cms.gov/sites/default/files/2026-09/e85544f7-57ef-477e-9640-313ac0aac400/CostReport_2024_Final.csv,CMS Hospital Provider Cost Report FY2024 (periods beginning 2023-10-01..2024-09-30); file modified 2026-09-29
HSI00001412,Redington Fairview General Hospital,ME,1,135377547.0,HCRIS FY2023 (FY2022 fallback); acute member hospitals; G-3 line 3,0,152972335.0,HCRIS FY2024 (periods beginning 2023-10-01..2024-09-30); acute member CCNs; annualized where needed,0,0,13.0,False,False,False,False,False,https://www.ahrq.gov/sites/default/files/wysiwyg/chsp/compendium/chsp-compendium-2023-rev.xlsx,https://data.cms.gov/sites/default/files/2026-09/e85544f7-57ef-477e-9640-313ac0aac400/CostReport_2024_Final.csv,CMS Hospital Provider Cost Report FY2024 (periods beginning 2023-10-01..2024-09-30); file modified 2026-09-29
HSI00001274,York Hospital,ME,1,197013972.0,HCRIS FY2023 (FY2022 fallback); acute member hospitals; G-3 line 3,0,190992593.0,HCRIS FY2024 (periods beginning 2023-10-01..2024-09-30); acute member CCNs; annualized where needed,0,0,-3.1,False,False,False,False,False,https://www.ahrq.gov/sites/default/files/wysiwyg/chsp/compendium/chsp-compendium-2023-rev.xlsx,https://data.cms.gov/sites/default/files/2026-09/e85544f7-57ef-477e-9640-313ac0aac400/CostReport_2024_Final.csv,CMS Hospital Provider Cost Report FY2024 (periods beginning 2023-10-01..2024-09-30); file modified 2026-09-29
HSI00000139,Bronson Healthcare Group,MI,4,1456909821.0,HCRIS FY2023 (FY2022 fallback); acute member hospitals; G-3 line 3,0,1625958285.0,HCRIS FY2024 (periods beginning 2023-10-01..2024-09-30); acute member CCNs; annualized where needed,0,0,11.6,False,False,False,False,False,https://www.ahrq.gov/sites/default/files/wysiwyg/chsp/compendium/chsp-compendium-2023-rev.xlsx,https://data.cms.gov/sites/default/files/2026-09/e85544f7-57ef-477e-9640-313ac0aac400/CostReport_2024_Final.csv,CMS Hospital Provider Cost Report FY2024 (periods beginning 2023-10-01..2024-09-30); file modified 2026-09-29
HSI00001021,Corewell Health,MI,22,8426810899.0,HCRIS FY2023 (FY2022 fallback); acute member hospitals; G-3 line 3,3,9326307003.0,HCRIS FY2024 (periods beginning 2023-10-01..2024-09-30); acute member CCNs; annualized where needed,3,0,10.7,False,True,False,False,False,https://www.ahrq.gov/sites/default/files/wysiwyg/chsp/compendium/chsp-compendium-2023-rev.xlsx,https://data.cms.gov/sites/default/files/2026-09/e85544f7-57ef-477e-9640-313ac0aac400/CostReport_2024_Final.csv,CMS Hospital Provider Cost Report FY2024 (periods beginning 2023-10-01..2024-09-30); file modified 2026-09-29
HSI00000288,Covenant Medical Center,MI,1,680859168.0,HCRIS FY2023 (FY2022 fallback); acute member hospitals; G-3 line 3,0,796939421.0,HCRIS FY2024 (periods beginning 2023-10-01..2024-09-30); acute member CCNs; annualized where needed,0,0,17.0,False,False,False,False,False,https://www.ahrq.gov/sites/default/files/wysiwyg/chsp/compendium/chsp-compendium-2023-rev.xlsx,https://data.cms.gov/sites/default/files/2026-09/e85544f7-57ef-477e-9640-313ac0aac400/CostReport_2024_Final.csv,CMS Hospital Provider Cost Report FY2024 (periods beginning 2023-10-01..2024-09-30); file modified 2026-09-29
HSI00000475,Henry Ford Health,MI,5,4425533332.0,HCRIS FY2023 (FY2022 fallback); acute member hospitals; G-3 line 3,0,5282082328.0,HCRIS FY2024 (periods beginning 2023-10-01..2024-09-30); acute member CCNs; annualized where needed,0,0,19.4,False,False,False,False,False,https://www.ahrq.gov/sites/default/files/wysiwyg/chsp/compendium/chsp-compendium-2023-rev.xlsx,https://data.cms.gov/sites/default/files/2026-09/e85544f7-57ef-477e-9640-313ac0aac400/CostReport_2024_Final.csv,CMS Hospital Provider Cost Report FY2024 (periods beginning 2023-10-01..2024-09-30); file modified 2026-09-29
HSI00001319,Holland Hospital,MI,1,262314826.0,HCRIS FY2023 (FY2022 fallback); acute member hospitals; G-3 line 3,0,281330792.0,HCRIS FY2024 (periods beginning 2023-10-01..2024-09-30); acute member CCNs; annualized where needed,0,0,7.2,False,False,False,False,False,https://www.ahrq.gov/sites/default/files/wysiwyg/chsp/compendium/chsp-compendium-2023-rev.xlsx,https://data.cms.gov/sites/default/files/2026-09/e85544f7-57ef-477e-9640-313ac0aac400/CostReport_2024_Final.csv,CMS Hospital Provider Cost Report FY2024 (periods beginning 2023-10-01..2024-09-30); file modified 2026-09-29
HSI00000636,McLaren Health Care Corporation,MI,11,2554080903.0,HCRIS FY2023 (FY2022 fallback); acute member hospitals; G-3 line 3,0,2781764722.0,HCRIS FY2024 (periods beginning 2023-10-01..2024-09-30); acute member CCNs; annualized where needed,0,0,8.9,False,False,False,False,False,https://www.ahrq.gov/sites/default/files/wysiwyg/chsp/compendium/chsp-compendium-2023-rev.xlsx,https://data.cms.gov/sites/default/files/2026-09/e85544f7-57ef-477e-9640-313ac0aac400/CostReport_2024_Final.csv,CMS Hospital Provider Cost Report FY2024 (periods beginning 2023-10-01..2024-09-30); file modified 2026-09-29
HSI00000652,Memorial Healthcare,MI,1,226383463.0,HCRIS FY2023 (FY2022 fallback); acute member hospitals; G-3 line 3,0,325044656.0,HCRIS FY2024 (periods beginning 2023-10-01..2024-09-30); acute member CCNs; annualized where needed,0,0,43.6,False,False,True,False,False,https://www.ahrq.gov/sites/default/files/wysiwyg/chsp/compendium/chsp-compendium-2023-rev.xlsx,https://data.cms.gov/sites/default/files/2026-09/e85544f7-57ef-477e-9640-313ac0aac400/CostReport_2024_Final.csv,CMS Hospital Provider Cost Report FY2024 (periods beginning 2023-10-01..2024-09-30); file modified 2026-09-29
HSI00000715,Munson Healthcare,MI,10,1248891162.0,HCRIS FY2023 (FY2022 fallback); acute member hospitals; G-3 line 3,2,1472658736.0,HCRIS FY2024 (periods beginning 2023-10-01..2024-09-30); acute member CCNs; annualized where needed,2,0,17.9,False,True,False,False,False,https://www.ahrq.gov/sites/default/files/wysiwyg/chsp/compendium/chsp-compendium-2023-rev.xlsx,https://data.cms.gov/sites/default/files/2026-09/e85544f7-57ef-477e-9640-313ac0aac400/CostReport_2024_Final.csv,CMS Hospital Provider Cost Report FY2024 (periods beginning 2023-10-01..2024-09-30); file modified 2026-09-29
HSI00001449,Oaklawn Hospital,MI,1,156589054.0,HCRIS FY2023 (FY2022 fallback); acute member hospitals; G-3 line 3,0,184983491.0,HCRIS FY2024 (periods beginning 2023-10-01..2024-09-30); acute member CCNs; annualized where needed,0,0,18.1,False,False,False,False,False,https://www.ahrq.gov/sites/default/files/wysiwyg/chsp/compendium/chsp-compendium-2023-rev.xlsx,https://data.cms.gov/sites/default/files/2026-09/e85544f7-57ef-477e-9640-313ac0aac400/CostReport_2024_Final.csv,CMS Hospital Provider Cost Report FY2024 (periods beginning 2023-10-01..2024-09-30); file modified 2026-09-29
HSI00001106,Trinity Health,MI,97,21478015361.0,HCRIS FY2023 (FY2022 fallback); acute member hospitals; G-3 line 3,8,24829830947.0,HCRIS FY2024 (periods beginning 2023-10-01..2024-09-30); acute member CCNs; annualized where needed,8,2,15.6,False,True,False,False,False,https://www.ahrq.gov/sites/default/files/wysiwyg/chsp/compendium/chsp-compendium-2023-rev.xlsx,https://data.cms.gov/sites/default/files/2026-09/e85544f7-57ef-477e-9640-313ac0aac400/CostReport_2024_Final.csv,CMS Hospital Provider Cost Report FY2024 (periods beginning 2023-10-01..2024-09-30); file modified 2026-09-29
HSI00000029,Allina Health,MN,12,3673942762.0,HCRIS FY2023 (FY2022 fallback); acute member hospitals; G-3 line 3,2,3859056729.0,HCRIS FY2024 (periods beginning 2023-10-01..2024-09-30); acute member CCNs; annualized where needed,2,0,5.0,False,True,False,False,False,https://www.ahrq.gov/sites/default/files/wysiwyg/chsp/compendium/chsp-compendium-2023-rev.xlsx,https://data.cms.gov/sites/default/files/2026-09/e85544f7-57ef-477e-9640-313ac0aac400/CostReport_2024_Final.csv,CMS Hospital Provider Cost Report FY2024 (periods beginning 2023-10-01..2024-09-30); file modified 2026-09-29
HSI00000193,CentraCare,MN,10,1430695521.0,HCRIS FY2023 (FY2022 fallback); acute member hospitals; G-3 line 3,1,1610898618.0,HCRIS FY2024 (periods beginning 2023-10-01..2024-09-30); acute member CCNs; annualized where needed,1,0,12.6,False,True,False,False,False,https://www.ahrq.gov/sites/default/files/wysiwyg/chsp/compendium/chsp-compendium-2023-rev.xlsx,https://data.cms.gov/sites/default/files/2026-09/e85544f7-57ef-477e-9640-313ac0aac400/CostReport_2024_Final.csv,CMS Hospital Provider Cost Report FY2024 (periods beginning 2023-10-01..2024-09-30); file modified 2026-09-29
HSI00000207,Childrens Minnesota,MN,2,1016840113.0,HCRIS FY2023 (FY2022 fallback); acute member hospitals; G-3 line 3,1,1050930414.0,HCRIS FY2024 (periods beginning 2023-10-01..2024-09-30); acute member CCNs; annualized where needed,1,0,3.4,False,True,False,False,False,https://www.ahrq.gov/sites/default/files/wysiwyg/chsp/compendium/chsp-compendium-2023-rev.xlsx,https://data.cms.gov/sites/default/files/2026-09/e85544f7-57ef-477e-9640-313ac0aac400/CostReport_2024_Final.csv,CMS Hospital Provider Cost Report FY2024 (periods beginning 2023-10-01..2024-09-30); file modified 2026-09-29
HSI00001301,Cuyuna Regional Medical Center,MN,2,180828344.0,HCRIS FY2023 (FY2022 fallback); acute member hospitals; G-3 line 3,1,193439855.0,HCRIS FY2024 (periods beginning 2023-10-01..2024-09-30); acute member CCNs; annualized where needed,1,0,7.0,False,True,False,False,False,https://www.ahrq.gov/sites/default/files/wysiwyg/chsp/compendium/chsp-compendium-2023-rev.xlsx,https://data.cms.gov/sites/default/files/2026-09/e85544f7-57ef-477e-9640-313ac0aac400/CostReport_2024_Final.csv,CMS Hospital Provider Cost Report FY2024 (periods beginning 2023-10-01..2024-09-30); file modified 2026-09-29
HSI00000350,Essentia Health,MN,18,2416962979.0,HCRIS FY2023 (FY2022 fallback); acute member hospitals; G-3 line 3,3,2816147784.0,HCRIS FY2024 (periods beginning 2023-10-01..2024-09-30); acute member CCNs; annualized where needed,3,0,16.5,False,True,False,False,False,https://www.ahrq.gov/sites/default/files/wysiwyg/chsp/compendium/chsp-compendium-2023-rev.xlsx,https://data.cms.gov/sites/default/files/2026-09/e85544f7-57ef-477e-9640-313ac0aac400/CostReport_2024_Final.csv,CMS Hospital Provider Cost Report FY2024 (periods beginning 2023-10-01..2024-09-30); file modified 2026-09-29
HSI00000357,Fairview Health Services,MN,11,4233315777.0,HCRIS FY2023 (FY2022 fallback); acute member hospitals; G-3 line 3,1,4572861652.0,HCRIS FY2024 (periods beginning 2023-10-01..2024-09-30); acute member CCNs; annualized where needed,1,0,8.0,False,True,False,False,False,https://www.ahrq.gov/sites/default/files/wysiwyg/chsp/compendium/chsp-compendium-2023-rev.xlsx,https://data.cms.gov/sites/default/files/2026-09/e85544f7-57ef-477e-9640-313ac0aac400/CostReport_2024_Final.csv,CMS Hospital Provider Cost Report FY2024 (periods beginning 2023-10-01..2024-09-30); file modified 2026-09-29
HSI00000464,HealthPartners,MN,10,2381855768.0,HCRIS FY2023 (FY2022 fallback); acute member hospitals; G-3 line 3,1,2481094604.0,HCRIS FY2024 (periods beginning 2023-10-01..2024-09-30); acute member CCNs; annualized where needed,1,0,4.2,False,True,False,False,False,https://www.ahrq.gov/sites/default/files/wysiwyg/chsp/compendium/chsp-compendium-2023-rev.xlsx,https://data.cms.gov/sites/default/files/2026-09/e85544f7-57ef-477e-9640-313ac0aac400/CostReport_2024_Final.csv,CMS Hospital Provider Cost Report FY2024 (periods beginning 2023-10-01..2024-09-30); file modified 2026-09-29
HSI00000567,Lake Region Healthcare,MN,2,156737840.0,HCRIS FY2023 (FY2022 fallback); acute member hospitals; G-3 line 3,0,174175207.0,HCRIS FY2024 (periods beginning 2023-10-01..2024-09-30); acute member CCNs; annualized where needed,0,0,11.1,False,False,False,False,False,https://www.ahrq.gov/sites/default/files/wysiwyg/chsp/compendium/chsp-compendium-2023-rev.xlsx,https://data.cms.gov/sites/default/files/2026-09/e85544f7-57ef-477e-9640-313ac0aac400/CostReport_2024_Final.csv,CMS Hospital Provider Cost Report FY2024 (periods beginning 2023-10-01..2024-09-30); file modified 2026-09-29
HSI00000631,Mayo Clinic Health System,MN,25,10758468039.0,HCRIS FY2023 (FY2022 fallback); acute member hospitals; G-3 line 3,4,11698235063.0,HCRIS FY2024 (periods beginning 2023-10-01..2024-09-30); acute member CCNs; annualized where needed,4,0,8.7,False,True,False,False,False,https://www.ahrq.gov/sites/default/files/wysiwyg/chsp/compendium/chsp-compendium-2023-rev.xlsx,https://data.cms.gov/sites/default/files/2026-09/e85544f7-57ef-477e-9640-313ac0aac400/CostReport_2024_Final.csv,CMS Hospital Provider Cost Report FY2024 (periods beginning 2023-10-01..2024-09-30); file modified 2026-09-29
HSI00000749,North Memorial Health,MN,2,853750761.0,HCRIS FY2023 (FY2022 fallback); acute member hospitals; G-3 line 3,0,929945988.0,HCRIS FY2024 (periods beginning 2023-10-01..2024-09-30); acute member CCNs; annualized where needed,0,0,8.9,False,False,False,False,False,https://www.ahrq.gov/sites/default/files/wysiwyg/chsp/compendium/chsp-compendium-2023-rev.xlsx,https://data.cms.gov/sites/default/files/2026-09/e85544f7-57ef-477e-9640-313ac0aac400/CostReport_2024_Final.csv,CMS Hospital Provider Cost Report FY2024 (periods beginning 2023-10-01..2024-09-30); file modified 2026-09-29
HSI00000789,Olmsted Medical Center,MN,1,234804057.0,HCRIS FY2023 (FY2022 fallback); acute member hospitals; G-3 line 3,0,257583149.0,HCRIS FY2024 (periods beginning 2023-10-01..2024-09-30); acute member CCNs; annualized where needed,0,0,9.7,False,False,False,False,False,https://www.ahrq.gov/sites/default/files/wysiwyg/chsp/compendium/chsp-compendium-2023-rev.xlsx,https://data.cms.gov/sites/default/files/2026-09/e85544f7-57ef-477e-9640-313ac0aac400/CostReport_2024_Final.csv,CMS Hospital Provider Cost Report FY2024 (periods beginning 2023-10-01..2024-09-30); file modified 2026-09-29
HSI00000881,Ridgeview Medical Center,MN,3,345077421.0,HCRIS FY2023 (FY2022 fallback); acute member hospitals; G-3 line 3,0,407728960.0,HCRIS FY2024 (periods beginning 2023-10-01..2024-09-30); acute member CCNs; annualized where needed,0,0,18.2,False,False,False,False,False,https://www.ahrq.gov/sites/default/files/wysiwyg/chsp/compendium/chsp-compendium-2023-rev.xlsx,https://data.cms.gov/sites/default/files/2026-09/e85544f7-57ef-477e-9640-313ac0aac400/CostReport_2024_Final.csv,CMS Hospital Provider Cost Report FY2024 (periods beginning 2023-10-01..2024-09-30); file modified 2026-09-29
HSI00000937,Saint Lukes Hospital of Duluth,MN,2,529733873.0,HCRIS FY2023 (FY2022 fallback); acute member hospitals; G-3 line 3,0,-595491298.0,HCRIS FY2024 (periods beginning 2023-10-01..2024-09-30); acute member CCNs; annualized where needed,0,2,-212.4,False,False,True,True,False,https://www.ahrq.gov/sites/default/files/wysiwyg/chsp/compendium/chsp-compendium-2023-rev.xlsx,https://data.cms.gov/sites/default/files/2026-09/e85544f7-57ef-477e-9640-313ac0aac400/CostReport_2024_Final.csv,CMS Hospital Provider Cost Report FY2024 (periods beginning 2023-10-01..2024-09-30); file modified 2026-09-29
HSI00001264,Winona Health,MN,1,99627922.0,HCRIS FY2023 (FY2022 fallback); acute member hospitals; G-3 line 3,0,102074460.0,HCRIS FY2024 (periods beginning 2023-10-01..2024-09-30); acute member CCNs; annualized where needed,0,0,2.5,False,False,False,False,False,https://www.ahrq.gov/sites/default/files/wysiwyg/chsp/compendium/chsp-compendium-2023-rev.xlsx,https://data.cms.gov/sites/default/files/2026-09/e85544f7-57ef-477e-9640-313ac0aac400/CostReport_2024_Final.csv,CMS Hospital Provider Cost Report FY2024 (periods beginning 2023-10-01..2024-09-30); file modified 2026-09-29
HSI00000055,Ascension Health,MO,104,21898168069.0,HCRIS FY2023 (FY2022 fallback); acute member hospitals; G-3 line 3,15,23875045519.0,HCRIS FY2024 (periods beginning 2023-10-01..2024-09-30); acute member CCNs; annualized where needed,16,9,9.0,False,True,False,False,True,https://www.ahrq.gov/sites/default/files/wysiwyg/chsp/compendium/chsp-compendium-2023-rev.xlsx,https://data.cms.gov/sites/default/files/2026-09/e85544f7-57ef-477e-9640-313ac0aac400/CostReport_2024_Final.csv,CMS Hospital Provider Cost Report FY2024 (periods beginning 2023-10-01..2024-09-30); file modified 2026-09-29
HSI00000070,BJC Healthcare,MO,14,6400289437.0,HCRIS FY2023 (FY2022 fallback); acute member hospitals; G-3 line 3,1,7016778842.0,HCRIS FY2024 (periods beginning 2023-10-01..2024-09-30); acute member CCNs; annualized where needed,2,0,9.6,False,True,False,False,True,https://www.ahrq.gov/sites/default/files/wysiwyg/chsp/compendium/chsp-compendium-2023-rev.xlsx,https://data.cms.gov/sites/default/files/2026-09/e85544f7-57ef-477e-9640-313ac0aac400/CostReport_2024_Final.csv,CMS Hospital Provider Cost Report FY2024 (periods beginning 2023-10-01..2024-09-30); file modified 2026-09-29
HSI00001501,Boone Hospital Center,MO,1,346527763.0,HCRIS FY2023 (FY2022 fallback); acute member hospitals; G-3 line 3,0,426067415.0,HCRIS FY2024 (periods beginning 2023-10-01..2024-09-30); acute member CCNs; annualized where needed,0,0,23.0,False,False,False,False,False,https://www.ahrq.gov/sites/default/files/wysiwyg/chsp/compendium/chsp-compendium-2023-rev.xlsx,https://data.cms.gov/sites/default/files/2026-09/e85544f7-57ef-477e-9640-313ac0aac400/CostReport_2024_Final.csv,CMS Hospital Provider Cost Report FY2024 (periods beginning 2023-10-01..2024-09-30); file modified 2026-09-29
HSI00000290,CoxHealth,MO,4,1883163248.0,HCRIS FY2023 (FY2022 fallback); acute member hospitals; G-3 line 3,0,2052899889.0,HCRIS FY2024 (periods beginning 2023-10-01..2024-09-30); acute member CCNs; annualized where needed,0,0,9.0,False,False,False,False,False,https://www.ahrq.gov/sites/default/files/wysiwyg/chsp/compendium/chsp-compendium-2023-rev.xlsx,https://data.cms.gov/sites/default/files/2026-09/e85544f7-57ef-477e-9640-313ac0aac400/CostReport_2024_Final.csv,CMS Hospital Provider Cost Report FY2024 (periods beginning 2023-10-01..2024-09-30); file modified 2026-09-29
HSI00000381,Freeman Health System,MO,2,620461020.0,HCRIS FY2023 (FY2022 fallback); acute member hospitals; G-3 line 3,0,647306403.0,HCRIS FY2024 (periods beginning 2023-10-01..2024-09-30); acute member CCNs; annualized where needed,0,0,4.3,False,False,False,False,False,https://www.ahrq.gov/sites/default/files/wysiwyg/chsp/compendium/chsp-compendium-2023-rev.xlsx,https://data.cms.gov/sites/default/files/2026-09/e85544f7-57ef-477e-9640-313ac0aac400/CostReport_2024_Final.csv,CMS Hospital Provider Cost Report FY2024 (periods beginning 2023-10-01..2024-09-30); file modified 2026-09-29
HSI00000445,Hannibal Regional Healthcare System,MO,1,245128764.0,HCRIS FY2023 (FY2022 fallback); acute member hospitals; G-3 line 3,0,273576127.0,HCRIS FY2024 (periods beginning 2023-10-01..2024-09-30); acute member CCNs; annualized where needed,0,0,11.6,False,False,False,False,False,https://www.ahrq.gov/sites/default/files/wysiwyg/chsp/compendium/chsp-compendium-2023-rev.xlsx,https://data.cms.gov/sites/default/files/2026-09/e85544f7-57ef-477e-9640-313ac0aac400/CostReport_2024_Final.csv,CMS Hospital Provider Cost Report FY2024 (periods beginning 2023-10-01..2024-09-30); file modified 2026-09-29
HSI00000568,Lake Regional Health System,MO,1,226828585.0,HCRIS FY2023 (FY2022 fallback); acute member hospitals; G-3 line 3,0,,HCRIS FY2024 (periods beginning 2023-10-01..2024-09-30); acute member CCNs; annualized where needed,1,0,,False,True,False,False,True,https://www.ahrq.gov/sites/default/files/wysiwyg/chsp/compendium/chsp-compendium-2023-rev.xlsx,https://data.cms.gov/sites/default/files/2026-09/e85544f7-57ef-477e-9640-313ac0aac400/CostReport_2024_Final.csv,CMS Hospital Provider Cost Report FY2024 (periods beginning 2023-10-01..2024-09-30); file modified 2026-09-29
HSI00000660,Mercy,MO,37,6020353706.0,HCRIS FY2023 (FY2022 fallback); acute member hospitals; G-3 line 3,2,7295541597.0,HCRIS FY2024 (periods beginning 2023-10-01..2024-09-30); acute member CCNs; annualized where needed,3,1,21.2,False,True,False,True,True,https://www.ahrq.gov/sites/default/files/wysiwyg/chsp/compendium/chsp-compendium-2023-rev.xlsx,https://data.cms.gov/sites/default/files/2026-09/e85544f7-57ef-477e-9640-313ac0aac400/CostReport_2024_Final.csv,CMS Hospital Provider Cost Report FY2024 (periods beginning 2023-10-01..2024-09-30); file modified 2026-09-29
HSI00000694,Missouri Delta Medical Center,MO,1,126008629.0,HCRIS FY2023 (FY2022 fallback); acute member hospitals; G-3 line 3,0,149107186.0,HCRIS FY2024 (periods beginning 2023-10-01..2024-09-30); acute member CCNs; annualized where needed,0,0,18.3,False,False,False,False,False,https://www.ahrq.gov/sites/default/files/wysiwyg/chsp/compendium/chsp-compendium-2023-rev.xlsx,https://data.cms.gov/sites/default/files/2026-09/e85544f7-57ef-477e-9640-313ac0aac400/CostReport_2024_Final.csv,CMS Hospital Provider Cost Report FY2024 (periods beginning 2023-10-01..2024-09-30); file modified 2026-09-29
HSI00000705,Mosaic Life Care,MO,4,797074250.0,HCRIS FY2023 (FY2022 fallback); acute member hospitals; G-3 line 3,0,917897450.0,HCRIS FY2024 (periods beginning 2023-10-01..2024-09-30); acute member CCNs; annualized where needed,0,1,15.2,False,False,False,False,False,https://www.ahrq.gov/sites/default/files/wysiwyg/chsp/compendium/chsp-compendium-2023-rev.xlsx,https://data.cms.gov/sites/default/files/2026-09/e85544f7-57ef-477e-9640-313ac0aac400/CostReport_2024_Final.csv,CMS Hospital Provider Cost Report FY2024 (periods beginning 2023-10-01..2024-09-30); file modified 2026-09-29
HSI00001529,Ozarks Healthcare,MO,1,145776145.0,HCRIS FY2023 (FY2022 fallback); acute member hospitals; G-3 line 3,0,171800956.0,HCRIS FY2024 (periods beginning 2023-10-01..2024-09-30); acute member CCNs; annualized where needed,0,0,17.9,False,False,False,False,False,https://www.ahrq.gov/sites/default/files/wysiwyg/chsp/compendium/chsp-compendium-2023-rev.xlsx,https://data.cms.gov/sites/default/files/2026-09/e85544f7-57ef-477e-9640-313ac0aac400/CostReport_2024_Final.csv,CMS Hospital Provider Cost Report FY2024 (periods beginning 2023-10-01..2024-09-30); file modified 2026-09-29
HSI00000902,SSM Health,MO,37,6090214413.0,HCRIS FY2023 (FY2022 fallback); acute member hospitals; G-3 line 3,5,6718259874.0,HCRIS FY2024 (periods beginning 2023-10-01..2024-09-30); acute member CCNs; annualized where needed,5,0,10.3,False,True,False,False,False,https://www.ahrq.gov/sites/default/files/wysiwyg/chsp/compendium/chsp-compendium-2023-rev.xlsx,https://data.cms.gov/sites/default/files/2026-09/e85544f7-57ef-477e-9640-313ac0aac400/CostReport_2024_Final.csv,CMS Hospital Provider Cost Report FY2024 (periods beginning 2023-10-01..2024-09-30); file modified 2026-09-29
HSI00000920,Saint Francis Healthcare System,MO,1,556597323.0,HCRIS FY2023 (FY2022 fallback); acute member hospitals; G-3 line 3,0,634848878.0,HCRIS FY2024 (periods beginning 2023-10-01..2024-09-30); acute member CCNs; annualized where needed,0,0,14.1,False,False,False,False,False,https://www.ahrq.gov/sites/default/files/wysiwyg/chsp/compendium/chsp-compendium-2023-rev.xlsx,https://data.cms.gov/sites/default/files/2026-09/e85544f7-57ef-477e-9640-313ac0aac400/CostReport_2024_Final.csv,CMS Hospital Provider Cost Report FY2024 (periods beginning 2023-10-01..2024-09-30); file modified 2026-09-29
HSI00000933,Saint Lukes Episcopal Presbyterian Hospital,MO,2,651443761.0,HCRIS FY2023 (FY2022 fallback); acute member hospitals; G-3 line 3,0,638062372.0,HCRIS FY2024 (periods beginning 2023-10-01..2024-09-30); acute member CCNs; annualized where needed,0,1,-2.1,False,False,False,False,False,https://www.ahrq.gov/sites/default/files/wysiwyg/chsp/compendium/chsp-compendium-2023-rev.xlsx,https://data.cms.gov/sites/default/files/2026-09/e85544f7-57ef-477e-9640-313ac0aac400/CostReport_2024_Final.csv,CMS Hospital Provider Cost Report FY2024 (periods beginning 2023-10-01..2024-09-30); file modified 2026-09-29
HSI00000935,Saint Lukes Health System,MO,9,1757451301.0,HCRIS FY2023 (FY2022 fallback); acute member hospitals; G-3 line 3,1,1945612094.0,HCRIS FY2024 (periods beginning 2023-10-01..2024-09-30); acute member CCNs; annualized where needed,1,0,10.7,False,True,False,False,False,https://www.ahrq.gov/sites/default/files/wysiwyg/chsp/compendium/chsp-compendium-2023-rev.xlsx,https://data.cms.gov/sites/default/files/2026-09/e85544f7-57ef-477e-9640-313ac0aac400/CostReport_2024_Final.csv,CMS Hospital Provider Cost Report FY2024 (periods beginning 2023-10-01..2024-09-30); file modified 2026-09-29
HSI00001007,Southeast Health,MO,2,350096758.0,HCRIS FY2023 (FY2022 fallback); acute member hospitals; G-3 line 3,0,359181075.0,HCRIS FY2024 (periods beginning 2023-10-01..2024-09-30); acute member CCNs; annualized where needed,0,0,2.6,False,False,False,False,False,https://www.ahrq.gov/sites/default/files/wysiwyg/chsp/compendium/chsp-compendium-2023-rev.xlsx,https://data.cms.gov/sites/default/files/2026-09/e85544f7-57ef-477e-9640-313ac0aac400/CostReport_2024_Final.csv,CMS Hospital Provider Cost Report FY2024 (periods beginning 2023-10-01..2024-09-30); file modified 2026-09-29
HSI00001076,The Childrens Mercy Hospital,MO,2,1549883138.0,HCRIS FY2023 (FY2022 fallback); acute member hospitals; G-3 line 3,0,1726834755.0,HCRIS FY2024 (periods beginning 2023-10-01..2024-09-30); acute member CCNs; annualized where needed,0,0,11.4,False,False,False,False,False,https://www.ahrq.gov/sites/default/files/wysiwyg/chsp/compendium/chsp-compendium-2023-rev.xlsx,https://data.cms.gov/sites/default/files/2026-09/e85544f7-57ef-477e-9640-313ac0aac400/CostReport_2024_Final.csv,CMS Hospital Provider Cost Report FY2024 (periods beginning 2023-10-01..2024-09-30); file modified 2026-09-29
HSI00001110,University Health,MO,2,699595147.0,HCRIS FY2023 (FY2022 fallback); acute member hospitals; G-3 line 3,0,883766648.0,HCRIS FY2024 (periods beginning 2023-10-01..2024-09-30); acute member CCNs; annualized where needed,0,0,26.3,False,False,True,False,False,https://www.ahrq.gov/sites/default/files/wysiwyg/chsp/compendium/chsp-compendium-2023-rev.xlsx,https://data.cms.gov/sites/default/files/2026-09/e85544f7-57ef-477e-9640-313ac0aac400/CostReport_2024_Final.csv,CMS Hospital Provider Cost Report FY2024 (periods beginning 2023-10-01..2024-09-30); file modified 2026-09-29
HSI00000034,Anderson Regional Health System,MS,2,247778747.0,HCRIS FY2023 (FY2022 fallback); acute member hospitals; G-3 line 3,0,265327075.0,HCRIS FY2024 (periods beginning 2023-10-01..2024-09-30); acute member CCNs; annualized where needed,0,0,7.1,False,False,False,False,False,https://www.ahrq.gov/sites/default/files/wysiwyg/chsp/compendium/chsp-compendium-2023-rev.xlsx,https://data.cms.gov/sites/default/files/2026-09/e85544f7-57ef-477e-9640-313ac0aac400/CostReport_2024_Final.csv,CMS Hospital Provider Cost Report FY2024 (periods beginning 2023-10-01..2024-09-30); file modified 2026-09-29
HSI00000750,North Mississippi Health Services,MS,7,968273770.0,HCRIS FY2023 (FY2022 fallback); acute member hospitals; G-3 line 3,0,1109847666.0,HCRIS FY2024 (periods beginning 2023-10-01..2024-09-30); acute member CCNs; annualized where needed,0,0,14.6,False,False,False,False,False,https://www.ahrq.gov/sites/default/files/wysiwyg/chsp/compendium/chsp-compendium-2023-rev.xlsx,https://data.cms.gov/sites/default/files/2026-09/e85544f7-57ef-477e-9640-313ac0aac400/CostReport_2024_Final.csv,CMS Hospital Provider Cost Report FY2024 (periods beginning 2023-10-01..2024-09-30); file modified 2026-09-29
HSI00000107,Benefis Health System,MT,3,574592780.0,HCRIS FY2023 (FY2022 fallback); acute member hospitals; G-3 line 3,0,640759091.0,HCRIS FY2024 (periods beginning 2023-10-01..2024-09-30); acute member CCNs; annualized where needed,0,0,11.5,False,False,False,False,False,https://www.ahrq.gov/sites/default/files/wysiwyg/chsp/compendium/chsp-compendium-2023-rev.xlsx,https://data.cms.gov/sites/default/files/2026-09/e85544f7-57ef-477e-9640-313ac0aac400/CostReport_2024_Final.csv,CMS Hospital Provider Cost Report FY2024 (periods beginning 2023-10-01..2024-09-30); file modified 2026-09-29
HSI00000114,Billings Clinic,MT,13,1090917393.0,HCRIS FY2023 (FY2022 fallback); acute member hospitals; G-3 line 3,5,1166238893.0,HCRIS FY2024 (periods beginning 2023-10-01..2024-09-30); acute member CCNs; annualized where needed,5,0,6.9,False,True,False,False,False,https://www.ahrq.gov/sites/default/files/wysiwyg/chsp/compendium/chsp-compendium-2023-rev.xlsx,https://data.cms.gov/sites/default/files/2026-09/e85544f7-57ef-477e-9640-313ac0aac400/CostReport_2024_Final.csv,CMS Hospital Provider Cost Report FY2024 (periods beginning 2023-10-01..2024-09-30); file modified 2026-09-29
HSI00000613,Bitterroot Health,MT,1,107610836.0,HCRIS FY2023 (FY2022 fallback); acute member hospitals; G-3 line 3,0,130318019.0,HCRIS FY2024 (periods beginning 2023-10-01..2024-09-30); acute member CCNs; annualized where needed,0,0,21.1,False,False,False,False,False,https://www.ahrq.gov/sites/default/files/wysiwyg/chsp/compendium/chsp-compendium-2023-rev.xlsx,https://data.cms.gov/sites/default/files/2026-09/e85544f7-57ef-477e-9640-313ac0aac400/CostReport_2024_Final.csv,CMS Hospital Provider Cost Report FY2024 (periods beginning 2023-10-01..2024-09-30); file modified 2026-09-29
HSI00000135,Bozeman Deaconess Hospital,MT,1,413499189.0,HCRIS FY2023 (FY2022 fallback); acute member hospitals; G-3 line 3,0,515651492.0,HCRIS FY2024 (periods beginning 2023-10-01..2024-09-30); acute member CCNs; annualized where needed,0,0,24.7,False,False,False,False,False,https://www.ahrq.gov/sites/default/files/wysiwyg/chsp/compendium/chsp-compendium-2023-rev.xlsx,https://data.cms.gov/sites/default/files/2026-09/e85544f7-57ef-477e-9640-313ac0aac400/CostReport_2024_Final.csv,CMS Hospital Provider Cost Report FY2024 (periods beginning 2023-10-01..2024-09-30); file modified 2026-09-29
HSI00000538,Logan Health,MT,5,728337093.0,HCRIS FY2023 (FY2022 fallback); acute member hospitals; G-3 line 3,0,782862563.0,HCRIS FY2024 (periods beginning 2023-10-01..2024-09-30); acute member CCNs; annualized where needed,0,0,7.5,False,False,False,False,False,https://www.ahrq.gov/sites/default/files/wysiwyg/chsp/compendium/chsp-compendium-2023-rev.xlsx,https://data.cms.gov/sites/default/files/2026-09/e85544f7-57ef-477e-9640-313ac0aac400/CostReport_2024_Final.csv,CMS Hospital Provider Cost Report FY2024 (periods beginning 2023-10-01..2024-09-30); file modified 2026-09-29
HSI00000943,Saint Peters Health,MT,1,289249142.0,HCRIS FY2023 (FY2022 fallback); acute member hospitals; G-3 line 3,0,334401790.0,HCRIS FY2024 (periods beginning 2023-10-01..2024-09-30); acute member CCNs; annualized where needed,0,0,15.6,False,False,False,False,False,https://www.ahrq.gov/sites/default/files/wysiwyg/chsp/compendium/chsp-compendium-2023-rev.xlsx,https://data.cms.gov/sites/default/files/2026-09/e85544f7-57ef-477e-9640-313ac0aac400/CostReport_2024_Final.csv,CMS Hospital Provider Cost Report FY2024 (periods beginning 2023-10-01..2024-09-30); file modified 2026-09-29
HSI00001526,Advocate Health,NC,53,22368381601.0,HCRIS FY2023 (FY2022 fallback); acute member hospitals; G-3 line 3,5,23669186711.0,HCRIS FY2024 (periods beginning 2023-10-01..2024-09-30); acute member CCNs; annualized where needed,5,1,5.8,False,True,False,False,False,https://www.ahrq.gov/sites/default/files/wysiwyg/chsp/compendium/chsp-compendium-2023-rev.xlsx,https://data.cms.gov/sites/default/files/2026-09/e85544f7-57ef-477e-9640-313ac0aac400/CostReport_2024_Final.csv,CMS Hospital Provider Cost Report FY2024 (periods beginning 2023-10-01..2024-09-30); file modified 2026-09-29
HSI00000171,Caromont Health System,NC,1,641793587.0,HCRIS FY2023 (FY2022 fallback); acute member hospitals; G-3 line 3,0,822685423.0,HCRIS FY2024 (periods beginning 2023-10-01..2024-09-30); acute member CCNs; annualized where needed,0,0,28.2,False,False,True,False,False,https://www.ahrq.gov/sites/default/files/wysiwyg/chsp/compendium/chsp-compendium-2023-rev.xlsx,https://data.cms.gov/sites/default/files/2026-09/e85544f7-57ef-477e-9640-313ac0aac400/CostReport_2024_Final.csv,CMS Hospital Provider Cost Report FY2024 (periods beginning 2023-10-01..2024-09-30); file modified 2026-09-29
HSI00000263,Cone Health,NC,3,1672470635.0,HCRIS FY2023 (FY2022 fallback); acute member hospitals; G-3 line 3,1,2031887817.0,HCRIS FY2024 (periods beginning 2023-10-01..2024-09-30); acute member CCNs; annualized where needed,1,0,21.5,False,True,False,False,False,https://www.ahrq.gov/sites/default/files/wysiwyg/chsp/compendium/chsp-compendium-2023-rev.xlsx,https://data.cms.gov/sites/default/files/2026-09/e85544f7-57ef-477e-9640-313ac0aac400/CostReport_2024_Final.csv,CMS Hospital Provider Cost Report FY2024 (periods beginning 2023-10-01..2024-09-30); file modified 2026-09-29
HSI00000323,Duke University Health System,NC,3,4260582264.0,HCRIS FY2023 (FY2022 fallback); acute member hospitals; G-3 line 3,0,5382737360.0,HCRIS FY2024 (periods beginning 2023-10-01..2024-09-30); acute member CCNs; annualized where needed,1,0,26.3,False,True,True,False,True,https://www.ahrq.gov/sites/default/files/wysiwyg/chsp/compendium/chsp-compendium-2023-rev.xlsx,https://data.cms.gov/sites/default/files/2026-09/e85544f7-57ef-477e-9640-313ac0aac400/CostReport_2024_Final.csv,CMS Hospital Provider Cost Report FY2024 (periods beginning 2023-10-01..2024-09-30); file modified 2026-09-29
HSI00001230,ECU Health,NC,9,2106516050.0,HCRIS FY2023 (FY2022 fallback); acute member hospitals; G-3 line 3,1,2391665800.0,HCRIS FY2024 (periods beginning 2023-10-01..2024-09-30); acute member CCNs; annualized where needed,1,0,13.5,False,True,False,False,False,https://www.ahrq.gov/sites/default/files/wysiwyg/chsp/compendium/chsp-compendium-2023-rev.xlsx,https://data.cms.gov/sites/default/files/2026-09/e85544f7-57ef-477e-9640-313ac0aac400/CostReport_2024_Final.csv,CMS Hospital Provider Cost Report FY2024 (periods beginning 2023-10-01..2024-09-30); file modified 2026-09-29
HSI00000365,FirstHealth of the Carolinas,NC,3,926850008.0,HCRIS FY2023 (FY2022 fallback); acute member hospitals; G-3 line 3,1,922585972.0,HCRIS FY2024 (periods beginning 2023-10-01..2024-09-30); acute member CCNs; annualized where needed,1,0,-0.5,False,True,False,False,False,https://www.ahrq.gov/sites/default/files/wysiwyg/chsp/compendium/chsp-compendium-2023-rev.xlsx,https://data.cms.gov/sites/default/files/2026-09/e85544f7-57ef-477e-9640-313ac0aac400/CostReport_2024_Final.csv,CMS Hospital Provider Cost Report FY2024 (periods beginning 2023-10-01..2024-09-30); file modified 2026-09-29
HSI00000518,Iredell Health System,NC,1,244411504.0,HCRIS FY2023 (FY2022 fallback); acute member hospitals; G-3 line 3,0,261240869.0,HCRIS FY2024 (periods beginning 2023-10-01..2024-09-30); acute member CCNs; annualized where needed,0,0,6.9,False,False,False,False,False,https://www.ahrq.gov/sites/default/files/wysiwyg/chsp/compendium/chsp-compendium-2023-rev.xlsx,https://data.cms.gov/sites/default/files/2026-09/e85544f7-57ef-477e-9640-313ac0aac400/CostReport_2024_Final.csv,CMS Hospital Provider Cost Report FY2024 (periods beginning 2023-10-01..2024-09-30); file modified 2026-09-29
HSI00000773,Novant Health,NC,12,6337106095.0,HCRIS FY2023 (FY2022 fallback); acute member hospitals; G-3 line 3,0,7598415615.0,HCRIS FY2024 (periods beginning 2023-10-01..2024-09-30); acute member CCNs; annualized where needed,0,0,19.9,False,False,False,False,False,https://www.ahrq.gov/sites/default/files/wysiwyg/chsp/compendium/chsp-compendium-2023-rev.xlsx,https://data.cms.gov/sites/default/files/2026-09/e85544f7-57ef-477e-9640-313ac0aac400/CostReport_2024_Final.csv,CMS Hospital Provider Cost Report FY2024 (periods beginning 2023-10-01..2024-09-30); file modified 2026-09-29
HSI00001236,WakeMed Health and Hospitals,NC,2,1673846596.0,HCRIS FY2023 (FY2022 fallback); acute member hospitals; G-3 line 3,0,1849156183.0,HCRIS FY2024 (periods beginning 2023-10-01..2024-09-30); acute member CCNs; annualized where needed,0,0,10.5,False,False,False,False,False,https://www.ahrq.gov/sites/default/files/wysiwyg/chsp/compendium/chsp-compendium-2023-rev.xlsx,https://data.cms.gov/sites/default/files/2026-09/e85544f7-57ef-477e-9640-313ac0aac400/CostReport_2024_Final.csv,CMS Hospital Provider Cost Report FY2024 (periods beginning 2023-10-01..2024-09-30); file modified 2026-09-29
HSI00000032,Altru Health System,ND,1,606228574.0,HCRIS FY2023 (FY2022 fallback); acute member hospitals; G-3 line 3,0,620323960.0,HCRIS FY2024 (periods beginning 2023-10-01..2024-09-30); acute member CCNs; annualized where needed,0,0,2.3,False,False,False,False,False,https://www.ahrq.gov/sites/default/files/wysiwyg/chsp/compendium/chsp-compendium-2023-rev.xlsx,https://data.cms.gov/sites/default/files/2026-09/e85544f7-57ef-477e-9640-313ac0aac400/CostReport_2024_Final.csv,CMS Hospital Provider Cost Report FY2024 (periods beginning 2023-10-01..2024-09-30); file modified 2026-09-29
HSI00001107,Trinity Health,ND,2,465452333.0,HCRIS FY2023 (FY2022 fallback); acute member hospitals; G-3 line 3,0,500156398.0,HCRIS FY2024 (periods beginning 2023-10-01..2024-09-30); acute member CCNs; annualized where needed,0,0,7.5,False,False,False,False,False,https://www.ahrq.gov/sites/default/files/wysiwyg/chsp/compendium/chsp-compendium-2023-rev.xlsx,https://data.cms.gov/sites/default/files/2026-09/e85544f7-57ef-477e-9640-313ac0aac400/CostReport_2024_Final.csv,CMS Hospital Provider Cost Report FY2024 (periods beginning 2023-10-01..2024-09-30); file modified 2026-09-29
HSI00000360,Boys Town National Research Hospital,NE,1,173147816.0,HCRIS FY2023 (FY2022 fallback); acute member hospitals; G-3 line 3,0,202647915.0,HCRIS FY2024 (periods beginning 2023-10-01..2024-09-30); acute member CCNs; annualized where needed,0,0,17.0,False,False,False,False,False,https://www.ahrq.gov/sites/default/files/wysiwyg/chsp/compendium/chsp-compendium-2023-rev.xlsx,https://data.cms.gov/sites/default/files/2026-09/e85544f7-57ef-477e-9640-313ac0aac400/CostReport_2024_Final.csv,CMS Hospital Provider Cost Report FY2024 (periods beginning 2023-10-01..2024-09-30); file modified 2026-09-29
HSI00000143,Bryan Health,NE,8,1131072924.0,HCRIS FY2023 (FY2022 fallback); acute member hospitals; G-3 line 3,2,1228190654.0,HCRIS FY2024 (periods beginning 2023-10-01..2024-09-30); acute member CCNs; annualized where needed,2,0,8.6,False,True,False,False,False,https://www.ahrq.gov/sites/default/files/wysiwyg/chsp/compendium/chsp-compendium-2023-rev.xlsx,https://data.cms.gov/sites/default/files/2026-09/e85544f7-57ef-477e-9640-313ac0aac400/CostReport_2024_Final.csv,CMS Hospital Provider Cost Report FY2024 (periods beginning 2023-10-01..2024-09-30); file modified 2026-09-29
HSI00000213,Childrens Hospital and Medical Center,NE,1,501071414.0,HCRIS FY2023 (FY2022 fallback); acute member hospitals; G-3 line 3,0,709726525.0,HCRIS FY2024 (periods beginning 2023-10-01..2024-09-30); acute member CCNs; annualized where needed,0,0,41.6,False,False,True,False,False,https://www.ahrq.gov/sites/default/files/wysiwyg/chsp/compendium/chsp-compendium-2023-rev.xlsx,https://data.cms.gov/sites/default/files/2026-09/e85544f7-57ef-477e-9640-313ac0aac400/CostReport_2024_Final.csv,CMS Hospital Provider Cost Report FY2024 (periods beginning 2023-10-01..2024-09-30); file modified 2026-09-29
HSI00000358,Faith Regional Health Services,NE,4,220090975.0,HCRIS FY2023 (FY2022 fallback); acute member hospitals; G-3 line 3,0,237927373.0,HCRIS FY2024 (periods beginning 2023-10-01..2024-09-30); acute member CCNs; annualized where needed,0,0,8.1,False,False,False,False,False,https://www.ahrq.gov/sites/default/files/wysiwyg/chsp/compendium/chsp-compendium-2023-rev.xlsx,https://data.cms.gov/sites/default/files/2026-09/e85544f7-57ef-477e-9640-313ac0aac400/CostReport_2024_Final.csv,CMS Hospital Provider Cost Report FY2024 (periods beginning 2023-10-01..2024-09-30); file modified 2026-09-29
HSI00000753,Great Plains Health,NE,1,287745271.0,HCRIS FY2023 (FY2022 fallback); acute member hospitals; G-3 line 3,0,,HCRIS FY2024 (periods beginning 2023-10-01..2024-09-30); acute member CCNs; annualized where needed,1,0,,False,True,False,False,True,https://www.ahrq.gov/sites/default/files/wysiwyg/chsp/compendium/chsp-compendium-2023-rev.xlsx,https://data.cms.gov/sites/default/files/2026-09/e85544f7-57ef-477e-9640-313ac0aac400/CostReport_2024_Final.csv,CMS Hospital Provider Cost Report FY2024 (periods beginning 2023-10-01..2024-09-30); file modified 2026-09-29
HSI00000623,Mary Lanning Healthcare,NE,1,200043551.0,HCRIS FY2023 (FY2022 fallback); acute member hospitals; G-3 line 3,0,213688953.0,HCRIS FY2024 (periods beginning 2023-10-01..2024-09-30); acute member CCNs; annualized where needed,0,0,6.8,False,False,False,False,False,https://www.ahrq.gov/sites/default/files/wysiwyg/chsp/compendium/chsp-compendium-2023-rev.xlsx,https://data.cms.gov/sites/default/files/2026-09/e85544f7-57ef-477e-9640-313ac0aac400/CostReport_2024_Final.csv,CMS Hospital Provider Cost Report FY2024 (periods beginning 2023-10-01..2024-09-30); file modified 2026-09-29
HSI00000672,Methodist Health System,NE,3,962865224.0,HCRIS FY2023 (FY2022 fallback); acute member hospitals; G-3 line 3,0,1007052175.0,HCRIS FY2024 (periods beginning 2023-10-01..2024-09-30); acute member CCNs; annualized where needed,0,0,4.6,False,False,False,False,False,https://www.ahrq.gov/sites/default/files/wysiwyg/chsp/compendium/chsp-compendium-2023-rev.xlsx,https://data.cms.gov/sites/default/files/2026-09/e85544f7-57ef-477e-9640-313ac0aac400/CostReport_2024_Final.csv,CMS Hospital Provider Cost Report FY2024 (periods beginning 2023-10-01..2024-09-30); file modified 2026-09-29
HSI00000871,Regional West Health Services,NE,3,228021514.0,HCRIS FY2023 (FY2022 fallback); acute member hospitals; G-3 line 3,1,246287264.0,HCRIS FY2024 (periods beginning 2023-10-01..2024-09-30); acute member CCNs; annualized where needed,1,1,8.0,False,True,False,False,False,https://www.ahrq.gov/sites/default/files/wysiwyg/chsp/compendium/chsp-compendium-2023-rev.xlsx,https://data.cms.gov/sites/default/files/2026-09/e85544f7-57ef-477e-9640-313ac0aac400/CostReport_2024_Final.csv,CMS Hospital Provider Cost Report FY2024 (periods beginning 2023-10-01..2024-09-30); file modified 2026-09-29
HSI00001085,The Nebraska Medical Center,NE,3,1588789597.0,HCRIS FY2023 (FY2022 fallback); acute member hospitals; G-3 line 3,0,2021535687.0,HCRIS FY2024 (periods beginning 2023-10-01..2024-09-30); acute member CCNs; annualized where needed,0,0,27.2,False,False,True,False,False,https://www.ahrq.gov/sites/default/files/wysiwyg/chsp/compendium/chsp-compendium-2023-rev.xlsx,https://data.cms.gov/sites/default/files/2026-09/e85544f7-57ef-477e-9640-313ac0aac400/CostReport_2024_Final.csv,CMS Hospital Provider Cost Report FY2024 (periods beginning 2023-10-01..2024-09-30); file modified 2026-09-29
HSI00000165,Capital Region Health Care,NH,3,731500246.0,HCRIS FY2023 (FY2022 fallback); acute member hospitals; G-3 line 3,0,774762087.0,HCRIS FY2024 (periods beginning 2023-10-01..2024-09-30); acute member CCNs; annualized where needed,0,0,5.9,False,False,False,False,False,https://www.ahrq.gov/sites/default/files/wysiwyg/chsp/compendium/chsp-compendium-2023-rev.xlsx,https://data.cms.gov/sites/default/files/2026-09/e85544f7-57ef-477e-9640-313ac0aac400/CostReport_2024_Final.csv,CMS Hospital Provider Cost Report FY2024 (periods beginning 2023-10-01..2024-09-30); file modified 2026-09-29
HSI00000188,Catholic Medical Center,NH,1,480789746.0,HCRIS FY2023 (FY2022 fallback); acute member hospitals; G-3 line 3,0,463428721.0,HCRIS FY2024 (periods beginning 2023-10-01..2024-09-30); acute member CCNs; annualized where needed,0,0,-3.6,False,False,False,False,False,https://www.ahrq.gov/sites/default/files/wysiwyg/chsp/compendium/chsp-compendium-2023-rev.xlsx,https://data.cms.gov/sites/default/files/2026-09/e85544f7-57ef-477e-9640-313ac0aac400/CostReport_2024_Final.csv,CMS Hospital Provider Cost Report FY2024 (periods beginning 2023-10-01..2024-09-30); file modified 2026-09-29
HSI00000299,Dartmouth-Hitchcock,NH,8,2217922733.0,HCRIS FY2023 (FY2022 fallback); acute member hospitals; G-3 line 3,0,2805813110.0,HCRIS FY2024 (periods beginning 2023-10-01..2024-09-30); acute member CCNs; annualized where needed,0,0,26.5,False,False,True,False,False,https://www.ahrq.gov/sites/default/files/wysiwyg/chsp/compendium/chsp-compendium-2023-rev.xlsx,https://data.cms.gov/sites/default/files/2026-09/e85544f7-57ef-477e-9640-313ac0aac400/CostReport_2024_Final.csv,CMS Hospital Provider Cost Report FY2024 (periods beginning 2023-10-01..2024-09-30); file modified 2026-09-29
HSI00000355,Exeter Health Resources,NH,1,295623876.0,HCRIS FY2023 (FY2022 fallback); acute member hospitals; G-3 line 3,0,304938905.0,HCRIS FY2024 (periods beginning 2023-10-01..2024-09-30); acute member CCNs; annualized where needed,0,0,3.2,False,False,False,False,False,https://www.ahrq.gov/sites/default/files/wysiwyg/chsp/compendium/chsp-compendium-2023-rev.xlsx,https://data.cms.gov/sites/default/files/2026-09/e85544f7-57ef-477e-9640-313ac0aac400/CostReport_2024_Final.csv,CMS Hospital Provider Cost Report FY2024 (periods beginning 2023-10-01..2024-09-30); file modified 2026-09-29
HSI00001447,North Country Healthcare,NH,3,166810522.0,HCRIS FY2023 (FY2022 fallback); acute member hospitals; G-3 line 3,1,160857548.0,HCRIS FY2024 (periods beginning 2023-10-01..2024-09-30); acute member CCNs; annualized where needed,1,0,-3.6,False,True,False,False,False,https://www.ahrq.gov/sites/default/files/wysiwyg/chsp/compendium/chsp-compendium-2023-rev.xlsx,https://data.cms.gov/sites/default/files/2026-09/e85544f7-57ef-477e-9640-313ac0aac400/CostReport_2024_Final.csv,CMS Hospital Provider Cost Report FY2024 (periods beginning 2023-10-01..2024-09-30); file modified 2026-09-29
HSI00000338,Solutionhealth,NH,2,953793592.0,HCRIS FY2023 (FY2022 fallback); acute member hospitals; G-3 line 3,0,1088940186.0,HCRIS FY2024 (periods beginning 2023-10-01..2024-09-30); acute member CCNs; annualized where needed,0,0,14.2,False,False,False,False,False,https://www.ahrq.gov/sites/default/files/wysiwyg/chsp/compendium/chsp-compendium-2023-rev.xlsx,https://data.cms.gov/sites/default/files/2026-09/e85544f7-57ef-477e-9640-313ac0aac400/CostReport_2024_Final.csv,CMS Hospital Provider Cost Report FY2024 (periods beginning 2023-10-01..2024-09-30); file modified 2026-09-29
HSI00001369,AtlantiCare,NJ,1,836274659.0,HCRIS FY2023 (FY2022 fallback); acute member hospitals; G-3 line 3,0,862209738.0,HCRIS FY2024 (periods beginning 2023-10-01..2024-09-30); acute member CCNs; annualized where needed,0,0,3.1,False,False,False,False,False,https://www.ahrq.gov/sites/default/files/wysiwyg/chsp/compendium/chsp-compendium-2023-rev.xlsx,https://data.cms.gov/sites/default/files/2026-09/e85544f7-57ef-477e-9640-313ac0aac400/CostReport_2024_Final.csv,CMS Hospital Provider Cost Report FY2024 (periods beginning 2023-10-01..2024-09-30); file modified 2026-09-29
HSI00000060,Atlantic Health System,NJ,5,3399656618.0,HCRIS FY2023 (FY2022 fallback); acute member hospitals; G-3 line 3,0,3743973894.0,HCRIS FY2024 (periods beginning 2023-10-01..2024-09-30); acute member CCNs; annualized where needed,0,0,10.1,False,False,False,False,False,https://www.ahrq.gov/sites/default/files/wysiwyg/chsp/compendium/chsp-compendium-2023-rev.xlsx,https://data.cms.gov/sites/default/files/2026-09/e85544f7-57ef-477e-9640-313ac0aac400/CostReport_2024_Final.csv,CMS Hospital Provider Cost Report FY2024 (periods beginning 2023-10-01..2024-09-30); file modified 2026-09-29
HSI00001396,Cape Regional Health System,NJ,1,130402745.0,HCRIS FY2023 (FY2022 fallback); acute member hospitals; G-3 line 3,0,134033053.0,HCRIS FY2024 (periods beginning 2023-10-01..2024-09-30); acute member CCNs; annualized where needed,0,0,2.8,False,False,False,False,False,https://www.ahrq.gov/sites/default/files/wysiwyg/chsp/compendium/chsp-compendium-2023-rev.xlsx,https://data.cms.gov/sites/default/files/2026-09/e85544f7-57ef-477e-9640-313ac0aac400/CostReport_2024_Final.csv,CMS Hospital Provider Cost Report FY2024 (periods beginning 2023-10-01..2024-09-30); file modified 2026-09-29
HSI00000164,Capital Health System,NJ,2,1329494907.0,HCRIS FY2023 (FY2022 fallback); acute member hospitals; G-3 line 3,0,1198378911.0,HCRIS FY2024 (periods beginning 2023-10-01..2024-09-30); acute member CCNs; annualized where needed,0,0,-9.9,False,False,False,False,False,https://www.ahrq.gov/sites/default/files/wysiwyg/chsp/compendium/chsp-compendium-2023-rev.xlsx,https://data.cms.gov/sites/default/files/2026-09/e85544f7-57ef-477e-9640-313ac0aac400/CostReport_2024_Final.csv,CMS Hospital Provider Cost Report FY2024 (periods beginning 2023-10-01..2024-09-30); file modified 2026-09-29
HSI00000194,Centrastate Healthcare System,NJ,1,307776553.0,HCRIS FY2023 (FY2022 fallback); acute member hospitals; G-3 line 3,0,380309433.0,HCRIS FY2024 (periods beginning 2023-10-01..2024-09-30); acute member CCNs; annualized where needed,0,0,23.6,False,False,False,False,False,https://www.ahrq.gov/sites/default/files/wysiwyg/chsp/compendium/chsp-compendium-2023-rev.xlsx,https://data.cms.gov/sites/default/files/2026-09/e85544f7-57ef-477e-9640-313ac0aac400/CostReport_2024_Final.csv,CMS Hospital Provider Cost Report FY2024 (periods beginning 2023-10-01..2024-09-30); file modified 2026-09-29
HSI00001079,Cooper University Health Care,NJ,1,1608952000.0,HCRIS FY2023 (FY2022 fallback); acute member hospitals; G-3 line 3,0,1759165369.0,HCRIS FY2024 (periods beginning 2023-10-01..2024-09-30); acute member CCNs; annualized where needed,0,0,9.3,False,False,False,False,False,https://www.ahrq.gov/sites/default/files/wysiwyg/chsp/compendium/chsp-compendium-2023-rev.xlsx,https://data.cms.gov/sites/default/files/2026-09/e85544f7-57ef-477e-9640-313ac0aac400/CostReport_2024_Final.csv,CMS Hospital Provider Cost Report FY2024 (periods beginning 2023-10-01..2024-09-30); file modified 2026-09-29
HSI00001442,Englewood Health,NJ,1,1062660425.0,HCRIS FY2023 (FY2022 fallback); acute member hospitals; G-3 line 3,0,1162115092.0,HCRIS FY2024 (periods beginning 2023-10-01..2024-09-30); acute member CCNs; annualized where needed,0,0,9.4,False,False,False,False,False,https://www.ahrq.gov/sites/default/files/wysiwyg/chsp/compendium/chsp-compendium-2023-rev.xlsx,https://data.cms.gov/sites/default/files/2026-09/e85544f7-57ef-477e-9640-313ac0aac400/CostReport_2024_Final.csv,CMS Hospital Provider Cost Report FY2024 (periods beginning 2023-10-01..2024-09-30); file modified 2026-09-29
HSI00000439,Hackensack Meridian Health,NJ,10,6382999921.0,HCRIS FY2023 (FY2022 fallback); acute member hospitals; G-3 line 3,1,7057878437.0,HCRIS FY2024 (periods beginning 2023-10-01..2024-09-30); acute member CCNs; annualized where needed,1,0,10.6,False,True,False,False,False,https://www.ahrq.gov/sites/default/files/wysiwyg/chsp/compendium/chsp-compendium-2023-rev.xlsx,https://data.cms.gov/sites/default/files/2026-09/e85544f7-57ef-477e-9640-313ac0aac400/CostReport_2024_Final.csv,CMS Hospital Provider Cost Report FY2024 (periods beginning 2023-10-01..2024-09-30); file modified 2026-09-29
HSI00001389,Holy Name Medical Center,NJ,1,493379973.0,HCRIS FY2023 (FY2022 fallback); acute member hospitals; G-3 line 3,0,558679584.0,HCRIS FY2024 (periods beginning 2023-10-01..2024-09-30); acute member CCNs; annualized where needed,0,0,13.2,False,False,False,False,False,https://www.ahrq.gov/sites/default/files/wysiwyg/chsp/compendium/chsp-compendium-2023-rev.xlsx,https://data.cms.gov/sites/default/files/2026-09/e85544f7-57ef-477e-9640-313ac0aac400/CostReport_2024_Final.csv,CMS Hospital Provider Cost Report FY2024 (periods beginning 2023-10-01..2024-09-30); file modified 2026-09-29
HSI00000502,Hunterdon Healthcare System,NJ,1,392337764.0,HCRIS FY2023 (FY2022 fallback); acute member hospitals; G-3 line 3,0,422498810.0,HCRIS FY2024 (periods beginning 2023-10-01..2024-09-30); acute member CCNs; annualized where needed,0,0,7.7,False,False,False,False,False,https://www.ahrq.gov/sites/default/files/wysiwyg/chsp/compendium/chsp-compendium-2023-rev.xlsx,https://data.cms.gov/sites/default/files/2026-09/e85544f7-57ef-477e-9640-313ac0aac400/CostReport_2024_Final.csv,CMS Hospital Provider Cost Report FY2024 (periods beginning 2023-10-01..2024-09-30); file modified 2026-09-29
HSI00000514,Inspira Health Network,NJ,4,1054852552.0,HCRIS FY2023 (FY2022 fallback); acute member hospitals; G-3 line 3,1,1117846242.0,HCRIS FY2024 (periods beginning 2023-10-01..2024-09-30); acute member CCNs; annualized where needed,2,0,6.0,False,True,False,False,True,https://www.ahrq.gov/sites/default/files/wysiwyg/chsp/compendium/chsp-compendium-2023-rev.xlsx,https://data.cms.gov/sites/default/files/2026-09/e85544f7-57ef-477e-9640-313ac0aac400/CostReport_2024_Final.csv,CMS Hospital Provider Cost Report FY2024 (periods beginning 2023-10-01..2024-09-30); file modified 2026-09-29
HSI00000863,RWJBarnabas Health,NJ,14,6695462887.0,HCRIS FY2023 (FY2022 fallback); acute member hospitals; G-3 line 3,0,7360981170.0,HCRIS FY2024 (periods beginning 2023-10-01..2024-09-30); acute member CCNs; annualized where needed,1,0,9.9,False,True,False,False,True,https://www.ahrq.gov/sites/default/files/wysiwyg/chsp/compendium/chsp-compendium-2023-rev.xlsx,https://data.cms.gov/sites/default/files/2026-09/e85544f7-57ef-477e-9640-313ac0aac400/CostReport_2024_Final.csv,CMS Hospital Provider Cost Report FY2024 (periods beginning 2023-10-01..2024-09-30); file modified 2026-09-29
HSI00000929,Saint Josephs Health,NJ,2,832108365.0,HCRIS FY2023 (FY2022 fallback); acute member hospitals; G-3 line 3,1,933410711.0,HCRIS FY2024 (periods beginning 2023-10-01..2024-09-30); acute member CCNs; annualized where needed,1,0,12.2,False,True,False,False,False,https://www.ahrq.gov/sites/default/files/wysiwyg/chsp/compendium/chsp-compendium-2023-rev.xlsx,https://data.cms.gov/sites/default/files/2026-09/e85544f7-57ef-477e-9640-313ac0aac400/CostReport_2024_Final.csv,CMS Hospital Provider Cost Report FY2024 (periods beginning 2023-10-01..2024-09-30); file modified 2026-09-29
HSI00000942,Saint Peters Healthcare System,NJ,1,549344505.0,HCRIS FY2023 (FY2022 fallback); acute member hospitals; G-3 line 3,0,589061302.0,HCRIS FY2024 (periods beginning 2023-10-01..2024-09-30); acute member CCNs; annualized where needed,0,0,7.2,False,False,False,False,False,https://www.ahrq.gov/sites/default/files/wysiwyg/chsp/compendium/chsp-compendium-2023-rev.xlsx,https://data.cms.gov/sites/default/files/2026-09/e85544f7-57ef-477e-9640-313ac0aac400/CostReport_2024_Final.csv,CMS Hospital Provider Cost Report FY2024 (periods beginning 2023-10-01..2024-09-30); file modified 2026-09-29
HSI00001532,Shore Physicians Group,NJ,1,247528189.0,HCRIS FY2023 (FY2022 fallback); acute member hospitals; G-3 line 3,0,250669894.0,HCRIS FY2024 (periods beginning 2023-10-01..2024-09-30); acute member CCNs; annualized where needed,0,0,1.3,False,False,False,False,False,https://www.ahrq.gov/sites/default/files/wysiwyg/chsp/compendium/chsp-compendium-2023-rev.xlsx,https://data.cms.gov/sites/default/files/2026-09/e85544f7-57ef-477e-9640-313ac0aac400/CostReport_2024_Final.csv,CMS Hospital Provider Cost Report FY2024 (periods beginning 2023-10-01..2024-09-30); file modified 2026-09-29
HSI00001218,Valley Health System,NJ,1,1024442467.0,HCRIS FY2023 (FY2022 fallback); acute member hospitals; G-3 line 3,0,1089526146.0,HCRIS FY2024 (periods beginning 2023-10-01..2024-09-30); acute member CCNs; annualized where needed,0,0,6.4,False,False,False,False,False,https://www.ahrq.gov/sites/default/files/wysiwyg/chsp/compendium/chsp-compendium-2023-rev.xlsx,https://data.cms.gov/sites/default/files/2026-09/e85544f7-57ef-477e-9640-313ac0aac400/CostReport_2024_Final.csv,CMS Hospital Provider Cost Report FY2024 (periods beginning 2023-10-01..2024-09-30); file modified 2026-09-29
HSI00001233,Virtua Health,NJ,5,2017054711.0,HCRIS FY2023 (FY2022 fallback); acute member hospitals; G-3 line 3,1,2256066534.0,HCRIS FY2024 (periods beginning 2023-10-01..2024-09-30); acute member CCNs; annualized where needed,1,0,11.8,False,True,False,False,False,https://www.ahrq.gov/sites/default/files/wysiwyg/chsp/compendium/chsp-compendium-2023-rev.xlsx,https://data.cms.gov/sites/default/files/2026-09/e85544f7-57ef-477e-9640-313ac0aac400/CostReport_2024_Final.csv,CMS Hospital Provider Cost Report FY2024 (periods beginning 2023-10-01..2024-09-30); file modified 2026-09-29
HSI00000394,Gerald Champion Regional Medical Center,NM,1,245946571.0,HCRIS FY2023 (FY2022 fallback); acute member hospitals; G-3 line 3,0,323328171.0,HCRIS FY2024 (periods beginning 2023-10-01..2024-09-30); acute member CCNs; annualized where needed,0,0,31.5,False,False,True,False,False,https://www.ahrq.gov/sites/default/files/wysiwyg/chsp/compendium/chsp-compendium-2023-rev.xlsx,https://data.cms.gov/sites/default/files/2026-09/e85544f7-57ef-477e-9640-313ac0aac400/CostReport_2024_Final.csv,CMS Hospital Provider Cost Report FY2024 (periods beginning 2023-10-01..2024-09-30); file modified 2026-09-29
HSI00000843,Presbyterian Healthcare Services,NM,9,1933309042.0,HCRIS FY2023 (FY2022 fallback); acute member hospitals; G-3 line 3,2,2339157978.0,HCRIS FY2024 (periods beginning 2023-10-01..2024-09-30); acute member CCNs; annualized where needed,2,0,21.0,False,True,False,False,False,https://www.ahrq.gov/sites/default/files/wysiwyg/chsp/compendium/chsp-compendium-2023-rev.xlsx,https://data.cms.gov/sites/default/files/2026-09/e85544f7-57ef-477e-9640-313ac0aac400/CostReport_2024_Final.csv,CMS Hospital Provider Cost Report FY2024 (periods beginning 2023-10-01..2024-09-30); file modified 2026-09-29
HSI00000956,San Juan Regional Medical Center,NM,1,346932388.0,HCRIS FY2023 (FY2022 fallback); acute member hospitals; G-3 line 3,0,367938584.0,HCRIS FY2024 (periods beginning 2023-10-01..2024-09-30); acute member CCNs; annualized where needed,0,0,6.1,False,False,False,False,False,https://www.ahrq.gov/sites/default/files/wysiwyg/chsp/compendium/chsp-compendium-2023-rev.xlsx,https://data.cms.gov/sites/default/files/2026-09/e85544f7-57ef-477e-9640-313ac0aac400/CostReport_2024_Final.csv,CMS Hospital Provider Cost Report FY2024 (periods beginning 2023-10-01..2024-09-30); file modified 2026-09-29
HSI00000178,Carson Tahoe Health,NV,1,359182636.0,HCRIS FY2023 (FY2022 fallback); acute member hospitals; G-3 line 3,0,419840412.0,HCRIS FY2024 (periods beginning 2023-10-01..2024-09-30); acute member CCNs; annualized where needed,0,0,16.9,False,False,False,False,False,https://www.ahrq.gov/sites/default/files/wysiwyg/chsp/compendium/chsp-compendium-2023-rev.xlsx,https://data.cms.gov/sites/default/files/2026-09/e85544f7-57ef-477e-9640-313ac0aac400/CostReport_2024_Final.csv,CMS Hospital Provider Cost Report FY2024 (periods beginning 2023-10-01..2024-09-30); file modified 2026-09-29
HSI00000874,Renown Health,NV,2,1098864687.0,HCRIS FY2023 (FY2022 fallback); acute member hospitals; G-3 line 3,1,1510003258.0,HCRIS FY2024 (periods beginning 2023-10-01..2024-09-30); acute member CCNs; annualized where needed,0,0,37.4,False,True,True,False,True,https://www.ahrq.gov/sites/default/files/wysiwyg/chsp/compendium/chsp-compendium-2023-rev.xlsx,https://data.cms.gov/sites/default/files/2026-09/e85544f7-57ef-477e-9640-313ac0aac400/CostReport_2024_Final.csv,CMS Hospital Provider Cost Report FY2024 (periods beginning 2023-10-01..2024-09-30); file modified 2026-09-29
HSI00000019,Albany Medical Center,NY,2,1674703576.0,HCRIS FY2023 (FY2022 fallback); acute member hospitals; G-3 line 3,0,1709870023.0,HCRIS FY2024 (periods beginning 2023-10-01..2024-09-30); acute member CCNs; annualized where needed,0,0,2.1,False,False,False,False,False,https://www.ahrq.gov/sites/default/files/wysiwyg/chsp/compendium/chsp-compendium-2023-rev.xlsx,https://data.cms.gov/sites/default/files/2026-09/e85544f7-57ef-477e-9640-313ac0aac400/CostReport_2024_Final.csv,CMS Hospital Provider Cost Report FY2024 (periods beginning 2023-10-01..2024-09-30); file modified 2026-09-29
HSI00000052,Arnot Health,NY,3,328076798.0,HCRIS FY2023 (FY2022 fallback); acute member hospitals; G-3 line 3,1,392300568.0,HCRIS FY2024 (periods beginning 2023-10-01..2024-09-30); acute member CCNs; annualized where needed,1,0,19.6,False,True,False,False,False,https://www.ahrq.gov/sites/default/files/wysiwyg/chsp/compendium/chsp-compendium-2023-rev.xlsx,https://data.cms.gov/sites/default/files/2026-09/e85544f7-57ef-477e-9640-313ac0aac400/CostReport_2024_Final.csv,CMS Hospital Provider Cost Report FY2024 (periods beginning 2023-10-01..2024-09-30); file modified 2026-09-29
HSI00001283,Auburn Community Hospital,NY,1,141092496.0,HCRIS FY2023 (FY2022 fallback); acute member hospitals; G-3 line 3,0,175655718.0,HCRIS FY2024 (periods beginning 2023-10-01..2024-09-30); acute member CCNs; annualized where needed,0,0,24.5,False,False,False,False,False,https://www.ahrq.gov/sites/default/files/wysiwyg/chsp/compendium/chsp-compendium-2023-rev.xlsx,https://data.cms.gov/sites/default/files/2026-09/e85544f7-57ef-477e-9640-313ac0aac400/CostReport_2024_Final.csv,CMS Hospital Provider Cost Report FY2024 (periods beginning 2023-10-01..2024-09-30); file modified 2026-09-29
HSI00000087,Bassett Healthcare Network,NY,5,710966419.0,HCRIS FY2023 (FY2022 fallback); acute member hospitals; G-3 line 3,0,901064933.0,HCRIS FY2024 (periods beginning 2023-10-01..2024-09-30); acute member CCNs; annualized where needed,0,0,26.7,False,False,True,False,False,https://www.ahrq.gov/sites/default/files/wysiwyg/chsp/compendium/chsp-compendium-2023-rev.xlsx,https://data.cms.gov/sites/default/files/2026-09/e85544f7-57ef-477e-9640-313ac0aac400/CostReport_2024_Final.csv,CMS Hospital Provider Cost Report FY2024 (periods beginning 2023-10-01..2024-09-30); file modified 2026-09-29
HSI00000140,BronxCare Health System,NY,1,871269556.0,HCRIS FY2023 (FY2022 fallback); acute member hospitals; G-3 line 3,0,983263032.0,HCRIS FY2024 (periods beginning 2023-10-01..2024-09-30); acute member CCNs; annualized where needed,0,0,12.9,False,False,False,False,False,https://www.ahrq.gov/sites/default/files/wysiwyg/chsp/compendium/chsp-compendium-2023-rev.xlsx,https://data.cms.gov/sites/default/files/2026-09/e85544f7-57ef-477e-9640-313ac0aac400/CostReport_2024_Final.csv,CMS Hospital Provider Cost Report FY2024 (periods beginning 2023-10-01..2024-09-30); file modified 2026-09-29
HSI00001288,Brookdale University Hospital And Medical Center,NY,1,680306497.0,HCRIS FY2023 (FY2022 fallback); acute member hospitals; G-3 line 3,0,739267568.0,HCRIS FY2024 (periods beginning 2023-10-01..2024-09-30); acute member CCNs; annualized where needed,0,0,8.7,False,False,False,False,False,https://www.ahrq.gov/sites/default/files/wysiwyg/chsp/compendium/chsp-compendium-2023-rev.xlsx,https://data.cms.gov/sites/default/files/2026-09/e85544f7-57ef-477e-9640-313ac0aac400/CostReport_2024_Final.csv,CMS Hospital Provider Cost Report FY2024 (periods beginning 2023-10-01..2024-09-30); file modified 2026-09-29
HSI00000186,Catholic Health,NY,6,2587604508.0,HCRIS FY2023 (FY2022 fallback); acute member hospitals; G-3 line 3,0,2774021738.0,HCRIS FY2024 (periods beginning 2023-10-01..2024-09-30); acute member CCNs; annualized where needed,0,0,7.2,False,False,False,False,False,https://www.ahrq.gov/sites/default/files/wysiwyg/chsp/compendium/chsp-compendium-2023-rev.xlsx,https://data.cms.gov/sites/default/files/2026-09/e85544f7-57ef-477e-9640-313ac0aac400/CostReport_2024_Final.csv,CMS Hospital Provider Cost Report FY2024 (periods beginning 2023-10-01..2024-09-30); file modified 2026-09-29
HSI00001430,Catholic Health Systems,NY,5,1102141213.0,HCRIS FY2023 (FY2022 fallback); acute member hospitals; G-3 line 3,0,1268450667.0,HCRIS FY2024 (periods beginning 2023-10-01..2024-09-30); acute member CCNs; annualized where needed,0,0,15.1,False,False,False,False,False,https://www.ahrq.gov/sites/default/files/wysiwyg/chsp/compendium/chsp-compendium-2023-rev.xlsx,https://data.cms.gov/sites/default/files/2026-09/e85544f7-57ef-477e-9640-313ac0aac400/CostReport_2024_Final.csv,CMS Hospital Provider Cost Report FY2024 (periods beginning 2023-10-01..2024-09-30); file modified 2026-09-29
HSI00000189,Cayuga Medical Center,NY,2,303402454.0,HCRIS FY2023 (FY2022 fallback); acute member hospitals; G-3 line 3,1,402820465.0,HCRIS FY2024 (periods beginning 2023-10-01..2024-09-30); acute member CCNs; annualized where needed,0,0,32.8,False,True,True,False,True,https://www.ahrq.gov/sites/default/files/wysiwyg/chsp/compendium/chsp-compendium-2023-rev.xlsx,https://data.cms.gov/sites/default/files/2026-09/e85544f7-57ef-477e-9640-313ac0aac400/CostReport_2024_Final.csv,CMS Hospital Provider Cost Report FY2024 (periods beginning 2023-10-01..2024-09-30); file modified 2026-09-29
HSI00000236,Columbia Memorial Health,NY,1,129707715.0,HCRIS FY2023 (FY2022 fallback); acute member hospitals; G-3 line 3,0,156210885.0,HCRIS FY2024 (periods beginning 2023-10-01..2024-09-30); acute member CCNs; annualized where needed,0,0,20.4,False,False,False,False,False,https://www.ahrq.gov/sites/default/files/wysiwyg/chsp/compendium/chsp-compendium-2023-rev.xlsx,https://data.cms.gov/sites/default/files/2026-09/e85544f7-57ef-477e-9640-313ac0aac400/CostReport_2024_Final.csv,CMS Hospital Provider Cost Report FY2024 (periods beginning 2023-10-01..2024-09-30); file modified 2026-09-29
HSI00001386,Crouse Health System,NY,1,533777689.0,HCRIS FY2023 (FY2022 fallback); acute member hospitals; G-3 line 3,0,556154947.0,HCRIS FY2024 (periods beginning 2023-10-01..2024-09-30); acute member CCNs; annualized where needed,0,0,4.2,False,False,False,False,False,https://www.ahrq.gov/sites/default/files/wysiwyg/chsp/compendium/chsp-compendium-2023-rev.xlsx,https://data.cms.gov/sites/default/files/2026-09/e85544f7-57ef-477e-9640-313ac0aac400/CostReport_2024_Final.csv,CMS Hospital Provider Cost Report FY2024 (periods beginning 2023-10-01..2024-09-30); file modified 2026-09-29
HSI00000339,Ellis Medicine,NY,2,401432172.0,HCRIS FY2023 (FY2022 fallback); acute member hospitals; G-3 line 3,1,435312734.0,HCRIS FY2024 (periods beginning 2023-10-01..2024-09-30); acute member CCNs; annualized where needed,1,0,8.4,False,True,False,False,False,https://www.ahrq.gov/sites/default/files/wysiwyg/chsp/compendium/chsp-compendium-2023-rev.xlsx,https://data.cms.gov/sites/default/files/2026-09/e85544f7-57ef-477e-9640-313ac0aac400/CostReport_2024_Final.csv,CMS Hospital Provider Cost Report FY2024 (periods beginning 2023-10-01..2024-09-30); file modified 2026-09-29
HSI00000347,Episcopal Health Services,NY,1,238874000.0,HCRIS FY2023 (FY2022 fallback); acute member hospitals; G-3 line 3,0,257538498.0,HCRIS FY2024 (periods beginning 2023-10-01..2024-09-30); acute member CCNs; annualized where needed,0,0,7.8,False,False,False,False,False,https://www.ahrq.gov/sites/default/files/wysiwyg/chsp/compendium/chsp-compendium-2023-rev.xlsx,https://data.cms.gov/sites/default/files/2026-09/e85544f7-57ef-477e-9640-313ac0aac400/CostReport_2024_Final.csv,CMS Hospital Provider Cost Report FY2024 (periods beginning 2023-10-01..2024-09-30); file modified 2026-09-29
HSI00000362,Finger Lakes Regional Health System,NY,2,145485873.0,HCRIS FY2023 (FY2022 fallback); acute member hospitals; G-3 line 3,0,169559220.0,HCRIS FY2024 (periods beginning 2023-10-01..2024-09-30); acute member CCNs; annualized where needed,0,0,16.5,False,False,False,False,False,https://www.ahrq.gov/sites/default/files/wysiwyg/chsp/compendium/chsp-compendium-2023-rev.xlsx,https://data.cms.gov/sites/default/files/2026-09/e85544f7-57ef-477e-9640-313ac0aac400/CostReport_2024_Final.csv,CMS Hospital Provider Cost Report FY2024 (periods beginning 2023-10-01..2024-09-30); file modified 2026-09-29
HSI00000423,Garnet Health,NY,3,653970977.0,HCRIS FY2023 (FY2022 fallback); acute member hospitals; G-3 line 3,0,730218016.0,HCRIS FY2024 (periods beginning 2023-10-01..2024-09-30); acute member CCNs; annualized where needed,0,0,11.7,False,False,False,False,False,https://www.ahrq.gov/sites/default/files/wysiwyg/chsp/compendium/chsp-compendium-2023-rev.xlsx,https://data.cms.gov/sites/default/files/2026-09/e85544f7-57ef-477e-9640-313ac0aac400/CostReport_2024_Final.csv,CMS Hospital Provider Cost Report FY2024 (periods beginning 2023-10-01..2024-09-30); file modified 2026-09-29
HSI00000401,Glens Falls Hospital,NY,1,363748525.0,HCRIS FY2023 (FY2022 fallback); acute member hospitals; G-3 line 3,0,424301463.0,HCRIS FY2024 (periods beginning 2023-10-01..2024-09-30); acute member CCNs; annualized where needed,0,0,16.6,False,False,False,False,False,https://www.ahrq.gov/sites/default/files/wysiwyg/chsp/compendium/chsp-compendium-2023-rev.xlsx,https://data.cms.gov/sites/default/files/2026-09/e85544f7-57ef-477e-9640-313ac0aac400/CostReport_2024_Final.csv,CMS Hospital Provider Cost Report FY2024 (periods beginning 2023-10-01..2024-09-30); file modified 2026-09-29
HSI00000515,Interfaith Medical Center,NY,1,,HCRIS FY2023 (FY2022 fallback); acute member hospitals; G-3 line 3,1,,HCRIS FY2024 (periods beginning 2023-10-01..2024-09-30); acute member CCNs; annualized where needed,1,0,,True,True,False,False,False,https://www.ahrq.gov/sites/default/files/wysiwyg/chsp/compendium/chsp-compendium-2023-rev.xlsx,https://data.cms.gov/sites/default/files/2026-09/e85544f7-57ef-477e-9640-313ac0aac400/CostReport_2024_Final.csv,CMS Hospital Provider Cost Report FY2024 (periods beginning 2023-10-01..2024-09-30); file modified 2026-09-29
HSI00000537,Kaleida Health,NY,4,1710307175.0,HCRIS FY2023 (FY2022 fallback); acute member hospitals; G-3 line 3,1,1941983576.0,HCRIS FY2024 (periods beginning 2023-10-01..2024-09-30); acute member CCNs; annualized where needed,1,0,13.5,False,True,False,False,False,https://www.ahrq.gov/sites/default/files/wysiwyg/chsp/compendium/chsp-compendium-2023-rev.xlsx,https://data.cms.gov/sites/default/files/2026-09/e85544f7-57ef-477e-9640-313ac0aac400/CostReport_2024_Final.csv,CMS Hospital Provider Cost Report FY2024 (periods beginning 2023-10-01..2024-09-30); file modified 2026-09-29
HSI00000642,Medisys Health Network,NY,2,1027920756.0,HCRIS FY2023 (FY2022 fallback); acute member hospitals; G-3 line 3,0,1086333488.0,HCRIS FY2024 (periods beginning 2023-10-01..2024-09-30); acute member CCNs; annualized where needed,0,0,5.7,False,False,False,False,False,https://www.ahrq.gov/sites/default/files/wysiwyg/chsp/compendium/chsp-compendium-2023-rev.xlsx,https://data.cms.gov/sites/default/files/2026-09/e85544f7-57ef-477e-9640-313ac0aac400/CostReport_2024_Final.csv,CMS Hospital Provider Cost Report FY2024 (periods beginning 2023-10-01..2024-09-30); file modified 2026-09-29
HSI00000697,Mohawk Valley Health System,NY,1,413478743.0,HCRIS FY2023 (FY2022 fallback); acute member hospitals; G-3 line 3,0,620428859.0,HCRIS FY2024 (periods beginning 2023-10-01..2024-09-30); acute member CCNs; annualized where needed,0,0,50.1,False,False,True,False,False,https://www.ahrq.gov/sites/default/files/wysiwyg/chsp/compendium/chsp-compendium-2023-rev.xlsx,https://data.cms.gov/sites/default/files/2026-09/e85544f7-57ef-477e-9640-313ac0aac400/CostReport_2024_Final.csv,CMS Hospital Provider Cost Report FY2024 (periods beginning 2023-10-01..2024-09-30); file modified 2026-09-29
HSI00000700,Montefiore Medical Center,NY,7,5475947995.0,HCRIS FY2023 (FY2022 fallback); acute member hospitals; G-3 line 3,1,6528364932.0,HCRIS FY2024 (periods beginning 2023-10-01..2024-09-30); acute member CCNs; annualized where needed,1,0,19.2,False,True,False,True,False,https://www.ahrq.gov/sites/default/files/wysiwyg/chsp/compendium/chsp-compendium-2023-rev.xlsx,https://data.cms.gov/sites/default/files/2026-09/e85544f7-57ef-477e-9640-313ac0aac400/CostReport_2024_Final.csv,CMS Hospital Provider Cost Report FY2024 (periods beginning 2023-10-01..2024-09-30); file modified 2026-09-29
HSI00000711,Mount Sinai Health System,NY,4,8458357995.0,HCRIS FY2023 (FY2022 fallback); acute member hospitals; G-3 line 3,0,6502514783.0,HCRIS FY2024 (periods beginning 2023-10-01..2024-09-30); acute member CCNs; annualized where needed,0,0,-23.1,False,False,False,True,False,https://www.ahrq.gov/sites/default/files/wysiwyg/chsp/compendium/chsp-compendium-2023-rev.xlsx,https://data.cms.gov/sites/default/files/2026-09/e85544f7-57ef-477e-9640-313ac0aac400/CostReport_2024_Final.csv,CMS Hospital Provider Cost Report FY2024 (periods beginning 2023-10-01..2024-09-30); file modified 2026-09-29
HSI00000717,NYU Langone Health,NY,4,7505770169.0,HCRIS FY2023 (FY2022 fallback); acute member hospitals; G-3 line 3,2,,HCRIS FY2024 (periods beginning 2023-10-01..2024-09-30); acute member CCNs; annualized where needed,4,0,,False,True,False,False,True,https://www.ahrq.gov/sites/default/files/wysiwyg/chsp/compendium/chsp-compendium-2023-rev.xlsx,https://data.cms.gov/sites/default/files/2026-09/e85544f7-57ef-477e-9640-313ac0aac400/CostReport_2024_Final.csv,CMS Hospital Provider Cost Report FY2024 (periods beginning 2023-10-01..2024-09-30); file modified 2026-09-29
HSI00000731,New York Presbyterian Healthcare System,NY,7,10592554644.0,HCRIS FY2023 (FY2022 fallback); acute member hospitals; G-3 line 3,4,11453397826.0,HCRIS FY2024 (periods beginning 2023-10-01..2024-09-30); acute member CCNs; annualized where needed,4,0,8.1,False,True,False,False,False,https://www.ahrq.gov/sites/default/files/wysiwyg/chsp/compendium/chsp-compendium-2023-rev.xlsx,https://data.cms.gov/sites/default/files/2026-09/e85544f7-57ef-477e-9640-313ac0aac400/CostReport_2024_Final.csv,CMS Hospital Provider Cost Report FY2024 (periods beginning 2023-10-01..2024-09-30); file modified 2026-09-29
HSI00000737,Niagara Falls Memorial Medical Center,NY,1,90885078.0,HCRIS FY2023 (FY2022 fallback); acute member hospitals; G-3 line 3,0,97517747.0,HCRIS FY2024 (periods beginning 2023-10-01..2024-09-30); acute member CCNs; annualized where needed,0,0,7.3,False,False,False,False,False,https://www.ahrq.gov/sites/default/files/wysiwyg/chsp/compendium/chsp-compendium-2023-rev.xlsx,https://data.cms.gov/sites/default/files/2026-09/e85544f7-57ef-477e-9640-313ac0aac400/CostReport_2024_Final.csv,CMS Hospital Provider Cost Report FY2024 (periods beginning 2023-10-01..2024-09-30); file modified 2026-09-29
HSI00000767,Northwell Health,NY,18,13534973554.0,HCRIS FY2023 (FY2022 fallback); acute member hospitals; G-3 line 3,2,16008905901.0,HCRIS FY2024 (periods beginning 2023-10-01..2024-09-30); acute member CCNs; annualized where needed,2,0,18.3,False,True,False,True,False,https://www.ahrq.gov/sites/default/files/wysiwyg/chsp/compendium/chsp-compendium-2023-rev.xlsx,https://data.cms.gov/sites/default/files/2026-09/e85544f7-57ef-477e-9640-313ac0aac400/CostReport_2024_Final.csv,CMS Hospital Provider Cost Report FY2024 (periods beginning 2023-10-01..2024-09-30); file modified 2026-09-29
HSI00000792,Oneida Health,NY,1,137917603.0,HCRIS FY2023 (FY2022 fallback); acute member hospitals; G-3 line 3,0,151703011.0,HCRIS FY2024 (periods beginning 2023-10-01..2024-09-30); acute member CCNs; annualized where needed,0,0,10.0,False,False,False,False,False,https://www.ahrq.gov/sites/default/files/wysiwyg/chsp/compendium/chsp-compendium-2023-rev.xlsx,https://data.cms.gov/sites/default/files/2026-09/e85544f7-57ef-477e-9640-313ac0aac400/CostReport_2024_Final.csv,CMS Hospital Provider Cost Report FY2024 (periods beginning 2023-10-01..2024-09-30); file modified 2026-09-29
HSI00000798,Oswego Health,NY,1,144085310.0,HCRIS FY2023 (FY2022 fallback); acute member hospitals; G-3 line 3,0,141749555.0,HCRIS FY2024 (periods beginning 2023-10-01..2024-09-30); acute member CCNs; annualized where needed,0,0,-1.6,False,False,False,False,False,https://www.ahrq.gov/sites/default/files/wysiwyg/chsp/compendium/chsp-compendium-2023-rev.xlsx,https://data.cms.gov/sites/default/files/2026-09/e85544f7-57ef-477e-9640-313ac0aac400/CostReport_2024_Final.csv,CMS Hospital Provider Cost Report FY2024 (periods beginning 2023-10-01..2024-09-30); file modified 2026-09-29
HSI00000879,Richmond University Medical Center,NY,1,380053310.0,HCRIS FY2023 (FY2022 fallback); acute member hospitals; G-3 line 3,0,411808707.0,HCRIS FY2024 (periods beginning 2023-10-01..2024-09-30); acute member CCNs; annualized where needed,0,0,8.4,False,False,False,False,False,https://www.ahrq.gov/sites/default/files/wysiwyg/chsp/compendium/chsp-compendium-2023-rev.xlsx,https://data.cms.gov/sites/default/files/2026-09/e85544f7-57ef-477e-9640-313ac0aac400/CostReport_2024_Final.csv,CMS Hospital Provider Cost Report FY2024 (periods beginning 2023-10-01..2024-09-30); file modified 2026-09-29
HSI00000882,Riverside Health Care System,NY,2,268083536.0,HCRIS FY2023 (FY2022 fallback); acute member hospitals; G-3 line 3,1,255629636.0,HCRIS FY2024 (periods beginning 2023-10-01..2024-09-30); acute member CCNs; annualized where needed,1,0,-4.6,False,True,False,False,False,https://www.ahrq.gov/sites/default/files/wysiwyg/chsp/compendium/chsp-compendium-2023-rev.xlsx,https://data.cms.gov/sites/default/files/2026-09/e85544f7-57ef-477e-9640-313ac0aac400/CostReport_2024_Final.csv,CMS Hospital Provider Cost Report FY2024 (periods beginning 2023-10-01..2024-09-30); file modified 2026-09-29
HSI00000889,Rochester Regional Health System,NY,6,2158219376.0,HCRIS FY2023 (FY2022 fallback); acute member hospitals; G-3 line 3,0,2405298606.0,HCRIS FY2024 (periods beginning 2023-10-01..2024-09-30); acute member CCNs; annualized where needed,0,0,11.4,False,False,False,False,False,https://www.ahrq.gov/sites/default/files/wysiwyg/chsp/compendium/chsp-compendium-2023-rev.xlsx,https://data.cms.gov/sites/default/files/2026-09/e85544f7-57ef-477e-9640-313ac0aac400/CostReport_2024_Final.csv,CMS Hospital Provider Cost Report FY2024 (periods beginning 2023-10-01..2024-09-30); file modified 2026-09-29
HSI00000910,SBH Health System,NY,1,470220492.0,HCRIS FY2023 (FY2022 fallback); acute member hospitals; G-3 line 3,0,495005468.0,HCRIS FY2024 (periods beginning 2023-10-01..2024-09-30); acute member CCNs; annualized where needed,0,0,5.3,False,False,False,False,False,https://www.ahrq.gov/sites/default/files/wysiwyg/chsp/compendium/chsp-compendium-2023-rev.xlsx,https://data.cms.gov/sites/default/files/2026-09/e85544f7-57ef-477e-9640-313ac0aac400/CostReport_2024_Final.csv,CMS Hospital Provider Cost Report FY2024 (periods beginning 2023-10-01..2024-09-30); file modified 2026-09-29
HSI00000925,Saint Joseph Medical Center,NY,1,229132098.0,HCRIS FY2023 (FY2022 fallback); acute member hospitals; G-3 line 3,0,263159534.0,HCRIS FY2024 (periods beginning 2023-10-01..2024-09-30); acute member CCNs; annualized where needed,0,0,14.9,False,False,False,False,False,https://www.ahrq.gov/sites/default/files/wysiwyg/chsp/compendium/chsp-compendium-2023-rev.xlsx,https://data.cms.gov/sites/default/files/2026-09/e85544f7-57ef-477e-9640-313ac0aac400/CostReport_2024_Final.csv,CMS Hospital Provider Cost Report FY2024 (periods beginning 2023-10-01..2024-09-30); file modified 2026-09-29
HSI00000930,Saint Lawrence Health System,NY,3,327757679.0,HCRIS FY2023 (FY2022 fallback); acute member hospitals; G-3 line 3,0,317790352.0,HCRIS FY2024 (periods beginning 2023-10-01..2024-09-30); acute member CCNs; annualized where needed,1,0,-3.0,False,True,False,False,True,https://www.ahrq.gov/sites/default/files/wysiwyg/chsp/compendium/chsp-compendium-2023-rev.xlsx,https://data.cms.gov/sites/default/files/2026-09/e85544f7-57ef-477e-9640-313ac0aac400/CostReport_2024_Final.csv,CMS Hospital Provider Cost Report FY2024 (periods beginning 2023-10-01..2024-09-30); file modified 2026-09-29
HSI00001381,Saint Marys Healthcare,NY,1,151769773.0,HCRIS FY2023 (FY2022 fallback); acute member hospitals; G-3 line 3,0,173774438.0,HCRIS FY2024 (periods beginning 2023-10-01..2024-09-30); acute member CCNs; annualized where needed,0,0,14.5,False,False,False,False,False,https://www.ahrq.gov/sites/default/files/wysiwyg/chsp/compendium/chsp-compendium-2023-rev.xlsx,https://data.cms.gov/sites/default/files/2026-09/e85544f7-57ef-477e-9640-313ac0aac400/CostReport_2024_Final.csv,CMS Hospital Provider Cost Report FY2024 (periods beginning 2023-10-01..2024-09-30); file modified 2026-09-29
HSI00000952,Samaritan Health,NY,2,323381706.0,HCRIS FY2023 (FY2022 fallback); acute member hospitals; G-3 line 3,0,349445856.0,HCRIS FY2024 (periods beginning 2023-10-01..2024-09-30); acute member CCNs; annualized where needed,0,1,8.1,False,False,False,False,False,https://www.ahrq.gov/sites/default/files/wysiwyg/chsp/compendium/chsp-compendium-2023-rev.xlsx,https://data.cms.gov/sites/default/files/2026-09/e85544f7-57ef-477e-9640-313ac0aac400/CostReport_2024_Final.csv,CMS Hospital Provider Cost Report FY2024 (periods beginning 2023-10-01..2024-09-30); file modified 2026-09-29
HSI00001407,The Brooklyn Hospital Center,NY,1,429581616.0,HCRIS FY2023 (FY2022 fallback); acute member hospitals; G-3 line 3,0,428813166.0,HCRIS FY2024 (periods beginning 2023-10-01..2024-09-30); acute member CCNs; annualized where needed,0,0,-0.2,False,False,False,False,False,https://www.ahrq.gov/sites/default/files/wysiwyg/chsp/compendium/chsp-compendium-2023-rev.xlsx,https://data.cms.gov/sites/default/files/2026-09/e85544f7-57ef-477e-9640-313ac0aac400/CostReport_2024_Final.csv,CMS Hospital Provider Cost Report FY2024 (periods beginning 2023-10-01..2024-09-30); file modified 2026-09-29
HSI00001138,United Health Services,NY,3,912780704.0,HCRIS FY2023 (FY2022 fallback); acute member hospitals; G-3 line 3,0,1073629396.0,HCRIS FY2024 (periods beginning 2023-10-01..2024-09-30); acute member CCNs; annualized where needed,0,0,17.6,False,False,False,False,False,https://www.ahrq.gov/sites/default/files/wysiwyg/chsp/compendium/chsp-compendium-2023-rev.xlsx,https://data.cms.gov/sites/default/files/2026-09/e85544f7-57ef-477e-9640-313ac0aac400/CostReport_2024_Final.csv,CMS Hospital Provider Cost Report FY2024 (periods beginning 2023-10-01..2024-09-30); file modified 2026-09-29
HSI00001179,University of Rochester Medical Center,NY,6,4163540871.0,HCRIS FY2023 (FY2022 fallback); acute member hospitals; G-3 line 3,0,5253994677.0,HCRIS FY2024 (periods beginning 2023-10-01..2024-09-30); acute member CCNs; annualized where needed,0,0,26.2,False,False,True,False,False,https://www.ahrq.gov/sites/default/files/wysiwyg/chsp/compendium/chsp-compendium-2023-rev.xlsx,https://data.cms.gov/sites/default/files/2026-09/e85544f7-57ef-477e-9640-313ac0aac400/CostReport_2024_Final.csv,CMS Hospital Provider Cost Report FY2024 (periods beginning 2023-10-01..2024-09-30); file modified 2026-09-29
HSI00000008,Adena Health System,OH,4,601769408.0,HCRIS FY2023 (FY2022 fallback); acute member hospitals; G-3 line 3,0,595787000.0,HCRIS FY2024 (periods beginning 2023-10-01..2024-09-30); acute member CCNs; annualized where needed,0,0,-1.0,False,False,False,False,False,https://www.ahrq.gov/sites/default/files/wysiwyg/chsp/compendium/chsp-compendium-2023-rev.xlsx,https://data.cms.gov/sites/default/files/2026-09/e85544f7-57ef-477e-9640-313ac0aac400/CostReport_2024_Final.csv,CMS Hospital Provider Cost Report FY2024 (periods beginning 2023-10-01..2024-09-30); file modified 2026-09-29
HSI00000211,Akron Childrens Hospital,OH,1,1113626754.0,HCRIS FY2023 (FY2022 fallback); acute member hospitals; G-3 line 3,0,1249831958.0,HCRIS FY2024 (periods beginning 2023-10-01..2024-09-30); acute member CCNs; annualized where needed,0,0,12.2,False,False,False,False,False,https://www.ahrq.gov/sites/default/files/wysiwyg/chsp/compendium/chsp-compendium-2023-rev.xlsx,https://data.cms.gov/sites/default/files/2026-09/e85544f7-57ef-477e-9640-313ac0aac400/CostReport_2024_Final.csv,CMS Hospital Provider Cost Report FY2024 (periods beginning 2023-10-01..2024-09-30); file modified 2026-09-29
HSI00000065,Aultman Health Foundation,OH,3,828154613.0,HCRIS FY2023 (FY2022 fallback); acute member hospitals; G-3 line 3,0,858324080.0,HCRIS FY2024 (periods beginning 2023-10-01..2024-09-30); acute member CCNs; annualized where needed,0,0,3.6,False,False,False,False,False,https://www.ahrq.gov/sites/default/files/wysiwyg/chsp/compendium/chsp-compendium-2023-rev.xlsx,https://data.cms.gov/sites/default/files/2026-09/e85544f7-57ef-477e-9640-313ac0aac400/CostReport_2024_Final.csv,CMS Hospital Provider Cost Report FY2024 (periods beginning 2023-10-01..2024-09-30); file modified 2026-09-29
HSI00000116,Blanchard Valley Health System,OH,2,374711969.0,HCRIS FY2023 (FY2022 fallback); acute member hospitals; G-3 line 3,0,366632788.0,HCRIS FY2024 (periods beginning 2023-10-01..2024-09-30); acute member CCNs; annualized where needed,0,0,-2.2,False,False,False,False,False,https://www.ahrq.gov/sites/default/files/wysiwyg/chsp/compendium/chsp-compendium-2023-rev.xlsx,https://data.cms.gov/sites/default/files/2026-09/e85544f7-57ef-477e-9640-313ac0aac400/CostReport_2024_Final.csv,CMS Hospital Provider Cost Report FY2024 (periods beginning 2023-10-01..2024-09-30); file modified 2026-09-29
HSI00001428,Bon Secours Mercy Health,OH,36,9031417176.0,HCRIS FY2023 (FY2022 fallback); acute member hospitals; G-3 line 3,2,10151763575.0,HCRIS FY2024 (periods beginning 2023-10-01..2024-09-30); acute member CCNs; annualized where needed,2,8,12.4,False,True,False,False,False,https://www.ahrq.gov/sites/default/files/wysiwyg/chsp/compendium/chsp-compendium-2023-rev.xlsx,https://data.cms.gov/sites/default/files/2026-09/e85544f7-57ef-477e-9640-313ac0aac400/CostReport_2024_Final.csv,CMS Hospital Provider Cost Report FY2024 (periods beginning 2023-10-01..2024-09-30); file modified 2026-09-29
HSI00000224,Cincinnati Childrens Hospital Medical Center,OH,1,2508408288.0,HCRIS FY2023 (FY2022 fallback); acute member hospitals; G-3 line 3,0,2876836000.0,HCRIS FY2024 (periods beginning 2023-10-01..2024-09-30); acute member CCNs; annualized where needed,0,0,14.7,False,False,False,False,False,https://www.ahrq.gov/sites/default/files/wysiwyg/chsp/compendium/chsp-compendium-2023-rev.xlsx,https://data.cms.gov/sites/default/files/2026-09/e85544f7-57ef-477e-9640-313ac0aac400/CostReport_2024_Final.csv,CMS Hospital Provider Cost Report FY2024 (periods beginning 2023-10-01..2024-09-30); file modified 2026-09-29
HSI00001078,Cleveland Clinic,OH,18,12313311364.0,HCRIS FY2023 (FY2022 fallback); acute member hospitals; G-3 line 3,1,13343477172.0,HCRIS FY2024 (periods beginning 2023-10-01..2024-09-30); acute member CCNs; annualized where needed,1,0,8.4,False,True,False,False,False,https://www.ahrq.gov/sites/default/files/wysiwyg/chsp/compendium/chsp-compendium-2023-rev.xlsx,https://data.cms.gov/sites/default/files/2026-09/e85544f7-57ef-477e-9640-313ac0aac400/CostReport_2024_Final.csv,CMS Hospital Provider Cost Report FY2024 (periods beginning 2023-10-01..2024-09-30); file modified 2026-09-29
HSI00000302,Dayton Childrens,OH,1,569126150.0,HCRIS FY2023 (FY2022 fallback); acute member hospitals; G-3 line 3,0,661365054.0,HCRIS FY2024 (periods beginning 2023-10-01..2024-09-30); acute member CCNs; annualized where needed,0,0,16.2,False,False,False,False,False,https://www.ahrq.gov/sites/default/files/wysiwyg/chsp/compendium/chsp-compendium-2023-rev.xlsx,https://data.cms.gov/sites/default/files/2026-09/e85544f7-57ef-477e-9640-313ac0aac400/CostReport_2024_Final.csv,CMS Hospital Provider Cost Report FY2024 (periods beginning 2023-10-01..2024-09-30); file modified 2026-09-29
HSI00000356,Fairfield Medical Center,OH,1,315876820.0,HCRIS FY2023 (FY2022 fallback); acute member hospitals; G-3 line 3,0,327578394.0,HCRIS FY2024 (periods beginning 2023-10-01..2024-09-30); acute member CCNs; annualized where needed,0,0,3.7,False,False,False,False,False,https://www.ahrq.gov/sites/default/files/wysiwyg/chsp/compendium/chsp-compendium-2023-rev.xlsx,https://data.cms.gov/sites/default/files/2026-09/e85544f7-57ef-477e-9640-313ac0aac400/CostReport_2024_Final.csv,CMS Hospital Provider Cost Report FY2024 (periods beginning 2023-10-01..2024-09-30); file modified 2026-09-29
HSI00000363,Firelands Regional Health System,OH,1,244998572.0,HCRIS FY2023 (FY2022 fallback); acute member hospitals; G-3 line 3,0,256863728.0,HCRIS FY2024 (periods beginning 2023-10-01..2024-09-30); acute member CCNs; annualized where needed,0,0,4.8,False,False,False,False,False,https://www.ahrq.gov/sites/default/files/wysiwyg/chsp/compendium/chsp-compendium-2023-rev.xlsx,https://data.cms.gov/sites/default/files/2026-09/e85544f7-57ef-477e-9640-313ac0aac400/CostReport_2024_Final.csv,CMS Hospital Provider Cost Report FY2024 (periods beginning 2023-10-01..2024-09-30); file modified 2026-09-29
HSI00000367,Fisher Titus Medical Center,OH,1,155093229.0,HCRIS FY2023 (FY2022 fallback); acute member hospitals; G-3 line 3,0,154844222.0,HCRIS FY2024 (periods beginning 2023-10-01..2024-09-30); acute member CCNs; annualized where needed,0,0,-0.2,False,False,False,False,False,https://www.ahrq.gov/sites/default/files/wysiwyg/chsp/compendium/chsp-compendium-2023-rev.xlsx,https://data.cms.gov/sites/default/files/2026-09/e85544f7-57ef-477e-9640-313ac0aac400/CostReport_2024_Final.csv,CMS Hospital Provider Cost Report FY2024 (periods beginning 2023-10-01..2024-09-30); file modified 2026-09-29
HSI00000391,Genesis Healthcare System,OH,1,564870224.0,HCRIS FY2023 (FY2022 fallback); acute member hospitals; G-3 line 3,0,618812462.0,HCRIS FY2024 (periods beginning 2023-10-01..2024-09-30); acute member CCNs; annualized where needed,0,0,9.5,False,False,False,False,False,https://www.ahrq.gov/sites/default/files/wysiwyg/chsp/compendium/chsp-compendium-2023-rev.xlsx,https://data.cms.gov/sites/default/files/2026-09/e85544f7-57ef-477e-9640-313ac0aac400/CostReport_2024_Final.csv,CMS Hospital Provider Cost Report FY2024 (periods beginning 2023-10-01..2024-09-30); file modified 2026-09-29
HSI00000490,Holzer Health System,OH,2,229777396.0,HCRIS FY2023 (FY2022 fallback); acute member hospitals; G-3 line 3,0,254097830.0,HCRIS FY2024 (periods beginning 2023-10-01..2024-09-30); acute member CCNs; annualized where needed,0,0,10.6,False,False,False,False,False,https://www.ahrq.gov/sites/default/files/wysiwyg/chsp/compendium/chsp-compendium-2023-rev.xlsx,https://data.cms.gov/sites/default/files/2026-09/e85544f7-57ef-477e-9640-313ac0aac400/CostReport_2024_Final.csv,CMS Hospital Provider Cost Report FY2024 (periods beginning 2023-10-01..2024-09-30); file modified 2026-09-29
HSI00000546,Kettering Health,OH,7,2253350100.0,HCRIS FY2023 (FY2022 fallback); acute member hospitals; G-3 line 3,0,2284376925.0,HCRIS FY2024 (periods beginning 2023-10-01..2024-09-30); acute member CCNs; annualized where needed,0,0,1.4,False,False,False,False,False,https://www.ahrq.gov/sites/default/files/wysiwyg/chsp/compendium/chsp-compendium-2023-rev.xlsx,https://data.cms.gov/sites/default/files/2026-09/e85544f7-57ef-477e-9640-313ac0aac400/CostReport_2024_Final.csv,CMS Hospital Provider Cost Report FY2024 (periods beginning 2023-10-01..2024-09-30); file modified 2026-09-29
HSI00001580,Knox Community Hospital,OH,1,212019640.0,HCRIS FY2023 (FY2022 fallback); acute member hospitals; G-3 line 3,0,198780933.0,HCRIS FY2024 (periods beginning 2023-10-01..2024-09-30); acute member CCNs; annualized where needed,0,0,-6.2,False,False,False,False,False,https://www.ahrq.gov/sites/default/files/wysiwyg/chsp/compendium/chsp-compendium-2023-rev.xlsx,https://data.cms.gov/sites/default/files/2026-09/e85544f7-57ef-477e-9640-313ac0aac400/CostReport_2024_Final.csv,CMS Hospital Provider Cost Report FY2024 (periods beginning 2023-10-01..2024-09-30); file modified 2026-09-29
HSI00000581,Licking Memorial Health Systems,OH,1,323668033.0,HCRIS FY2023 (FY2022 fallback); acute member hospitals; G-3 line 3,0,357546659.0,HCRIS FY2024 (periods beginning 2023-10-01..2024-09-30); acute member CCNs; annualized where needed,0,0,10.5,False,False,False,False,False,https://www.ahrq.gov/sites/default/files/wysiwyg/chsp/compendium/chsp-compendium-2023-rev.xlsx,https://data.cms.gov/sites/default/files/2026-09/e85544f7-57ef-477e-9640-313ac0aac400/CostReport_2024_Final.csv,CMS Hospital Provider Cost Report FY2024 (periods beginning 2023-10-01..2024-09-30); file modified 2026-09-29
HSI00000649,Memorial Health System,OH,3,590232202.0,HCRIS FY2023 (FY2022 fallback); acute member hospitals; G-3 line 3,0,669011291.0,HCRIS FY2024 (periods beginning 2023-10-01..2024-09-30); acute member CCNs; annualized where needed,0,0,13.3,False,False,False,False,False,https://www.ahrq.gov/sites/default/files/wysiwyg/chsp/compendium/chsp-compendium-2023-rev.xlsx,https://data.cms.gov/sites/default/files/2026-09/e85544f7-57ef-477e-9640-313ac0aac400/CostReport_2024_Final.csv,CMS Hospital Provider Cost Report FY2024 (periods beginning 2023-10-01..2024-09-30); file modified 2026-09-29
HSI00000722,Nationwide Childrens Hospital,OH,2,2377938488.0,HCRIS FY2023 (FY2022 fallback); acute member hospitals; G-3 line 3,0,2542973053.0,HCRIS FY2024 (periods beginning 2023-10-01..2024-09-30); acute member CCNs; annualized where needed,0,0,6.9,False,False,False,False,False,https://www.ahrq.gov/sites/default/files/wysiwyg/chsp/compendium/chsp-compendium-2023-rev.xlsx,https://data.cms.gov/sites/default/files/2026-09/e85544f7-57ef-477e-9640-313ac0aac400/CostReport_2024_Final.csv,CMS Hospital Provider Cost Report FY2024 (periods beginning 2023-10-01..2024-09-30); file modified 2026-09-29
HSI00000784,Ohiohealth,OH,14,4770312096.0,HCRIS FY2023 (FY2022 fallback); acute member hospitals; G-3 line 3,0,5306520307.0,HCRIS FY2024 (periods beginning 2023-10-01..2024-09-30); acute member CCNs; annualized where needed,0,2,11.2,False,False,False,False,False,https://www.ahrq.gov/sites/default/files/wysiwyg/chsp/compendium/chsp-compendium-2023-rev.xlsx,https://data.cms.gov/sites/default/files/2026-09/e85544f7-57ef-477e-9640-313ac0aac400/CostReport_2024_Final.csv,CMS Hospital Provider Cost Report FY2024 (periods beginning 2023-10-01..2024-09-30); file modified 2026-09-29
HSI00000842,Premier Health,OH,3,1888992647.0,HCRIS FY2023 (FY2022 fallback); acute member hospitals; G-3 line 3,0,1988937171.0,HCRIS FY2024 (periods beginning 2023-10-01..2024-09-30); acute member CCNs; annualized where needed,0,0,5.3,False,False,False,False,False,https://www.ahrq.gov/sites/default/files/wysiwyg/chsp/compendium/chsp-compendium-2023-rev.xlsx,https://data.cms.gov/sites/default/files/2026-09/e85544f7-57ef-477e-9640-313ac0aac400/CostReport_2024_Final.csv,CMS Hospital Provider Cost Report FY2024 (periods beginning 2023-10-01..2024-09-30); file modified 2026-09-29
HSI00000848,ProMedica,OH,11,2417175600.0,HCRIS FY2023 (FY2022 fallback); acute member hospitals; G-3 line 3,2,2776411857.0,HCRIS FY2024 (periods beginning 2023-10-01..2024-09-30); acute member CCNs; annualized where needed,2,0,14.9,False,True,False,True,False,https://www.ahrq.gov/sites/default/files/wysiwyg/chsp/compendium/chsp-compendium-2023-rev.xlsx,https://data.cms.gov/sites/default/files/2026-09/e85544f7-57ef-477e-9640-313ac0aac400/CostReport_2024_Final.csv,CMS Hospital Provider Cost Report FY2024 (periods beginning 2023-10-01..2024-09-30); file modified 2026-09-29
HSI00001350,Salem Regional Medical Center,OH,1,106899288.0,HCRIS FY2023 (FY2022 fallback); acute member hospitals; G-3 line 3,0,108028370.0,HCRIS FY2024 (periods beginning 2023-10-01..2024-09-30); acute member CCNs; annualized where needed,0,0,1.1,False,False,False,False,False,https://www.ahrq.gov/sites/default/files/wysiwyg/chsp/compendium/chsp-compendium-2023-rev.xlsx,https://data.cms.gov/sites/default/files/2026-09/e85544f7-57ef-477e-9640-313ac0aac400/CostReport_2024_Final.csv,CMS Hospital Provider Cost Report FY2024 (periods beginning 2023-10-01..2024-09-30); file modified 2026-09-29
HSI00001481,Southern Ohio Medical Center,OH,1,424296379.0,HCRIS FY2023 (FY2022 fallback); acute member hospitals; G-3 line 3,0,454711974.0,HCRIS FY2024 (periods beginning 2023-10-01..2024-09-30); acute member CCNs; annualized where needed,0,0,7.2,False,False,False,False,False,https://www.ahrq.gov/sites/default/files/wysiwyg/chsp/compendium/chsp-compendium-2023-rev.xlsx,https://data.cms.gov/sites/default/files/2026-09/e85544f7-57ef-477e-9640-313ac0aac400/CostReport_2024_Final.csv,CMS Hospital Provider Cost Report FY2024 (periods beginning 2023-10-01..2024-09-30); file modified 2026-09-29
HSI00001043,Summa Health System,OH,2,1004687667.0,HCRIS FY2023 (FY2022 fallback); acute member hospitals; G-3 line 3,1,1168526284.0,HCRIS FY2024 (periods beginning 2023-10-01..2024-09-30); acute member CCNs; annualized where needed,1,0,16.3,False,True,False,False,False,https://www.ahrq.gov/sites/default/files/wysiwyg/chsp/compendium/chsp-compendium-2023-rev.xlsx,https://data.cms.gov/sites/default/files/2026-09/e85544f7-57ef-477e-9640-313ac0aac400/CostReport_2024_Final.csv,CMS Hospital Provider Cost Report FY2024 (periods beginning 2023-10-01..2024-09-30); file modified 2026-09-29
HSI00001077,The Christ Hospital Health Network,OH,1,920961957.0,HCRIS FY2023 (FY2022 fallback); acute member hospitals; G-3 line 3,0,1065393631.0,HCRIS FY2024 (periods beginning 2023-10-01..2024-09-30); acute member CCNs; annualized where needed,0,0,15.7,False,False,False,False,False,https://www.ahrq.gov/sites/default/files/wysiwyg/chsp/compendium/chsp-compendium-2023-rev.xlsx,https://data.cms.gov/sites/default/files/2026-09/e85544f7-57ef-477e-9640-313ac0aac400/CostReport_2024_Final.csv,CMS Hospital Provider Cost Report FY2024 (periods beginning 2023-10-01..2024-09-30); file modified 2026-09-29
HSI00001104,TriHealth,OH,2,878150925.0,HCRIS FY2023 (FY2022 fallback); acute member hospitals; G-3 line 3,0,1024135165.0,HCRIS FY2024 (periods beginning 2023-10-01..2024-09-30); acute member CCNs; annualized where needed,0,0,16.6,False,False,False,False,False,https://www.ahrq.gov/sites/default/files/wysiwyg/chsp/compendium/chsp-compendium-2023-rev.xlsx,https://data.cms.gov/sites/default/files/2026-09/e85544f7-57ef-477e-9640-313ac0aac400/CostReport_2024_Final.csv,CMS Hospital Provider Cost Report FY2024 (periods beginning 2023-10-01..2024-09-30); file modified 2026-09-29
HSI00001118,UC Health,OH,2,1616910658.0,HCRIS FY2023 (FY2022 fallback); acute member hospitals; G-3 line 3,0,2249294136.0,HCRIS FY2024 (periods beginning 2023-10-01..2024-09-30); acute member CCNs; annualized where needed,0,0,39.1,False,False,True,False,False,https://www.ahrq.gov/sites/default/files/wysiwyg/chsp/compendium/chsp-compendium-2023-rev.xlsx,https://data.cms.gov/sites/default/files/2026-09/e85544f7-57ef-477e-9640-313ac0aac400/CostReport_2024_Final.csv,CMS Hospital Provider Cost Report FY2024 (periods beginning 2023-10-01..2024-09-30); file modified 2026-09-29
HSI00001156,University Hospitals,OH,15,7217868976.0,HCRIS FY2023 (FY2022 fallback); acute member hospitals; G-3 line 3,1,7241482924.0,HCRIS FY2024 (periods beginning 2023-10-01..2024-09-30); acute member CCNs; annualized where needed,1,0,0.3,False,True,False,False,False,https://www.ahrq.gov/sites/default/files/wysiwyg/chsp/compendium/chsp-compendium-2023-rev.xlsx,https://data.cms.gov/sites/default/files/2026-09/e85544f7-57ef-477e-9640-313ac0aac400/CostReport_2024_Final.csv,CMS Hospital Provider Cost Report FY2024 (periods beginning 2023-10-01..2024-09-30); file modified 2026-09-29
HSI00000507,Integris Health,OK,10,1749630034.0,HCRIS FY2023 (FY2022 fallback); acute member hospitals; G-3 line 3,1,2075499917.0,HCRIS FY2024 (periods beginning 2023-10-01..2024-09-30); acute member CCNs; annualized where needed,1,0,18.6,False,True,False,False,False,https://www.ahrq.gov/sites/default/files/wysiwyg/chsp/compendium/chsp-compendium-2023-rev.xlsx,https://data.cms.gov/sites/default/files/2026-09/e85544f7-57ef-477e-9640-313ac0aac400/CostReport_2024_Final.csv,CMS Hospital Provider Cost Report FY2024 (periods beginning 2023-10-01..2024-09-30); file modified 2026-09-29
HSI00001383,OU Health,OK,2,1646713049.0,HCRIS FY2023 (FY2022 fallback); acute member hospitals; G-3 line 3,1,2411266011.0,HCRIS FY2024 (periods beginning 2023-10-01..2024-09-30); acute member CCNs; annualized where needed,1,0,46.4,False,True,True,False,False,https://www.ahrq.gov/sites/default/files/wysiwyg/chsp/compendium/chsp-compendium-2023-rev.xlsx,https://data.cms.gov/sites/default/files/2026-09/e85544f7-57ef-477e-9640-313ac0aac400/CostReport_2024_Final.csv,CMS Hospital Provider Cost Report FY2024 (periods beginning 2023-10-01..2024-09-30); file modified 2026-09-29
HSI00000919,Saint Francis Health System,OK,7,2000043990.0,HCRIS FY2023 (FY2022 fallback); acute member hospitals; G-3 line 3,2,2453867684.0,HCRIS FY2024 (periods beginning 2023-10-01..2024-09-30); acute member CCNs; annualized where needed,2,0,22.7,False,True,False,False,False,https://www.ahrq.gov/sites/default/files/wysiwyg/chsp/compendium/chsp-compendium-2023-rev.xlsx,https://data.cms.gov/sites/default/files/2026-09/e85544f7-57ef-477e-9640-313ac0aac400/CostReport_2024_Final.csv,CMS Hospital Provider Cost Report FY2024 (periods beginning 2023-10-01..2024-09-30); file modified 2026-09-29
HSI00000054,Asante Health System,OR,3,1111891160.0,HCRIS FY2023 (FY2022 fallback); acute member hospitals; G-3 line 3,0,1253440758.0,HCRIS FY2024 (periods beginning 2023-10-01..2024-09-30); acute member CCNs; annualized where needed,0,0,12.7,False,False,False,False,False,https://www.ahrq.gov/sites/default/files/wysiwyg/chsp/compendium/chsp-compendium-2023-rev.xlsx,https://data.cms.gov/sites/default/files/2026-09/e85544f7-57ef-477e-9640-313ac0aac400/CostReport_2024_Final.csv,CMS Hospital Provider Cost Report FY2024 (periods beginning 2023-10-01..2024-09-30); file modified 2026-09-29
HSI00000416,Grande Ronde Hospital and Clinics,OR,1,134753078.0,HCRIS FY2023 (FY2022 fallback); acute member hospitals; G-3 line 3,0,148153101.0,HCRIS FY2024 (periods beginning 2023-10-01..2024-09-30); acute member CCNs; annualized where needed,0,0,9.9,False,False,False,False,False,https://www.ahrq.gov/sites/default/files/wysiwyg/chsp/compendium/chsp-compendium-2023-rev.xlsx,https://data.cms.gov/sites/default/files/2026-09/e85544f7-57ef-477e-9640-313ac0aac400/CostReport_2024_Final.csv,CMS Hospital Provider Cost Report FY2024 (periods beginning 2023-10-01..2024-09-30); file modified 2026-09-29
HSI00000576,Legacy Health,OR,7,2495594168.0,HCRIS FY2023 (FY2022 fallback); acute member hospitals; G-3 line 3,0,2868950782.0,HCRIS FY2024 (periods beginning 2023-10-01..2024-09-30); acute member CCNs; annualized where needed,0,0,15.0,False,False,False,False,False,https://www.ahrq.gov/sites/default/files/wysiwyg/chsp/compendium/chsp-compendium-2023-rev.xlsx,https://data.cms.gov/sites/default/files/2026-09/e85544f7-57ef-477e-9640-313ac0aac400/CostReport_2024_Final.csv,CMS Hospital Provider Cost Report FY2024 (periods beginning 2023-10-01..2024-09-30); file modified 2026-09-29
HSI00000912,Saint Charles Health System,OR,4,864097261.0,HCRIS FY2023 (FY2022 fallback); acute member hospitals; G-3 line 3,1,1156850667.0,HCRIS FY2024 (periods beginning 2023-10-01..2024-09-30); acute member CCNs; annualized where needed,1,0,33.9,False,True,True,False,False,https://www.ahrq.gov/sites/default/files/wysiwyg/chsp/compendium/chsp-compendium-2023-rev.xlsx,https://data.cms.gov/sites/default/files/2026-09/e85544f7-57ef-477e-9640-313ac0aac400/CostReport_2024_Final.csv,CMS Hospital Provider Cost Report FY2024 (periods beginning 2023-10-01..2024-09-30); file modified 2026-09-29
HSI00000947,Salem Health Hospitals and Clinics,OR,2,916982146.0,HCRIS FY2023 (FY2022 fallback); acute member hospitals; G-3 line 3,0,1083840708.0,HCRIS FY2024 (periods beginning 2023-10-01..2024-09-30); acute member CCNs; annualized where needed,0,0,18.2,False,False,False,False,False,https://www.ahrq.gov/sites/default/files/wysiwyg/chsp/compendium/chsp-compendium-2023-rev.xlsx,https://data.cms.gov/sites/default/files/2026-09/e85544f7-57ef-477e-9640-313ac0aac400/CostReport_2024_Final.csv,CMS Hospital Provider Cost Report FY2024 (periods beginning 2023-10-01..2024-09-30); file modified 2026-09-29
HSI00000951,Samaritan Health Services,OR,5,1134385329.0,HCRIS FY2023 (FY2022 fallback); acute member hospitals; G-3 line 3,0,1170793983.0,HCRIS FY2024 (periods beginning 2023-10-01..2024-09-30); acute member CCNs; annualized where needed,0,0,3.2,False,False,False,False,False,https://www.ahrq.gov/sites/default/files/wysiwyg/chsp/compendium/chsp-compendium-2023-rev.xlsx,https://data.cms.gov/sites/default/files/2026-09/e85544f7-57ef-477e-9640-313ac0aac400/CostReport_2024_Final.csv,CMS Hospital Provider Cost Report FY2024 (periods beginning 2023-10-01..2024-09-30); file modified 2026-09-29
HSI00000994,Sky Lakes Medical Center,OR,1,288377272.0,HCRIS FY2023 (FY2022 fallback); acute member hospitals; G-3 line 3,0,308107327.0,HCRIS FY2024 (periods beginning 2023-10-01..2024-09-30); acute member CCNs; annualized where needed,0,0,6.8,False,False,False,False,False,https://www.ahrq.gov/sites/default/files/wysiwyg/chsp/compendium/chsp-compendium-2023-rev.xlsx,https://data.cms.gov/sites/default/files/2026-09/e85544f7-57ef-477e-9640-313ac0aac400/CostReport_2024_Final.csv,CMS Hospital Provider Cost Report FY2024 (periods beginning 2023-10-01..2024-09-30); file modified 2026-09-29
HSI00000025,Allegheny Health Network,PA,11,3195648927.0,HCRIS FY2023 (FY2022 fallback); acute member hospitals; G-3 line 3,0,3612631248.0,HCRIS FY2024 (periods beginning 2023-10-01..2024-09-30); acute member CCNs; annualized where needed,0,0,13.0,False,False,False,True,False,https://www.ahrq.gov/sites/default/files/wysiwyg/chsp/compendium/chsp-compendium-2023-rev.xlsx,https://data.cms.gov/sites/default/files/2026-09/e85544f7-57ef-477e-9640-313ac0aac400/CostReport_2024_Final.csv,CMS Hospital Provider Cost Report FY2024 (periods beginning 2023-10-01..2024-09-30); file modified 2026-09-29
HSI00000051,Armstrong County Memorial Hospital,PA,1,119911605.0,HCRIS FY2023 (FY2022 fallback); acute member hospitals; G-3 line 3,0,136826131.0,HCRIS FY2024 (periods beginning 2023-10-01..2024-09-30); acute member CCNs; annualized where needed,0,0,14.1,False,False,False,False,False,https://www.ahrq.gov/sites/default/files/wysiwyg/chsp/compendium/chsp-compendium-2023-rev.xlsx,https://data.cms.gov/sites/default/files/2026-09/e85544f7-57ef-477e-9640-313ac0aac400/CostReport_2024_Final.csv,CMS Hospital Provider Cost Report FY2024 (periods beginning 2023-10-01..2024-09-30); file modified 2026-09-29
HSI00000146,Butler Health System,PA,2,326635300.0,HCRIS FY2023 (FY2022 fallback); acute member hospitals; G-3 line 3,0,356467617.0,HCRIS FY2024 (periods beginning 2023-10-01..2024-09-30); acute member CCNs; annualized where needed,0,0,9.1,False,False,False,False,False,https://www.ahrq.gov/sites/default/files/wysiwyg/chsp/compendium/chsp-compendium-2023-rev.xlsx,https://data.cms.gov/sites/default/files/2026-09/e85544f7-57ef-477e-9640-313ac0aac400/CostReport_2024_Final.csv,CMS Hospital Provider Cost Report FY2024 (periods beginning 2023-10-01..2024-09-30); file modified 2026-09-29
HSI00000320,Doylestown Health,PA,1,317137834.0,HCRIS FY2023 (FY2022 fallback); acute member hospitals; G-3 line 3,0,373042132.0,HCRIS FY2024 (periods beginning 2023-10-01..2024-09-30); acute member CCNs; annualized where needed,0,0,17.6,False,False,False,False,False,https://www.ahrq.gov/sites/default/files/wysiwyg/chsp/compendium/chsp-compendium-2023-rev.xlsx,https://data.cms.gov/sites/default/files/2026-09/e85544f7-57ef-477e-9640-313ac0aac400/CostReport_2024_Final.csv,CMS Hospital Provider Cost Report FY2024 (periods beginning 2023-10-01..2024-09-30); file modified 2026-09-29
HSI00000352,Evangelical Community Hospital,PA,1,223605081.0,HCRIS FY2023 (FY2022 fallback); acute member hospitals; G-3 line 3,0,249937537.0,HCRIS FY2024 (periods beginning 2023-10-01..2024-09-30); acute member CCNs; annualized where needed,0,0,11.8,False,False,False,False,False,https://www.ahrq.gov/sites/default/files/wysiwyg/chsp/compendium/chsp-compendium-2023-rev.xlsx,https://data.cms.gov/sites/default/files/2026-09/e85544f7-57ef-477e-9640-313ac0aac400/CostReport_2024_Final.csv,CMS Hospital Provider Cost Report FY2024 (periods beginning 2023-10-01..2024-09-30); file modified 2026-09-29
HSI00000354,Excela Health,PA,3,511850251.0,HCRIS FY2023 (FY2022 fallback); acute member hospitals; G-3 line 3,0,543275101.0,HCRIS FY2024 (periods beginning 2023-10-01..2024-09-30); acute member CCNs; annualized where needed,0,0,6.1,False,False,False,False,False,https://www.ahrq.gov/sites/default/files/wysiwyg/chsp/compendium/chsp-compendium-2023-rev.xlsx,https://data.cms.gov/sites/default/files/2026-09/e85544f7-57ef-477e-9640-313ac0aac400/CostReport_2024_Final.csv,CMS Hospital Provider Cost Report FY2024 (periods beginning 2023-10-01..2024-09-30); file modified 2026-09-29
HSI00000388,Geisinger,PA,9,3221443265.0,HCRIS FY2023 (FY2022 fallback); acute member hospitals; G-3 line 3,2,4269348090.0,HCRIS FY2024 (periods beginning 2023-10-01..2024-09-30); acute member CCNs; annualized where needed,2,1,32.5,False,True,True,False,False,https://www.ahrq.gov/sites/default/files/wysiwyg/chsp/compendium/chsp-compendium-2023-rev.xlsx,https://data.cms.gov/sites/default/files/2026-09/e85544f7-57ef-477e-9640-313ac0aac400/CostReport_2024_Final.csv,CMS Hospital Provider Cost Report FY2024 (periods beginning 2023-10-01..2024-09-30); file modified 2026-09-29
HSI00000415,Grand View Hospital,PA,1,236302074.0,HCRIS FY2023 (FY2022 fallback); acute member hospitals; G-3 line 3,0,275227452.0,HCRIS FY2024 (periods beginning 2023-10-01..2024-09-30); acute member CCNs; annualized where needed,0,0,16.5,False,False,False,False,False,https://www.ahrq.gov/sites/default/files/wysiwyg/chsp/compendium/chsp-compendium-2023-rev.xlsx,https://data.cms.gov/sites/default/files/2026-09/e85544f7-57ef-477e-9640-313ac0aac400/CostReport_2024_Final.csv,CMS Hospital Provider Cost Report FY2024 (periods beginning 2023-10-01..2024-09-30); file modified 2026-09-29
HSI00000430,Guthrie Healthcare System,PA,5,789070697.0,HCRIS FY2023 (FY2022 fallback); acute member hospitals; G-3 line 3,1,983794718.0,HCRIS FY2024 (periods beginning 2023-10-01..2024-09-30); acute member CCNs; annualized where needed,1,0,24.7,False,True,False,False,False,https://www.ahrq.gov/sites/default/files/wysiwyg/chsp/compendium/chsp-compendium-2023-rev.xlsx,https://data.cms.gov/sites/default/files/2026-09/e85544f7-57ef-477e-9640-313ac0aac400/CostReport_2024_Final.csv,CMS Hospital Provider Cost Report FY2024 (periods beginning 2023-10-01..2024-09-30); file modified 2026-09-29
HSI00000476,Heritage Valley Health System,PA,3,377419696.0,HCRIS FY2023 (FY2022 fallback); acute member hospitals; G-3 line 3,0,342822760.0,HCRIS FY2024 (periods beginning 2023-10-01..2024-09-30); acute member CCNs; annualized where needed,1,0,-9.2,False,True,False,False,True,https://www.ahrq.gov/sites/default/files/wysiwyg/chsp/compendium/chsp-compendium-2023-rev.xlsx,https://data.cms.gov/sites/default/files/2026-09/e85544f7-57ef-477e-9640-313ac0aac400/CostReport_2024_Final.csv,CMS Hospital Provider Cost Report FY2024 (periods beginning 2023-10-01..2024-09-30); file modified 2026-09-29
HSI00000488,Holy Redeemer Health System,PA,1,216163220.0,HCRIS FY2023 (FY2022 fallback); acute member hospitals; G-3 line 3,0,237333730.0,HCRIS FY2024 (periods beginning 2023-10-01..2024-09-30); acute member CCNs; annualized where needed,0,0,9.8,False,False,False,False,False,https://www.ahrq.gov/sites/default/files/wysiwyg/chsp/compendium/chsp-compendium-2023-rev.xlsx,https://data.cms.gov/sites/default/files/2026-09/e85544f7-57ef-477e-9640-313ac0aac400/CostReport_2024_Final.csv,CMS Hospital Provider Cost Report FY2024 (periods beginning 2023-10-01..2024-09-30); file modified 2026-09-29
HSI00001324,Indiana Regional Medical Center,PA,1,189722674.0,HCRIS FY2023 (FY2022 fallback); acute member hospitals; G-3 line 3,0,233329634.0,HCRIS FY2024 (periods beginning 2023-10-01..2024-09-30); acute member CCNs; annualized where needed,0,0,23.0,False,False,False,False,False,https://www.ahrq.gov/sites/default/files/wysiwyg/chsp/compendium/chsp-compendium-2023-rev.xlsx,https://data.cms.gov/sites/default/files/2026-09/e85544f7-57ef-477e-9640-313ac0aac400/CostReport_2024_Final.csv,CMS Hospital Provider Cost Report FY2024 (periods beginning 2023-10-01..2024-09-30); file modified 2026-09-29
HSI00000048,Jefferson Health,PA,7,5252085804.0,HCRIS FY2023 (FY2022 fallback); acute member hospitals; G-3 line 3,0,5688835406.0,HCRIS FY2024 (periods beginning 2023-10-01..2024-09-30); acute member CCNs; annualized where needed,0,0,8.3,False,False,False,False,False,https://www.ahrq.gov/sites/default/files/wysiwyg/chsp/compendium/chsp-compendium-2023-rev.xlsx,https://data.cms.gov/sites/default/files/2026-09/e85544f7-57ef-477e-9640-313ac0aac400/CostReport_2024_Final.csv,CMS Hospital Provider Cost Report FY2024 (periods beginning 2023-10-01..2024-09-30); file modified 2026-09-29
HSI00000686,Lecom Health,PA,2,86086800.0,HCRIS FY2023 (FY2022 fallback); acute member hospitals; G-3 line 3,0,108592430.0,HCRIS FY2024 (periods beginning 2023-10-01..2024-09-30); acute member CCNs; annualized where needed,0,0,26.1,False,False,True,False,False,https://www.ahrq.gov/sites/default/files/wysiwyg/chsp/compendium/chsp-compendium-2023-rev.xlsx,https://data.cms.gov/sites/default/files/2026-09/e85544f7-57ef-477e-9640-313ac0aac400/CostReport_2024_Final.csv,CMS Hospital Provider Cost Report FY2024 (periods beginning 2023-10-01..2024-09-30); file modified 2026-09-29
HSI00000577,Lehigh Valley Health Network,PA,9,3399868006.0,HCRIS FY2023 (FY2022 fallback); acute member hospitals; G-3 line 3,5,4405645352.0,HCRIS FY2024 (periods beginning 2023-10-01..2024-09-30); acute member CCNs; annualized where needed,4,0,29.6,False,True,True,False,True,https://www.ahrq.gov/sites/default/files/wysiwyg/chsp/compendium/chsp-compendium-2023-rev.xlsx,https://data.cms.gov/sites/default/files/2026-09/e85544f7-57ef-477e-9640-313ac0aac400/CostReport_2024_Final.csv,CMS Hospital Provider Cost Report FY2024 (periods beginning 2023-10-01..2024-09-30); file modified 2026-09-29
HSI00000608,Main Line Health,PA,4,1640122092.0,HCRIS FY2023 (FY2022 fallback); acute member hospitals; G-3 line 3,0,1946747060.0,HCRIS FY2024 (periods beginning 2023-10-01..2024-09-30); acute member CCNs; annualized where needed,0,0,18.7,False,False,False,False,False,https://www.ahrq.gov/sites/default/files/wysiwyg/chsp/compendium/chsp-compendium-2023-rev.xlsx,https://data.cms.gov/sites/default/files/2026-09/e85544f7-57ef-477e-9640-313ac0aac400/CostReport_2024_Final.csv,CMS Hospital Provider Cost Report FY2024 (periods beginning 2023-10-01..2024-09-30); file modified 2026-09-29
HSI00000639,Meadville Medical Center,PA,2,290822829.0,HCRIS FY2023 (FY2022 fallback); acute member hospitals; G-3 line 3,0,321953567.0,HCRIS FY2024 (periods beginning 2023-10-01..2024-09-30); acute member CCNs; annualized where needed,0,0,10.7,False,False,False,False,False,https://www.ahrq.gov/sites/default/files/wysiwyg/chsp/compendium/chsp-compendium-2023-rev.xlsx,https://data.cms.gov/sites/default/files/2026-09/e85544f7-57ef-477e-9640-313ac0aac400/CostReport_2024_Final.csv,CMS Hospital Provider Cost Report FY2024 (periods beginning 2023-10-01..2024-09-30); file modified 2026-09-29
HSI00000710,Mount Nittany Health System,PA,1,441702485.0,HCRIS FY2023 (FY2022 fallback); acute member hospitals; G-3 line 3,0,505452421.0,HCRIS FY2024 (periods beginning 2023-10-01..2024-09-30); acute member CCNs; annualized where needed,0,0,14.4,False,False,False,False,False,https://www.ahrq.gov/sites/default/files/wysiwyg/chsp/compendium/chsp-compendium-2023-rev.xlsx,https://data.cms.gov/sites/default/files/2026-09/e85544f7-57ef-477e-9640-313ac0aac400/CostReport_2024_Final.csv,CMS Hospital Provider Cost Report FY2024 (periods beginning 2023-10-01..2024-09-30); file modified 2026-09-29
HSI00000819,Penn Highlands Healthcare,PA,8,744506943.0,HCRIS FY2023 (FY2022 fallback); acute member hospitals; G-3 line 3,1,889573276.0,HCRIS FY2024 (periods beginning 2023-10-01..2024-09-30); acute member CCNs; annualized where needed,1,0,19.5,False,True,False,False,False,https://www.ahrq.gov/sites/default/files/wysiwyg/chsp/compendium/chsp-compendium-2023-rev.xlsx,https://data.cms.gov/sites/default/files/2026-09/e85544f7-57ef-477e-9640-313ac0aac400/CostReport_2024_Final.csv,CMS Hospital Provider Cost Report FY2024 (periods beginning 2023-10-01..2024-09-30); file modified 2026-09-29
HSI00000821,Penn State Health Milton S Hershey Medical Center,PA,5,2815489002.0,HCRIS FY2023 (FY2022 fallback); acute member hospitals; G-3 line 3,1,3450527813.0,HCRIS FY2024 (periods beginning 2023-10-01..2024-09-30); acute member CCNs; annualized where needed,0,0,22.6,False,True,False,False,True,https://www.ahrq.gov/sites/default/files/wysiwyg/chsp/compendium/chsp-compendium-2023-rev.xlsx,https://data.cms.gov/sites/default/files/2026-09/e85544f7-57ef-477e-9640-313ac0aac400/CostReport_2024_Final.csv,CMS Hospital Provider Cost Report FY2024 (periods beginning 2023-10-01..2024-09-30); file modified 2026-09-29
HSI00000913,Saint Clair Hospital,PA,1,369497677.0,HCRIS FY2023 (FY2022 fallback); acute member hospitals; G-3 line 3,0,381136862.0,HCRIS FY2024 (periods beginning 2023-10-01..2024-09-30); acute member CCNs; annualized where needed,0,0,3.2,False,False,False,False,False,https://www.ahrq.gov/sites/default/files/wysiwyg/chsp/compendium/chsp-compendium-2023-rev.xlsx,https://data.cms.gov/sites/default/files/2026-09/e85544f7-57ef-477e-9640-313ac0aac400/CostReport_2024_Final.csv,CMS Hospital Provider Cost Report FY2024 (periods beginning 2023-10-01..2024-09-30); file modified 2026-09-29
HSI00000936,Saint Lukes University Health Network,PA,11,10269840892.0,HCRIS FY2023 (FY2022 fallback); acute member hospitals; G-3 line 3,2,3142285524.0,HCRIS FY2024 (periods beginning 2023-10-01..2024-09-30); acute member CCNs; annualized where needed,2,0,-69.4,False,True,True,True,False,https://www.ahrq.gov/sites/default/files/wysiwyg/chsp/compendium/chsp-compendium-2023-rev.xlsx,https://data.cms.gov/sites/default/files/2026-09/e85544f7-57ef-477e-9640-313ac0aac400/CostReport_2024_Final.csv,CMS Hospital Provider Cost Report FY2024 (periods beginning 2023-10-01..2024-09-30); file modified 2026-09-29
HSI00001065,Temple University Health System,PA,3,2122841693.0,HCRIS FY2023 (FY2022 fallback); acute member hospitals; G-3 line 3,1,2748918768.0,HCRIS FY2024 (periods beginning 2023-10-01..2024-09-30); acute member CCNs; annualized where needed,1,0,29.5,False,True,True,False,False,https://www.ahrq.gov/sites/default/files/wysiwyg/chsp/compendium/chsp-compendium-2023-rev.xlsx,https://data.cms.gov/sites/default/files/2026-09/e85544f7-57ef-477e-9640-313ac0aac400/CostReport_2024_Final.csv,CMS Hospital Provider Cost Report FY2024 (periods beginning 2023-10-01..2024-09-30); file modified 2026-09-29
HSI00001075,The Childrens Hospital of Philadelphia,PA,1,2695079245.0,HCRIS FY2023 (FY2022 fallback); acute member hospitals; G-3 line 3,0,3365657963.0,HCRIS FY2024 (periods beginning 2023-10-01..2024-09-30); acute member CCNs; annualized where needed,0,0,24.9,False,False,False,False,False,https://www.ahrq.gov/sites/default/files/wysiwyg/chsp/compendium/chsp-compendium-2023-rev.xlsx,https://data.cms.gov/sites/default/files/2026-09/e85544f7-57ef-477e-9640-313ac0aac400/CostReport_2024_Final.csv,CMS Hospital Provider Cost Report FY2024 (periods beginning 2023-10-01..2024-09-30); file modified 2026-09-29
HSI00000866,Tower Health,PA,4,1683034476.0,HCRIS FY2023 (FY2022 fallback); acute member hospitals; G-3 line 3,0,2002567380.0,HCRIS FY2024 (periods beginning 2023-10-01..2024-09-30); acute member CCNs; annualized where needed,0,0,19.0,False,False,False,False,False,https://www.ahrq.gov/sites/default/files/wysiwyg/chsp/compendium/chsp-compendium-2023-rev.xlsx,https://data.cms.gov/sites/default/files/2026-09/e85544f7-57ef-477e-9640-313ac0aac400/CostReport_2024_Final.csv,CMS Hospital Provider Cost Report FY2024 (periods beginning 2023-10-01..2024-09-30); file modified 2026-09-29
HSI00001126,UPMC,PA,32,10134615484.0,HCRIS FY2023 (FY2022 fallback); acute member hospitals; G-3 line 3,4,12203502730.0,HCRIS FY2024 (periods beginning 2023-10-01..2024-09-30); acute member CCNs; annualized where needed,4,1,20.4,False,True,False,False,False,https://www.ahrq.gov/sites/default/files/wysiwyg/chsp/compendium/chsp-compendium-2023-rev.xlsx,https://data.cms.gov/sites/default/files/2026-09/e85544f7-57ef-477e-9640-313ac0aac400/CostReport_2024_Final.csv,CMS Hospital Provider Cost Report FY2024 (periods beginning 2023-10-01..2024-09-30); file modified 2026-09-29
HSI00000820,University of Pennsylvania Health System,PA,6,7482702719.0,HCRIS FY2023 (FY2022 fallback); acute member hospitals; G-3 line 3,0,8623360997.0,HCRIS FY2024 (periods beginning 2023-10-01..2024-09-30); acute member CCNs; annualized where needed,0,0,15.2,False,False,False,False,False,https://www.ahrq.gov/sites/default/files/wysiwyg/chsp/compendium/chsp-compendium-2023-rev.xlsx,https://data.cms.gov/sites/default/files/2026-09/e85544f7-57ef-477e-9640-313ac0aac400/CostReport_2024_Final.csv,CMS Hospital Provider Cost Report FY2024 (periods beginning 2023-10-01..2024-09-30); file modified 2026-09-29
HSI00001238,Washington Health System,PA,2,254790529.0,HCRIS FY2023 (FY2022 fallback); acute member hospitals; G-3 line 3,0,266037979.0,HCRIS FY2024 (periods beginning 2023-10-01..2024-09-30); acute member CCNs; annualized where needed,0,0,4.4,False,False,False,False,False,https://www.ahrq.gov/sites/default/files/wysiwyg/chsp/compendium/chsp-compendium-2023-rev.xlsx,https://data.cms.gov/sites/default/files/2026-09/e85544f7-57ef-477e-9640-313ac0aac400/CostReport_2024_Final.csv,CMS Hospital Provider Cost Report FY2024 (periods beginning 2023-10-01..2024-09-30); file modified 2026-09-29
HSI00001242,Wayne Memorial Health System,PA,1,103550317.0,HCRIS FY2023 (FY2022 fallback); acute member hospitals; G-3 line 3,0,137071075.0,HCRIS FY2024 (periods beginning 2023-10-01..2024-09-30); acute member CCNs; annualized where needed,0,0,32.4,False,False,True,False,False,https://www.ahrq.gov/sites/default/files/wysiwyg/chsp/compendium/chsp-compendium-2023-rev.xlsx,https://data.cms.gov/sites/default/files/2026-09/e85544f7-57ef-477e-9640-313ac0aac400/CostReport_2024_Final.csv,CMS Hospital Provider Cost Report FY2024 (periods beginning 2023-10-01..2024-09-30); file modified 2026-09-29
HSI00001243,Wellspan Health,PA,6,2892632677.0,HCRIS FY2023 (FY2022 fallback); acute member hospitals; G-3 line 3,0,3295031178.0,HCRIS FY2024 (periods beginning 2023-10-01..2024-09-30); acute member CCNs; annualized where needed,0,0,13.9,False,False,False,False,False,https://www.ahrq.gov/sites/default/files/wysiwyg/chsp/compendium/chsp-compendium-2023-rev.xlsx,https://data.cms.gov/sites/default/files/2026-09/e85544f7-57ef-477e-9640-313ac0aac400/CostReport_2024_Final.csv,CMS Hospital Provider Cost Report FY2024 (periods beginning 2023-10-01..2024-09-30); file modified 2026-09-29
HSI00000166,Care New England Health System,RI,2,828583377.0,HCRIS FY2023 (FY2022 fallback); acute member hospitals; G-3 line 3,0,955037785.0,HCRIS FY2024 (periods beginning 2023-10-01..2024-09-30); acute member CCNs; annualized where needed,0,0,15.3,False,False,False,False,False,https://www.ahrq.gov/sites/default/files/wysiwyg/chsp/compendium/chsp-compendium-2023-rev.xlsx,https://data.cms.gov/sites/default/files/2026-09/e85544f7-57ef-477e-9640-313ac0aac400/CostReport_2024_Final.csv,CMS Hospital Provider Cost Report FY2024 (periods beginning 2023-10-01..2024-09-30); file modified 2026-09-29
HSI00000585,Lifespan,RI,3,2172800974.0,HCRIS FY2023 (FY2022 fallback); acute member hospitals; G-3 line 3,0,2370941303.0,HCRIS FY2024 (periods beginning 2023-10-01..2024-09-30); acute member CCNs; annualized where needed,0,0,9.1,False,False,False,False,False,https://www.ahrq.gov/sites/default/files/wysiwyg/chsp/compendium/chsp-compendium-2023-rev.xlsx,https://data.cms.gov/sites/default/files/2026-09/e85544f7-57ef-477e-9640-313ac0aac400/CostReport_2024_Final.csv,CMS Hospital Provider Cost Report FY2024 (periods beginning 2023-10-01..2024-09-30); file modified 2026-09-29
HSI00000998,South County Health,RI,1,224831385.0,HCRIS FY2023 (FY2022 fallback); acute member hospitals; G-3 line 3,0,229888317.0,HCRIS FY2024 (periods beginning 2023-10-01..2024-09-30); acute member CCNs; annualized where needed,0,0,2.2,False,False,False,False,False,https://www.ahrq.gov/sites/default/files/wysiwyg/chsp/compendium/chsp-compendium-2023-rev.xlsx,https://data.cms.gov/sites/default/files/2026-09/e85544f7-57ef-477e-9640-313ac0aac400/CostReport_2024_Final.csv,CMS Hospital Provider Cost Report FY2024 (periods beginning 2023-10-01..2024-09-30); file modified 2026-09-29
HSI00001382,AnMed Health,SC,2,622732411.0,HCRIS FY2023 (FY2022 fallback); acute member hospitals; G-3 line 3,0,737903672.0,HCRIS FY2024 (periods beginning 2023-10-01..2024-09-30); acute member CCNs; annualized where needed,0,0,18.5,False,False,False,False,False,https://www.ahrq.gov/sites/default/files/wysiwyg/chsp/compendium/chsp-compendium-2023-rev.xlsx,https://data.cms.gov/sites/default/files/2026-09/e85544f7-57ef-477e-9640-313ac0aac400/CostReport_2024_Final.csv,CMS Hospital Provider Cost Report FY2024 (periods beginning 2023-10-01..2024-09-30); file modified 2026-09-29
HSI00000271,Conway Medical Center,SC,1,270969273.0,HCRIS FY2023 (FY2022 fallback); acute member hospitals; G-3 line 3,0,290165782.0,HCRIS FY2024 (periods beginning 2023-10-01..2024-09-30); acute member CCNs; annualized where needed,0,0,7.1,False,False,False,False,False,https://www.ahrq.gov/sites/default/files/wysiwyg/chsp/compendium/chsp-compendium-2023-rev.xlsx,https://data.cms.gov/sites/default/files/2026-09/e85544f7-57ef-477e-9640-313ac0aac400/CostReport_2024_Final.csv,CMS Hospital Provider Cost Report FY2024 (periods beginning 2023-10-01..2024-09-30); file modified 2026-09-29
HSI00000579,Lexington Medical Center,SC,1,1513233364.0,HCRIS FY2023 (FY2022 fallback); acute member hospitals; G-3 line 3,0,1587166883.0,HCRIS FY2024 (periods beginning 2023-10-01..2024-09-30); acute member CCNs; annualized where needed,0,0,4.9,False,False,False,False,False,https://www.ahrq.gov/sites/default/files/wysiwyg/chsp/compendium/chsp-compendium-2023-rev.xlsx,https://data.cms.gov/sites/default/files/2026-09/e85544f7-57ef-477e-9640-313ac0aac400/CostReport_2024_Final.csv,CMS Hospital Provider Cost Report FY2024 (periods beginning 2023-10-01..2024-09-30); file modified 2026-09-29
HSI00000637,McLeod Health,SC,5,1329212264.0,HCRIS FY2023 (FY2022 fallback); acute member hospitals; G-3 line 3,0,1608987235.0,HCRIS FY2024 (periods beginning 2023-10-01..2024-09-30); acute member CCNs; annualized where needed,0,0,21.0,False,False,False,False,False,https://www.ahrq.gov/sites/default/files/wysiwyg/chsp/compendium/chsp-compendium-2023-rev.xlsx,https://data.cms.gov/sites/default/files/2026-09/e85544f7-57ef-477e-9640-313ac0aac400/CostReport_2024_Final.csv,CMS Hospital Provider Cost Report FY2024 (periods beginning 2023-10-01..2024-09-30); file modified 2026-09-29
HSI00001378,Prisma Health,SC,10,4181808678.0,HCRIS FY2023 (FY2022 fallback); acute member hospitals; G-3 line 3,0,4579768521.0,HCRIS FY2024 (periods beginning 2023-10-01..2024-09-30); acute member CCNs; annualized where needed,0,0,9.5,False,False,False,False,False,https://www.ahrq.gov/sites/default/files/wysiwyg/chsp/compendium/chsp-compendium-2023-rev.xlsx,https://data.cms.gov/sites/default/files/2026-09/e85544f7-57ef-477e-9640-313ac0aac400/CostReport_2024_Final.csv,CMS Hospital Provider Cost Report FY2024 (periods beginning 2023-10-01..2024-09-30); file modified 2026-09-29
HSI00000068,Avera Health,SD,39,2517473889.0,HCRIS FY2023 (FY2022 fallback); acute member hospitals; G-3 line 3,4,3185577339.0,HCRIS FY2024 (periods beginning 2023-10-01..2024-09-30); acute member CCNs; annualized where needed,3,0,26.5,False,True,True,False,True,https://www.ahrq.gov/sites/default/files/wysiwyg/chsp/compendium/chsp-compendium-2023-rev.xlsx,https://data.cms.gov/sites/default/files/2026-09/e85544f7-57ef-477e-9640-313ac0aac400/CostReport_2024_Final.csv,CMS Hospital Provider Cost Report FY2024 (periods beginning 2023-10-01..2024-09-30); file modified 2026-09-29
HSI00000868,Monument Health,SD,9,980321335.0,HCRIS FY2023 (FY2022 fallback); acute member hospitals; G-3 line 3,1,1118496917.0,HCRIS FY2024 (periods beginning 2023-10-01..2024-09-30); acute member CCNs; annualized where needed,1,0,14.1,False,True,False,False,False,https://www.ahrq.gov/sites/default/files/wysiwyg/chsp/compendium/chsp-compendium-2023-rev.xlsx,https://data.cms.gov/sites/default/files/2026-09/e85544f7-57ef-477e-9640-313ac0aac400/CostReport_2024_Final.csv,CMS Hospital Provider Cost Report FY2024 (periods beginning 2023-10-01..2024-09-30); file modified 2026-09-29
HSI00000958,Sanford Health,SD,40,4666228728.0,HCRIS FY2023 (FY2022 fallback); acute member hospitals; G-3 line 3,6,5284256956.0,HCRIS FY2024 (periods beginning 2023-10-01..2024-09-30); acute member CCNs; annualized where needed,5,1,13.2,False,True,False,False,True,https://www.ahrq.gov/sites/default/files/wysiwyg/chsp/compendium/chsp-compendium-2023-rev.xlsx,https://data.cms.gov/sites/default/files/2026-09/e85544f7-57ef-477e-9640-313ac0aac400/CostReport_2024_Final.csv,CMS Hospital Provider Cost Report FY2024 (periods beginning 2023-10-01..2024-09-30); file modified 2026-09-29
HSI00001284,Ballad Health,TN,21,2104074046.0,HCRIS FY2023 (FY2022 fallback); acute member hospitals; G-3 line 3,4,2381062175.0,HCRIS FY2024 (periods beginning 2023-10-01..2024-09-30); acute member CCNs; annualized where needed,4,0,13.2,False,True,False,False,False,https://www.ahrq.gov/sites/default/files/wysiwyg/chsp/compendium/chsp-compendium-2023-rev.xlsx,https://data.cms.gov/sites/default/files/2026-09/e85544f7-57ef-477e-9640-313ac0aac400/CostReport_2024_Final.csv,CMS Hospital Provider Cost Report FY2024 (periods beginning 2023-10-01..2024-09-30); file modified 2026-09-29
HSI00000081,Baptist Memorial Health Care Corporation,TN,19,2947353936.0,HCRIS FY2023 (FY2022 fallback); acute member hospitals; G-3 line 3,2,3531155183.0,HCRIS FY2024 (periods beginning 2023-10-01..2024-09-30); acute member CCNs; annualized where needed,2,0,19.8,False,True,False,False,False,https://www.ahrq.gov/sites/default/files/wysiwyg/chsp/compendium/chsp-compendium-2023-rev.xlsx,https://data.cms.gov/sites/default/files/2026-09/e85544f7-57ef-477e-9640-313ac0aac400/CostReport_2024_Final.csv,CMS Hospital Provider Cost Report FY2024 (periods beginning 2023-10-01..2024-09-30); file modified 2026-09-29
HSI00000286,Covenant Health,TN,9,1398634970.0,HCRIS FY2023 (FY2022 fallback); acute member hospitals; G-3 line 3,0,1087637599.0,HCRIS FY2024 (periods beginning 2023-10-01..2024-09-30); acute member CCNs; annualized where needed,1,0,-22.2,False,True,False,False,True,https://www.ahrq.gov/sites/default/files/wysiwyg/chsp/compendium/chsp-compendium-2023-rev.xlsx,https://data.cms.gov/sites/default/files/2026-09/e85544f7-57ef-477e-9640-313ac0aac400/CostReport_2024_Final.csv,CMS Hospital Provider Cost Report FY2024 (periods beginning 2023-10-01..2024-09-30); file modified 2026-09-29
HSI00000327,East Tennessee Childrens Hospital Association,TN,1,,HCRIS FY2023 (FY2022 fallback); acute member hospitals; G-3 line 3,1,312649794.0,HCRIS FY2024 (periods beginning 2023-10-01..2024-09-30); acute member CCNs; annualized where needed,0,0,,True,True,False,False,True,https://www.ahrq.gov/sites/default/files/wysiwyg/chsp/compendium/chsp-compendium-2023-rev.xlsx,https://data.cms.gov/sites/default/files/2026-09/e85544f7-57ef-477e-9640-313ac0aac400/CostReport_2024_Final.csv,CMS Hospital Provider Cost Report FY2024 (periods beginning 2023-10-01..2024-09-30); file modified 2026-09-29
HSI00000675,Methodist Le Bonheur Healthcare,TN,2,1734928473.0,HCRIS FY2023 (FY2022 fallback); acute member hospitals; G-3 line 3,0,1830674311.0,HCRIS FY2024 (periods beginning 2023-10-01..2024-09-30); acute member CCNs; annualized where needed,0,0,5.5,False,False,False,False,False,https://www.ahrq.gov/sites/default/files/wysiwyg/chsp/compendium/chsp-compendium-2023-rev.xlsx,https://data.cms.gov/sites/default/files/2026-09/e85544f7-57ef-477e-9640-313ac0aac400/CostReport_2024_Final.csv,CMS Hospital Provider Cost Report FY2024 (periods beginning 2023-10-01..2024-09-30); file modified 2026-09-29
HSI00000870,Regional One Health,TN,1,407880356.0,HCRIS FY2023 (FY2022 fallback); acute member hospitals; G-3 line 3,0,453336800.0,HCRIS FY2024 (periods beginning 2023-10-01..2024-09-30); acute member CCNs; annualized where needed,0,0,11.1,False,False,False,False,False,https://www.ahrq.gov/sites/default/files/wysiwyg/chsp/compendium/chsp-compendium-2023-rev.xlsx,https://data.cms.gov/sites/default/files/2026-09/e85544f7-57ef-477e-9640-313ac0aac400/CostReport_2024_Final.csv,CMS Hospital Provider Cost Report FY2024 (periods beginning 2023-10-01..2024-09-30); file modified 2026-09-29
HSI00001153,University of Tennessee Medical Center,TN,1,1213548796.0,HCRIS FY2023 (FY2022 fallback); acute member hospitals; G-3 line 3,0,1289219874.0,HCRIS FY2024 (periods beginning 2023-10-01..2024-09-30); acute member CCNs; annualized where needed,0,0,6.2,False,False,False,False,False,https://www.ahrq.gov/sites/default/files/wysiwyg/chsp/compendium/chsp-compendium-2023-rev.xlsx,https://data.cms.gov/sites/default/files/2026-09/e85544f7-57ef-477e-9640-313ac0aac400/CostReport_2024_Final.csv,CMS Hospital Provider Cost Report FY2024 (periods beginning 2023-10-01..2024-09-30); file modified 2026-09-29
HSI00001222,Vanderbilt Health,TN,4,5729356840.0,HCRIS FY2023 (FY2022 fallback); acute member hospitals; G-3 line 3,0,7264595549.0,HCRIS FY2024 (periods beginning 2023-10-01..2024-09-30); acute member CCNs; annualized where needed,0,0,26.8,False,False,True,False,False,https://www.ahrq.gov/sites/default/files/wysiwyg/chsp/compendium/chsp-compendium-2023-rev.xlsx,https://data.cms.gov/sites/default/files/2026-09/e85544f7-57ef-477e-9640-313ac0aac400/CostReport_2024_Final.csv,CMS Hospital Provider Cost Report FY2024 (periods beginning 2023-10-01..2024-09-30); file modified 2026-09-29
HSI00000096,Baylor Scott and White Health,TX,25,7757139545.0,HCRIS FY2023 (FY2022 fallback); acute member hospitals; G-3 line 3,4,6296855700.0,HCRIS FY2024 (periods beginning 2023-10-01..2024-09-30); acute member CCNs; annualized where needed,7,1,-18.8,False,True,False,False,True,https://www.ahrq.gov/sites/default/files/wysiwyg/chsp/compendium/chsp-compendium-2023-rev.xlsx,https://data.cms.gov/sites/default/files/2026-09/e85544f7-57ef-477e-9640-313ac0aac400/CostReport_2024_Final.csv,CMS Hospital Provider Cost Report FY2024 (periods beginning 2023-10-01..2024-09-30); file modified 2026-09-29
HSI00000208,Childrens Health,TX,3,2245347709.0,HCRIS FY2023 (FY2022 fallback); acute member hospitals; G-3 line 3,1,2418052084.0,HCRIS FY2024 (periods beginning 2023-10-01..2024-09-30); acute member CCNs; annualized where needed,1,0,7.7,False,True,False,False,False,https://www.ahrq.gov/sites/default/files/wysiwyg/chsp/compendium/chsp-compendium-2023-rev.xlsx,https://data.cms.gov/sites/default/files/2026-09/e85544f7-57ef-477e-9640-313ac0aac400/CostReport_2024_Final.csv,CMS Hospital Provider Cost Report FY2024 (periods beginning 2023-10-01..2024-09-30); file modified 2026-09-29
HSI00000152,Christus Health,TX,26,6098506336.0,HCRIS FY2023 (FY2022 fallback); acute member hospitals; G-3 line 3,3,6951267904.0,HCRIS FY2024 (periods beginning 2023-10-01..2024-09-30); acute member CCNs; annualized where needed,3,0,14.0,False,True,False,False,False,https://www.ahrq.gov/sites/default/files/wysiwyg/chsp/compendium/chsp-compendium-2023-rev.xlsx,https://data.cms.gov/sites/default/files/2026-09/e85544f7-57ef-477e-9640-313ac0aac400/CostReport_2024_Final.csv,CMS Hospital Provider Cost Report FY2024 (periods beginning 2023-10-01..2024-09-30); file modified 2026-09-29
HSI00000251,Community Hospital Corporation,TX,11,904157142.0,HCRIS FY2023 (FY2022 fallback); acute member hospitals; G-3 line 3,1,566913880.0,HCRIS FY2024 (periods beginning 2023-10-01..2024-09-30); acute member CCNs; annualized where needed,2,1,-37.3,False,True,True,False,True,https://www.ahrq.gov/sites/default/files/wysiwyg/chsp/compendium/chsp-compendium-2023-rev.xlsx,https://data.cms.gov/sites/default/files/2026-09/e85544f7-57ef-477e-9640-313ac0aac400/CostReport_2024_Final.csv,CMS Hospital Provider Cost Report FY2024 (periods beginning 2023-10-01..2024-09-30); file modified 2026-09-29
HSI00000273,Cook Childrens Health Care System,TX,2,1612774162.0,HCRIS FY2023 (FY2022 fallback); acute member hospitals; G-3 line 3,1,1959970633.0,HCRIS FY2024 (periods beginning 2023-10-01..2024-09-30); acute member CCNs; annualized where needed,0,0,21.5,False,True,False,False,True,https://www.ahrq.gov/sites/default/files/wysiwyg/chsp/compendium/chsp-compendium-2023-rev.xlsx,https://data.cms.gov/sites/default/files/2026-09/e85544f7-57ef-477e-9640-313ac0aac400/CostReport_2024_Final.csv,CMS Hospital Provider Cost Report FY2024 (periods beginning 2023-10-01..2024-09-30); file modified 2026-09-29
HSI00000321,Driscoll Childrens Hospital,TX,1,694328846.0,HCRIS FY2023 (FY2022 fallback); acute member hospitals; G-3 line 3,0,,HCRIS FY2024 (periods beginning 2023-10-01..2024-09-30); acute member CCNs; annualized where needed,1,0,,False,True,False,False,True,https://www.ahrq.gov/sites/default/files/wysiwyg/chsp/compendium/chsp-compendium-2023-rev.xlsx,https://data.cms.gov/sites/default/files/2026-09/e85544f7-57ef-477e-9640-313ac0aac400/CostReport_2024_Final.csv,CMS Hospital Provider Cost Report FY2024 (periods beginning 2023-10-01..2024-09-30); file modified 2026-09-29
HSI00000471,Hendrick Health System,TX,3,824367356.0,HCRIS FY2023 (FY2022 fallback); acute member hospitals; G-3 line 3,1,,HCRIS FY2024 (periods beginning 2023-10-01..2024-09-30); acute member CCNs; annualized where needed,3,0,,False,True,False,False,True,https://www.ahrq.gov/sites/default/files/wysiwyg/chsp/compendium/chsp-compendium-2023-rev.xlsx,https://data.cms.gov/sites/default/files/2026-09/e85544f7-57ef-477e-9640-313ac0aac400/CostReport_2024_Final.csv,CMS Hospital Provider Cost Report FY2024 (periods beginning 2023-10-01..2024-09-30); file modified 2026-09-29
HSI00001081,Houston Methodist,TX,7,6281664751.0,HCRIS FY2023 (FY2022 fallback); acute member hospitals; G-3 line 3,0,6938443964.0,HCRIS FY2024 (periods beginning 2023-10-01..2024-09-30); acute member CCNs; annualized where needed,0,0,10.5,False,False,False,False,False,https://www.ahrq.gov/sites/default/files/wysiwyg/chsp/compendium/chsp-compendium-2023-rev.xlsx,https://data.cms.gov/sites/default/files/2026-09/e85544f7-57ef-477e-9640-313ac0aac400/CostReport_2024_Final.csv,CMS Hospital Provider Cost Report FY2024 (periods beginning 2023-10-01..2024-09-30); file modified 2026-09-29
HSI00000654,Memorial Hermann Healthcare System,TX,7,6612021513.0,HCRIS FY2023 (FY2022 fallback); acute member hospitals; G-3 line 3,1,7255577982.0,HCRIS FY2024 (periods beginning 2023-10-01..2024-09-30); acute member CCNs; annualized where needed,1,0,9.7,False,True,False,False,False,https://www.ahrq.gov/sites/default/files/wysiwyg/chsp/compendium/chsp-compendium-2023-rev.xlsx,https://data.cms.gov/sites/default/files/2026-09/e85544f7-57ef-477e-9640-313ac0aac400/CostReport_2024_Final.csv,CMS Hospital Provider Cost Report FY2024 (periods beginning 2023-10-01..2024-09-30); file modified 2026-09-29
HSI00000673,Methodist Health System,TX,7,1837350034.0,HCRIS FY2023 (FY2022 fallback); acute member hospitals; G-3 line 3,0,2141736176.0,HCRIS FY2024 (periods beginning 2023-10-01..2024-09-30); acute member CCNs; annualized where needed,0,0,16.6,False,False,False,False,False,https://www.ahrq.gov/sites/default/files/wysiwyg/chsp/compendium/chsp-compendium-2023-rev.xlsx,https://data.cms.gov/sites/default/files/2026-09/e85544f7-57ef-477e-9640-313ac0aac400/CostReport_2024_Final.csv,CMS Hospital Provider Cost Report FY2024 (periods beginning 2023-10-01..2024-09-30); file modified 2026-09-29
HSI00000822,Peterson Health,TX,1,171731833.0,HCRIS FY2023 (FY2022 fallback); acute member hospitals; G-3 line 3,0,207710514.0,HCRIS FY2024 (periods beginning 2023-10-01..2024-09-30); acute member CCNs; annualized where needed,0,0,21.0,False,False,False,False,False,https://www.ahrq.gov/sites/default/files/wysiwyg/chsp/compendium/chsp-compendium-2023-rev.xlsx,https://data.cms.gov/sites/default/files/2026-09/e85544f7-57ef-477e-9640-313ac0aac400/CostReport_2024_Final.csv,CMS Hospital Provider Cost Report FY2024 (periods beginning 2023-10-01..2024-09-30); file modified 2026-09-29
HSI00000975,Shannon Health System,TX,2,642627750.0,HCRIS FY2023 (FY2022 fallback); acute member hospitals; G-3 line 3,1,731698164.0,HCRIS FY2024 (periods beginning 2023-10-01..2024-09-30); acute member CCNs; annualized where needed,1,0,13.9,False,True,False,False,False,https://www.ahrq.gov/sites/default/files/wysiwyg/chsp/compendium/chsp-compendium-2023-rev.xlsx,https://data.cms.gov/sites/default/files/2026-09/e85544f7-57ef-477e-9640-313ac0aac400/CostReport_2024_Final.csv,CMS Hospital Provider Cost Report FY2024 (periods beginning 2023-10-01..2024-09-30); file modified 2026-09-29
HSI00001069,Texas Childrens Hospital,TX,1,2842123139.0,HCRIS FY2023 (FY2022 fallback); acute member hospitals; G-3 line 3,0,3037599156.0,HCRIS FY2024 (periods beginning 2023-10-01..2024-09-30); acute member CCNs; annualized where needed,0,0,6.9,False,False,False,False,False,https://www.ahrq.gov/sites/default/files/wysiwyg/chsp/compendium/chsp-compendium-2023-rev.xlsx,https://data.cms.gov/sites/default/files/2026-09/e85544f7-57ef-477e-9640-313ac0aac400/CostReport_2024_Final.csv,CMS Hospital Provider Cost Report FY2024 (periods beginning 2023-10-01..2024-09-30); file modified 2026-09-29
HSI00001072,Texas Health Resources,TX,18,4959581904.0,HCRIS FY2023 (FY2022 fallback); acute member hospitals; G-3 line 3,0,5364251703.0,HCRIS FY2024 (periods beginning 2023-10-01..2024-09-30); acute member CCNs; annualized where needed,0,0,8.2,False,False,False,False,False,https://www.ahrq.gov/sites/default/files/wysiwyg/chsp/compendium/chsp-compendium-2023-rev.xlsx,https://data.cms.gov/sites/default/files/2026-09/e85544f7-57ef-477e-9640-313ac0aac400/CostReport_2024_Final.csv,CMS Hospital Provider Cost Report FY2024 (periods beginning 2023-10-01..2024-09-30); file modified 2026-09-29
HSI00001143,United Regional Health Care System,TX,1,447883041.0,HCRIS FY2023 (FY2022 fallback); acute member hospitals; G-3 line 3,0,495831762.0,HCRIS FY2024 (periods beginning 2023-10-01..2024-09-30); acute member CCNs; annualized where needed,0,0,10.7,False,False,False,False,False,https://www.ahrq.gov/sites/default/files/wysiwyg/chsp/compendium/chsp-compendium-2023-rev.xlsx,https://data.cms.gov/sites/default/files/2026-09/e85544f7-57ef-477e-9640-313ac0aac400/CostReport_2024_Final.csv,CMS Hospital Provider Cost Report FY2024 (periods beginning 2023-10-01..2024-09-30); file modified 2026-09-29
HSI00000516,Intermountain Healthcare,UT,31,9587507849.0,HCRIS FY2023 (FY2022 fallback); acute member hospitals; G-3 line 3,0,10181065979.0,HCRIS FY2024 (periods beginning 2023-10-01..2024-09-30); acute member CCNs; annualized where needed,0,0,6.2,False,False,False,False,False,https://www.ahrq.gov/sites/default/files/wysiwyg/chsp/compendium/chsp-compendium-2023-rev.xlsx,https://data.cms.gov/sites/default/files/2026-09/e85544f7-57ef-477e-9640-313ac0aac400/CostReport_2024_Final.csv,CMS Hospital Provider Cost Report FY2024 (periods beginning 2023-10-01..2024-09-30); file modified 2026-09-29
HSI00000063,Augusta Health,VA,1,448911975.0,HCRIS FY2023 (FY2022 fallback); acute member hospitals; G-3 line 3,0,495119616.0,HCRIS FY2024 (periods beginning 2023-10-01..2024-09-30); acute member CCNs; annualized where needed,0,0,10.3,False,False,False,False,False,https://www.ahrq.gov/sites/default/files/wysiwyg/chsp/compendium/chsp-compendium-2023-rev.xlsx,https://data.cms.gov/sites/default/files/2026-09/e85544f7-57ef-477e-9640-313ac0aac400/CostReport_2024_Final.csv,CMS Hospital Provider Cost Report FY2024 (periods beginning 2023-10-01..2024-09-30); file modified 2026-09-29
HSI00000170,Carilion Clinic,VA,7,2029403736.0,HCRIS FY2023 (FY2022 fallback); acute member hospitals; G-3 line 3,1,2275626601.0,HCRIS FY2024 (periods beginning 2023-10-01..2024-09-30); acute member CCNs; annualized where needed,1,0,12.1,False,True,False,False,False,https://www.ahrq.gov/sites/default/files/wysiwyg/chsp/compendium/chsp-compendium-2023-rev.xlsx,https://data.cms.gov/sites/default/files/2026-09/e85544f7-57ef-477e-9640-313ac0aac400/CostReport_2024_Final.csv,CMS Hospital Provider Cost Report FY2024 (periods beginning 2023-10-01..2024-09-30); file modified 2026-09-29
HSI00000192,Centra Health,VA,4,1094703075.0,HCRIS FY2023 (FY2022 fallback); acute member hospitals; G-3 line 3,1,1093654413.0,HCRIS FY2024 (periods beginning 2023-10-01..2024-09-30); acute member CCNs; annualized where needed,1,0,-0.1,False,True,False,False,False,https://www.ahrq.gov/sites/default/files/wysiwyg/chsp/compendium/chsp-compendium-2023-rev.xlsx,https://data.cms.gov/sites/default/files/2026-09/e85544f7-57ef-477e-9640-313ac0aac400/CostReport_2024_Final.csv,CMS Hospital Provider Cost Report FY2024 (periods beginning 2023-10-01..2024-09-30); file modified 2026-09-29
HSI00000215,Childrens Hospital of the Kings Daughters Health System,VA,1,546188212.0,HCRIS FY2023 (FY2022 fallback); acute member hospitals; G-3 line 3,0,733412937.0,HCRIS FY2024 (periods beginning 2023-10-01..2024-09-30); acute member CCNs; annualized where needed,0,0,34.3,False,False,True,False,False,https://www.ahrq.gov/sites/default/files/wysiwyg/chsp/compendium/chsp-compendium-2023-rev.xlsx,https://data.cms.gov/sites/default/files/2026-09/e85544f7-57ef-477e-9640-313ac0aac400/CostReport_2024_Final.csv,CMS Hospital Provider Cost Report FY2024 (periods beginning 2023-10-01..2024-09-30); file modified 2026-09-29
HSI00000513,Inova Health System,VA,5,4422197920.0,HCRIS FY2023 (FY2022 fallback); acute member hospitals; G-3 line 3,0,5011631275.0,HCRIS FY2024 (periods beginning 2023-10-01..2024-09-30); acute member CCNs; annualized where needed,0,0,13.3,False,False,False,False,False,https://www.ahrq.gov/sites/default/files/wysiwyg/chsp/compendium/chsp-compendium-2023-rev.xlsx,https://data.cms.gov/sites/default/files/2026-09/e85544f7-57ef-477e-9640-313ac0aac400/CostReport_2024_Final.csv,CMS Hospital Provider Cost Report FY2024 (periods beginning 2023-10-01..2024-09-30); file modified 2026-09-29
HSI00000624,Mary Washington Healthcare,VA,2,739433254.0,HCRIS FY2023 (FY2022 fallback); acute member hospitals; G-3 line 3,0,844413770.0,HCRIS FY2024 (periods beginning 2023-10-01..2024-09-30); acute member CCNs; annualized where needed,0,0,14.2,False,False,False,False,False,https://www.ahrq.gov/sites/default/files/wysiwyg/chsp/compendium/chsp-compendium-2023-rev.xlsx,https://data.cms.gov/sites/default/files/2026-09/e85544f7-57ef-477e-9640-313ac0aac400/CostReport_2024_Final.csv,CMS Hospital Provider Cost Report FY2024 (periods beginning 2023-10-01..2024-09-30); file modified 2026-09-29
HSI00000883,Riverside Health System,VA,4,1376432825.0,HCRIS FY2023 (FY2022 fallback); acute member hospitals; G-3 line 3,0,1508067411.0,HCRIS FY2024 (periods beginning 2023-10-01..2024-09-30); acute member CCNs; annualized where needed,0,0,9.6,False,False,False,False,False,https://www.ahrq.gov/sites/default/files/wysiwyg/chsp/compendium/chsp-compendium-2023-rev.xlsx,https://data.cms.gov/sites/default/files/2026-09/e85544f7-57ef-477e-9640-313ac0aac400/CostReport_2024_Final.csv,CMS Hospital Provider Cost Report FY2024 (periods beginning 2023-10-01..2024-09-30); file modified 2026-09-29
HSI00000972,Sentara Healthcare,VA,12,5320459115.0,HCRIS FY2023 (FY2022 fallback); acute member hospitals; G-3 line 3,0,6006593924.0,HCRIS FY2024 (periods beginning 2023-10-01..2024-09-30); acute member CCNs; annualized where needed,0,0,12.9,False,False,False,False,False,https://www.ahrq.gov/sites/default/files/wysiwyg/chsp/compendium/chsp-compendium-2023-rev.xlsx,https://data.cms.gov/sites/default/files/2026-09/e85544f7-57ef-477e-9640-313ac0aac400/CostReport_2024_Final.csv,CMS Hospital Provider Cost Report FY2024 (periods beginning 2023-10-01..2024-09-30); file modified 2026-09-29
HSI00001186,University of Virginia Health System,VA,4,2811511963.0,HCRIS FY2023 (FY2022 fallback); acute member hospitals; G-3 line 3,0,3430351801.0,HCRIS FY2024 (periods beginning 2023-10-01..2024-09-30); acute member CCNs; annualized where needed,0,0,22.0,False,False,False,False,False,https://www.ahrq.gov/sites/default/files/wysiwyg/chsp/compendium/chsp-compendium-2023-rev.xlsx,https://data.cms.gov/sites/default/files/2026-09/e85544f7-57ef-477e-9640-313ac0aac400/CostReport_2024_Final.csv,CMS Hospital Provider Cost Report FY2024 (periods beginning 2023-10-01..2024-09-30); file modified 2026-09-29
HSI00001499,VHC Health,VA,1,678312768.0,HCRIS FY2023 (FY2022 fallback); acute member hospitals; G-3 line 3,0,696241304.0,HCRIS FY2024 (periods beginning 2023-10-01..2024-09-30); acute member CCNs; annualized where needed,0,0,2.6,False,False,False,False,False,https://www.ahrq.gov/sites/default/files/wysiwyg/chsp/compendium/chsp-compendium-2023-rev.xlsx,https://data.cms.gov/sites/default/files/2026-09/e85544f7-57ef-477e-9640-313ac0aac400/CostReport_2024_Final.csv,CMS Hospital Provider Cost Report FY2024 (periods beginning 2023-10-01..2024-09-30); file modified 2026-09-29
HSI00001217,Valley Health,VA,6,1065413447.0,HCRIS FY2023 (FY2022 fallback); acute member hospitals; G-3 line 3,0,1167676928.0,HCRIS FY2024 (periods beginning 2023-10-01..2024-09-30); acute member CCNs; annualized where needed,0,0,9.6,False,False,False,False,False,https://www.ahrq.gov/sites/default/files/wysiwyg/chsp/compendium/chsp-compendium-2023-rev.xlsx,https://data.cms.gov/sites/default/files/2026-09/e85544f7-57ef-477e-9640-313ac0aac400/CostReport_2024_Final.csv,CMS Hospital Provider Cost Report FY2024 (periods beginning 2023-10-01..2024-09-30); file modified 2026-09-29
HSI00000900,Rutland Regional Health Services,VT,1,325028245.0,HCRIS FY2023 (FY2022 fallback); acute member hospitals; G-3 line 3,0,330638346.0,HCRIS FY2024 (periods beginning 2023-10-01..2024-09-30); acute member CCNs; annualized where needed,0,0,1.7,False,False,False,False,False,https://www.ahrq.gov/sites/default/files/wysiwyg/chsp/compendium/chsp-compendium-2023-rev.xlsx,https://data.cms.gov/sites/default/files/2026-09/e85544f7-57ef-477e-9640-313ac0aac400/CostReport_2024_Final.csv,CMS Hospital Provider Cost Report FY2024 (periods beginning 2023-10-01..2024-09-30); file modified 2026-09-29
HSI00001185,University of Vermont Health Network,VT,6,2672843716.0,HCRIS FY2023 (FY2022 fallback); acute member hospitals; G-3 line 3,0,2737432681.0,HCRIS FY2024 (periods beginning 2023-10-01..2024-09-30); acute member CCNs; annualized where needed,1,0,2.4,False,True,False,False,True,https://www.ahrq.gov/sites/default/files/wysiwyg/chsp/compendium/chsp-compendium-2023-rev.xlsx,https://data.cms.gov/sites/default/files/2026-09/e85544f7-57ef-477e-9640-313ac0aac400/CostReport_2024_Final.csv,CMS Hospital Provider Cost Report FY2024 (periods beginning 2023-10-01..2024-09-30); file modified 2026-09-29
HSI00001281,Astria Health System,WA,2,171165690.0,HCRIS FY2023 (FY2022 fallback); acute member hospitals; G-3 line 3,0,178828551.0,HCRIS FY2024 (periods beginning 2023-10-01..2024-09-30); acute member CCNs; annualized where needed,0,0,4.5,False,False,False,False,False,https://www.ahrq.gov/sites/default/files/wysiwyg/chsp/compendium/chsp-compendium-2023-rev.xlsx,https://data.cms.gov/sites/default/files/2026-09/e85544f7-57ef-477e-9640-313ac0aac400/CostReport_2024_Final.csv,CMS Hospital Provider Cost Report FY2024 (periods beginning 2023-10-01..2024-09-30); file modified 2026-09-29
HSI00000266,Confluence Health,WA,2,970193473.0,HCRIS FY2023 (FY2022 fallback); acute member hospitals; G-3 line 3,0,938371003.0,HCRIS FY2024 (periods beginning 2023-10-01..2024-09-30); acute member CCNs; annualized where needed,1,0,-3.3,False,True,False,False,True,https://www.ahrq.gov/sites/default/files/wysiwyg/chsp/compendium/chsp-compendium-2023-rev.xlsx,https://data.cms.gov/sites/default/files/2026-09/e85544f7-57ef-477e-9640-313ac0aac400/CostReport_2024_Final.csv,CMS Hospital Provider Cost Report FY2024 (periods beginning 2023-10-01..2024-09-30); file modified 2026-09-29
HSI00001356,Island Hospital,WA,1,106148126.0,HCRIS FY2023 (FY2022 fallback); acute member hospitals; G-3 line 3,0,111250551.0,HCRIS FY2024 (periods beginning 2023-10-01..2024-09-30); acute member CCNs; annualized where needed,0,0,4.8,False,False,False,False,False,https://www.ahrq.gov/sites/default/files/wysiwyg/chsp/compendium/chsp-compendium-2023-rev.xlsx,https://data.cms.gov/sites/default/files/2026-09/e85544f7-57ef-477e-9640-313ac0aac400/CostReport_2024_Final.csv,CMS Hospital Provider Cost Report FY2024 (periods beginning 2023-10-01..2024-09-30); file modified 2026-09-29
HSI00000714,Multicare Health System,WA,9,3558883692.0,HCRIS FY2023 (FY2022 fallback); acute member hospitals; G-3 line 3,1,4618223696.0,HCRIS FY2024 (periods beginning 2023-10-01..2024-09-30); acute member CCNs; annualized where needed,0,0,29.8,False,True,True,False,True,https://www.ahrq.gov/sites/default/files/wysiwyg/chsp/compendium/chsp-compendium-2023-rev.xlsx,https://data.cms.gov/sites/default/files/2026-09/e85544f7-57ef-477e-9640-313ac0aac400/CostReport_2024_Final.csv,CMS Hospital Provider Cost Report FY2024 (periods beginning 2023-10-01..2024-09-30); file modified 2026-09-29
HSI00001436,Overlake Medical Center and Clinics,WA,1,675123014.0,HCRIS FY2023 (FY2022 fallback); acute member hospitals; G-3 line 3,0,806134615.0,HCRIS FY2024 (periods beginning 2023-10-01..2024-09-30); acute member CCNs; annualized where needed,0,0,19.4,False,False,False,False,False,https://www.ahrq.gov/sites/default/files/wysiwyg/chsp/compendium/chsp-compendium-2023-rev.xlsx,https://data.cms.gov/sites/default/files/2026-09/e85544f7-57ef-477e-9640-313ac0aac400/CostReport_2024_Final.csv,CMS Hospital Provider Cost Report FY2024 (periods beginning 2023-10-01..2024-09-30); file modified 2026-09-29
HSI00000814,Peacehealth,WA,10,3212122334.0,HCRIS FY2023 (FY2022 fallback); acute member hospitals; G-3 line 3,0,3692734824.0,HCRIS FY2024 (periods beginning 2023-10-01..2024-09-30); acute member CCNs; annualized where needed,1,0,15.0,False,True,False,False,True,https://www.ahrq.gov/sites/default/files/wysiwyg/chsp/compendium/chsp-compendium-2023-rev.xlsx,https://data.cms.gov/sites/default/files/2026-09/e85544f7-57ef-477e-9640-313ac0aac400/CostReport_2024_Final.csv,CMS Hospital Provider Cost Report FY2024 (periods beginning 2023-10-01..2024-09-30); file modified 2026-09-29
HSI00000852,Providence,WA,50,18240364806.0,HCRIS FY2023 (FY2022 fallback); acute member hospitals; G-3 line 3,1,20295223178.0,HCRIS FY2024 (periods beginning 2023-10-01..2024-09-30); acute member CCNs; annualized where needed,1,0,11.3,False,True,False,False,False,https://www.ahrq.gov/sites/default/files/wysiwyg/chsp/compendium/chsp-compendium-2023-rev.xlsx,https://data.cms.gov/sites/default/files/2026-09/e85544f7-57ef-477e-9640-313ac0aac400/CostReport_2024_Final.csv,CMS Hospital Provider Cost Report FY2024 (periods beginning 2023-10-01..2024-09-30); file modified 2026-09-29
HSI00000969,Seattle Childrens Hospital Research and Foundation,WA,1,1907462611.0,HCRIS FY2023 (FY2022 fallback); acute member hospitals; G-3 line 3,0,2102552387.0,HCRIS FY2024 (periods beginning 2023-10-01..2024-09-30); acute member CCNs; annualized where needed,0,0,10.2,False,False,False,False,False,https://www.ahrq.gov/sites/default/files/wysiwyg/chsp/compendium/chsp-compendium-2023-rev.xlsx,https://data.cms.gov/sites/default/files/2026-09/e85544f7-57ef-477e-9640-313ac0aac400/CostReport_2024_Final.csv,CMS Hospital Provider Cost Report FY2024 (periods beginning 2023-10-01..2024-09-30); file modified 2026-09-29
HSI00001402,Tri State Memorial Hospital,WA,1,106959674.0,HCRIS FY2023 (FY2022 fallback); acute member hospitals; G-3 line 3,0,124367505.0,HCRIS FY2024 (periods beginning 2023-10-01..2024-09-30); acute member CCNs; annualized where needed,0,0,16.3,False,False,False,False,False,https://www.ahrq.gov/sites/default/files/wysiwyg/chsp/compendium/chsp-compendium-2023-rev.xlsx,https://data.cms.gov/sites/default/files/2026-09/e85544f7-57ef-477e-9640-313ac0aac400/CostReport_2024_Final.csv,CMS Hospital Provider Cost Report FY2024 (periods beginning 2023-10-01..2024-09-30); file modified 2026-09-29
HSI00000057,Aspirus,WI,16,1116510138.0,HCRIS FY2023 (FY2022 fallback); acute member hospitals; G-3 line 3,1,1835533163.0,HCRIS FY2024 (periods beginning 2023-10-01..2024-09-30); acute member CCNs; annualized where needed,1,0,64.4,False,True,True,True,False,https://www.ahrq.gov/sites/default/files/wysiwyg/chsp/compendium/chsp-compendium-2023-rev.xlsx,https://data.cms.gov/sites/default/files/2026-09/e85544f7-57ef-477e-9640-313ac0aac400/CostReport_2024_Final.csv,CMS Hospital Provider Cost Report FY2024 (periods beginning 2023-10-01..2024-09-30); file modified 2026-09-29
HSI00000105,Bellin Health Systems,WI,2,775411736.0,HCRIS FY2023 (FY2022 fallback); acute member hospitals; G-3 line 3,0,846631691.0,HCRIS FY2024 (periods beginning 2023-10-01..2024-09-30); acute member CCNs; annualized where needed,0,0,9.2,False,False,False,False,False,https://www.ahrq.gov/sites/default/files/wysiwyg/chsp/compendium/chsp-compendium-2023-rev.xlsx,https://data.cms.gov/sites/default/files/2026-09/e85544f7-57ef-477e-9640-313ac0aac400/CostReport_2024_Final.csv,CMS Hospital Provider Cost Report FY2024 (periods beginning 2023-10-01..2024-09-30); file modified 2026-09-29
HSI00000106,Beloit Health System,WI,1,264956041.0,HCRIS FY2023 (FY2022 fallback); acute member hospitals; G-3 line 3,0,284004303.0,HCRIS FY2024 (periods beginning 2023-10-01..2024-09-30); acute member CCNs; annualized where needed,0,0,7.2,False,False,False,False,False,https://www.ahrq.gov/sites/default/files/wysiwyg/chsp/compendium/chsp-compendium-2023-rev.xlsx,https://data.cms.gov/sites/default/files/2026-09/e85544f7-57ef-477e-9640-313ac0aac400/CostReport_2024_Final.csv,CMS Hospital Provider Cost Report FY2024 (periods beginning 2023-10-01..2024-09-30); file modified 2026-09-29
HSI00000212,Childrens Hospital and Health System,WI,2,862256968.0,HCRIS FY2023 (FY2022 fallback); acute member hospitals; G-3 line 3,0,933138683.0,HCRIS FY2024 (periods beginning 2023-10-01..2024-09-30); acute member CCNs; annualized where needed,0,0,8.2,False,False,False,False,False,https://www.ahrq.gov/sites/default/files/wysiwyg/chsp/compendium/chsp-compendium-2023-rev.xlsx,https://data.cms.gov/sites/default/files/2026-09/e85544f7-57ef-477e-9640-313ac0aac400/CostReport_2024_Final.csv,CMS Hospital Provider Cost Report FY2024 (periods beginning 2023-10-01..2024-09-30); file modified 2026-09-29
HSI00000386,Froedtert and the Medical College of Wisconsin,WI,6,3172999817.0,HCRIS FY2023 (FY2022 fallback); acute member hospitals; G-3 line 3,1,3044166538.0,HCRIS FY2024 (periods beginning 2023-10-01..2024-09-30); acute member CCNs; annualized where needed,1,0,-4.1,False,True,False,True,False,https://www.ahrq.gov/sites/default/files/wysiwyg/chsp/compendium/chsp-compendium-2023-rev.xlsx,https://data.cms.gov/sites/default/files/2026-09/e85544f7-57ef-477e-9640-313ac0aac400/CostReport_2024_Final.csv,CMS Hospital Provider Cost Report FY2024 (periods beginning 2023-10-01..2024-09-30); file modified 2026-09-29
HSI00000428,Gundersen Health System,WI,8,173638484.0,HCRIS FY2023 (FY2022 fallback); acute member hospitals; G-3 line 3,2,835190540.0,HCRIS FY2024 (periods beginning 2023-10-01..2024-09-30); acute member CCNs; annualized where needed,1,0,381.0,False,True,True,False,True,https://www.ahrq.gov/sites/default/files/wysiwyg/chsp/compendium/chsp-compendium-2023-rev.xlsx,https://data.cms.gov/sites/default/files/2026-09/e85544f7-57ef-477e-9640-313ac0aac400/CostReport_2024_Final.csv,CMS Hospital Provider Cost Report FY2024 (periods beginning 2023-10-01..2024-09-30); file modified 2026-09-29
HSI00000621,Marshfield Clinic Health System,WI,12,1737915451.0,HCRIS FY2023 (FY2022 fallback); acute member hospitals; G-3 line 3,1,1709091154.0,HCRIS FY2024 (periods beginning 2023-10-01..2024-09-30); acute member CCNs; annualized where needed,1,0,-1.7,False,True,False,False,False,https://www.ahrq.gov/sites/default/files/wysiwyg/chsp/compendium/chsp-compendium-2023-rev.xlsx,https://data.cms.gov/sites/default/files/2026-09/e85544f7-57ef-477e-9640-313ac0aac400/CostReport_2024_Final.csv,CMS Hospital Provider Cost Report FY2024 (periods beginning 2023-10-01..2024-09-30); file modified 2026-09-29
HSI00000667,Mercyhealth,WI,4,881262324.0,HCRIS FY2023 (FY2022 fallback); acute member hospitals; G-3 line 3,0,220054163.0,HCRIS FY2024 (periods beginning 2023-10-01..2024-09-30); acute member CCNs; annualized where needed,1,0,-75.0,False,True,True,True,True,https://www.ahrq.gov/sites/default/files/wysiwyg/chsp/compendium/chsp-compendium-2023-rev.xlsx,https://data.cms.gov/sites/default/files/2026-09/e85544f7-57ef-477e-9640-313ac0aac400/CostReport_2024_Final.csv,CMS Hospital Provider Cost Report FY2024 (periods beginning 2023-10-01..2024-09-30); file modified 2026-09-29
HSI00000847,Prohealth Care,WI,2,665599314.0,HCRIS FY2023 (FY2022 fallback); acute member hospitals; G-3 line 3,0,735353135.0,HCRIS FY2024 (periods beginning 2023-10-01..2024-09-30); acute member CCNs; annualized where needed,0,0,10.5,False,False,False,False,False,https://www.ahrq.gov/sites/default/files/wysiwyg/chsp/compendium/chsp-compendium-2023-rev.xlsx,https://data.cms.gov/sites/default/files/2026-09/e85544f7-57ef-477e-9640-313ac0aac400/CostReport_2024_Final.csv,CMS Hospital Provider Cost Report FY2024 (periods beginning 2023-10-01..2024-09-30); file modified 2026-09-29
HSI00001092,ThedaCare,WI,7,927364378.0,HCRIS FY2023 (FY2022 fallback); acute member hospitals; G-3 line 3,0,1082615665.0,HCRIS FY2024 (periods beginning 2023-10-01..2024-09-30); acute member CCNs; annualized where needed,0,7,16.7,False,False,False,False,False,https://www.ahrq.gov/sites/default/files/wysiwyg/chsp/compendium/chsp-compendium-2023-rev.xlsx,https://data.cms.gov/sites/default/files/2026-09/e85544f7-57ef-477e-9640-313ac0aac400/CostReport_2024_Final.csv,CMS Hospital Provider Cost Report FY2024 (periods beginning 2023-10-01..2024-09-30); file modified 2026-09-29
HSI00001540,Western Wisconsin Health,WI,2,66486015.0,HCRIS FY2023 (FY2022 fallback); acute member hospitals; G-3 line 3,1,73647254.0,HCRIS FY2024 (periods beginning 2023-10-01..2024-09-30); acute member CCNs; annualized where needed,1,0,10.8,False,True,False,False,False,https://www.ahrq.gov/sites/default/files/wysiwyg/chsp/compendium/chsp-compendium-2023-rev.xlsx,https://data.cms.gov/sites/default/files/2026-09/e85544f7-57ef-477e-9640-313ac0aac400/CostReport_2024_Final.csv,CMS Hospital Provider Cost Report FY2024 (periods beginning 2023-10-01..2024-09-30); file modified 2026-09-29
HSI00000147,CAMC Health System,WV,8,531064384.0,HCRIS FY2023 (FY2022 fallback); acute member hospitals; G-3 line 3,3,2482330838.0,HCRIS FY2024 (periods beginning 2023-10-01..2024-09-30); acute member CCNs; annualized where needed,1,0,367.4,False,True,True,False,True,https://www.ahrq.gov/sites/default/files/wysiwyg/chsp/compendium/chsp-compendium-2023-rev.xlsx,https://data.cms.gov/sites/default/files/2026-09/e85544f7-57ef-477e-9640-313ac0aac400/CostReport_2024_Final.csv,CMS Hospital Provider Cost Report FY2024 (periods beginning 2023-10-01..2024-09-30); file modified 2026-09-29
HSI00000154,Cabell Huntington Hospital,WV,3,1291077281.0,HCRIS FY2023 (FY2022 fallback); acute member hospitals; G-3 line 3,0,1301689563.0,HCRIS FY2024 (periods beginning 2023-10-01..2024-09-30); acute member CCNs; annualized where needed,0,0,0.8,False,False,False,False,False,https://www.ahrq.gov/sites/default/files/wysiwyg/chsp/compendium/chsp-compendium-2023-rev.xlsx,https://data.cms.gov/sites/default/files/2026-09/e85544f7-57ef-477e-9640-313ac0aac400/CostReport_2024_Final.csv,CMS Hospital Provider Cost Report FY2024 (periods beginning 2023-10-01..2024-09-30); file modified 2026-09-29
HSI00000300,Davis Health System,WV,3,137247386.0,HCRIS FY2023 (FY2022 fallback); acute member hospitals; G-3 line 3,0,183872967.0,HCRIS FY2024 (periods beginning 2023-10-01..2024-09-30); acute member CCNs; annualized where needed,0,0,34.0,False,False,True,False,False,https://www.ahrq.gov/sites/default/files/wysiwyg/chsp/compendium/chsp-compendium-2023-rev.xlsx,https://data.cms.gov/sites/default/files/2026-09/e85544f7-57ef-477e-9640-313ac0aac400/CostReport_2024_Final.csv,CMS Hospital Provider Cost Report FY2024 (periods beginning 2023-10-01..2024-09-30); file modified 2026-09-29
HSI00001251,West Virginia University Health System,WV,22,5020950108.0,HCRIS FY2023 (FY2022 fallback); acute member hospitals; G-3 line 3,1,5620500047.0,HCRIS FY2024 (periods beginning 2023-10-01..2024-09-30); acute member CCNs; annualized where needed,1,1,11.9,False,True,False,False,False,https://www.ahrq.gov/sites/default/files/wysiwyg/chsp/compendium/chsp-compendium-2023-rev.xlsx,https://data.cms.gov/sites/default/files/2026-09/e85544f7-57ef-477e-9640-313ac0aac400/CostReport_2024_Final.csv,CMS Hospital Provider Cost Report FY2024 (periods beginning 2023-10-01..2024-09-30); file modified 2026-09-29
