ccn,hospital_name,hospital_state,system_id,npr_compendium,npr_fy2024,fy2024_reports,fy2024_days,fy2024_period,fy2024_annualized,flag_negative_npr,flag_value_outlier
360159,Adena Regional Medical Center,OH,HSI00000008,490109441.0,475393057.0,1,366,2024-01-01..2024-12-31,False,False,False
361331,Fayette County Memorial Hosp,OH,HSI00000008,56561031.0,63294677.0,1,366,2024-01-01..2024-12-31,False,False,False
361304,Greenfield Area Medical Center,OH,HSI00000008,23549299.0,25008294.0,1,366,2024-01-01..2024-12-31,False,False,False
361334,Pike Community Hospital,OH,HSI00000008,31549637.0,32090972.0,1,366,2024-01-01..2024-12-31,False,False,False
060125,Advent Health Castle Rock Hosp,CO,HSI00000010,176618419.0,134522325.0,1,366,2024-01-01..2024-12-31,False,False,False
100055,Adventhealth - North Pinellas,FL,HSI00000010,163561761.0,184252985.0,1,366,2024-01-01..2024-12-31,False,False,False
100069,Adventhealth Carrollwood,FL,HSI00000010,257371915.0,294216296.0,1,366,2024-01-01..2024-12-31,False,False,False
450152,Adventhealth Central Texas,TX,HSI00000010,148550703.0,169129720.0,1,366,2023-10-01..2024-09-30,False,False,False
100211,Adventhealth Dade City,FL,HSI00000010,91671530.0,108260737.0,1,366,2023-10-01..2024-09-30,False,False,False
100068,Adventhealth Daytona Beach,FL,HSI00000010,651801174.0,746283327.0,1,366,2024-01-01..2024-12-31,False,False,False
100045,Adventhealth Deland,FL,HSI00000010,244561857.0,270186714.0,1,366,2024-01-01..2024-12-31,False,False,False
521307,Adventhealth Durand,WI,HSI00000010,18048837.0,19956116.0,1,366,2024-01-01..2024-12-31,False,False,False
100072,Adventhealth Fish Memorial,FL,HSI00000010,273921216.0,317644334.0,1,366,2024-01-01..2024-12-31,False,False,False
109802,Adventhealth For Women,FL,HSI00000010,,,,,,,False,False
110023,Adventhealth Gordon,GA,HSI00000010,188466704.0,237468943.0,1,366,2024-01-01..2024-12-31,False,False,False
100137,Adventhealth Heart Of Florida,FL,HSI00000010,258551975.0,360746334.0,1,365,2024-07-01..2025-06-30,False,False,False
340023,Adventhealth Hendersonville,NC,HSI00000010,227141926.0,287937630.0,1,366,2024-01-01..2024-12-31,False,False,False
100099,Adventhealth Lake Wales,FL,HSI00000010,87427013.0,107425572.0,1,365,2024-07-01..2025-06-30,False,False,False
060113,Adventhealth Littleton Hospital,CO,HSI00000010,315974225.0,376106236.0,1,366,2024-01-01..2024-12-31,False,False,False
180043,Adventhealth Manchester,KY,HSI00000010,83024189.0,91152268.0,1,366,2023-10-01..2024-09-30,False,False,False
110050,Adventhealth Murray,GA,HSI00000010,42684499.0,49070870.0,1,366,2024-01-01..2024-12-31,False,False,False
100014,Adventhealth New Smyrna Beach,FL,HSI00000010,168917059.0,206951924.0,1,366,2024-01-01..2024-12-31,False,False,False
100062,Adventhealth Ocala,FL,HSI00000010,437075762.0,523176864.0,1,366,2023-10-01..2024-09-30,False,False,False
100007,Adventhealth Orlando,FL,HSI00000010,6233499732.0,7133761818.0,1,366,2024-01-01..2024-12-31,False,False,False
170014,Adventhealth Ottawa,KS,HSI00000010,61438735.0,55619924.0,1,366,2023-10-01..2024-09-30,False,False,False
100118,Adventhealth Palm Coast,FL,HSI00000010,307699977.0,284960693.0,1,366,2024-01-01..2024-12-31,False,False,False
060114,Adventhealth Parker Hospital,CO,HSI00000010,353060659.0,411205706.0,1,366,2024-01-01..2024-12-31,False,False,False
060064,Adventhealth Porter Hospital,CO,HSI00000010,305152924.0,392288780.0,1,366,2024-01-01..2024-12-31,False,False,False
110168,Adventhealth Redmond,GA,HSI00000010,276236331.0,374680585.0,1,365,2024-07-01..2025-06-30,False,False,False
451323,Adventhealth Rollins Brook,TX,HSI00000010,21036575.0,27421791.0,1,366,2023-10-01..2024-09-30,False,False,False
100109,Adventhealth Sebring,FL,HSI00000010,318553751.0,471866269.0,1,366,2024-01-01..2024-12-31,False,False,False
170104,Adventhealth Shawnee Mission,KS,HSI00000010,637581099.0,694988199.0,1,366,2024-01-01..2024-12-31,False,False,False
,Adventhealth South Overland Park,KS,HSI00000010,,,,,,,False,False
100173,Adventhealth Tampa,FL,HSI00000010,805425172.0,997565657.0,1,366,2024-01-01..2024-12-31,False,False,False
100057,Adventhealth Waterman,FL,HSI00000010,398841128.0,448647391.0,1,366,2024-01-01..2024-12-31,False,False,False
101300,Adventhealth Wauchula,FL,HSI00000010,38516870.0,41033791.0,1,366,2024-01-01..2024-12-31,False,False,False
100319,Adventhealth Wesley Chapel,FL,HSI00000010,407509246.0,457894296.0,1,366,2024-01-01..2024-12-31,False,False,False
100162,Adventhealth Winter Park,FL,HSI00000010,,,,,,,False,False
100046,Adventhealth Zephyrhills,FL,HSI00000010,232267157.0,281192982.0,1,366,2024-01-01..2024-12-31,False,False,False
140122,Adventist Hinsdale Hospital,IL,HSI00000010,315202795.0,350781287.0,1,366,2024-01-01..2024-12-31,False,False,False
140065,Adventist Lagrange Memorial Hospital,IL,HSI00000010,208695754.0,211222915.0,1,366,2024-01-01..2024-12-31,False,False,False
060103,Avista Hospital,CO,HSI00000010,209361891.0,222608874.0,1,366,2024-01-01..2024-12-31,False,False,False
450677,Texas Health Huguley,TX,HSI00000010,284930926.0,344401076.0,1,366,2024-01-01..2024-12-31,False,False,False
140304,Ucm Adventhealth Bolingbrook,IL,HSI00000010,216543365.0,228206021.0,1,366,2024-01-01..2024-12-31,False,False,False
140292,Ucm Adventhealth Glenoaks,IL,HSI00000010,106352659.0,108622314.0,1,366,2024-01-01..2024-12-31,False,False,False
050133,Adventist Health And Rideout,CA,HSI00000011,469940828.0,478830822.0,1,366,2024-01-01..2024-12-31,False,False,False
050455,Adventist Health Bakersfield,CA,HSI00000011,534648809.0,694535515.0,1,366,2024-01-01..2024-12-31,False,False,False
120006,Adventist Health Castle,HI,HSI00000011,187933835.0,238587462.0,1,366,2024-01-01..2024-12-31,False,False,False
051317,Adventist Health Clearlake,CA,HSI00000011,169685711.0,175938303.0,1,366,2024-01-01..2024-12-31,False,False,False
050239,Adventist Health Glendale,CA,HSI00000011,535954970.0,558842755.0,1,366,2024-01-01..2024-12-31,False,False,False
050121,Adventist Health Hanford,CA,HSI00000011,359229664.0,407179509.0,1,366,2024-01-01..2024-12-31,False,False,False
050336,Adventist Health Lodi Memorial,CA,HSI00000011,244192866.0,286066102.0,1,366,2024-01-01..2024-12-31,False,False,False
051325,Adventist Health Mendocino Coast,CA,HSI00000011,81741747.0,80835922.0,1,366,2024-01-01..2024-12-31,False,False,False
050192,Adventist Health Reedley,CA,HSI00000011,185892558.0,218575517.0,1,366,2024-01-01..2024-12-31,False,False,False
050470,Adventist Health Selma,CA,HSI00000011,,,,,,,False,False
050236,Adventist Health Simi Valley,CA,HSI00000011,206029666.0,213417803.0,1,366,2024-01-01..2024-12-31,False,False,False
050335,Adventist Health Sonora,CA,HSI00000011,325214920.0,326984190.0,1,366,2024-01-01..2024-12-31,False,False,False
050013,Adventist Health St. Helena,CA,HSI00000011,236616887.0,262892719.0,1,366,2024-01-01..2024-12-31,False,False,False
051301,Adventist Health Tehachapi Valley,CA,HSI00000011,59404438.0,67937181.0,1,366,2024-01-01..2024-12-31,False,False,False
050784,Adventist Health Tulare,CA,HSI00000011,59163519.0,75867887.0,1,366,2024-01-01..2024-12-31,False,False,False
050301,Adventist Health Ukiah Valley,CA,HSI00000011,195799768.0,210918048.0,1,366,2024-01-01..2024-12-31,False,False,False
050103,Adventist Health White Memorial,CA,HSI00000011,494281017.0,592680680.0,1,366,2024-01-01..2024-12-31,False,False,False
380060,Adventist Medical Center-Portland,OR,HSI00000011,353620183.0,390440104.0,1,366,2024-01-01..2024-12-31,False,False,False
050122,Dameron Hospital,CA,HSI00000011,130525186.0,124260026.0,1,366,2024-01-01..2024-12-31,False,False,False
050608,Delano Regional Med. Ctr.,CA,HSI00000011,96148673.0,100428298.0,1,366,2024-01-01..2024-12-31,False,False,False
051306,Glenn Medical Center,CA,HSI00000011,28674864.0,26445583.0,1,366,2024-01-01..2024-12-31,False,False,False
053981,Glenn Medical Center,CA,HSI00000011,,,,,,,False,False
051310,Howard Memorial Hospita,CA,HSI00000011,89919073.0,87056114.0,1,366,2024-01-01..2024-12-31,False,False,False
380001,Mid-Columbia Medical Center,OR,HSI00000011,107993598.0,124617608.0,1,366,2024-01-01..2024-12-31,False,False,False
381317,Tillamook Regional Medical Center,OR,HSI00000011,111673939.0,120747525.0,1,366,2024-01-01..2024-12-31,False,False,False
210057,Ahc Shady Grove Medical Center,MD,HSI00000012,455534469.0,464998115.0,1,366,2024-01-01..2024-12-31,False,False,False
210016,Ahc White Oak Medical Center,MD,HSI00000012,311540371.0,315026609.0,1,366,2024-01-01..2024-12-31,False,False,False
210060,Fort Washington Medical Center,MD,HSI00000012,57111946.0,57406167.0,1,366,2024-01-01..2024-12-31,False,False,False
090003,Howard University Hospital,DC,HSI00000012,294594748.0,267897312.0,2,547,2024-01-01..2025-06-30,True,False,False
330013,Albany Medical Center Hospital,NY,HSI00000019,1243744388.0,1258024390.0,1,366,2024-01-01..2024-12-31,False,False,False
330222,Saratoga Hospital,NY,HSI00000019,430959188.0,451845633.0,1,366,2024-01-01..2024-12-31,False,False,False
390333,Ahn Hempfield Neighborhood Hospital,PA,HSI00000025,43516730.0,55738144.0,1,365,2024-07-01..2025-06-30,False,False,False
390334,Ahn Wexford Hospital,PA,HSI00000025,168107584.0,233048789.0,1,365,2024-07-01..2025-06-30,False,False,False
390032,Alle-Kiski Medical Center,PA,HSI00000025,109024771.0,-18913669.0,1,365,2024-07-01..2025-06-30,False,True,True
390050,Allegheny General Hospital,PA,HSI00000025,919733578.0,1047682019.0,1,365,2024-07-01..2025-06-30,False,False,False
390160,Canonsburg General Hospital,PA,HSI00000025,61929354.0,72681450.0,1,365,2024-07-01..2025-06-30,False,False,False
390267,Forbes Regional Hospital,PA,HSI00000025,327446728.0,374530115.0,1,365,2024-07-01..2025-06-30,False,False,False
390266,Grove City Medical Center,PA,HSI00000025,57033938.0,86141235.0,1,365,2024-07-01..2025-06-30,False,False,False
390265,Jefferson Regional Medical Center,PA,HSI00000025,316220969.0,338591362.0,1,365,2024-07-01..2025-06-30,False,False,False
390009,Saint Vincent Hospital,PA,HSI00000025,408471542.0,491114154.0,1,365,2024-07-01..2025-06-30,False,False,False
390090,Western Pennsylvania Hospital,PA,HSI00000025,776368330.0,923277934.0,1,365,2024-07-01..2025-06-30,False,False,False
330166,Westfield Memorial Hospital,NY,HSI00000025,7795403.0,8739715.0,1,366,2024-01-01..2024-12-31,False,False,False
240057,Abbott Northwestern Hospital,MN,HSI00000029,1325685865.0,1411252840.0,1,366,2024-01-01..2024-12-31,False,False,False
240071,Allina Health Faribault Medical Ctr,MN,HSI00000029,58881323.0,57556732.0,1,366,2024-01-01..2024-12-31,False,False,False
245254,Allina Health United Hospital Hastings Regina Campus,MN,HSI00000029,,,,,,,False,False
240076,Buffalo Hospital,MN,HSI00000029,99273017.0,103872944.0,1,366,2024-01-01..2024-12-31,False,False,False
240020,Cambridge Medical Center,MN,HSI00000029,92045822.0,93776816.0,1,366,2024-01-01..2024-12-31,False,False,False
240115,Mercy Hospital,MN,HSI00000029,810983723.0,852615445.0,1,366,2024-01-01..2024-12-31,False,False,False
240132,Mercy Hospital Unity Campus,MN,HSI00000029,,,,,,,False,False
241378,New Ulm Medical Center,MN,HSI00000029,134125950.0,138655417.0,1,366,2024-01-01..2024-12-31,False,False,False
240069,Owatonna Hospital,MN,HSI00000029,58218410.0,57918030.0,1,366,2024-01-01..2024-12-31,False,False,False
521349,River Falls Area Hospital,WI,HSI00000029,43361007.0,44185785.0,1,366,2024-01-01..2024-12-31,False,False,False
240104,St. Francis Regional Medical Center,MN,HSI00000029,211529305.0,224477201.0,1,366,2024-01-01..2024-12-31,False,False,False
240038,United Hospital,MN,HSI00000029,839838340.0,874745518.0,1,366,2024-01-01..2024-12-31,False,False,False
350019,Altru Health System-Altru Hospital,ND,HSI00000032,606228574.0,620323960.0,1,366,2024-01-01..2024-12-31,False,False,False
250081,Anderson Regional Med Ctr-South Camp,MS,HSI00000034,27350883.0,25083394.0,1,366,2023-10-01..2024-09-30,False,False,False
250104,Jeff Anderson Regional Medical Cente,MS,HSI00000034,220427864.0,240243680.0,1,366,2023-10-01..2024-09-30,False,False,False
143300,Ann & Robert H. Lurie Childrens Hos,IL,HSI00000036,1168670090.0,1318542613.0,1,365,2024-09-01..2025-08-31,False,False,False
210023,Anne Arundel Medical Center Inc.,MD,HSI00000038,616606310.0,695257131.0,1,365,2024-07-01..2025-06-30,False,False,False
210051,Doctors Community Hospital,MD,HSI00000038,228585660.0,274795681.0,1,365,2024-07-01..2025-06-30,False,False,False
181328,Barbourville Arh Hospital,KY,HSI00000041,38770910.0,41213202.0,1,365,2024-07-01..2025-06-30,False,False,False
510062,Beckley Arh,WV,HSI00000041,109152000.0,110530052.0,1,365,2024-07-01..2025-06-30,False,False,False
180050,Harlan Arh,KY,HSI00000041,69919771.0,79561979.0,1,365,2024-07-01..2025-06-30,False,False,False
180029,Hazard Arh,KY,HSI00000041,200805773.0,238276293.0,1,365,2024-07-01..2025-06-30,False,False,False
180005,Highlands Regional Medical Center,KY,HSI00000041,96486753.0,110637584.0,1,365,2024-07-01..2025-06-30,False,False,False
181316,Mary Breckinridge Hospital,KY,HSI00000041,21290548.0,20121790.0,1,365,2024-07-01..2025-06-30,False,False,False
181331,Mcdowell Arh,KY,HSI00000041,24930146.0,26804012.0,1,365,2024-07-01..2025-06-30,False,False,False
180020,Middlesboro Arh,KY,HSI00000041,36835206.0,54393701.0,1,365,2024-07-01..2025-06-30,False,False,False
181307,Morgan Co. Arh,KY,HSI00000041,17035105.0,20682316.0,1,365,2024-07-01..2025-06-30,False,False,False
181305,Our Lady Of The Way,KY,HSI00000041,20817361.0,25736171.0,1,365,2024-07-01..2025-06-30,False,False,False
180078,Paintsville Arh Hospital,KY,HSI00000041,30273517.0,39369364.0,1,365,2024-07-01..2025-06-30,False,False,False
511310,Summers County Arh,WV,HSI00000041,18280350.0,20231526.0,1,365,2024-07-01..2025-06-30,False,False,False
180069,Tug Valley Arh,KY,HSI00000041,46334423.0,50520472.0,1,365,2024-07-01..2025-06-30,False,False,False
180002,Whitesburg Arh,KY,HSI00000041,55469939.0,61672717.0,1,365,2024-07-01..2025-06-30,False,False,False
111332,Brooks County Hospital,GA,HSI00000045,11129207.0,12527870.0,1,366,2023-10-01..2024-09-30,False,False,False
110121,Grady General Hospital,GA,HSI00000045,30797271.0,38141131.0,1,366,2023-10-01..2024-09-30,False,False,False
110038,John D. Archbold Memorial Hospital,GA,HSI00000045,336137075.0,389394097.0,1,366,2023-10-01..2024-09-30,False,False,False
111331,Mitchell County Hospital,GA,HSI00000045,37623239.0,38888020.0,1,366,2023-10-01..2024-09-30,False,False,False
390231,Abington Memorial Hospital,PA,HSI00000048,763018691.0,778269676.0,1,365,2024-07-01..2025-06-30,False,False,False
390142,Albert Einstein Medical Center,PA,HSI00000048,861310208.0,792007708.0,1,365,2024-07-01..2025-06-30,False,False,False
390115,Aria Health,PA,HSI00000048,600720342.0,648713545.0,1,365,2024-07-01..2025-06-30,False,False,False
390329,Einstein Medical Center Montgomery,PA,HSI00000048,276277402.0,315423696.0,1,365,2024-07-01..2025-06-30,False,False,False
310086,Kennedy University Hospital,NJ,HSI00000048,724464124.0,861066243.0,1,365,2024-07-01..2025-06-30,False,False,False
390012,Lansdale Hospital,PA,HSI00000048,93979746.0,103809348.0,1,365,2024-07-01..2025-06-30,False,False,False
390174,Thomas Jefferson Univ. Hospital,PA,HSI00000048,1932315291.0,2189545190.0,1,365,2024-07-01..2025-06-30,False,False,False
043300,Arkansas Childrens Hospital,AR,HSI00000050,759433780.0,866259664.0,1,365,2024-07-01..2025-06-30,False,False,False
043301,Arkansas Childrens Northwest,AR,HSI00000050,113599778.0,125152873.0,1,365,2024-07-01..2025-06-30,False,False,False
390163,Armstrong County Memorial,PA,HSI00000051,119911605.0,136826131.0,1,365,2024-07-01..2025-06-30,False,False,False
330090,Arnot-Ogden Medical Center,NY,HSI00000052,306715088.0,370274276.0,1,366,2024-01-01..2024-12-31,False,False,False
330144,Ira Davenport Memorial Hospital  Inc,NY,HSI00000052,21361710.0,22026292.0,1,367,2024-01-01..2025-01-01,False,False,False
330108,Saint Josephs Hospital,NY,HSI00000052,,,,,,,False,False
380005,Ashland Community Hospital,OR,HSI00000054,66320812.0,76402420.0,1,366,2023-10-01..2024-09-30,False,False,False
380018,Rogue Regional Medical Center,OR,HSI00000054,769137287.0,876686697.0,1,366,2023-10-01..2024-09-30,False,False,False
380002,Three Rivers Medical Center,OR,HSI00000054,276433061.0,300351641.0,1,366,2023-10-01..2024-09-30,False,False,False
140258,Alexian Brothers Medical Center,IL,HSI00000055,474503449.0,464964075.0,1,365,2024-07-01..2025-06-30,False,False,False
231328,Ascension Allegan Hospital,MI,HSI00000055,40861039.0,31430130.0,1,365,2024-07-01..2025-06-30,False,False,False
230117,Ascension Borgess Hospital,MI,HSI00000055,373567662.0,431135452.0,1,365,2024-07-01..2025-06-30,False,False,False
231315,Ascension Borgess-Lee Hospital,MI,HSI00000055,18203228.0,15926668.0,1,365,2024-07-01..2025-06-30,False,False,False
521317,Ascension Calumet Hospital,WI,HSI00000055,32435125.0,31239052.0,1,365,2024-07-01..2025-06-30,False,False,False
520027,Ascension Columbia Saint Marys Hospital Ozaukee,WI,HSI00000055,,,,,,,False,False
520195,Ascension Columbia Saint Marys Hospital Ozaukee Birthing Center,WI,HSI00000055,,,,,,,False,False
520051,Ascension Columbia St Marys Milwauke,WI,HSI00000055,524421402.0,542166201.0,1,365,2024-07-01..2025-06-30,False,False,False
230223,Ascension Macomb Oakland Hospital Madison Heights Campus,MI,HSI00000055,,,,,,,False,False
230195,Ascension Macomb-Oakland Hospital,MI,HSI00000055,451462499.0,491439036.0,1,365,2024-07-01..2025-06-30,False,False,False
520009,Ascension Ne Wisconsin-St. Elizabeth,WI,HSI00000055,364018075.0,393396639.0,1,365,2024-07-01..2025-06-30,False,False,False
520048,Ascension Northeast Wisconsin Mercy Hospital,WI,HSI00000055,,,,,,,False,False
450042,Ascension Providence,TX,HSI00000055,297468427.0,347385720.0,1,365,2024-07-01..2025-06-30,False,False,False
230019,Ascension Providence Hospital,MI,HSI00000055,849260018.0,979865619.0,1,365,2024-07-01..2025-06-30,False,False,False
230254,Ascension Providence Rochester Hospi,MI,HSI00000055,249901933.0,294461867.0,1,365,2024-07-01..2025-06-30,False,False,False
230241,Ascension River District Hospital,MI,HSI00000055,24326358.0,17268372.0,1,365,2024-07-01..2025-06-30,False,False,False
100026,Ascension Sacred Heart Bay,FL,HSI00000055,192107564.0,241759715.0,1,365,2024-07-01..2025-06-30,False,False,False
100292,Ascension Sacred Heart Emerald Coast,FL,HSI00000055,187902886.0,202478059.0,1,365,2024-07-01..2025-06-30,False,False,False
100313,Ascension Sacred Heart Gulf,FL,HSI00000055,19498223.0,24003482.0,1,365,2024-07-01..2025-06-30,False,False,False
100025,Ascension Sacred Heart Pensacola,FL,HSI00000055,1040724592.0,1227640929.0,1,365,2024-07-01..2025-06-30,False,False,False
140094,Ascension Saint Elizabeth Medical Center,IL,HSI00000055,,,,,,,False,False
447424,Ascension Saint Thomas Hickman,TN,HSI00000055,,,,,,,False,False
440133,Ascension Saint Thomas Hospital Midtown,TN,HSI00000055,,,,,,,False,False
150136,Ascension Saint Vincent Womens Hospital,IN,HSI00000055,,,,,,,False,False
100361,Ascension Saint Vincents Saint Johns County Hospital,FL,HSI00000055,,82646729.0,1,365,2024-07-01..2025-06-30,False,False,False
520136,Ascension Se Wisconsin Hospital  Inc,WI,HSI00000055,377039377.0,386085670.0,1,365,2024-07-01..2025-06-30,False,False,False
670143,Ascension Seton Bastrop,TX,HSI00000055,16652701.0,,,,,,False,False
451371,Ascension Seton Edgar B Davis,TX,HSI00000055,35132463.0,35678569.0,1,365,2024-07-01..2025-06-30,False,False,False
670056,Ascension Seton Hays,TX,HSI00000055,231067077.0,277840789.0,1,365,2024-07-01..2025-06-30,False,False,False
451365,Ascension Seton Highland Lakes,TX,HSI00000055,59751218.0,54841861.0,1,365,2024-07-01..2025-06-30,False,False,False
450056,Ascension Seton Medical Center,TX,HSI00000055,702524798.0,821502963.0,1,365,2024-07-01..2025-06-30,False,False,False
450867,Ascension Seton Northwest,TX,HSI00000055,124378621.0,123730290.0,1,365,2024-07-01..2025-06-30,False,False,False
450143,Ascension Seton Smithville,TX,HSI00000055,16487196.0,21065185.0,1,406,2024-07-01..2025-08-10,True,False,False
450865,Ascension Seton Southwest,TX,HSI00000055,38815974.0,36642727.0,1,365,2024-07-01..2025-06-30,False,False,False
670041,Ascension Seton Williamson,TX,HSI00000055,251886315.0,280670410.0,1,365,2024-07-01..2025-06-30,False,False,False
520170,Ascension Southeast Wisconsin Hospital - Elmbrook Campus,WI,HSI00000055,,,,,,,False,False
520204,Ascension Southeast Wisconsin Hospital - Franklin Campus,WI,HSI00000055,,,,,,,False,False
230165,Ascension St John Hospital,MI,HSI00000055,929088678.0,1079536119.0,1,365,2024-07-01..2025-06-30,False,False,False
440151,Ascension St Thomas River Park,TN,HSI00000055,53924586.0,60882650.0,1,365,2024-07-01..2025-06-30,False,False,False
441303,Ascension St Thomas Three Rivers,TN,HSI00000055,10626688.0,11463931.0,1,365,2024-07-01..2025-06-30,False,False,False
151314,Ascension St Vincent Salem,IN,HSI00000055,18430460.0,20188552.0,1,365,2024-07-01..2025-06-30,False,False,False
520078,Ascension St. Francis Hospital,WI,HSI00000055,114975371.0,106240766.0,1,365,2024-07-01..2025-06-30,False,False,False
230100,Ascension St. Joseph Hospital,MI,HSI00000055,51919192.0,52168432.0,1,365,2024-07-01..2025-06-30,False,False,False
150088,Ascension St. Vincent Anderson,IN,HSI00000055,194470669.0,190608248.0,1,365,2024-07-01..2025-06-30,False,False,False
150157,Ascension St. Vincent Carmel,IN,HSI00000055,268479455.0,285627035.0,1,365,2024-07-01..2025-06-30,False,False,False
151309,Ascension St. Vincent Clay,IN,HSI00000055,19457791.0,20126211.0,1,365,2024-07-01..2025-06-30,False,False,False
151335,Ascension St. Vincent Dunn,IN,HSI00000055,,,,,,,False,False
150100,Ascension St. Vincent Evansville,IN,HSI00000055,671764649.0,671511247.0,1,365,2024-07-01..2025-06-30,False,False,False
150181,Ascension St. Vincent Fishers,IN,HSI00000055,75720559.0,100602907.0,1,365,2024-07-01..2025-06-30,False,False,False
150084,Ascension St. Vincent Hospital,IN,HSI00000055,1406887836.0,1526699561.0,1,365,2024-07-01..2025-06-30,False,False,False
151303,Ascension St. Vincent Jennings,IN,HSI00000055,25230958.0,23028530.0,1,365,2024-07-01..2025-06-30,False,False,False
150010,Ascension St. Vincent Kokomo,IN,HSI00000055,167181122.0,159191085.0,1,365,2024-07-01..2025-06-30,False,False,False
151308,Ascension St. Vincent Mercy,IN,HSI00000055,25367880.0,25706791.0,1,365,2024-07-01..2025-06-30,False,False,False
151301,Ascension St. Vincent Randolph,IN,HSI00000055,30215515.0,29173829.0,1,365,2024-07-01..2025-06-30,False,False,False
151325,Ascension St. Vincent Warrick,IN,HSI00000055,18404194.0,18819122.0,1,365,2024-07-01..2025-06-30,False,False,False
151307,Ascension St. Vincent Williamsport,IN,HSI00000055,22838770.0,26138583.0,1,365,2024-07-01..2025-06-30,False,False,False
100321,Ascension St. Vincents Clay County,FL,HSI00000055,152886272.0,156392145.0,1,365,2024-07-01..2025-06-30,False,False,False
100040,Ascension St. Vincents Riverside,FL,HSI00000055,449565271.0,477808088.0,1,365,2024-07-01..2025-06-30,False,False,False
100307,Ascension St. Vincents Southside Ho,FL,HSI00000055,237573619.0,378983769.0,1,365,2024-07-01..2025-06-30,False,False,False
231305,Ascension Standish Hospital,MI,HSI00000055,24244477.0,25898893.0,1,365,2024-07-01..2025-06-30,False,False,False
233998,Ascension Standish Hospital,MI,HSI00000055,,,,,,,False,False
,Ascension Wisconsin Hospital - Menomonee Falls Campus,WI,HSI00000055,,,,,,,False,False
150061,Daviess Community Hospital,IN,HSI00000055,59555618.0,64868245.0,1,366,2024-01-01..2024-12-31,False,False,False
453310,Dell Childrens Medical Center,TX,HSI00000055,901930208.0,970607315.0,1,365,2024-07-01..2025-06-30,False,False,False
450124,Dell Seton Medical Center At The Uni,TX,HSI00000055,438607170.0,543791629.0,1,365,2024-07-01..2025-06-30,False,False,False
230197,Genesys Regional Medical Ctr.,MI,HSI00000055,363421780.0,379337655.0,1,365,2024-07-01..2025-06-30,False,False,False
370018,Jane Phillips Medical Center,OK,HSI00000055,117866186.0,132640349.0,1,365,2024-07-01..2025-06-30,False,False,False
170142,Mercy Regional Health Center,KS,HSI00000055,95754505.0,101480384.0,1,365,2024-04-01..2025-03-31,False,False,False
371305,Nowata Health Center,OK,HSI00000055,4824343.0,5702346.0,1,365,2024-07-01..2025-06-30,False,False,False
330011,Our Lady Of Lourdes Memorial Hosp,NY,HSI00000055,411796038.0,502208936.0,1,365,2024-07-01..2025-06-30,False,False,False
140174,Presence Mercy Medical Center,IL,HSI00000055,177335554.0,167526730.0,1,243,2024-07-01..2025-02-28,True,False,False
140117,Presence Resurrection Medical Center,IL,HSI00000055,322190168.0,324034679.0,1,243,2024-07-01..2025-02-28,True,False,False
140080,Presence Saint Francis Hospital,IL,HSI00000055,187971842.0,190551506.0,1,243,2024-07-01..2025-02-28,True,False,False
140224,Presence Saint Joseph Hosp-Chicago,IL,HSI00000055,202670284.0,188645552.0,1,365,2024-07-01..2025-06-30,False,False,False
140217,Presence Saint Joseph Hospital Elgin,IL,HSI00000055,129830599.0,121317686.0,1,243,2024-07-01..2025-02-28,True,False,False
140180,Presence Saints Mary & Elizabeth Med,IL,HSI00000055,364568219.0,352608125.0,1,243,2024-07-01..2025-02-28,True,False,False
140007,Presence St. Joseph Medical Center,IL,HSI00000055,352670867.0,299015644.0,1,243,2024-07-01..2025-02-28,True,False,False
140155,Presence St. Marys Hospital,IL,HSI00000055,146150349.0,154154813.0,1,243,2024-07-01..2025-02-28,True,False,False
440192,Saint Thomas Highland Hospital,TN,HSI00000055,21490926.0,28364166.0,1,365,2024-07-01..2025-06-30,False,False,False
440053,Saint Thomas Rutherford Hospital,TN,HSI00000055,447424591.0,510254169.0,1,365,2024-07-01..2025-06-30,False,False,False
440200,Saint Thomas Stones River Hospital,TN,HSI00000055,9858553.0,11957149.0,1,365,2024-07-01..2025-06-30,False,False,False
440082,Saint Thomas West Hospital,TN,HSI00000055,1055643245.0,1231642803.0,1,365,2024-07-01..2025-06-30,False,False,False
150184,Saint Vincent Neighborhood Hospital Avon,IN,HSI00000055,,,,,,,False,False
371312,St John Sapulpa,OK,HSI00000055,24907027.0,36638872.0,1,365,2024-07-01..2025-06-30,False,False,False
440148,St Thomas Dekalb Hospital,TN,HSI00000055,10822443.0,12669834.0,1,365,2024-07-01..2025-06-30,False,False,False
441300,St Thomas Hickman Hospital,TN,HSI00000055,16218383.0,15355152.0,1,365,2024-07-01..2025-06-30,False,False,False
010056,St Vincents Birmingham,AL,HSI00000055,480049369.0,507930190.0,1,365,2024-07-01..2025-06-30,False,False,False
210011,St. Agnes Hospital,MD,HSI00000055,506665428.0,528348396.0,1,365,2024-07-01..2025-06-30,False,False,False
140290,St. Alexius Medical Center,IL,HSI00000055,375069923.0,374002335.0,1,365,2024-07-01..2025-06-30,False,False,False
370235,St. John Broken Arrow,OK,HSI00000055,65270321.0,113860868.0,1,365,2024-07-01..2025-06-30,False,False,False
370114,St. John Medical Center,OK,HSI00000055,547755624.0,616977106.0,1,365,2024-07-01..2025-06-30,False,False,False
370227,St. John Owasso,OK,HSI00000055,38455313.0,48721681.0,1,365,2024-07-01..2025-06-30,False,False,False
230077,St. Marys Of Michigan,MI,HSI00000055,264234333.0,244691033.0,1,365,2024-07-01..2025-06-30,False,False,False
011305,St. Vincents Blount,AL,HSI00000055,25155147.0,28425039.0,1,365,2024-07-01..2025-06-30,False,False,False
010173,St. Vincents Chilton,AL,HSI00000055,29069858.0,36075887.0,1,365,2024-07-01..2025-06-30,False,False,False
010011,St. Vincents East,AL,HSI00000055,249098345.0,263175323.0,1,365,2024-07-01..2025-06-30,False,False,False
010130,St. Vincents St. Clair,AL,HSI00000055,40820836.0,54066667.0,1,365,2024-07-01..2025-06-30,False,False,False
440218,The Center For Spinal Surgery,TN,HSI00000055,84694538.0,78975103.0,1,366,2024-01-01..2024-12-31,False,False,False
070031,The Griffin Hospital,CT,HSI00000055,228355124.0,239773848.0,1,366,2023-10-01..2024-09-30,False,False,False
170200,Via Christi Hosp. Wichita St. Teresa,KS,HSI00000055,55050051.0,,,,,,False,False
170006,Via Christi Hospital Pittsburg  Inc.,KS,HSI00000055,90418945.0,90542480.0,2,456,2024-04-01..2025-06-30,True,False,False
170122,Via Christi Hospital Wichita,KS,HSI00000055,707661949.0,699053206.0,1,366,2023-10-01..2024-09-30,False,False,False
171337,Wamego Hospital Association,KS,HSI00000055,15659675.0,17217221.0,1,366,2023-10-01..2024-09-30,False,False,False
520096,Wheaton Franciscan Healthcare - All,WI,HSI00000055,267522160.0,283772695.0,1,365,2024-07-01..2025-06-30,False,False,False
521300,Aspirus Eagle River Hospital,WI,HSI00000057,,21407672.0,1,365,2024-07-01..2025-06-30,False,False,False
231318,Aspirus Iron River Hopsital & Clinic,MI,HSI00000057,34459960.0,40300050.0,1,365,2024-07-01..2025-06-30,False,False,False
231333,Aspirus Ironwood Hospital,MI,HSI00000057,65438578.0,85323447.0,1,365,2024-07-01..2025-06-30,False,False,False
231319,Aspirus Keweenaw Hospital,MI,HSI00000057,59090550.0,52083773.0,1,365,2024-07-01..2025-06-30,False,False,False
521350,Aspirus Langlade Hospital,WI,HSI00000057,103163840.0,115729199.0,1,365,2024-07-01..2025-06-30,False,False,False
521324,Aspirus Medford Hospital And Clinics,WI,HSI00000057,86014294.0,103669257.0,1,365,2024-07-01..2025-06-30,False,False,False
521339,Aspirus Merrill Hospital,WI,HSI00000057,26737420.0,34695649.0,1,365,2024-07-01..2025-06-30,False,False,False
231309,Aspirus Ontonagon Hospital,MI,HSI00000057,9870437.0,,,,,,False,False
520019,Aspirus Rhinelander Hospital,WI,HSI00000057,-363487336.0,245381098.0,1,365,2024-07-01..2025-06-30,False,True,True
520033,Aspirus Riverview Hospital & Clinics,WI,HSI00000057,161258821.0,61779187.0,1,365,2024-07-01..2025-06-30,False,False,True
521311,Aspirus Stanley Hospital,WI,HSI00000057,19925392.0,28436945.0,1,365,2024-07-01..2025-06-30,False,False,False
520002,Aspirus Stevens Point Hospital,WI,HSI00000057,201421872.0,187400448.0,1,365,2024-07-01..2025-06-30,False,False,False
521313,Aspirus Tomahawk Hospital,WI,HSI00000057,13486688.0,15479114.0,1,365,2024-07-01..2025-06-30,False,False,False
520030,Aspirus Wausau Hospital,WI,HSI00000057,645744592.0,734455937.0,1,365,2024-07-01..2025-06-30,False,False,False
520041,Divine Savior Hospital,WI,HSI00000057,20221189.0,70345473.0,1,365,2024-07-01..2025-06-30,False,False,True
520091,Howard Young Medical Center,WI,HSI00000057,33163841.0,39045914.0,1,365,2024-07-01..2025-06-30,False,False,False
210061,Atlantic General Hospital,MD,HSI00000059,148617459.0,156529305.0,1,365,2024-07-01..2025-06-30,False,False,False
310017,Chilton Hospital,NJ,HSI00000060,278027952.0,309945863.0,1,366,2024-01-01..2024-12-31,False,False,False
310115,Hackettstown Medical Center,NJ,HSI00000060,133598457.0,145728012.0,1,366,2024-01-01..2024-12-31,False,False,False
310015,Morristown Medical Center,NJ,HSI00000060,1843219057.0,2023743027.0,1,366,2024-01-01..2024-12-31,False,False,False
310028,Newton Medical Center,NJ,HSI00000060,194047632.0,224520355.0,1,366,2024-01-01..2024-12-31,False,False,False
310051,Overlook Medical Center,NJ,HSI00000060,950763520.0,1040036638.0,1,366,2024-01-01..2024-12-31,False,False,False
490018,Augusta Medical Center,VA,HSI00000063,448911975.0,495119616.0,1,366,2024-01-01..2024-12-31,False,False,False
360131,Alliance Community Hospital,OH,HSI00000065,102444284.0,100673924.0,1,366,2024-01-01..2024-12-31,False,False,False
360084,Aultman Hospital,OH,HSI00000065,651284707.0,680074395.0,1,366,2024-01-01..2024-12-31,False,False,False
361323,Aultman Orrville Hospital,OH,HSI00000065,74425622.0,77575761.0,1,366,2024-01-01..2024-12-31,False,False,False
281331,Avera Creighton Hospital,NE,HSI00000068,17192686.0,20312394.0,1,365,2024-07-01..2025-06-30,False,False,False
431331,Avera Dells Area Hospital,SD,HSI00000068,12180069.0,14502855.0,1,365,2024-07-01..2025-06-30,False,False,False
431310,Avera Flandreau Hospital,SD,HSI00000068,10742283.0,10000918.0,1,365,2024-07-01..2025-06-30,False,False,False
431302,Avera Gettysburg Hospital,SD,HSI00000068,11971282.0,14233634.0,1,365,2024-07-01..2025-06-30,False,False,False
241343,Avera Granite Falls,MN,HSI00000068,28505963.0,28694421.0,1,365,2024-07-01..2025-06-30,False,False,False
431338,Avera Gregory Hospital,SD,HSI00000068,17470681.0,23219628.0,1,365,2024-07-01..2025-06-30,False,False,False
431337,Avera Hand County Memorial Hospital,SD,HSI00000068,9962557.0,12206771.0,1,365,2024-07-01..2025-06-30,False,False,False
161351,Avera Holy Family Health,IA,HSI00000068,24518388.0,32394629.0,1,365,2024-07-01..2025-06-30,False,False,False
241359,Avera Marshall Regional Medical Ctr,MN,HSI00000068,115232883.0,154978371.0,1,365,2024-07-01..2025-06-30,False,False,False
430016,Avera Mckennan,SD,HSI00000068,1340647194.0,1708179427.0,1,365,2024-07-01..2025-06-30,False,False,False
161321,Avera Merrill Pioneer Hospital,IA,HSI00000068,9069879.0,11790993.0,1,365,2024-07-01..2025-06-30,False,False,False
430013,Avera Queen Of Peace Hospital,SD,HSI00000068,,,,,,,False,False
431340,Avera Queen Of Peace Hospital,SD,HSI00000068,,126466048.0,1,365,2024-07-01..2025-06-30,False,False,False
430012,Avera Sacred Heart Hospital,SD,HSI00000068,123106540.0,138043706.0,1,365,2024-07-01..2025-06-30,False,False,False
430015,Avera St Marys,SD,HSI00000068,105023426.0,124560403.0,1,365,2024-07-01..2025-06-30,False,False,False
281329,Avera St. Anthonys Hospital,NE,HSI00000068,42804031.0,46747848.0,1,365,2024-07-01..2025-06-30,False,False,False
431330,Avera St. Benedict Health Center,SD,HSI00000068,27284732.0,30843316.0,1,365,2024-07-01..2025-06-30,False,False,False
430014,Avera St. Lukes,SD,HSI00000068,210629944.0,198110631.0,1,365,2024-07-01..2025-06-30,False,False,False
431324,Avera Weskota Memorial Medical Cente,SD,HSI00000068,5443703.0,5656815.0,1,365,2024-07-01..2025-06-30,False,False,False
431332,De Smet Memorial Hospital,SD,HSI00000068,8317687.0,9051899.0,1,365,2024-07-01..2025-06-30,False,False,False
431308,Eureka Community Health Services,SD,HSI00000068,4227676.0,5369401.0,1,365,2024-07-01..2025-06-30,False,False,False
437063,Eureka Community Health Services Avera,SD,HSI00000068,,,,,,,False,False
161368,Floyd Valley Hospital,IA,HSI00000068,44095357.0,55992348.0,1,365,2024-07-01..2025-06-30,False,False,False
431313,Freeman Regional Health Services,SD,HSI00000068,16080832.0,17035947.0,1,366,2024-01-01..2024-12-31,False,False,False
161336,Hegg Memorial Health Center,IA,HSI00000068,23844802.0,25947625.0,1,365,2024-07-01..2025-06-30,False,False,False
160124,Lakes Regional Healthcare,IA,HSI00000068,56762283.0,68833914.0,1,365,2024-07-01..2025-06-30,False,False,False
431317,Landmann-Jungman Memorial Hospital,SD,HSI00000068,5537687.0,5894433.0,1,365,2024-07-01..2025-06-30,False,False,False
431312,Marshall County Healthcare Center,SD,HSI00000068,10934719.0,11746730.0,1,365,2024-07-01..2025-06-30,False,False,False
431326,Milbank Area Hospital/Avera Health,SD,HSI00000068,23984385.0,22785788.0,1,365,2024-07-01..2025-06-30,False,False,False
161345,Osceola Regional Health Center,IA,HSI00000068,12531469.0,16363963.0,1,365,2024-07-01..2025-06-30,False,False,False
241374,Pipestone County Medical Center,MN,HSI00000068,35378336.0,37376629.0,1,365,2024-07-01..2025-06-30,False,False,False
247049,Pipestone County Medical Center Avera Health,MN,HSI00000068,,,,,,,False,False
431306,Platte Health Center  Inc.,SD,HSI00000068,17109672.0,19943939.0,1,365,2024-07-01..2025-06-30,False,False,False
161328,Regional Health Services Of Howard C,IA,HSI00000068,34637021.0,44518269.0,1,365,2024-07-01..2025-06-30,False,False,False
161346,Sioux Center Health,IA,HSI00000068,51110401.0,69521254.0,1,365,2024-07-01..2025-06-30,False,False,False
431327,St. Michaels Hospital  Inc.,SD,HSI00000068,10255479.0,12061405.0,1,365,2024-07-01..2025-06-30,False,False,False
281348,Tri Valley Health System,NE,HSI00000068,23833033.0,27327538.0,1,365,2024-05-01..2025-04-30,False,False,False
241348,Tyler Healthcare Center,MN,HSI00000068,12839915.0,14360599.0,1,365,2024-07-01..2025-06-30,False,False,False
431315,Wagner Community Memorial Hospital,SD,HSI00000068,14206894.0,20502850.0,1,365,2024-07-01..2025-06-30,False,False,False
140002,Alton Memorial Hospital,IL,HSI00000070,187204994.0,198413352.0,1,366,2024-01-01..2024-12-31,False,False,False
260191,Barnes Jewish St. Peters Hospital,MO,HSI00000070,176993196.0,211914073.0,1,366,2024-01-01..2024-12-31,False,False,False
260162,Barnes Jewish West County Hospital,MO,HSI00000070,262669818.0,282177973.0,1,366,2024-01-01..2024-12-31,False,False,False
260032,Barnes-Jewish Hospital,MO,HSI00000070,2701174483.0,3233272755.0,1,366,2024-01-01..2024-12-31,False,False,False
260180,Christian Hospital Northeast,MO,HSI00000070,348603819.0,345710714.0,1,366,2024-01-01..2024-12-31,False,False,False
140185,Memorial Hospital,IL,HSI00000070,408841850.0,465291996.0,1,366,2024-01-01..2024-12-31,False,False,False
141338,Memorial Hospital,IL,HSI00000070,34121905.0,40946309.0,1,365,2024-07-01..2025-06-30,False,False,False
140307,Memorial Hospital Shiloh,IL,HSI00000070,,,,,,,False,False
260108,Missouri Baptist Medical Center,MO,HSI00000070,775458049.0,848493214.0,1,366,2024-01-01..2024-12-31,False,False,False
261337,Missouri Baptist Sullivan Hospital,MO,HSI00000070,78619834.0,77477128.0,1,366,2024-01-01..2024-12-31,False,False,False
260163,Parkland Health Center - Farmington,MO,HSI00000070,124216923.0,149793828.0,1,366,2024-01-01..2024-12-31,False,False,False
261315,Parkland Hlth Ctr - Bonne Terre,MO,HSI00000070,124216923.0,,,,,,False,False
260219,Progress West Hospital,MO,HSI00000070,119178026.0,120966921.0,1,366,2024-01-01..2024-12-31,False,False,False
263301,St. Louis Childrens Hospital,MO,HSI00000070,1058989617.0,1042320578.0,1,366,2024-01-01..2024-12-31,False,False,False
131325,Bingham Memorial Hospital,ID,HSI00000071,168612827.0,178919327.0,1,366,2024-01-01..2024-12-31,False,False,False
030088,Banner Baywood Medical Center,AZ,HSI00000073,281605477.0,294184412.0,1,366,2024-01-01..2024-12-31,False,False,False
030061,Banner Boswell Medical Center,AZ,HSI00000073,372709345.0,415929041.0,1,366,2024-01-01..2024-12-31,False,False,False
030016,Banner Casa Grande Medical Center,AZ,HSI00000073,147516697.0,157367421.0,1,366,2024-01-01..2024-12-31,False,False,False
291313,Banner Churchill Community Hospital,NV,HSI00000073,69184144.0,74440329.0,1,366,2024-01-01..2024-12-31,False,False,False
030093,Banner Del E Webb Medical Center,AZ,HSI00000073,363986560.0,393399372.0,1,366,2024-01-01..2024-12-31,False,False,False
030065,Banner Desert Medical Center,AZ,HSI00000073,936694500.0,1024624226.0,1,366,2024-01-01..2024-12-31,False,False,False
030115,Banner Estrella Medical Center,AZ,HSI00000073,445368593.0,469512301.0,1,366,2024-01-01..2024-12-31,False,False,False
060126,Banner Fort Collins Medical Center,CO,HSI00000073,60224286.0,60836626.0,1,366,2024-01-01..2024-12-31,False,False,False
030122,Banner Gateway Medical Center,AZ,HSI00000073,696428366.0,764893793.0,1,366,2024-01-01..2024-12-31,False,False,False
030134,Banner Goldfield Medical Center,AZ,HSI00000073,22482535.0,22928219.0,1,366,2024-01-01..2024-12-31,False,False,False
030130,Banner Ironwood Medical Center,AZ,HSI00000073,128235769.0,138466215.0,1,366,2024-01-01..2024-12-31,False,False,False
051320,Banner Lassen Medical Center,CA,HSI00000073,42853680.0,42990449.0,1,366,2024-01-01..2024-12-31,False,False,False
030147,Banner Ocotillo Medical Center,AZ,HSI00000073,419475493.0,110565864.0,1,366,2024-01-01..2024-12-31,False,False,True
031318,Banner Payson Medical Center,AZ,HSI00000073,54702388.0,65391182.0,1,366,2024-01-01..2024-12-31,False,False,False
030089,Banner Thunderbird Medical Center,AZ,HSI00000073,776040835.0,830523979.0,1,366,2024-01-01..2024-12-31,False,False,False
030111,Banner University Med Center South,AZ,HSI00000073,221092142.0,236313467.0,1,366,2024-01-01..2024-12-31,False,False,False
030064,Banner University Med Center Tucson,AZ,HSI00000073,1212737135.0,1329328552.0,1,366,2024-01-01..2024-12-31,False,False,False
030002,Banner University Medical Center Phx,AZ,HSI00000073,1283286329.0,1453395403.0,1,366,2024-01-01..2024-12-31,False,False,False
531307,Community Hospital,WY,HSI00000073,40608211.0,43183085.0,1,366,2024-01-01..2024-12-31,False,False,False
061303,East Morgan County Hospital,CO,HSI00000073,40231355.0,41275064.0,1,366,2024-01-01..2024-12-31,False,False,False
060030,Mckee Medical Center,CO,HSI00000073,107424534.0,97701616.0,1,366,2024-01-01..2024-12-31,False,False,False
061305,Melissa Memorial Hospital,CO,HSI00000073,22907039.0,27315418.0,1,366,2024-01-01..2024-12-31,False,False,False
060001,North Colorado Medical Center,CO,HSI00000073,321250710.0,339005499.0,1,366,2024-01-01..2024-12-31,False,False,False
281355,Ogallala Community Hospital,NE,HSI00000073,22808802.0,25267891.0,1,366,2024-01-01..2024-12-31,False,False,False
031304,Page Hospital,AZ,HSI00000073,22484688.0,23513036.0,1,366,2024-01-01..2024-12-31,False,False,False
531305,Platte County Memorial Hospital,WY,HSI00000073,24170432.0,25288863.0,1,366,2024-01-01..2024-12-31,False,False,False
060076,Sterling Regional Medcenter,CO,HSI00000073,56108660.0,62380890.0,1,366,2024-01-01..2024-12-31,False,False,False
531306,Washakie Medical Center,WY,HSI00000073,31795209.0,31289950.0,1,366,2024-01-01..2024-12-31,False,False,False
530012,Wyoming Medical Center,WY,HSI00000073,236445303.0,261220372.0,1,366,2024-01-01..2024-12-31,False,False,False
047326,Baptist Health Arkadelphia,AR,HSI00000074,,,,,,,False,False
041321,Baptist Health Med Ctr Arkadelphia,AR,HSI00000074,28259524.0,30839266.0,1,366,2024-01-01..2024-12-31,False,False,False
040055,Baptist Health Medical Center - Fs,AR,HSI00000074,303560765.0,294916532.0,1,366,2024-01-01..2024-12-31,False,False,False
040076,Baptist Health Medical Center - Hsc,AR,HSI00000074,18665130.0,23627084.0,1,366,2024-01-01..2024-12-31,False,False,False
040114,Baptist Health Medical Center - Lr,AR,HSI00000074,689291302.0,761072777.0,1,366,2024-01-01..2024-12-31,False,False,False
040018,Baptist Health Medical Center - Vb,AR,HSI00000074,10700247.0,10742645.0,1,366,2024-01-01..2024-12-31,False,False,False
040036,Baptist Health Medical Center- Nlr,AR,HSI00000074,297482238.0,320640458.0,1,366,2024-01-01..2024-12-31,False,False,False
040072,Bhmc- Stuttgart,AR,HSI00000074,24548855.0,24835602.0,1,366,2024-01-01..2024-12-31,False,False,False
040154,Bhmc-Conway,AR,HSI00000074,98378468.0,108512815.0,1,366,2024-01-01..2024-12-31,False,False,False
041312,Bhmc-Heber Springs,AR,HSI00000074,24790882.0,27699471.0,1,366,2024-01-01..2024-12-31,False,False,False
100088,Baptist Medical Center,FL,HSI00000075,2076866000.0,2468448128.0,1,366,2023-10-01..2024-09-30,False,False,False
100117,Baptist Medical Center-Beaches,FL,HSI00000075,186044645.0,212175763.0,1,366,2023-10-01..2024-09-30,False,False,False
100140,Baptist Medical Ctr-Nassau,FL,HSI00000075,95529701.0,100301262.0,1,366,2023-10-01..2024-09-30,False,False,False
100093,Baptist Hospital,FL,HSI00000076,475392361.0,571354094.0,1,366,2023-10-01..2024-09-30,False,False,False
100266,Gulf Breeze Hospital,FL,HSI00000076,122595478.0,123575890.0,1,366,2023-10-01..2024-09-30,False,False,False
100048,Jay Hospital,FL,HSI00000076,11242654.0,11206638.0,1,152,2023-10-01..2024-02-29,True,False,False
100008,Baptist Hospital,FL,HSI00000077,1905765260.0,2209158928.0,1,366,2023-10-01..2024-09-30,False,False,False
100002,Bethesda Hospital,FL,HSI00000077,344829619.0,396187005.0,1,366,2023-10-01..2024-09-30,False,False,False
100168,Boca Raton Regional Hospital,FL,HSI00000077,645216837.0,729009802.0,1,366,2023-10-01..2024-09-30,False,False,False
100296,Doctors Hospital,FL,HSI00000077,258032444.0,272447970.0,1,366,2023-10-01..2024-09-30,False,False,False
101312,Fishermens Hospital,FL,HSI00000077,47684635.0,63000495.0,1,366,2023-10-01..2024-09-30,False,False,False
100125,Homestead Hospital,FL,HSI00000077,252856236.0,280540795.0,1,366,2023-10-01..2024-09-30,False,False,False
101313,Mariners Hospital,FL,HSI00000077,81101661.0,83443278.0,1,366,2023-10-01..2024-09-30,False,False,False
100154,South Miami Hospital,FL,HSI00000077,726994537.0,778362599.0,1,366,2023-10-01..2024-09-30,False,False,False
100314,West Kendall Baptist Hospital,FL,HSI00000077,420466376.0,490874141.0,1,366,2023-10-01..2024-09-30,False,False,False
180080,Baptist Health Corbin,KY,HSI00000080,285372031.0,333317164.0,1,365,2024-09-01..2025-08-31,False,False,False
150044,Baptist Health Floyd,IN,HSI00000080,356152209.0,,,,,,False,False
180012,Baptist Health Hardin,KY,HSI00000080,459467006.0,,,,,,False,False
180138,Baptist Health Lagrange,KY,HSI00000080,236921393.0,298041730.0,1,365,2024-09-01..2025-08-31,False,False,False
180103,Baptist Health Lexington,KY,HSI00000080,760575976.0,,,,,,False,False
180130,Baptist Health Louisville,KY,HSI00000080,677106754.0,,,,,,False,False
180093,Baptist Health Madisonville,KY,HSI00000080,220049966.0,,,,,,False,False
180104,Baptist Health Paducah,KY,HSI00000080,391664145.0,,,,,,False,False
180049,Baptist Health Richmond,KY,HSI00000080,145639633.0,196111253.0,1,365,2024-09-01..2025-08-31,False,False,False
181327,Marshall County Hospital,KY,HSI00000080,21387833.0,21362103.0,1,366,2024-01-01..2024-12-31,False,False,False
251336,Baptist Medical Center - Attala,MS,HSI00000081,17014557.0,18910533.0,1,366,2023-10-01..2024-09-30,False,False,False
251315,Baptist Medical Center - Leake  Inc.,MS,HSI00000081,18480684.0,19843644.0,1,366,2023-10-01..2024-09-30,False,False,False
251313,Baptist Medical Center - Yazoo,MS,HSI00000081,19133483.0,19992581.0,1,366,2023-10-01..2024-09-30,False,False,False
250044,Baptist Mem Hospital Booneville,MS,HSI00000081,22829315.0,26255690.0,1,366,2023-10-01..2024-09-30,False,False,False
250141,Baptist Mem Hospital Desoto,MS,HSI00000081,316449190.0,350124849.0,1,366,2023-10-01..2024-09-30,False,False,False
250100,Baptist Mem Hospital Golden Triangle,MS,HSI00000081,240261010.0,288503830.0,1,366,2023-10-01..2024-09-30,False,False,False
440016,Baptist Mem Hospital Huntingdon,TN,HSI00000081,27395127.0,34889314.0,1,366,2023-10-01..2024-09-30,False,False,False
440048,Baptist Mem Hospital Memphis,TN,HSI00000081,876280001.0,948252867.0,1,366,2023-10-01..2024-09-30,False,False,False
250034,Baptist Mem Hospital North Miss,MS,HSI00000081,242074875.0,302085772.0,1,366,2023-10-01..2024-09-30,False,False,False
440131,Baptist Mem Hospital Tipton County,TN,HSI00000081,199589539.0,357679173.0,1,366,2023-10-01..2024-09-30,False,False,False
440130,Baptist Mem Hospital Union City,TN,HSI00000081,51978965.0,58083870.0,1,366,2023-10-01..2024-09-30,False,False,False
250006,Baptist Mem Hospital Union County,MS,HSI00000081,140265945.0,208292736.0,1,366,2023-10-01..2024-09-30,False,False,False
440222,Baptist Memorial Hospital For Women,TN,HSI00000081,,,,,,,False,False
440217,Baptist Memorial Hospital-Collierville,TN,HSI00000081,,,,,,,False,False
251331,Bmh - Calhoun,MS,HSI00000081,23319278.0,25656631.0,1,366,2023-10-01..2024-09-30,False,False,False
040156,Bmh-Crittenden,AR,HSI00000081,23312873.0,26228913.0,1,366,2023-10-01..2024-09-30,False,False,False
250102,Ms Baptist Medical Center,MS,HSI00000081,447949750.0,546129694.0,1,366,2023-10-01..2024-09-30,False,False,False
040118,Nea Baptist Memorial Hospital,AR,HSI00000081,255655858.0,270691811.0,1,366,2023-10-01..2024-09-30,False,False,False
250027,Winston Medical Center,MS,HSI00000081,25363486.0,29533277.0,1,366,2024-01-01..2024-12-31,False,False,False
050352,Barton Memorial Hospital,CA,HSI00000086,170453748.0,195724538.0,1,366,2024-01-01..2024-12-31,False,False,False
291306,Carson Valley Medical Center,NV,HSI00000086,96457338.0,106694226.0,1,366,2024-01-01..2024-12-31,False,False,False
330085,Aurelia Osborn Fox Memorial Hospital,NY,HSI00000087,78798275.0,101465804.0,1,366,2024-01-01..2024-12-31,False,False,False
331320,Bassett Hospital Of Schoharie County,NY,HSI00000087,40503546.0,52201196.0,1,366,2024-01-01..2024-12-31,False,False,False
331311,Little Falls Hospital,NY,HSI00000087,42636328.0,53136890.0,1,366,2024-01-01..2024-12-31,False,False,False
330136,Mary Imogene Bassett Hospital,NY,HSI00000087,529106934.0,669741190.0,1,366,2024-01-01..2024-12-31,False,False,False
331305,Oconnor Hospital,NY,HSI00000087,19921336.0,24519852.0,1,366,2024-01-01..2024-12-31,False,False,False
190065,Baton Rouge General,LA,HSI00000089,493379410.0,496877581.0,1,366,2023-10-01..2024-09-30,False,False,False
190316,The General,LA,HSI00000089,45569175.0,40084476.0,1,366,2023-10-01..2024-09-30,False,False,False
040027,Baxter Regional Medical Center,AR,HSI00000090,277480129.0,291877679.0,1,366,2024-01-01..2024-12-31,False,False,False
080004,Bayhealth Hospital  Kent Campus,DE,HSI00000094,588441904.0,716050869.0,1,365,2024-07-01..2025-06-30,False,False,False
080009,Bayhealth Hospital  Sussex Campus,DE,HSI00000094,298619052.0,454987186.0,1,365,2024-07-01..2025-06-30,False,False,False
450851,Baylor Heart And Vascular Hospital,TX,HSI00000096,255005693.0,260313820.0,1,215,2024-07-01..2025-01-31,True,False,False
450563,Baylor Medical Center-Grapevine,TX,HSI00000096,360304074.0,431029917.0,1,365,2024-07-01..2025-06-30,False,False,False
450137,Baylor S&w All Saints Medical Center,TX,HSI00000096,530805253.0,588314729.0,1,366,2023-10-01..2024-09-30,False,False,False
450079,Baylor S&w Medical Center - Irving,TX,HSI00000096,244665447.0,291804114.0,1,365,2024-07-01..2025-06-30,False,False,False
670082,Baylor S&w Medical Center - Mckinney,TX,HSI00000096,286770915.0,356328503.0,1,365,2024-07-01..2025-06-30,False,False,False
450890,Baylor S&w Medical Center - Plano,TX,HSI00000096,259264310.0,294176498.0,1,366,2024-01-01..2024-12-31,False,False,False
670131,Baylor Scott & White - Buda,TX,HSI00000096,24265063.0,,,,,,False,False
670108,Baylor Scott & White - Marble Falls,TX,HSI00000096,135072247.0,179687744.0,1,365,2024-06-01..2025-05-31,False,False,False
670097,Baylor Scott & White Emergency Hospital - Rockwall,TX,HSI00000096,,,,,,,False,False
450742,Baylor Scott & White Mc- Lake Pointe,TX,HSI00000096,267800711.0,298227467.0,1,365,2024-06-01..2025-05-31,False,False,False
670128,Baylor Scott & White Pflugerville,TX,HSI00000096,46594317.0,55824219.0,1,366,2023-10-01..2024-09-30,False,False,False
451397,Baylor Scott & White Wmc - Brenham,TX,HSI00000096,42678329.0,47446399.0,1,366,2024-01-01..2024-12-31,False,False,False
450187,Baylor Scott And White Medical Center Brenham,TX,HSI00000096,,,,,,,False,False
670079,Baylor Scott And White Medical Center Lakeway,TX,HSI00000096,,,,,,,False,False
450372,Baylor Sw Medical Center- Waxahachie,TX,HSI00000096,273570656.0,305891261.0,1,365,2024-07-01..2025-06-30,False,False,False
450021,Baylor University Medical Ctr,TX,HSI00000096,1258920352.0,1510714800.0,1,365,2024-07-01..2025-06-30,False,False,False
670136,Bsw Medical Center - Austin,TX,HSI00000096,36156311.0,44292454.0,1,366,2024-01-01..2024-12-31,False,False,False
450885,Centennial Medical Center,TX,HSI00000096,127279203.0,161930852.0,1,365,2024-04-01..2025-03-31,False,False,False
670088,College Station Hospital,TX,HSI00000096,397723903.0,487750326.0,1,365,2024-06-01..2025-05-31,False,False,False
670076,Heritage Park Surgical Hospital,TX,HSI00000096,54268561.0,56033066.0,1,366,2024-01-01..2024-12-31,False,False,False
450101,Hillcrest Baptist Medical Center,TX,HSI00000096,464842865.0,,,,,,False,False
450008,Mclane Childrens Hospital Scott And White,TX,HSI00000096,,,,,,,False,False
670034,Round Rock Hospital,TX,HSI00000096,681420075.0,749541966.0,1,365,2024-06-01..2025-05-31,False,False,False
451374,Scott And White Hospital Taylor,TX,HSI00000096,156282356.0,177547565.0,1,366,2024-01-01..2024-12-31,False,False,False
450054,Scott And White Memorial Hospital,TX,HSI00000096,1853448904.0,,,,,,False,False
220016,Baystate Franklin Medical Center,MA,HSI00000097,115290574.0,121862727.0,1,366,2023-10-01..2024-09-30,False,False,False
220077,Baystate Medical Center,MA,HSI00000097,1566162340.0,1640163017.0,1,366,2023-10-01..2024-09-30,False,False,False
220065,Baystate Noble Hospital,MA,HSI00000097,79327317.0,78636406.0,1,366,2023-10-01..2024-09-30,False,False,False
220030,Baystate Wing Hospital & Medical Ctr,MA,HSI00000097,100573377.0,98284010.0,1,366,2023-10-01..2024-09-30,False,False,False
151300,Community Hospital Of Bremen  Inc.,IN,HSI00000098,22647528.0,30381609.0,1,366,2024-01-01..2024-12-31,False,False,False
150018,Elkhart General Hospital,IN,HSI00000098,323007219.0,349595205.0,1,366,2024-01-01..2024-12-31,False,False,False
150058,Memorial Hospital Of South Bend  Inc,IN,HSI00000098,631469548.0,540319845.0,1,366,2024-01-01..2024-12-31,False,False,False
230015,Three Rivers Health,MI,HSI00000098,63928453.0,71900982.0,1,366,2024-01-01..2024-12-31,False,False,False
080007,Beebe Medical Center,DE,HSI00000103,549735445.0,605277456.0,1,365,2024-07-01..2025-06-30,False,False,False
520049,Bellin Memorial Hospital,WI,HSI00000105,689118578.0,760533472.0,1,366,2023-10-01..2024-09-30,False,False,False
521356,Oconto Hospital & Medical Center,WI,HSI00000105,86293158.0,86098219.0,1,366,2023-10-01..2024-09-30,False,False,False
520100,Beloit Memorial Hospital  Inc.,WI,HSI00000106,264956041.0,284004303.0,1,366,2024-01-01..2024-12-31,False,False,False
270012,Benefis Hospitals  Inc.,MT,HSI00000107,558167073.0,620969253.0,1,366,2024-01-01..2024-12-31,False,False,False
271307,Benefis Teton Medical Center,MT,HSI00000107,9393738.0,10803234.0,1,366,2024-01-01..2024-12-31,False,False,False
271304,Missouri River Medical Center,MT,HSI00000107,7031969.0,8986603.0,1,366,2024-01-01..2024-12-31,False,False,False
220046,Berkshire Medical Center,MA,HSI00000109,549039412.0,581858567.0,1,366,2023-10-01..2024-09-30,False,False,False
221302,Fairview Hospital,MA,HSI00000109,89997588.0,77083041.0,1,366,2023-10-01..2024-09-30,False,False,False
271326,Beartooth Billings Clinic,MT,HSI00000114,18387928.0,21240951.0,1,365,2024-07-01..2025-06-30,False,False,False
277066,Beartooth Billings Clinic,MT,HSI00000114,,,,,,,False,False
270004,Billings Clinic,MT,HSI00000114,871501000.0,921018660.0,1,366,2024-01-01..2024-12-31,False,False,False
273998,Daniels Memorial Healthcare Center,MT,HSI00000114,,,,,,,False,False
271342,Daniels Memorial Hospital,MT,HSI00000114,10541903.0,10005973.0,1,365,2024-07-01..2025-06-30,False,False,False
271317,Livingston Healthcare,MT,HSI00000114,72635614.0,85304984.0,1,365,2024-07-01..2025-06-30,False,False,False
277060,Livingston Healthcare,MT,HSI00000114,,,,,,,False,False
531309,North Big Horn Hospital,WY,HSI00000114,24672329.0,29065544.0,1,365,2024-07-01..2025-06-30,False,False,False
533984,North Big Horn Hospital District,WY,HSI00000114,,,,,,,False,False
271313,Pioneer Medical Center,MT,HSI00000114,10719044.0,10603686.0,1,365,2024-07-01..2025-06-30,False,False,False
531310,Powell Valley Health Care,WY,HSI00000114,69592072.0,73892450.0,1,365,2024-07-01..2025-06-30,False,False,False
271330,Stillwater Billings Clinic,MT,HSI00000114,12867503.0,15106645.0,1,366,2024-01-01..2024-12-31,False,False,False
277045,Stillwater Hospital Association Inc,MT,HSI00000114,,,,,,,False,False
360095,Blanchard Valley Reg. Health Center,OH,HSI00000116,342956573.0,334421151.0,1,366,2024-01-01..2024-12-31,False,False,False
361322,Bluffton Hospital,OH,HSI00000116,31755396.0,32211637.0,1,366,2024-01-01..2024-12-31,False,False,False
141315,Bcc Dba Illini Community Hospital,IL,HSI00000117,35752202.0,33111041.0,1,366,2023-10-01..2024-09-30,False,False,False
140015,Blessing Hospital,IL,HSI00000117,562019400.0,620154070.0,1,366,2023-10-01..2024-09-30,False,False,False
223302,Childrens Hospital Corporation,MA,HSI00000130,1856193148.0,2002424520.0,1,366,2023-10-01..2024-09-30,False,False,False
220031,Boston Medical Center,MA,HSI00000131,1406292265.0,1530714893.0,1,366,2023-10-01..2024-09-30,False,False,False
060027,Boulder Community Hospital,CO,HSI00000132,418345593.0,474809811.0,1,366,2024-01-01..2024-12-31,False,False,False
270057,Bozeman Deaconess Health Services,MT,HSI00000135,413499189.0,515651492.0,1,366,2024-01-01..2024-12-31,False,False,False
230075,Bronson Battle Creek,MI,HSI00000139,276748314.0,293075326.0,1,366,2024-01-01..2024-12-31,False,False,False
231332,Bronson Lakeview Hospital,MI,HSI00000139,81897525.0,83122615.0,1,366,2024-01-01..2024-12-31,False,False,False
230017,Bronson Methodist Hospital,MI,HSI00000139,1063735692.0,1209223266.0,1,366,2024-01-01..2024-12-31,False,False,False
230085,Bronson South Haven Hospital,MI,HSI00000139,34528290.0,40537079.0,1,366,2024-01-01..2024-12-31,False,False,False
330009,Bronxcare Health System,NY,HSI00000140,871269556.0,983263032.0,1,366,2024-01-01..2024-12-31,False,False,False
280003,Bryan Medical Center,NE,HSI00000143,843709000.0,871655076.0,1,366,2024-01-01..2024-12-31,False,False,False
280135,Bryan Medical Center West,NE,HSI00000143,,,,,,,False,False
281354,Crete Area Medical Center,NE,HSI00000143,30214172.0,33824157.0,1,366,2024-01-01..2024-12-31,False,False,False
280139,Grand Island Regional Medical Center,NE,HSI00000143,52932000.0,86357516.0,1,366,2024-01-01..2024-12-31,False,False,False
280134,Kearney Regional Medical Center,NE,HSI00000143,145908600.0,168954189.0,1,366,2024-01-01..2024-12-31,False,False,False
281328,Merrick Medical Center,NE,HSI00000143,22396981.0,24396553.0,1,366,2024-01-01..2024-12-31,False,False,False
281307,Saunders County Health Services,NE,HSI00000143,35912171.0,43003163.0,1,365,2024-07-01..2025-06-30,False,False,False
283990,Saunders Medical Center,NE,HSI00000143,,,,,,,False,False
390168,Butler Memorial Hospital,PA,HSI00000146,278806647.0,293204924.0,1,365,2024-07-01..2025-06-30,False,False,False
390093,Clarion Hospital,PA,HSI00000146,47828653.0,63262693.0,1,365,2024-07-01..2025-06-30,False,False,False
510002,Camc Greenbrier Valley Medical Center,WV,HSI00000147,,102454477.0,1,366,2024-01-01..2024-12-31,False,False,False
510022,Charleston Area Medical Center  Inc.,WV,HSI00000147,,1798869743.0,1,366,2024-01-01..2024-12-31,False,False,False
511307,Grafton City Hospital,WV,HSI00000147,16163567.0,15512356.0,1,365,2024-07-01..2025-06-30,False,False,False
510024,Monongalia General Hospital,WV,HSI00000147,370712024.0,401114107.0,1,366,2024-01-01..2024-12-31,False,False,False
511317,Plateau Medical Center,WV,HSI00000147,46101086.0,53949859.0,1,366,2024-01-01..2024-12-31,False,False,False
511312,Preston Memorial Hospital,WV,HSI00000147,50507267.0,57812940.0,1,366,2024-01-01..2024-12-31,False,False,False
510038,Stonewall Jackson Memorial Hospital,WV,HSI00000147,47580440.0,52617356.0,1,366,2024-01-01..2024-12-31,False,False,False
510085,Teays Valley Health Services Inc,WV,HSI00000147,,,,,,,False,False
453315,Childrens Hospital Of San Antonio,TX,HSI00000152,376531709.0,501543083.0,1,365,2024-07-01..2025-06-30,False,False,False
191312,Christus Coushatta Health Care Ctr,LA,HSI00000152,27304454.0,32006453.0,1,365,2024-07-01..2025-06-30,False,False,False
450037,Christus Good Shepherd Medical Center Longview,TX,HSI00000152,,,,,,,False,False
450034,Christus Hospital,TX,HSI00000152,414982533.0,437948678.0,1,365,2024-07-01..2025-06-30,False,False,False
450236,Christus Mf - Sulphur Springs,TX,HSI00000152,121432463.0,132636281.0,1,365,2024-07-01..2025-06-30,False,False,False
451319,Christus Mfh - Jacksonville,TX,HSI00000152,81805042.0,93957128.0,1,365,2024-07-01..2025-06-30,False,False,False
451381,Christus Mfh Winnsboro,TX,HSI00000152,24283995.0,20576616.0,1,365,2024-07-01..2025-06-30,False,False,False
450102,Christus Mother Frances Hosp-Tyler,TX,HSI00000152,971638409.0,1010086446.0,1,365,2024-07-01..2025-06-30,False,False,False
450615,Christus Saint Michael Hospital Atlanta,TX,HSI00000152,,,,,,,False,False
450272,Christus Santa Rosa - San Marcos,TX,HSI00000152,113257526.0,165584419.0,1,365,2024-07-01..2025-06-30,False,False,False
450059,Christus Santa Rosa Hospital New Braunfels,TX,HSI00000152,,,,,,,False,False
450828,Christus Spohn Alice,TX,HSI00000152,65243221.0,69403494.0,1,365,2024-07-01..2025-06-30,False,False,False
450046,Christus Spohn Hosp Corpus Christi,TX,HSI00000152,665673593.0,755544899.0,1,365,2024-07-01..2025-06-30,False,False,False
450082,Christus Spohn Hospital Beeville,TX,HSI00000152,34996729.0,46211631.0,1,365,2024-07-01..2025-06-30,False,False,False
450163,Christus Spohn Kleberg Memorial Hosp,TX,HSI00000152,47153052.0,51260276.0,1,365,2024-07-01..2025-06-30,False,False,False
450801,Christus St Michael,TX,HSI00000152,437016761.0,571203465.0,1,365,2024-07-01..2025-06-30,False,False,False
450032,Good Shepherd Medical Center,TX,HSI00000152,557418619.0,647564918.0,1,365,2024-07-01..2025-06-30,False,False,False
190041,Highland Medical Center,LA,HSI00000152,285078709.0,323217952.0,1,365,2024-07-01..2025-06-30,False,False,False
450573,Jasper Memorial Hospital,TX,HSI00000152,36812475.0,39092991.0,1,365,2024-07-01..2025-06-30,False,False,False
190201,Lake Area Medical Center,LA,HSI00000152,81557505.0,94827576.0,1,365,2024-07-01..2025-06-30,False,False,False
190007,Natchitoches Regional Medical Center,LA,HSI00000152,82412551.0,105398474.0,1,365,2024-07-01..2025-06-30,False,False,False
450237,Santa Rosa Healthcare,TX,HSI00000152,524064967.0,532585255.0,1,365,2024-07-01..2025-06-30,False,False,False
190025,Savoy Medical Management Group  Inc.,LA,HSI00000152,43062414.0,39737216.0,1,366,2024-01-01..2024-12-31,False,False,False
190019,St. Frances Cabrini Hospital,LA,HSI00000152,363014755.0,400475208.0,1,365,2024-07-01..2025-06-30,False,False,False
190027,St. Patrick Hospital,LA,HSI00000152,189418889.0,174232099.0,1,365,2024-07-01..2025-06-30,False,False,False
320002,St. Vincent Hospital,NM,HSI00000152,554345965.0,706173346.0,1,365,2024-07-01..2025-06-30,False,False,False
510055,Cabell Huntington Hospital,WV,HSI00000154,722350451.0,712276084.0,1,366,2023-10-01..2024-09-30,False,False,False
510012,Pleasant Valley Hospital,WV,HSI00000154,42704455.0,43021399.0,1,366,2023-10-01..2024-09-30,False,False,False
510007,St. Marys Medical Center  Inc.,WV,HSI00000154,526022375.0,546392080.0,1,366,2023-10-01..2024-09-30,False,False,False
210039,Calvert Memorial Hospital,MD,HSI00000155,149966767.0,167272902.0,1,365,2024-07-01..2025-06-30,False,False,False
220012,Cape Cod Hospital,MA,HSI00000161,689149004.0,694350913.0,1,366,2023-10-01..2024-09-30,False,False,False
220135,Falmouth Hospital,MA,HSI00000161,178599832.0,181270190.0,1,366,2023-10-01..2024-09-30,False,False,False
310044,Capital Health Med Center - Hopewell,NJ,HSI00000164,819330978.0,782625960.0,1,366,2024-01-01..2024-12-31,False,False,False
310092,Capital Health Regional Medical Ctr,NJ,HSI00000164,510163929.0,415752951.0,1,366,2024-01-01..2024-12-31,False,False,False
300001,Concord Hospital  Inc.,NH,HSI00000165,569977025.0,608648470.0,1,366,2023-10-01..2024-09-30,False,False,False
301306,Concord Hospital - Franklin,NH,HSI00000165,34526799.0,37580615.0,1,366,2023-10-01..2024-09-30,False,False,False
300005,Concord Hospital - Laconia,NH,HSI00000165,126996422.0,128533002.0,1,366,2023-10-01..2024-09-30,False,False,False
410009,Kent County Memorial Hospital,RI,HSI00000166,363709140.0,400733330.0,1,366,2023-10-01..2024-09-30,False,False,False
410010,Women & Infants Hospital,RI,HSI00000166,464874237.0,554304455.0,1,366,2023-10-01..2024-09-30,False,False,False
490089,Carilion Franklin Memorial Hospital,VA,HSI00000170,75223364.0,86186905.0,1,366,2023-10-01..2024-09-30,False,False,False
491302,Carilion Giles Community Hospital,VA,HSI00000170,75384991.0,84749124.0,1,366,2023-10-01..2024-09-30,False,False,False
490024,Carilion Medical Center,VA,HSI00000170,1525864523.0,1712141577.0,1,366,2023-10-01..2024-09-30,False,False,False
490042,Carilion New River Valley Med Center,VA,HSI00000170,269609457.0,301805328.0,1,366,2023-10-01..2024-09-30,False,False,False
490100,Carilion Roanoke Community Hospital,VA,HSI00000170,,,,,,,False,False
491304,Carilion Rockbridge Community Hosp,VA,HSI00000170,65056561.0,69624372.0,1,366,2023-10-01..2024-09-30,False,False,False
490117,Carilion Tazewell Community Hospital,VA,HSI00000170,18264840.0,21119294.0,1,366,2023-10-01..2024-09-30,False,False,False
340032,Gaston Memorial Hospital,NC,HSI00000171,641793587.0,822685423.0,1,365,2024-07-01..2025-06-30,False,False,False
290019,Carson Tahoe Regional Healthcare,NV,HSI00000178,359182636.0,419840412.0,1,366,2024-01-01..2024-12-31,False,False,False
330286,Good Samaritan Hospital,NY,HSI00000186,795597709.0,858601014.0,1,366,2024-01-01..2024-12-31,False,False,False
330259,Mercy Medical Center,NY,HSI00000186,282394196.0,310803836.0,1,366,2024-01-01..2024-12-31,False,False,False
330246,St Charles Hospital,NY,HSI00000186,233427708.0,251973977.0,1,366,2024-01-01..2024-12-31,False,False,False
330401,St. Catherine Of Siena Medical Cente,NY,HSI00000186,233746398.0,260988950.0,1,366,2024-01-01..2024-12-31,False,False,False
330182,St. Francis Hospital,NY,HSI00000186,889309434.0,911164047.0,1,366,2024-01-01..2024-12-31,False,False,False
330332,St. Joseph Hospital,NY,HSI00000186,153129063.0,180489914.0,1,366,2024-01-01..2024-12-31,False,False,False
300034,Catholic Medical Center,NH,HSI00000188,480789746.0,463428721.0,1,366,2023-10-01..2024-09-30,False,False,False
330307,Cayuga Medical Center At Ithaca,NY,HSI00000189,303402454.0,355160375.0,1,366,2024-01-01..2024-12-31,False,False,False
331313,Schuyler Hospital,NY,HSI00000189,,47660090.0,1,366,2024-01-01..2024-12-31,False,False,False
050740,Cedars-Sinai Marina Del Rey Hospital,CA,HSI00000190,159027111.0,165953656.0,1,365,2024-07-01..2025-06-30,False,False,False
050625,Cedars-Sinai Medical Center,CA,HSI00000190,3922745880.0,4400597166.0,1,365,2024-07-01..2025-06-30,False,False,False
050438,Huntington Hospital,CA,HSI00000190,703655800.0,786533006.0,1,365,2024-07-01..2025-06-30,False,False,False
050351,Torrance Memorial Medical Center,CA,HSI00000190,790584368.0,897751608.0,1,365,2024-07-01..2025-06-30,False,False,False
490088,Bedford Memorial Hospital,VA,HSI00000192,51470472.0,51951163.0,1,366,2024-01-01..2024-12-31,False,False,False
490021,Centra Health,VA,HSI00000192,927557202.0,929235984.0,1,366,2024-01-01..2024-12-31,False,False,False
490138,Centra Virginia Baptist Hospital,VA,HSI00000192,,,,,,,False,False
490090,Southside Community Hospital,VA,HSI00000192,115675401.0,112467266.0,1,366,2024-01-01..2024-12-31,False,False,False
240088,Carris Health,MN,HSI00000193,140396021.0,149123106.0,1,365,2024-07-01..2025-06-30,False,False,False
241351,Carris Health-Redwood Llc,MN,HSI00000193,55695655.0,59411911.0,1,365,2024-07-01..2025-06-30,False,False,False
241368,Cch - Sauk Centre,MN,HSI00000193,41148037.0,43893008.0,1,365,2024-07-01..2025-06-30,False,False,False
241362,Cch-Monticello,MN,HSI00000193,97745916.0,99469360.0,1,365,2024-07-01..2025-06-30,False,False,False
247229,Centracare Redwood Hospital,MN,HSI00000193,,,,,,,False,False
241326,Long Prairie Memorial Hospital,MN,HSI00000193,39355931.0,36488344.0,1,365,2024-07-01..2025-06-30,False,False,False
241330,Melrose Area Hospital Centracare,MN,HSI00000193,51480189.0,48990244.0,1,365,2024-07-01..2025-06-30,False,False,False
241349,Paynesville Area Hospital,MN,HSI00000193,43010505.0,47462876.0,1,365,2024-07-01..2025-06-30,False,False,False
240036,St. Cloud Hospital,MN,HSI00000193,943564397.0,1103689375.0,1,365,2024-07-01..2025-06-30,False,False,False
241365,Swift County - Benson,MN,HSI00000193,18298870.0,22370394.0,1,365,2024-07-01..2025-06-30,False,False,False
310111,Centrastate Medical Center,NJ,HSI00000194,307776553.0,380309433.0,1,366,2024-01-01..2024-12-31,False,False,False
201310,Bridgton Hospital,ME,HSI00000197,56805582.0,49826888.0,1,365,2024-07-01..2025-06-30,False,False,False
200024,Central Maine Medical Center,ME,HSI00000197,396858898.0,438310665.0,1,365,2024-07-01..2025-06-30,False,False,False
201306,Rumford Hospital,ME,HSI00000197,51491045.0,46701675.0,1,365,2024-07-01..2025-06-30,False,False,False
243302,Childrens Health Care,MN,HSI00000207,1016840113.0,1050930414.0,1,366,2024-01-01..2024-12-31,False,False,False
247110,Childrens Hospitals And Clinics Minnesota,MN,HSI00000207,,,,,,,False,False
453302,Childrens Medical Center Of Dallas,TX,HSI00000208,1892616204.0,2025409662.0,1,366,2024-01-01..2024-12-31,False,False,False
453316,Childrens Medical Center Of Plano,TX,HSI00000208,352731505.0,392642421.0,1,366,2024-01-01..2024-12-31,False,False,False
453308,Our Children's House,TX,HSI00000208,,,,,,,False,False
113300,Egleston Childrens Hospital At Emory,GA,HSI00000209,999801524.0,1148658623.0,1,366,2024-01-01..2024-12-31,False,False,False
113301,Scottish Rite Childrens Medical Ctr,GA,HSI00000209,961159834.0,981949406.0,1,366,2024-01-01..2024-12-31,False,False,False
053302,Childrens Hospital Los Angeles,CA,HSI00000210,1208346977.0,1429610869.0,1,365,2024-07-01..2025-06-30,False,False,False
363303,Childrens Hospital Medical Center,OH,HSI00000211,1113626754.0,1249831958.0,1,366,2024-01-01..2024-12-31,False,False,False
523302,Childrens Hospital Of Wi-Fox Valley,WI,HSI00000212,27645470.0,34528488.0,1,366,2024-01-01..2024-12-31,False,False,False
523300,Childrens Hospital Of Wisconsin,WI,HSI00000212,834611498.0,898610194.0,1,366,2024-01-01..2024-12-31,False,False,False
283301,Childrens Hospital & Medical Center,NE,HSI00000213,501071414.0,709726525.0,1,366,2024-01-01..2024-12-31,False,False,False
053306,Childrens Hospital At Mission,CA,HSI00000214,,,,,,,False,False
053304,Childrens Hospital Of Orange Count,CA,HSI00000214,1310418726.0,1373123733.0,1,365,2024-07-01..2025-06-30,False,False,False
493301,Childrens Hospital Of The Kings Da,VA,HSI00000215,546188212.0,733412937.0,1,365,2024-07-01..2025-06-30,False,False,False
093300,Childrens Hospital,DC,HSI00000216,1362376834.0,1610530890.0,1,365,2024-07-01..2025-06-30,False,False,False
013300,The Childrens Hospital Of Alabama,AL,HSI00000217,860206699.0,893992144.0,1,366,2024-01-01..2024-12-31,False,False,False
080001,Christiana Care Health System,DE,HSI00000218,2261415744.0,2537094999.0,1,365,2024-07-01..2025-06-30,False,False,False
210032,Union Hospital Of Cecil County,MD,HSI00000218,184119910.0,213306636.0,1,365,2024-07-01..2025-06-30,False,False,False
363300,Childrens Hospital Medical Center,OH,HSI00000224,2508408288.0,2876836000.0,1,365,2024-07-01..2025-06-30,False,False,False
050597,Emanate Health Foothill Presb. Hosp.,CA,HSI00000226,115041555.0,139878808.0,1,366,2024-01-01..2024-12-31,False,False,False
050382,Emanate Health Medical Center,CA,HSI00000226,517502214.0,593249148.0,1,366,2024-01-01..2024-12-31,False,False,False
050369,Emanate Health Queen Of The Valley Hospital,CA,HSI00000226,,,,,,,False,False
330094,Columbia Memorial Hospital,NY,HSI00000236,129707715.0,156210885.0,1,366,2024-01-01..2024-12-31,False,False,False
180013,The Medical Center,KY,HSI00000244,450952765.0,576907366.0,1,365,2024-04-01..2025-03-31,False,False,False
181314,The Medical Center At Caverna,KY,HSI00000244,21087937.0,25496375.0,1,365,2024-04-01..2025-03-31,False,False,False
181318,The Medical Center At Franklin,KY,HSI00000244,33157754.0,40413470.0,1,365,2024-04-01..2025-03-31,False,False,False
181324,The Medical Center At Scottsville,KY,HSI00000244,34750844.0,46693182.0,1,365,2024-04-01..2025-03-31,False,False,False
180106,The Medical Center Of Albany,KY,HSI00000244,14701958.0,,,,,,False,False
150125,Community Hospital,IN,HSI00000246,615140800.0,674858402.0,1,365,2024-07-01..2025-06-30,False,False,False
150008,St. Catherine Hospital,IN,HSI00000246,138264543.0,166750844.0,1,365,2024-07-01..2025-06-30,False,False,False
150034,St. Mary Medical Center  Inc.,IN,HSI00000246,319201832.0,360416135.0,1,365,2024-07-01..2025-06-30,False,False,False
150074,Community Health Network  Inc.,IN,HSI00000248,1454032975.0,1555810706.0,1,366,2024-01-01..2024-12-31,False,False,False
150113,Community Hospital Anderson,IN,HSI00000248,230290443.0,230866808.0,1,366,2024-01-01..2024-12-31,False,False,False
150169,Community Hospital Of Indiana  Inc.,IN,HSI00000248,581867608.0,613886175.0,1,366,2024-01-01..2024-12-31,False,False,False
150128,Community Hospital South,IN,HSI00000248,328252744.0,358099420.0,1,366,2024-01-01..2024-12-31,False,False,False
150007,Community Howard Regional Health,IN,HSI00000248,205863698.0,219801989.0,1,366,2024-01-01..2024-12-31,False,False,False
061336,Arkansas Valley Regl Med Ctr,CO,HSI00000251,37050480.0,41712893.0,1,365,2024-04-01..2025-03-31,False,False,False
450346,Baptist Beaumont Hospital,TX,HSI00000251,374826584.0,,,,,,False,False
450658,Freestone Medical Center,TX,HSI00000251,15954239.0,15608986.0,1,366,2023-10-01..2024-09-30,False,False,False
450508,Lion Star Nacogdoches Memorial Hosp,TX,HSI00000251,62527782.0,51110031.0,2,477,2024-03-11..2025-06-30,True,False,False
130025,Madison Memorial Hospital,ID,HSI00000251,97998560.0,98910419.0,1,366,2023-10-01..2024-09-30,False,False,False
060006,Montrose Memorial Hospital,CO,HSI00000251,166157078.0,194853086.0,1,366,2024-01-01..2024-12-31,False,False,False
450090,North Texas Medical Center,TX,HSI00000251,41525108.0,46901297.0,1,366,2024-01-01..2024-12-31,False,False,False
061327,Southwest Memorial Hospital,CO,HSI00000251,76386189.0,79954650.0,1,366,2024-01-01..2024-12-31,False,False,False
670004,St. Mark's Medical Center,TX,HSI00000251,,,,,,,False,False
321304,Union County Gen. Hospital,NM,HSI00000251,10405289.0,14205344.0,1,365,2024-07-01..2025-06-30,False,False,False
451346,Yoakum Community Hospital,TX,HSI00000251,21325833.0,23657174.0,1,365,2024-07-01..2025-06-30,False,False,False
050492,Clovis Community Medical Center,CA,HSI00000253,653377769.0,,,,,,False,False
050060,Community Regional Medical Center,CA,HSI00000253,1471534270.0,,,,,,False,False
050394,Cmh Of San Buenaventura,CA,HSI00000255,498482459.0,588301634.0,1,366,2024-01-01..2024-12-31,False,False,False
051334,Ojai Valley Community Hospital,CA,HSI00000255,41042372.0,44407567.0,1,366,2024-01-01..2024-12-31,False,False,False
340070,Alamance Regional Medical Center,NC,HSI00000263,284333872.0,316491554.0,1,366,2023-10-01..2024-09-30,False,False,False
340007,Annie Penn Hospital,NC,HSI00000263,,,,,,,False,False
340091,The Moses H. Cone Memorial Hospital,NC,HSI00000263,1388136763.0,1715396263.0,1,366,2023-10-01..2024-09-30,False,False,False
061308,Conejos County Hospital,CO,HSI00000264,14107056.0,15451542.0,1,365,2024-07-01..2025-06-30,False,False,False
060008,San Luis Valley Reg Med Center,CO,HSI00000264,102793103.0,113039917.0,1,365,2024-07-01..2025-06-30,False,False,False
500016,Confluence Health,WA,HSI00000266,692663859.0,938371003.0,1,366,2024-01-01..2024-12-31,False,False,False
500148,Wenatchee Valley Hospital,WA,HSI00000266,277529614.0,,,,,,False,False
073300,Connecticut Childrens Medical Center,CT,HSI00000268,467816565.0,496309231.0,1,366,2023-10-01..2024-09-30,False,False,False
420049,Conway Hospital,SC,HSI00000271,270969273.0,290165782.0,1,366,2023-10-01..2024-09-30,False,False,False
040029,Conway Regional Medical Center  Inc,AR,HSI00000272,233629197.0,253212266.0,1,366,2024-01-01..2024-12-31,False,False,False
041302,Dardanelle Hospital,AR,HSI00000272,18960516.0,18431001.0,1,366,2024-01-01..2024-12-31,False,False,False
453300,Cook Childrens Medical Center,TX,HSI00000273,1612774162.0,1863252137.0,1,366,2023-10-01..2024-09-30,False,False,False
453317,Cook Childrens Medical Center,TX,HSI00000273,,96718497.0,1,366,2023-10-01..2024-09-30,False,False,False
050357,Goleta Valley Cottage Hospital,CA,HSI00000283,120772316.0,129434404.0,1,366,2024-01-01..2024-12-31,False,False,False
050396,Santa Barbara Cottage Hospital,CA,HSI00000283,841279412.0,926937371.0,1,366,2024-01-01..2024-12-31,False,False,False
051331,Santa Ynez Valley Cottage Hospital,CA,HSI00000283,27880361.0,29339883.0,1,366,2024-01-01..2024-12-31,False,False,False
440057,Claiborne Medical Center,TN,HSI00000286,30939784.0,32092643.0,1,365,2024-07-01..2025-06-30,False,False,False
440009,Cumberland Medical Center,TN,HSI00000286,84268284.0,98307527.0,1,365,2024-07-01..2025-06-30,False,False,False
440110,Fort Loudoun Medical Center,TN,HSI00000286,43820624.0,48456726.0,1,366,2024-01-01..2024-12-31,False,False,False
440125,Fort Sanders Regional Medical Center,TN,HSI00000286,376295614.0,393228467.0,1,366,2024-01-01..2024-12-31,False,False,False
440081,Leconte Medical Center,TN,HSI00000286,137175450.0,145985963.0,1,366,2024-01-01..2024-12-31,False,False,False
440034,Methodist Medical Center,TN,HSI00000286,158786597.0,173372263.0,1,366,2024-01-01..2024-12-31,False,False,False
440030,Morristown-Hamblen Hospital,TN,HSI00000286,126624515.0,148417290.0,1,365,2024-07-01..2025-06-30,False,False,False
440173,Parkwest Medical Center,TN,HSI00000286,396434669.0,,,,,,False,False
440031,Roane County Medical Center,TN,HSI00000286,44289433.0,47776719.0,1,365,2024-07-01..2025-06-30,False,False,False
200001,St Joseph Hospital,ME,HSI00000287,193364998.0,213888836.0,1,366,2024-01-01..2024-12-31,False,False,False
300011,St. Joseph Hospital,NH,HSI00000287,261376056.0,286656438.0,1,366,2024-01-01..2024-12-31,False,False,False
200034,St. Marys Regional Medical Center,ME,HSI00000287,211411193.0,201751737.0,1,366,2024-01-01..2024-12-31,False,False,False
230070,Covenant Medical Center,MI,HSI00000288,680859168.0,796939421.0,1,365,2024-07-01..2025-06-30,False,False,False
261325,Cox Barton County Hospital,MO,HSI00000290,29928003.0,30775962.0,1,366,2023-10-01..2024-09-30,False,False,False
260094,Cox Medical Center Branson,MO,HSI00000290,244367182.0,268495867.0,1,366,2023-10-01..2024-09-30,False,False,False
261329,Cox-Monett Hospital,MO,HSI00000290,63425304.0,67391626.0,1,366,2023-10-01..2024-09-30,False,False,False
260040,Coxhealth,MO,HSI00000290,1545442759.0,1686236433.0,1,366,2023-10-01..2024-09-30,False,False,False
301305,Alice Peck Day Memorial Hospital,NH,HSI00000299,94262000.0,110295000.0,1,365,2024-07-01..2025-06-30,False,False,False
470011,Brattleboro Memorial Hospital,VT,HSI00000299,92113201.0,90974718.0,1,366,2023-10-01..2024-09-30,False,False,False
300019,Cheshire Medical Center,NH,HSI00000299,236225000.0,290967000.0,1,365,2024-07-01..2025-06-30,False,False,False
300003,Mary Hitchcock Memorial Hosp,NH,HSI00000299,1426403417.0,1908969420.0,1,365,2024-07-01..2025-06-30,False,False,False
471302,Mt Ascutney Hospital And Health Cent,VT,HSI00000299,62635551.0,67213419.0,1,366,2023-10-01..2024-09-30,False,False,False
301304,New London Hospital,NH,HSI00000299,87854568.0,101980676.0,1,365,2024-07-01..2025-06-30,False,False,False
470012,Southwestern Vermont Medical Center,VT,HSI00000299,155588663.0,171892916.0,1,366,2023-10-01..2024-09-30,False,False,False
301308,Valley Regional Hospital,NH,HSI00000299,62840333.0,63519962.0,1,366,2023-10-01..2024-09-30,False,False,False
511300,Broaddus Hospital Association,WV,HSI00000300,21414658.0,25723013.0,1,366,2024-01-01..2024-12-31,False,False,False
510030,Davis Memorial Hospital,WV,HSI00000300,103744259.0,141391760.0,1,366,2024-01-01..2024-12-31,False,False,False
511301,Webster Memorial Hospital,WV,HSI00000300,12088469.0,16758194.0,1,366,2024-01-01..2024-12-31,False,False,False
070003,Day Kimball Hospital,CT,HSI00000301,115441752.0,110867819.0,1,366,2023-10-01..2024-09-30,False,False,False
363306,Dayton Childrens Hospital,OH,HSI00000302,569126150.0,661365054.0,1,365,2024-07-01..2025-06-30,False,False,False
140294,Crossroads Community Hospital,IL,HSI00000305,54658650.0,56435797.0,1,366,2023-10-01..2024-09-30,False,False,False
151319,Deaconess Gibson,IN,HSI00000305,50726456.0,57136796.0,1,366,2023-10-01..2024-09-30,False,False,False
180056,Deaconess Henderson Hospital,KY,HSI00000305,126914273.0,163257545.0,1,366,2023-10-01..2024-09-30,False,False,False
150082,Deaconess Hospital,IN,HSI00000305,1174060571.0,1271479161.0,1,366,2023-10-01..2024-09-30,False,False,False
150149,Deaconess Womens Hospital,IN,HSI00000305,139443604.0,136543499.0,1,366,2024-01-01..2024-12-31,False,False,False
181306,Deaconness Union County Hospital,KY,HSI00000305,29920668.0,29816797.0,1,366,2023-10-01..2024-09-30,False,False,False
390203,Doylestown Hospital,PA,HSI00000320,317137834.0,373042132.0,1,365,2024-07-01..2025-06-30,False,False,False
453301,Driscoll Childrens Hospital,TX,HSI00000321,694328846.0,,,,,,False,False
340073,Duke Raleigh Hospital,NC,HSI00000323,682954857.0,,,,,,False,False
340155,Duke Regional Hospital,NC,HSI00000323,420999170.0,540516550.0,1,365,2024-07-01..2025-06-30,False,False,False
340030,Duke University Hospital,NC,HSI00000323,3156628237.0,4842220810.0,1,365,2024-07-01..2025-06-30,False,False,False
443303,East Tennessee Childrens Hospital,TN,HSI00000327,,312649794.0,1,365,2024-07-01..2025-06-30,False,False,False
201300,Blue Hill Memorial Hospital,ME,HSI00000330,41706448.0,41030146.0,1,366,2023-10-01..2024-09-30,False,False,False
201301,Charles A Dean Memorial Hospital,ME,HSI00000330,19057110.0,21279509.0,1,366,2023-10-01..2024-09-30,False,False,False
200033,Eastern Maine Medical Center,ME,HSI00000330,925629153.0,917421936.0,1,366,2023-10-01..2024-09-30,False,False,False
201308,Houlton Regional Hospital,ME,HSI00000330,50235221.0,54321467.0,1,366,2023-10-01..2024-09-30,False,False,False
200041,Inland Hospital,ME,HSI00000330,69337238.0,70868801.0,1,366,2023-10-01..2024-09-30,False,False,False
200050,Maine Coast Memorial Hospital,ME,HSI00000330,107745032.0,110232099.0,1,366,2023-10-01..2024-09-30,False,False,False
201309,Mayo Regional Hospital,ME,HSI00000330,63083600.0,70916841.0,1,366,2023-10-01..2024-09-30,False,False,False
200008,Mercy Hospital,ME,HSI00000330,270174367.0,308455007.0,1,366,2023-10-01..2024-09-30,False,False,False
201313,Sebasticook Valley Hospital,ME,HSI00000330,55282937.0,59860258.0,1,366,2023-10-01..2024-09-30,False,False,False
200018,The Aroostook Medical Center,ME,HSI00000330,153170177.0,156092691.0,1,366,2023-10-01..2024-09-30,False,False,False
050573,Eisenhower Medical Center,CA,HSI00000335,1036619062.0,1259180643.0,1,365,2024-07-01..2025-06-30,False,False,False
300012,Elliot Hospital,NH,HSI00000338,660799643.0,688986183.0,1,365,2024-07-01..2025-06-30,False,False,False
300020,Southern Nh Medical Center,NH,HSI00000338,292993949.0,399954003.0,1,365,2024-07-01..2025-06-30,False,False,False
330339,Bellevue Womans Center,NY,HSI00000339,,,,,,,False,False
330153,Ellis Hospital,NY,HSI00000339,401432172.0,435312734.0,1,366,2024-01-01..2024-12-31,False,False,False
220084,Emerson Hospital,MA,HSI00000340,336180825.0,346427362.0,1,366,2023-10-01..2024-09-30,False,False,False
110089,Coffee Regional Medical Center,GA,HSI00000342,150324386.0,155726283.0,1,366,2024-01-01..2024-12-31,False,False,False
110076,Emory Decatur Hospital,GA,HSI00000342,394569370.0,,,,,,False,False
110226,Emory Hillandale Hospital,GA,HSI00000342,101929075.0,,,,,,False,False
110230,Emory Johns Creek Hospital,GA,HSI00000342,269067935.0,,,,,,False,False
110010,Emory University Hospital,GA,HSI00000342,1424218765.0,,,,,,False,False
110078,Emory University Hospital Midtown,GA,HSI00000342,1369626969.0,1999379209.0,1,365,2024-09-01..2025-08-31,False,False,False
110082,St. Josephs Of Atlanta,GA,HSI00000342,552478006.0,,,,,,False,False
050039,Enloe Medical Center,CA,HSI00000345,834423644.0,1057826871.0,1,365,2024-07-01..2025-06-30,False,False,False
180048,Ephraim Mcdowell Reg Med Ctr,KY,HSI00000346,234678984.0,254598087.0,1,366,2023-10-01..2024-09-30,False,False,False
181315,Fort Logan Hospital,KY,HSI00000346,36549643.0,39879568.0,1,366,2023-10-01..2024-09-30,False,False,False
181302,James B Haggin Memorial Hospital,KY,HSI00000346,35535734.0,43510178.0,1,366,2023-10-01..2024-09-30,False,False,False
330395,Episcopal Health Services,NY,HSI00000347,238874000.0,257538498.0,1,366,2024-01-01..2024-12-31,False,False,False
241313,Bridges Medical Center,MN,HSI00000350,10319413.0,10944890.0,1,365,2024-07-01..2025-06-30,False,False,False
241360,Deer River Healthcare Center  Inc.,MN,HSI00000350,41638661.0,44527873.0,1,365,2024-07-01..2025-06-30,False,False,False
243416,Essentia Health Ada,MN,HSI00000350,,,,,,,False,False
247223,Essentia Health Deer River,MN,HSI00000350,,,,,,,False,False
243997,Essentia Health Graceville,MN,HSI00000350,,,,,,,False,False
241350,Essentia Health Moose Lake,MN,HSI00000350,38090744.0,46166526.0,1,365,2024-07-01..2025-06-30,False,False,False
240084,Essentia Health Virginia,MN,HSI00000350,132004703.0,152760460.0,1,365,2024-07-01..2025-06-30,False,False,False
241357,First Care Medical Services,MN,HSI00000350,30351418.0,32746499.0,1,365,2024-07-01..2025-06-30,False,False,False
241321,Graceville Health Center,MN,HSI00000350,9698887.0,12506747.0,1,365,2024-07-01..2025-06-30,False,False,False
350070,Innovis Health,ND,HSI00000350,537911540.0,633086168.0,1,365,2024-07-01..2025-06-30,False,False,False
241340,Northern Pines Medical Center,MN,HSI00000350,22602063.0,24727358.0,1,365,2024-07-01..2025-06-30,False,False,False
241309,Pine Medical Center,MN,HSI00000350,22178464.0,24150635.0,1,365,2024-07-01..2025-06-30,False,False,False
240019,Smdc Medical Center,MN,HSI00000350,519219914.0,591354666.0,1,365,2024-07-01..2025-06-30,False,False,False
521329,St Marys Hospital Superior,WI,HSI00000350,98207301.0,122248791.0,1,365,2024-07-01..2025-06-30,False,False,False
240075,St. Josephs Medical Center,MN,HSI00000350,283339603.0,334435985.0,1,365,2024-07-01..2025-06-30,False,False,False
131321,St. Marys Health,ID,HSI00000350,25237921.0,28057236.0,1,366,2024-01-01..2024-12-31,False,False,False
240002,St. Marys Medical Center,MN,HSI00000350,478328113.0,570096189.0,1,365,2024-07-01..2025-06-30,False,False,False
240101,St. Marys Regional Health Center,MN,HSI00000350,167834234.0,188337761.0,1,365,2024-07-01..2025-06-30,False,False,False
390013,Evangelical Community Hospital,PA,HSI00000352,223605081.0,249937537.0,1,365,2024-07-01..2025-06-30,False,False,False
390217,Frick Hospital,PA,HSI00000354,67439089.0,62063289.0,1,365,2024-07-01..2025-06-30,False,False,False
390219,Latrobe Area Hospital,PA,HSI00000354,155403773.0,173752405.0,1,365,2024-07-01..2025-06-30,False,False,False
390145,Westmoreland Regional  Hospital,PA,HSI00000354,289007389.0,307459407.0,1,365,2024-07-01..2025-06-30,False,False,False
300023,Exeter Hospital  Inc.,NH,HSI00000355,295623876.0,304938905.0,1,366,2023-10-01..2024-09-30,False,False,False
360072,Fairfield Medical Center,OH,HSI00000356,315876820.0,327578394.0,1,366,2024-01-01..2024-12-31,False,False,False
240141,Fairview Northland Reg,MN,HSI00000357,90049722.0,94977361.0,1,366,2024-01-01..2024-12-31,False,False,False
240207,Fairview Ridges Hospital,MN,HSI00000357,329436686.0,333376003.0,1,366,2024-01-01..2024-12-31,False,False,False
240064,Grand Itasca Clinic And Hospital,MN,HSI00000357,122708369.0,133589038.0,1,366,2024-01-01..2024-12-31,False,False,False
240210,Healtheast  St Johns Hospital,MN,HSI00000357,434916116.0,499775288.0,1,366,2024-01-01..2024-12-31,False,False,False
240213,Healtheast Woodwinds Hospital,MN,HSI00000357,240415805.0,218616998.0,1,366,2024-01-01..2024-12-31,False,False,False
240050,M Health Fairview Lakes Medical Cent,MN,HSI00000357,126498192.0,129592043.0,1,366,2024-01-01..2024-12-31,False,False,False
241820,M Health Fairview Masonic Childrens Hospital,MN,HSI00000357,,,,,,,False,False
240078,M Health Fairview Southdale Hospital,MN,HSI00000357,573129413.0,599341869.0,1,366,2024-01-01..2024-12-31,False,False,False
240040,Range Regional Health Services,MN,HSI00000357,129165620.0,130885411.0,1,366,2024-01-01..2024-12-31,False,False,False
521337,St Croix Regional Medical Center,WI,HSI00000357,108394643.0,139013287.0,1,366,2024-01-01..2024-12-31,False,False,False
240080,University Of Minnesota Medical Ctr,MN,HSI00000357,2078601211.0,2293694354.0,1,366,2024-01-01..2024-12-31,False,False,False
280125,Faith Regional Health Services,NE,HSI00000358,196965762.0,212199713.0,1,366,2024-01-01..2024-12-31,False,False,False
281312,Genoa Community Hospital,NE,HSI00000358,8062353.0,9519617.0,1,365,2024-07-01..2025-06-30,False,False,False
281303,Niobrara Valley Hospital,NE,HSI00000358,2803192.0,2342863.0,1,365,2024-09-01..2025-08-31,False,False,False
281343,West Holt Memorial Hospital,NE,HSI00000358,12259668.0,13865180.0,1,365,2024-07-01..2025-06-30,False,False,False
283300,Boys Town National Research Hospital,NE,HSI00000360,173147816.0,202647915.0,1,366,2024-01-01..2024-12-31,False,False,False
330058,Geneva General Hospital,NY,HSI00000362,103760874.0,123260067.0,1,366,2024-01-01..2024-12-31,False,False,False
331314,Soldiers & Sailors Memorial Hospital,NY,HSI00000362,41724999.0,46299153.0,1,366,2024-01-01..2024-12-31,False,False,False
360025,Firelands Regional Medical Center,OH,HSI00000363,244998572.0,256863728.0,1,366,2024-01-01..2024-12-31,False,False,False
341303,Firsthealth Montgomery Memorial Cah,NC,HSI00000365,19972285.0,21089905.0,1,366,2023-10-01..2024-09-30,False,False,False
340115,Firsthealth Moore Regional Hospital,NC,HSI00000365,906877723.0,901496067.0,1,366,2023-10-01..2024-09-30,False,False,False
340035,Firsthealth Moore Regional Hospital Richmond,NC,HSI00000365,,,,,,,False,False
360065,Fisher-Titus Medical Center,OH,HSI00000367,155093229.0,154844222.0,1,366,2024-01-01..2024-12-31,False,False,False
100128,Tampa General Hospital,FL,HSI00000368,1951882828.0,2223520151.0,1,366,2023-10-01..2024-09-30,False,False,False
150191,Franciscan Beacon Hospital,IN,HSI00000375,8843615.0,6079562.0,1,60,2024-01-01..2024-02-29,True,False,False
150182,Franciscan Health Carmel,IN,HSI00000375,,,,,,,False,False
150022,Franciscan Health Crawfordsville,IN,HSI00000375,55316692.0,51181212.0,1,366,2024-01-01..2024-12-31,False,False,False
150126,Franciscan Health Crown Point,IN,HSI00000375,333809413.0,323415203.0,1,366,2024-01-01..2024-12-31,False,False,False
150004,Franciscan Health Hammond,IN,HSI00000375,,,,,,,False,False
150162,Franciscan Health Indianapolis,IN,HSI00000375,970016185.0,937312308.0,1,366,2024-01-01..2024-12-31,False,False,False
150109,Franciscan Health Lafayette,IN,HSI00000375,379321993.0,391669793.0,1,366,2024-01-01..2024-12-31,False,False,False
150015,Franciscan Health Michigan City,IN,HSI00000375,350439707.0,393538742.0,1,366,2024-01-01..2024-12-31,False,False,False
150057,Franciscan Health Mooresville,IN,HSI00000375,152269772.0,131295386.0,1,366,2024-01-01..2024-12-31,False,False,False
150165,Franciscan Health Munster,IN,HSI00000375,153419459.0,153102441.0,1,366,2024-01-01..2024-12-31,False,False,False
151324,Franciscan Health Rensselaer,IN,HSI00000375,37493028.0,40751684.0,1,366,2024-01-01..2024-12-31,False,False,False
150090,Franciscan Health- Dyer,IN,HSI00000375,172701161.0,207000314.0,1,366,2024-01-01..2024-12-31,False,False,False
140172,Franciscan St. James Health,IL,HSI00000375,276227534.0,286796422.0,1,366,2024-01-01..2024-12-31,False,False,False
191317,Jackson Parish Hospital,LA,HSI00000376,23444186.0,28038871.0,1,366,2023-10-01..2024-09-30,False,False,False
190102,Our Lady Of Lourdes Rmc,LA,HSI00000376,509566946.0,605874813.0,1,365,2024-07-01..2025-06-30,False,False,False
190196,Our Lady Of Lourdes Womens And Childrens Hospital,LA,HSI00000376,,,,,,,False,False
190312,Our Lady Of The Angels Hospital Mc,LA,HSI00000376,76197941.0,45436179.0,1,365,2024-07-01..2025-06-30,False,False,False
190064,Our Lady Of The Lake  Rmc,LA,HSI00000376,1307305899.0,1586303045.0,1,365,2024-07-01..2025-06-30,False,False,False
190242,Our Lady Of The Lake Ascension Community Hospital Inc,LA,HSI00000376,,,,,,,False,False
191303,Our Lady Of The Lake Assumption Com,LA,HSI00000376,11710283.0,,,,,,False,False
250048,St. Dominic-Jackson Memorial Hosp,MS,HSI00000376,410117938.0,533618222.0,1,366,2024-01-01..2024-12-31,False,False,False
190125,St. Francis Medical Center,LA,HSI00000376,310956465.0,436614299.0,1,365,2024-07-01..2025-06-30,False,False,False
210005,Frederick Memorial Hospital,MD,HSI00000380,388662670.0,429824085.0,1,365,2024-07-01..2025-06-30,False,False,False
261331,Freeman Neosho Hospital,MO,HSI00000381,32923488.0,33538245.0,1,365,2024-04-01..2025-03-31,False,False,False
260137,Freeman Oak Hill Health System,MO,HSI00000381,587537532.0,613768158.0,1,365,2024-04-01..2025-03-31,False,False,False
140160,Fhn Memorial Hospital,IL,HSI00000382,154896317.0,155795194.0,1,366,2024-01-01..2024-12-31,False,False,False
520103,Community Memorial Hospital,WI,HSI00000386,238900749.0,297828304.0,1,365,2024-07-01..2025-06-30,False,False,False
520213,Froedtert Hlth Neighorhood Hosp Llc,WI,HSI00000386,34084162.0,43989604.0,1,365,2024-07-01..2025-06-30,False,False,False
520177,Froedtert Mem. Lutheran Hospt.,WI,HSI00000386,2383931183.0,2471716667.0,1,365,2024-07-01..2025-06-30,False,False,False
522335,Froedtert Pleasant Prairie Hospital,WI,HSI00000386,,,,,,,False,False
520107,Holy Family Memorial Inc,WI,HSI00000386,79283456.0,80913973.0,1,365,2024-07-01..2025-06-30,False,False,False
520063,St. Josephs Comm. Hospt.,WI,HSI00000386,436800267.0,149717990.0,1,365,2024-07-01..2025-06-30,False,False,True
390001,Community Medical Center,PA,HSI00000388,474084428.0,569300720.0,1,365,2024-07-01..2025-06-30,False,False,False
390003,Geisinger Bloomsburg Hospital,PA,HSI00000388,75313582.0,85956023.0,1,365,2024-07-01..2025-06-30,False,False,False
390048,Geisinger Lewistown Hospital,PA,HSI00000388,210773574.0,309148249.0,1,365,2024-07-01..2025-06-30,False,False,False
390006,Geisinger Medical Center,PA,HSI00000388,1582545938.0,2099679695.0,1,365,2024-07-01..2025-06-30,False,False,False
390337,Geisinger Medical Center Muncy,PA,HSI00000388,50024049.0,72903170.0,1,215,2024-07-01..2025-01-31,True,False,False
390189,Geisinger Shamokin Area Community Hospital,PA,HSI00000388,,,,,,,False,False
390169,Geisinger South Wilkes Barre,PA,HSI00000388,,,,,,,False,False
390270,Geisinger Wyoming Valley Med Ctr,PA,HSI00000388,782723248.0,1080840357.0,1,365,2024-07-01..2025-06-30,False,False,False
391300,Jersey Shore Hospital,PA,HSI00000388,45978446.0,51519876.0,1,365,2024-07-01..2025-06-30,False,False,False
360039,Genesis Healthcare System,OH,HSI00000391,564870224.0,618812462.0,1,366,2024-01-01..2024-12-31,False,False,False
320004,Gerald Champion Regional Medical Ctr,NM,HSI00000394,245946571.0,323328171.0,1,365,2024-07-01..2025-06-30,False,False,False
330191,Glens Falls Hospital,NY,HSI00000401,363748525.0,424301463.0,1,366,2024-01-01..2024-12-31,False,False,False
390057,Grand View Hospital,PA,HSI00000415,236302074.0,275227452.0,1,365,2024-07-01..2025-06-30,False,False,False
381321,Grande Ronde Hospital,OR,HSI00000416,134753078.0,148153101.0,1,365,2024-05-01..2025-04-30,False,False,False
160057,Southeast Iowa Regional Medical Ctr,IA,HSI00000421,302076366.0,409640854.0,1,365,2024-07-01..2025-06-30,False,False,False
210044,Greater Baltimore Medical Center,MD,HSI00000422,420265043.0,447576320.0,1,365,2024-07-01..2025-06-30,False,False,False
330126,Garnet Health Medical Center,NY,HSI00000423,566576077.0,627817790.0,1,366,2024-01-01..2024-12-31,False,False,False
330386,Garnet Health Medical Center - Catsk,NY,HSI00000423,77684162.0,88997214.0,1,366,2024-01-01..2024-12-31,False,False,False
331303,Garnet Health Medical Center - Catsk,NY,HSI00000423,9710738.0,13403011.0,1,366,2024-01-01..2024-12-31,False,False,False
528523,Gundersen Boscobel Area Hospital,WI,HSI00000428,,,,,,,False,False
520087,Gundersen Lutheran Medical Center  I,WI,HSI00000428,,616826336.0,1,366,2023-10-01..2024-09-30,False,False,False
521344,Memorial Hospital Of Boscobel,WI,HSI00000428,27572699.0,33558299.0,1,366,2023-10-01..2024-09-30,False,False,False
521309,Moundview Memorial Hospital,WI,HSI00000428,13525898.0,15638595.0,1,366,2023-10-01..2024-09-30,False,False,False
161316,Palmer Lutheran Health Center,IA,HSI00000428,34434305.0,46495246.0,1,366,2023-10-01..2024-09-30,False,False,False
241335,St. Elizabeth Hosp. Of Wabasha  Inc.,MN,HSI00000428,38101850.0,45691190.0,1,366,2023-10-01..2024-09-30,False,False,False
521304,St. Josephs Health Services,WI,HSI00000428,34631297.0,40744145.0,1,366,2023-10-01..2024-09-30,False,False,False
521316,Tri-County Memorial Hospital  Inc.,WI,HSI00000428,25372435.0,36236729.0,1,366,2023-10-01..2024-09-30,False,False,False
330277,Corning Hospital,NY,HSI00000430,169349635.0,210661280.0,1,365,2024-07-01..2025-06-30,False,False,False
330175,Guthrie Cortland Medical Center,NY,HSI00000430,112457985.0,150366053.0,1,365,2024-07-01..2025-06-30,False,False,False
390236,"Guthrie Robert Packer Hospital, Towanda Campus",PA,HSI00000430,,,,,,,False,False
390079,Robert Packer Hospital,PA,HSI00000430,471810938.0,586612229.0,1,365,2024-07-01..2025-06-30,False,False,False
391305,Troy Community Hospital,PA,HSI00000430,35452139.0,36155156.0,1,365,2024-07-01..2025-06-30,False,False,False
310112,Bayshore Medical Center,NJ,HSI00000439,205025001.0,228449482.0,1,366,2024-01-01..2024-12-31,False,False,False
319802,Donna A Sanzari Womens Hospital At Hackensack University Medical Center,NJ,HSI00000439,,,,,,,False,False
310001,Hackensack University Medical Center,NJ,HSI00000439,2417984255.0,2648798815.0,1,366,2024-01-01..2024-12-31,False,False,False
310052,Hmh -Ocean University Medical Center,NJ,HSI00000439,531056149.0,580047809.0,1,366,2024-01-01..2024-12-31,False,False,False
310073,Jersey Shore University Med Ctr,NJ,HSI00000439,1290241026.0,1497899613.0,1,366,2024-01-01..2024-12-31,False,False,False
310108,Jfk University Medical Center,NJ,HSI00000439,775126380.0,862087194.0,1,366,2024-01-01..2024-12-31,False,False,False
310003,Palisades Medical Center,NJ,HSI00000439,199224732.0,210133783.0,1,366,2024-01-01..2024-12-31,False,False,False
310039,Raritan Bay Medical Center,NJ,HSI00000439,312508041.0,341866486.0,1,366,2024-01-01..2024-12-31,False,False,False
310034,Riverview Medical Center,NJ,HSI00000439,401204670.0,413104489.0,1,366,2024-01-01..2024-12-31,False,False,False
310113,Southern Ocean Medical Center,NJ,HSI00000439,250629667.0,275490765.0,1,366,2024-01-01..2024-12-31,False,False,False
110001,Hamilton Medical Center,GA,HSI00000444,373972455.0,406128800.0,1,366,2023-10-01..2024-09-30,False,False,False
260025,Hannibal Regional Hospital,MO,HSI00000445,245128764.0,273576127.0,1,366,2023-10-01..2024-09-30,False,False,False
070011,Charlotte Hungerford Hospital,CT,HSI00000452,173287000.0,187997687.0,1,366,2023-10-01..2024-09-30,False,False,False
070025,Hartford Hospital,CT,HSI00000452,1842937964.0,2011547836.0,1,366,2023-10-01..2024-09-30,False,False,False
070017,Midstate Medical Center,CT,HSI00000452,359841954.0,402615064.0,1,366,2023-10-01..2024-09-30,False,False,False
070028,St. Vincents Medical Center,CT,HSI00000452,548175563.0,572276812.0,1,366,2023-10-01..2024-09-30,False,False,False
070035,The Hospital Of Central Connecticut,CT,HSI00000452,614375810.0,663327254.0,1,366,2023-10-01..2024-09-30,False,False,False
070009,The Hospital Of Central Connecticut,CT,HSI00000452,,,,,,,False,False
070024,The William W. Backus Hospital,CT,HSI00000452,442951133.0,489357443.0,1,366,2023-10-01..2024-09-30,False,False,False
070021,Windham Community Memorial Hospital,CT,HSI00000452,118430314.0,110561207.0,1,366,2023-10-01..2024-09-30,False,False,False
123300,Kapiolani Med Ctr For Women & Childr,HI,HSI00000455,437419960.0,451050641.0,1,365,2024-07-01..2025-06-30,False,False,False
120026,Pali Momi Medical Center,HI,HSI00000455,303590972.0,349444796.0,1,365,2024-07-01..2025-06-30,False,False,False
120022,Straub Clinic & Hospital,HI,HSI00000455,537524655.0,590299965.0,1,365,2024-07-01..2025-06-30,False,False,False
120014,Wilcox Memorial Hosptial,HI,HSI00000455,151962554.0,156324882.0,1,365,2024-07-01..2025-06-30,False,False,False
100177,Cape Canaveral Hospital Inc,FL,HSI00000461,179508918.0,191220152.0,1,366,2023-10-01..2024-09-30,False,False,False
100019,Holmes Regl Medical Center,FL,HSI00000461,639242276.0,685494738.0,1,366,2023-10-01..2024-09-30,False,False,False
100316,Palm Bay Hospital,FL,HSI00000461,166944371.0,183975490.0,1,366,2023-10-01..2024-09-30,False,False,False
100315,Viera Hospital Inc,FL,HSI00000461,178854677.0,189640430.0,1,366,2023-10-01..2024-09-30,False,False,False
521308,Amery Regional Medical Center,WI,HSI00000464,76170618.0,80047300.0,1,366,2024-01-01..2024-12-31,False,False,False
241355,Glencoe Regional Health Services,MN,HSI00000464,77452435.0,86331644.0,1,366,2024-01-01..2024-12-31,False,False,False
245263,Glencoe Regional Health Services,MN,HSI00000464,,,,,,,False,False
521335,Hudson Hospital,WI,HSI00000464,77450007.0,68675560.0,1,366,2024-01-01..2024-12-31,False,False,False
240187,Hutchinson Health Care,MN,HSI00000464,90907618.0,94761651.0,1,366,2024-01-01..2024-12-31,False,False,False
240066,Lakeview Memorial,MN,HSI00000464,173564913.0,179225292.0,1,366,2024-01-01..2024-12-31,False,False,False
241306,Olivia  Hospital And Clinics,MN,HSI00000464,38677215.0,39272748.0,1,366,2024-01-01..2024-12-31,False,False,False
240053,Park Nicollet Methodist Hospital,MN,HSI00000464,812947857.0,855898333.0,1,366,2024-01-01..2024-12-31,False,False,False
240106,Regions Hospital,MN,HSI00000464,942108537.0,979431696.0,1,366,2024-01-01..2024-12-31,False,False,False
521345,Westfields Hospital,WI,HSI00000464,92576568.0,97450379.0,1,366,2024-01-01..2024-12-31,False,False,False
450229,Hendrick Medical Center,TX,HSI00000471,709862865.0,,,,,,False,False
450587,Hendrick Medical Center Brownwood,TX,HSI00000471,114504491.0,,,,,,False,False
450558,Hendrick Medical Center South,TX,HSI00000471,,,,,,,False,False
230047,Henry Ford Health Macomb Hospital,MI,HSI00000475,613801819.0,620447307.0,1,366,2024-01-01..2024-12-31,False,False,False
230146,Henry Ford Health Wyandotte Hospital,MI,HSI00000475,363245412.0,444722677.0,1,366,2024-01-01..2024-12-31,False,False,False
230053,Henry Ford Hospital,MI,HSI00000475,2320739440.0,2924342912.0,1,366,2024-01-01..2024-12-31,False,False,False
230302,Henry Ford West Bloomfield Hospital,MI,HSI00000475,445990451.0,502456681.0,1,366,2024-01-01..2024-12-31,False,False,False
230092,W.A. Foote Memorial Hospital,MI,HSI00000475,681756210.0,790112751.0,1,366,2024-01-01..2024-12-31,False,False,False
390036,Heritage Valley Beaver,PA,HSI00000476,220009546.0,204964747.0,1,365,2024-07-01..2025-06-30,False,False,False
390157,Heritage Valley Kennedy,PA,HSI00000476,45385414.0,,,,,,False,False
390037,Heritage Valley Sewickley,PA,HSI00000476,112024736.0,137858013.0,1,365,2024-07-01..2025-06-30,False,False,False
221303,Athol Memorial Hospital,MA,HSI00000478,37627504.0,42900859.0,1,366,2023-10-01..2024-09-30,False,False,False
220095,Henry Heywood Memorial Hospital,MA,HSI00000478,143814410.0,155526441.0,1,366,2023-10-01..2024-09-30,False,False,False
050224,Hoag Memorial Hospital Presbyterian,CA,HSI00000484,1565207812.0,1731817317.0,1,366,2024-01-01..2024-12-31,False,False,False
390097,Holy Redeemer Hospital,PA,HSI00000488,216163220.0,237333730.0,1,365,2024-07-01..2025-06-30,False,False,False
360054,Holzer,OH,HSI00000490,204072228.0,223350815.0,1,365,2024-07-01..2025-06-30,False,False,False
361320,Holzer Medical Center Jackson,OH,HSI00000490,25705168.0,30747015.0,1,365,2024-07-01..2025-06-30,False,False,False
030092,Honorhealth Deer Valley Med Ctr,AZ,HSI00000491,388265713.0,448871335.0,1,366,2024-01-01..2024-12-31,False,False,False
030014,Honorhealth John C. Lincoln Med Ctr,AZ,HSI00000491,689853033.0,808687269.0,1,366,2024-01-01..2024-12-31,False,False,False
030038,Honorhealth Scottsdale Osborn Med Ct,AZ,HSI00000491,440015431.0,491327217.0,1,366,2024-01-01..2024-12-31,False,False,False
030087,Honorhealth Scottsdale Shea Med Ctr,AZ,HSI00000491,627344546.0,718370690.0,1,366,2024-01-01..2024-12-31,False,False,False
030123,Honorhealth Scottsdale Thompson Peak,AZ,HSI00000491,200717994.0,206344815.0,1,366,2024-01-01..2024-12-31,False,False,False
030146,Honorhealth Sonoran Crossing Med Ctr,AZ,HSI00000491,107399094.0,110533341.0,1,366,2024-01-01..2024-12-31,False,False,False
521358,Door County Memorial Hospital,WI,HSI00000496,106229664.0,117409569.0,1,365,2024-07-01..2025-06-30,False,False,False
140137,Greenville Regional Hospital,IL,HSI00000496,24965923.0,23058024.0,1,365,2024-07-01..2025-06-30,False,False,False
140019,Hshs Good Shepherd Hospital,IL,HSI00000496,16797040.0,,,,,,False,False
141341,Pana Community Hospital,IL,HSI00000496,38351205.0,41918834.0,1,366,2024-01-01..2024-12-31,False,False,False
520013,Sacred Heart Hospital,WI,HSI00000496,208027474.0,,,,,,False,False
521310,St Clare Memorial Hospital  Inc,WI,HSI00000496,31943145.0,30832121.0,1,365,2024-07-01..2025-06-30,False,False,False
140166,St Marys Hospital,IL,HSI00000496,161183182.0,119073000.0,1,365,2024-07-01..2025-06-30,False,False,False
140032,St. Anthonys Memorial Hospital,IL,HSI00000496,163435112.0,170992220.0,1,365,2024-07-01..2025-06-30,False,False,False
140187,St. Elizabeth Hospital,IL,HSI00000496,296184354.0,336964761.0,1,365,2024-07-01..2025-06-30,False,False,False
141350,St. Francis Hospital,IL,HSI00000496,61612004.0,58956023.0,1,365,2024-07-01..2025-06-30,False,False,False
140053,St. Johns Hospital,IL,HSI00000496,612426163.0,678024778.0,1,365,2024-07-01..2025-06-30,False,False,False
140145,St. Josephs Hospital,IL,HSI00000496,67776467.0,77073776.0,1,365,2024-07-01..2025-06-30,False,False,False
520017,St. Josephs Hospital,WI,HSI00000496,44653152.0,,,,,,False,False
141336,St. Josephs Hospital-Highland Il,IL,HSI00000496,50870334.0,57088657.0,1,365,2024-07-01..2025-06-30,False,False,False
520097,St. Marys Hospital Medical Center,WI,HSI00000496,135045585.0,144435945.0,1,365,2024-07-01..2025-06-30,False,False,False
520044,St. Nicholas Hospital,WI,HSI00000496,114715303.0,114340793.0,1,365,2024-07-01..2025-06-30,False,False,False
520075,St. Vincent Hospital,WI,HSI00000496,649350939.0,742843099.0,1,365,2024-07-01..2025-06-30,False,False,False
310005,Hunterdon Medical Center,NJ,HSI00000502,392337764.0,422498810.0,1,366,2024-01-01..2024-12-31,False,False,False
370016,Bass Baptist Health Center,OK,HSI00000507,96682988.0,111161603.0,1,365,2024-07-01..2025-06-30,False,False,False
370028,Integris Baptist Medical Center,OK,HSI00000507,1021411596.0,1215907814.0,1,365,2024-07-01..2025-06-30,False,False,False
370032,Integris Baptist Medical Center Portland Avenue,OK,HSI00000507,,,,,,,False,False
370211,Integris Canadian Valley Hospital,OK,HSI00000507,84881191.0,100977569.0,1,365,2024-07-01..2025-06-30,False,False,False
370240,Integris Community Hospital,OK,HSI00000507,30344410.0,30034680.0,1,366,2024-01-01..2024-12-31,False,False,False
370113,Integris Grove  Hospital,OK,HSI00000507,53047980.0,59919938.0,1,365,2024-07-01..2025-06-30,False,False,False
370236,Integris Health Edmond,OK,HSI00000507,119369649.0,160329360.0,1,365,2024-07-01..2025-06-30,False,False,False
370004,Integris Miami Hospital,OK,HSI00000507,43285418.0,45493054.0,1,365,2024-07-01..2025-06-30,False,False,False
370106,Integris Southwest Medical Center,OK,HSI00000507,267610525.0,319232765.0,1,365,2024-07-01..2025-06-30,False,False,False
370199,Lakeside Womens Hospital,OK,HSI00000507,32996277.0,32443134.0,1,365,2024-07-01..2025-06-30,False,False,False
150089,Ball Memorial Hospital,IN,HSI00000510,538907903.0,537323207.0,1,366,2024-01-01..2024-12-31,False,False,False
150056,Indiana University Health,IN,HSI00000510,3924982044.0,4238008169.0,1,366,2024-01-01..2024-12-31,False,False,False
151328,Indiana University Health Bedford,IN,HSI00000510,98714928.0,101764811.0,1,366,2024-01-01..2024-12-31,False,False,False
150173,Iu Health Arnett Hospital,IN,HSI00000510,446187958.0,,,,,,False,False
151302,Iu Health Blackford Hospital,IN,HSI00000510,23944850.0,,,,,,False,False
150051,Iu Health Bloomington Hospital,IN,HSI00000510,563604759.0,568083206.0,1,366,2024-01-01..2024-12-31,False,False,False
151316,Iu Health Frankfort Hospital,IN,HSI00000510,25190246.0,31530061.0,1,366,2024-01-01..2024-12-31,False,False,False
151320,Iu Health Jay Hospital,IN,HSI00000510,36226965.0,44353897.0,1,366,2024-01-01..2024-12-31,False,False,False
150161,Iu Health North Hospital,IN,HSI00000510,436539977.0,472357682.0,1,366,2024-01-01..2024-12-31,False,False,False
151306,Iu Health Paoli Hospital,IN,HSI00000510,32885891.0,36929013.0,1,366,2024-01-01..2024-12-31,False,False,False
151311,Iu Health Tipton Hospital,IN,HSI00000510,41423081.0,45128362.0,1,366,2024-01-01..2024-12-31,False,False,False
150158,Iu Health West Hospital,IN,HSI00000510,332352467.0,351241502.0,1,366,2024-01-01..2024-12-31,False,False,False
151312,Iu Health White Hospital,IN,HSI00000510,48452689.0,51196854.0,1,366,2024-01-01..2024-12-31,False,False,False
010169,Atmore Community Hospital,AL,HSI00000511,17797192.0,17040858.0,1,366,2023-10-01..2024-09-30,False,False,False
010113,Mobile Infirmary Medical Center,AL,HSI00000511,542193412.0,575908770.0,1,365,2024-04-01..2025-03-31,False,False,False
010129,North Baldwin Infirmary,AL,HSI00000511,55309925.0,121030989.0,1,365,2024-04-01..2025-03-31,False,False,True
010100,Thomas Hospital,AL,HSI00000511,244683663.0,268823591.0,1,365,2024-04-01..2025-03-31,False,False,False
490040,Inova Alexandria Hospital,VA,HSI00000513,507155494.0,562103345.0,1,366,2024-01-01..2024-12-31,False,False,False
490101,Inova Fair Oaks Hospital,VA,HSI00000513,440418975.0,470267842.0,1,366,2024-01-01..2024-12-31,False,False,False
490063,Inova Fairfax Hospital,VA,HSI00000513,2663050880.0,3078250674.0,1,366,2024-01-01..2024-12-31,False,False,False
490043,Inova Loudoun Hospital Center,VA,HSI00000513,530668170.0,581370812.0,1,366,2024-01-01..2024-12-31,False,False,False
490122,Inova Mount Vernon Hospital,VA,HSI00000513,280904401.0,319638603.0,1,366,2024-01-01..2024-12-31,False,False,False
310081,Inspira Health Center Woodbury,NJ,HSI00000514,,,,,,,False,False
310069,Inspira Medical Center Mullica Hill,NJ,HSI00000514,479445034.0,540267303.0,1,366,2024-01-01..2024-12-31,False,False,False
310032,Inspira Medical Center Vineland,NJ,HSI00000514,537363766.0,577578939.0,1,366,2024-01-01..2024-12-31,False,False,False
310091,Salem Medical Center,NJ,HSI00000514,38043752.0,,,,,,False,False
330397,Interfaith Medical Center,NY,HSI00000515,,,,,,,False,False
460044,Alta View Hospital,UT,HSI00000516,140382403.0,151422889.0,1,366,2024-01-01..2024-12-31,False,False,False
460023,American Fork Hospital,UT,HSI00000516,249898200.0,278608625.0,1,366,2024-01-01..2024-12-31,False,False,False
460039,Bear River Valley Hospital,UT,HSI00000516,38067809.0,39727303.0,1,366,2024-01-01..2024-12-31,False,False,False
131326,Cassia Regional Hospital,ID,HSI00000516,53501090.0,66171214.0,1,366,2024-01-01..2024-12-31,False,False,False
460007,Cedar City Hospital,UT,HSI00000516,158372944.0,161718311.0,1,366,2024-01-01..2024-12-31,False,False,False
461300,Delta Community Hospital,UT,HSI00000516,18106153.0,18576407.0,1,366,2024-01-01..2024-12-31,False,False,False
461301,Fillmore Community Hospital,UT,HSI00000516,12939410.0,13856208.0,1,366,2024-01-01..2024-12-31,False,False,False
461333,Garfield Memorial Hospital,UT,HSI00000516,15182942.0,16266041.0,1,366,2024-01-01..2024-12-31,False,False,False
060116,Good Samaritan Medical Ctr,CO,HSI00000516,321852030.0,340427631.0,1,366,2024-01-01..2024-12-31,False,False,False
461307,Heber Valley Hospital,UT,HSI00000516,59994911.0,58910976.0,1,366,2024-01-01..2024-12-31,False,False,False
271347,Holy Rosary Healthcare,MT,HSI00000516,83417344.0,69982909.0,1,366,2024-01-01..2024-12-31,False,False,False
460010,Intermountain Medical Center,UT,HSI00000516,1332292261.0,1430760744.0,1,366,2024-01-01..2024-12-31,False,False,False
460061,Layton Hospital,UT,HSI00000516,141344694.0,167737456.0,1,366,2024-01-01..2024-12-31,False,False,False
460006,Lds Hospital,UT,HSI00000516,344441658.0,365121285.0,1,366,2024-01-01..2024-12-31,False,False,False
460015,Logan Regional Hospital,UT,HSI00000516,355428416.0,365206431.0,1,366,2024-01-01..2024-12-31,False,False,False
060009,Lutheran Medical Center,CO,HSI00000516,409462750.0,415442701.0,1,366,2024-01-01..2024-12-31,False,False,False
460004,Mckay-Dee Hospital,UT,HSI00000516,681515203.0,696430876.0,1,366,2024-01-01..2024-12-31,False,False,False
460043,Orem Community Hospital,UT,HSI00000516,34201230.0,36059120.0,1,366,2024-01-01..2024-12-31,False,False,False
460057,Park City Hospital,UT,HSI00000516,133275456.0,138236623.0,1,366,2024-01-01..2024-12-31,False,False,False
060004,Platte Valley Medical Center,CO,HSI00000516,174901563.0,191268916.0,1,366,2024-01-01..2024-12-31,False,False,False
463301,Primary Childrens Hospital,UT,HSI00000516,1017791780.0,1216474714.0,1,366,2024-01-01..2024-12-31,False,False,False
460058,Riverton Hospital,UT,HSI00000516,218427811.0,234068788.0,1,366,2024-01-01..2024-12-31,False,False,False
270017,Saint James Healthcare,MT,HSI00000516,134004388.0,130047293.0,1,366,2024-01-01..2024-12-31,False,False,False
060028,Saint Joseph Hospital,CO,HSI00000516,584516803.0,608993628.0,1,366,2024-01-01..2024-12-31,False,False,False
461303,Sanpete Valley Hospital,UT,HSI00000516,35478653.0,35531756.0,1,366,2024-01-01..2024-12-31,False,False,False
460026,Sevier Valley Hospital,UT,HSI00000516,66136795.0,67105753.0,1,366,2024-01-01..2024-12-31,False,False,False
460062,Spanish Fork Hospital,UT,HSI00000516,79445006.0,96969694.0,1,366,2024-01-01..2024-12-31,False,False,False
460021,St George Regional Hospital,UT,HSI00000516,875835912.0,903970258.0,1,366,2024-01-01..2024-12-31,False,False,False
270049,St Vincent Healthcare,MT,HSI00000516,526336168.0,544242634.0,1,366,2024-01-01..2024-12-31,False,False,False
060023,St. Marys Hospital & Medical Center,CO,HSI00000516,531450489.0,567968266.0,1,366,2024-01-01..2024-12-31,False,False,False
460001,Utah Valley Hospital,UT,HSI00000516,759505577.0,753760533.0,1,366,2024-01-01..2024-12-31,False,False,False
340039,Iredell Memorial Hospital,NC,HSI00000518,244411504.0,261240869.0,1,366,2023-10-01..2024-09-30,False,False,False
040071,Jefferson Regional Medical Center,AR,HSI00000527,201717365.0,258405842.0,1,365,2024-07-01..2025-06-30,False,False,False
050496,John Muir Medical Center - Concord,CA,HSI00000530,564192746.0,699849838.0,1,366,2024-01-01..2024-12-31,False,False,False
050180,John Muir Medical Center - Wc,CA,HSI00000530,1120141680.0,1163757404.0,1,366,2024-01-01..2024-12-31,False,False,False
210048,Howard County,MD,HSI00000531,303519000.0,339623789.0,1,365,2024-07-01..2025-06-30,False,False,False
103300,Johns Hopkins All Childrens Hospita,FL,HSI00000531,584509905.0,821711577.0,1,365,2024-07-01..2025-06-30,False,False,False
210029,Johns Hopkins Bayview Med. Ctr.,MD,HSI00000531,654365000.0,737000000.0,1,365,2024-07-01..2025-06-30,False,False,False
090005,Sibley Memorial Hospital,DC,HSI00000531,498176250.0,615063364.0,1,365,2024-07-01..2025-06-30,False,False,False
210022,Suburban Hospital,MD,HSI00000531,340253980.0,390310578.0,1,365,2024-07-01..2025-06-30,False,False,False
210009,The Johns Hopkins Hospital,MD,HSI00000531,2465608109.0,2798752000.0,1,365,2024-07-01..2025-06-30,False,False,False
050074,Kaiser Permanente Richmond Medical Center,CA,HSI00000536,,,,,,,False,False
380091,Kaiser Sunnyside Medical Center,OR,HSI00000536,,-1.0,1,366,2024-01-01..2024-12-31,False,True,True
380103,Kaiser Westside Medical Center,OR,HSI00000536,,-1.0,1,366,2024-01-01..2024-12-31,False,True,True
050760,Kfh - Antioch,CA,HSI00000536,470410619.0,541520132.0,1,366,2024-01-01..2024-12-31,False,False,False
050723,Kfh - Baldwin Park,CA,HSI00000536,595749925.0,689007941.0,1,366,2024-01-01..2024-12-31,False,False,False
050139,Kfh - Downey,CA,HSI00000536,906677977.0,1025911064.0,1,366,2024-01-01..2024-12-31,False,False,False
050140,Kfh - Fontana,CA,HSI00000536,1491529207.0,1667386724.0,1,366,2024-01-01..2024-12-31,False,False,False
050512,Kfh - Fremont,CA,HSI00000536,311856952.0,349467948.0,1,366,2024-01-01..2024-12-31,False,False,False
050710,Kfh - Fresno,CA,HSI00000536,456105525.0,499723094.0,1,366,2024-01-01..2024-12-31,False,False,False
050138,Kfh - Los Angeles,CA,HSI00000536,1304546147.0,1396660096.0,1,366,2024-01-01..2024-12-31,False,False,False
050748,Kfh - Manteca,CA,HSI00000536,821038889.0,942203868.0,1,366,2024-01-01..2024-12-31,False,False,False
050765,Kfh - Moreno Valley,CA,HSI00000536,224073694.0,305262289.0,1,366,2024-01-01..2024-12-31,False,False,False
050075,Kfh - Oakland,CA,HSI00000536,1223930985.0,1340992271.0,1,366,2024-01-01..2024-12-31,False,False,False
050609,Kfh - Oc-Anaheim,CA,HSI00000536,1186284124.0,1323747269.0,1,366,2024-01-01..2024-12-31,False,False,False
050137,Kfh - Panorama City,CA,HSI00000536,493484677.0,574289218.0,1,366,2024-01-01..2024-12-31,False,False,False
050541,Kfh - Redwood City,CA,HSI00000536,399622254.0,445095601.0,1,366,2024-01-01..2024-12-31,False,False,False
050686,Kfh - Riverside,CA,HSI00000536,568517105.0,616475551.0,1,366,2024-01-01..2024-12-31,False,False,False
050772,Kfh - Roseville,CA,HSI00000536,1192539959.0,1333487218.0,1,366,2024-01-01..2024-12-31,False,False,False
050425,Kfh - Sacramento,CA,HSI00000536,799388779.0,911465051.0,1,366,2024-01-01..2024-12-31,False,False,False
050515,Kfh - San Diego,CA,HSI00000536,1172833938.0,1199131746.0,1,366,2024-01-01..2024-12-31,False,False,False
050076,Kfh - San Francisco,CA,HSI00000536,753190840.0,836050685.0,1,366,2024-01-01..2024-12-31,False,False,False
050777,Kfh - San Leandro,CA,HSI00000536,608178595.0,695953756.0,1,366,2024-01-01..2024-12-31,False,False,False
050510,Kfh - San Rafael,CA,HSI00000536,180315586.0,251292443.0,1,366,2024-01-01..2024-12-31,False,False,False
050071,Kfh - Santa Clara,CA,HSI00000536,1319851759.0,1517844035.0,1,366,2024-01-01..2024-12-31,False,False,False
050690,Kfh - Santa Rosa,CA,HSI00000536,402892049.0,524070515.0,1,366,2024-01-01..2024-12-31,False,False,False
050411,Kfh - South Bay,CA,HSI00000536,609458059.0,658919202.0,1,366,2024-01-01..2024-12-31,False,False,False
050674,Kfh - South Sacramento,CA,HSI00000536,820796694.0,898465872.0,1,366,2024-01-01..2024-12-31,False,False,False
050070,Kfh - South San Francisco,CA,HSI00000536,308304414.0,352666378.0,1,366,2024-01-01..2024-12-31,False,False,False
050767,Kfh - Vacaville,CA,HSI00000536,418776725.0,470907634.0,1,366,2024-01-01..2024-12-31,False,False,False
050073,Kfh - Vallejo,CA,HSI00000536,555727173.0,618201238.0,1,366,2024-01-01..2024-12-31,False,False,False
050072,Kfh - Walnut Creek,CA,HSI00000536,674478180.0,782569818.0,1,366,2024-01-01..2024-12-31,False,False,False
050561,Kfh - West Los Angeles,CA,HSI00000536,513346229.0,561997884.0,1,366,2024-01-01..2024-12-31,False,False,False
050677,Kfh - Woodland Hills,CA,HSI00000536,434931505.0,523420517.0,1,366,2024-01-01..2024-12-31,False,False,False
050604,Kfh- San Jose,CA,HSI00000536,632055192.0,727857816.0,1,366,2024-01-01..2024-12-31,False,False,False
120011,Kfh-Hawaii,HI,HSI00000536,462803769.0,462067017.0,1,366,2024-01-01..2024-12-31,False,False,False
121308,Kula Hospital,HI,HSI00000536,30032748.0,30000495.0,1,366,2024-01-01..2024-12-31,False,False,False
125003,Kula Hospital,HI,HSI00000536,,,,,,,False,False
121305,Lanai Community Hospital,HI,HSI00000536,4423657.0,5633956.0,1,366,2024-01-01..2024-12-31,False,False,False
125023,Lanai Community Hospital,HI,HSI00000536,,,,,,,False,False
120002,Maui Memorial Medical Center,HI,HSI00000536,328884655.0,358623674.0,1,366,2024-01-01..2024-12-31,False,False,False
390118,Bradford Regional Medical Center,PA,HSI00000537,,,,,,,False,False
331301,Cuba Memorial Hospital Inc,NY,HSI00000537,8109838.0,12305490.0,1,366,2024-01-01..2024-12-31,False,False,False
330005,Kaleida Health,NY,HSI00000537,1528060333.0,1730349760.0,1,366,2024-01-01..2024-12-31,False,False,False
330103,Upper Allegheny Health System,NY,HSI00000537,174137004.0,199328326.0,1,366,2024-01-01..2024-12-31,False,False,False
271337,Logan Health  Cutbank,MT,HSI00000538,10534903.0,13184555.0,1,366,2024-01-01..2024-12-31,False,False,False
271324,Logan Health Conrad,MT,HSI00000538,15952321.0,19144810.0,1,366,2024-01-01..2024-12-31,False,False,False
270051,Logan Health Medical Center,MT,HSI00000538,587514162.0,634889594.0,1,366,2024-01-01..2024-12-31,False,False,False
271328,Logan Health Shelby,MT,HSI00000538,12556433.0,15040082.0,1,366,2024-01-01..2024-12-31,False,False,False
271336,Logan Health Whitefish,MT,HSI00000538,101779274.0,100603521.0,1,366,2024-01-01..2024-12-31,False,False,False
140012,Katherine Shaw Bethea Hospital,IL,HSI00000539,143509031.0,138635105.0,1,366,2024-01-01..2024-12-31,False,False,False
360026,Greene Memorial Hospital  Inc.,OH,HSI00000546,35463082.0,35851411.0,1,366,2024-01-01..2024-12-31,False,False,False
360133,Kettering Health Dayton,OH,HSI00000546,742834745.0,746892260.0,1,366,2024-01-01..2024-12-31,False,False,False
360132,Kettering Health Hamilton,OH,HSI00000546,174620313.0,176813092.0,1,366,2024-01-01..2024-12-31,False,False,False
360079,Kettering Health Main Campus,OH,HSI00000546,749232486.0,757249347.0,1,366,2024-01-01..2024-12-31,False,False,False
360239,Kettering Health Miamisburg,OH,HSI00000546,194119244.0,210225493.0,1,366,2024-01-01..2024-12-31,False,False,False
360368,Kettering Health Troy,OH,HSI00000546,75778711.0,72983774.0,1,366,2024-01-01..2024-12-31,False,False,False
360360,Soin Medical Center,OH,HSI00000546,281301519.0,284361548.0,1,366,2024-01-01..2024-12-31,False,False,False
131320,Clearwater Valley Health,ID,HSI00000553,24790129.0,28511085.0,1,366,2024-01-01..2024-12-31,False,False,False
130049,Kootenai Hospital District,ID,HSI00000553,714353889.0,810366861.0,1,366,2024-01-01..2024-12-31,False,False,False
120007,Kuakini Medical Center,HI,HSI00000554,144679855.0,152591190.0,1,365,2024-07-01..2025-06-30,False,False,False
190267,Avala,LA,HSI00000555,65232431.0,67187920.0,1,366,2024-01-01..2024-12-31,False,False,False
193300,Childrens Hospital,LA,HSI00000555,634485921.0,639461089.0,1,366,2024-01-01..2024-12-31,False,False,False
190146,East Jefferson General Hospital,LA,HSI00000555,302626582.0,,,,,,False,False
190177,Lakeview Hospital,LA,HSI00000555,,,,,,,False,False
190313,New Orleans East Hospital,LA,HSI00000555,85597725.0,86513852.0,1,366,2024-01-01..2024-12-31,False,False,False
190046,Touro Infirmary,LA,HSI00000555,369428403.0,383825849.0,1,366,2024-01-01..2024-12-31,False,False,False
190182,Tulane Lakeside Hospital,LA,HSI00000555,,,,,,,False,False
190176,Tulane Medical Center,LA,HSI00000555,1037179586.0,970661166.0,1,366,2024-01-01..2024-12-31,False,False,False
190005,University Medical Ctr. At New Orlea,LA,HSI00000555,668084255.0,736426790.0,1,366,2024-01-01..2024-12-31,False,False,False
190039,West Jefferson Medical Center,LA,HSI00000555,362490036.0,379414821.0,1,366,2024-01-01..2024-12-31,False,False,False
190060,Lake Charles Memorial Hospital,LA,HSI00000564,366735864.0,391395725.0,1,366,2024-01-01..2024-12-31,False,False,False
240052,Lake Region Healthcare,MN,HSI00000567,139561519.0,154917412.0,1,366,2023-10-01..2024-09-30,False,False,False
241379,Prairie Ridge Hospital,MN,HSI00000567,17176321.0,19257795.0,1,366,2023-10-01..2024-09-30,False,False,False
260186,Lake Regional Health System,MO,HSI00000568,226828585.0,,,,,,False,False
100157,Lakeland Regional Med Ctr,FL,HSI00000569,1033363360.0,1179244991.0,1,366,2023-10-01..2024-09-30,False,False,False
381309,Lake Health District,OR,HSI00000576,36921266.0,35116076.0,1,365,2024-07-01..2025-06-30,False,False,False
380007,Legacy Emanuel Hospital & Health Ctr,OR,HSI00000576,983167613.0,1096844072.0,1,365,2024-04-01..2025-03-31,False,False,False
380017,Legacy Good Samaritan Hospital,OR,HSI00000576,414981835.0,471479633.0,1,365,2024-04-01..2025-03-31,False,False,False
380089,Legacy Meridian Park Hospital,OR,HSI00000576,265188946.0,304269515.0,1,365,2024-04-01..2025-03-31,False,False,False
380025,Legacy Mount Hood Medical Center,OR,HSI00000576,197228081.0,215974511.0,1,365,2024-04-01..2025-03-31,False,False,False
500150,Legacy Salmon Creek Hospital,WA,HSI00000576,479748480.0,606258393.0,1,365,2024-04-01..2025-03-31,False,False,False
380029,Silverton Hospital,OR,HSI00000576,118357947.0,139008582.0,1,365,2024-04-01..2025-03-31,False,False,False
390133,Lehigh Valley,PA,HSI00000577,2843398596.0,3566049629.0,1,365,2024-07-01..2025-06-30,False,False,False
390263,Lehigh Valley Health Network,PA,HSI00000577,,,,,,,False,False
390314,Lehigh Valley Health Network - Highland Avenue,PA,HSI00000577,,,,,,,False,False
395951,Lehigh Valley Health Network 17th Street,PA,HSI00000577,,,,,,,False,False
390030,Lehigh Valley Hospital - Schuylkill,PA,HSI00000577,134829981.0,169159397.0,1,365,2024-07-01..2025-06-30,False,False,False
390338,Lehigh Valley Hospital Dickson City,PA,HSI00000577,,132661227.0,1,365,2024-07-01..2025-06-30,False,False,False
390031,Lehigh Valley Hospital Schuylkill East Norwegian Street,PA,HSI00000577,,,,,,,False,False
390185,Lehigh Valley Hospital-Hazleton,PA,HSI00000577,136079126.0,191633453.0,1,365,2024-07-01..2025-06-30,False,False,False
390201,Pocono Medical Center,PA,HSI00000577,285560303.0,346141646.0,1,365,2024-07-01..2025-06-30,False,False,False
420073,Lexington Medical Center,SC,HSI00000579,1513233364.0,1587166883.0,1,366,2023-10-01..2024-09-30,False,False,False
360218,Licking Memorial Hospital,OH,HSI00000581,323668033.0,357546659.0,1,366,2024-01-01..2024-12-31,False,False,False
210033,Carroll County General Hospital,MD,HSI00000582,226917245.0,241925942.0,1,365,2024-07-01..2025-06-30,False,False,False
210013,Grace Medical Center,MD,HSI00000582,,,,,,,False,False
210040,Northwest Hospital Center,MD,HSI00000582,288970416.0,277249078.0,1,365,2024-07-01..2025-06-30,False,False,False
210012,Sinai Hospital Of Baltimore  Inc.,MD,HSI00000582,820894948.0,847021134.0,1,365,2024-07-01..2025-06-30,False,False,False
410006,Newport Hospital,RI,HSI00000585,129370051.0,142766939.0,1,366,2023-10-01..2024-09-30,False,False,False
410007,Rhode Island Hospital,RI,HSI00000585,1516992406.0,1644791548.0,1,366,2023-10-01..2024-09-30,False,False,False
410012,The Miriam Hospital,RI,HSI00000585,526438517.0,583382817.0,1,366,2023-10-01..2024-09-30,False,False,False
050770,Llumc Murrieta,CA,HSI00000591,276657438.0,292538053.0,1,365,2024-07-01..2025-06-30,False,False,False
050778,Loma Linda University Childrens Hosp,CA,HSI00000591,475929265.0,539955022.0,1,365,2024-07-01..2025-06-30,False,False,False
050327,Loma Linda University Medical Center,CA,HSI00000591,1247955673.0,1556752257.0,1,365,2024-07-01..2025-06-30,False,False,False
390139,Bryn Mawr Hospital,PA,HSI00000608,397158741.0,460238373.0,1,365,2024-07-01..2025-06-30,False,False,False
390195,Lankenau Medical Center,PA,HSI00000608,621579398.0,731570627.0,1,365,2024-07-01..2025-06-30,False,False,False
390153,Paoli Hospital,PA,HSI00000608,383310940.0,427754444.0,1,365,2024-07-01..2025-06-30,False,False,False
390222,Riddle Hospital,PA,HSI00000608,238073013.0,327183616.0,1,365,2024-07-01..2025-06-30,False,False,False
200039,Mainegeneral Medical Center,ME,HSI00000610,559762533.0,652653915.0,1,365,2024-07-01..2025-06-30,False,False,False
200037,Franklin Memorial Hospital,ME,HSI00000611,115769309.0,129540410.0,1,274,2023-10-01..2024-06-30,True,False,False
201302,Lincolnhealth,ME,HSI00000611,121598717.0,150379434.0,1,366,2023-10-01..2024-09-30,False,False,False
200009,Maine Medical Center,ME,HSI00000611,1876098698.0,2267119512.0,1,366,2023-10-01..2024-09-30,False,False,False
301307,Memorial Hospital,NH,HSI00000611,104364118.0,114538300.0,1,366,2023-10-01..2024-09-30,False,False,False
200021,Mid Coast Hospital,ME,HSI00000611,240444271.0,263453465.0,1,366,2023-10-01..2024-09-30,False,False,False
200063,Penobscot Bay Medical Center,ME,HSI00000611,182219768.0,200416948.0,1,366,2023-10-01..2024-09-30,False,False,False
200019,Southern Maine Health Care,ME,HSI00000611,374236200.0,419166479.0,1,244,2023-10-01..2024-05-31,True,False,False
201315,Stephens Memorial Hospital - Cah,ME,HSI00000611,108459748.0,118185364.0,1,366,2023-10-01..2024-09-30,False,False,False
201312,Waldo County General Hospital,ME,HSI00000611,127480854.0,135273599.0,1,366,2023-10-01..2024-09-30,False,False,False
271340,Marcus Daly Memorial Hospital,MT,HSI00000613,107610836.0,130318019.0,1,365,2024-07-01..2025-06-30,False,False,False
151329,Margaret Mary Community Hospital,IN,HSI00000614,127910974.0,125613415.0,1,366,2024-01-01..2024-12-31,False,False,False
050360,Marinhealth Medical Center,CA,HSI00000616,521407882.0,577292394.0,1,366,2024-01-01..2024-12-31,False,False,False
050254,Marshall Hospital,CA,HSI00000619,315837581.0,332344735.0,1,366,2023-11-01..2024-10-31,False,False,False
520076,Beaver Dam Community Hospitals,WI,HSI00000621,96305088.0,95577005.0,1,366,2024-01-01..2024-12-31,False,False,False
230055,Dickinson County Healthcare System,MI,HSI00000621,132277629.0,135710180.0,1,366,2024-01-01..2024-12-31,False,False,False
521325,Flambeau Hospital Mchs,WI,HSI00000621,40803130.0,36281080.0,1,366,2024-01-01..2024-12-31,False,False,False
520011,Lakeview Medical Center Of Rice Lake,WI,HSI00000621,152609025.0,147222850.0,1,366,2024-01-01..2024-12-31,False,False,False
520037,Marshfield Medical Center,WI,HSI00000621,765458896.0,768122355.0,1,366,2024-01-01..2024-12-31,False,False,False
520215,Marshfield Medical Center - River Re,WI,HSI00000621,51364215.0,42985634.0,1,366,2024-01-01..2024-12-31,False,False,False
521323,Marshfield Medical Center Neillsvill,WI,HSI00000621,37768140.0,36636225.0,1,366,2024-01-01..2024-12-31,False,False,False
523980,Marshfield Medical Center Neillsville,WI,HSI00000621,,,,,,,False,False
520202,Marshfield Medical Center Weston,WI,HSI00000621,105842631.0,92428188.0,1,366,2024-01-01..2024-12-31,False,False,False
520210,Marshfield Medical Center-Eau Claire,WI,HSI00000621,198706549.0,203497173.0,1,366,2024-01-01..2024-12-31,False,False,False
521328,Marshfield Medical Center-Ladysmith,WI,HSI00000621,33433796.0,40039496.0,1,366,2024-01-01..2024-12-31,False,False,False
520212,Marshfield Medical Center-Minocqua,WI,HSI00000621,123346352.0,110590968.0,1,366,2024-01-01..2024-12-31,False,False,False
280032,Mary Lanning Memorial Hospital Assoc,NE,HSI00000623,200043551.0,213688953.0,1,366,2024-01-01..2024-12-31,False,False,False
490022,Mary Washington Hospital,VA,HSI00000624,607268376.0,695166326.0,1,366,2024-01-01..2024-12-31,False,False,False
490140,Stafford Hospital,VA,HSI00000624,132164878.0,149247444.0,1,366,2024-01-01..2024-12-31,False,False,False
241346,Cannon Falls Medical Center - Mayo,MN,HSI00000631,44750463.0,56197968.0,1,366,2024-01-01..2024-12-31,False,False,False
030055,Kingman Regional Medical Center,AZ,HSI00000631,373556560.0,391871357.0,1,365,2024-07-01..2025-06-30,False,False,False
100151,Mayo Clinic Florida,FL,HSI00000631,1270970352.0,1402753249.0,1,366,2024-01-01..2024-12-31,False,False,False
241361,Mayo Clinic Health Sys - New Prague,MN,HSI00000631,74901057.0,75286859.0,1,366,2024-01-01..2024-12-31,False,False,False
241333,Mayo Clinic Health Sys - St. James,MN,HSI00000631,25927645.0,28225481.0,1,366,2024-01-01..2024-12-31,False,False,False
240018,Mayo Clinic Health System - Red Wing,MN,HSI00000631,149179868.0,151729194.0,1,366,2024-01-01..2024-12-31,False,False,False
241345,Mayo Clinic Health System - Waseca,MN,HSI00000631,27945092.0,31685931.0,1,366,2024-01-01..2024-12-31,False,False,False
523998,Mayo Clinic Health System Franciscan Healthcare Sparta,WI,HSI00000631,,,,,,,False,False
240166,Mayo Clinic Health System-Fairmont,MN,HSI00000631,78741137.0,76323451.0,1,366,2024-01-01..2024-12-31,False,False,False
240117,Mayo Clinic Health Systems Austin,MN,HSI00000631,,,,,,,False,False
030103,Mayo Clinic Hospital,AZ,HSI00000631,2583603436.0,2902732402.0,1,366,2024-01-01..2024-12-31,False,False,False
249801,Mayo Clinic Hospital Methodist Campus,MN,HSI00000631,,,,,,,False,False
240010,Mayo Clinic Hospital Rochester,MN,HSI00000631,3701160210.0,3881735384.0,1,366,2024-01-01..2024-12-31,False,False,False
241338,Mayo Clnic Health System - Lake City,MN,HSI00000631,35584179.0,39027091.0,1,366,2024-01-01..2024-12-31,False,False,False
240043,Mayo Clnic Hlth Sys-Albrt Lea Austin,MN,HSI00000631,293050892.0,297899113.0,1,366,2024-01-01..2024-12-31,False,False,False
240093,Mchs - Southwest Minnesota Region,MN,HSI00000631,506591760.0,560206647.0,1,366,2024-01-01..2024-12-31,False,False,False
520070,Mchs Eau Claire Hospital,WI,HSI00000631,746662430.0,864825205.0,1,366,2024-01-01..2024-12-31,False,False,False
520004,Mchs Franciscan Healthcare  Inc,WI,HSI00000631,431135287.0,460916644.0,1,366,2024-01-01..2024-12-31,False,False,False
521315,Mchs Northland,WI,HSI00000631,92524863.0,102878213.0,1,366,2024-01-01..2024-12-31,False,False,False
521302,Mchs Oakridge,WI,HSI00000631,31189051.0,36938714.0,1,366,2024-01-01..2024-12-31,False,False,False
521314,Mchs-Chippewa Valley,WI,HSI00000631,43504804.0,55091400.0,1,366,2024-01-01..2024-12-31,False,False,False
521305,Mchs-Franciscan Sparta,WI,HSI00000631,42336455.0,45051855.0,1,366,2024-01-01..2024-12-31,False,False,False
521340,Mchs-Red Cedar,WI,HSI00000631,127512563.0,138953740.0,1,366,2024-01-01..2024-12-31,False,False,False
161371,Winneshiek Medical Center,IA,HSI00000631,77639935.0,97905166.0,1,365,2024-07-01..2025-06-30,False,False,False
167190,Winnmed,IA,HSI00000631,,,,,,,False,False
230041,Bay Regional Medical Center,MI,HSI00000636,295578874.0,302992358.0,1,366,2023-10-01..2024-09-30,False,False,False
231329,Caro Community Hospital,MI,HSI00000636,19132244.0,20680187.0,1,366,2023-10-01..2024-09-30,False,False,False
230080,Mclaren Central Michigan,MI,HSI00000636,115681687.0,119821294.0,1,366,2023-10-01..2024-09-30,False,False,False
230141,Mclaren Flint,MI,HSI00000636,440836871.0,513460685.0,1,366,2023-10-01..2024-09-30,False,False,False
230167,Mclaren Greater Lansing,MI,HSI00000636,443684269.0,457807500.0,1,366,2023-10-01..2024-09-30,False,False,False
230193,Mclaren Lapeer Region,MI,HSI00000636,132203736.0,146401572.0,1,366,2023-10-01..2024-09-30,False,False,False
230227,Mclaren Macomb,MI,HSI00000636,364961680.0,385190690.0,1,366,2023-10-01..2024-09-30,False,False,False
230105,Mclaren Northern Michigan,MI,HSI00000636,241475982.0,278713135.0,1,366,2023-10-01..2024-09-30,False,False,False
230207,Mclaren Oakland,MI,HSI00000636,231966576.0,260832592.0,1,366,2023-10-01..2024-09-30,False,False,False
230216,Mclaren Port Huron,MI,HSI00000636,225385552.0,247166711.0,1,366,2023-10-01..2024-09-30,False,False,False
231340,Mclaren Thumb Region,MI,HSI00000636,43173432.0,48697997.0,1,366,2023-10-01..2024-09-30,False,False,False
420107,Mcleod Health Cheraw,SC,HSI00000637,56872378.0,66079055.0,1,366,2023-10-01..2024-09-30,False,False,False
420109,Mcleod Health Clarendon,SC,HSI00000637,57323652.0,78014620.0,1,366,2023-10-01..2024-09-30,False,False,False
420105,Mcleod Loris Seacoast Hospital,SC,HSI00000637,304114549.0,367628846.0,1,366,2023-10-01..2024-09-30,False,False,False
420005,Mcleod Medical Center - Dillon,SC,HSI00000637,52630449.0,64959074.0,1,366,2023-10-01..2024-09-30,False,False,False
420051,Mcleod Regional Medical Center,SC,HSI00000637,858271236.0,1032305639.0,1,366,2023-10-01..2024-09-30,False,False,False
390113,Meadville Medical Center,PA,HSI00000639,237101810.0,256905393.0,1,365,2024-07-01..2025-06-30,False,False,False
391314,Titusville Area Hospital,PA,HSI00000639,53721019.0,65048174.0,1,365,2024-07-01..2025-06-30,False,False,False
090004,Georgetown University Hospital,DC,HSI00000640,1108081979.0,1405261431.0,1,365,2024-07-01..2025-06-30,False,False,False
210056,Good Samaritan Hospital,MD,HSI00000640,261739738.0,274508109.0,1,365,2024-07-01..2025-06-30,False,False,False
210015,Medstar Franklin Square Medical Ctr,MD,HSI00000640,537604036.0,628744757.0,1,365,2024-07-01..2025-06-30,False,False,False
210034,Medstar Harbor Hospital,MD,HSI00000640,178327864.0,196677336.0,1,365,2024-07-01..2025-06-30,False,False,False
210018,Medstar Montgomery Medical Center,MD,HSI00000640,173714389.0,204372013.0,1,365,2024-07-01..2025-06-30,False,False,False
210062,Medstar Southern Maryland Hospital C,MD,HSI00000640,269969887.0,318559047.0,1,365,2024-07-01..2025-06-30,False,False,False
210024,Medstar Union Memorial Hospital,MD,HSI00000640,409285444.0,445809614.0,1,365,2024-07-01..2025-06-30,False,False,False
210028,St. Marys Hospital,MD,HSI00000640,198509651.0,233171980.0,1,365,2024-07-01..2025-06-30,False,False,False
090011,Washington Hospital Center,DC,HSI00000640,1517106869.0,1792629121.0,1,365,2024-07-01..2025-06-30,False,False,False
330193,Flushing Hospital Medical Center,NY,HSI00000642,386233251.0,389164191.0,1,366,2024-01-01..2024-12-31,False,False,False
330014,Jamaica Hospital Medical Center,NY,HSI00000642,641687505.0,697169297.0,1,366,2024-01-01..2024-12-31,False,False,False
140135,Decatur Memorial Hospital,IL,HSI00000648,272728014.0,307847407.0,1,366,2023-10-01..2024-09-30,False,False,False
140058,Jacksonville Memorial Hospital,IL,HSI00000648,,,,,,,False,False
141352,Jacksonville Memorial Hospital,IL,HSI00000648,138436006.0,143255804.0,1,366,2023-10-01..2024-09-30,False,False,False
141322,Lincoln Memorial Hospital,IL,HSI00000648,64383318.0,64703623.0,1,366,2023-10-01..2024-09-30,False,False,False
360092,Memorial Hospital Of Union County,OH,HSI00000648,172569468.0,187331739.0,1,366,2024-01-01..2024-12-31,False,False,False
140148,Springfield Memorial Hospital,IL,HSI00000648,783579811.0,813217506.0,1,366,2023-10-01..2024-09-30,False,False,False
141339,Taylorville Memorial Hospital,IL,HSI00000648,64524015.0,69671119.0,1,366,2023-10-01..2024-09-30,False,False,False
360147,Marietta Memorial Hospital,OH,HSI00000649,498048989.0,557549401.0,1,366,2023-10-01..2024-09-30,False,False,False
361319,Selby General Hospital,OH,HSI00000649,73001697.0,85396269.0,1,366,2023-10-01..2024-09-30,False,False,False
511304,Sistersville General Hospital,WV,HSI00000649,19181516.0,26065621.0,1,366,2023-10-01..2024-09-30,False,False,False
230121,Memorial Healthcare,MI,HSI00000652,226383463.0,325044656.0,1,366,2024-01-01..2024-12-31,False,False,False
452309,Childrens Memorial Hermann Hospital,TX,HSI00000654,,,,,,,False,False
450184,Memorial Hermann  Hospital Sys,TX,HSI00000654,2145177402.0,2335542887.0,1,365,2024-07-01..2025-06-30,False,False,False
450847,Memorial Hermann Katy,TX,HSI00000654,433832606.0,478542684.0,1,366,2024-01-01..2024-12-31,False,False,False
450610,Memorial Hermann Memorial City Medic,TX,HSI00000654,660538419.0,702369238.0,1,365,2024-07-01..2025-06-30,False,False,False
450684,Memorial Hermann Northeast,TX,HSI00000654,413519970.0,442283732.0,1,366,2024-01-01..2024-12-31,False,False,False
450848,Memorial Hermann Sugarland,TX,HSI00000654,318252447.0,353539195.0,1,366,2023-10-01..2024-09-30,False,False,False
450068,Memorial Hermann Texas Medical Cntr,TX,HSI00000654,2640700669.0,2943300246.0,1,365,2024-07-01..2025-06-30,False,False,False
050485,Memorialcare Long Beach Med Ctr,CA,HSI00000658,673565066.0,824207808.0,1,365,2024-07-01..2025-06-30,False,False,False
053309,Memorialcare Mcwhlb,CA,HSI00000658,402555401.0,470574531.0,1,365,2024-07-01..2025-06-30,False,False,False
050678,Memorialcare Orange Coast Med Ctr,CA,HSI00000658,346991622.0,471380769.0,1,365,2024-07-01..2025-06-30,False,False,False
050603,Memorialcare Saddleback Med Ctr,CA,HSI00000658,369505063.0,405702701.0,1,365,2024-07-01..2025-06-30,False,False,False
371328,Arbuckle Memorial Hospital,OK,HSI00000660,21787814.0,23310607.0,1,366,2024-01-01..2024-12-31,False,False,False
261314,Hermann Area District Hospital,MO,HSI00000660,17365688.0,19134078.0,1,366,2024-01-01..2024-12-31,False,False,False
267218,Hermann Area Hospital District,MO,HSI00000660,,,,,,,False,False
371306,Mercy Health/Love County,OK,HSI00000660,11439110.0,4902939.0,1,365,2024-07-01..2025-06-30,False,False,True
260020,Mercy Hospital - St. Louis,MO,HSI00000660,1388465517.0,1574806278.0,1,365,2024-07-01..2025-06-30,False,False,False
260052,Mercy Hospital - Washington,MO,HSI00000660,202855551.0,229187087.0,1,365,2024-07-01..2025-06-30,False,False,False
370020,Mercy Hospital Ada,OK,HSI00000660,109582881.0,143910384.0,1,365,2024-07-01..2025-06-30,False,False,False
370047,Mercy Hospital Ardmore,OK,HSI00000660,158813292.0,202413966.0,1,365,2024-07-01..2025-06-30,False,False,False
261316,Mercy Hospital Aurora,MO,HSI00000660,28500464.0,36838715.0,1,365,2024-07-01..2025-06-30,False,False,False
041329,Mercy Hospital Berryville,AR,HSI00000660,17901071.0,21196458.0,1,365,2024-07-01..2025-06-30,False,False,False
041318,Mercy Hospital Booneville,AR,HSI00000660,14293241.0,14945694.0,1,365,2024-07-01..2025-06-30,False,False,False
261338,Mercy Hospital Carthage,MO,HSI00000660,58400182.0,75856611.0,1,365,2024-07-01..2025-06-30,False,False,False
261317,Mercy Hospital Cassville,MO,HSI00000660,21390271.0,26500150.0,1,365,2024-07-01..2025-06-30,False,False,False
171308,Mercy Hospital Columbus,KS,HSI00000660,5847210.0,8044905.0,1,365,2024-07-01..2025-06-30,False,False,False
040062,Mercy Hospital Fort Smith,AR,HSI00000660,447074282.0,525954140.0,1,365,2024-07-01..2025-06-30,False,False,False
371310,Mercy Hospital Healdton  Inc.,OK,HSI00000660,8133702.0,13781003.0,1,365,2024-07-01..2025-06-30,False,False,False
260023,Mercy Hospital Jefferson,MO,HSI00000660,196819659.0,281118579.0,1,365,2024-07-01..2025-06-30,False,False,False
260001,Mercy Hospital Joplin,MO,HSI00000660,269268070.0,314588481.0,1,365,2024-07-01..2025-06-30,False,False,False
371313,Mercy Hospital Kingfisher,OK,HSI00000660,14483803.0,21389027.0,1,365,2024-07-01..2025-06-30,False,False,False
260059,Mercy Hospital Lebanon,MO,HSI00000660,94148909.0,110704392.0,1,365,2024-07-01..2025-06-30,False,False,False
261319,Mercy Hospital Lincoln,MO,HSI00000660,30654409.0,59192310.0,1,365,2024-07-01..2025-06-30,False,False,False
371317,Mercy Hospital Logan County,OK,HSI00000660,22182570.0,30727562.0,1,365,2024-07-01..2025-06-30,False,False,False
370013,Mercy Hospital Okc,OK,HSI00000660,674253639.0,833095028.0,1,365,2024-07-01..2025-06-30,False,False,False
041303,Mercy Hospital Ozark,AR,HSI00000660,12441656.0,10321614.0,1,365,2024-07-01..2025-06-30,False,False,False
041300,Mercy Hospital Paris,AR,HSI00000660,11470328.0,11587591.0,1,365,2024-07-01..2025-06-30,False,False,False
267247,Mercy Hospital Perry,MO,HSI00000660,,,,,,,False,False
260077,Mercy Hospital South,MO,HSI00000660,545317744.0,658639494.0,1,365,2024-07-01..2025-06-30,False,False,False
260065,Mercy Hospital Springfield,MO,HSI00000660,1054831738.0,1372051750.0,1,365,2024-07-01..2025-06-30,False,False,False
371304,Mercy Hospital Tishomingo,OK,HSI00000660,9254672.0,12739460.0,1,365,2024-07-01..2025-06-30,False,False,False
041305,Mercy Hospital Waldron,AR,HSI00000660,10108755.0,15009452.0,1,365,2024-07-01..2025-06-30,False,False,False
371302,Mercy Hospital Watonga,OK,HSI00000660,8184675.0,12262634.0,1,365,2024-07-01..2025-06-30,False,False,False
040010,Mercy Medical Center,AR,HSI00000660,366706360.0,435374112.0,1,365,2024-07-01..2025-06-30,False,False,False
170203,Mercy Specialty Hospital - Southeast,KS,HSI00000660,39249271.0,47193597.0,1,365,2024-07-01..2025-06-30,False,False,False
261335,Mercy St Francis Hospital,MO,HSI00000660,15544098.0,25553721.0,1,365,2024-07-01..2025-06-30,False,False,False
151322,Perry County Hospital,IN,HSI00000660,48867532.0,51697282.0,1,366,2024-01-01..2024-12-31,False,False,False
261311,Perry County Memorial Hospital,MO,HSI00000660,60804831.0,71512496.0,2,639,2023-10-01..2025-06-30,True,False,False
261308,Washington County Memorial Hospital,MO,HSI00000660,23910711.0,,,,,,False,False
210008,Mercy Medical Center,MD,HSI00000663,561307806.0,606462132.0,1,365,2024-07-01..2025-06-30,False,False,False
160079,Mercy Medical Center,IA,HSI00000666,401057000.0,507673151.0,1,365,2024-07-01..2025-06-30,False,False,False
141335,Harvard Memorial Hospital,IL,HSI00000667,30406658.0,25784439.0,1,365,2024-07-01..2025-06-30,False,False,False
140239,Javon Bea Hospital,IL,HSI00000667,364435697.0,393566115.0,1,365,2024-07-01..2025-06-30,False,False,False
520066,Mercy Health System Corporation,WI,HSI00000667,-129997696.0,-199296391.0,1,365,2024-07-01..2025-06-30,False,True,True
521357,Mercy Walworth Hospital,WI,HSI00000667,616417665.0,,,,,,False,False
210001,Meritus Medical Center,MD,HSI00000671,396207060.0,524509247.0,1,365,2024-07-01..2025-06-30,False,False,False
160047,Jennie Edmundson Memorial,IA,HSI00000672,137290422.0,156269863.0,1,366,2024-01-01..2024-12-31,False,False,False
280077,Methodist Fremont Health,NE,HSI00000672,144944802.0,147338028.0,1,366,2024-01-01..2024-12-31,False,False,False
280040,Nebraska Methodist Hospital,NE,HSI00000672,680630000.0,703444283.0,1,366,2024-01-01..2024-12-31,False,False,False
450723,Methodist Charlton Medical Center,TX,HSI00000673,293740913.0,357669026.0,1,365,2024-07-01..2025-06-30,False,False,False
450051,Methodist Dallas Medical Center,TX,HSI00000673,555661975.0,657416530.0,1,365,2024-07-01..2025-06-30,False,False,False
670023,Methodist Mansfield Medical Center,TX,HSI00000673,347273780.0,387041594.0,1,365,2024-07-01..2025-06-30,False,False,False
670069,Methodist Mckinney Hospital,TX,HSI00000673,78851957.0,80175523.0,1,366,2024-01-01..2024-12-31,False,False,False
670300,Methodist Midlothian Medical Center,TX,HSI00000673,69285708.0,88509368.0,1,365,2024-07-01..2025-06-30,False,False,False
450537,Methodist Richardson Medical Center,TX,HSI00000673,449160484.0,514475893.0,1,365,2024-07-01..2025-06-30,False,False,False
670132,Methodist Southlake Medical Center,TX,HSI00000673,43375217.0,56448242.0,1,366,2023-10-01..2024-09-30,False,False,False
440049,Methodist H/C Memphis Hospt.,TN,HSI00000675,1651008371.0,1741825528.0,1,366,2024-01-01..2024-12-31,False,False,False
250167,Methoidst H/C Olive Branch Hospital,MS,HSI00000675,83920102.0,88848783.0,1,366,2024-01-01..2024-12-31,False,False,False
103301,Nicklaus Childrens Hospital,FL,HSI00000678,,957160904.0,1,366,2024-01-01..2024-12-31,False,False,False
070020,Middlesex Hospital,CT,HSI00000683,483456626.0,499983183.0,1,366,2023-10-01..2024-09-30,False,False,False
391308,Corry Memorial Hospital,PA,HSI00000686,23917040.0,29192585.0,1,365,2024-07-01..2025-06-30,False,False,False
390198,Millcreek Community Hospital,PA,HSI00000686,62169760.0,79399845.0,1,365,2024-07-01..2025-06-30,False,False,False
260113,Missouri Delta Medical Center,MO,HSI00000694,126008629.0,149107186.0,1,366,2023-10-01..2024-09-30,False,False,False
330044,Faxton-St. Lukes Healthcare,NY,HSI00000697,413478743.0,620428859.0,1,366,2024-01-01..2024-12-31,False,False,False
330059,Montefiore Medical Center,NY,HSI00000700,3662064000.0,3906245956.0,1,366,2024-01-01..2024-12-31,False,False,False
330184,Montefiore New Rochelle Hospital,NY,HSI00000700,162747839.0,611810439.0,1,366,2024-01-01..2024-12-31,False,False,True
330104,Montefiore Nyack Hospital,NY,HSI00000700,342019564.0,355402108.0,1,366,2024-01-01..2024-12-31,False,False,False
330072,Montefiore Wakefield Hospital,NY,HSI00000700,,,,,,,False,False
330264,St. Lukes Cornwall Hospital,NY,HSI00000700,246421584.0,262908061.0,1,366,2024-01-01..2024-12-31,False,False,False
330086,The Mount Vernon Hospital,NY,HSI00000700,58123989.0,266050943.0,1,366,2024-01-01..2024-12-31,False,False,True
330304,White Plains Hospital,NY,HSI00000700,1004571019.0,1125947425.0,1,366,2024-01-01..2024-12-31,False,False,False
261312,Harrison County Community Hospital,MO,HSI00000705,27641936.0,32370386.0,1,365,2024-04-01..2025-03-31,False,False,False
260006,Heartland Regional Medical Center,MO,HSI00000705,676922657.0,782205647.0,1,365,2024-07-01..2025-06-30,False,False,False
260050,Mosaic Medical Center - Maryville,MO,HSI00000705,73265251.0,78008106.0,1,43,2024-07-01..2024-08-12,True,False,False
261328,Northwest Medical Center,MO,HSI00000705,19244406.0,25313311.0,1,365,2024-07-01..2025-06-30,False,False,False
390268,Mount Nittany Medical Center,PA,HSI00000710,441702485.0,505452421.0,1,365,2024-07-01..2025-06-30,False,False,False
330169,Mount Sinai Health System-Beth Israe,NY,HSI00000711,2946083909.0,736516102.0,1,366,2024-01-01..2024-12-31,False,False,True
330024,Mount Sinai Hospital,NY,HSI00000711,3491073239.0,3624168230.0,1,366,2024-01-01..2024-12-31,False,False,False
330046,Mount Sinai St. Lukes Roosevelt Hosp,NY,HSI00000711,1399283630.0,1480657718.0,1,366,2024-01-01..2024-12-31,False,False,False
330198,South Nassau Communities Hospital,NY,HSI00000711,621917217.0,661172734.0,1,366,2024-01-01..2024-12-31,False,False,False
100034,Mount Sinai Medical Center Of Florid,FL,HSI00000712,971438827.0,1030848127.0,1,366,2024-01-01..2024-12-31,False,False,False
500139,Capital Medical Center,WA,HSI00000714,135494918.0,198003465.0,1,366,2024-01-01..2024-12-31,False,False,False
500044,Deaconess Medical Center,WA,HSI00000714,476855912.0,531261713.0,1,366,2024-01-01..2024-12-31,False,False,False
500079,Good Samaritan Hospital,WA,HSI00000714,637347328.0,734654462.0,1,366,2024-01-01..2024-12-31,False,False,False
503301,Mary Bridge Childrens Hospital,WA,HSI00000714,,520689089.0,1,366,2024-01-01..2024-12-31,False,False,False
500015,Multicare Auburn Medical Center,WA,HSI00000714,221750420.0,246187418.0,1,366,2024-01-01..2024-12-31,False,False,False
500154,Multicare Covington Medical Center,WA,HSI00000714,93352935.0,114587223.0,1,366,2024-01-01..2024-12-31,False,False,False
500129,Tacoma General Allenmore Hospital,WA,HSI00000714,1321558131.0,1451060453.0,1,366,2024-01-01..2024-12-31,False,False,False
500119,Valley Hospital & Medical Center,WA,HSI00000714,163186947.0,195734414.0,1,366,2024-01-01..2024-12-31,False,False,False
500036,Yakima Valley Memorial Hospital,WA,HSI00000714,509337101.0,626045459.0,1,366,2024-01-01..2024-12-31,False,False,False
231301,Kalkaska Memorial Health Center,MI,HSI00000715,67300133.0,86879697.0,1,365,2024-07-01..2025-06-30,False,False,False
233975,Kalkaska Memorial Health Center,MI,HSI00000715,,,,,,,False,False
230081,Munson Healthcare Cadillac Hospital,MI,HSI00000715,122664178.0,224239719.0,1,365,2024-07-01..2025-06-30,False,False,False
231322,Munson Healthcare Charlevoix Hospita,MI,HSI00000715,73563307.0,87459809.0,1,365,2024-07-01..2025-06-30,False,False,False
230058,Munson Healthcare Grayling Hospital,MI,HSI00000715,87229460.0,96619480.0,1,365,2024-07-01..2025-06-30,False,False,False
230303,Munson Healthcare Manistee Hospital,MI,HSI00000715,54461031.0,48909728.0,1,365,2024-07-01..2025-06-30,False,False,False
230097,Munson Medical Center,MI,HSI00000715,710887667.0,765744447.0,1,365,2024-07-01..2025-06-30,False,False,False
230133,Otsego Memorial Hospital,MI,HSI00000715,109386187.0,134720256.0,1,365,2024-07-01..2025-06-30,False,False,False
231300,Paul Oliver Memorial Hospital,MI,HSI00000715,23399199.0,28085600.0,1,365,2024-07-01..2025-06-30,False,False,False
235460,Paul Oliver Memorial Hospital,MI,HSI00000715,,,,,,,False,False
100018,Naples Community Hospital,FL,HSI00000716,691733494.0,784219705.0,1,366,2023-10-01..2024-09-30,False,False,False
330141,Long Island Community Hospital,NY,HSI00000717,265040169.0,,,,,,False,False
330306,Nyu Langone Hospital Brooklyn,NY,HSI00000717,,,,,,,False,False
330167,Nyu Langone Hospital Long Island,NY,HSI00000717,,,,,,,False,False
330214,Nyu Langone Hospitals,NY,HSI00000717,7240730000.0,,,,,,False,False
060107,National Jewish Health,CO,HSI00000720,150430000.0,153276000.0,1,365,2024-07-01..2025-06-30,False,False,False
363309,Nationwide Childrens Hosp Toledo Llc,OH,HSI00000722,49558871.0,64426449.0,1,366,2024-01-01..2024-12-31,False,False,False
363305,Nationwide Childrens Hospital,OH,HSI00000722,2328379617.0,2478546603.0,1,366,2024-01-01..2024-12-31,False,False,False
083300,Alfred I Dupont Hosp For Children,DE,HSI00000725,734251514.0,855702343.0,1,366,2024-01-01..2024-12-31,False,False,False
103304,Nemours Childrens Hospital,FL,HSI00000725,356606131.0,410747701.0,1,366,2024-01-01..2024-12-31,False,False,False
330101,New York Presbyterian Hospital,NY,HSI00000731,9309983578.0,10063488202.0,1,366,2024-01-01..2024-12-31,False,False,False
330267,New York Presbyterian Hudson Valley,NY,HSI00000731,275463876.0,289519943.0,1,366,2024-01-01..2024-12-31,False,False,False
333560,Newyork Presbyterian Columbia University Irving Medical Center,NY,HSI00000731,,,,,,,False,False
330061,Newyork Presbyterian Lawrence Hospital,NY,HSI00000731,,,,,,,False,False
330064,Newyork Presbyterian Lower Manhattan Hospital,NY,HSI00000731,,,,,,,False,False
330236,Newyork-Presbyterian Brooklyn Methodist Hospital,NY,HSI00000731,,,,,,,False,False
330055,Newyork-Presbyterian/Queens,NY,HSI00000731,1007107190.0,1100389681.0,1,366,2024-01-01..2024-12-31,False,False,False
330065,Niagara Falls Memorial Medical Cente,NY,HSI00000737,90885078.0,97517747.0,1,366,2024-01-01..2024-12-31,False,False,False
240214,Maple Grove Hospital,MN,HSI00000749,257712229.0,280534652.0,1,366,2024-01-01..2024-12-31,False,False,False
240001,North Memorial Health Hospital,MN,HSI00000749,596038532.0,649411336.0,1,366,2024-01-01..2024-12-31,False,False,False
250067,Clay County Medical Corporation,MS,HSI00000750,46940214.0,62962735.0,1,366,2023-10-01..2024-09-30,False,False,False
010044,Marion Regional Medical Center,AL,HSI00000750,18553479.0,18412175.0,1,366,2023-10-01..2024-09-30,False,False,False
250025,Monroe Health Services  Inc.,MS,HSI00000750,49668509.0,61743774.0,1,366,2023-10-01..2024-09-30,False,False,False
250004,North Mississippi Medical Center,MS,HSI00000750,788719102.0,894605808.0,1,366,2023-10-01..2024-09-30,False,False,False
251308,Pontotoc Health Services,MS,HSI00000750,27279484.0,30949403.0,1,366,2023-10-01..2024-09-30,False,False,False
250002,Tishomingo Health Services,MS,HSI00000750,15848172.0,17145954.0,1,366,2023-10-01..2024-09-30,False,False,False
250020,Webster Health Services,MS,HSI00000750,21264810.0,24027817.0,1,366,2023-10-01..2024-09-30,False,False,False
280065,Great Plains Health,NE,HSI00000753,287745271.0,,,,,,False,False
050680,Northbay Health Care Group,CA,HSI00000755,,,,,,,False,False
050367,Northbay Hospital Group,CA,HSI00000755,676594922.0,804744233.0,1,366,2024-01-01..2024-12-31,False,False,False
140231,Edward Hospital,IL,HSI00000756,821235685.0,897883674.0,1,366,2024-01-01..2024-12-31,False,False,False
140200,Elmhurst Memorial Hospital,IL,HSI00000756,617453008.0,647454230.0,1,366,2024-01-01..2024-12-31,False,False,False
140051,Northshore University Health System,IL,HSI00000756,,,,,,,False,False
140010,Northshore University Healthsystem,IL,HSI00000756,1891371136.0,1802176228.0,1,366,2024-01-01..2024-12-31,False,False,False
142336,Northshore University Healthsystem,IL,HSI00000756,,,,,,,False,False
140252,Northwest Community Healthcare,IL,HSI00000756,,623789478.0,1,366,2024-01-01..2024-12-31,False,False,False
140114,Swedish Covenant Health,IL,HSI00000756,329484228.0,600161517.0,1,366,2024-01-01..2024-12-31,False,False,False
110041,Habersham Medical Center,GA,HSI00000759,48516219.0,68313377.0,1,366,2023-10-01..2024-09-30,False,False,False
110045,Ngmc Barrow,GA,HSI00000759,52122873.0,62406745.0,1,366,2023-10-01..2024-09-30,False,False,False
110237,Ngmc Lumpkin  Llc,GA,HSI00000759,25517207.0,37605876.0,1,366,2023-10-01..2024-09-30,False,False,False
110029,Northeast Georgia Medical Center,GA,HSI00000759,1726540288.0,1800325299.0,1,366,2023-10-01..2024-09-30,False,False,False
,Northeast Georgia Medical Center Braselton,GA,HSI00000759,,,,,,,False,False
030023,Flagstaff Medical Center,AZ,HSI00000761,477940035.0,586032122.0,1,365,2024-07-01..2025-06-30,False,False,False
030007,Verde Valley Medical Center,AZ,HSI00000761,172489527.0,198962112.0,1,365,2024-07-01..2025-06-30,False,False,False
110161,Northside Hospital,GA,HSI00000766,2794552358.0,3322994443.0,1,366,2023-10-01..2024-09-30,False,False,False
110252,Northside Hospital - Duluth,GA,HSI00000766,203956148.0,223610660.0,1,366,2023-10-01..2024-09-30,False,False,False
110087,Northside Hospital - Gwinnett,GA,HSI00000766,1195004296.0,1224920878.0,1,366,2023-10-01..2024-09-30,False,False,False
110005,Northside Hospital Forsyth,GA,HSI00000766,722920827.0,803754560.0,1,366,2023-10-01..2024-09-30,False,False,False
110008,Northside Hospital-Cherokee  Inc.,GA,HSI00000766,683240763.0,1070881891.0,1,366,2023-10-01..2024-09-30,False,False,False
331316,Community Memorial Hospital,NY,HSI00000767,54473492.0,63909155.0,1,366,2024-01-01..2024-12-31,False,False,False
330181,Glen Cove Hospital,NY,HSI00000767,191017364.0,229788364.0,1,366,2024-01-01..2024-12-31,False,False,False
330045,Huntington Hospital,NY,HSI00000767,647336376.0,1997048139.0,1,366,2024-01-01..2024-12-31,False,False,True
330119,Lenox Hill Hospital,NY,HSI00000767,1438757085.0,1585265850.0,1,366,2024-01-01..2024-12-31,False,False,False
330353,Long Island Jewish Forest Hills,NY,HSI00000767,,,,,,,False,False
330195,Long Island Jewish Medical Center,NY,HSI00000767,3149711501.0,3437150950.0,1,366,2024-01-01..2024-12-31,False,False,False
330372,Long Island Jewish Valley Stream,NY,HSI00000767,,,,,,,False,False
330194,Maimonides Medical Center,NY,HSI00000767,1200112051.0,1309822374.0,1,366,2024-01-01..2024-12-31,False,False,False
330185,Mather Hospital,NY,HSI00000767,394023793.0,438921242.0,1,366,2024-01-01..2024-12-31,False,False,False
330027,Nassau University Medical Center,NY,HSI00000767,504892315.0,483615178.0,1,366,2024-01-01..2024-12-31,False,False,False
330106,North Shore University Hospital,NY,HSI00000767,2399854645.0,2633351996.0,1,366,2024-01-01..2024-12-31,False,False,False
330162,Northern Westchester Hospital,NY,HSI00000767,438163889.0,488016082.0,1,366,2024-01-01..2024-12-31,False,False,False
330019,Ny Community Hospital Of Brooklyn (D,NY,HSI00000767,118753280.0,135989368.0,1,366,2024-01-01..2024-12-31,False,False,False
330107,Peconic Bay Medical Center,NY,HSI00000767,295022047.0,312649998.0,1,366,2024-01-01..2024-12-31,False,False,False
330261,Phelps Memorial Hospital Center,NY,HSI00000767,372953463.0,378236924.0,1,366,2024-01-01..2024-12-31,False,False,False
330331,Plainview Hospital,NY,HSI00000767,236221803.0,273201690.0,1,366,2024-01-01..2024-12-31,False,False,False
330043,South Shore University Hospital,NY,HSI00000767,765070184.0,845498857.0,1,366,2024-01-01..2024-12-31,False,False,False
330160,Staten Island University Hospital,NY,HSI00000767,1328610266.0,1396439734.0,1,366,2024-01-01..2024-12-31,False,False,False
140242,Central Dupage Hospital,IL,HSI00000770,1302833411.0,,,,,,False,False
140211,Delnor-Community Hospital,IL,HSI00000770,441447792.0,,,,,,False,False
140286,Kishwaukee Community Hospital,IL,HSI00000770,355294621.0,,,,,,False,False
140116,Northern Illinois Medical Center,IL,HSI00000770,640934191.0,,,,,,False,False
140130,Northwestern Lake Forest Hospital,IL,HSI00000770,494267983.0,,,,,,False,False
140176,Northwestern Medicine Woodstock Hospital,IL,HSI00000770,,,,,,,False,False
140281,Northwestern Memorial Hospital,IL,HSI00000770,2380196381.0,2815366982.0,1,365,2024-09-01..2025-08-31,False,False,False
140062,Palos Community Hospital,IL,HSI00000770,387096524.0,,,,,,False,False
141340,Valley West Community Hospital,IL,HSI00000770,54965461.0,,,,,,False,False
151331,Harrison County Hospital,IN,HSI00000771,55000700.0,56531614.0,1,366,2024-01-01..2024-12-31,False,False,False
150069,Kings Daughters Hospital,IN,HSI00000771,137560288.0,138672969.0,1,366,2024-01-01..2024-12-31,False,False,False
010069,Medical Center Barbour,AL,HSI00000771,14264546.0,20835971.0,1,150,2024-01-01..2024-05-29,True,False,False
180014,Norton Audubon Hospital,KY,HSI00000771,,,,,,,False,False
189801,Norton Children's Hospital,KY,HSI00000771,,,,,,,False,False
180088,Norton Hospitals  Inc,KY,HSI00000771,2985238752.0,3304174979.0,1,366,2024-01-01..2024-12-31,False,False,False
151334,Scott Memorial Hospital,IN,HSI00000771,18706235.0,15392520.0,1,366,2024-01-01..2024-12-31,False,False,False
341325,Ashe Memorial Hospital,NC,HSI00000773,47599628.0,51984932.0,1,366,2024-01-01..2024-12-31,False,False,False
340158,Brunswick Medical Center,NC,HSI00000773,152258975.0,175029016.0,1,366,2024-01-01..2024-12-31,False,False,False
340014,Forsyth Memorial Hospital  Inc,NC,HSI00000773,1517316105.0,1664789187.0,1,366,2024-01-01..2024-12-31,False,False,False
340148,Medical Park Hospital,NC,HSI00000773,92080328.0,95887490.0,1,366,2024-01-01..2024-12-31,False,False,False
340141,New Hanover Regional Medical Center,NC,HSI00000773,1447677260.0,2013727911.0,1,366,2024-01-01..2024-12-31,False,False,False
340190,Novant Health Mint Hill Medical Ctr,NC,HSI00000773,124384495.0,150767107.0,1,366,2024-01-01..2024-12-31,False,False,False
341307,Pender Memorial Hospital,NC,HSI00000773,34304089.0,38423401.0,1,366,2024-01-01..2024-12-31,False,False,False
340053,Presbyterian Hospital,NC,HSI00000773,1707349300.0,2023523234.0,1,366,2024-01-01..2024-12-31,False,False,False
340183,Presbyterian Hospital Huntersville,NC,HSI00000773,318808479.0,342105505.0,1,366,2024-01-01..2024-12-31,False,False,False
340171,Presbyterian Hospital Matthews,NC,HSI00000773,292207835.0,324407236.0,1,366,2024-01-01..2024-12-31,False,False,False
340015,Rowan Regional Hospital,NC,HSI00000773,299644069.0,345101864.0,1,366,2024-01-01..2024-12-31,False,False,False
340085,Thomasville Medical Center,NC,HSI00000773,303475532.0,372668732.0,1,366,2024-01-01..2024-12-31,False,False,False
140179,Little Company Of Mary,IL,HSI00000776,249737208.0,283896923.0,1,366,2023-10-01..2024-09-30,False,False,False
141310,Mendota Community Hospital,IL,HSI00000776,39608013.0,59892764.0,1,366,2023-10-01..2024-09-30,False,False,False
140113,Osf Heart Of Mary Medical Center,IL,HSI00000776,97667965.0,98599792.0,1,366,2023-10-01..2024-09-30,False,False,False
141318,Osf Holy Family Med Ctr,IL,HSI00000776,47011311.0,53557861.0,1,366,2023-10-01..2024-09-30,False,False,False
140093,Osf Sacred Heart Medical Center,IL,HSI00000776,89054907.0,88707961.0,1,366,2023-10-01..2024-09-30,False,False,False
140052,Osf Saint Anthonys Health Center,IL,HSI00000776,94685101.0,107054220.0,1,366,2023-10-01..2024-09-30,False,False,False
141337,Osf Saint Clare Medical Center,IL,HSI00000776,54771801.0,72225764.0,1,366,2023-10-01..2024-09-30,False,False,False
141325,Osf Saint Luke Medical Center,IL,HSI00000776,46616842.0,52123659.0,1,366,2023-10-01..2024-09-30,False,False,False
143445,Osf Saint Luke Medical Center,IL,HSI00000776,,,,,,,False,False
140110,Ottawa Regional Hospital & Healthcar,IL,HSI00000776,185894470.0,253625392.0,1,366,2023-10-01..2024-09-30,False,False,False
141312,Rochelle Community Hospital,IL,HSI00000776,50395943.0,52814394.0,1,365,2024-05-01..2025-04-30,False,False,False
140233,Saint Anthony Medical Center,IL,HSI00000776,428090400.0,470030857.0,1,366,2023-10-01..2024-09-30,False,False,False
140067,Saint Francis Medical Center,IL,HSI00000776,1431099567.0,1571331137.0,1,366,2023-10-01..2024-09-30,False,False,False
140161,Saint James Hospital,IL,HSI00000776,78867982.0,87921906.0,1,366,2023-10-01..2024-09-30,False,False,False
231337,St. Francis Hospital,MI,HSI00000776,114119096.0,122701556.0,1,366,2023-10-01..2024-09-30,False,False,False
140162,St. Joseph Medical Center,IL,HSI00000776,229059841.0,264691064.0,1,366,2023-10-01..2024-09-30,False,False,False
140064,St. Mary Medical Center,IL,HSI00000776,141499688.0,160063637.0,1,366,2023-10-01..2024-09-30,False,False,False
190044,Acadia General Hospital,LA,HSI00000780,53325390.0,49814970.0,1,366,2023-10-01..2024-09-30,False,False,False
190054,Iberia Medical Center,LA,HSI00000780,106319014.0,109857056.0,1,366,2023-10-01..2024-09-30,False,False,False
190002,Lafayette General Medical Center,LA,HSI00000780,627866148.0,651794987.0,1,366,2023-10-01..2024-09-30,False,False,False
191322,Ochsner - Abrom Kaplan Mh,LA,HSI00000780,24014267.0,24830767.0,1,366,2023-10-01..2024-09-30,False,False,False
190053,Ochsner American Legion Hospital,LA,HSI00000780,48030423.0,60464869.0,1,366,2023-12-01..2024-11-30,False,False,False
190135,Ochsner Baptist Medical Center,LA,HSI00000780,,,,,,,False,False
191324,Ochsner Bayou  Llc,LA,HSI00000780,61703058.0,61607059.0,1,366,2024-01-01..2024-12-31,False,False,False
197119,Ochsner Bayou Llc,LA,HSI00000780,,,,,,,False,False
011304,Ochsner Choctaw General,AL,HSI00000780,18675948.0,20637534.0,1,366,2024-01-01..2024-12-31,False,False,False
190036,Ochsner Clinic Foundation,LA,HSI00000780,2316134445.0,2509323772.0,1,366,2024-01-01..2024-12-31,False,False,False
251322,Ochsner Laird Hospital,MS,HSI00000780,30879484.0,28506739.0,1,366,2024-01-01..2024-12-31,False,False,False
190011,Ochsner Lsu Health Monroe,LA,HSI00000780,85077726.0,126056372.0,1,365,2024-07-01..2025-06-30,False,False,False
190098,Ochsner Lsu Health Shreveport,LA,HSI00000780,395632372.0,689293871.0,1,365,2024-07-01..2025-06-30,False,False,False
250162,Ochsner Med Ctr - Hancock,MS,HSI00000780,39430764.0,42154759.0,1,366,2023-10-01..2024-09-30,False,False,False
190202,Ochsner Medical Center - Baton Rouge,LA,HSI00000780,395961123.0,438971976.0,1,366,2023-10-01..2024-09-30,False,False,False
190274,Ochsner Medical Center - Kenner  Llc,LA,HSI00000780,193809401.0,200663555.0,1,365,2024-05-01..2025-04-30,False,False,False
190204,Ochsner Medical Center -Northshore,LA,HSI00000780,107273919.0,,,,,,False,False
190275,Ochsner Medical Center West Bank,LA,HSI00000780,,,,,,,False,False
190175,Ochsner Medical Complex River Parishes,LA,HSI00000780,,,,,,,False,False
250069,Ochsner Rush Medical Center,MS,HSI00000780,142035222.0,158685100.0,1,366,2024-01-01..2024-12-31,False,False,False
251323,Ochsner Scott Regional,MS,HSI00000780,13958135.0,12947602.0,1,366,2024-01-01..2024-12-31,False,False,False
190014,Ochsner St. Mary,LA,HSI00000780,36229926.0,39485092.0,1,366,2024-01-01..2024-12-31,False,False,False
251335,Ochsner Stennis Hospital,MS,HSI00000780,21787202.0,20117603.0,1,366,2024-01-01..2024-12-31,False,False,False
251316,Ochsner Watkins Hospital,MS,HSI00000780,22803254.0,23423745.0,1,366,2024-01-01..2024-12-31,False,False,False
190317,Olh-Shreveport-St. Mary Medical Ctr,LA,HSI00000780,91116292.0,181285376.0,1,365,2024-07-01..2025-06-30,False,False,False
190183,Southern Regional Medical Corp,LA,HSI00000780,97277346.0,88525994.0,1,365,2024-07-01..2025-06-30,False,False,False
191302,St Martin Hospital,LA,HSI00000780,44190976.0,44517899.0,1,366,2023-10-01..2024-09-30,False,False,False
190308,St. Bernard Parish Hospital,LA,HSI00000780,38077670.0,39798713.0,1,366,2024-01-01..2024-12-31,False,False,False
190079,St. Charles Parish Hospital,LA,HSI00000780,64030461.0,73718872.0,1,365,2024-08-01..2025-07-31,False,False,False
190006,University Hospital & Clinics,LA,HSI00000780,158926648.0,156962228.0,1,365,2024-07-01..2025-06-30,False,False,False
360170,Berger Hospital,OH,HSI00000784,111605565.0,137281934.0,1,365,2024-07-01..2025-06-30,False,False,False
360152,Doctors Hospital,OH,HSI00000784,309061635.0,327418121.0,1,365,2024-07-01..2025-06-30,False,False,False
360348,Dublin Methodist Hospital,OH,HSI00000784,333944545.0,403630973.0,1,365,2024-07-01..2025-06-30,False,False,False
360210,Grady Memorial Hospital,OH,HSI00000784,146725200.0,160454661.0,1,365,2024-07-01..2025-06-30,False,False,False
360017,Grant Medical Center,OH,HSI00000784,1012205784.0,1407285725.0,1,365,2024-07-01..2025-06-30,False,False,False
361315,Hardin Memorial Hospital,OH,HSI00000784,37951090.0,42288102.0,1,365,2024-07-01..2025-06-30,False,False,False
360011,Marion General Hospital,OH,HSI00000784,365733629.0,320035303.0,1,365,2024-07-01..2025-06-30,False,False,False
360118,Medcentral Health System,OH,HSI00000784,382640384.0,421037254.0,1,365,2024-07-01..2025-06-30,False,False,False
361313,Morrow County Hospital,OH,HSI00000784,23761728.0,22881158.0,1,366,2024-01-01..2024-12-31,False,False,False
360014,Obleness Memorial Hospital,OH,HSI00000784,160922730.0,157449083.0,1,365,2024-07-01..2025-06-30,False,False,False
360006,Riverside Methodist Hospital,OH,HSI00000784,1698883468.0,1723245921.0,1,365,2024-07-01..2025-06-30,False,False,False
361324,Shelby Memorial Hospital,OH,HSI00000784,40157714.0,33586013.0,1,365,2024-07-01..2025-06-30,False,False,False
360203,Southeastern Ohio Reg Med Ctr,OH,HSI00000784,92574371.0,98561368.0,2,547,2024-01-01..2025-06-30,True,False,False
360071,Van Wert County Hospital,OH,HSI00000784,54144253.0,51364691.0,2,547,2024-01-01..2025-06-30,True,False,False
240006,Olmsted Medical Center,MN,HSI00000789,234804057.0,257583149.0,1,366,2024-01-01..2024-12-31,False,False,False
330115,Oneida Health,NY,HSI00000792,137917603.0,151703011.0,1,366,2024-01-01..2024-12-31,False,False,False
100032,Bayfront Health St. Petersburg,FL,HSI00000796,339188613.0,392006054.0,1,366,2023-10-01..2024-09-30,False,False,False
100006,Orlando Health,FL,HSI00000796,3385817971.0,3759322472.0,1,366,2023-10-01..2024-09-30,False,False,False
100051,Orlando Health South Lake Hospital,FL,HSI00000796,362339122.0,415215472.0,1,366,2023-10-01..2024-09-30,False,False,False
100030,Orlando Health-Health Central Hospit,FL,HSI00000796,349001331.0,401692788.0,1,366,2023-10-01..2024-09-30,False,False,False
100302,St. Cloud Regional Medical Center,FL,HSI00000796,117632467.0,131607515.0,1,366,2023-10-01..2024-09-30,False,False,False
330218,Oswego Hospital,NY,HSI00000798,144085310.0,141749555.0,1,366,2024-01-01..2024-12-31,False,False,False
180004,Muhlenberg Community Hospital,KY,HSI00000802,49440871.0,63331319.0,1,365,2024-06-01..2025-05-31,False,False,False
180038,Owensboro Health Regional Hospital,KY,HSI00000802,678618524.0,756893722.0,1,365,2024-06-01..2025-05-31,False,False,False
180070,Owensboro Health Twin Lakes Medical,KY,HSI00000802,55247921.0,65296985.0,1,365,2024-06-01..2025-05-31,False,False,False
050471,Pih Health Good Samaritan Hospital,CA,HSI00000805,358863981.0,355288647.0,1,366,2023-10-01..2024-09-30,False,False,False
050393,Pih Health Hospital - Downey,CA,HSI00000805,182242291.0,210729842.0,1,366,2023-10-01..2024-09-30,False,False,False
050169,Pih Health Whittier Hospital,CA,HSI00000805,761333723.0,834006341.0,1,366,2023-10-01..2024-09-30,False,False,False
361327,Chwc-Montpelier,OH,HSI00000811,24899310.0,14001278.0,2,458,2023-10-01..2024-12-31,True,False,False
150146,Community Hospital Of Noble Cty  Inc,IN,HSI00000811,73713949.0,77241561.0,1,366,2024-01-01..2024-12-31,False,False,False
360121,Community Hospital Of Williams City,OH,HSI00000811,91405646.0,85548733.0,2,458,2023-10-01..2024-12-31,True,False,False
150091,Huntington Memorial Hospital,IN,HSI00000811,76662910.0,79800730.0,1,366,2024-01-01..2024-12-31,False,False,False
150045,Parkview - Dekalb Health,IN,HSI00000811,71844763.0,70945645.0,1,366,2024-01-01..2024-12-31,False,False,False
150021,Parkview Hospital,IN,HSI00000811,,1784903398.0,1,366,2024-01-01..2024-12-31,False,False,False
151323,Parkview Lagrange Hospital,IN,HSI00000811,41667238.0,40527809.0,1,366,2024-01-01..2024-12-31,False,False,False
151310,Parkview Wabash Hospital  Inc.,IN,HSI00000811,67792704.0,73753667.0,1,366,2024-01-01..2024-12-31,False,False,False
150101,Whitley Memorial Hospital,IN,HSI00000811,101454328.0,120991148.0,1,366,2024-01-01..2024-12-31,False,False,False
100028,Parrish Medical Center,FL,HSI00000812,158904578.0,187679418.0,1,366,2023-10-01..2024-09-30,False,False,False
220110,Brigham And Womens Hospital,MA,HSI00000813,2955813891.0,,,,,,False,False
220015,Cooley Dickinson Hospital,MA,HSI00000813,250985745.0,271338590.0,1,366,2023-10-01..2024-09-30,False,False,False
220119,Faulkner Hospital,MA,HSI00000813,346125573.0,384647154.0,1,366,2023-10-01..2024-09-30,False,False,False
221300,Marthas Vineyard Hospital,MA,HSI00000813,134848702.0,143743553.0,1,366,2023-10-01..2024-09-30,False,False,False
220071,Massachusetts General Hospital,MA,HSI00000813,3879519234.0,4135795465.0,1,366,2023-10-01..2024-09-30,False,False,False
220177,Nantucket Cottage Hospital,MA,HSI00000813,77400376.0,,,,,,False,False
220101,Newton Wellesley Hospital,MA,HSI00000813,691815815.0,718421534.0,1,366,2023-10-01..2024-09-30,False,False,False
220035,North Shore Medical Center,MA,HSI00000813,552498185.0,577418257.0,1,366,2023-10-01..2024-09-30,False,False,False
300018,Wentworth Douglass Hospital,NH,HSI00000813,550301152.0,595083943.0,1,366,2023-10-01..2024-09-30,False,False,False
381301,Cottage Grove Community Hospital,OR,HSI00000814,49044590.0,55003068.0,1,365,2024-07-01..2025-06-30,False,False,False
021311,Ketchikan Medical Center,AK,HSI00000814,92432288.0,98729792.0,1,365,2024-07-01..2025-06-30,False,False,False
381316,Peace Harbor Hospital,OR,HSI00000814,96594505.0,110054463.0,1,365,2024-07-01..2025-06-30,False,False,False
501340,Peace Island Medical Center,WA,HSI00000814,26068056.0,29891724.0,1,365,2024-07-01..2025-06-30,False,False,False
500050,Peacehealth Southwest Medical Center,WA,HSI00000814,813788205.0,934514959.0,1,365,2024-07-01..2025-06-30,False,False,False
380033,Sacred Heart Med Ctr - University,OR,HSI00000814,105783284.0,,,,,,False,False
380102,Shmc-Riverbend,OR,HSI00000814,860669068.0,1025084920.0,1,365,2024-07-01..2025-06-30,False,False,False
500041,St. John Medical Center,WA,HSI00000814,334972393.0,399179513.0,1,365,2024-07-01..2025-06-30,False,False,False
500030,St. Joseph Medical Center,WA,HSI00000814,749975793.0,935651865.0,1,365,2024-07-01..2025-06-30,False,False,False
501329,United General Medical Center,WA,HSI00000814,82794152.0,104624520.0,1,365,2024-07-01..2025-06-30,False,False,False
161367,Pella Regional Health Center,IA,HSI00000815,125839069.0,132156181.0,1,366,2024-01-01..2024-12-31,False,False,False
080006,Nanticoke Memorial Hospital,DE,HSI00000818,153218423.0,223933823.0,1,365,2024-07-01..2025-06-30,False,False,False
210045,Tidalhealth Mccready Pavilion,MD,HSI00000818,,,,,,,False,False
210019,Tidalhealth Peninsula Regional Inc,MD,HSI00000818,493387560.0,567168579.0,1,365,2024-07-01..2025-06-30,False,False,False
391312,Brookville Hospital,PA,HSI00000819,30407745.0,34277186.0,1,365,2024-07-01..2025-06-30,False,False,False
390086,Dubois Regional Medical Center,PA,HSI00000819,429275433.0,504677602.0,1,365,2024-07-01..2025-06-30,False,False,False
390184,Highlands Hospital,PA,HSI00000819,21981050.0,39859777.0,1,365,2024-07-01..2025-06-30,False,False,False
390147,Monongahela Valley Hospital Inc.,PA,HSI00000819,113808165.0,128332449.0,1,365,2024-07-01..2025-06-30,False,False,False
390052,Penn Highlands Clearfield,PA,HSI00000819,,,,,,,False,False
391315,Penn Highlands Elk,PA,HSI00000819,67437497.0,68738828.0,1,365,2024-07-01..2025-06-30,False,False,False
390056,Penn Highlands Huntingdon,PA,HSI00000819,56195200.0,84033509.0,1,365,2024-07-01..2025-06-30,False,False,False
391307,Tyrone Hospital,PA,HSI00000819,25401853.0,29653925.0,1,365,2024-07-01..2025-06-30,False,False,False
390111,Hospital Of The Univ Of Penna,PA,HSI00000820,3364264152.0,4004776719.0,1,365,2024-07-01..2025-06-30,False,False,False
390100,Lancaster General Hospital,PA,HSI00000820,1329596659.0,1561046859.0,1,365,2024-07-01..2025-06-30,False,False,False
390226,Pennsylvania Hospital Of Uphs,PA,HSI00000820,738952404.0,844204610.0,1,365,2024-07-01..2025-06-30,False,False,False
390223,Presbyterian Medical Center,PA,HSI00000820,988469254.0,1134062321.0,1,365,2024-07-01..2025-06-30,False,False,False
310010,Princeton Healthcare System,NJ,HSI00000820,587815864.0,622541266.0,1,365,2024-07-01..2025-06-30,False,False,False
390179,The Chester County Hospital,PA,HSI00000820,473604386.0,456729222.0,1,365,2024-07-01..2025-06-30,False,False,False
390336,Hampden Medical Center,PA,HSI00000821,109797455.0,188170120.0,1,365,2024-07-01..2025-06-30,False,False,False
390004,Holy Spirit Hospital,PA,HSI00000821,295066087.0,343937167.0,1,365,2024-07-01..2025-06-30,False,False,False
390256,Milton S. Hershey Medical Center,PA,HSI00000821,2075859979.0,2356179230.0,1,365,2024-07-01..2025-06-30,False,False,False
390339,Penn State Health Lancaster Medical Center,PA,HSI00000821,,214441719.0,1,365,2024-07-01..2025-06-30,False,False,False
390096,St. Joseph Medical Center,PA,HSI00000821,334765481.0,347799577.0,1,365,2024-07-01..2025-06-30,False,False,False
450007,Peterson Regional Medical Center,TX,HSI00000822,171731833.0,207710514.0,1,365,2024-07-01..2025-06-30,False,False,False
110073,Dorminy Medical Center,GA,HSI00000823,26146932.0,,,,,,False,False
110007,Phoebe Putney Memorial Hospital,GA,HSI00000823,665532303.0,,,,,,False,False
110163,Phoebe Putney Memorial Hospital North Campus,GA,HSI00000823,,,,,,,False,False
110044,Phoebe Sumter Medical Center  Inc.,GA,HSI00000823,100957940.0,,,,,,False,False
111328,Phoebe Worth Medical Center,GA,HSI00000823,23006539.0,,,,,,False,False
033302,Phoenix Childrens Hospital,AZ,HSI00000824,1372554647.0,1517941431.0,1,366,2024-01-01..2024-12-31,False,False,False
110074,Piedmont Athens Regional Medical Ce,GA,HSI00000826,629812869.0,920469395.0,1,365,2024-07-01..2025-06-30,False,False,False
110039,Piedmont Augusta Hospital Summerville Campus,GA,HSI00000826,,,,,,,False,False
110030,Piedmont Cartersville Medical Center,GA,HSI00000826,170143677.0,229227634.0,1,365,2024-07-01..2025-06-30,False,False,False
110064,Piedmont Columbus Regional Midtown,GA,HSI00000826,434999359.0,614674485.0,1,365,2024-07-01..2025-06-30,False,False,False
110200,Piedmont Columbus Regional Northside,GA,HSI00000826,135484722.0,153630121.0,1,365,2024-07-01..2025-06-30,False,False,False
110192,Piedmont Eastside Medical Center,GA,HSI00000826,233599142.0,349928136.0,1,365,2024-07-01..2025-06-30,False,False,False
110215,Piedmont Fayette Hospital Inc.,GA,HSI00000826,515954389.0,620167437.0,1,365,2024-07-01..2025-06-30,False,False,False
110191,Piedmont Henry Hospital  Inc.,GA,HSI00000826,445647528.0,563073940.0,1,365,2024-07-01..2025-06-30,False,False,False
110083,Piedmont Hospital Inc.,GA,HSI00000826,1322705163.0,1671357815.0,1,365,2024-07-01..2025-06-30,False,False,False
110164,Piedmont Macon Medical Center,GA,HSI00000826,209661342.0,268400346.0,1,365,2024-07-01..2025-06-30,False,False,False
110201,Piedmont Macon North Hospital,GA,HSI00000826,59094658.0,73744681.0,1,365,2024-07-01..2025-06-30,False,False,False
110225,Piedmont Mountainside Hospital  Inc.,GA,HSI00000826,131177240.0,164930219.0,1,365,2024-07-01..2025-06-30,False,False,False
110229,Piedmont Newnan Hospital Inc.,GA,HSI00000826,366032972.0,420265645.0,1,365,2024-07-01..2025-06-30,False,False,False
110018,Piedmont Newton Hospital,GA,HSI00000826,148527043.0,215747109.0,1,365,2024-07-01..2025-06-30,False,False,False
110091,Piedmont Rockdale Hospital,GA,HSI00000826,217375174.0,265398319.0,1,365,2024-07-01..2025-06-30,False,False,False
110046,Piedmont Walton Hospital,GA,HSI00000826,128627275.0,153053955.0,1,365,2024-07-01..2025-06-30,False,False,False
110028,University Health Services  Inc.,GA,HSI00000826,487363288.0,573810347.0,1,365,2024-07-01..2025-06-30,False,False,False
110111,University Hospital Mcduffie,GA,HSI00000826,25924239.0,34008811.0,1,365,2024-07-01..2025-06-30,False,False,False
050231,Pomona Valley Hospital Med Ctr,CA,HSI00000833,776833556.0,831099716.0,1,366,2024-01-01..2024-12-31,False,False,False
360076,Atrium Medical Center,OH,HSI00000842,246101968.0,267604930.0,1,366,2024-01-01..2024-12-31,False,False,False
360051,Miami Valley Hospital,OH,HSI00000842,1488156115.0,1550094054.0,1,366,2024-01-01..2024-12-31,False,False,False
360174,Upper Valley Medical Center,OH,HSI00000842,154734564.0,171238187.0,1,366,2024-01-01..2024-12-31,False,False,False
321302,Dr. Dan C. Trigg,NM,HSI00000843,16650701.0,20799326.0,1,366,2024-01-01..2024-12-31,False,False,False
320011,Espanola Hospital,NM,HSI00000843,89895878.0,111448771.0,1,366,2024-01-01..2024-12-31,False,False,False
321306,Lincoln County Medical Center,NM,HSI00000843,74972063.0,91519831.0,1,366,2024-01-01..2024-12-31,False,False,False
320022,Plains Regional Medical Ctr - Clovis,NM,HSI00000843,107906246.0,135745290.0,1,366,2024-01-01..2024-12-31,False,False,False
320021,Presbyterian Hospital,NM,HSI00000843,1508918990.0,1815502769.0,1,366,2024-01-01..2024-12-31,False,False,False
320079,Presbyterian Kaseman Hospital,NM,HSI00000843,,,,,,,False,False
320090,Santa Fe Medical Center,NM,HSI00000843,99349438.0,119906636.0,1,366,2024-01-01..2024-12-31,False,False,False
321301,Socorro General Hospital,NM,HSI00000843,35615726.0,44235356.0,1,366,2024-01-01..2024-12-31,False,False,False
327027,Socorro General Hospital,NM,HSI00000843,,,,,,,False,False
520062,Oconomowoc Memorial Hospital,WI,HSI00000847,125002940.0,130360928.0,1,366,2023-10-01..2024-09-30,False,False,False
520008,Waukesha Memorial Hospital,WI,HSI00000847,540596374.0,604992207.0,1,366,2023-10-01..2024-09-30,False,False,False
360259,Bay Park Community Hospital,OH,HSI00000848,117220988.0,127545132.0,1,366,2024-01-01..2024-12-31,False,False,False
230022,Community Health Center Branch,MI,HSI00000848,75959027.0,271682539.0,1,366,2024-01-01..2024-12-31,False,False,True
361328,Defiance Hospital Inc.,OH,HSI00000848,83952363.0,97390524.0,1,366,2024-01-01..2024-12-31,False,False,False
361318,Fostoria Community Hospital,OH,HSI00000848,39998452.0,45675404.0,1,366,2024-01-01..2024-12-31,False,False,False
360009,Lima Memorial Hospital,OH,HSI00000848,253504980.0,279704280.0,1,366,2024-01-01..2024-12-31,False,False,False
360156,Memorial Hospital,OH,HSI00000848,87595304.0,88005504.0,1,366,2024-01-01..2024-12-31,False,False,False
230099,Monroe Regional Hospital,MI,HSI00000848,153906144.0,179596177.0,1,366,2024-01-01..2024-12-31,False,False,False
360074,Promedica Flower Hospital,OH,HSI00000848,,,,,,,False,False
362339,Promedica Fostoria Community Hospital,OH,HSI00000848,,,,,,,False,False
230005,Promedica Hickman Hospital,MI,HSI00000848,126185960.0,146532753.0,1,366,2024-01-01..2024-12-31,False,False,False
360068,The Toledo Hospital,OH,HSI00000848,1478852382.0,1540279544.0,1,366,2024-01-01..2024-12-31,False,False,False
271323,Clark Fork Valley Hospital,MT,HSI00000852,29431948.0,30605458.0,1,366,2024-01-01..2024-12-31,False,False,False
453306,Covenant Childrens Hospital,TX,HSI00000852,410345163.0,477255093.0,1,365,2024-07-01..2025-06-30,False,False,False
320065,Covenant Health Hobbs Hospital,NM,HSI00000852,31802204.0,55581022.0,1,365,2024-07-01..2025-06-30,False,False,False
450755,Covenant Hospital Levelland,TX,HSI00000852,22609473.0,25224466.0,1,365,2024-07-01..2025-06-30,False,False,False
450539,Covenant Hospital Plainview,TX,HSI00000852,68468555.0,67584449.0,1,365,2024-07-01..2025-06-30,False,False,False
450040,Covenant Medical Center,TX,HSI00000852,437679171.0,544590997.0,1,365,2024-07-01..2025-06-30,False,False,False
051321,Healdsburg Hospital,CA,HSI00000852,59479842.0,34810451.0,1,365,2024-07-01..2025-06-30,False,False,False
381318,Hood River Memorial Hospital,OR,HSI00000852,130726709.0,135287585.0,1,366,2024-01-01..2024-12-31,False,False,False
500058,Kadlec Regional Medical Center,WA,HSI00000852,737660737.0,963526536.0,1,366,2024-01-01..2024-12-31,False,False,False
050193,Mission Hospital Laguna Beach,CA,HSI00000852,,,,,,,False,False
050567,Mission Hospital Reg Medical Center,CA,HSI00000852,690304597.0,813972937.0,1,365,2024-07-01..2025-06-30,False,False,False
050136,Petaluma Valley Hospital,CA,HSI00000852,82891481.0,85620140.0,1,365,2024-07-01..2025-06-30,False,False,False
500014,Prov Regl Med Center Everett,WA,HSI00000852,833117581.0,953378142.0,1,366,2024-01-01..2024-12-31,False,False,False
500054,Prov Sacred Heart Medical Center,WA,HSI00000852,945813495.0,1168600014.0,1,366,2024-01-01..2024-12-31,False,False,False
500002,Prov St Mary Medical Center,WA,HSI00000852,227746956.0,245662963.0,1,366,2024-01-01..2024-12-31,False,False,False
021306,Prov. Kodiak Island Medical Center,AK,HSI00000852,61570315.0,63925660.0,1,366,2024-01-01..2024-12-31,False,False,False
020001,Providence Alaska Medical Center,AK,HSI00000852,741184958.0,826036172.0,1,366,2024-01-01..2024-12-31,False,False,False
050761,Providence Cedars-Sinai Tarzana Medi,CA,HSI00000852,318367833.0,344001557.0,1,366,2024-01-01..2024-12-31,False,False,False
500019,Providence Centralia Hospital,WA,HSI00000852,252616227.0,225935762.0,1,366,2024-01-01..2024-12-31,False,False,False
050278,Providence Holy Cross Med. Center,CA,HSI00000852,611857059.0,630089425.0,1,366,2024-01-01..2024-12-31,False,False,False
500077,Providence Holy Family Hospital,WA,HSI00000852,243954280.0,299336604.0,1,366,2024-01-01..2024-12-31,False,False,False
050078,Providence Lttl Co Mary Mc San Pedro,CA,HSI00000852,217420072.0,209606457.0,1,366,2024-01-01..2024-12-31,False,False,False
050353,Providence Lttl Co Mary Mc Torrance,CA,HSI00000852,500196137.0,535569965.0,1,366,2024-01-01..2024-12-31,False,False,False
380075,Providence Medford Medical Center,OR,HSI00000852,261065941.0,282703804.0,1,366,2024-01-01..2024-12-31,False,False,False
380082,Providence Milwaukie Hospital,OR,HSI00000852,142229241.0,160174340.0,1,366,2024-01-01..2024-12-31,False,False,False
501326,Providence Mount Carmel Hospital,WA,HSI00000852,60333990.0,68164171.0,1,366,2024-01-01..2024-12-31,False,False,False
380037,Providence Newberg Medical Center,OR,HSI00000852,165882183.0,181726290.0,1,366,2024-01-01..2024-12-31,False,False,False
380061,Providence Portland Medical Center,OR,HSI00000852,995768980.0,999080535.0,1,366,2024-01-01..2024-12-31,False,False,False
381303,Providence Seaside Hospital,OR,HSI00000852,85802892.0,99268544.0,1,366,2024-01-01..2024-12-31,False,False,False
021302,Providence Seward Medical & Care Cen,AK,HSI00000852,29673662.0,28563714.0,1,366,2024-01-01..2024-12-31,False,False,False
050290,Providence St Johns Health Center,CA,HSI00000852,437801557.0,462815607.0,1,366,2024-01-01..2024-12-31,False,False,False
050235,Providence St Joseph Medical Center,CA,HSI00000852,528233986.0,575752760.0,1,366,2024-01-01..2024-12-31,False,False,False
271343,Providence St Joseph Medical Ctr,MT,HSI00000852,45670509.0,48541145.0,1,366,2024-01-01..2024-12-31,False,False,False
501309,Providence St Josephs Hospital,WA,HSI00000852,20692135.0,23696720.0,1,366,2024-01-01..2024-12-31,False,False,False
500024,Providence St. Peter Hospital,WA,HSI00000852,562685812.0,646924204.0,1,366,2024-01-01..2024-12-31,False,False,False
380004,Providence St. Vincent Medical Ctr,OR,HSI00000852,1086392748.0,1156952773.0,1,366,2024-01-01..2024-12-31,False,False,False
021301,Providence Valdez Medical Center,AK,HSI00000852,20895315.0,22910256.0,1,366,2024-01-01..2024-12-31,False,False,False
380038,Providence Willamette Falls Med Ctr,OR,HSI00000852,190578887.0,215118416.0,1,366,2024-01-01..2024-12-31,False,False,False
050009,Queen Of The Valley Medical Center,CA,HSI00000852,293816201.0,308384708.0,1,365,2024-07-01..2025-06-30,False,False,False
051318,Redwood Memorial Hospital,CA,HSI00000852,49894932.0,53713976.0,1,365,2024-07-01..2025-06-30,False,False,False
050174,Santa Rosa Memorial Hospital,CA,HSI00000852,632485567.0,608198478.0,1,365,2024-07-01..2025-06-30,False,False,False
050168,St Jude Medical Center Fullerton,CA,HSI00000852,620205868.0,682569907.0,1,365,2024-07-01..2025-06-30,False,False,False
270014,St Patrick Hospital,MT,HSI00000852,396834270.0,464845066.0,1,366,2024-01-01..2024-12-31,False,False,False
050006,St. Joseph Hospital - Eureka,CA,HSI00000852,331853431.0,398164912.0,1,365,2024-07-01..2025-06-30,False,False,False
050069,St. Joseph Hospital Of Orange,CA,HSI00000852,669415892.0,726892323.0,1,365,2024-07-01..2025-06-30,False,False,False
050300,St. Mary Medical Center,CA,HSI00000852,367674052.0,414617290.0,1,365,2024-07-01..2025-06-30,False,False,False
500026,Swedish Edmonds,WA,HSI00000852,266442654.0,314713828.0,1,366,2024-01-01..2024-12-31,False,False,False
500152,Swedish Issaquah,WA,HSI00000852,298490098.0,335778102.0,1,366,2024-01-01..2024-12-31,False,False,False
500027,Swedish Medical Center,WA,HSI00000852,1487503360.0,1664487087.0,1,366,2024-01-01..2024-12-31,False,False,False
500025,Swedish Medical Center Cherry Hill,WA,HSI00000852,536795850.0,614262364.0,1,366,2024-01-01..2024-12-31,False,False,False
312017,Achs Central Jersey,NJ,HSI00000863,20592173.0,,,,,,False,False
313300,Childrens Specialized Hopsital,NJ,HSI00000863,165126978.0,181830741.0,1,366,2024-01-01..2024-12-31,False,False,False
310009,Clara Maass Medical Center,NJ,HSI00000863,356561169.0,383759273.0,1,366,2024-01-01..2024-12-31,False,False,False
310041,Community Medical Center,NJ,HSI00000863,512802887.0,571851637.0,1,366,2024-01-01..2024-12-31,False,False,False
310076,Cooperman Barnabas Medical Center,NJ,HSI00000863,1185834568.0,1297520762.0,1,366,2024-01-01..2024-12-31,False,False,False
310074,Jersey City Medical Center,NJ,HSI00000863,512373271.0,618038534.0,1,366,2024-01-01..2024-12-31,False,False,False
310075,Monmouth Medical Center,NJ,HSI00000863,532585305.0,603063729.0,1,366,2024-01-01..2024-12-31,False,False,False
310084,Monmouth Medical Center Southern Cam,NJ,HSI00000863,144575263.0,159590753.0,1,366,2024-01-01..2024-12-31,False,False,False
310002,Newark Beth Israel Medical Center,NJ,HSI00000863,747504710.0,805717003.0,1,366,2024-01-01..2024-12-31,False,False,False
310110,Robert Wood Johnson Hospital @ Hami,NJ,HSI00000863,224987211.0,243602674.0,1,366,2024-01-01..2024-12-31,False,False,False
310024,Robert Wood Johnson Hospital @ Rahw,NJ,HSI00000863,129838011.0,135651202.0,1,366,2024-01-01..2024-12-31,False,False,False
310048,Robert Wood Johnson Univ Hosp @ Som,NJ,HSI00000863,374728532.0,408737359.0,1,366,2024-01-01..2024-12-31,False,False,False
310038,Robert Wood Johnson University Hospi,NJ,HSI00000863,1513980856.0,1660760103.0,1,366,2024-01-01..2024-12-31,False,False,False
310027,Trinitas Hospital,NJ,HSI00000863,273971953.0,290857401.0,1,366,2024-01-01..2024-12-31,False,False,False
053303,Rady Childrens Hospital - San Diego,CA,HSI00000864,1823400821.0,1738310754.0,1,365,2024-07-01..2025-06-30,False,False,False
390127,Phoenixville Hospital,PA,HSI00000866,169291252.0,199694016.0,1,365,2024-07-01..2025-06-30,False,False,False
390123,Pottstown Memorial Medical Center,PA,HSI00000866,139231939.0,148956694.0,1,365,2024-07-01..2025-06-30,False,False,False
390044,Reading Hospital And Medical Center,PA,HSI00000866,1147619979.0,1460371159.0,1,365,2024-07-01..2025-06-30,False,False,False
393307,St Christophers Hospital For Childr,PA,HSI00000866,226891306.0,193545511.0,1,365,2024-07-01..2025-06-30,False,False,False
050272,Redlands Community Hospital,CA,HSI00000867,225739574.0,241006048.0,1,366,2023-10-01..2024-09-30,False,False,False
431322,Fall River Hospital,SD,HSI00000868,28387002.0,30936700.0,1,366,2024-01-01..2024-12-31,False,False,False
431323,Monument Health Custer Hospital,SD,HSI00000868,27758544.0,31120701.0,1,365,2024-07-01..2025-06-30,False,False,False
431320,Monument Health Lead-Deadwood Hospit,SD,HSI00000868,20243945.0,19246464.0,1,365,2024-07-01..2025-06-30,False,False,False
430077,Monument Health Rapid City Hospital,SD,HSI00000868,707475336.0,830101200.0,1,365,2024-07-01..2025-06-30,False,False,False
430048,Monument Health Spearfish Hospital,SD,HSI00000868,116616845.0,120698311.0,1,365,2024-07-01..2025-06-30,False,False,False
431321,Monument Health Sturgis Regional,SD,HSI00000868,39139131.0,40547796.0,1,365,2024-07-01..2025-06-30,False,False,False
431319,Philip Health Services Inc,SD,HSI00000868,19107090.0,18574044.0,1,366,2024-01-01..2024-12-31,False,False,False
531303,Weston County Health Services,WY,HSI00000868,21593442.0,27271701.0,1,365,2024-07-01..2025-06-30,False,False,False
537050,Weston County Hospital District,WY,HSI00000868,,,,,,,False,False
440152,Regional One Health,TN,HSI00000870,407880356.0,453336800.0,1,365,2024-07-01..2025-06-30,False,False,False
283440,Regional West Garden County,NE,HSI00000871,,,,,,,False,False
281310,Regional West Garden County Hospital,NE,HSI00000871,9665344.0,6829620.0,2,547,2024-01-01..2025-06-30,True,False,False
280061,Regional West Medical Center,NE,HSI00000871,218356170.0,239457645.0,1,366,2024-01-01..2024-12-31,False,False,False
150048,Reid Hospital & Health Care Services,IN,HSI00000873,487182885.0,522230281.0,1,366,2024-01-01..2024-12-31,False,False,False
290001,Renown Regional Medical Center,NV,HSI00000874,1098864687.0,1305737748.0,1,366,2024-01-01..2024-12-31,False,False,False
290049,Renown South Meadows Medical Center,NV,HSI00000874,,204265509.0,1,366,2024-01-01..2024-12-31,False,False,False
330028,Richmond University Medical Center,NY,HSI00000879,380053310.0,411808707.0,1,366,2024-01-01..2024-12-31,False,False,False
241375,Minnesota Valley Health Center  Inc.,MN,HSI00000881,13347782.0,13196977.0,1,366,2024-01-01..2024-12-31,False,False,False
240056,Ridgeview Medical Center,MN,HSI00000881,309852062.0,372048076.0,1,366,2024-01-01..2024-12-31,False,False,False
241311,Sibley Medical Center,MN,HSI00000881,21877577.0,22483907.0,1,366,2024-01-01..2024-12-31,False,False,False
330036,Saint Johns Riverside Hospital,NY,HSI00000882,,,,,,,False,False
330208,St. Johns Riverside Hospital,NY,HSI00000882,268083536.0,255629636.0,1,366,2024-01-01..2024-12-31,False,False,False
490143,Riverside Doctors Hospital Williamsb,VA,HSI00000883,80022321.0,89987367.0,1,366,2024-01-01..2024-12-31,False,False,False
490052,Riverside Regional Medical Center,VA,HSI00000883,1076928021.0,1189513980.0,1,366,2024-01-01..2024-12-31,False,False,False
490130,Riverside Walter Reed,VA,HSI00000883,117860566.0,120777122.0,1,366,2024-01-01..2024-12-31,False,False,False
490037,Shore Memorial Hospital,VA,HSI00000883,101621917.0,107788943.0,1,366,2024-01-01..2024-12-31,False,False,False
330265,Clifton Springs Hospital & Clinic,NY,HSI00000889,113243144.0,126786053.0,1,366,2024-01-01..2024-12-31,False,False,False
330030,Newark Wayne Community Hospital,NY,HSI00000889,105227305.0,117497541.0,1,366,2024-01-01..2024-12-31,False,False,False
330125,Rochester General Hospital,NY,HSI00000889,1170741939.0,1322197787.0,1,366,2024-01-01..2024-12-31,False,False,False
330226,The Unity Hospital Of Rochester,NY,HSI00000889,623236845.0,671498870.0,1,366,2024-01-01..2024-12-31,False,False,False
330073,United Memorial Medical Center,NY,HSI00000889,140163753.0,161206145.0,1,366,2024-01-01..2024-12-31,False,False,False
330411,Unity Speciality Hospital,NY,HSI00000889,5606390.0,6112209.0,1,366,2024-01-01..2024-12-31,False,False,False
140029,Copley Memorial Hospital,IL,HSI00000897,347971513.0,372403958.0,1,365,2024-07-01..2025-06-30,False,False,False
140063,Oak Park Hospital,IL,HSI00000897,173446634.0,191695076.0,1,365,2024-07-01..2025-06-30,False,False,False
140119,Rush University Medical Center,IL,HSI00000897,2304152432.0,2378971283.0,1,365,2024-07-01..2025-06-30,False,False,False
470005,Rutland Regional Medical Center,VT,HSI00000900,325028245.0,330638346.0,1,366,2023-10-01..2024-09-30,False,False,False
141351,Clay County Hospital,IL,HSI00000902,38247924.0,41704940.0,1,365,2024-03-01..2025-02-28,False,False,False
371325,Cordell Memorial Hospital,OK,HSI00000902,5893481.0,7598983.0,1,365,2024-07-01..2025-06-30,False,False,False
521319,Edgerton Hospital & Health Services,WI,HSI00000902,29891991.0,38400904.0,1,366,2024-01-01..2024-12-31,False,False,False
371324,Harper County Community Hospital,OK,HSI00000902,4211470.0,,,,,,False,False
261302,Madison Medical Center,MO,HSI00000902,20466608.0,20969926.0,1,366,2023-10-01..2024-09-30,False,False,False
267263,Madison Medical Center,MO,HSI00000902,,,,,,,False,False
520028,Monroe Clinic,WI,HSI00000902,216927475.0,214450009.0,1,366,2024-01-01..2024-12-31,False,False,False
371327,Okeene Municipal Hospital,OK,HSI00000902,6875124.0,8933750.0,1,365,2024-07-01..2025-06-30,False,False,False
141307,Pinckneyville Community Hospital,IL,HSI00000902,38853487.0,45258838.0,1,365,2024-05-01..2025-04-30,False,False,False
521338,Prairie Ridge Health  Inc.,WI,HSI00000902,69582737.0,77989181.0,1,366,2023-10-01..2024-09-30,False,False,False
370158,Purcell Municipal Hospital,OK,HSI00000902,8137325.0,10854369.0,1,365,2024-07-01..2025-06-30,False,False,False
521321,Ripon Medical Center,WI,HSI00000902,31774284.0,34755901.0,1,366,2024-01-01..2024-12-31,False,False,False
371341,Share Medical Center,OK,HSI00000902,9377281.0,15508391.0,1,365,2024-07-01..2025-06-30,False,False,False
263300,Ssm Cardinal Glennon Children's Hospital,MO,HSI00000902,,,,,,,False,False
269807,Ssm Health Cardinal Glennon Childrens Hospital,MO,HSI00000902,,,,,,,False,False
260104,Ssm Health Depaul Hospital,MO,HSI00000902,699264370.0,558026560.0,1,366,2024-01-01..2024-12-31,False,False,False
140046,Ssm Health Good Samaritan Hospital,IL,HSI00000902,226488319.0,244066533.0,1,366,2024-01-01..2024-12-31,False,False,False
370229,Ssm Health Saint Anthony Hospital Seminole Campus,OK,HSI00000902,,,,,,,False,False
370094,Ssm Health St Anthony Hospital - Mid,OK,HSI00000902,133908309.0,174723743.0,1,366,2024-01-01..2024-12-31,False,False,False
260081,Ssm Health St Clare Hospital,MO,HSI00000902,256986407.0,257590582.0,1,366,2024-01-01..2024-12-31,False,False,False
260200,Ssm Health St. Joseph Hospital - Lsl,MO,HSI00000902,249909452.0,249439306.0,1,366,2024-01-01..2024-12-31,False,False,False
260005,Ssm Health St. Joseph Hospital - Sc,MO,HSI00000902,,320031247.0,1,366,2024-01-01..2024-12-31,False,False,False
140034,Ssm Health St. Marys Hospital,IL,HSI00000902,123685616.0,133691470.0,1,366,2024-01-01..2024-12-31,False,False,False
260091,Ssm Health St. Marys Hospital - Stl,MO,HSI00000902,792773498.0,840205357.0,1,366,2024-01-01..2024-12-31,False,False,False
260011,Ssm Health-St. Marys-Jefferson City,MO,HSI00000902,137100440.0,141446276.0,1,366,2024-01-01..2024-12-31,False,False,False
260105,Ssm Saint Louis University Hospital,MO,HSI00000902,803223664.0,859441806.0,1,366,2024-01-01..2024-12-31,False,False,False
370037,St Anthony Hospital,OK,HSI00000902,738801672.0,760265014.0,1,366,2024-01-01..2024-12-31,False,False,False
370149,St Anthony Shawnee Hospital,OK,HSI00000902,163353236.0,202228049.0,1,366,2024-01-01..2024-12-31,False,False,False
520088,St. Agnes Hospital,WI,HSI00000902,297818339.0,397181646.0,1,366,2024-01-01..2024-12-31,False,False,False
520057,St. Clare Hospital,WI,HSI00000902,73223489.0,80308073.0,1,366,2024-01-01..2024-12-31,False,False,False
520083,St. Marys Hospital,WI,HSI00000902,578664225.0,609400223.0,1,366,2024-01-01..2024-12-31,False,False,False
520208,St. Marys Janesville Hospital,WI,HSI00000902,82001268.0,91792617.0,1,366,2024-01-01..2024-12-31,False,False,False
521343,Stoughton Hospital Association,WI,HSI00000902,64921073.0,67994862.0,1,366,2023-10-01..2024-09-30,False,False,False
521352,Upland Hills Health,WI,HSI00000902,87318174.0,104285894.0,1,366,2023-10-01..2024-09-30,False,False,False
141308,Washington County Hospital,IL,HSI00000902,16377379.0,18473690.0,1,365,2024-05-01..2025-04-30,False,False,False
521327,Waupun Memorial Hospital,WI,HSI00000902,59349267.0,66832210.0,1,366,2024-01-01..2024-12-31,False,False,False
371323,Weatherford Regional Hospital,OK,HSI00000902,24807029.0,24409525.0,1,366,2023-10-01..2024-09-30,False,False,False
330399,Sbh Health System,NY,HSI00000910,470220492.0,495005468.0,1,366,2024-01-01..2024-12-31,False,False,False
041307,Crossridge Community Hospital,AR,HSI00000911,13016430.0,13234420.0,1,366,2023-10-01..2024-09-30,False,False,False
040020,St Bernards Medical Center,AR,HSI00000911,458763603.0,495714470.0,1,366,2023-10-01..2024-09-30,False,False,False
040047,St. Bernards Five Rivers,AR,HSI00000911,,,,,,,False,False
381324,St Charles Madras,OR,HSI00000912,61744608.0,69286184.0,1,366,2024-01-01..2024-12-31,False,False,False
380047,St Charles Medical Center,OR,HSI00000912,731500544.0,1012324219.0,1,366,2024-01-01..2024-12-31,False,False,False
381313,St. Charles Med Ctr - Prineville,OR,HSI00000912,70852109.0,75240264.0,1,366,2024-01-01..2024-12-31,False,False,False
380040,St. Charles Redmond,OR,HSI00000912,,,,,,,False,False
390228,St. Clair Memorial Hospital,PA,HSI00000913,369497677.0,381136862.0,1,365,2024-07-01..2025-06-30,False,False,False
180018,St. Claire Medical Center,KY,HSI00000914,204486429.0,,,,,,False,False
181311,St Elizabeth - Grant County,KY,HSI00000917,48162288.0,51511643.0,1,366,2024-01-01..2024-12-31,False,False,False
150086,St Elizabeth Dearborn,IN,HSI00000917,96186160.0,85992508.0,1,366,2024-01-01..2024-12-31,False,False,False
180001,St Elizabeth Ft Thomas,KY,HSI00000917,152888240.0,159816963.0,1,366,2024-01-01..2024-12-31,False,False,False
180035,St Elizabeth Healthcare,KY,HSI00000917,1187622211.0,1249399879.0,1,366,2024-01-01..2024-12-31,False,False,False
180045,St. Elizabeth Florence,KY,HSI00000917,231902050.0,272194611.0,1,366,2024-01-01..2024-12-31,False,False,False
370078,Osu Medical Center,OK,HSI00000919,142733021.0,202265960.0,1,365,2024-07-01..2025-06-30,False,False,False
370091,Saint Francis Hospital,OK,HSI00000919,1436532625.0,1757022072.0,1,365,2024-07-01..2025-06-30,False,False,False
370025,Saint Francis Hospital Muskogee,OK,HSI00000919,196540444.0,231992043.0,1,365,2024-07-01..2025-06-30,False,False,False
370232,Saint Francis Hospital Muskogee East,OK,HSI00000919,,,,,,,False,False
370218,Saint Francis Hospital South,OK,HSI00000919,198306487.0,233136983.0,1,365,2024-07-01..2025-06-30,False,False,False
370176,Saint Francis Hospital South,OK,HSI00000919,,,,,,,False,False
370237,Saint Francis Hospital Vinita,OK,HSI00000919,25931413.0,29450626.0,1,365,2024-07-01..2025-06-30,False,False,False
260183,Saint Francis Medical Center,MO,HSI00000920,556597323.0,634848878.0,1,365,2024-07-01..2025-06-30,False,False,False
330006,St. Josephs Medical Center,NY,HSI00000925,229132098.0,263159534.0,1,366,2024-01-01..2024-12-31,False,False,False
110024,Candler Hospital  Inc,GA,HSI00000927,440844768.0,513607975.0,1,365,2024-07-01..2025-06-30,False,False,False
110043,St. Josephs Hospital  Inc.,GA,HSI00000927,300555311.0,346067774.0,1,365,2024-07-01..2025-06-30,False,False,False
310116,Saint Josephs Wayne Medical Center,NJ,HSI00000929,,,,,,,False,False
310019,St. Josephs University Medical Cent,NJ,HSI00000929,832108365.0,933410711.0,1,366,2024-01-01..2024-12-31,False,False,False
330197,Canton-Potsdam Hospital,NY,HSI00000930,249786786.0,285345816.0,1,366,2024-01-01..2024-12-31,False,False,False
331315,Gouverneur Hospital,NY,HSI00000930,29577721.0,32444537.0,1,366,2024-01-01..2024-12-31,False,False,False
330223,Massena Memorial Hospital,NY,HSI00000930,48393172.0,,,,,,False,False
260176,St. Lukes Des Peres Hospital,MO,HSI00000933,77700859.0,64594558.0,1,395,2024-07-01..2025-07-30,True,False,False
260179,St. Lukes Hospital,MO,HSI00000933,573742902.0,573467814.0,1,365,2024-07-01..2025-06-30,False,False,False
131307,Memorial Hospital,ID,HSI00000934,20123374.0,26259557.0,1,365,2024-07-01..2025-06-30,False,False,False
130002,St Lukes Magic Valley Reg Med Ctr,ID,HSI00000934,498039371.0,520961562.0,1,366,2023-10-01..2024-09-30,False,False,False
131311,St. Lukes Elmore Medical Center,ID,HSI00000934,50392513.0,50891888.0,1,366,2023-10-01..2024-09-30,False,False,False
131310,St. Lukes Jerome Ltd,ID,HSI00000934,19357248.0,20902320.0,1,366,2023-10-01..2024-09-30,False,False,False
131312,St. Lukes Mccall,ID,HSI00000934,50902669.0,60474621.0,1,366,2023-10-01..2024-09-30,False,False,False
130071,St. Lukes Nampa Medical Center,ID,HSI00000934,237298821.0,255934962.0,1,366,2023-10-01..2024-09-30,False,False,False
130006,St. Lukes Regional Medical Center,ID,HSI00000934,2208123165.0,2490027622.0,1,366,2023-10-01..2024-09-30,False,False,False
131323,St. Lukes Wood River Medical Center,ID,HSI00000934,93232513.0,95828202.0,1,366,2023-10-01..2024-09-30,False,False,False
171373,Allen County Regional Hospital,KS,HSI00000935,26937126.0,29483640.0,1,366,2024-01-01..2024-12-31,False,False,False
171316,Anderson County Hospital,KS,HSI00000935,27489873.0,30320393.0,1,366,2024-01-01..2024-12-31,False,False,False
261321,Hedrick Medical Center,MO,HSI00000935,63425084.0,62343719.0,1,366,2024-01-01..2024-12-31,False,False,False
268539,Saint Lukes Health System,MO,HSI00000935,,,,,,,False,False
260138,Saint Lukes Hospital Of Kansas City,MO,HSI00000935,883515243.0,992329469.0,1,366,2024-01-01..2024-12-31,False,False,False
260062,Saint Lukes North Hospital,MO,HSI00000935,183623880.0,220528623.0,1,366,2024-01-01..2024-12-31,False,False,False
260216,St. Lukes East - Lees Summit,MO,HSI00000935,318142291.0,341733839.0,1,366,2024-01-01..2024-12-31,False,False,False
170185,St. Lukes South,KS,HSI00000935,218226318.0,230031759.0,1,366,2024-01-01..2024-12-31,False,False,False
261309,Wright Memorial Hospital,MO,HSI00000935,36091486.0,38840651.0,1,366,2024-01-01..2024-12-31,False,False,False
390332,Geisinger Stlukes,PA,HSI00000936,73960085.0,101422648.0,1,365,2024-07-01..2025-06-30,False,False,False
390183,Miners Memorial Medical Center,PA,HSI00000936,107712165.0,129014769.0,1,365,2024-07-01..2025-06-30,False,False,False
390035,Quakertown Community Hospital,PA,HSI00000936,146456216.0,218136342.0,1,365,2024-07-01..2025-06-30,False,False,False
390194,Saint Lukes Hospital Lehighton Campus,PA,HSI00000936,,,,,,,False,False
390197,Saint Lukes Sacred Heart Campus,PA,HSI00000936,,,,,,,False,False
390326,St Luke Hospital Anderson Campus,PA,HSI00000936,433002211.0,588761700.0,1,362,2024-07-01..2025-06-27,False,False,False
390162,St Lukes Hospital - Easton Campus,PA,HSI00000936,55423112.0,83132652.0,1,365,2024-07-01..2025-06-30,False,False,False
390335,St Lukes Hospital-Carbon Campus,PA,HSI00000936,86447896.0,101721105.0,1,365,2024-07-01..2025-06-30,False,False,False
310060,St Lukes Warren Hospital,NJ,HSI00000936,200774383.0,235825931.0,1,365,2024-07-01..2025-06-30,False,False,False
390049,St. Lukes Hospital,PA,HSI00000936,8944229494.0,1438717490.0,1,365,2024-07-01..2025-06-30,False,False,True
390330,St. Lukes Hospital - Monroe Campus,PA,HSI00000936,221835330.0,245552887.0,1,365,2024-07-01..2025-06-30,False,False,False
241308,Lake View Memorial Hospital,MN,HSI00000937,22656056.0,-6982778.0,2,547,2024-01-01..2025-06-30,True,True,True
240047,St. Lukes Hospital Of Duluth,MN,HSI00000937,507077817.0,-588508520.0,2,547,2024-01-01..2025-06-30,True,True,True
310070,St. Peters University Hospital,NJ,HSI00000942,549344505.0,589061302.0,1,366,2024-01-01..2024-12-31,False,False,False
270003,St. Peters Hospital,MT,HSI00000943,289249142.0,334401790.0,1,365,2024-06-01..2025-05-31,False,False,False
381308,Salem Health West Valley,OR,HSI00000947,74178977.0,92215444.0,1,365,2024-07-01..2025-06-30,False,False,False
380051,Salem Hospital,OR,HSI00000947,842803169.0,991625264.0,1,365,2024-07-01..2025-06-30,False,False,False
171349,Cloud County Health Center,KS,HSI00000948,22545062.0,22689649.0,1,366,2023-10-01..2024-09-30,False,False,False
171358,Lindsborg Community Hospital,KS,HSI00000948,14300947.0,13684035.0,1,366,2023-10-01..2024-09-30,False,False,False
170012,Salina Regional Health Center,KS,HSI00000948,243132189.0,292899430.0,1,366,2023-10-01..2024-09-30,False,False,False
380014,Good Samaritan Hospital Corvallis,OR,HSI00000951,499481739.0,526179241.0,1,366,2024-01-01..2024-12-31,False,False,False
381302,North Lincoln Hospital,OR,HSI00000951,89436249.0,91771425.0,1,366,2024-01-01..2024-12-31,False,False,False
380022,Samaritan Albany General Hospital,OR,HSI00000951,231250758.0,232290349.0,1,366,2024-01-01..2024-12-31,False,False,False
381323,Samaritan Lebanon Comm Hospital,OR,HSI00000951,170165139.0,178384585.0,1,366,2024-01-01..2024-12-31,False,False,False
381314,Samaritan Pacific Comm Hospital,OR,HSI00000951,144051444.0,142168383.0,1,366,2024-01-01..2024-12-31,False,False,False
331307,Clifton-Fine Hospital,NY,HSI00000952,9426983.0,6362634.0,1,316,2024-01-01..2024-11-11,True,False,False
330157,Samaritan Medical Center,NY,HSI00000952,313954723.0,343083222.0,1,366,2024-01-01..2024-12-31,False,False,False
050099,San Antonio Regional Hospital,CA,HSI00000954,432252320.0,480255275.0,1,366,2024-01-01..2024-12-31,False,False,False
320005,San Juan Regional Medical Center,NM,HSI00000956,346932388.0,367938584.0,1,365,2024-07-01..2025-06-30,False,False,False
431309,Community Memorial Hospital,SD,HSI00000958,6764648.0,7373212.0,1,366,2024-01-01..2024-12-31,False,False,False
431339,Coteau Des Prairies,SD,HSI00000958,19321979.0,21220774.0,1,366,2024-01-01..2024-12-31,False,False,False
437067,Coteau Des Prairies Health Care System Hospital,SD,HSI00000958,,,,,,,False,False
271334,Logan Health Chester,MT,HSI00000958,,9084899.0,1,366,2024-01-01..2024-12-31,False,False,False
241300,Mahnomen Health Center,MN,HSI00000958,12058180.0,13760557.0,1,121,2024-01-01..2024-04-30,True,False,False
243850,Mahnomen Health Center,MN,HSI00000958,,,,,,,False,False
241319,Murray County Memorial Hospital,MN,HSI00000958,16981392.0,17774836.0,1,366,2024-01-01..2024-12-31,False,False,False
351312,Northwood Deaconess Health Center,ND,HSI00000958,13750952.0,13713381.0,1,366,2024-01-01..2024-12-31,False,False,False
161360,Orange City Municipal Hospital,IA,HSI00000958,61558409.0,57032212.0,1,365,2024-07-01..2025-06-30,False,False,False
241342,Ortonville Area Health Services,MN,HSI00000958,35283590.0,38005283.0,1,366,2023-10-01..2024-09-30,False,False,False
241373,Perham Health,MN,HSI00000958,73047971.0,78473706.0,1,366,2023-10-01..2024-09-30,False,False,False
248060,Perham Hospital District,MN,HSI00000958,,,,,,,False,False
431328,Pioneer Memorial Hospital And Health,SD,HSI00000958,12788163.0,12889343.0,1,366,2024-01-01..2024-12-31,False,False,False
430097,Sanford Aberdeen Medical Center,SD,HSI00000958,66330738.0,77474838.0,1,366,2024-01-01..2024-12-31,False,False,False
241328,Sanford Bagley Medical Center,MN,HSI00000958,16576871.0,16642022.0,1,366,2024-01-01..2024-12-31,False,False,False
240100,Sanford Bemidji,MN,HSI00000958,343929006.0,374272968.0,1,366,2024-01-01..2024-12-31,False,False,False
350015,Sanford Bismarck,ND,HSI00000958,717295273.0,935711988.0,1,366,2024-01-01..2024-12-31,False,False,False
247160,Sanford Canby Medical Center,MN,HSI00000958,,,,,,,False,False
431329,Sanford Chamberlain Medical Center,SD,HSI00000958,25496961.0,27809666.0,1,366,2024-01-01..2024-12-31,False,False,False
351329,Sanford Hillsboro,ND,HSI00000958,14129175.0,14997037.0,1,366,2024-01-01..2024-12-31,False,False,False
241347,Sanford Hospital Canby,MN,HSI00000958,26442965.0,28472663.0,1,366,2024-01-01..2024-12-31,False,False,False
241371,Sanford Hospital Luverne,MN,HSI00000958,30693883.0,33578348.0,1,366,2024-01-01..2024-12-31,False,False,False
241303,Sanford Hospital Tracy,MN,HSI00000958,13135532.0,13117453.0,1,366,2024-01-01..2024-12-31,False,False,False
431311,Sanford Hospital Webster,SD,HSI00000958,11354902.0,12210507.0,1,366,2024-01-01..2024-12-31,False,False,False
351309,Sanford Mayville,ND,HSI00000958,13087921.0,13896050.0,1,366,2024-01-01..2024-12-31,False,False,False
350011,Sanford Medical Center - Fargo,ND,HSI00000958,1585070733.0,1638235137.0,1,366,2024-01-01..2024-12-31,False,False,False
431333,Sanford Medical Center Canton,SD,HSI00000958,14041701.0,15549580.0,1,366,2024-01-01..2024-12-31,False,False,False
431307,Sanford Medical Center Clear Lake,SD,HSI00000958,7823972.0,7975624.0,1,366,2024-01-01..2024-12-31,False,False,False
241315,Sanford Medical Center Jackson,MN,HSI00000958,15197788.0,16436755.0,1,366,2024-01-01..2024-12-31,False,False,False
161381,Sanford Medical Center Sheldon,IA,HSI00000958,34433377.0,43260589.0,1,366,2024-01-01..2024-12-31,False,False,False
431336,Sanford Medical Center Vermillion,SD,HSI00000958,33690674.0,36249128.0,1,366,2024-01-01..2024-12-31,False,False,False
241302,Sanford Medical Center Westbrook,MN,HSI00000958,9757084.0,10181280.0,1,366,2024-01-01..2024-12-31,False,False,False
241304,Sanford Medical Center Wheaton,MN,HSI00000958,10572358.0,11403596.0,1,366,2024-01-01..2024-12-31,False,False,False
240022,Sanford Regional Hospital Worthingto,MN,HSI00000958,62499153.0,64856317.0,1,366,2024-01-01..2024-12-31,False,False,False
241381,Sanford Thief River Falls,MN,HSI00000958,71542743.0,75753370.0,1,366,2024-01-01..2024-12-31,False,False,False
430027,Sanford Usd Medical Center,SD,HSI00000958,1214038716.0,1459758944.0,1,366,2024-01-01..2024-12-31,False,False,False
351330,West River Regional Medical Center,ND,HSI00000958,24394103.0,29629649.0,1,365,2024-04-01..2025-03-31,False,False,False
241332,Windom Area Hospital,MN,HSI00000958,25720090.0,32755631.0,1,365,2024-05-01..2025-04-30,False,False,False
431334,Winner Regional Healthcare Center,SD,HSI00000958,27417725.0,24699615.0,1,366,2024-01-01..2024-12-31,False,False,False
437009,Winner Regional Healthcare Center,SD,HSI00000958,,,,,,,False,False
140189,Sarah Bush Lincoln Health Center,IL,HSI00000961,448598616.0,638082021.0,1,365,2024-07-01..2025-06-30,False,False,False
050424,Scripps Green Hospital,CA,HSI00000968,447649990.0,468378810.0,1,366,2023-10-01..2024-09-30,False,False,False
050324,Scripps Memorial Hospital - La Jolla,CA,HSI00000968,953920662.0,1111570105.0,1,366,2023-10-01..2024-09-30,False,False,False
050503,Scripps Memorial Hospital-Encinitas,CA,HSI00000968,424240788.0,479358284.0,1,366,2023-10-01..2024-09-30,False,False,False
050077,Scripps Mercy Hospital,CA,HSI00000968,913460573.0,1067260809.0,1,366,2023-10-01..2024-09-30,False,False,False
050270,Scripps Mercy Hospital Chula Vista,CA,HSI00000968,,,,,,,False,False
503300,Seattle Childrens Hospital,WA,HSI00000969,1907462611.0,2102552387.0,1,366,2023-10-01..2024-09-30,False,False,False
490013,Halifax Regional Hospital,VA,HSI00000972,102425041.0,100843716.0,1,366,2024-01-01..2024-12-31,False,False,False
340109,Sentara Albemarle Regl Med Ctr Llc,NC,HSI00000972,166223403.0,193491979.0,1,366,2024-01-01..2024-12-31,False,False,False
490093,Sentara Careplex Hospital,VA,HSI00000972,328872887.0,372532456.0,1,366,2024-01-01..2024-12-31,False,False,False
490046,Sentara Leigh Hospital,VA,HSI00000972,597122000.0,656549235.0,1,366,2024-01-01..2024-12-31,False,False,False
490077,Sentara Martha Jefferson Hospital,VA,HSI00000972,269607135.0,396591818.0,1,366,2024-01-01..2024-12-31,False,False,False
490007,Sentara Norfolk General Hospital,VA,HSI00000972,1662604822.0,1824704715.0,1,366,2024-01-01..2024-12-31,False,False,False
490113,Sentara Northern Virginia Med Ctr,VA,HSI00000972,310534181.0,322818257.0,1,366,2024-01-01..2024-12-31,False,False,False
490044,Sentara Obici Hospital,VA,HSI00000972,361111000.0,395794631.0,1,366,2024-01-01..2024-12-31,False,False,False
490119,Sentara Princess Anne Hospital,VA,HSI00000972,402273592.0,453181870.0,1,366,2024-01-01..2024-12-31,False,False,False
490004,Sentara Rmh Medical Center,VA,HSI00000972,424287570.0,558141148.0,1,366,2024-01-01..2024-12-31,False,False,False
490057,Sentara Va. Beach General Hospital,VA,HSI00000972,478391000.0,507003948.0,1,366,2024-01-01..2024-12-31,False,False,False
490066,Sentara Williamsburg Regional Medica,VA,HSI00000972,217006484.0,224940151.0,1,366,2024-01-01..2024-12-31,False,False,False
450571,Shannon Medical Center,TX,HSI00000975,642627750.0,731698164.0,1,366,2023-10-01..2024-09-30,False,False,False
450340,Shannon Medical Center South,TX,HSI00000975,,,,,,,False,False
050026,Grossmont Hospital,CA,HSI00000977,908884305.0,995073006.0,1,366,2023-10-01..2024-09-30,False,False,False
050222,Sharp Chula Vista Medical Center,CA,HSI00000977,563007873.0,628449038.0,1,366,2023-10-01..2024-09-30,False,False,False
050234,Sharp Coronado Hospital,CA,HSI00000977,156927778.0,176360729.0,1,366,2023-10-01..2024-09-30,False,False,False
050722,Sharp Mary Birch Hospital For Women And Newborns,CA,HSI00000977,,,,,,,False,False
050100,Sharp Memorial Hospital,CA,HSI00000977,1444724729.0,1515882397.0,1,366,2023-10-01..2024-09-30,False,False,False
453311,Shriners Hospital For Children,TX,HSI00000981,,,,,,,False,False
053311,Shriners Hospital For Children North,CA,HSI00000981,,,,,,,False,False
223304,The Shriners Hospital For Children,MA,HSI00000981,,,,,,,False,False
220052,Brockton Hospital  Inc.,MA,HSI00000984,181258800.0,147403827.0,1,366,2023-10-01..2024-09-30,False,False,False
140213,Silver Cross Hospital,IL,HSI00000985,514107827.0,541651153.0,1,366,2023-10-01..2024-09-30,False,False,False
140133,Holy Cross Hospital,IL,HSI00000987,90435789.0,114708120.0,1,365,2024-07-01..2025-06-30,False,False,False
140018,Mount Sinai Hospital Medical Center,IL,HSI00000987,346253562.0,253715378.0,1,365,2024-07-01..2025-06-30,False,False,False
147072,Sinai Childrens Hospital,IL,HSI00000987,,,,,,,False,False
380050,Sky Lakes Medical Center,OR,HSI00000994,288377272.0,308107327.0,1,366,2023-10-01..2024-09-30,False,False,False
410008,South County Hospital,RI,HSI00000998,224831385.0,229888317.0,1,366,2023-10-01..2024-09-30,False,False,False
220100,South Shore Hospital,MA,HSI00001002,760941643.0,813185414.0,1,366,2023-10-01..2024-09-30,False,False,False
021314,Mt Edgecumbe Hospital,AK,HSI00001003,,,,,,,False,False
021304,Petersburg Medical Center,AK,HSI00001003,19518522.0,26863987.0,1,365,2024-07-01..2025-06-30,False,False,False
027009,Petersburg Medical Center,AK,HSI00001003,,,,,,,False,False
021305,Wrangell Medical Center,AK,HSI00001003,14303710.0,19029272.0,1,366,2023-10-01..2024-09-30,False,False,False
220074,Southcoast Hospitals Group  Inc,MA,HSI00001004,914238255.0,991882008.0,1,366,2023-10-01..2024-09-30,False,False,False
110025,Sghs - Brunswick Campus,GA,HSI00001006,313938601.0,365862715.0,1,365,2024-05-01..2025-04-30,False,False,False
110146,Sghs - Camden Campus,GA,HSI00001006,54930353.0,78498918.0,1,365,2024-05-01..2025-04-30,False,False,False
260110,Southeasthealth,MO,HSI00001007,313570003.0,319000981.0,1,366,2024-01-01..2024-12-31,False,False,False
260160,Southeasthealth Center Of Stoddard C,MO,HSI00001007,36526755.0,40180095.0,1,366,2024-01-01..2024-12-31,False,False,False
140210,Harrisburg Medical Center  Inc.,IL,HSI00001009,49288405.0,61754858.0,1,365,2024-04-01..2025-03-31,False,False,False
140011,Herrin Hospital,IL,HSI00001009,198415005.0,200579123.0,1,365,2024-04-01..2025-03-31,False,False,False
140164,Memorial Hospital Of Carbondale,IL,HSI00001009,357202645.0,393571298.0,1,365,2024-04-01..2025-03-31,False,False,False
141334,Saint Joseph Memorial Hospital,IL,HSI00001009,86011708.0,89498870.0,1,365,2024-04-01..2025-03-31,False,False,False
230089,Beaumont Health - Grosse Pointe,MI,HSI00001021,265655511.0,298728372.0,1,365,2024-07-01..2025-06-30,False,False,False
230176,Beaumont Health - Trenton,MI,HSI00001021,204490904.0,220367160.0,1,365,2024-07-01..2025-06-30,False,False,False
230142,Beaumont Health Wayne,MI,HSI00001021,180662495.0,201016249.0,1,365,2024-07-01..2025-06-30,False,False,False
230270,Beaumont Hospital - Taylor,MI,HSI00001021,184271228.0,191889317.0,1,365,2024-07-01..2025-06-30,False,False,False
231338,Corewell Health Gerber,MI,HSI00001021,121613848.0,138082484.0,1,366,2024-01-01..2024-12-31,False,False,False
238636,Corewell Health Gerber Memorial,MI,HSI00001021,,,,,,,False,False
230038,Corewell Health Grand Rapids Hospita,MI,HSI00001021,2751030769.0,3150457879.0,1,366,2024-01-01..2024-12-31,False,False,False
230035,Corewell Health Greenville Hospital,MI,HSI00001021,141501948.0,156885117.0,1,366,2024-01-01..2024-12-31,False,False,False
231339,Corewell Health Pennock Hospital,MI,HSI00001021,108317821.0,117938494.0,1,366,2024-01-01..2024-12-31,False,False,False
231323,Corewell Health Reed City,MI,HSI00001021,79148298.0,92496388.0,1,366,2024-01-01..2024-12-31,False,False,False
230130,Corewell Health Wm. Beaumont Univ,MI,HSI00001021,1572236966.0,1704655249.0,1,366,2024-01-01..2024-12-31,False,False,False
230020,Corewell Health- Dearborn,MI,HSI00001021,702713153.0,744193294.0,1,366,2024-01-01..2024-12-31,False,False,False
230151,Corewell Health- Farmington Hills,MI,HSI00001021,480292301.0,484520438.0,1,366,2024-01-01..2024-12-31,False,False,False
230269,Corewell Health- Troy,MI,HSI00001021,777745716.0,825471340.0,1,366,2024-01-01..2024-12-31,False,False,False
230078,Lakeland Community Hosp Watervliet,MI,HSI00001021,49713202.0,51956623.0,1,365,2024-07-01..2025-06-30,False,False,False
230021,Lakeland Medical Center  St. Joseph,MI,HSI00001021,488226101.0,560266192.0,1,365,2024-07-01..2025-06-30,False,False,False
230093,Spectrum Health Big Rapids,MI,HSI00001021,87496567.0,109005874.0,1,365,2024-07-01..2025-06-30,False,False,False
230110,Spectrum Health Ludington,MI,HSI00001021,110084711.0,132316323.0,1,365,2024-07-01..2025-06-30,False,False,False
238700,Spectrum Health Pennock,MI,HSI00001021,,,,,,,False,False
238504,Spectrum Health Reed City Campus,MI,HSI00001021,,,,,,,False,False
230003,Spectrum Health Zeeland,MI,HSI00001021,99990315.0,119643314.0,1,365,2024-07-01..2025-06-30,False,False,False
232029,Ssh - Spectrum Health,MI,HSI00001021,21619045.0,26416897.0,1,365,2024-07-01..2025-06-30,False,False,False
070006,The Stamford Hospital,CT,HSI00001032,834454616.0,1139653419.0,1,366,2023-10-01..2024-09-30,False,False,False
053305,Lucile Packard Childrens Hospital,CA,HSI00001033,2392709163.0,,,,,,False,False
050441,Stanford Health Care,CA,HSI00001033,6761246237.0,,,,,,False,False
050283,Stanford Health Care Tri-Valley,CA,HSI00001033,467587263.0,,,,,,False,False
170074,Stormont Vail Health - Flint Hills Campus,KS,HSI00001039,,38375454.0,1,366,2023-10-01..2024-09-30,False,False,False
170086,Stormont-Vail Regional Health Center,KS,HSI00001039,884186805.0,940595665.0,1,366,2023-10-01..2024-09-30,False,False,False
220008,Sturdy Memorial Hospital,MA,HSI00001041,232151289.0,245852443.0,1,366,2023-10-01..2024-09-30,False,False,False
360020,Summa Health System,OH,HSI00001043,1004687667.0,1168526284.0,1,366,2024-01-01..2024-12-31,False,False,False
360019,Summa Health System Barberton,OH,HSI00001043,,,,,,,False,False
050305,Alta Bates Medical Center,CA,HSI00001050,717328953.0,762358402.0,1,366,2024-01-01..2024-12-31,False,False,False
050047,California Pacific Medical Center,CA,HSI00001050,1074575593.0,1142509105.0,1,366,2024-01-01..2024-12-31,False,False,False
050055,Cpmc - Mission Bernal Campus,CA,HSI00001050,192561223.0,191790176.0,1,366,2024-01-01..2024-12-31,False,False,False
050008,Cpmc-R.K. Davies Medical Center,CA,HSI00001050,255977962.0,273316232.0,1,366,2024-01-01..2024-12-31,False,False,False
050488,Eden Medical Center,CA,HSI00001050,406537654.0,465663824.0,1,366,2024-01-01..2024-12-31,False,False,False
050528,Memorial Hospital - Los Banos,CA,HSI00001050,109806844.0,130586520.0,1,366,2024-01-01..2024-12-31,False,False,False
050557,Memorial Hospital Modesto,CA,HSI00001050,830264148.0,952527381.0,1,366,2024-01-01..2024-12-31,False,False,False
050007,Mills Peninsula Medical Center,CA,HSI00001050,774094847.0,893806603.0,1,366,2024-01-01..2024-12-31,False,False,False
050131,Novato Community Hospital,CA,HSI00001050,101593746.0,114601915.0,1,366,2024-01-01..2024-12-31,False,False,False
050043,Summit Medical Center,CA,HSI00001050,550627543.0,597252143.0,1,366,2024-01-01..2024-12-31,False,False,False
050014,Sutter Amador Hospital,CA,HSI00001050,106099441.0,110315929.0,1,366,2024-01-01..2024-12-31,False,False,False
050498,Sutter Auburn Faith Hospital,CA,HSI00001050,173921879.0,175773694.0,1,366,2024-01-01..2024-12-31,False,False,False
050417,Sutter Coast Hospital,CA,HSI00001050,107955637.0,121082528.0,1,366,2024-01-01..2024-12-31,False,False,False
050537,Sutter Davis Hospital,CA,HSI00001050,188718411.0,205973089.0,1,366,2024-01-01..2024-12-31,False,False,False
050523,Sutter Delta Medical Center,CA,HSI00001050,216226207.0,257010600.0,1,366,2024-01-01..2024-12-31,False,False,False
051329,Sutter Lakeside Hospital,CA,HSI00001050,108116460.0,120378797.0,1,366,2024-01-01..2024-12-31,False,False,False
050714,Sutter Maternity & Surgery Center,CA,HSI00001050,90851175.0,92861979.0,1,366,2024-01-01..2024-12-31,False,False,False
050108,Sutter Medical Center - Sacramento,CA,HSI00001050,1359080045.0,1821718680.0,1,366,2024-01-01..2024-12-31,False,False,False
050309,Sutter Roseville Medical Center,CA,HSI00001050,1069960048.0,1143791419.0,1,366,2024-01-01..2024-12-31,False,False,False
050291,Sutter Santa Rosa Regional Hospital,CA,HSI00001050,442458393.0,491978010.0,1,366,2024-01-01..2024-12-31,False,False,False
050101,Sutter Solano Medical Center,CA,HSI00001050,166137186.0,181983209.0,1,366,2024-01-01..2024-12-31,False,False,False
050313,Sutter Tracy Community Hospital,CA,HSI00001050,184995232.0,220121442.0,1,366,2024-01-01..2024-12-31,False,False,False
180017,T.J. Samson Community Hospital,KY,HSI00001053,220535675.0,247761331.0,1,366,2023-10-01..2024-09-30,False,False,False
180149,Tj Health Columbia,KY,HSI00001053,17485071.0,20226566.0,1,366,2023-10-01..2024-09-30,False,False,False
031301,Benson Hospital,AZ,HSI00001055,23321871.0,23664413.0,1,366,2024-01-01..2024-12-31,False,False,False
031302,Northern Cochise Community Hospital,AZ,HSI00001055,18076513.0,22195297.0,1,366,2024-01-01..2024-12-31,False,False,False
030006,Tucson Medical Center,AZ,HSI00001055,801018629.0,907776352.0,1,366,2024-01-01..2024-12-31,False,False,False
100106,Doctors Memorial,FL,HSI00001060,18358734.0,,,,,,False,False
101305,George E. Weems Memorial Hospital,FL,HSI00001060,7835836.0,9607503.0,1,366,2023-10-01..2024-09-30,False,False,False
100135,Tallahassee Memorial Hospital,FL,HSI00001060,885121325.0,982853724.0,1,366,2023-10-01..2024-09-30,False,False,False
111320,Higgins General Hospital,GA,HSI00001061,41240935.0,49978690.0,1,365,2024-07-01..2025-06-30,False,False,False
110011,Tanner Medical Center,GA,HSI00001061,307453015.0,391931908.0,1,365,2024-07-01..2025-06-30,False,False,False
011306,Tanner Medical Center Alabama  Inc.,AL,HSI00001061,15032450.0,11531398.0,1,365,2024-07-01..2025-06-30,False,False,False
110015,Tanner Medical Center-Villa Rica,GA,HSI00001061,289835590.0,321136102.0,1,365,2024-07-01..2025-06-30,False,False,False
390026,Chestnut Hill Hospital,PA,HSI00001065,137234821.0,178061021.0,1,365,2024-07-01..2025-06-30,False,False,False
390027,Temple University Hospital,PA,HSI00001065,1985606872.0,2570857747.0,1,365,2024-07-01..2025-06-30,False,False,False
390080,Temple University Hospital Jeanes Campus,PA,HSI00001065,,,,,,,False,False
453304,Texas Childrens Hospital,TX,HSI00001069,2842123139.0,3037599156.0,1,366,2023-10-01..2024-09-30,False,False,False
670068,Presbyterian Hosp Flower Mound,TX,HSI00001072,215024171.0,228133171.0,1,366,2024-01-01..2024-12-31,False,False,False
670044,Presbyterian Hospital Of Rockwall,TX,HSI00001072,130833882.0,165725131.0,1,366,2024-01-01..2024-12-31,False,False,False
450891,Presbyterian Plano Center Diag Srvcs,TX,HSI00001072,89290040.0,82458865.0,1,366,2024-01-01..2024-12-31,False,False,False
670085,Texas Health Alliance,TX,HSI00001072,188967169.0,224776402.0,1,365,2024-07-01..2025-06-30,False,False,False
450064,Texas Health Arlington Memorial Hosp,TX,HSI00001072,304572335.0,325799001.0,1,366,2024-01-01..2024-12-31,False,False,False
450148,Texas Health Cleburne,TX,HSI00001072,80119120.0,84697281.0,1,366,2023-10-01..2024-09-30,False,False,False
450462,Texas Health Dallas,TX,HSI00001072,737728658.0,816375440.0,1,366,2024-01-01..2024-12-31,False,False,False
450743,Texas Health Denton,TX,HSI00001072,267716440.0,306343014.0,1,365,2024-05-01..2025-04-30,False,False,False
450639,Texas Health H-E-B,TX,HSI00001072,317768020.0,350799368.0,1,366,2023-10-01..2024-09-30,False,False,False
450351,Texas Health Harris Methodist Stephe,TX,HSI00001072,61065047.0,72895239.0,1,366,2023-10-01..2024-09-30,False,False,False
450840,Texas Health Hospital Allen,TX,HSI00001072,135412130.0,135906064.0,1,366,2024-01-01..2024-12-31,False,False,False
670260,Texas Health Hospital Frisco,TX,HSI00001072,167820844.0,188757302.0,1,366,2024-01-01..2024-12-31,False,False,False
670309,Texas Health Hospital Mansfield,TX,HSI00001072,72872321.0,82732510.0,1,366,2024-01-01..2024-12-31,False,False,False
450292,Texas Health Kaufman,TX,HSI00001072,44837284.0,56041052.0,1,366,2024-01-01..2024-12-31,False,False,False
450771,Texas Health Presbyterian Hospital P,TX,HSI00001072,547230686.0,565132942.0,1,366,2024-01-01..2024-12-31,False,False,False
450779,Texas Health Southwest,TX,HSI00001072,387704256.0,393984956.0,1,366,2023-10-01..2024-09-30,False,False,False
450419,Tx Hlth Harris Methodist Azle,TX,HSI00001072,51365241.0,54507092.0,1,366,2023-10-01..2024-09-30,False,False,False
450135,Tx Hlth Harris Methodist Hospital,TX,HSI00001072,1159254260.0,1229186876.0,1,366,2023-10-01..2024-09-30,False,False,False
140127,Carle  Bromenn Medical Center,IL,HSI00001074,243241634.0,259816952.0,1,366,2024-01-01..2024-12-31,False,False,False
141309,Carle Eureka Hospital,IL,HSI00001074,24783234.0,30973843.0,1,366,2024-01-01..2024-12-31,False,False,False
140091,Carle Foundation Hospital,IL,HSI00001074,1394439448.0,1473417919.0,1,366,2024-01-01..2024-12-31,False,False,False
141316,Hoopeston Community Memorial Hospita,IL,HSI00001074,71486642.0,76840044.0,1,366,2024-01-01..2024-12-31,False,False,False
140209,Methodist Medical Ctr Of Illinois,IL,HSI00001074,495615226.0,453912268.0,1,366,2024-01-01..2024-12-31,False,False,False
140120,Pekin Memorial Hospital,IL,HSI00001074,54156694.0,62277164.0,1,366,2024-01-01..2024-12-31,False,False,False
140013,Proctor Hospital,IL,HSI00001074,133857977.0,169020635.0,1,366,2024-01-01..2024-12-31,False,False,False
140147,Richland Memorial Hospital,IL,HSI00001074,68103414.0,70207046.0,1,170,2024-01-01..2024-06-18,True,False,False
393303,The Childrens Hospital Of Philadelp,PA,HSI00001075,2695079245.0,3365657963.0,1,365,2024-07-01..2025-06-30,False,False,False
263302,Childrens Mercy Hospital,MO,HSI00001076,1441430849.0,1572516769.0,1,365,2024-07-01..2025-06-30,False,False,False
173300,Childrens Mercy Hospital Kansas,KS,HSI00001076,108452289.0,154317986.0,1,365,2024-07-01..2025-06-30,False,False,False
360163,The Christ Hospital,OH,HSI00001077,920961957.0,1065393631.0,1,365,2024-07-01..2025-06-30,False,False,False
360027,Akron General Medical Center,OH,HSI00001078,828193183.0,872533750.0,1,366,2024-01-01..2024-12-31,False,False,False
360125,Ashtabula County Medical Center,OH,HSI00001078,150918586.0,155022939.0,1,366,2024-01-01..2024-12-31,False,False,False
100289,Ccf Hospital - Weston,FL,HSI00001078,587767956.0,756089430.0,1,366,2024-01-01..2024-12-31,False,False,False
360070,Ccf Mercy Medical Center,OH,HSI00001078,354142786.0,428121407.0,1,366,2024-01-01..2024-12-31,False,False,False
360364,Cleveland Clinic Avon Hospital,OH,HSI00001078,199552493.0,209151250.0,1,366,2024-01-01..2024-12-31,False,False,False
109811,Cleveland Clinic Florida Weston Hospital,FL,HSI00001078,,,,,,,False,False
360180,Cleveland Clinic Hospital,OH,HSI00001078,6960527823.0,7406235527.0,1,366,2024-01-01..2024-12-31,False,False,False
360082,Euclid Hospital,OH,HSI00001078,103149516.0,96532029.0,1,366,2024-01-01..2024-12-31,False,False,False
360077,Fairview Hospital,OH,HSI00001078,670912183.0,721428584.0,1,366,2024-01-01..2024-12-31,False,False,False
360230,Hillcrest Hospital,OH,HSI00001078,633400827.0,716793270.0,1,366,2024-01-01..2024-12-31,False,False,False
100105,Indian River Memorial Hospita.L,FL,HSI00001078,372193860.0,437207991.0,1,366,2024-01-01..2024-12-31,False,False,False
361303,Lodi Community Hospital,OH,HSI00001078,38845764.0,43973462.0,1,366,2024-01-01..2024-12-31,False,False,False
360087,Lutheran Hospital,OH,HSI00001078,159381336.0,166780938.0,1,366,2024-01-01..2024-12-31,False,False,False
100044,Martin Medical Center,FL,HSI00001078,631579196.0,644243270.0,1,366,2024-01-01..2024-12-31,False,False,False
360143,Marymount Hospital,OH,HSI00001078,184782869.0,198717243.0,1,366,2024-01-01..2024-12-31,False,False,False
360091,Medina Hospital,OH,HSI00001078,183214655.0,194935677.0,1,366,2024-01-01..2024-12-31,False,False,False
360144,South Pointe Hospital,OH,HSI00001078,142861046.0,154754003.0,1,366,2024-01-01..2024-12-31,False,False,False
360010,Union Hospital Association,OH,HSI00001078,111887285.0,140956404.0,1,366,2024-01-01..2024-12-31,False,False,False
310014,Cooper University Hospital,NJ,HSI00001079,1608952000.0,1759165369.0,1,366,2024-01-01..2024-12-31,False,False,False
450709,Houston Methodist St. John Hospital,TX,HSI00001081,303043319.0,345899665.0,1,366,2024-01-01..2024-12-31,False,False,False
670122,Houston Methodist The Woodlands,TX,HSI00001081,623265311.0,714131847.0,1,366,2024-01-01..2024-12-31,False,False,False
450820,Methodist Sugar Land Hospital,TX,HSI00001081,762351007.0,839838778.0,1,366,2024-01-01..2024-12-31,False,False,False
670077,Methodist West Houston Hospital,TX,HSI00001081,584045324.0,668725931.0,1,366,2024-01-01..2024-12-31,False,False,False
450844,Methodist Willowbrook Hospital,TX,HSI00001081,730194376.0,783530957.0,1,366,2024-01-01..2024-12-31,False,False,False
450424,San Jacinto Methodist Hospital,TX,HSI00001081,430615413.0,494048472.0,1,366,2024-01-01..2024-12-31,False,False,False
450358,The Methodist Hospital,TX,HSI00001081,2848150001.0,3092268315.0,1,366,2024-01-01..2024-12-31,False,False,False
150002,Methodist Hospitals  Inc,IN,HSI00001082,404760024.0,415917512.0,1,366,2024-01-01..2024-12-31,False,False,False
150132,Methodist Hospitals Southlake Campus,IN,HSI00001082,,,,,,,False,False
140101,Morris Hospital,IL,HSI00001084,221501947.0,238107128.0,1,366,2024-01-01..2024-12-31,False,False,False
280132,Bellevue Medical Center,NE,HSI00001085,112783994.0,146375196.0,1,365,2024-04-01..2025-03-31,False,False,False
161366,Shenandoah Medical Center,IA,HSI00001085,52367115.0,59280432.0,1,366,2024-01-01..2024-12-31,False,False,False
280013,The Nebraska Medical Center,NE,HSI00001085,1423638488.0,1815880059.0,1,365,2024-07-01..2025-06-30,False,False,False
121303,Molokai General Hospital,HI,HSI00001087,19771524.0,23606325.0,1,365,2024-07-01..2025-06-30,False,False,False
120028,North Hawaii Community Hospital,HI,HSI00001087,93827948.0,109521896.0,1,365,2024-07-01..2025-06-30,False,False,False
127019,Queens North Hawaii Community Hospital,HI,HSI00001087,,,,,,,False,False
120001,The Queens Medical Center,HI,HSI00001087,1424914554.0,1643731631.0,1,365,2024-07-01..2025-06-30,False,False,False
140191,Ingalls Memorial Hospital,IL,HSI00001089,323660000.0,410860314.0,1,365,2024-07-01..2025-06-30,False,False,False
140088,University Of Chicago Hospitals,IL,HSI00001089,2402126465.0,2814616480.0,1,365,2024-07-01..2025-06-30,False,False,False
521303,Thedacare Med Ctr - Wild Rose,WI,HSI00001092,13928250.0,13872658.0,2,547,2024-01-01..2025-06-30,True,False,False
521346,Thedacare Medical Center - Shawano,WI,HSI00001092,91497995.0,109382094.0,2,547,2024-01-01..2025-06-30,True,False,False
521334,Thedacare Medical Center - Waupaca,WI,HSI00001092,55385963.0,59541206.0,2,547,2024-01-01..2025-06-30,True,False,False
521326,Thedacare Medical Center-New London,WI,HSI00001092,38188761.0,37774798.0,2,547,2024-01-01..2025-06-30,True,False,False
520045,Thedacare Regional Medical Center -,WI,HSI00001092,247263178.0,313737785.0,2,547,2024-01-01..2025-06-30,True,False,False
520160,Thedacare Regional Medical Center Ap,WI,HSI00001092,425330905.0,484366717.0,2,547,2024-01-01..2025-06-30,True,False,False
521355,Thedacare-Berlin,WI,HSI00001092,55769326.0,63940408.0,2,547,2024-01-01..2025-06-30,True,False,False
110101,Southwell Medical,GA,HSI00001097,53517856.0,47442081.0,1,365,2024-07-01..2025-06-30,False,False,False
110095,Tift Regional Medical Center,GA,HSI00001097,389156264.0,422446666.0,1,366,2023-10-01..2024-09-30,False,False,False
360179,Bethesda Hospital,OH,HSI00001104,829782853.0,965337802.0,1,365,2024-07-01..2025-06-30,False,False,False
360046,Mccullough-Hyde Memorial Hospital,OH,HSI00001104,48368072.0,58797363.0,1,365,2024-07-01..2025-06-30,False,False,False
161310,Adair County Memorial Hospital,IA,HSI00001106,15480730.0,16160831.0,1,365,2024-07-01..2025-06-30,False,False,False
100121,Bartow Regional Medical Center,FL,HSI00001106,102454589.0,125482188.0,1,366,2024-01-01..2024-12-31,False,False,False
100362,Baycare Hospital Wesley Chapel,FL,HSI00001106,,84704695.0,1,366,2024-01-01..2024-12-31,False,False,False
230259,Chelsea Hospital,MI,HSI00001106,187835695.0,210355857.0,1,365,2024-07-01..2025-06-30,False,False,False
161322,Dallas County Hospital,IA,HSI00001106,23535820.0,28894380.0,1,365,2024-07-01..2025-06-30,False,False,False
161327,Davis County Hospital,IA,HSI00001106,29202722.0,34453899.0,1,365,2024-07-01..2025-06-30,False,False,False
161340,Decatur County Hospital,IA,HSI00001106,22605588.0,26931590.0,1,365,2024-07-01..2025-06-30,False,False,False
360358,Diley Ridge Medical Center,OH,HSI00001106,25960481.0,27357545.0,1,365,2024-07-01..2025-06-30,False,False,False
161308,Franklin General Hospital,IA,HSI00001106,23883956.0,29579752.0,1,365,2024-07-01..2025-06-30,False,False,False
141304,Genesis Medical Center - Aledo,IL,HSI00001106,18925704.0,17812610.0,1,365,2024-07-01..2025-06-30,False,False,False
160033,Genesis Medical Center - Davenport,IA,HSI00001106,391869872.0,495121236.0,1,365,2024-07-01..2025-06-30,False,False,False
161313,Genesis Medical Center - Dewitt,IA,HSI00001106,23028390.0,34299283.0,1,365,2024-07-01..2025-06-30,False,False,False
140275,Genesis Medical Center - Silvis,IL,HSI00001106,100843974.0,88906265.0,1,365,2024-07-01..2025-06-30,False,False,False
140008,Gottlieb Memorial Hospital,IL,HSI00001106,134603474.0,144516936.0,1,365,2024-07-01..2025-06-30,False,False,False
161312,Guttenberg Municipal Hospital,IA,HSI00001106,23513603.0,28410426.0,1,365,2024-07-01..2025-06-30,False,False,False
161307,Hancock County Health System,IA,HSI00001106,26254445.0,31795008.0,1,365,2024-07-01..2025-06-30,False,False,False
161380,Hansen Family Hospital,IA,HSI00001106,32093751.0,39002409.0,1,365,2024-07-01..2025-06-30,False,False,False
161311,Hawarden Regional Healthcare,IA,HSI00001106,16394689.0,21577463.0,1,365,2024-07-01..2025-06-30,False,False,False
210065,Holy Cross Germantown Hospital,MD,HSI00001106,127151229.0,154582539.0,1,365,2024-07-01..2025-06-30,False,False,False
210004,Holy Cross Hospital,MD,HSI00001106,516024508.0,579701251.0,1,365,2024-07-01..2025-06-30,False,False,False
100073,Holy Cross Hospital,FL,HSI00001106,566317304.0,686138752.0,1,365,2024-07-01..2025-06-30,False,False,False
161329,Jackson County Public Hospital,IA,HSI00001106,22377090.0,31173225.0,1,365,2024-07-01..2025-06-30,False,False,False
070008,Johnson Memorial Hospital  Inc.,CT,HSI00001106,58335233.0,71104701.0,1,366,2023-10-01..2024-09-30,False,False,False
161355,Knoxville Community Hospital Inc,IA,HSI00001106,44177704.0,57226214.0,1,365,2024-07-01..2025-06-30,False,False,False
161353,Kossuth Regional Health Center,IA,HSI00001106,38188431.0,45470613.0,1,365,2024-07-01..2025-06-30,False,False,False
140276,Loyola University Medical Center,IL,HSI00001106,1403088609.0,1445664835.0,1,365,2024-07-01..2025-06-30,False,False,False
231306,Mackinac Straits Health System  Inc,MI,HSI00001106,62246465.0,78004260.0,1,365,2024-04-01..2025-03-31,False,False,False
233979,Mackinac Straits Hospital,MI,HSI00001106,,,,,,,False,False
140054,Macneal Hospital,IL,HSI00001106,347200511.0,433616225.0,1,365,2024-07-01..2025-06-30,False,False,False
161326,Madison County Memorial Hospital,IA,HSI00001106,25618858.0,34477002.0,1,365,2024-07-01..2025-06-30,False,False,False
161332,Manning Regional Healthcare Center,IA,HSI00001106,17369733.0,22934436.0,1,365,2024-07-01..2025-06-30,False,False,False
100043,Mease Hospital And Clinic,FL,HSI00001106,118024100.0,128447375.0,1,366,2024-01-01..2024-12-31,False,False,False
100265,Mease Hospital Countryside,FL,HSI00001106,441004544.0,495925304.0,1,366,2024-01-01..2024-12-31,False,False,False
390156,Mercy Catholic Medical Center,PA,HSI00001106,190127081.0,208774893.0,1,365,2024-07-01..2025-06-30,False,False,False
160029,Mercy Hospital Iowa City,IA,HSI00001106,144589824.0,144919263.0,2,517,2024-01-31..2025-06-30,True,False,False
161331,Mercy Medical Center - New Hampton,IA,HSI00001106,19670792.0,23191316.0,1,365,2024-07-01..2025-06-30,False,False,False
161377,Mercy Medical Center-Centerville,IA,HSI00001106,40415609.0,44080284.0,1,365,2024-07-01..2025-06-30,False,False,False
160083,Mercy Medical Center-Des Moines,IA,HSI00001106,635751815.0,992800012.0,1,365,2024-07-01..2025-06-30,False,False,False
160032,Mercyone - Newton Medical Center,IA,HSI00001106,34546252.0,30858814.0,1,365,2024-07-01..2025-06-30,False,False,False
160040,Mercyone Cedar Falls Medical Center,IA,HSI00001106,35790807.0,43240727.0,1,365,2024-07-01..2025-06-30,False,False,False
160080,Mercyone Clinton Medical Center,IA,HSI00001106,116077063.0,110686898.0,1,365,2024-07-01..2025-06-30,False,False,False
160069,Mercyone Dubuque Medical Center,IA,HSI00001106,152742128.0,169941430.0,1,365,2024-07-01..2025-06-30,False,False,False
161378,Mercyone Dyersville Medical Center,IA,HSI00001106,6488927.0,8585337.0,1,365,2024-07-01..2025-06-30,False,False,False
161319,Mercyone Elkader Medical Center,IA,HSI00001106,12333275.0,,,,,,False,False
160064,Mercyone North Iowa Medical Center,IA,HSI00001106,390344156.0,429463179.0,1,365,2024-07-01..2025-06-30,False,False,False
161338,Mercyone Oelwein Medical Center,IA,HSI00001106,13809728.0,19412010.0,1,365,2024-07-01..2025-06-30,False,False,False
161300,Mercyone Primghar Medical Center,IA,HSI00001106,7553343.0,5312695.0,1,91,2024-07-01..2024-09-29,True,False,False
160153,Mercyone Siouxland Medical Center,IA,HSI00001106,148183032.0,156293161.0,1,365,2024-07-01..2025-06-30,False,False,False
160067,Mercyone Waterloo Medical Center,IA,HSI00001106,283328253.0,,,,,,False,False
231320,Mh-Lakeshore Campus,MI,HSI00001106,41878829.0,48179736.0,1,365,2024-07-01..2025-06-30,False,False,False
161323,Mitchell County Regional Health Cent,IA,HSI00001106,33562400.0,38860682.0,1,365,2024-07-01..2025-06-30,False,False,False
161342,Monroe County Hospital,IA,HSI00001106,28435952.0,36223551.0,1,365,2024-07-01..2025-06-30,False,False,False
100127,Morton Plant Hospital,FL,HSI00001106,801906276.0,892743730.0,1,366,2024-01-01..2024-12-31,False,False,False
100063,Morton Plant North Bay Hospital,FL,HSI00001106,183234559.0,208258775.0,1,366,2024-01-01..2024-12-31,False,False,False
360035,Mount Carmel Health,OH,HSI00001106,735791270.0,789292952.0,1,365,2024-07-01..2025-06-30,False,False,False
390204,Nazareth Hospital-Phila  Pa,PA,HSI00001106,92350597.0,155721513.0,1,365,2024-07-01..2025-06-30,False,False,False
167049,Palo Alto County Health System,IA,HSI00001106,,,,,,,False,False
161357,Palo Alto County Hospital,IA,HSI00001106,28926129.0,37260928.0,1,365,2024-07-01..2025-06-30,False,False,False
161373,Ringgold County Hospital,IA,HSI00001106,24659325.0,27984555.0,1,365,2024-07-01..2025-06-30,False,False,False
330215,Rome Memorial Hospital  Inc.,NY,HSI00001106,92788055.0,120363841.0,1,366,2024-01-01..2024-12-31,False,False,False
149802,Ronald Mcdonald Childrens Hospital Of Loyola University Medical Center,IL,HSI00001106,,,,,,,False,False
380052,Saint Alphonsus Medical Center - Ont,OR,HSI00001106,71285828.0,73641225.0,1,365,2024-07-01..2025-06-30,False,False,False
381315,Saint Alphonsus Medical Center Baker,OR,HSI00001106,34072393.0,32260568.0,1,365,2024-07-01..2025-06-30,False,False,False
070002,Saint Francis Hospital,CT,HSI00001106,861829557.0,806717597.0,1,366,2023-10-01..2024-09-30,False,False,False
330180,Samaritan Hospital,NY,HSI00001106,406915453.0,445434179.0,1,365,2024-07-01..2025-06-30,False,False,False
330003,Samaritan Hospital Albany Memorial Campus,NY,HSI00001106,,,,,,,False,False
100132,South Florida Baptist Hospital,FL,HSI00001106,169924938.0,198304610.0,1,366,2024-01-01..2024-12-31,False,False,False
111329,St Marys Good Samaritan,GA,HSI00001106,30995878.0,35072973.0,1,365,2024-07-01..2025-06-30,False,False,False
110006,St Marys Health Care System  Inc,GA,HSI00001106,247917828.0,275810036.0,1,365,2024-07-01..2025-06-30,False,False,False
050093,St. Agnes Medical Center,CA,HSI00001106,578188871.0,695393426.0,1,365,2024-07-01..2025-06-30,False,False,False
130013,St. Alphonsus Medical Center - Namp,ID,HSI00001106,263310768.0,337633915.0,1,365,2024-07-01..2025-06-30,False,False,False
130007,St. Alphonsus Regional Med Center,ID,HSI00001106,725838776.0,923618975.0,1,365,2024-07-01..2025-06-30,False,False,False
360012,St. Anns Hospital,OH,HSI00001106,347499043.0,385047496.0,1,365,2024-07-01..2025-06-30,False,False,False
100067,St. Anthonys Hospital,FL,HSI00001106,510743505.0,549481308.0,1,366,2024-01-01..2024-12-31,False,False,False
080003,St. Francis Hospital  Wilmington,DE,HSI00001106,129017249.0,116157299.0,1,365,2024-07-01..2025-06-30,False,False,False
100075,St. Josephs Hospital,FL,HSI00001106,1700681215.0,1939144465.0,1,366,2024-01-01..2024-12-31,False,False,False
330140,St. Josephs Hospital Health Center,NY,HSI00001106,531401413.0,631528567.0,1,365,2024-07-01..2025-06-30,False,False,False
150076,St. Josephs Reg Med Center Plymouth,IN,HSI00001106,58260278.0,53117780.0,1,365,2024-07-01..2025-06-30,False,False,False
150012,St. Josephs Reg Med Center S. Bend,IN,HSI00001106,355099910.0,409459714.0,1,365,2024-07-01..2025-06-30,False,False,False
390258,St. Mary Medical Center,PA,HSI00001106,,381614411.0,1,365,2024-07-01..2025-06-30,False,False,False
070016,St. Marys Hospital,CT,HSI00001106,313554574.0,339075785.0,1,366,2023-10-01..2024-09-30,False,False,False
110027,St. Marys Sacred Heart Hospital,GA,HSI00001106,38055662.0,44343756.0,1,365,2024-07-01..2025-06-30,False,False,False
330057,St. Peters Hospital,NY,HSI00001106,675052763.0,830955135.0,1,365,2024-07-01..2025-06-30,False,False,False
220066,The Mercy Hospital,MA,HSI00001106,276368207.0,292708329.0,1,365,2024-07-01..2025-06-30,False,False,False
230002,Trinity Health - Livonia,MI,HSI00001106,384437785.0,435112973.0,1,365,2024-07-01..2025-06-30,False,False,False
230156,Trinity Health Ann Arbor,MI,HSI00001106,1000445720.0,1173128843.0,1,365,2024-07-01..2025-06-30,False,False,False
230174,Trinity Health Grand Haven Hospital,MI,HSI00001106,43365604.0,51871409.0,1,365,2024-07-01..2025-06-30,False,False,False
230059,Trinity Health Grand Rapids,MI,HSI00001106,601784313.0,768208887.0,1,365,2024-07-01..2025-06-30,False,False,False
230069,Trinity Health Livingston,MI,HSI00001106,200431796.0,243543694.0,1,365,2024-07-01..2025-06-30,False,False,False
230066,Trinity Health Muskegon,MI,HSI00001106,621153780.0,725075183.0,1,365,2024-07-01..2025-06-30,False,False,False
230004,Trinity Health Muskegon Hospital,MI,HSI00001106,,,,,,,False,False
230029,Trinity Health Oakland,MI,HSI00001106,480503221.0,533204553.0,1,365,2024-07-01..2025-06-30,False,False,False
161337,Van Buren County Hospital,IA,HSI00001106,20715073.0,29770212.0,1,365,2024-07-01..2025-06-30,False,False,False
161361,Van Diest Medical Center,IA,HSI00001106,36753682.0,48317724.0,1,365,2024-07-01..2025-06-30,False,False,False
161358,Wayne County Hospital,IA,HSI00001106,43298609.0,37588266.0,1,365,2024-07-01..2025-06-30,False,False,False
162324,Wayne County Hospital,IA,HSI00001106,,,,,,,False,False
100052,Winter Haven Hospital,FL,HSI00001106,438214390.0,495208267.0,1,366,2024-01-01..2024-12-31,False,False,False
351305,Kenmare Community Hospital,ND,HSI00001107,4087887.0,6363906.0,1,365,2024-07-01..2025-06-30,False,False,False
350006,Trinity Hospitals/St Joes,ND,HSI00001107,461364446.0,493792492.0,1,365,2024-07-01..2025-06-30,False,False,False
260102,University Health Lakewood Med Ctr,MO,HSI00001110,158751805.0,206863287.0,1,365,2024-07-01..2025-06-30,False,False,False
260048,University Health Truman Med Center,MO,HSI00001110,540843342.0,676903361.0,1,365,2024-07-01..2025-06-30,False,False,False
220063,Lowell General Hospital,MA,HSI00001112,503671086.0,521134138.0,1,366,2023-10-01..2024-09-30,False,False,False
220082,Lowell General Hospital Saints Campus,MA,HSI00001112,,,,,,,False,False
220070,Melrosewakefield Healthcare  Inc,MA,HSI00001112,241153187.0,233683159.0,1,366,2023-10-01..2024-09-30,False,False,False
220116,Tufts Medical Center,MA,HSI00001112,889460844.0,961309008.0,1,366,2023-10-01..2024-09-30,False,False,False
360003,Univer.Of Cincinnati Med Center Llc,OH,HSI00001118,1298200798.0,1971194236.0,1,365,2024-07-01..2025-06-30,False,False,False
360354,West Chester Hospital  Llc,OH,HSI00001118,318709860.0,278099900.0,1,365,2024-07-01..2025-06-30,False,False,False
100090,Flagler Hospital,FL,HSI00001121,295278577.0,297106567.0,1,366,2023-10-01..2024-09-30,False,False,False
100084,Leesburg Regional Medical Center Inc,FL,HSI00001121,246042832.0,322642178.0,1,365,2024-07-01..2025-06-30,False,False,False
100001,Shands Jacksonville Medical Center,FL,HSI00001121,861446114.0,1005622991.0,1,365,2024-07-01..2025-06-30,False,False,False
100290,The Villages Regional Hospital,FL,HSI00001121,218873162.0,259019878.0,1,365,2024-07-01..2025-06-30,False,False,False
100113,Uf Health Shands,FL,HSI00001121,2237854390.0,2897733094.0,1,365,2024-07-01..2025-06-30,False,False,False
220019,Harrington Memorial Hospital,MA,HSI00001122,163008434.0,165542593.0,1,366,2023-10-01..2024-09-30,False,False,False
220001,Healthalliance-Clinton,MA,HSI00001122,228192861.0,268301118.0,1,366,2023-10-01..2024-09-30,False,False,False
220049,Marlborough Hospital,MA,HSI00001122,101671567.0,102626547.0,1,366,2023-10-01..2024-09-30,False,False,False
220058,Umass Memorial Health Alliance Clinton Hospital,MA,HSI00001122,,,,,,,False,False
220163,Umass Memorial Medical Center,MA,HSI00001122,2142284132.0,2763321054.0,1,366,2023-10-01..2024-09-30,False,False,False
223504,Umass Memorial Medical Center,MA,HSI00001122,,,,,,,False,False
390073,Altoona Regional Health System,PA,HSI00001126,526849902.0,596137282.0,1,365,2024-07-01..2025-06-30,False,False,False
391313,Charles Cole Memorial Hospital,PA,HSI00001126,88139148.0,84430440.0,1,365,2024-07-01..2025-06-30,False,False,False
390101,Memorial Hospital,PA,HSI00001126,184476552.0,240813164.0,1,365,2024-07-01..2025-06-30,False,False,False
391301,Muncy Valley Hospital,PA,HSI00001126,53730356.0,64408985.0,1,365,2024-07-01..2025-06-30,False,False,False
390039,Somerset Hospital,PA,HSI00001126,82513407.0,106685626.0,1,365,2024-07-01..2025-06-30,False,False,False
390164,Upmc - Presbyterian Shadyside,PA,HSI00001126,2235848316.0,2430531901.0,1,365,2024-07-01..2025-06-30,False,False,False
390117,Upmc Bedford,PA,HSI00001126,49907312.0,55021961.0,1,365,2024-07-01..2025-06-30,False,False,False
390058,Upmc Carlisle,PA,HSI00001126,165027289.0,177430622.0,1,365,2024-07-01..2025-06-30,False,False,False
330239,Upmc Chautauqua At Wca,NY,HSI00001126,149312089.0,163092826.0,1,366,2024-01-01..2024-12-31,False,False,False
393302,Upmc Childrens Hospital Of Pgh,PA,HSI00001126,816681011.0,991044377.0,1,365,2024-07-01..2025-06-30,False,False,False
395228,Upmc Cole,PA,HSI00001126,,,,,,,False,False
390328,Upmc East Hospital,PA,HSI00001126,195780804.0,239193776.0,1,365,2024-07-01..2025-06-30,False,False,False
390063,Upmc Hamot,PA,HSI00001126,507929711.0,635064867.0,1,365,2024-07-01..2025-06-30,False,False,False
390233,Upmc Hanover,PA,HSI00001126,240931955.0,240743938.0,1,365,2024-07-01..2025-06-30,False,False,False
390178,Upmc Horizon Hospital,PA,HSI00001126,156370246.0,201336799.0,1,365,2024-07-01..2025-06-30,False,False,False
395803,Upmc Horizon Shenango Valley,PA,HSI00001126,,,,,,,False,False
390016,Upmc Jameson,PA,HSI00001126,115077245.0,146128531.0,1,365,2024-07-01..2025-06-30,False,False,False
390104,Upmc Kane,PA,HSI00001126,21640063.0,24894454.0,1,176,2024-07-01..2024-12-23,True,False,False
390068,Upmc Lititz,PA,HSI00001126,114527043.0,133671772.0,1,365,2024-07-01..2025-06-30,False,False,False
390071,Upmc Lock Haven,PA,HSI00001126,,,,,,,False,False
390114,Upmc Magee-Womens Hospital,PA,HSI00001126,910820298.0,1540402092.0,1,365,2024-07-01..2025-06-30,False,False,False
390002,Upmc Mckeesport,PA,HSI00001126,121894454.0,132858156.0,1,365,2024-07-01..2025-06-30,False,False,False
390028,Upmc Mercy Hospital,PA,HSI00001126,384622505.0,469004859.0,1,365,2024-07-01..2025-06-30,False,False,False
390091,Upmc Northwest Hospital,PA,HSI00001126,136630648.0,163269781.0,1,365,2024-07-01..2025-06-30,False,False,False
390107,Upmc Passavant,PA,HSI00001126,394531134.0,495557868.0,1,365,2024-07-01..2025-06-30,False,False,False
390067,Upmc Pinnacle Hospitals,PA,HSI00001126,1292774096.0,1554969410.0,1,365,2024-07-01..2025-06-30,False,False,False
390055,Upmc Shadyside,PA,HSI00001126,,,,,,,False,False
390102,Upmc St Margaret,PA,HSI00001126,248549783.0,277853386.0,1,365,2024-07-01..2025-06-30,False,False,False
210027,Upmc-Western Maryland Corp,MD,HSI00001126,312452422.0,322598280.0,1,365,2024-07-01..2025-06-30,False,False,False
390146,Warren General Hospital,PA,HSI00001126,82234158.0,91750616.0,1,365,2024-07-01..2025-06-30,False,False,False
391316,Wellsboro,PA,HSI00001126,85601610.0,92807010.0,1,365,2024-07-01..2025-06-30,False,False,False
390045,Williamsport Hospital & Medical Ctr,PA,HSI00001126,459761927.0,531799951.0,1,365,2024-07-01..2025-06-30,False,False,False
150023,Union Hospital  Inc.,IN,HSI00001137,631458383.0,674972395.0,1,366,2024-01-01..2024-12-31,False,False,False
151326,Union Hospital Clinton,IN,HSI00001137,29952767.0,30282910.0,1,366,2024-01-01..2024-12-31,False,False,False
330033,Chenango Memorial Hospital,NY,HSI00001138,89999249.0,103668379.0,1,366,2024-01-01..2024-12-31,False,False,False
331312,Delaware Valley Hospital,NY,HSI00001138,33044148.0,43263232.0,1,366,2024-01-01..2024-12-31,False,False,False
330394,Uhs Hospitals,NY,HSI00001138,789737307.0,926697785.0,1,366,2024-01-01..2024-12-31,False,False,False
450010,United Regional Health Care System,TX,HSI00001143,447883041.0,495831762.0,1,366,2024-01-01..2024-12-31,False,False,False
040162,Unity Health - Newport,AR,HSI00001145,,,,,,,False,False
040080,Unity Health Harris Medical Center,AR,HSI00001145,,,,,,,False,False
040164,Unity Health Jacksonville,AR,HSI00001145,,10250259.0,1,366,2023-10-01..2024-09-30,False,False,False
040014,White County Medical Center,AR,HSI00001145,272249366.0,262792078.0,1,366,2023-10-01..2024-09-30,False,False,False
160110,Allen Memorial Hospital,IA,HSI00001146,325383456.0,377000497.0,1,366,2024-01-01..2024-12-31,False,False,False
161375,Buena Vista Regional Medical Center,IA,HSI00001146,59438520.0,77579345.0,1,365,2024-07-01..2025-06-30,False,False,False
161348,Clarke County Public Hospital,IA,HSI00001146,32924607.0,44590970.0,1,365,2024-07-01..2025-06-30,False,False,False
161320,Community Memorial Hospital,IA,HSI00001146,15807788.0,17890272.0,1,366,2024-01-01..2024-12-31,False,False,False
161365,Greater Regional Medical Center,IA,HSI00001146,89369918.0,116276507.0,1,365,2024-07-01..2025-06-30,False,False,False
161325,Greene County Medical Center,IA,HSI00001146,25213429.0,34786522.0,1,365,2024-07-01..2025-06-30,False,False,False
160147,Grinnell Regional Medical Center,IA,HSI00001146,63823285.0,70166400.0,1,366,2024-01-01..2024-12-31,False,False,False
161303,Grundy County Mem. Hospital,IA,HSI00001146,26351791.0,40182578.0,1,365,2024-07-01..2025-06-30,False,False,False
161314,Guthrie County Hospital,IA,HSI00001146,20349605.0,26531431.0,1,365,2024-07-01..2025-06-30,False,False,False
161334,Humboldt County Memorial Hospital,IA,HSI00001146,24318389.0,32045475.0,1,365,2024-07-01..2025-06-30,False,False,False
160082,Iowa Methodist Medical Center,IA,HSI00001146,1017608771.0,1146038064.0,1,366,2024-01-01..2024-12-31,False,False,False
161306,Jones Regional Medical Ctr,IA,HSI00001146,43541868.0,57056245.0,1,366,2024-01-01..2024-12-31,False,False,False
161370,Loring Hospital,IA,HSI00001146,17630383.0,21135518.0,1,365,2024-07-01..2025-06-30,False,False,False
161341,Lucas County Health Center,IA,HSI00001146,25423119.0,32994199.0,1,365,2024-07-01..2025-06-30,False,False,False
141305,Memorial Hospital Association,IL,HSI00001146,46823738.0,51163101.0,1,366,2024-01-01..2024-12-31,False,False,False
520089,Meriter Hospital  Inc.,WI,HSI00001146,579054999.0,591920221.0,1,366,2024-01-01..2024-12-31,False,False,False
161335,Peoples Memorial Hospital,IA,HSI00001146,47640382.0,65126221.0,1,365,2024-07-01..2025-06-30,False,False,False
161305,Pocahontas Community Hospital,IA,HSI00001146,14365825.0,18666192.0,1,365,2024-07-01..2025-06-30,False,False,False
160045,St. Lukes Methodist Hospital,IA,HSI00001146,419656181.0,481138667.0,1,366,2024-01-01..2024-12-31,False,False,False
160146,St. Lukes Regl Medical Center,IA,HSI00001146,209269672.0,237312324.0,1,366,2024-01-01..2024-12-31,False,False,False
161350,Stewart Memorial Hospital,IA,HSI00001146,36695338.0,42591102.0,1,366,2024-01-01..2024-12-31,False,False,False
161333,Story County Hospital,IA,HSI00001146,27894984.0,34977487.0,1,365,2024-07-01..2025-06-30,False,False,False
160117,The Finley Hospital,IA,HSI00001146,134846999.0,148147174.0,1,366,2024-01-01..2024-12-31,False,False,False
160104,Trinity Bettendorf,IA,HSI00001146,94374311.0,101970864.0,1,366,2024-01-01..2024-12-31,False,False,False
160013,Trinity Muscatine,IA,HSI00001146,63455326.0,69443204.0,1,366,2024-01-01..2024-12-31,False,False,False
160016,Trinity Regional Medical Center,IA,HSI00001146,161239541.0,179990725.0,1,366,2024-01-01..2024-12-31,False,False,False
140280,Trinity Rock Island,IL,HSI00001146,354025624.0,360988053.0,1,366,2024-01-01..2024-12-31,False,False,False
160024,Unitypoint Health Iowa Lutheran Hospital,IA,HSI00001146,,,,,,,False,False
160001,Unitypoint Health-Marshalltown,IA,HSI00001146,72005880.0,82044349.0,1,366,2024-01-01..2024-12-31,False,False,False
440015,University Of Tennessee Medical Cent,TN,HSI00001153,1213548796.0,1289219874.0,1,366,2024-01-01..2024-12-31,False,False,False
360367,Lake Health Beachwood Medical Center,OH,HSI00001156,50384697.0,56508245.0,1,366,2024-01-01..2024-12-31,False,False,False
360098,Lake Hospital System,OH,HSI00001156,309361562.0,301161766.0,1,366,2024-01-01..2024-12-31,False,False,False
363302,Rainbow Babies & Childrens Hospita,OH,HSI00001156,2508323584.0,2458097428.0,1,366,2024-01-01..2024-12-31,False,False,False
360155,Southwest General Health Center,OH,HSI00001156,413508107.0,422988002.0,1,366,2024-01-01..2024-12-31,False,False,False
360359,Uh Ahuja Medical Center,OH,HSI00001156,249407487.0,311776120.0,1,366,2024-01-01..2024-12-31,False,False,False
360137,Uh Cleveland Medical Center,OH,HSI00001156,2508323584.0,2458097428.0,1,366,2024-01-01..2024-12-31,False,False,False
361308,Uh Conneaut Medical Center,OH,HSI00001156,26019809.0,31517583.0,1,366,2024-01-01..2024-12-31,False,False,False
360145,Uh Elyria Medical Center,OH,HSI00001156,210159505.0,220758415.0,1,366,2024-01-01..2024-12-31,False,False,False
361307,Uh Geneva Medical Center,OH,HSI00001156,65045027.0,69478146.0,1,366,2024-01-01..2024-12-31,False,False,False
360041,Uh Parma Medical Center,OH,HSI00001156,202853042.0,222803328.0,1,366,2024-01-01..2024-12-31,False,False,False
360078,Uh Portage Medical Center,OH,HSI00001156,155806999.0,165534142.0,1,366,2024-01-01..2024-12-31,False,False,False
360075,Uh Regional Hospitals,OH,HSI00001156,210961426.0,208885975.0,1,366,2024-01-01..2024-12-31,False,False,False
360002,Uh Samaritan Medical Center,OH,HSI00001156,86347459.0,89723023.0,1,366,2024-01-01..2024-12-31,False,False,False
360123,Uh St. John Medical Center,OH,HSI00001156,221366688.0,224153323.0,1,366,2024-01-01..2024-12-31,False,False,False
360192,University Hospitals Geauga Medical Center,OH,HSI00001156,,,,,,,False,False
530025,Ivinson Memorial Hospital,WY,HSI00001169,128541496.0,150394554.0,1,365,2024-07-01..2025-06-30,False,False,False
060119,Medical Center Of The Rockies,CO,HSI00001169,541078135.0,625835002.0,1,365,2024-07-01..2025-06-30,False,False,False
060022,Memorial Health System,CO,HSI00001169,1112413731.0,1261144730.0,1,365,2024-07-01..2025-06-30,False,False,False
061326,Pikes Peak Regional Hospital,CO,HSI00001169,26306107.0,37744584.0,1,365,2024-07-01..2025-06-30,False,False,False
060010,Poudre Valley Hospital,CO,HSI00001169,722385221.0,809189900.0,1,365,2024-07-01..2025-06-30,False,False,False
060129,Uchealth Broomfield Hospital,CO,HSI00001169,60302192.0,74101572.0,1,365,2024-07-01..2025-06-30,False,False,False
060130,Uchealth Grandview Hospital,CO,HSI00001169,43489904.0,52482642.0,1,365,2024-07-01..2025-06-30,False,False,False
060131,Uchealth Greeley Hospital,CO,HSI00001169,163576640.0,235535042.0,1,365,2024-07-01..2025-06-30,False,False,False
060132,Uchealth Highlands Ranch Hospital,CO,HSI00001169,235216166.0,307280460.0,1,365,2024-07-01..2025-06-30,False,False,False
060128,Uchealth Longs Peak Hospital,CO,HSI00001169,181759434.0,231650458.0,1,365,2024-07-01..2025-06-30,False,False,False
060024,University Of Co Hospital,CO,HSI00001169,2661984444.0,3064974781.0,1,365,2024-07-01..2025-06-30,False,False,False
060049,Yampa Valley Medical Center,CO,HSI00001169,118275287.0,134231378.0,2,639,2023-10-01..2025-06-30,True,False,False
180151,Good Samaritan Hospital,KY,HSI00001174,,,,,,,False,False
360361,Kings Daughters Med Center Ohio,OH,HSI00001174,33766670.0,31854512.0,2,639,2023-10-01..2025-06-30,True,False,False
180009,Kings Daughters Medical Center,KY,HSI00001174,577517839.0,642526382.0,2,639,2023-10-01..2025-06-30,True,False,False
180067,University Hospital,KY,HSI00001174,2291791817.0,2460590016.0,1,365,2024-07-01..2025-06-30,False,False,False
210043,Baltimore Washington Medical Center,MD,HSI00001175,440247618.0,485044525.0,1,365,2024-07-01..2025-06-30,False,False,False
210030,Chester River Hospital Center,MD,HSI00001175,46599159.0,49980182.0,1,365,2024-07-01..2025-06-30,False,False,False
210035,Civista Medical Center,MD,HSI00001175,154871074.0,184078181.0,1,365,2024-07-01..2025-06-30,False,False,False
210006,Harford Memorial Hospital,MD,HSI00001175,102428722.0,,,,,,False,False
210038,Maryland General Hospital,MD,HSI00001175,231686649.0,240842072.0,1,365,2024-07-01..2025-06-30,False,False,False
210037,Memorial Easton,MD,HSI00001175,287566411.0,306375298.0,1,365,2024-07-01..2025-06-30,False,False,False
210063,St. Joseph Medical Center,MD,HSI00001175,398037335.0,435270610.0,1,365,2024-07-01..2025-06-30,False,False,False
210055,Um Laurel Medical Center,MD,HSI00001175,,,,,,,False,False
210003,Univ Of Md Capital Region Med Ctr,MD,HSI00001175,383862426.0,473166414.0,1,365,2024-07-01..2025-06-30,False,False,False
210002,University Of Maryland Med Sys,MD,HSI00001175,1849887096.0,1960496993.0,2,516,2024-02-01..2025-06-30,True,False,False
210049,Upper Chesapeake Medical Center,MD,HSI00001175,320182679.0,446078155.0,1,365,2024-07-01..2025-06-30,False,False,False
100009,University Of Miami Hospital,FL,HSI00001176,,,,,,,False,False
330074,Fredrick Ferris Thompson Hospital,NY,HSI00001179,210734579.0,243944473.0,1,366,2024-01-01..2024-12-31,False,False,False
330164,Highland Hospital,NY,HSI00001179,456777100.0,556660602.0,1,365,2024-07-01..2025-06-30,False,False,False
330096,Jones Memorial Hospital,NY,HSI00001179,60738877.0,93533005.0,1,365,2024-07-01..2025-06-30,False,False,False
330238,Nicholas H. Noyes Memorial Hospital,NY,HSI00001179,74253540.0,98915127.0,1,365,2024-07-01..2025-06-30,False,False,False
330151,St. James Hospital,NY,HSI00001179,46258938.0,62104227.0,1,365,2024-07-01..2025-06-30,False,False,False
330285,Strong Memorial Hospital,NY,HSI00001179,3314777837.0,4198837243.0,1,365,2024-07-01..2025-06-30,False,False,False
050696,Keck Hospital Of Usc,CA,HSI00001181,1398015059.0,1473030014.0,1,366,2023-10-01..2024-09-30,False,False,False
050238,Usc Arcadia Hospital,CA,HSI00001181,300409186.0,343941424.0,2,547,2024-01-01..2025-06-30,True,False,False
050124,Verdugo Hills Hospital,CA,HSI00001181,162403032.0,180833110.0,1,365,2024-07-01..2025-06-30,False,False,False
330084,Alice Hyde Medical Center,NY,HSI00001185,84368360.0,,,,,,False,False
470001,Central Vermont Hospital,VT,HSI00001185,191280297.0,339890614.0,1,366,2023-10-01..2024-09-30,False,False,False
330250,Champlain Valley Physicians Hospital,NY,HSI00001185,394376525.0,421533513.0,1,366,2023-10-01..2024-09-30,False,False,False
331302,Elizabethtown Community Hospital,NY,HSI00001185,59272550.0,76120520.0,1,366,2023-10-01..2024-09-30,False,False,False
471307,Porter Hospital,VT,HSI00001185,93866422.0,97757751.0,1,366,2023-10-01..2024-09-30,False,False,False
470003,University Of Vermont Medical Center,VT,HSI00001185,1849679562.0,1802130285.0,1,366,2023-10-01..2024-09-30,False,False,False
490019,Culpeper Memorial Hospital,VA,HSI00001186,153910847.0,186706329.0,1,365,2024-07-01..2025-06-30,False,False,False
490009,University Of Virginia Medical Cente,VA,HSI00001186,2370509619.0,2893272413.0,1,365,2024-07-01..2025-06-30,False,False,False
490144,Uva Health Haymarket Medical Center,VA,HSI00001186,95436606.0,112529090.0,1,365,2024-07-01..2025-06-30,False,False,False
490045,Uva Health Prince William Medical,VA,HSI00001186,191654891.0,237843969.0,1,365,2024-07-01..2025-06-30,False,False,False
511311,Hampshire Memorial Hospital,WV,HSI00001217,36770389.0,39637678.0,1,366,2024-01-01..2024-12-31,False,False,False
491307,Page Memorial Hospital,VA,HSI00001217,48579384.0,48172368.0,1,366,2024-01-01..2024-12-31,False,False,False
491305,Shenandoah Memorial Hospital,VA,HSI00001217,85466156.0,89819168.0,1,366,2024-01-01..2024-12-31,False,False,False
511309,War Memorial Hospital,WV,HSI00001217,34449734.0,37485655.0,1,366,2024-01-01..2024-12-31,False,False,False
490033,Warren Memorial Hospital,VA,HSI00001217,106850217.0,112168562.0,1,366,2023-10-01..2024-09-30,False,False,False
490005,Winchester Medical Center,VA,HSI00001217,753297567.0,840393498.0,1,366,2023-10-01..2024-09-30,False,False,False
310012,The Valley Hospital,NJ,HSI00001218,1024442467.0,1089526146.0,1,366,2024-01-01..2024-12-31,False,False,False
220024,Holyoke Medical Center,MA,HSI00001219,191937797.0,217252866.0,1,366,2023-10-01..2024-09-30,False,False,False
440137,Vanderbilt Bedford County Hospital,TN,HSI00001222,49507282.0,70347949.0,1,365,2024-07-01..2025-06-30,False,False,False
440144,Vanderbilt Tullahoma-Harton Hospital,TN,HSI00001222,79488500.0,97685367.0,1,365,2024-07-01..2025-06-30,False,False,False
440039,Vanderbilt University Medical Center,TN,HSI00001222,5441707814.0,6903583232.0,1,365,2024-07-01..2025-06-30,False,False,False
440193,Vanderbilt Wilson County Hospital,TN,HSI00001222,158653244.0,192979001.0,1,365,2024-07-01..2025-06-30,False,False,False
340120,Duplin General Hospital Incorporated,NC,HSI00001230,76051280.0,80637435.0,1,366,2023-10-01..2024-09-30,False,False,False
340099,East Carolina Health,NC,HSI00001230,84097456.0,97192054.0,1,366,2023-10-01..2024-09-30,False,False,False
341318,East Carolina Health - Chowan Inc,NC,HSI00001230,74886166.0,84565980.0,1,366,2023-10-01..2024-09-30,False,False,False
340107,East Carolina Health - Heritage Inc,NC,HSI00001230,101644270.0,109211330.0,1,366,2023-10-01..2024-09-30,False,False,False
341304,East Carolina Health-Bertie,NC,HSI00001230,24513765.0,34924255.0,1,366,2023-10-01..2024-09-30,False,False,False
340186,Ecu Health Beaufort Hospital - A Campus Of Ecu Health Medical Center,NC,HSI00001230,,,,,,,False,False
340151,Halifax Regional Medical Center Inc,NC,HSI00001230,86946834.0,112969408.0,1,366,2023-10-01..2024-09-30,False,False,False
340040,Pitt County Memorial Hospital Inc,NC,HSI00001230,1561712442.0,1766155444.0,1,366,2023-10-01..2024-09-30,False,False,False
341324,The Outer Banks Hospital Inc,NC,HSI00001230,96663837.0,106009894.0,1,366,2023-10-01..2024-09-30,False,False,False
,Virtua Marlton,NJ,HSI00001233,,,,,,,False,False
310057,Virtua Mount Holly Hospital,NJ,HSI00001233,407897185.0,439908377.0,1,366,2024-01-01..2024-12-31,False,False,False
310029,Virtua Our Lady Of Lourdes Hospital,NJ,HSI00001233,474379779.0,542530218.0,1,366,2024-01-01..2024-12-31,False,False,False
310061,Virtua Willingboro Hospital,NJ,HSI00001233,120777159.0,154559447.0,1,366,2024-01-01..2024-12-31,False,False,False
310022,West Jersey Health System,NJ,HSI00001233,1014000588.0,1119068492.0,1,366,2024-01-01..2024-12-31,False,False,False
340173,Wake Med Cary Hospital,NC,HSI00001236,358443288.0,410298147.0,1,366,2023-10-01..2024-09-30,False,False,False
340069,Wakemed Raleigh Campus,NC,HSI00001236,1315403308.0,1438858035.0,1,366,2023-10-01..2024-09-30,False,False,False
390042,The Washington Hospital,PA,HSI00001238,238499480.0,247205029.0,1,365,2024-07-01..2025-06-30,False,False,False
390150,Whs - Greene,PA,HSI00001238,16291049.0,18832950.0,1,365,2024-07-01..2025-06-30,False,False,False
040004,Washington Regional Medical Center,AR,HSI00001240,391093311.0,423134690.0,1,366,2024-01-01..2024-12-31,False,False,False
390125,Wayne Memorial Hospital,PA,HSI00001242,103550317.0,137071075.0,1,365,2024-07-01..2025-06-30,False,False,False
390225,Ephrata Community Hospital,PA,HSI00001243,291798790.0,298930677.0,1,365,2024-07-01..2025-06-30,False,False,False
390151,The Chambersburg Hospital,PA,HSI00001243,435068481.0,508724250.0,1,365,2024-07-01..2025-06-30,False,False,False
390065,The Gettysburg Hospital,PA,HSI00001243,341793611.0,321219510.0,1,365,2024-07-01..2025-06-30,False,False,False
390066,The Good Samaritan Hospital,PA,HSI00001243,269507327.0,314514353.0,1,365,2024-07-01..2025-06-30,False,False,False
390138,Waynesboro Hospital,PA,HSI00001243,84219094.0,105121222.0,1,365,2024-07-01..2025-06-30,False,False,False
390046,York Hospital,PA,HSI00001243,1470245374.0,1746521166.0,1,365,2024-07-01..2025-06-30,False,False,False
361321,Barnesville Hospital,OH,HSI00001251,22097127.0,24428635.0,1,366,2024-01-01..2024-12-31,False,False,False
511308,Braxton County Memorial Hospital,WV,HSI00001251,24282378.0,34088854.0,1,366,2024-01-01..2024-12-31,False,False,False
510058,Camden-Clark Memorial Hospital,WV,HSI00001251,410948289.0,449784076.0,1,366,2024-01-01..2024-12-31,False,False,False
510008,City Hospital Inc.,WV,HSI00001251,339737509.0,377866863.0,1,366,2024-01-01..2024-12-31,False,False,False
515082,Fairmont Medical Center,WV,HSI00001251,,,,,,,False,False
210017,Garrett County Memorial Hospital,MD,HSI00001251,82036086.0,92491141.0,1,366,2024-01-01..2024-12-31,False,False,False
511316,Grant Memorial Hospital,WV,HSI00001251,47829097.0,57135504.0,1,366,2024-01-01..2024-12-31,False,False,False
361311,Harrison Community Hospital,OH,HSI00001251,15141655.0,17902622.0,1,366,2024-01-01..2024-12-31,False,False,False
511320,Jackson General Hospital,WV,HSI00001251,47501749.0,52442213.0,1,366,2024-01-01..2024-12-31,False,False,False
511319,Jefferson Memorial Hospital,WV,HSI00001251,89638903.0,91068957.0,1,366,2024-01-01..2024-12-31,False,False,False
511315,Potomac Valley Hospital,WV,HSI00001251,79922790.0,85977677.0,1,366,2024-01-01..2024-12-31,False,False,False
510046,Princeton Community Hospital,WV,HSI00001251,290249992.0,310140690.0,1,365,2024-07-01..2025-06-30,False,False,False
510013,Reynolds Memorial Hospital,WV,HSI00001251,132615317.0,149487820.0,1,366,2024-01-01..2024-12-31,False,False,False
510031,St Francis Hospital,WV,HSI00001251,56376372.0,72843739.0,1,213,2023-10-01..2024-04-30,True,False,False
511321,St. Josephs Hospital Of Buckhannon,WV,HSI00001251,112332928.0,113635765.0,1,366,2024-01-01..2024-12-31,False,False,False
511322,Summersville Regional Med Center,WV,HSI00001251,57562241.0,72464512.0,1,366,2024-01-01..2024-12-31,False,False,False
510029,Thomas Memorial Hospital,WV,HSI00001251,270946636.0,370694424.0,1,366,2023-10-01..2024-09-30,False,False,False
390041,Uniontown Hospital,PA,HSI00001251,148802036.0,184814356.0,1,366,2024-01-01..2024-12-31,False,False,False
510006,United Hospital Center,WV,HSI00001251,551708927.0,637465773.0,1,366,2024-01-01..2024-12-31,False,False,False
510001,West Virginia University Hospitals,WV,HSI00001251,1756827077.0,1846673002.0,1,366,2024-01-01..2024-12-31,False,False,False
510072,Wetzel County Hospital,WV,HSI00001251,36524884.0,42691832.0,1,366,2024-01-01..2024-12-31,False,False,False
510050,Wheeling Hospital,WV,HSI00001251,447868115.0,536401592.0,1,366,2023-10-01..2024-09-30,False,False,False
070033,Danbury Hospital,CT,HSI00001253,785064090.0,816605544.0,1,366,2023-10-01..2024-09-30,False,False,False
070015,New Milford Hospital,CT,HSI00001253,,,,,,,False,False
330049,Northern Dutchess Hospital,NY,HSI00001253,180280003.0,211507087.0,1,366,2023-10-01..2024-09-30,False,False,False
070034,Norwalk Hospital,CT,HSI00001253,354913347.0,373113244.0,1,366,2023-10-01..2024-09-30,False,False,False
330273,Putnam Hospital Center,NY,HSI00001253,103971804.0,114715548.0,1,366,2023-10-01..2024-09-30,False,False,False
070004,Sharon Hospital,CT,HSI00001253,47656576.0,51210071.0,1,366,2023-10-01..2024-09-30,False,False,False
330023,Vassar Brothers Medical Center,NY,HSI00001253,753584971.0,885332544.0,1,366,2023-10-01..2024-09-30,False,False,False
041310,Stone County Medical Center,AR,HSI00001260,19479853.0,19669831.0,1,366,2023-10-01..2024-09-30,False,False,False
040119,White River Medical Center,AR,HSI00001260,256504867.0,253041232.0,1,366,2023-10-01..2024-09-30,False,False,False
190088,Springhill Medical Center,LA,HSI00001263,21604586.0,19599466.0,1,366,2024-01-01..2024-12-31,False,False,False
190236,Willis Knighton Bossier Health Center,LA,HSI00001263,,,,,,,False,False
190111,Willis-Knighton Health Systems,LA,HSI00001263,1077643231.0,1202330892.0,1,366,2023-10-01..2024-09-30,False,False,False
240044,Winona Health Services,MN,HSI00001264,99627922.0,102074460.0,1,366,2023-10-01..2024-09-30,False,False,False
070010,Bridgeport Hospital,CT,HSI00001272,770861993.0,837886178.0,1,366,2023-10-01..2024-09-30,False,False,False
070019,Bridgeport Hospital Milford Main Campus,CT,HSI00001272,,,,,,,False,False
070018,Greenwich Hospital,CT,HSI00001272,484920841.0,520121333.0,1,366,2023-10-01..2024-09-30,False,False,False
070007,Lawrence & Memorial Hospital,CT,HSI00001272,451561734.0,479150426.0,1,366,2023-10-01..2024-09-30,False,False,False
410013,The Westerly Hospital,RI,HSI00001272,124259066.0,133964319.0,1,366,2023-10-01..2024-09-30,False,False,False
070001,Yale New Haven Hospital Saint Raphael Campus,CT,HSI00001272,,,,,,,False,False
070022,Yale-New Haven Hospital,CT,HSI00001272,3629483033.0,3989290918.0,1,366,2023-10-01..2024-09-30,False,False,False
200020,York Hospital,ME,HSI00001274,197013972.0,190992593.0,1,366,2024-01-01..2024-12-31,False,False,False
030013,Yuma Regional Medical Center,AZ,HSI00001275,732517265.0,806426161.0,1,366,2023-10-01..2024-09-30,False,False,False
501330,Astria Sunnyside Hospital,WA,HSI00001281,117514443.0,125636915.0,1,366,2024-01-01..2024-12-31,False,False,False
500037,Toppenish Community Hospital,WA,HSI00001281,53651247.0,53191635.0,1,366,2024-01-01..2024-12-31,False,False,False
330235,Auburn Memorial Hospital,NY,HSI00001283,141092496.0,175655718.0,1,366,2024-01-01..2024-12-31,False,False,False
440012,Bristol Regional Medical Center,TN,HSI00001284,293917528.0,325565537.0,1,365,2024-07-01..2025-06-30,False,False,False
491303,Dickenson Community Hospital,VA,HSI00001284,9635333.0,11130584.0,1,366,2023-10-01..2024-09-30,False,False,False
440184,Franklin Woods Community Hospital,TN,HSI00001284,110304675.0,133666944.0,1,365,2024-04-01..2025-03-31,False,False,False
440050,Greeneville Community Hospital,TN,HSI00001284,104480944.0,136785489.0,1,365,2024-07-01..2025-06-30,False,False,False
440025,Greeneville Community Hospital East,TN,HSI00001284,,,,,,,False,False
441313,Hancock County Hospital,TN,HSI00001284,7167187.0,9963897.0,1,365,2024-07-01..2025-06-30,False,False,False
440032,Hawkins County Memorial Hospital,TN,HSI00001284,13741615.0,16126396.0,1,365,2024-07-01..2025-06-30,False,False,False
440017,Holston Valley Hosp & Med Ctr,TN,HSI00001284,344607597.0,341650445.0,1,365,2024-07-01..2025-06-30,False,False,False
440176,Indian Path Community Hospital,TN,HSI00001284,142816819.0,150914714.0,1,365,2024-04-01..2025-03-31,False,False,False
440063,Johnson City Medical Center,TN,HSI00001284,546098044.0,708155323.0,1,365,2024-07-01..2025-06-30,False,False,False
441304,Johnson County Community Hospital,TN,HSI00001284,10524162.0,16028410.0,1,365,2024-07-01..2025-06-30,False,False,False
490053,Johnston Memorial Hospital,VA,HSI00001284,188309399.0,184552783.0,1,365,2024-07-01..2025-06-30,False,False,False
491309,Lee County Community Hospital,VA,HSI00001284,11276021.0,14081611.0,1,365,2024-07-01..2025-06-30,False,False,False
490114,Lonesome Pine Hospital,VA,HSI00001284,175601675.0,183606248.0,1,365,2024-07-01..2025-06-30,False,False,False
490027,Mountain View Regional Medical Center,VA,HSI00001284,,,,,,,False,False
495374,Mountain View Regional Medical Center,VA,HSI00001284,,,,,,,False,False
490001,Norton Community Hospital,VA,HSI00001284,,,,,,,False,False
490002,Russell County Hospital,VA,HSI00001284,33962946.0,34309866.0,1,366,2023-10-01..2024-09-30,False,False,False
490038,Smyth County Community Hospital,VA,HSI00001284,45752896.0,50490790.0,1,365,2024-07-01..2025-06-30,False,False,False
440018,Sycamore Shoals Hospital,TN,HSI00001284,52876370.0,52945095.0,1,365,2024-07-01..2025-06-30,False,False,False
440001,Unicoi County Hospital,TN,HSI00001284,13000835.0,11088043.0,1,366,2024-01-01..2024-12-31,False,False,False
070029,Bristol Hospital  Inc,CT,HSI00001286,156718520.0,164269848.0,1,366,2023-10-01..2024-09-30,False,False,False
330233,Brookdale Hospital Medical Center,NY,HSI00001288,680306497.0,739267568.0,1,366,2024-01-01..2024-12-31,False,False,False
241353,Cuyuna Regional Medical Center,MN,HSI00001301,180828344.0,193439855.0,1,365,2024-04-01..2025-03-31,False,False,False
247171,Cuyuna Regional Medical Center,MN,HSI00001301,,,,,,,False,False
150026,Goshen Hospital,IN,HSI00001309,248411935.0,262441971.0,1,366,2024-01-01..2024-12-31,False,False,False
230072,Holland Hospital,MI,HSI00001319,262314826.0,281330792.0,1,365,2024-04-01..2025-03-31,False,False,False
390173,Indiana Regional Medical Center,PA,HSI00001324,189722674.0,233329634.0,1,365,2024-07-01..2025-06-30,False,False,False
060020,Parkview Medical Center,CO,HSI00001341,522899216.0,501569747.0,1,365,2024-07-01..2025-06-30,False,False,False
360185,Salem Community Hospital,OH,HSI00001350,106899288.0,108028370.0,1,365,2024-07-01..2025-06-30,False,False,False
500007,Island Hospital,WA,HSI00001356,106148126.0,111250551.0,1,366,2024-01-01..2024-12-31,False,False,False
060075,Valley View Hospital,CO,HSI00001365,317372897.0,338004380.0,1,366,2024-01-01..2024-12-31,False,False,False
310064,Atlanticare Regional Medical Center,NJ,HSI00001369,836274659.0,862209738.0,1,366,2024-01-01..2024-12-31,False,False,False
185477,Mary And Elizabeth Hospital,KY,HSI00001377,,,,,,,False,False
180141,University Of Louisville Hospital,KY,HSI00001377,806114899.0,966980206.0,1,365,2024-07-01..2025-06-30,False,False,False
180037,Uofl Health - Mary And Elizabeth Hospital,KY,HSI00001377,,,,,,,False,False
180040,Uofl Health-Louisville,KY,HSI00001377,1131884232.0,1205800460.0,1,365,2024-07-01..2025-06-30,False,False,False
180016,Uofl Health-Shelbyville,KY,HSI00001377,33548831.0,37840226.0,1,365,2024-07-01..2025-06-30,False,False,False
420078,Ghs Greenville Memorial Hospital,SC,HSI00001378,1807486208.0,1970016493.0,1,366,2023-10-01..2024-09-30,False,False,False
420009,Oconee Memorial Hospital,SC,HSI00001378,177361076.0,194468509.0,1,366,2023-10-01..2024-09-30,False,False,False
420015,Ph Baptist Easley Hospital,SC,HSI00001378,119051961.0,136809351.0,1,366,2023-10-01..2024-09-30,False,False,False
420106,Ph Baptist Parkridge Hospital,SC,HSI00001378,187094482.0,208754719.0,1,366,2023-10-01..2024-09-30,False,False,False
420033,Ph Greer Memorial Hospital,SC,HSI00001378,169578231.0,183124902.0,1,366,2023-10-01..2024-09-30,False,False,False
420037,Ph Hillcrest Hospital,SC,HSI00001378,124321494.0,133945496.0,1,366,2023-10-01..2024-09-30,False,False,False
420038,Ph Laurens County Hospital,SC,HSI00001378,100128429.0,117424302.0,1,366,2023-10-01..2024-09-30,False,False,False
420086,Prisma Health Baptist Hospital,SC,HSI00001378,277946820.0,301308805.0,1,366,2023-10-01..2024-09-30,False,False,False
420018,Prisma Health Richland Hospital,SC,HSI00001378,1021926277.0,1130469328.0,1,366,2023-10-01..2024-09-30,False,False,False
420070,Prisma Health Tuomey Hospital,SC,HSI00001378,196913700.0,203446617.0,1,366,2023-10-01..2024-09-30,False,False,False
330047,St. Marys Healthcare,NY,HSI00001381,151769773.0,173774438.0,1,365,2024-07-01..2025-06-30,False,False,False
420027,Anmed Health,SC,HSI00001382,596685283.0,707978801.0,1,366,2024-01-01..2024-12-31,False,False,False
420011,Cannon Memorial Hospital,SC,HSI00001382,26047128.0,29924871.0,1,366,2024-01-01..2024-12-31,False,False,False
370093,Ou Medical Center,OK,HSI00001383,1646713049.0,2411266011.0,1,365,2024-07-01..2025-06-30,False,False,False
370148,Ou Medicine Inc,OK,HSI00001383,,,,,,,False,False
330203,Crouse Hospital,NY,HSI00001386,533777689.0,556154947.0,1,366,2024-01-01..2024-12-31,False,False,False
310008,Holy Name Hospital,NJ,HSI00001389,493379973.0,558679584.0,1,366,2024-01-01..2024-12-31,False,False,False
310011,Cape Regional Medical Center,NJ,HSI00001396,130402745.0,134033053.0,1,366,2024-01-01..2024-12-31,False,False,False
030062,Summit Healthcare,AZ,HSI00001400,261367382.0,289385231.0,1,366,2024-01-01..2024-12-31,False,False,False
501332,Tri-State Memorial Hospital,WA,HSI00001402,106959674.0,124367505.0,1,366,2024-01-01..2024-12-31,False,False,False
330056,The Brooklyn Hospital Center,NY,HSI00001407,429581616.0,428813166.0,1,366,2024-01-01..2024-12-31,False,False,False
201314,Redington-Fairview General Hospital,ME,HSI00001412,135377547.0,152972335.0,1,365,2024-07-01..2025-06-30,False,False,False
220029,Anna Jaques Hospital,MA,HSI00001416,143852674.0,136696029.0,1,366,2023-10-01..2024-09-30,False,False,False
220060,Beth Israel Deaconess - Plymouth,MA,HSI00001416,358095192.0,369438984.0,1,366,2023-10-01..2024-09-30,False,False,False
220083,Beth Israel Deaconess Hospital- Need,MA,HSI00001416,143539976.0,149486365.0,1,366,2023-10-01..2024-09-30,False,False,False
220086,Beth Israel Deaconess Medical Center,MA,HSI00001416,1938010134.0,2107671236.0,1,366,2023-10-01..2024-09-30,False,False,False
220033,Beverly Hospital,MA,HSI00001416,445635366.0,435644289.0,1,366,2023-10-01..2024-09-30,False,False,False
220108,Bidmc-Milton Hospital  Inc,MA,HSI00001416,146980472.0,156752825.0,1,366,2023-10-01..2024-09-30,False,False,False
220171,Lahey Clinic Hospital  Inc.,MA,HSI00001416,1098564775.0,1158702913.0,1,366,2023-10-01..2024-09-30,False,False,False
220002,Mount Auburn Hospital,MA,HSI00001416,343175697.0,329190888.0,1,366,2023-10-01..2024-09-30,False,False,False
220105,Winchester Hospital,MA,HSI00001416,338554347.0,367817209.0,1,366,2023-10-01..2024-09-30,False,False,False
100253,Jupiter Medical Center,FL,HSI00001419,380056898.0,431621030.0,1,366,2023-10-01..2024-09-30,False,False,False
180044,Pikeville Medical Center,KY,HSI00001423,600022319.0,633386386.0,1,366,2023-10-01..2024-09-30,False,False,False
030136,Arizona General Hospital,AZ,HSI00001427,86494539.0,89512358.0,1,366,2024-01-01..2024-12-31,False,False,False
030139,Arizona General Hospital,AZ,HSI00001427,118280133.0,114252768.0,1,366,2024-01-01..2024-12-31,False,False,False
050016,Arroyo Grande Community Hospital,CA,HSI00001427,,,,,,,False,False
351322,Ashley Medical Center,ND,HSI00001427,9182038.0,9825621.0,1,365,2024-07-01..2025-06-30,False,False,False
050036,Bakersfield Memorial Hospital,CA,HSI00001427,636075937.0,692200209.0,1,366,2024-01-01..2024-12-31,False,False,False
,Baylor St. Luke's Medical Center Mcnair Campus,TX,HSI00001427,,,,,,,False,False
450072,Brazosport Regional Health System,TX,HSI00001427,93435654.0,106304483.0,1,365,2024-07-01..2025-06-30,False,False,False
451305,Burleson St. Joseph Health Center,TX,HSI00001427,12648943.0,15214483.0,1,365,2024-07-01..2025-06-30,False,False,False
050149,California Hospital Medical Center,CA,HSI00001427,595259693.0,608981812.0,1,366,2024-01-01..2024-12-31,False,False,False
351318,Carrington Health Center,ND,HSI00001427,12817623.0,12703389.0,1,365,2024-07-01..2025-06-30,False,False,False
170110,Centura Bob Wilson Memorial Hospital,KS,HSI00001427,10559893.0,,,,,,False,False
060013,Centura Mercy Hospital,CO,HSI00001427,270352250.0,292854413.0,1,365,2024-07-01..2025-06-30,False,False,False
060031,Centura Penrose Hospital,CO,HSI00001427,809667905.0,781454512.0,1,365,2024-07-01..2025-06-30,False,False,False
060015,Centura St Anthony Hospital,CO,HSI00001427,483234007.0,525291502.0,1,365,2024-07-01..2025-06-30,False,False,False
170175,Centura St Catherine - Dodge City,KS,HSI00001427,50597410.0,46344174.0,1,365,2024-07-01..2025-06-30,False,False,False
060104,Centura St. Anthony North Hospital,CO,HSI00001427,268308828.0,349632314.0,1,365,2024-07-01..2025-06-30,False,False,False
060118,Centura St. Anthony Summit Hospital,CO,HSI00001427,121468294.0,148701341.0,2,536,2024-01-12..2025-06-30,True,False,False
170023,Centura St. Catherine - Garden City,KS,HSI00001427,107140773.0,110429300.0,1,365,2024-07-01..2025-06-30,False,False,False
060044,Centura St. Elizabeth Hospital,CO,HSI00001427,42161336.0,42218451.0,1,365,2024-07-01..2025-06-30,False,False,False
060012,Centura St. Mary Corwin Hospital,CO,HSI00001427,121811147.0,138965299.0,1,365,2024-07-01..2025-06-30,False,False,False
061344,Centura St. Thomas More Hospital,CO,HSI00001427,83698254.0,97139586.0,1,365,2024-07-01..2025-06-30,False,False,False
030036,Chandler Regional Medical Center,AZ,HSI00001427,763727931.0,803678457.0,1,366,2024-01-01..2024-12-31,False,False,False
161309,Chi Health - Missouri Valley,IA,HSI00001427,31059460.0,36642568.0,1,365,2024-07-01..2025-06-30,False,False,False
280060,Chi Health Creighton University Berg,NE,HSI00001427,557861550.0,664510222.0,1,365,2024-07-01..2025-06-30,False,False,False
280009,Chi Health Good Samaritan,NE,HSI00001427,174522398.0,,,,,,False,False
280081,Chi Health Immanuel,NE,HSI00001427,187854470.0,,,,,,False,False
280130,Chi Health Lakeside,NE,HSI00001427,200287534.0,222099369.0,1,365,2024-07-01..2025-06-30,False,False,False
161304,Chi Health Mercy Corning,IA,HSI00001427,19302284.0,25835195.0,1,365,2024-07-01..2025-06-30,False,False,False
160028,Chi Health Mercy Council Bluffs,IA,HSI00001427,98484682.0,122316646.0,1,365,2024-07-01..2025-06-30,False,False,False
280105,Chi Health Midlands,NE,HSI00001427,40750742.0,49265577.0,1,365,2024-07-01..2025-06-30,False,False,False
281346,Chi Health Plainview,NE,HSI00001427,12448519.0,13375638.0,1,365,2024-07-01..2025-06-30,False,False,False
281323,Chi Health Schuyler,NE,HSI00001427,14712440.0,16252965.0,1,365,2024-07-01..2025-06-30,False,False,False
280020,Chi Health St. Elizabeth,NE,HSI00001427,163576959.0,202198840.0,1,365,2024-07-01..2025-06-30,False,False,False
280023,Chi Health St. Francis,NE,HSI00001427,116489303.0,140791266.0,1,365,2024-07-01..2025-06-30,False,False,False
110236,Chi Memorial Hospital - Georgia,GA,HSI00001427,20703059.0,22877832.0,1,365,2024-07-01..2025-06-30,False,False,False
357030,Chi Saint Alexius Health Williston Medical Center,ND,HSI00001427,,,,,,,False,False
047099,Chi Saint Vincent Morrilton,AR,HSI00001427,,,,,,,False,False
450193,Chi St Lukes Health Baylor Med Ctr,TX,HSI00001427,1102475436.0,1447587234.0,1,365,2024-07-01..2025-06-30,False,False,False
450395,Chi St Lukes Health Mem Livingston,TX,HSI00001427,51774286.0,58237563.0,1,365,2024-07-01..2025-06-30,False,False,False
450211,Chi St Lukes Health Memorial Lufkin,TX,HSI00001427,154130499.0,182701793.0,1,365,2024-07-01..2025-06-30,False,False,False
451360,Chi St. Luke's Health Memorial San Augustine,TX,HSI00001427,,,,,,,False,False
050089,Community Hospital Of San Bernardino,CA,HSI00001427,319169838.0,335951746.0,1,366,2024-01-01..2024-12-31,False,False,False
460041,Davis Hospital & Medical Center,UT,HSI00001427,235142458.0,187166333.0,1,365,2024-07-01..2025-06-30,False,False,False
290058,Diginty Health St Rose Dominican,NV,HSI00001427,65074259.0,62842760.0,1,366,2024-01-01..2024-12-31,False,False,False
050242,Dominican Hospital,CA,HSI00001427,499020564.0,506880635.0,1,365,2024-07-01..2025-06-30,False,False,False
501335,Enumclaw Regional Hospital Dba Seh,WA,HSI00001427,75073340.0,74036289.0,1,365,2024-07-01..2025-06-30,False,False,False
180025,Flaget Memorial Hospital,KY,HSI00001427,86177439.0,114472400.0,1,365,2024-07-01..2025-06-30,False,False,False
050232,French Hospital Medical Center,CA,HSI00001427,232243087.0,253147228.0,1,366,2024-01-01..2024-12-31,False,False,False
351303,Garrison Memorial Hospital,ND,HSI00001427,10075751.0,11769815.0,1,365,2024-07-01..2025-06-30,False,False,False
050058,Glendale Memorial Hospital & Hlth Ct,CA,HSI00001427,266975374.0,287644181.0,1,366,2024-01-01..2024-12-31,False,False,False
360134,Good Samaritan Hospital,OH,HSI00001427,870862545.0,972153399.0,1,365,2024-07-01..2025-06-30,False,False,False
171370,Goodland Regional Medical Center,KS,HSI00001427,20760212.0,20626012.0,1,366,2024-01-01..2024-12-31,False,False,False
451322,Grimes St. Joseph Health Center,TX,HSI00001427,18504908.0,21838108.0,1,365,2024-07-01..2025-06-30,False,False,False
500039,Harrison Medical Center,WA,HSI00001427,653405769.0,820220058.0,1,365,2024-07-01..2025-06-30,False,False,False
500011,Highline Medical Center,WA,HSI00001427,168786179.0,232441256.0,1,365,2024-07-01..2025-06-30,False,False,False
460051,Holy Cross Hospital - Jordan Valley,UT,HSI00001427,,291611415.0,1,365,2024-07-01..2025-06-30,False,False,False
460008,Holy Cross Hospital - Jordan Valley West,UT,HSI00001427,,,,,,,False,False
460003,Holy Cross Hospital - Salt Lake,UT,HSI00001427,,45193475.0,1,365,2024-07-01..2025-06-30,False,False,False
241301,Lakewood Health Center,MN,HSI00001427,14324413.0,20770829.0,1,365,2024-07-01..2025-06-30,False,False,False
351328,Linton Hospital,ND,HSI00001427,9078851.0,9738033.0,1,366,2024-01-01..2024-12-31,False,False,False
351311,Lisbon Area Health Services,ND,HSI00001427,11257524.0,10240337.0,1,365,2024-07-01..2025-06-30,False,False,False
060003,Longmont United Hospital,CO,HSI00001427,87702144.0,93304520.0,1,366,2024-01-01..2024-12-31,False,False,False
451316,Madison St. Joseph Health Center,TX,HSI00001427,14365478.0,15385380.0,1,365,2024-07-01..2025-06-30,False,False,False
050107,Marian Medical Center,CA,HSI00001427,751473095.0,804837630.0,1,365,2024-07-01..2025-06-30,False,False,False
051332,Mark Twain Medical Center,CA,HSI00001427,80659692.0,86576754.0,1,366,2024-01-01..2024-12-31,False,False,False
281359,Memorial Community Hospital,NE,HSI00001427,50035853.0,50581698.0,1,366,2024-01-01..2024-12-31,False,False,False
440091,Memorial Health Care System Inc.,TN,HSI00001427,583909277.0,641240599.0,1,365,2024-07-01..2025-06-30,False,False,False
050017,Mercy General Hospital,CA,HSI00001427,691587019.0,791217017.0,1,365,2024-07-01..2025-06-30,False,False,False
030119,Mercy Gilbert Medical Center,AZ,HSI00001427,381930146.0,431092319.0,1,365,2024-07-01..2025-06-30,False,False,False
351333,Mercy Hospital,ND,HSI00001427,25934364.0,,,,,,False,False
050295,Mercy Hospital,CA,HSI00001427,371217716.0,416883811.0,1,365,2024-07-01..2025-06-30,False,False,False
050414,Mercy Hospital Of Folsom,CA,HSI00001427,287767222.0,301619809.0,1,365,2024-07-01..2025-06-30,False,False,False
351324,Mercy Hospital Of Valley City,ND,HSI00001427,13212536.0,,,,,,False,False
351334,Mercy Medical Center,ND,HSI00001427,85164922.0,,,,,,False,False
380027,Mercy Medical Center,OR,HSI00001427,247098732.0,282979626.0,1,365,2024-07-01..2025-06-30,False,False,False
050444,Mercy Medical Center Merced,CA,HSI00001427,385234921.0,431451788.0,1,365,2024-07-01..2025-06-30,False,False,False
051319,Mercy Medical Center Mt. Shasta,CA,HSI00001427,65412907.0,71957986.0,1,365,2024-07-01..2025-06-30,False,False,False
050280,Mercy Medical Center Redding,CA,HSI00001427,588461804.0,622694038.0,1,365,2024-07-01..2025-06-30,False,False,False
050516,Mercy San Juan Medical Center,CA,HSI00001427,756278202.0,784324178.0,1,365,2024-07-01..2025-06-30,False,False,False
050590,Methodist Hospital Of Sacramento,CA,HSI00001427,351889262.0,381870981.0,1,366,2024-01-01..2024-12-31,False,False,False
431325,Mobridge Regional Hospital,SD,HSI00001427,25980812.0,28572252.0,1,366,2023-10-01..2024-09-30,False,False,False
050116,Northridge Medical Center - Roscoe,CA,HSI00001427,520904804.0,571747298.0,1,366,2024-01-01..2024-12-31,False,False,False
351315,Oakes Community Hospital,ND,HSI00001427,10978166.0,10553020.0,1,365,2024-07-01..2025-06-30,False,False,False
171307,Rawlins County Health Center,KS,HSI00001427,8497571.0,8386448.0,1,365,2024-07-01..2025-06-30,False,False,False
050152,Saint Francis Memorial Hospital,CA,HSI00001427,194620731.0,175544332.0,1,366,2024-01-01..2024-12-31,False,False,False
050616,Saint Johns Hospital Camarillo,CA,HSI00001427,,,,,,,False,False
181329,Saint Joseph Berea,KY,HSI00001427,40021177.0,58921677.0,1,365,2024-07-01..2025-06-30,False,False,False
180143,Saint Joseph East,KY,HSI00001427,209478079.0,200624159.0,1,365,2024-07-01..2025-06-30,False,False,False
180010,Saint Joseph Hospital,KY,HSI00001427,322784411.0,398402498.0,1,365,2024-07-01..2025-06-30,False,False,False
180011,Saint Joseph London,KY,HSI00001427,173695310.0,252399758.0,1,365,2024-07-01..2025-06-30,False,False,False
180064,Saint Joseph Mount Sterling,KY,HSI00001427,64151643.0,94415662.0,1,365,2024-07-01..2025-06-30,False,False,False
357013,Saint Josephs Hospital And Health Center,ND,HSI00001427,,,,,,,False,False
281342,Saint Marys Hospital,NE,HSI00001427,39456341.0,46925148.0,1,365,2024-07-01..2025-06-30,False,False,False
050197,Sequoia Hospital,CA,HSI00001427,321826164.0,326128376.0,1,366,2024-01-01..2024-12-31,False,False,False
050150,Sierra Nevada Memorial Hospital,CA,HSI00001427,200747878.0,213603383.0,1,366,2024-01-01..2024-12-31,False,False,False
350002,St Alexius Medical Center,ND,HSI00001427,231431169.0,,,,,,False,False
500151,St Anthony Hospital,WA,HSI00001427,200083359.0,243190856.0,1,365,2024-07-01..2025-06-30,False,False,False
500021,St Clare Hospital,WA,HSI00001427,146826080.0,192895950.0,1,365,2024-07-01..2025-06-30,False,False,False
050042,St Elizabeth  Community Hosptial,CA,HSI00001427,159178753.0,185327788.0,1,365,2024-07-01..2025-06-30,False,False,False
500141,St Francis Hospital,WA,HSI00001427,274184455.0,324177165.0,1,365,2024-07-01..2025-06-30,False,False,False
500108,St Joseph Medical Center,WA,HSI00001427,690555893.0,869631319.0,1,365,2024-07-01..2025-06-30,False,False,False
351336,St Josephs Hospital & Health Ctr,ND,HSI00001427,70035866.0,76364152.0,1,365,2024-07-01..2025-06-30,False,False,False
670075,St Lukes Hospital At The Vintage,TX,HSI00001427,103163378.0,111291828.0,1,365,2024-07-01..2025-06-30,False,False,False
040007,St Vincent Infirmary Medical Center,AR,HSI00001427,392693683.0,411933756.0,1,365,2024-07-01..2025-06-30,False,False,False
040137,St Vincent North,AR,HSI00001427,72123034.0,73156050.0,1,365,2024-07-01..2025-06-30,False,False,False
381319,St. Anthony Hospital,OR,HSI00001427,93187653.0,107535119.0,1,304,2024-07-01..2025-04-30,True,False,False
050129,St. Bernardine Medical Center,CA,HSI00001427,442727350.0,498450057.0,1,365,2024-07-01..2025-06-30,False,False,False
241377,St. Francis Medical Center,MN,HSI00001427,22031411.0,26255589.0,1,365,2024-07-01..2025-06-30,False,False,False
241370,St. Gabriels Hospital,MN,HSI00001427,68841958.0,77362807.0,1,365,2024-07-01..2025-06-30,False,False,False
050082,St. Johns Regional Medical Center,CA,HSI00001427,553392505.0,628217041.0,1,365,2024-07-01..2025-06-30,False,False,False
450299,St. Joseph Health College Station Hospital,TX,HSI00001427,,,,,,,False,False
450011,St. Joseph Regional Health Center,TX,HSI00001427,398996096.0,410694092.0,1,365,2024-07-01..2025-06-30,False,False,False
241380,St. Josephs Area Health Services,MN,HSI00001427,46471252.0,44005214.0,1,365,2024-07-01..2025-06-30,False,False,False
030024,St. Josephs Hospital & Medical Ctr,AZ,HSI00001427,1314767742.0,1501523444.0,1,365,2024-07-01..2025-06-30,False,False,False
050084,St. Josephs Medical Center,CA,HSI00001427,728511754.0,782306395.0,1,365,2024-07-01..2025-06-30,False,False,False
670031,St. Lukes Patients Medical Center,TX,HSI00001427,72131453.0,71193246.0,1,365,2024-07-01..2025-06-30,False,False,False
670053,St. Lukes Sugar Land Hospital,TX,HSI00001427,84909640.0,99566613.0,1,365,2024-07-01..2025-06-30,False,False,False
450862,St. Lukes The Woodlands Hospital,TX,HSI00001427,303220573.0,360969669.0,1,365,2024-07-01..2025-06-30,False,False,False
050191,St. Mary Medical Center,CA,HSI00001427,387501668.0,393975940.0,1,365,2024-07-01..2025-06-30,False,False,False
050457,St. Marys Medical Center,CA,HSI00001427,194950360.0,198635711.0,1,334,2024-08-01..2025-06-30,True,False,False
290012,St. Rose Dominican - Delima,NV,HSI00001427,21765787.0,33215550.0,1,365,2024-07-01..2025-06-30,False,False,False
290053,St. Rose Dominican - San Martin,NV,HSI00001427,179512128.0,189716904.0,1,365,2024-07-01..2025-06-30,False,False,False
290045,St. Rose Dominican - Siena,NV,HSI00001427,495999287.0,574832516.0,1,365,2024-07-01..2025-06-30,False,False,False
040026,St. Vincent Hot Springs,AR,HSI00001427,258623974.0,,,,,,False,False
041324,St. Vincent Morrilton,AR,HSI00001427,17510150.0,19935078.0,1,365,2024-07-01..2025-06-30,False,False,False
171335,Stevens County Hospital,KS,HSI00001427,17008467.0,18996939.0,1,366,2024-01-01..2024-12-31,False,False,False
173446,Stevens County Hospital,KS,HSI00001427,,,,,,,False,False
180087,Taylor Regional Hospital,KY,HSI00001427,109898882.0,141547880.0,1,365,2024-07-01..2025-06-30,False,False,False
360211,Trinity Hospital Holding Company,OH,HSI00001427,244311348.0,272678202.0,1,365,2024-07-01..2025-06-30,False,False,False
351304,Turtle Lake Community Hospital,ND,HSI00001427,4489895.0,7205663.0,1,365,2024-07-01..2025-06-30,False,False,False
361302,Twin City Hospital,OH,HSI00001427,23789115.0,21202938.0,1,365,2024-07-01..2025-06-30,False,False,False
247279,Unity Family Healthcare,MN,HSI00001427,,,,,,,False,False
500005,Virginia Mason Medical Center,WA,HSI00001427,1156188134.0,1286887370.0,1,365,2024-07-01..2025-06-30,False,False,False
050127,Woodland Healthcare,CA,HSI00001427,226616370.0,235314763.0,1,366,2024-01-01..2024-12-31,False,False,False
030012,Yavapai Regional Medical Center,AZ,HSI00001427,428079768.0,463500903.0,1,366,2024-01-01..2024-12-31,False,False,False
030118,Yavapai Regional Medical Center East Campus,AZ,HSI00001427,,,,,,,False,False
490067,Bon Secours Southside Medical Center,VA,HSI00001428,261505389.0,287263082.0,1,366,2024-01-01..2024-12-31,False,False,False
420065,Bon Secours St. Francis Xavier Hospi,SC,HSI00001428,304636940.0,535820913.0,1,366,2024-01-01..2024-12-31,False,False,False
360236,Clermont Mercy Hospital,OH,HSI00001428,152709630.0,161570471.0,1,366,2024-01-01..2024-12-31,False,False,False
360016,Jewish Hospital Of Cincinnati,OH,HSI00001428,338365755.0,349725131.0,1,366,2024-01-01..2024-12-31,False,False,False
181301,Marcum & Wallace Memorial Hospital,KY,HSI00001428,16831211.0,30500842.0,1,366,2024-01-01..2024-12-31,False,False,False
490041,Mary Immaculate Hospital,VA,HSI00001428,184569118.0,188193719.0,1,91,2024-09-01..2024-11-30,True,False,False
490017,Maryview Hospital,VA,HSI00001428,347982947.0,386499479.0,1,91,2024-09-01..2024-11-30,True,False,False
490069,Memorial Regional Medical Center,VA,HSI00001428,389509957.0,453458344.0,1,91,2024-09-01..2024-11-30,True,False,False
361306,Mercy Allen Hospital,OH,HSI00001428,26993024.0,31001313.0,1,366,2024-01-01..2024-12-31,False,False,False
360056,Mercy Health - Fairfield Hospital,OH,HSI00001428,289367817.0,289003344.0,1,366,2024-01-01..2024-12-31,False,False,False
361312,Mercy Health - Urbana Hospital,OH,HSI00001428,28080978.0,26804709.0,1,366,2024-01-01..2024-12-31,False,False,False
180102,Mercy Health Lourdes Hospital Llc,KY,HSI00001428,319168927.0,333116239.0,1,366,2024-01-01..2024-12-31,False,False,False
360262,Mercy Health Saint Anne Hospital Llc,OH,HSI00001428,,,,,,,False,False
360081,Mercy Health Saint Charles Hospital,OH,HSI00001428,,,,,,,False,False
360234,Mercy Health West Hospital,OH,HSI00001428,278477130.0,282560320.0,1,366,2024-01-01..2024-12-31,False,False,False
360089,Mercy Health-Tiffin  Hospital Llc,OH,HSI00001428,103717280.0,112957200.0,1,366,2024-01-01..2024-12-31,False,False,False
361310,Mercy Health-Willard Hospital Llc,OH,HSI00001428,28735393.0,32127335.0,1,366,2024-01-01..2024-12-31,False,False,False
360001,Mercy Hospital Anderson,OH,HSI00001428,261434860.0,267916891.0,1,366,2024-01-01..2024-12-31,False,False,False
360270,Mercy Hospital Of Defiance  Llc,OH,HSI00001428,51550740.0,57450373.0,1,366,2024-01-01..2024-12-31,False,False,False
360172,Mercy Regional Medical Center,OH,HSI00001428,221806960.0,222062864.0,1,366,2024-01-01..2024-12-31,False,False,False
491308,Rappahannock General Hospital,VA,HSI00001428,42165101.0,48129786.0,1,91,2024-09-01..2024-11-30,True,False,False
490094,Richmond Community Hospital,VA,HSI00001428,254877005.0,286106313.0,1,91,2024-09-01..2024-11-30,True,False,False
420087,Roper Hospital  Inc.,SC,HSI00001428,400756321.0,495760991.0,1,366,2024-01-01..2024-12-31,False,False,False
420110,Roper St. Francis Hospital-Berkeley,SC,HSI00001428,118979448.0,150055587.0,1,366,2024-01-01..2024-12-31,False,False,False
420104,Roper St. Francis Mt Pleasant Hospit,SC,HSI00001428,107287424.0,133292384.0,1,366,2024-01-01..2024-12-31,False,False,False
490092,Southampton Memorial Hospital,VA,HSI00001428,51401020.0,47386865.0,1,366,2024-01-01..2024-12-31,False,False,False
490097,Southern Virginia Regional Med. Ctr.,VA,HSI00001428,26103271.0,28638862.0,1,366,2024-01-01..2024-12-31,False,False,False
360086,Springfield Regional Medical Center,OH,HSI00001428,313586476.0,330351968.0,1,366,2024-01-01..2024-12-31,False,False,False
360276,St Elizabeth Boardman Health Ctr,OH,HSI00001428,290463668.0,313462515.0,1,366,2024-01-01..2024-12-31,False,False,False
360112,St Vincent Medical Center,OH,HSI00001428,921890436.0,1062979840.0,1,366,2024-01-01..2024-12-31,False,False,False
360064,St. Elizabeth Health Center,OH,HSI00001428,459983681.0,504000548.0,1,366,2024-01-01..2024-12-31,False,False,False
420023,St. Francis Hospital Inc,SC,HSI00001428,691361356.0,747569195.0,1,91,2024-09-01..2024-11-30,True,False,False
490136,St. Francis Medical Center,VA,HSI00001428,339594401.0,423970659.0,1,91,2024-09-01..2024-11-30,True,False,False
360161,St. Joseph Health Center,OH,HSI00001428,206727001.0,223933876.0,1,366,2024-01-01..2024-12-31,False,False,False
490059,St. Marys Hospital,VA,HSI00001428,688942398.0,776646944.0,1,91,2024-09-01..2024-11-30,True,False,False
360066,St. Ritas Medical Center Llc,OH,HSI00001428,511854113.0,531444673.0,1,366,2024-01-01..2024-12-31,False,False,False
330111,Bertrand Chaffee Hospital,NY,HSI00001430,28558328.0,31027417.0,1,366,2024-01-01..2024-12-31,False,False,False
330102,Kenmore Mercy Hospital,NY,HSI00001430,187604843.0,206894124.0,1,366,2024-01-01..2024-12-31,False,False,False
330279,Mercy Hospital Of Buffalo,NY,HSI00001430,446527624.0,514120149.0,1,366,2024-01-01..2024-12-31,False,False,False
330188,Mount St. Marys Hospital,NY,HSI00001430,98061683.0,118655942.0,1,366,2024-01-01..2024-12-31,False,False,False
330078,Sisters Of Charity Hospital,NY,HSI00001430,341388735.0,397753035.0,1,366,2024-01-01..2024-12-31,False,False,False
170013,Hays Medical Center  Inc.,KS,HSI00001431,215121305.0,254907557.0,1,365,2024-07-01..2025-06-30,False,False,False
171345,Pawnee Valley Community Hospital,KS,HSI00001431,20256173.0,20890033.0,1,365,2024-07-01..2025-06-30,False,False,False
500051,Overlake Hospital Medical Center,WA,HSI00001436,675123014.0,806134615.0,1,365,2024-07-01..2025-06-30,False,False,False
310045,Englewood Hospital & Med Ctr,NJ,HSI00001442,1062660425.0,1162115092.0,1,366,2024-01-01..2024-12-31,False,False,False
050145,Community Hosp. Monterey Peninsula,CA,HSI00001443,905131143.0,877985498.0,1,366,2024-01-01..2024-12-31,False,False,False
020012,Fairbanks Memorial,AK,HSI00001446,318311036.0,290330470.0,1,366,2024-01-01..2024-12-31,False,False,False
301310,Androscoggin Valley Hospital,NH,HSI00001447,90373134.0,83933286.0,1,366,2023-10-01..2024-09-30,False,False,False
301303,Weeks Medical Center,NH,HSI00001447,76437388.0,76924263.0,1,366,2023-10-01..2024-09-30,False,False,False
303975,Weeks Medical Center,NH,HSI00001447,,,,,,,False,False
230217,Oaklawn Hospital,MI,HSI00001449,156589054.0,184983491.0,1,365,2024-04-01..2025-03-31,False,False,False
220010,Lawrence General Hospital,MA,HSI00001458,309320000.0,305854044.0,1,366,2023-10-01..2024-09-30,False,False,False
050779,Martin Luther King Community Hosp,CA,HSI00001464,142379855.0,175201317.0,1,365,2024-07-01..2025-06-30,False,False,False
140289,Anderson Hospital,IL,HSI00001473,182086894.0,193203237.0,1,366,2024-01-01..2024-12-31,False,False,False
360008,Southern Ohio Medical Center,OH,HSI00001481,424296379.0,454711974.0,1,365,2024-07-01..2025-06-30,False,False,False
053300,Valley Childrens Hospital,CA,HSI00001497,719923229.0,799353531.0,1,366,2023-10-01..2024-09-30,False,False,False
490050,Virginia Hospital Center Arlington,VA,HSI00001499,678312768.0,696241304.0,1,366,2024-01-01..2024-12-31,False,False,False
063301,Childrens Hospital Colorado,CO,HSI00001500,1474292694.0,1584230235.0,1,366,2024-01-01..2024-12-31,False,False,False
260068,Boone Hospital Center,MO,HSI00001501,346527763.0,426067415.0,1,366,2024-01-01..2024-12-31,False,False,False
140208,Advocate Christ Hospital,IL,HSI00001526,1499785407.0,1630421414.0,1,366,2024-01-01..2024-12-31,False,False,False
140288,Advocate Good Samaritan Hospital,IL,HSI00001526,470163487.0,492789912.0,1,366,2024-01-01..2024-12-31,False,False,False
140223,Advocate Lutheran General Hospital,IL,HSI00001526,1203340285.0,1295737842.0,1,366,2024-01-01..2024-12-31,False,False,False
140182,Advocate North Side Health Network,IL,HSI00001526,786171902.0,863597680.0,1,366,2024-01-01..2024-12-31,False,False,False
140030,Advocate Sherman Hospital,IL,HSI00001526,367034513.0,391700838.0,1,366,2024-01-01..2024-12-31,False,False,False
140250,Advocate South Suburban Hospital,IL,HSI00001526,,,,,,,False,False
140048,Advocate Southland Health Network,IL,HSI00001526,381698394.0,423041127.0,1,366,2024-01-01..2024-12-31,False,False,False
110107,Ahn The Medical Center,GA,HSI00001526,828762110.0,910182597.0,1,366,2024-01-01..2024-12-31,False,False,False
341320,Alleghany Memorial Hospital,NC,HSI00001526,12170476.0,13081616.0,1,366,2023-10-01..2024-09-30,False,False,False
340084,Atrium Health Anson,NC,HSI00001526,29326757.0,36400198.0,1,366,2024-01-01..2024-12-31,False,False,False
340001,Atrium Health Cabarrus,NC,HSI00001526,868173120.0,956010891.0,1,366,2024-01-01..2024-12-31,False,False,False
340021,Atrium Health Cleveland,NC,HSI00001526,348180255.0,387891687.0,1,366,2024-01-01..2024-12-31,False,False,False
340037,Atrium Health Kings Mountain,NC,HSI00001526,,,,,,,False,False
340145,Atrium Health Lincoln,NC,HSI00001526,171750018.0,195777282.0,1,366,2024-01-01..2024-12-31,False,False,False
340180,Atrium Health Mercy,NC,HSI00001526,,,,,,,False,False
110150,Atrium Health Navicent Baldwin,GA,HSI00001526,60252013.0,65615191.0,1,366,2024-01-01..2024-12-31,False,False,False
111310,Atrium Health Navicent Peach,GA,HSI00001526,33540519.0,42214457.0,1,366,2024-01-01..2024-12-31,False,False,False
340098,Atrium Health Pineville,NC,HSI00001526,652261319.0,715050684.0,1,366,2024-01-01..2024-12-31,False,False,False
340119,Atrium Health Stanly,NC,HSI00001526,118862798.0,128300746.0,1,366,2024-01-01..2024-12-31,False,False,False
340130,Atrium Health Union,NC,HSI00001526,378253943.0,416990509.0,1,366,2024-01-01..2024-12-31,False,False,False
340166,Atrium Health University City,NC,HSI00001526,341166102.0,364354499.0,1,366,2024-01-01..2024-12-31,False,False,False
520193,Aurora Baycare Medical Center,WI,HSI00001526,577133174.0,630157790.0,1,366,2024-01-01..2024-12-31,False,False,False
520138,Aurora Health Care Metro  Inc.,WI,HSI00001526,1896437648.0,2011486383.0,1,366,2024-01-01..2024-12-31,False,False,False
520102,Aurora Lakeland Medical Center,WI,HSI00001526,87021152.0,92650942.0,1,366,2024-01-01..2024-12-31,False,False,False
520034,Aurora Med Ctr Of Manitowoc County,WI,HSI00001526,100534952.0,105483603.0,1,366,2024-01-01..2024-12-31,False,False,False
520113,Aurora Medical Center - Bay Area,WI,HSI00001526,89523295.0,102863742.0,1,366,2024-01-01..2024-12-31,False,False,False
520038,Aurora Medical Center - Hartford,WI,HSI00001526,80772094.0,84885285.0,1,366,2024-01-01..2024-12-31,False,False,False
520206,Aurora Medical Center - Summit,WI,HSI00001526,211374938.0,235570631.0,1,366,2024-01-01..2024-12-31,False,False,False
520207,Aurora Medical Center Grafton,WI,HSI00001526,330572805.0,358106726.0,1,366,2024-01-01..2024-12-31,False,False,False
520189,Aurora Medical Center Kenosha,WI,HSI00001526,347392878.0,390711650.0,1,366,2024-01-01..2024-12-31,False,False,False
520198,Aurora Medical Center Oshkosh,WI,HSI00001526,231369766.0,251230012.0,1,366,2024-01-01..2024-12-31,False,False,False
520035,Aurora Medical Ctr Sheboygan County,WI,HSI00001526,252716399.0,263369520.0,1,366,2024-01-01..2024-12-31,False,False,False
520064,Aurora Sinai Medical Center,WI,HSI00001526,,,,,,,False,False
520139,Aurora West Allis Medical Center,WI,HSI00001526,319595421.0,342264364.0,1,366,2024-01-01..2024-12-31,False,False,False
340113,Carolinas Medical Center,NC,HSI00001526,3733636671.0,4063998716.0,1,366,2024-01-01..2024-12-31,False,False,False
010022,Cherokee Medical Center,AL,HSI00001526,15463745.0,17038345.0,1,366,2024-01-01..2024-12-31,False,False,False
340068,Columbus Regional Healthcare System,NC,HSI00001526,112540651.0,136915954.0,1,366,2023-10-01..2024-09-30,False,False,False
140202,Condell Medical Center,IL,HSI00001526,434284568.0,421910200.0,1,366,2024-01-01..2024-12-31,False,False,False
340187,Davie Medical Center,NC,HSI00001526,139284298.0,140558580.0,1,61,2024-01-01..2024-03-01,True,False,False
110054,Floyd Medical Center,GA,HSI00001526,485730076.0,568496159.0,1,366,2024-01-01..2024-12-31,False,False,False
140291,Good Shepherd Hospital,IL,HSI00001526,383537919.0,411497611.0,1,366,2024-01-01..2024-12-31,False,False,False
420072,Hampton Regional Medical Center,SC,HSI00001526,27692299.0,32282111.0,1,366,2023-10-01..2024-09-30,False,False,False
340004,High Point Medical Center,NC,HSI00001526,472953502.0,462012774.0,1,366,2024-01-01..2024-12-31,False,False,False
340096,Lexington Memorial Hospital  Inc.,NC,HSI00001526,150391810.0,161636427.0,1,366,2024-01-01..2024-12-31,False,False,False
520059,Memorial Hospital Of Burlington,WI,HSI00001526,131726761.0,139095468.0,1,366,2024-01-01..2024-12-31,False,False,False
111318,Monroe County Hospital,GA,HSI00001526,13237333.0,16882552.0,1,366,2023-10-01..2024-09-30,False,False,False
340047,North Carolina Baptist Hospital,NC,HSI00001526,2718737845.0,2392654213.0,1,366,2024-01-01..2024-12-31,False,False,False
111330,Polk Medical Center,GA,HSI00001526,46043686.0,42361043.0,1,366,2024-01-01..2024-12-31,False,False,False
111313,Putnam General Hospital,GA,HSI00001526,20512033.0,15930181.0,1,366,2023-10-01..2024-09-30,False,False,False
340008,Scotland Memorial Hospital,NC,HSI00001526,220481034.0,244248126.0,1,366,2023-10-01..2024-09-30,False,False,False
341322,St Lukes Hospital,NC,HSI00001526,44046452.0,50094516.0,1,366,2023-10-01..2024-09-30,False,False,False
341313,Wake Forest Baptist Health Davie Medical Center,NC,HSI00001526,,,,,,,False,False
340064,Wrmc Hospital Operating Corporation,NC,HSI00001526,142742978.0,153633917.0,1,366,2024-01-01..2024-12-31,False,False,False
260078,Ozarks Medical Center,MO,HSI00001529,145776145.0,171800956.0,1,366,2024-01-01..2024-12-31,False,False,False
310047,Shore Memorial Hospital,NJ,HSI00001532,247528189.0,250669894.0,1,366,2024-01-01..2024-12-31,False,False,False
140186,Riverside Medical Center,IL,HSI00001533,434453319.0,458437224.0,1,366,2024-01-01..2024-12-31,False,False,False
521347,Western Wisconsin Health,WI,HSI00001540,66486015.0,73647254.0,1,366,2023-10-01..2024-09-30,False,False,False
528504,Western Wisconsin Health,WI,HSI00001540,,,,,,,False,False
050030,Oroville Hospital,CA,HSI00001546,382116003.0,404002228.0,1,366,2023-12-01..2024-11-30,False,False,False
150115,Memorial Hosp & Health Care Ctr,IN,HSI00001560,259088848.0,278788377.0,1,92,2024-07-01..2024-09-30,True,False,False
360040,Knox Community Hospital,OH,HSI00001580,212019640.0,198780933.0,1,366,2024-01-01..2024-12-31,False,False,False
