system_id,system_name,hq_city,hq_state,footprint_states,n_footprint_states,hq_state_in_footprint,n_hospitals,n_acute_hospitals,total_beds,any_high_dsh_hospital,ownership_code,ownership_label,pct_nonprofit_acute_beds,n_acute_non_nonprofit,compendium_edition,source_url,source_as_of,mixed_ownership
HSI00001446,Foundation Health Partners,Fairbanks,AK,AK,1,True,1,1,122.0,0.0,1,nonprofit,100.0,0,2023 (rev. 2025-09),https://www.ahrq.gov/sites/default/files/wysiwyg/chsp/compendium/chsp-compendium-2023-rev.xlsx,AHRQ Compendium 2023 (system file rev. 2025-09); systems as of end-2023,False
HSI00001003,Southeast Alaska Regional Health Consortium,Juneau,AK,AK,1,True,4,4,45.0,0.0,1,nonprofit,0.0,3,2023 (rev. 2025-09),https://www.ahrq.gov/sites/default/files/wysiwyg/chsp/compendium/chsp-compendium-2023-rev.xlsx,AHRQ Compendium 2023 (system file rev. 2025-09); systems as of end-2023,True
HSI00000217,Childrens of Alabama,Birmingham,AL,AL,1,True,1,1,351.0,0.0,1,nonprofit,100.0,0,2023 (rev. 2025-09),https://www.ahrq.gov/sites/default/files/wysiwyg/chsp/compendium/chsp-compendium-2023-rev.xlsx,AHRQ Compendium 2023 (system file rev. 2025-09); systems as of end-2023,False
HSI00000511,Infirmary Health System,Mobile,AL,AL,1,True,5,4,769.0,0.0,1,nonprofit,78.7,1,2023 (rev. 2025-09),https://www.ahrq.gov/sites/default/files/wysiwyg/chsp/compendium/chsp-compendium-2023-rev.xlsx,AHRQ Compendium 2023 (system file rev. 2025-09); systems as of end-2023,True
HSI00000050,Arkansas Childrens Hospital,Little Rock,AR,AR,1,True,2,2,350.0,0.0,1,nonprofit,100.0,0,2023 (rev. 2025-09),https://www.ahrq.gov/sites/default/files/wysiwyg/chsp/compendium/chsp-compendium-2023-rev.xlsx,AHRQ Compendium 2023 (system file rev. 2025-09); systems as of end-2023,False
HSI00000074,Baptist Health,Little Rock,AR,AR,1,True,12,10,1512.0,1.0,1,nonprofit,100.0,0,2023 (rev. 2025-09),https://www.ahrq.gov/sites/default/files/wysiwyg/chsp/compendium/chsp-compendium-2023-rev.xlsx,AHRQ Compendium 2023 (system file rev. 2025-09); systems as of end-2023,False
HSI00000090,Baxter Regional Medical Center,Mountain Home,AR,AR,1,True,1,1,169.0,0.0,1,nonprofit,100.0,0,2023 (rev. 2025-09),https://www.ahrq.gov/sites/default/files/wysiwyg/chsp/compendium/chsp-compendium-2023-rev.xlsx,AHRQ Compendium 2023 (system file rev. 2025-09); systems as of end-2023,False
HSI00000272,Conway Regional Health System,Conway,AR,AR,1,True,3,2,194.0,0.0,1,nonprofit,100.0,0,2023 (rev. 2025-09),https://www.ahrq.gov/sites/default/files/wysiwyg/chsp/compendium/chsp-compendium-2023-rev.xlsx,AHRQ Compendium 2023 (system file rev. 2025-09); systems as of end-2023,False
HSI00000527,Jefferson Hospital Association,Pine Bluff,AR,AR,1,True,1,1,245.0,1.0,1,nonprofit,100.0,0,2023 (rev. 2025-09),https://www.ahrq.gov/sites/default/files/wysiwyg/chsp/compendium/chsp-compendium-2023-rev.xlsx,AHRQ Compendium 2023 (system file rev. 2025-09); systems as of end-2023,False
HSI00000911,Saint Bernards Healthcare,Jonesboro,AR,AR,1,True,4,3,388.0,0.0,2,church-operated,100.0,0,2023 (rev. 2025-09),https://www.ahrq.gov/sites/default/files/wysiwyg/chsp/compendium/chsp-compendium-2023-rev.xlsx,AHRQ Compendium 2023 (system file rev. 2025-09); systems as of end-2023,False
HSI00001145,Unity Health,Searcy,AR,AR,1,True,5,4,179.0,0.0,1,nonprofit,100.0,0,2023 (rev. 2025-09),https://www.ahrq.gov/sites/default/files/wysiwyg/chsp/compendium/chsp-compendium-2023-rev.xlsx,AHRQ Compendium 2023 (system file rev. 2025-09); systems as of end-2023,False
HSI00001240,Washington Regional,Fayetteville,AR,AR,1,True,1,1,377.0,0.0,1,nonprofit,100.0,0,2023 (rev. 2025-09),https://www.ahrq.gov/sites/default/files/wysiwyg/chsp/compendium/chsp-compendium-2023-rev.xlsx,AHRQ Compendium 2023 (system file rev. 2025-09); systems as of end-2023,False
HSI00001260,White River Health System,Batesville,AR,AR,1,True,2,2,195.0,0.0,1,nonprofit,100.0,0,2023 (rev. 2025-09),https://www.ahrq.gov/sites/default/files/wysiwyg/chsp/compendium/chsp-compendium-2023-rev.xlsx,AHRQ Compendium 2023 (system file rev. 2025-09); systems as of end-2023,False
HSI00000073,Banner Health,Phoenix,AZ,AZ;CA;CO;NE;NV;WY,6,True,33,29,5258.0,1.0,1,nonprofit,99.7,1,2023 (rev. 2025-09),https://www.ahrq.gov/sites/default/files/wysiwyg/chsp/compendium/chsp-compendium-2023-rev.xlsx,AHRQ Compendium 2023 (system file rev. 2025-09); systems as of end-2023,True
HSI00000491,HonorHealth,Scottsdale,AZ,AZ,1,True,7,6,1406.0,0.0,1,nonprofit,100.0,0,2023 (rev. 2025-09),https://www.ahrq.gov/sites/default/files/wysiwyg/chsp/compendium/chsp-compendium-2023-rev.xlsx,AHRQ Compendium 2023 (system file rev. 2025-09); systems as of end-2023,False
HSI00000761,Northern Arizona Healthcare,Flagstaff,AZ,AZ,1,True,2,2,329.0,1.0,1,nonprofit,100.0,0,2023 (rev. 2025-09),https://www.ahrq.gov/sites/default/files/wysiwyg/chsp/compendium/chsp-compendium-2023-rev.xlsx,AHRQ Compendium 2023 (system file rev. 2025-09); systems as of end-2023,False
HSI00000824,Phoenix Childrens Hospital,Phoenix,AZ,AZ,1,True,1,1,383.0,0.0,1,nonprofit,100.0,0,2023 (rev. 2025-09),https://www.ahrq.gov/sites/default/files/wysiwyg/chsp/compendium/chsp-compendium-2023-rev.xlsx,AHRQ Compendium 2023 (system file rev. 2025-09); systems as of end-2023,False
HSI00001400,Summit Healthcare,Show Low,AZ,AZ,1,True,1,1,89.0,0.0,1,nonprofit,100.0,0,2023 (rev. 2025-09),https://www.ahrq.gov/sites/default/files/wysiwyg/chsp/compendium/chsp-compendium-2023-rev.xlsx,AHRQ Compendium 2023 (system file rev. 2025-09); systems as of end-2023,False
HSI00001055,TMC Healthcare,Tucson,AZ,AZ,1,True,3,3,519.0,0.0,1,nonprofit,95.4,1,2023 (rev. 2025-09),https://www.ahrq.gov/sites/default/files/wysiwyg/chsp/compendium/chsp-compendium-2023-rev.xlsx,AHRQ Compendium 2023 (system file rev. 2025-09); systems as of end-2023,True
HSI00001275,Yuma Regional Medical Center,Yuma,AZ,AZ,1,True,1,1,430.0,0.0,1,nonprofit,100.0,0,2023 (rev. 2025-09),https://www.ahrq.gov/sites/default/files/wysiwyg/chsp/compendium/chsp-compendium-2023-rev.xlsx,AHRQ Compendium 2023 (system file rev. 2025-09); systems as of end-2023,False
HSI00000011,Adventist Health,Roseville,CA,CA;HI;OR,3,True,28,25,2976.0,1.0,2,church-operated,100.0,0,2023 (rev. 2025-09),https://www.ahrq.gov/sites/default/files/wysiwyg/chsp/compendium/chsp-compendium-2023-rev.xlsx,AHRQ Compendium 2023 (system file rev. 2025-09); systems as of end-2023,False
HSI00000086,Barton Health,South Lake Tahoe,CA,CA;NV,2,True,2,2,86.0,0.0,1,nonprofit,100.0,0,2023 (rev. 2025-09),https://www.ahrq.gov/sites/default/files/wysiwyg/chsp/compendium/chsp-compendium-2023-rev.xlsx,AHRQ Compendium 2023 (system file rev. 2025-09); systems as of end-2023,False
HSI00000214,CHOC Childrens,Orange,CA,CA,1,True,2,2,334.0,0.0,1,nonprofit,100.0,0,2023 (rev. 2025-09),https://www.ahrq.gov/sites/default/files/wysiwyg/chsp/compendium/chsp-compendium-2023-rev.xlsx,AHRQ Compendium 2023 (system file rev. 2025-09); systems as of end-2023,False
HSI00000190,Cedars Sinai Health System,West Hollywood,CA,CA,1,True,4,4,1972.0,0.0,1,nonprofit,100.0,0,2023 (rev. 2025-09),https://www.ahrq.gov/sites/default/files/wysiwyg/chsp/compendium/chsp-compendium-2023-rev.xlsx,AHRQ Compendium 2023 (system file rev. 2025-09); systems as of end-2023,False
HSI00000210,Childrens Hospital Los Angeles,Los Angeles,CA,CA,1,True,1,1,413.0,0.0,1,nonprofit,100.0,0,2023 (rev. 2025-09),https://www.ahrq.gov/sites/default/files/wysiwyg/chsp/compendium/chsp-compendium-2023-rev.xlsx,AHRQ Compendium 2023 (system file rev. 2025-09); systems as of end-2023,False
HSI00000253,Community Medical Centers,Clovis,CA,CA,1,True,4,2,1135.0,1.0,1,nonprofit,100.0,0,2023 (rev. 2025-09),https://www.ahrq.gov/sites/default/files/wysiwyg/chsp/compendium/chsp-compendium-2023-rev.xlsx,AHRQ Compendium 2023 (system file rev. 2025-09); systems as of end-2023,False
HSI00000255,Community Memorial Health System,Ventura,CA,CA,1,True,2,2,254.0,0.0,1,nonprofit,100.0,0,2023 (rev. 2025-09),https://www.ahrq.gov/sites/default/files/wysiwyg/chsp/compendium/chsp-compendium-2023-rev.xlsx,AHRQ Compendium 2023 (system file rev. 2025-09); systems as of end-2023,False
HSI00000283,Cottage Health System,Santa Barbara,CA,CA,1,True,4,3,397.0,0.0,1,nonprofit,100.0,0,2023 (rev. 2025-09),https://www.ahrq.gov/sites/default/files/wysiwyg/chsp/compendium/chsp-compendium-2023-rev.xlsx,AHRQ Compendium 2023 (system file rev. 2025-09); systems as of end-2023,False
HSI00000335,Eisenhower Health,Rancho Mirage,CA,CA,1,True,1,1,362.0,0.0,1,nonprofit,100.0,0,2023 (rev. 2025-09),https://www.ahrq.gov/sites/default/files/wysiwyg/chsp/compendium/chsp-compendium-2023-rev.xlsx,AHRQ Compendium 2023 (system file rev. 2025-09); systems as of end-2023,False
HSI00000226,Emanate Health,Covina,CA,CA,1,True,3,3,586.0,1.0,1,nonprofit,100.0,0,2023 (rev. 2025-09),https://www.ahrq.gov/sites/default/files/wysiwyg/chsp/compendium/chsp-compendium-2023-rev.xlsx,AHRQ Compendium 2023 (system file rev. 2025-09); systems as of end-2023,False
HSI00000345,Enloe Medical Center,Chico,CA,CA,1,True,1,1,258.0,0.0,1,nonprofit,100.0,0,2023 (rev. 2025-09),https://www.ahrq.gov/sites/default/files/wysiwyg/chsp/compendium/chsp-compendium-2023-rev.xlsx,AHRQ Compendium 2023 (system file rev. 2025-09); systems as of end-2023,False
HSI00000484,Hoag Memorial Hospital Presbyterian,Newport Beach,CA,CA,1,True,2,1,512.0,0.0,1,nonprofit,100.0,0,2023 (rev. 2025-09),https://www.ahrq.gov/sites/default/files/wysiwyg/chsp/compendium/chsp-compendium-2023-rev.xlsx,AHRQ Compendium 2023 (system file rev. 2025-09); systems as of end-2023,False
HSI00000530,John Muir Health,Walnut Creek,CA,CA,1,True,3,2,610.0,0.0,1,nonprofit,100.0,0,2023 (rev. 2025-09),https://www.ahrq.gov/sites/default/files/wysiwyg/chsp/compendium/chsp-compendium-2023-rev.xlsx,AHRQ Compendium 2023 (system file rev. 2025-09); systems as of end-2023,False
HSI00000536,Kaiser Permanente,Oakland,CA,CA;HI;OR,3,True,41,40,9337.0,0.0,1,nonprofit,100.0,0,2023 (rev. 2025-09),https://www.ahrq.gov/sites/default/files/wysiwyg/chsp/compendium/chsp-compendium-2023-rev.xlsx,AHRQ Compendium 2023 (system file rev. 2025-09); systems as of end-2023,False
HSI00000591,Loma Linda University Health,Loma Linda,CA,CA,1,True,4,3,912.0,1.0,2,church-operated,100.0,0,2023 (rev. 2025-09),https://www.ahrq.gov/sites/default/files/wysiwyg/chsp/compendium/chsp-compendium-2023-rev.xlsx,AHRQ Compendium 2023 (system file rev. 2025-09); systems as of end-2023,False
HSI00001464,MLK Community Healthcare,Los Angeles,CA,CA,1,True,1,1,152.0,1.0,1,nonprofit,100.0,0,2023 (rev. 2025-09),https://www.ahrq.gov/sites/default/files/wysiwyg/chsp/compendium/chsp-compendium-2023-rev.xlsx,AHRQ Compendium 2023 (system file rev. 2025-09); systems as of end-2023,False
HSI00000616,MarinHealth,Greenbrae,CA,CA,1,True,1,1,310.0,0.0,1,nonprofit,100.0,0,2023 (rev. 2025-09),https://www.ahrq.gov/sites/default/files/wysiwyg/chsp/compendium/chsp-compendium-2023-rev.xlsx,AHRQ Compendium 2023 (system file rev. 2025-09); systems as of end-2023,False
HSI00000619,Marshall Medical Center,Placerville,CA,CA,1,True,1,1,111.0,0.0,1,nonprofit,100.0,0,2023 (rev. 2025-09),https://www.ahrq.gov/sites/default/files/wysiwyg/chsp/compendium/chsp-compendium-2023-rev.xlsx,AHRQ Compendium 2023 (system file rev. 2025-09); systems as of end-2023,False
HSI00000658,MemorialCare Health System,Fountain Valley,CA,CA,1,True,4,4,1191.0,1.0,1,nonprofit,100.0,0,2023 (rev. 2025-09),https://www.ahrq.gov/sites/default/files/wysiwyg/chsp/compendium/chsp-compendium-2023-rev.xlsx,AHRQ Compendium 2023 (system file rev. 2025-09); systems as of end-2023,False
HSI00001443,Montage Health,Monterey,CA,CA,1,True,1,1,227.0,0.0,1,nonprofit,100.0,0,2023 (rev. 2025-09),https://www.ahrq.gov/sites/default/files/wysiwyg/chsp/compendium/chsp-compendium-2023-rev.xlsx,AHRQ Compendium 2023 (system file rev. 2025-09); systems as of end-2023,False
HSI00000755,Northbay Healthcare,Fairfield,CA,CA,1,True,2,2,204.0,1.0,1,nonprofit,100.0,0,2023 (rev. 2025-09),https://www.ahrq.gov/sites/default/files/wysiwyg/chsp/compendium/chsp-compendium-2023-rev.xlsx,AHRQ Compendium 2023 (system file rev. 2025-09); systems as of end-2023,False
HSI00001546,OroHealth Corporation,Oroville,CA,CA,1,True,1,1,153.0,1.0,1,nonprofit,100.0,0,2023 (rev. 2025-09),https://www.ahrq.gov/sites/default/files/wysiwyg/chsp/compendium/chsp-compendium-2023-rev.xlsx,AHRQ Compendium 2023 (system file rev. 2025-09); systems as of end-2023,False
HSI00000805,PIH Health,Whittier,CA,CA,1,True,3,3,846.0,1.0,1,nonprofit,100.0,0,2023 (rev. 2025-09),https://www.ahrq.gov/sites/default/files/wysiwyg/chsp/compendium/chsp-compendium-2023-rev.xlsx,AHRQ Compendium 2023 (system file rev. 2025-09); systems as of end-2023,False
HSI00000833,Pomona Valley Hospital Medical Center,Pomona,CA,CA,1,True,1,1,412.0,1.0,1,nonprofit,100.0,0,2023 (rev. 2025-09),https://www.ahrq.gov/sites/default/files/wysiwyg/chsp/compendium/chsp-compendium-2023-rev.xlsx,AHRQ Compendium 2023 (system file rev. 2025-09); systems as of end-2023,False
HSI00000864,Rady Childrens Hospital San Diego,San Diego,CA,CA,1,True,1,1,401.0,0.0,1,nonprofit,100.0,0,2023 (rev. 2025-09),https://www.ahrq.gov/sites/default/files/wysiwyg/chsp/compendium/chsp-compendium-2023-rev.xlsx,AHRQ Compendium 2023 (system file rev. 2025-09); systems as of end-2023,False
HSI00000867,Redlands Community Hospital,Redlands,CA,CA,1,True,1,1,196.0,0.0,1,nonprofit,100.0,0,2023 (rev. 2025-09),https://www.ahrq.gov/sites/default/files/wysiwyg/chsp/compendium/chsp-compendium-2023-rev.xlsx,AHRQ Compendium 2023 (system file rev. 2025-09); systems as of end-2023,False
HSI00000954,San Antonio Regional Hospital,Upland,CA,CA,1,True,1,1,363.0,0.0,1,nonprofit,100.0,0,2023 (rev. 2025-09),https://www.ahrq.gov/sites/default/files/wysiwyg/chsp/compendium/chsp-compendium-2023-rev.xlsx,AHRQ Compendium 2023 (system file rev. 2025-09); systems as of end-2023,False
HSI00000968,Scripps Health,San Diego,CA,CA,1,True,5,5,1219.0,1.0,1,nonprofit,100.0,0,2023 (rev. 2025-09),https://www.ahrq.gov/sites/default/files/wysiwyg/chsp/compendium/chsp-compendium-2023-rev.xlsx,AHRQ Compendium 2023 (system file rev. 2025-09); systems as of end-2023,False
HSI00000977,Sharp Healthcare,San Diego,CA,CA,1,True,6,5,1601.0,1.0,1,nonprofit,100.0,0,2023 (rev. 2025-09),https://www.ahrq.gov/sites/default/files/wysiwyg/chsp/compendium/chsp-compendium-2023-rev.xlsx,AHRQ Compendium 2023 (system file rev. 2025-09); systems as of end-2023,False
HSI00001033,Stanford Health Care,Stanford,CA,CA,1,True,3,3,1253.0,0.0,1,nonprofit,100.0,0,2023 (rev. 2025-09),https://www.ahrq.gov/sites/default/files/wysiwyg/chsp/compendium/chsp-compendium-2023-rev.xlsx,AHRQ Compendium 2023 (system file rev. 2025-09); systems as of end-2023,False
HSI00001050,Sutter Health,Sacramento,CA,CA;HI,2,True,27,22,3440.0,1.0,1,nonprofit,100.0,0,2023 (rev. 2025-09),https://www.ahrq.gov/sites/default/files/wysiwyg/chsp/compendium/chsp-compendium-2023-rev.xlsx,AHRQ Compendium 2023 (system file rev. 2025-09); systems as of end-2023,False
HSI00001181,University of Southern California,Los Angeles,CA,CA,1,True,4,3,767.0,0.0,1,nonprofit,100.0,0,2023 (rev. 2025-09),https://www.ahrq.gov/sites/default/files/wysiwyg/chsp/compendium/chsp-compendium-2023-rev.xlsx,AHRQ Compendium 2023 (system file rev. 2025-09); systems as of end-2023,False
HSI00001497,Valley Childrens Healthcare,Madera,CA,CA,1,True,1,1,358.0,0.0,1,nonprofit,100.0,0,2023 (rev. 2025-09),https://www.ahrq.gov/sites/default/files/wysiwyg/chsp/compendium/chsp-compendium-2023-rev.xlsx,AHRQ Compendium 2023 (system file rev. 2025-09); systems as of end-2023,False
HSI00000132,Boulder Community Health,Boulder,CO,CO,1,True,1,1,139.0,0.0,1,nonprofit,100.0,0,2023 (rev. 2025-09),https://www.ahrq.gov/sites/default/files/wysiwyg/chsp/compendium/chsp-compendium-2023-rev.xlsx,AHRQ Compendium 2023 (system file rev. 2025-09); systems as of end-2023,False
HSI00001500,Childrens Hospital Colorado,Aurora,CO,CO,1,True,1,1,497.0,0.0,1,nonprofit,100.0,0,2023 (rev. 2025-09),https://www.ahrq.gov/sites/default/files/wysiwyg/chsp/compendium/chsp-compendium-2023-rev.xlsx,AHRQ Compendium 2023 (system file rev. 2025-09); systems as of end-2023,False
HSI00000264,Conejos County Hospital Corporation,La Jara,CO,CO,1,True,2,2,66.0,1.0,1,nonprofit,100.0,0,2023 (rev. 2025-09),https://www.ahrq.gov/sites/default/files/wysiwyg/chsp/compendium/chsp-compendium-2023-rev.xlsx,AHRQ Compendium 2023 (system file rev. 2025-09); systems as of end-2023,False
HSI00000720,National Jewish Health,Denver,CO,CO,1,True,1,1,13.0,0.0,1,nonprofit,100.0,0,2023 (rev. 2025-09),https://www.ahrq.gov/sites/default/files/wysiwyg/chsp/compendium/chsp-compendium-2023-rev.xlsx,AHRQ Compendium 2023 (system file rev. 2025-09); systems as of end-2023,False
HSI00001341,Parkview Medical Center,Pueblo,CO,CO,1,True,1,1,253.0,0.0,1,nonprofit,100.0,0,2023 (rev. 2025-09),https://www.ahrq.gov/sites/default/files/wysiwyg/chsp/compendium/chsp-compendium-2023-rev.xlsx,AHRQ Compendium 2023 (system file rev. 2025-09); systems as of end-2023,False
HSI00001169,University of Colorado Health,Aurora,CO,CO;WY,2,True,12,12,2036.0,1.0,1,nonprofit,61.4,2,2023 (rev. 2025-09),https://www.ahrq.gov/sites/default/files/wysiwyg/chsp/compendium/chsp-compendium-2023-rev.xlsx,AHRQ Compendium 2023 (system file rev. 2025-09); systems as of end-2023,True
HSI00001365,Valley View Hospital Association,Glenwood Springs,CO,CO,1,True,1,1,31.0,0.0,1,nonprofit,100.0,0,2023 (rev. 2025-09),https://www.ahrq.gov/sites/default/files/wysiwyg/chsp/compendium/chsp-compendium-2023-rev.xlsx,AHRQ Compendium 2023 (system file rev. 2025-09); systems as of end-2023,False
HSI00001286,Bristol Hospital,Bristol,CT,CT,1,True,1,1,123.0,0.0,1,nonprofit,100.0,0,2023 (rev. 2025-09),https://www.ahrq.gov/sites/default/files/wysiwyg/chsp/compendium/chsp-compendium-2023-rev.xlsx,AHRQ Compendium 2023 (system file rev. 2025-09); systems as of end-2023,False
HSI00000268,Connecticut Childrens Medical Center Foundation,Hartford,CT,CT,1,True,1,1,187.0,0.0,1,nonprofit,100.0,0,2023 (rev. 2025-09),https://www.ahrq.gov/sites/default/files/wysiwyg/chsp/compendium/chsp-compendium-2023-rev.xlsx,AHRQ Compendium 2023 (system file rev. 2025-09); systems as of end-2023,False
HSI00000301,Day Kimball Healthcare,Putnam,CT,CT,1,True,1,1,104.0,0.0,1,nonprofit,100.0,0,2023 (rev. 2025-09),https://www.ahrq.gov/sites/default/files/wysiwyg/chsp/compendium/chsp-compendium-2023-rev.xlsx,AHRQ Compendium 2023 (system file rev. 2025-09); systems as of end-2023,False
HSI00000452,Hartford Healthcare,Hartford,CT,CT,1,True,10,8,1674.0,0.0,1,nonprofit,100.0,0,2023 (rev. 2025-09),https://www.ahrq.gov/sites/default/files/wysiwyg/chsp/compendium/chsp-compendium-2023-rev.xlsx,AHRQ Compendium 2023 (system file rev. 2025-09); systems as of end-2023,False
HSI00000683,Middlesex Health System,Middletown,CT,CT,1,True,1,1,187.0,0.0,1,nonprofit,100.0,0,2023 (rev. 2025-09),https://www.ahrq.gov/sites/default/files/wysiwyg/chsp/compendium/chsp-compendium-2023-rev.xlsx,AHRQ Compendium 2023 (system file rev. 2025-09); systems as of end-2023,False
HSI00001253,Nuvance Health,Danbury,CT,CT;NY,2,True,7,7,1086.0,0.0,1,nonprofit,100.0,0,2023 (rev. 2025-09),https://www.ahrq.gov/sites/default/files/wysiwyg/chsp/compendium/chsp-compendium-2023-rev.xlsx,AHRQ Compendium 2023 (system file rev. 2025-09); systems as of end-2023,False
HSI00001032,Stamford Health,Stamford,CT,CT,1,True,1,1,288.0,0.0,1,nonprofit,100.0,0,2023 (rev. 2025-09),https://www.ahrq.gov/sites/default/files/wysiwyg/chsp/compendium/chsp-compendium-2023-rev.xlsx,AHRQ Compendium 2023 (system file rev. 2025-09); systems as of end-2023,False
HSI00001272,Yale New Haven Health System,New Haven,CT,CT;RI,2,True,7,7,2228.0,0.0,1,nonprofit,100.0,0,2023 (rev. 2025-09),https://www.ahrq.gov/sites/default/files/wysiwyg/chsp/compendium/chsp-compendium-2023-rev.xlsx,AHRQ Compendium 2023 (system file rev. 2025-09); systems as of end-2023,False
HSI00000216,Childrens National Health System,Washington,DC,DC,1,True,2,1,323.0,0.0,1,nonprofit,100.0,0,2023 (rev. 2025-09),https://www.ahrq.gov/sites/default/files/wysiwyg/chsp/compendium/chsp-compendium-2023-rev.xlsx,AHRQ Compendium 2023 (system file rev. 2025-09); systems as of end-2023,False
HSI00000094,Bayhealth,Dover,DE,DE,1,True,2,2,396.0,0.0,1,nonprofit,100.0,0,2023 (rev. 2025-09),https://www.ahrq.gov/sites/default/files/wysiwyg/chsp/compendium/chsp-compendium-2023-rev.xlsx,AHRQ Compendium 2023 (system file rev. 2025-09); systems as of end-2023,False
HSI00000103,Beebe Healthcare,Lewes,DE,DE,1,True,1,1,210.0,0.0,1,nonprofit,100.0,0,2023 (rev. 2025-09),https://www.ahrq.gov/sites/default/files/wysiwyg/chsp/compendium/chsp-compendium-2023-rev.xlsx,AHRQ Compendium 2023 (system file rev. 2025-09); systems as of end-2023,False
HSI00000218,ChristianaCare,Wilmington,DE,DE;MD,2,True,2,2,1296.0,0.0,1,nonprofit,100.0,0,2023 (rev. 2025-09),https://www.ahrq.gov/sites/default/files/wysiwyg/chsp/compendium/chsp-compendium-2023-rev.xlsx,AHRQ Compendium 2023 (system file rev. 2025-09); systems as of end-2023,False
HSI00000010,AdventHealth,Altamonte Springs,FL,CO;FL;GA;IL;KS;KY;NC;TX;WI,9,True,42,41,8809.0,1.0,2,church-operated,100.0,0,2023 (rev. 2025-09),https://www.ahrq.gov/sites/default/files/wysiwyg/chsp/compendium/chsp-compendium-2023-rev.xlsx,AHRQ Compendium 2023 (system file rev. 2025-09); systems as of end-2023,False
HSI00000075,Baptist Health,Jacksonville,FL,FL,1,True,3,3,1170.0,0.0,1,nonprofit,100.0,0,2023 (rev. 2025-09),https://www.ahrq.gov/sites/default/files/wysiwyg/chsp/compendium/chsp-compendium-2023-rev.xlsx,AHRQ Compendium 2023 (system file rev. 2025-09); systems as of end-2023,False
HSI00000076,Baptist Health Care,Pensacola,FL,FL,1,True,3,3,362.0,0.0,1,nonprofit,100.0,0,2023 (rev. 2025-09),https://www.ahrq.gov/sites/default/files/wysiwyg/chsp/compendium/chsp-compendium-2023-rev.xlsx,AHRQ Compendium 2023 (system file rev. 2025-09); systems as of end-2023,False
HSI00000077,Baptist Health South Florida,Coral Gables,FL,FL,1,True,9,9,2246.0,1.0,1,nonprofit,100.0,0,2023 (rev. 2025-09),https://www.ahrq.gov/sites/default/files/wysiwyg/chsp/compendium/chsp-compendium-2023-rev.xlsx,AHRQ Compendium 2023 (system file rev. 2025-09); systems as of end-2023,False
HSI00000368,Florida Health Sciences Center,Tampa,FL,FL,1,True,2,1,1017.0,1.0,1,nonprofit,100.0,0,2023 (rev. 2025-09),https://www.ahrq.gov/sites/default/files/wysiwyg/chsp/compendium/chsp-compendium-2023-rev.xlsx,AHRQ Compendium 2023 (system file rev. 2025-09); systems as of end-2023,False
HSI00000461,Health First,Rockledge,FL,FL,1,True,4,4,904.0,0.0,1,nonprofit,100.0,0,2023 (rev. 2025-09),https://www.ahrq.gov/sites/default/files/wysiwyg/chsp/compendium/chsp-compendium-2023-rev.xlsx,AHRQ Compendium 2023 (system file rev. 2025-09); systems as of end-2023,False
HSI00001419,Jupiter Medical Center,Jupiter,FL,FL,1,True,1,1,242.0,0.0,1,nonprofit,100.0,0,2023 (rev. 2025-09),https://www.ahrq.gov/sites/default/files/wysiwyg/chsp/compendium/chsp-compendium-2023-rev.xlsx,AHRQ Compendium 2023 (system file rev. 2025-09); systems as of end-2023,False
HSI00000569,Lakeland Regional Health,Lakeland,FL,FL,1,True,1,1,764.0,0.0,1,nonprofit,100.0,0,2023 (rev. 2025-09),https://www.ahrq.gov/sites/default/files/wysiwyg/chsp/compendium/chsp-compendium-2023-rev.xlsx,AHRQ Compendium 2023 (system file rev. 2025-09); systems as of end-2023,False
HSI00000712,Mount Sinai Medical Center of Florida,Miami Beach,FL,FL,1,True,1,1,481.0,0.0,1,nonprofit,100.0,0,2023 (rev. 2025-09),https://www.ahrq.gov/sites/default/files/wysiwyg/chsp/compendium/chsp-compendium-2023-rev.xlsx,AHRQ Compendium 2023 (system file rev. 2025-09); systems as of end-2023,False
HSI00000716,NCH Healthcare System,Naples,FL,FL,1,True,1,1,517.0,0.0,1,nonprofit,100.0,0,2023 (rev. 2025-09),https://www.ahrq.gov/sites/default/files/wysiwyg/chsp/compendium/chsp-compendium-2023-rev.xlsx,AHRQ Compendium 2023 (system file rev. 2025-09); systems as of end-2023,False
HSI00000725,Nemours Childrens Health,Jacksonville,FL,DE;FL,2,True,2,2,352.0,0.0,1,nonprofit,100.0,0,2023 (rev. 2025-09),https://www.ahrq.gov/sites/default/files/wysiwyg/chsp/compendium/chsp-compendium-2023-rev.xlsx,AHRQ Compendium 2023 (system file rev. 2025-09); systems as of end-2023,False
HSI00000678,Nicklaus Childrens Health System,Miami,FL,FL,1,True,1,1,278.0,0.0,1,nonprofit,100.0,0,2023 (rev. 2025-09),https://www.ahrq.gov/sites/default/files/wysiwyg/chsp/compendium/chsp-compendium-2023-rev.xlsx,AHRQ Compendium 2023 (system file rev. 2025-09); systems as of end-2023,False
HSI00000796,Orlando Health,Orlando,FL,FL,1,True,5,5,2258.0,1.0,1,nonprofit,100.0,0,2023 (rev. 2025-09),https://www.ahrq.gov/sites/default/files/wysiwyg/chsp/compendium/chsp-compendium-2023-rev.xlsx,AHRQ Compendium 2023 (system file rev. 2025-09); systems as of end-2023,False
HSI00000812,Parrish Medical Center,Titusville,FL,FL,1,True,1,1,208.0,0.0,1,nonprofit,100.0,0,2023 (rev. 2025-09),https://www.ahrq.gov/sites/default/files/wysiwyg/chsp/compendium/chsp-compendium-2023-rev.xlsx,AHRQ Compendium 2023 (system file rev. 2025-09); systems as of end-2023,False
HSI00000981,Shriners Hospitals for Children,Tampa,FL,CA;FL;HI;IL;LA;MA;MO;OH;OR;PA;SC;TX;UT;WA,14,True,17,3,,,1,nonprofit,,1,2023 (rev. 2025-09),https://www.ahrq.gov/sites/default/files/wysiwyg/chsp/compendium/chsp-compendium-2023-rev.xlsx,AHRQ Compendium 2023 (system file rev. 2025-09); systems as of end-2023,True
HSI00001060,Tallahassee Memorial Healthcare,Tallahassee,FL,FL,1,True,3,3,551.0,0.0,1,nonprofit,95.5,1,2023 (rev. 2025-09),https://www.ahrq.gov/sites/default/files/wysiwyg/chsp/compendium/chsp-compendium-2023-rev.xlsx,AHRQ Compendium 2023 (system file rev. 2025-09); systems as of end-2023,True
HSI00001121,UF Health,Gainesville,FL,FL,1,True,5,5,2417.0,1.0,1,nonprofit,100.0,0,2023 (rev. 2025-09),https://www.ahrq.gov/sites/default/files/wysiwyg/chsp/compendium/chsp-compendium-2023-rev.xlsx,AHRQ Compendium 2023 (system file rev. 2025-09); systems as of end-2023,False
HSI00001176,University of Miami Health System,Miami,FL,FL,1,True,3,1,,,,missing in AHRQ; nonprofit per member-hospital HCRIS,,0,2023 (rev. 2025-09),https://www.ahrq.gov/sites/default/files/wysiwyg/chsp/compendium/chsp-compendium-2023-rev.xlsx,AHRQ Compendium 2023 (system file rev. 2025-09); systems as of end-2023,False
HSI00000045,Archbold Medical Center,Thomasville,GA,GA,1,True,4,4,293.0,1.0,1,nonprofit,100.0,0,2023 (rev. 2025-09),https://www.ahrq.gov/sites/default/files/wysiwyg/chsp/compendium/chsp-compendium-2023-rev.xlsx,AHRQ Compendium 2023 (system file rev. 2025-09); systems as of end-2023,False
HSI00000209,Childrens Healthcare of Atlanta,Atlanta,GA,GA,1,True,2,2,649.0,0.0,1,nonprofit,100.0,0,2023 (rev. 2025-09),https://www.ahrq.gov/sites/default/files/wysiwyg/chsp/compendium/chsp-compendium-2023-rev.xlsx,AHRQ Compendium 2023 (system file rev. 2025-09); systems as of end-2023,False
HSI00000342,Emory Healthcare,Atlanta,GA,GA,1,True,9,7,2250.0,0.0,1,nonprofit,78.5,2,2023 (rev. 2025-09),https://www.ahrq.gov/sites/default/files/wysiwyg/chsp/compendium/chsp-compendium-2023-rev.xlsx,AHRQ Compendium 2023 (system file rev. 2025-09); systems as of end-2023,True
HSI00000444,Hamilton Health Care System,Dalton,GA,GA,1,True,1,1,239.0,0.0,2,church-operated,100.0,0,2023 (rev. 2025-09),https://www.ahrq.gov/sites/default/files/wysiwyg/chsp/compendium/chsp-compendium-2023-rev.xlsx,AHRQ Compendium 2023 (system file rev. 2025-09); systems as of end-2023,False
HSI00000759,Northeast Georgia Health System,Gainesville,GA,GA,1,True,5,5,771.0,0.0,1,nonprofit,93.1,1,2023 (rev. 2025-09),https://www.ahrq.gov/sites/default/files/wysiwyg/chsp/compendium/chsp-compendium-2023-rev.xlsx,AHRQ Compendium 2023 (system file rev. 2025-09); systems as of end-2023,True
HSI00000766,Northside Hospital,Atlanta,GA,GA,1,True,5,5,1908.0,0.0,1,nonprofit,100.0,0,2023 (rev. 2025-09),https://www.ahrq.gov/sites/default/files/wysiwyg/chsp/compendium/chsp-compendium-2023-rev.xlsx,AHRQ Compendium 2023 (system file rev. 2025-09); systems as of end-2023,False
HSI00000823,Phoebe Putney Health Systems,Albany,GA,GA,1,True,5,5,465.0,0.0,1,nonprofit,89.7,1,2023 (rev. 2025-09),https://www.ahrq.gov/sites/default/files/wysiwyg/chsp/compendium/chsp-compendium-2023-rev.xlsx,AHRQ Compendium 2023 (system file rev. 2025-09); systems as of end-2023,True
HSI00000826,Piedmont Healthcare,Atlanta,GA,GA,1,True,19,18,3643.0,1.0,1,nonprofit,80.4,3,2023 (rev. 2025-09),https://www.ahrq.gov/sites/default/files/wysiwyg/chsp/compendium/chsp-compendium-2023-rev.xlsx,AHRQ Compendium 2023 (system file rev. 2025-09); systems as of end-2023,True
HSI00000927,Saint Josephs Candler Health System,Savannah,GA,GA,1,True,2,2,451.0,0.0,1,nonprofit,100.0,0,2023 (rev. 2025-09),https://www.ahrq.gov/sites/default/files/wysiwyg/chsp/compendium/chsp-compendium-2023-rev.xlsx,AHRQ Compendium 2023 (system file rev. 2025-09); systems as of end-2023,False
HSI00001006,Southeast Georgia Health System,Brunswick,GA,GA,1,True,2,2,340.0,0.0,1,nonprofit,100.0,0,2023 (rev. 2025-09),https://www.ahrq.gov/sites/default/files/wysiwyg/chsp/compendium/chsp-compendium-2023-rev.xlsx,AHRQ Compendium 2023 (system file rev. 2025-09); systems as of end-2023,False
HSI00001061,Tanner Health System,Carrollton,GA,AL;GA,2,True,4,4,292.0,0.0,1,nonprofit,100.0,0,2023 (rev. 2025-09),https://www.ahrq.gov/sites/default/files/wysiwyg/chsp/compendium/chsp-compendium-2023-rev.xlsx,AHRQ Compendium 2023 (system file rev. 2025-09); systems as of end-2023,False
HSI00001097,Tift Regional Medical Center,Tifton,GA,GA,1,True,2,2,189.0,0.0,1,nonprofit,100.0,0,2023 (rev. 2025-09),https://www.ahrq.gov/sites/default/files/wysiwyg/chsp/compendium/chsp-compendium-2023-rev.xlsx,AHRQ Compendium 2023 (system file rev. 2025-09); systems as of end-2023,False
HSI00000455,Hawaii Pacific Health,Honolulu,HI,HI,1,True,4,4,602.0,0.0,1,nonprofit,100.0,0,2023 (rev. 2025-09),https://www.ahrq.gov/sites/default/files/wysiwyg/chsp/compendium/chsp-compendium-2023-rev.xlsx,AHRQ Compendium 2023 (system file rev. 2025-09); systems as of end-2023,False
HSI00000554,Kuakini Health System,Honolulu,HI,HI,1,True,1,1,170.0,0.0,1,nonprofit,100.0,0,2023 (rev. 2025-09),https://www.ahrq.gov/sites/default/files/wysiwyg/chsp/compendium/chsp-compendium-2023-rev.xlsx,AHRQ Compendium 2023 (system file rev. 2025-09); systems as of end-2023,False
HSI00001087,The Queens Health Systems,Honolulu,HI,HI,1,True,4,4,722.0,0.0,1,nonprofit,100.0,0,2023 (rev. 2025-09),https://www.ahrq.gov/sites/default/files/wysiwyg/chsp/compendium/chsp-compendium-2023-rev.xlsx,AHRQ Compendium 2023 (system file rev. 2025-09); systems as of end-2023,False
HSI00000421,Great River Health Systems,West Burlington,IA,IA,1,True,1,1,174.0,0.0,1,nonprofit,100.0,0,2023 (rev. 2025-09),https://www.ahrq.gov/sites/default/files/wysiwyg/chsp/compendium/chsp-compendium-2023-rev.xlsx,AHRQ Compendium 2023 (system file rev. 2025-09); systems as of end-2023,False
HSI00000666,Mercy Medical Center,Cedar Rapids,IA,IA,1,True,1,1,216.0,0.0,2,church-operated,100.0,0,2023 (rev. 2025-09),https://www.ahrq.gov/sites/default/files/wysiwyg/chsp/compendium/chsp-compendium-2023-rev.xlsx,AHRQ Compendium 2023 (system file rev. 2025-09); systems as of end-2023,False
HSI00000815,Pella Regional Health Center,Pella,IA,IA,1,True,1,1,25.0,0.0,1,nonprofit,100.0,0,2023 (rev. 2025-09),https://www.ahrq.gov/sites/default/files/wysiwyg/chsp/compendium/chsp-compendium-2023-rev.xlsx,AHRQ Compendium 2023 (system file rev. 2025-09); systems as of end-2023,False
HSI00001146,Unitypoint Health,West Des Moines,IA,IA;IL;WI,3,True,29,29,2413.0,1.0,1,nonprofit,89.3,11,2023 (rev. 2025-09),https://www.ahrq.gov/sites/default/files/wysiwyg/chsp/compendium/chsp-compendium-2023-rev.xlsx,AHRQ Compendium 2023 (system file rev. 2025-09); systems as of end-2023,True
HSI00000071,BMH,Blackfoot,ID,ID,1,True,2,1,25.0,0.0,1,nonprofit,100.0,0,2023 (rev. 2025-09),https://www.ahrq.gov/sites/default/files/wysiwyg/chsp/compendium/chsp-compendium-2023-rev.xlsx,AHRQ Compendium 2023 (system file rev. 2025-09); systems as of end-2023,False
HSI00000553,Kootenai Health,Coeur D Alene,ID,ID,1,True,2,2,349.0,0.0,1,nonprofit,100.0,0,2023 (rev. 2025-09),https://www.ahrq.gov/sites/default/files/wysiwyg/chsp/compendium/chsp-compendium-2023-rev.xlsx,AHRQ Compendium 2023 (system file rev. 2025-09); systems as of end-2023,False
HSI00000934,Saint Lukes,Boise,ID,ID,1,True,9,8,921.0,0.0,1,nonprofit,97.4,1,2023 (rev. 2025-09),https://www.ahrq.gov/sites/default/files/wysiwyg/chsp/compendium/chsp-compendium-2023-rev.xlsx,AHRQ Compendium 2023 (system file rev. 2025-09); systems as of end-2023,True
HSI00001473,Anderson Medical Group,Maryville,IL,IL,1,True,1,1,144.0,0.0,1,nonprofit,100.0,0,2023 (rev. 2025-09),https://www.ahrq.gov/sites/default/files/wysiwyg/chsp/compendium/chsp-compendium-2023-rev.xlsx,AHRQ Compendium 2023 (system file rev. 2025-09); systems as of end-2023,False
HSI00000036,Ann and Robert H Lurie Childrens Hospital of Chicago,Chicago,IL,IL,1,True,1,1,364.0,0.0,1,nonprofit,100.0,0,2023 (rev. 2025-09),https://www.ahrq.gov/sites/default/files/wysiwyg/chsp/compendium/chsp-compendium-2023-rev.xlsx,AHRQ Compendium 2023 (system file rev. 2025-09); systems as of end-2023,False
HSI00000117,Blessing Health System,Quincy,IL,IL,1,True,2,2,334.0,0.0,1,nonprofit,100.0,0,2023 (rev. 2025-09),https://www.ahrq.gov/sites/default/files/wysiwyg/chsp/compendium/chsp-compendium-2023-rev.xlsx,AHRQ Compendium 2023 (system file rev. 2025-09); systems as of end-2023,False
HSI00001427,CommonSpirit Health,Chicago,IL,AR;AZ;CA;CO;GA;IA;KS;KY;MN;ND;NE;NV;OH;OR;SD;TN;TX;UT;WA,19,False,145,136,16679.0,1.0,2,church-operated,97.4,8,2023 (rev. 2025-09),https://www.ahrq.gov/sites/default/files/wysiwyg/chsp/compendium/chsp-compendium-2023-rev.xlsx,AHRQ Compendium 2023 (system file rev. 2025-09); systems as of end-2023,True
HSI00000382,Freeport Health Network,Freeport,IL,IL,1,True,1,1,100.0,0.0,1,nonprofit,100.0,0,2023 (rev. 2025-09),https://www.ahrq.gov/sites/default/files/wysiwyg/chsp/compendium/chsp-compendium-2023-rev.xlsx,AHRQ Compendium 2023 (system file rev. 2025-09); systems as of end-2023,False
HSI00000496,Hospital Sisters Health System,Springfield,IL,IL;WI,2,True,17,17,1705.0,1.0,2,church-operated,100.0,0,2023 (rev. 2025-09),https://www.ahrq.gov/sites/default/files/wysiwyg/chsp/compendium/chsp-compendium-2023-rev.xlsx,AHRQ Compendium 2023 (system file rev. 2025-09); systems as of end-2023,False
HSI00000539,Katherine Shaw Bethea Hospital,Dixon,IL,IL,1,True,1,1,80.0,0.0,1,nonprofit,100.0,0,2023 (rev. 2025-09),https://www.ahrq.gov/sites/default/files/wysiwyg/chsp/compendium/chsp-compendium-2023-rev.xlsx,AHRQ Compendium 2023 (system file rev. 2025-09); systems as of end-2023,False
HSI00000648,Memorial Health System,Springfield,IL,IL;OH,2,True,7,7,711.0,0.0,1,nonprofit,92.8,1,2023 (rev. 2025-09),https://www.ahrq.gov/sites/default/files/wysiwyg/chsp/compendium/chsp-compendium-2023-rev.xlsx,AHRQ Compendium 2023 (system file rev. 2025-09); systems as of end-2023,True
HSI00000756,NorthShore – Edward-Elmhurst Health,Evanston,IL,IL,1,True,8,7,1398.0,0.0,1,nonprofit,100.0,0,2023 (rev. 2025-09),https://www.ahrq.gov/sites/default/files/wysiwyg/chsp/compendium/chsp-compendium-2023-rev.xlsx,AHRQ Compendium 2023 (system file rev. 2025-09); systems as of end-2023,False
HSI00000770,Northwestern Medicine,Chicago,IL,IL,1,True,10,9,2272.0,0.0,1,nonprofit,100.0,0,2023 (rev. 2025-09),https://www.ahrq.gov/sites/default/files/wysiwyg/chsp/compendium/chsp-compendium-2023-rev.xlsx,AHRQ Compendium 2023 (system file rev. 2025-09); systems as of end-2023,False
HSI00000776,OSF Healthcare System,Peoria,IL,IL;MI,2,True,17,17,1808.0,1.0,2,church-operated,100.0,0,2023 (rev. 2025-09),https://www.ahrq.gov/sites/default/files/wysiwyg/chsp/compendium/chsp-compendium-2023-rev.xlsx,AHRQ Compendium 2023 (system file rev. 2025-09); systems as of end-2023,False
HSI00001533,Riverside Healthcare,Kankakee,IL,IL,1,True,1,1,256.0,0.0,1,nonprofit,100.0,0,2023 (rev. 2025-09),https://www.ahrq.gov/sites/default/files/wysiwyg/chsp/compendium/chsp-compendium-2023-rev.xlsx,AHRQ Compendium 2023 (system file rev. 2025-09); systems as of end-2023,False
HSI00000897,Rush System for Health,Chicago,IL,IL,1,True,3,3,975.0,0.0,1,nonprofit,100.0,0,2023 (rev. 2025-09),https://www.ahrq.gov/sites/default/files/wysiwyg/chsp/compendium/chsp-compendium-2023-rev.xlsx,AHRQ Compendium 2023 (system file rev. 2025-09); systems as of end-2023,False
HSI00000961,Sarah Bush Lincoln Health System,Mattoon,IL,IL,1,True,1,1,100.0,0.0,1,nonprofit,100.0,0,2023 (rev. 2025-09),https://www.ahrq.gov/sites/default/files/wysiwyg/chsp/compendium/chsp-compendium-2023-rev.xlsx,AHRQ Compendium 2023 (system file rev. 2025-09); systems as of end-2023,False
HSI00000985,Silver Cross Hospital,New Lenox,IL,IL,1,True,1,1,320.0,0.0,2,church-operated,100.0,0,2023 (rev. 2025-09),https://www.ahrq.gov/sites/default/files/wysiwyg/chsp/compendium/chsp-compendium-2023-rev.xlsx,AHRQ Compendium 2023 (system file rev. 2025-09); systems as of end-2023,False
HSI00000987,Sinai Health System,Chicago,IL,IL,1,True,4,3,391.0,1.0,1,nonprofit,100.0,0,2023 (rev. 2025-09),https://www.ahrq.gov/sites/default/files/wysiwyg/chsp/compendium/chsp-compendium-2023-rev.xlsx,AHRQ Compendium 2023 (system file rev. 2025-09); systems as of end-2023,False
HSI00001009,Southern Illinois Healthcare,Carbondale,IL,IL,1,True,4,4,325.0,0.0,1,nonprofit,100.0,0,2023 (rev. 2025-09),https://www.ahrq.gov/sites/default/files/wysiwyg/chsp/compendium/chsp-compendium-2023-rev.xlsx,AHRQ Compendium 2023 (system file rev. 2025-09); systems as of end-2023,False
HSI00001074,The Carle Foundation,Urbana,IL,IL,1,True,8,8,1083.0,0.0,1,nonprofit,100.0,0,2023 (rev. 2025-09),https://www.ahrq.gov/sites/default/files/wysiwyg/chsp/compendium/chsp-compendium-2023-rev.xlsx,AHRQ Compendium 2023 (system file rev. 2025-09); systems as of end-2023,False
HSI00001084,The Morris Hospital and Healthcare Centers,Morris,IL,IL,1,True,1,1,89.0,0.0,1,nonprofit,100.0,0,2023 (rev. 2025-09),https://www.ahrq.gov/sites/default/files/wysiwyg/chsp/compendium/chsp-compendium-2023-rev.xlsx,AHRQ Compendium 2023 (system file rev. 2025-09); systems as of end-2023,False
HSI00001089,The University of Chicago Medicine,Chicago,IL,IL,1,True,2,2,929.0,1.0,1,nonprofit,100.0,0,2023 (rev. 2025-09),https://www.ahrq.gov/sites/default/files/wysiwyg/chsp/compendium/chsp-compendium-2023-rev.xlsx,AHRQ Compendium 2023 (system file rev. 2025-09); systems as of end-2023,False
HSI00000098,Beacon Health System,South Bend,IN,IN;LA;MI,3,True,5,4,702.0,1.0,1,nonprofit,96.6,1,2023 (rev. 2025-09),https://www.ahrq.gov/sites/default/files/wysiwyg/chsp/compendium/chsp-compendium-2023-rev.xlsx,AHRQ Compendium 2023 (system file rev. 2025-09); systems as of end-2023,True
HSI00000246,Community Foundation of Northwest Indiana,Munster,IN,IN,1,True,4,3,707.0,1.0,1,nonprofit,100.0,0,2023 (rev. 2025-09),https://www.ahrq.gov/sites/default/files/wysiwyg/chsp/compendium/chsp-compendium-2023-rev.xlsx,AHRQ Compendium 2023 (system file rev. 2025-09); systems as of end-2023,False
HSI00000248,Community Health Network,Indianapolis,IN,IN,1,True,10,5,1118.0,1.0,1,nonprofit,100.0,0,2023 (rev. 2025-09),https://www.ahrq.gov/sites/default/files/wysiwyg/chsp/compendium/chsp-compendium-2023-rev.xlsx,AHRQ Compendium 2023 (system file rev. 2025-09); systems as of end-2023,False
HSI00000305,Deaconess Health System,Evansville,IN,IL;IN;KY,3,True,8,6,834.0,1.0,1,nonprofit,85.5,2,2023 (rev. 2025-09),https://www.ahrq.gov/sites/default/files/wysiwyg/chsp/compendium/chsp-compendium-2023-rev.xlsx,AHRQ Compendium 2023 (system file rev. 2025-09); systems as of end-2023,True
HSI00000375,Franciscan Health,Mishawaka,IN,IL;IN,2,True,14,13,1366.0,0.0,2,church-operated,100.0,0,2023 (rev. 2025-09),https://www.ahrq.gov/sites/default/files/wysiwyg/chsp/compendium/chsp-compendium-2023-rev.xlsx,AHRQ Compendium 2023 (system file rev. 2025-09); systems as of end-2023,False
HSI00001309,Goshen Health,Goshen,IN,IN,1,True,1,1,103.0,0.0,1,nonprofit,100.0,0,2023 (rev. 2025-09),https://www.ahrq.gov/sites/default/files/wysiwyg/chsp/compendium/chsp-compendium-2023-rev.xlsx,AHRQ Compendium 2023 (system file rev. 2025-09); systems as of end-2023,False
HSI00000510,Indiana University Health,Indianapolis,IN,IN,1,True,14,13,2429.0,1.0,1,nonprofit,100.0,0,2023 (rev. 2025-09),https://www.ahrq.gov/sites/default/files/wysiwyg/chsp/compendium/chsp-compendium-2023-rev.xlsx,AHRQ Compendium 2023 (system file rev. 2025-09); systems as of end-2023,False
HSI00001560,Little Company of Mary Hospital of Indiana,Jasper,IN,IN,1,True,1,1,96.0,0.0,2,church-operated,100.0,0,2023 (rev. 2025-09),https://www.ahrq.gov/sites/default/files/wysiwyg/chsp/compendium/chsp-compendium-2023-rev.xlsx,AHRQ Compendium 2023 (system file rev. 2025-09); systems as of end-2023,False
HSI00000614,Margaret Mary Health,Batesville,IN,IN,1,True,1,1,25.0,0.0,1,nonprofit,100.0,0,2023 (rev. 2025-09),https://www.ahrq.gov/sites/default/files/wysiwyg/chsp/compendium/chsp-compendium-2023-rev.xlsx,AHRQ Compendium 2023 (system file rev. 2025-09); systems as of end-2023,False
HSI00000811,Parkview Health System,Fort Wayne,IN,IN;OH,2,True,11,9,1072.0,0.0,1,nonprofit,100.0,0,2023 (rev. 2025-09),https://www.ahrq.gov/sites/default/files/wysiwyg/chsp/compendium/chsp-compendium-2023-rev.xlsx,AHRQ Compendium 2023 (system file rev. 2025-09); systems as of end-2023,False
HSI00000873,Reid Health,Richmond,IN,IN,1,True,1,1,183.0,0.0,1,nonprofit,100.0,0,2023 (rev. 2025-09),https://www.ahrq.gov/sites/default/files/wysiwyg/chsp/compendium/chsp-compendium-2023-rev.xlsx,AHRQ Compendium 2023 (system file rev. 2025-09); systems as of end-2023,False
HSI00001082,The Methodist Hospitals,Gary,IN,IN,1,True,2,2,405.0,1.0,1,nonprofit,100.0,0,2023 (rev. 2025-09),https://www.ahrq.gov/sites/default/files/wysiwyg/chsp/compendium/chsp-compendium-2023-rev.xlsx,AHRQ Compendium 2023 (system file rev. 2025-09); systems as of end-2023,False
HSI00001137,Union Health,Terre Haute,IN,IN,1,True,2,2,285.0,0.0,1,nonprofit,100.0,0,2023 (rev. 2025-09),https://www.ahrq.gov/sites/default/files/wysiwyg/chsp/compendium/chsp-compendium-2023-rev.xlsx,AHRQ Compendium 2023 (system file rev. 2025-09); systems as of end-2023,False
HSI00001431,Hays Medical Center,Hays,KS,KS,1,True,2,2,160.0,0.0,1,nonprofit,90.0,1,2023 (rev. 2025-09),https://www.ahrq.gov/sites/default/files/wysiwyg/chsp/compendium/chsp-compendium-2023-rev.xlsx,AHRQ Compendium 2023 (system file rev. 2025-09); systems as of end-2023,True
HSI00000948,Salina Regional Health Center,Salina,KS,KS,1,True,4,3,206.0,0.0,2,church-operated,100.0,0,2023 (rev. 2025-09),https://www.ahrq.gov/sites/default/files/wysiwyg/chsp/compendium/chsp-compendium-2023-rev.xlsx,AHRQ Compendium 2023 (system file rev. 2025-09); systems as of end-2023,False
HSI00001039,Stormont Vail Health,Topeka,KS,KS,1,True,2,2,442.0,0.0,1,nonprofit,100.0,0,2023 (rev. 2025-09),https://www.ahrq.gov/sites/default/files/wysiwyg/chsp/compendium/chsp-compendium-2023-rev.xlsx,AHRQ Compendium 2023 (system file rev. 2025-09); systems as of end-2023,False
HSI00000041,Appalachian Regional Healthcare,Lexington,KY,KY;WV,2,True,14,14,713.0,1.0,1,nonprofit,100.0,0,2023 (rev. 2025-09),https://www.ahrq.gov/sites/default/files/wysiwyg/chsp/compendium/chsp-compendium-2023-rev.xlsx,AHRQ Compendium 2023 (system file rev. 2025-09); systems as of end-2023,False
HSI00000080,Baptist Healthcare System,Louisville,KY,IN;KY,2,True,10,10,2045.0,1.0,1,nonprofit,98.8,1,2023 (rev. 2025-09),https://www.ahrq.gov/sites/default/files/wysiwyg/chsp/compendium/chsp-compendium-2023-rev.xlsx,AHRQ Compendium 2023 (system file rev. 2025-09); systems as of end-2023,True
HSI00000244,Commonwealth Health Corporation,Bowling Green,KY,KY,1,True,6,5,413.0,0.0,1,nonprofit,100.0,0,2023 (rev. 2025-09),https://www.ahrq.gov/sites/default/files/wysiwyg/chsp/compendium/chsp-compendium-2023-rev.xlsx,AHRQ Compendium 2023 (system file rev. 2025-09); systems as of end-2023,False
HSI00000346,Ephraim Mcdowell Health,Danville,KY,KY,1,True,3,3,207.0,0.0,1,nonprofit,100.0,0,2023 (rev. 2025-09),https://www.ahrq.gov/sites/default/files/wysiwyg/chsp/compendium/chsp-compendium-2023-rev.xlsx,AHRQ Compendium 2023 (system file rev. 2025-09); systems as of end-2023,False
HSI00000771,Norton Healthcare,Louisville,KY,AL;IN;KY,3,True,7,7,1665.0,1.0,1,nonprofit,95.2,3,2023 (rev. 2025-09),https://www.ahrq.gov/sites/default/files/wysiwyg/chsp/compendium/chsp-compendium-2023-rev.xlsx,AHRQ Compendium 2023 (system file rev. 2025-09); systems as of end-2023,True
HSI00000802,Owensboro Health,Owensboro,KY,KY,1,True,3,3,398.0,1.0,1,nonprofit,100.0,0,2023 (rev. 2025-09),https://www.ahrq.gov/sites/default/files/wysiwyg/chsp/compendium/chsp-compendium-2023-rev.xlsx,AHRQ Compendium 2023 (system file rev. 2025-09); systems as of end-2023,False
HSI00001423,Pikeville Medical Center,Pikeville,KY,KY,1,True,1,1,328.0,0.0,1,nonprofit,100.0,0,2023 (rev. 2025-09),https://www.ahrq.gov/sites/default/files/wysiwyg/chsp/compendium/chsp-compendium-2023-rev.xlsx,AHRQ Compendium 2023 (system file rev. 2025-09); systems as of end-2023,False
HSI00000914,Saint Claire Regional Medical Center,Morehead,KY,KY,1,True,1,1,100.0,1.0,1,nonprofit,100.0,0,2023 (rev. 2025-09),https://www.ahrq.gov/sites/default/files/wysiwyg/chsp/compendium/chsp-compendium-2023-rev.xlsx,AHRQ Compendium 2023 (system file rev. 2025-09); systems as of end-2023,False
HSI00000917,Saint Elizabeth Healthcare,Edgewood,KY,IN;KY,2,True,5,5,755.0,0.0,2,church-operated,100.0,0,2023 (rev. 2025-09),https://www.ahrq.gov/sites/default/files/wysiwyg/chsp/compendium/chsp-compendium-2023-rev.xlsx,AHRQ Compendium 2023 (system file rev. 2025-09); systems as of end-2023,False
HSI00001053,T J Regional Health,Glasgow,KY,KY,1,True,2,2,161.0,0.0,1,nonprofit,100.0,0,2023 (rev. 2025-09),https://www.ahrq.gov/sites/default/files/wysiwyg/chsp/compendium/chsp-compendium-2023-rev.xlsx,AHRQ Compendium 2023 (system file rev. 2025-09); systems as of end-2023,False
HSI00001174,University of Kentucky Healthcare,Lexington,KY,KY;OH,2,True,5,4,1521.0,1.0,1,nonprofit,100.0,0,2023 (rev. 2025-09),https://www.ahrq.gov/sites/default/files/wysiwyg/chsp/compendium/chsp-compendium-2023-rev.xlsx,AHRQ Compendium 2023 (system file rev. 2025-09); systems as of end-2023,False
HSI00001377,UofL Health,Louisville,KY,KY,1,True,7,5,1154.0,1.0,1,nonprofit,100.0,0,2023 (rev. 2025-09),https://www.ahrq.gov/sites/default/files/wysiwyg/chsp/compendium/chsp-compendium-2023-rev.xlsx,AHRQ Compendium 2023 (system file rev. 2025-09); systems as of end-2023,False
HSI00000089,Baton Rouge General Health System,Baton Rouge,LA,LA,1,True,2,2,425.0,1.0,1,nonprofit,100.0,0,2023 (rev. 2025-09),https://www.ahrq.gov/sites/default/files/wysiwyg/chsp/compendium/chsp-compendium-2023-rev.xlsx,AHRQ Compendium 2023 (system file rev. 2025-09); systems as of end-2023,False
HSI00000376,Franciscan Missionaries of Our Lady Health System,Baton Rouge,LA,LA;MS,2,True,11,9,1940.0,1.0,2,church-operated,98.7,1,2023 (rev. 2025-09),https://www.ahrq.gov/sites/default/files/wysiwyg/chsp/compendium/chsp-compendium-2023-rev.xlsx,AHRQ Compendium 2023 (system file rev. 2025-09); systems as of end-2023,True
HSI00000555,LCMC Health System,New Orleans,LA,LA,1,True,11,10,1895.0,1.0,1,nonprofit,96.8,2,2023 (rev. 2025-09),https://www.ahrq.gov/sites/default/files/wysiwyg/chsp/compendium/chsp-compendium-2023-rev.xlsx,AHRQ Compendium 2023 (system file rev. 2025-09); systems as of end-2023,True
HSI00000564,Lake Charles Memorial Health System,Lake Charles,LA,LA,1,True,2,1,227.0,0.0,1,nonprofit,100.0,0,2023 (rev. 2025-09),https://www.ahrq.gov/sites/default/files/wysiwyg/chsp/compendium/chsp-compendium-2023-rev.xlsx,AHRQ Compendium 2023 (system file rev. 2025-09); systems as of end-2023,False
HSI00000780,Ochsner Health System,New Orleans,LA,AL;LA;MS,3,True,36,30,3280.0,1.0,1,nonprofit,88.8,5,2023 (rev. 2025-09),https://www.ahrq.gov/sites/default/files/wysiwyg/chsp/compendium/chsp-compendium-2023-rev.xlsx,AHRQ Compendium 2023 (system file rev. 2025-09); systems as of end-2023,True
HSI00001263,Willis Knighton Health System,Shreveport,LA,LA,1,True,3,3,720.0,0.0,1,nonprofit,100.0,0,2023 (rev. 2025-09),https://www.ahrq.gov/sites/default/files/wysiwyg/chsp/compendium/chsp-compendium-2023-rev.xlsx,AHRQ Compendium 2023 (system file rev. 2025-09); systems as of end-2023,False
HSI00000097,Baystate Health,Springfield,MA,MA,1,True,4,4,939.0,0.0,1,nonprofit,100.0,0,2023 (rev. 2025-09),https://www.ahrq.gov/sites/default/files/wysiwyg/chsp/compendium/chsp-compendium-2023-rev.xlsx,AHRQ Compendium 2023 (system file rev. 2025-09); systems as of end-2023,False
HSI00000109,Berkshire Health Systems,Pittsfield,MA,MA,1,True,2,2,262.0,0.0,1,nonprofit,100.0,0,2023 (rev. 2025-09),https://www.ahrq.gov/sites/default/files/wysiwyg/chsp/compendium/chsp-compendium-2023-rev.xlsx,AHRQ Compendium 2023 (system file rev. 2025-09); systems as of end-2023,False
HSI00001416,Beth Israel Lahey Health,Cambridge,MA,MA,1,True,10,9,2146.0,0.0,1,nonprofit,84.0,1,2023 (rev. 2025-09),https://www.ahrq.gov/sites/default/files/wysiwyg/chsp/compendium/chsp-compendium-2023-rev.xlsx,AHRQ Compendium 2023 (system file rev. 2025-09); systems as of end-2023,True
HSI00000130,Boston Childrens Hospital,Boston,MA,MA,1,True,1,1,485.0,0.0,1,nonprofit,100.0,0,2023 (rev. 2025-09),https://www.ahrq.gov/sites/default/files/wysiwyg/chsp/compendium/chsp-compendium-2023-rev.xlsx,AHRQ Compendium 2023 (system file rev. 2025-09); systems as of end-2023,False
HSI00000131,Boston Medical Center,Boston,MA,MA,1,True,1,1,442.0,1.0,1,nonprofit,100.0,0,2023 (rev. 2025-09),https://www.ahrq.gov/sites/default/files/wysiwyg/chsp/compendium/chsp-compendium-2023-rev.xlsx,AHRQ Compendium 2023 (system file rev. 2025-09); systems as of end-2023,False
HSI00000161,Cape Cod Healthcare,Hyannis,MA,MA,1,True,2,2,320.0,0.0,1,nonprofit,100.0,0,2023 (rev. 2025-09),https://www.ahrq.gov/sites/default/files/wysiwyg/chsp/compendium/chsp-compendium-2023-rev.xlsx,AHRQ Compendium 2023 (system file rev. 2025-09); systems as of end-2023,False
HSI00000287,Covenant Health Systems,Tewksbury,MA,ME;NH,2,False,3,3,399.0,1.0,2,church-operated,100.0,0,2023 (rev. 2025-09),https://www.ahrq.gov/sites/default/files/wysiwyg/chsp/compendium/chsp-compendium-2023-rev.xlsx,AHRQ Compendium 2023 (system file rev. 2025-09); systems as of end-2023,False
HSI00000340,Emerson Hospital Health System,Concord,MA,MA,1,True,1,1,111.0,0.0,1,nonprofit,100.0,0,2023 (rev. 2025-09),https://www.ahrq.gov/sites/default/files/wysiwyg/chsp/compendium/chsp-compendium-2023-rev.xlsx,AHRQ Compendium 2023 (system file rev. 2025-09); systems as of end-2023,False
HSI00000478,Heywood Healthcare,Gardner,MA,MA,1,True,2,2,135.0,0.0,1,nonprofit,100.0,0,2023 (rev. 2025-09),https://www.ahrq.gov/sites/default/files/wysiwyg/chsp/compendium/chsp-compendium-2023-rev.xlsx,AHRQ Compendium 2023 (system file rev. 2025-09); systems as of end-2023,False
HSI00001458,Lawrence General Hospital,Lawrence,MA,MA,1,True,1,1,186.0,1.0,1,nonprofit,100.0,0,2023 (rev. 2025-09),https://www.ahrq.gov/sites/default/files/wysiwyg/chsp/compendium/chsp-compendium-2023-rev.xlsx,AHRQ Compendium 2023 (system file rev. 2025-09); systems as of end-2023,False
HSI00000813,Mass General Brigham,Boston,MA,MA;NH,2,True,15,9,2729.0,0.0,1,nonprofit,100.0,0,2023 (rev. 2025-09),https://www.ahrq.gov/sites/default/files/wysiwyg/chsp/compendium/chsp-compendium-2023-rev.xlsx,AHRQ Compendium 2023 (system file rev. 2025-09); systems as of end-2023,False
HSI00000984,Signature Healthcare,Brockton,MA,MA,1,True,1,1,175.0,1.0,1,nonprofit,100.0,0,2023 (rev. 2025-09),https://www.ahrq.gov/sites/default/files/wysiwyg/chsp/compendium/chsp-compendium-2023-rev.xlsx,AHRQ Compendium 2023 (system file rev. 2025-09); systems as of end-2023,False
HSI00001002,South Shore Health System,South Weymouth,MA,MA,1,True,1,1,374.0,0.0,1,nonprofit,100.0,0,2023 (rev. 2025-09),https://www.ahrq.gov/sites/default/files/wysiwyg/chsp/compendium/chsp-compendium-2023-rev.xlsx,AHRQ Compendium 2023 (system file rev. 2025-09); systems as of end-2023,False
HSI00001004,Southcoast Health System,New Bedford,MA,MA,1,True,1,1,635.0,0.0,1,nonprofit,100.0,0,2023 (rev. 2025-09),https://www.ahrq.gov/sites/default/files/wysiwyg/chsp/compendium/chsp-compendium-2023-rev.xlsx,AHRQ Compendium 2023 (system file rev. 2025-09); systems as of end-2023,False
HSI00001041,Sturdy Memorial Hospital,Attleboro,MA,MA,1,True,1,1,125.0,0.0,1,nonprofit,100.0,0,2023 (rev. 2025-09),https://www.ahrq.gov/sites/default/files/wysiwyg/chsp/compendium/chsp-compendium-2023-rev.xlsx,AHRQ Compendium 2023 (system file rev. 2025-09); systems as of end-2023,False
HSI00001122,UMass Memorial Health Care,Worcester,MA,MA,1,True,6,6,1013.0,0.0,1,nonprofit,100.0,0,2023 (rev. 2025-09),https://www.ahrq.gov/sites/default/files/wysiwyg/chsp/compendium/chsp-compendium-2023-rev.xlsx,AHRQ Compendium 2023 (system file rev. 2025-09); systems as of end-2023,False
HSI00001219,Valley Health Systems,Holyoke,MA,MA,1,True,1,1,201.0,1.0,1,nonprofit,100.0,0,2023 (rev. 2025-09),https://www.ahrq.gov/sites/default/files/wysiwyg/chsp/compendium/chsp-compendium-2023-rev.xlsx,AHRQ Compendium 2023 (system file rev. 2025-09); systems as of end-2023,False
HSI00001112,Wellforce,Boston,MA,MA,1,True,4,4,914.0,1.0,1,nonprofit,100.0,0,2023 (rev. 2025-09),https://www.ahrq.gov/sites/default/files/wysiwyg/chsp/compendium/chsp-compendium-2023-rev.xlsx,AHRQ Compendium 2023 (system file rev. 2025-09); systems as of end-2023,False
HSI00000012,Adventist Healthcare,Gaithersburg,MD,DC;MD,2,True,6,4,866.0,1.0,2,church-operated,100.0,0,2023 (rev. 2025-09),https://www.ahrq.gov/sites/default/files/wysiwyg/chsp/compendium/chsp-compendium-2023-rev.xlsx,AHRQ Compendium 2023 (system file rev. 2025-09); systems as of end-2023,False
HSI00000059,Atlantic General Health System,Berlin,MD,MD,1,True,1,1,62.0,0.0,1,nonprofit,100.0,0,2023 (rev. 2025-09),https://www.ahrq.gov/sites/default/files/wysiwyg/chsp/compendium/chsp-compendium-2023-rev.xlsx,AHRQ Compendium 2023 (system file rev. 2025-09); systems as of end-2023,False
HSI00000155,CalvertHealth,Prince Frederick,MD,MD,1,True,1,1,78.0,0.0,1,nonprofit,100.0,0,2023 (rev. 2025-09),https://www.ahrq.gov/sites/default/files/wysiwyg/chsp/compendium/chsp-compendium-2023-rev.xlsx,AHRQ Compendium 2023 (system file rev. 2025-09); systems as of end-2023,False
HSI00000380,Frederick Regional Health System,Frederick,MD,MD,1,True,1,1,279.0,0.0,1,nonprofit,100.0,0,2023 (rev. 2025-09),https://www.ahrq.gov/sites/default/files/wysiwyg/chsp/compendium/chsp-compendium-2023-rev.xlsx,AHRQ Compendium 2023 (system file rev. 2025-09); systems as of end-2023,False
HSI00000422,GBMC Healthcare,Baltimore,MD,MD,1,True,1,1,265.0,0.0,1,nonprofit,100.0,0,2023 (rev. 2025-09),https://www.ahrq.gov/sites/default/files/wysiwyg/chsp/compendium/chsp-compendium-2023-rev.xlsx,AHRQ Compendium 2023 (system file rev. 2025-09); systems as of end-2023,False
HSI00000531,Johns Hopkins Health System,Baltimore,MD,DC;FL;MD,3,True,6,6,2402.0,0.0,1,nonprofit,100.0,0,2023 (rev. 2025-09),https://www.ahrq.gov/sites/default/files/wysiwyg/chsp/compendium/chsp-compendium-2023-rev.xlsx,AHRQ Compendium 2023 (system file rev. 2025-09); systems as of end-2023,False
HSI00000582,LifeBridge Health,Baltimore,MD,MD,1,True,6,4,817.0,0.0,1,nonprofit,100.0,0,2023 (rev. 2025-09),https://www.ahrq.gov/sites/default/files/wysiwyg/chsp/compendium/chsp-compendium-2023-rev.xlsx,AHRQ Compendium 2023 (system file rev. 2025-09); systems as of end-2023,False
HSI00000038,Luminis Health,Annapolis,MD,MD,1,True,3,2,579.0,0.0,1,nonprofit,100.0,0,2023 (rev. 2025-09),https://www.ahrq.gov/sites/default/files/wysiwyg/chsp/compendium/chsp-compendium-2023-rev.xlsx,AHRQ Compendium 2023 (system file rev. 2025-09); systems as of end-2023,False
HSI00000640,MedStar Health,Columbia,MD,DC;MD,2,True,10,9,2405.0,1.0,1,nonprofit,100.0,0,2023 (rev. 2025-09),https://www.ahrq.gov/sites/default/files/wysiwyg/chsp/compendium/chsp-compendium-2023-rev.xlsx,AHRQ Compendium 2023 (system file rev. 2025-09); systems as of end-2023,False
HSI00000663,Mercy Medical Center,Baltimore,MD,MD,1,True,1,1,173.0,1.0,2,church-operated,100.0,0,2023 (rev. 2025-09),https://www.ahrq.gov/sites/default/files/wysiwyg/chsp/compendium/chsp-compendium-2023-rev.xlsx,AHRQ Compendium 2023 (system file rev. 2025-09); systems as of end-2023,False
HSI00000671,Meritus Health,Hagerstown,MD,MD,1,True,1,1,265.0,0.0,1,nonprofit,100.0,0,2023 (rev. 2025-09),https://www.ahrq.gov/sites/default/files/wysiwyg/chsp/compendium/chsp-compendium-2023-rev.xlsx,AHRQ Compendium 2023 (system file rev. 2025-09); systems as of end-2023,False
HSI00000818,TidalHealth Peninsula Regional,Salisbury,MD,DE;MD,2,True,3,3,322.0,0.0,1,nonprofit,100.0,0,2023 (rev. 2025-09),https://www.ahrq.gov/sites/default/files/wysiwyg/chsp/compendium/chsp-compendium-2023-rev.xlsx,AHRQ Compendium 2023 (system file rev. 2025-09); systems as of end-2023,False
HSI00001175,University of Maryland Medical System,Baltimore,MD,MD,1,True,13,11,2282.0,1.0,1,nonprofit,100.0,0,2023 (rev. 2025-09),https://www.ahrq.gov/sites/default/files/wysiwyg/chsp/compendium/chsp-compendium-2023-rev.xlsx,AHRQ Compendium 2023 (system file rev. 2025-09); systems as of end-2023,False
HSI00000197,Central Maine Healthcare Corporation,Lewiston,ME,ME,1,True,3,3,237.0,0.0,1,nonprofit,100.0,0,2023 (rev. 2025-09),https://www.ahrq.gov/sites/default/files/wysiwyg/chsp/compendium/chsp-compendium-2023-rev.xlsx,AHRQ Compendium 2023 (system file rev. 2025-09); systems as of end-2023,False
HSI00000610,MaineGeneral Health,Augusta,ME,ME,1,True,1,1,186.0,0.0,1,nonprofit,100.0,0,2023 (rev. 2025-09),https://www.ahrq.gov/sites/default/files/wysiwyg/chsp/compendium/chsp-compendium-2023-rev.xlsx,AHRQ Compendium 2023 (system file rev. 2025-09); systems as of end-2023,False
HSI00000611,MaineHealth,Portland,ME,ME;NH,2,True,10,9,1134.0,0.0,1,nonprofit,100.0,0,2023 (rev. 2025-09),https://www.ahrq.gov/sites/default/files/wysiwyg/chsp/compendium/chsp-compendium-2023-rev.xlsx,AHRQ Compendium 2023 (system file rev. 2025-09); systems as of end-2023,False
HSI00000330,Northern Light Health,Brewer,ME,ME,1,True,11,10,637.0,0.0,1,nonprofit,96.1,1,2023 (rev. 2025-09),https://www.ahrq.gov/sites/default/files/wysiwyg/chsp/compendium/chsp-compendium-2023-rev.xlsx,AHRQ Compendium 2023 (system file rev. 2025-09); systems as of end-2023,True
HSI00001412,Redington Fairview General Hospital,Skowhegan,ME,ME,1,True,1,1,25.0,0.0,1,nonprofit,100.0,0,2023 (rev. 2025-09),https://www.ahrq.gov/sites/default/files/wysiwyg/chsp/compendium/chsp-compendium-2023-rev.xlsx,AHRQ Compendium 2023 (system file rev. 2025-09); systems as of end-2023,False
HSI00001274,York Hospital,York,ME,ME,1,True,1,1,54.0,0.0,1,nonprofit,100.0,0,2023 (rev. 2025-09),https://www.ahrq.gov/sites/default/files/wysiwyg/chsp/compendium/chsp-compendium-2023-rev.xlsx,AHRQ Compendium 2023 (system file rev. 2025-09); systems as of end-2023,False
HSI00000139,Bronson Healthcare Group,Kalamazoo,MI,MI,1,True,5,4,602.0,1.0,1,nonprofit,100.0,0,2023 (rev. 2025-09),https://www.ahrq.gov/sites/default/files/wysiwyg/chsp/compendium/chsp-compendium-2023-rev.xlsx,AHRQ Compendium 2023 (system file rev. 2025-09); systems as of end-2023,False
HSI00001021,Corewell Health,Grand Rapids,MI,MI,1,True,23,22,4623.0,1.0,1,nonprofit,99.2,1,2023 (rev. 2025-09),https://www.ahrq.gov/sites/default/files/wysiwyg/chsp/compendium/chsp-compendium-2023-rev.xlsx,AHRQ Compendium 2023 (system file rev. 2025-09); systems as of end-2023,True
HSI00000288,Covenant Medical Center,Saginaw,MI,MI,1,True,1,1,464.0,0.0,2,church-operated,100.0,0,2023 (rev. 2025-09),https://www.ahrq.gov/sites/default/files/wysiwyg/chsp/compendium/chsp-compendium-2023-rev.xlsx,AHRQ Compendium 2023 (system file rev. 2025-09); systems as of end-2023,False
HSI00000475,Henry Ford Health,Detroit,MI,MI,1,True,6,5,1787.0,1.0,1,nonprofit,100.0,0,2023 (rev. 2025-09),https://www.ahrq.gov/sites/default/files/wysiwyg/chsp/compendium/chsp-compendium-2023-rev.xlsx,AHRQ Compendium 2023 (system file rev. 2025-09); systems as of end-2023,False
HSI00001319,Holland Hospital,Holland,MI,MI,1,True,1,1,189.0,0.0,1,nonprofit,100.0,0,2023 (rev. 2025-09),https://www.ahrq.gov/sites/default/files/wysiwyg/chsp/compendium/chsp-compendium-2023-rev.xlsx,AHRQ Compendium 2023 (system file rev. 2025-09); systems as of end-2023,False
HSI00000636,McLaren Health Care Corporation,Grand Blanc,MI,MI,1,True,13,11,1600.0,1.0,1,nonprofit,100.0,0,2023 (rev. 2025-09),https://www.ahrq.gov/sites/default/files/wysiwyg/chsp/compendium/chsp-compendium-2023-rev.xlsx,AHRQ Compendium 2023 (system file rev. 2025-09); systems as of end-2023,False
HSI00000652,Memorial Healthcare,Owosso,MI,MI,1,True,1,1,113.0,0.0,1,nonprofit,100.0,0,2023 (rev. 2025-09),https://www.ahrq.gov/sites/default/files/wysiwyg/chsp/compendium/chsp-compendium-2023-rev.xlsx,AHRQ Compendium 2023 (system file rev. 2025-09); systems as of end-2023,False
HSI00000715,Munson Healthcare,Traverse City,MI,MI,1,True,10,10,624.0,0.0,1,nonprofit,98.7,1,2023 (rev. 2025-09),https://www.ahrq.gov/sites/default/files/wysiwyg/chsp/compendium/chsp-compendium-2023-rev.xlsx,AHRQ Compendium 2023 (system file rev. 2025-09); systems as of end-2023,True
HSI00001449,Oaklawn Hospital,Marshall,MI,MI,1,True,1,1,78.0,0.0,1,nonprofit,100.0,0,2023 (rev. 2025-09),https://www.ahrq.gov/sites/default/files/wysiwyg/chsp/compendium/chsp-compendium-2023-rev.xlsx,AHRQ Compendium 2023 (system file rev. 2025-09); systems as of end-2023,False
HSI00001106,Trinity Health,Livonia,MI,CA;CT;DE;FL;GA;IA;ID;IL;IN;MA;MD;MI;NY;OH;OR;PA,16,True,105,97,14914.0,1.0,2,church-operated,97.0,19,2023 (rev. 2025-09),https://www.ahrq.gov/sites/default/files/wysiwyg/chsp/compendium/chsp-compendium-2023-rev.xlsx,AHRQ Compendium 2023 (system file rev. 2025-09); systems as of end-2023,True
HSI00000029,Allina Health,Minneapolis,MN,MN;WI,2,True,13,12,1759.0,0.0,1,nonprofit,100.0,0,2023 (rev. 2025-09),https://www.ahrq.gov/sites/default/files/wysiwyg/chsp/compendium/chsp-compendium-2023-rev.xlsx,AHRQ Compendium 2023 (system file rev. 2025-09); systems as of end-2023,False
HSI00000193,CentraCare,Saint Cloud,MN,MN,1,True,10,10,650.0,1.0,1,nonprofit,98.3,1,2023 (rev. 2025-09),https://www.ahrq.gov/sites/default/files/wysiwyg/chsp/compendium/chsp-compendium-2023-rev.xlsx,AHRQ Compendium 2023 (system file rev. 2025-09); systems as of end-2023,True
HSI00000207,Childrens Minnesota,Minneapolis,MN,MN,1,True,2,2,420.0,0.0,1,nonprofit,100.0,0,2023 (rev. 2025-09),https://www.ahrq.gov/sites/default/files/wysiwyg/chsp/compendium/chsp-compendium-2023-rev.xlsx,AHRQ Compendium 2023 (system file rev. 2025-09); systems as of end-2023,False
HSI00001301,Cuyuna Regional Medical Center,Crosby,MN,MN,1,True,2,2,25.0,0.0,1,nonprofit,100.0,0,2023 (rev. 2025-09),https://www.ahrq.gov/sites/default/files/wysiwyg/chsp/compendium/chsp-compendium-2023-rev.xlsx,AHRQ Compendium 2023 (system file rev. 2025-09); systems as of end-2023,False
HSI00000350,Essentia Health,Duluth,MN,ID;MN;ND;WI,4,True,18,18,966.0,1.0,1,nonprofit,97.4,1,2023 (rev. 2025-09),https://www.ahrq.gov/sites/default/files/wysiwyg/chsp/compendium/chsp-compendium-2023-rev.xlsx,AHRQ Compendium 2023 (system file rev. 2025-09); systems as of end-2023,True
HSI00000357,Fairview Health Services,Minneapolis,MN,MN;WI,2,True,13,11,1636.0,1.0,2,church-operated,100.0,0,2023 (rev. 2025-09),https://www.ahrq.gov/sites/default/files/wysiwyg/chsp/compendium/chsp-compendium-2023-rev.xlsx,AHRQ Compendium 2023 (system file rev. 2025-09); systems as of end-2023,False
HSI00000464,HealthPartners,Minneapolis,MN,MN;WI,2,True,10,10,1002.0,0.0,1,nonprofit,100.0,0,2023 (rev. 2025-09),https://www.ahrq.gov/sites/default/files/wysiwyg/chsp/compendium/chsp-compendium-2023-rev.xlsx,AHRQ Compendium 2023 (system file rev. 2025-09); systems as of end-2023,False
HSI00000567,Lake Region Healthcare,Fergus Falls,MN,MN,1,True,2,2,90.0,0.0,1,nonprofit,100.0,0,2023 (rev. 2025-09),https://www.ahrq.gov/sites/default/files/wysiwyg/chsp/compendium/chsp-compendium-2023-rev.xlsx,AHRQ Compendium 2023 (system file rev. 2025-09); systems as of end-2023,False
HSI00000631,Mayo Clinic Health System,Rochester,MN,AZ;FL;IA;MN;WI,5,True,26,25,2792.0,0.0,1,nonprofit,57.1,3,2023 (rev. 2025-09),https://www.ahrq.gov/sites/default/files/wysiwyg/chsp/compendium/chsp-compendium-2023-rev.xlsx,AHRQ Compendium 2023 (system file rev. 2025-09); systems as of end-2023,True
HSI00000749,North Memorial Health,Robbinsdale,MN,MN,1,True,2,2,476.0,0.0,1,nonprofit,100.0,0,2023 (rev. 2025-09),https://www.ahrq.gov/sites/default/files/wysiwyg/chsp/compendium/chsp-compendium-2023-rev.xlsx,AHRQ Compendium 2023 (system file rev. 2025-09); systems as of end-2023,False
HSI00000789,Olmsted Medical Center,Rochester,MN,MN,1,True,1,1,61.0,0.0,1,nonprofit,100.0,0,2023 (rev. 2025-09),https://www.ahrq.gov/sites/default/files/wysiwyg/chsp/compendium/chsp-compendium-2023-rev.xlsx,AHRQ Compendium 2023 (system file rev. 2025-09); systems as of end-2023,False
HSI00000881,Ridgeview Medical Center,Waconia,MN,MN,1,True,3,3,138.0,0.0,1,nonprofit,100.0,0,2023 (rev. 2025-09),https://www.ahrq.gov/sites/default/files/wysiwyg/chsp/compendium/chsp-compendium-2023-rev.xlsx,AHRQ Compendium 2023 (system file rev. 2025-09); systems as of end-2023,False
HSI00000937,Saint Lukes Hospital of Duluth,Duluth,MN,MN,1,True,2,2,254.0,0.0,1,nonprofit,100.0,0,2023 (rev. 2025-09),https://www.ahrq.gov/sites/default/files/wysiwyg/chsp/compendium/chsp-compendium-2023-rev.xlsx,AHRQ Compendium 2023 (system file rev. 2025-09); systems as of end-2023,False
HSI00001264,Winona Health,Winona,MN,MN,1,True,1,1,41.0,0.0,1,nonprofit,100.0,0,2023 (rev. 2025-09),https://www.ahrq.gov/sites/default/files/wysiwyg/chsp/compendium/chsp-compendium-2023-rev.xlsx,AHRQ Compendium 2023 (system file rev. 2025-09); systems as of end-2023,False
HSI00000055,Ascension Health,Saint Louis,MO,AL;CT;FL;IL;IN;KS;MD;MI;NY;OK;TN;TX;WI,13,False,120,104,15162.0,1.0,2,church-operated,99.6,2,2023 (rev. 2025-09),https://www.ahrq.gov/sites/default/files/wysiwyg/chsp/compendium/chsp-compendium-2023-rev.xlsx,AHRQ Compendium 2023 (system file rev. 2025-09); systems as of end-2023,True
HSI00000070,BJC Healthcare,Saint Louis,MO,IL;MO,2,True,16,14,3180.0,0.0,1,nonprofit,99.2,1,2023 (rev. 2025-09),https://www.ahrq.gov/sites/default/files/wysiwyg/chsp/compendium/chsp-compendium-2023-rev.xlsx,AHRQ Compendium 2023 (system file rev. 2025-09); systems as of end-2023,True
HSI00001501,Boone Hospital Center,Columbia,MO,MO,1,True,1,1,278.0,0.0,1,nonprofit,100.0,0,2023 (rev. 2025-09),https://www.ahrq.gov/sites/default/files/wysiwyg/chsp/compendium/chsp-compendium-2023-rev.xlsx,AHRQ Compendium 2023 (system file rev. 2025-09); systems as of end-2023,False
HSI00000290,CoxHealth,Springfield,MO,MO,1,True,5,4,986.0,0.0,1,nonprofit,100.0,0,2023 (rev. 2025-09),https://www.ahrq.gov/sites/default/files/wysiwyg/chsp/compendium/chsp-compendium-2023-rev.xlsx,AHRQ Compendium 2023 (system file rev. 2025-09); systems as of end-2023,False
HSI00000381,Freeman Health System,Joplin,MO,MO,1,True,2,2,384.0,0.0,1,nonprofit,100.0,0,2023 (rev. 2025-09),https://www.ahrq.gov/sites/default/files/wysiwyg/chsp/compendium/chsp-compendium-2023-rev.xlsx,AHRQ Compendium 2023 (system file rev. 2025-09); systems as of end-2023,False
HSI00000445,Hannibal Regional Healthcare System,Hannibal,MO,MO,1,True,1,1,86.0,0.0,1,nonprofit,100.0,0,2023 (rev. 2025-09),https://www.ahrq.gov/sites/default/files/wysiwyg/chsp/compendium/chsp-compendium-2023-rev.xlsx,AHRQ Compendium 2023 (system file rev. 2025-09); systems as of end-2023,False
HSI00000568,Lake Regional Health System,Osage Beach,MO,MO,1,True,1,1,105.0,0.0,1,nonprofit,100.0,0,2023 (rev. 2025-09),https://www.ahrq.gov/sites/default/files/wysiwyg/chsp/compendium/chsp-compendium-2023-rev.xlsx,AHRQ Compendium 2023 (system file rev. 2025-09); systems as of end-2023,False
HSI00000660,Mercy,Chesterfield,MO,AR;IN;KS;MO;OK,5,True,45,37,4363.0,0.0,2,church-operated,97.2,5,2023 (rev. 2025-09),https://www.ahrq.gov/sites/default/files/wysiwyg/chsp/compendium/chsp-compendium-2023-rev.xlsx,AHRQ Compendium 2023 (system file rev. 2025-09); systems as of end-2023,True
HSI00000694,Missouri Delta Medical Center,Sikeston,MO,MO,1,True,1,1,98.0,0.0,1,nonprofit,100.0,0,2023 (rev. 2025-09),https://www.ahrq.gov/sites/default/files/wysiwyg/chsp/compendium/chsp-compendium-2023-rev.xlsx,AHRQ Compendium 2023 (system file rev. 2025-09); systems as of end-2023,False
HSI00000705,Mosaic Life Care,Saint Joseph,MO,MO,1,True,5,4,421.0,0.0,1,nonprofit,96.4,1,2023 (rev. 2025-09),https://www.ahrq.gov/sites/default/files/wysiwyg/chsp/compendium/chsp-compendium-2023-rev.xlsx,AHRQ Compendium 2023 (system file rev. 2025-09); systems as of end-2023,True
HSI00001529,Ozarks Healthcare,West Plains,MO,MO,1,True,1,1,111.0,0.0,1,nonprofit,100.0,0,2023 (rev. 2025-09),https://www.ahrq.gov/sites/default/files/wysiwyg/chsp/compendium/chsp-compendium-2023-rev.xlsx,AHRQ Compendium 2023 (system file rev. 2025-09); systems as of end-2023,False
HSI00000902,SSM Health,Saint Louis,MO,IL;MO;OK;WI,4,True,40,37,4017.0,1.0,2,church-operated,95.2,10,2023 (rev. 2025-09),https://www.ahrq.gov/sites/default/files/wysiwyg/chsp/compendium/chsp-compendium-2023-rev.xlsx,AHRQ Compendium 2023 (system file rev. 2025-09); systems as of end-2023,True
HSI00000920,Saint Francis Healthcare System,Cape Girardeau,MO,MO,1,True,1,1,282.0,0.0,1,nonprofit,100.0,0,2023 (rev. 2025-09),https://www.ahrq.gov/sites/default/files/wysiwyg/chsp/compendium/chsp-compendium-2023-rev.xlsx,AHRQ Compendium 2023 (system file rev. 2025-09); systems as of end-2023,False
HSI00000933,Saint Lukes Episcopal Presbyterian Hospital,Chesterfield,MO,MO,1,True,2,2,445.0,0.0,1,nonprofit,100.0,0,2023 (rev. 2025-09),https://www.ahrq.gov/sites/default/files/wysiwyg/chsp/compendium/chsp-compendium-2023-rev.xlsx,AHRQ Compendium 2023 (system file rev. 2025-09); systems as of end-2023,False
HSI00000935,Saint Lukes Health System,Kansas City,MO,KS;MO,2,True,11,9,964.0,0.0,2,church-operated,97.4,1,2023 (rev. 2025-09),https://www.ahrq.gov/sites/default/files/wysiwyg/chsp/compendium/chsp-compendium-2023-rev.xlsx,AHRQ Compendium 2023 (system file rev. 2025-09); systems as of end-2023,True
HSI00001007,Southeast Health,Cape Girardeau,MO,MO,1,True,2,2,275.0,1.0,1,nonprofit,100.0,0,2023 (rev. 2025-09),https://www.ahrq.gov/sites/default/files/wysiwyg/chsp/compendium/chsp-compendium-2023-rev.xlsx,AHRQ Compendium 2023 (system file rev. 2025-09); systems as of end-2023,False
HSI00001076,The Childrens Mercy Hospital,Kansas City,MO,KS;MO,2,True,2,2,370.0,0.0,1,nonprofit,100.0,0,2023 (rev. 2025-09),https://www.ahrq.gov/sites/default/files/wysiwyg/chsp/compendium/chsp-compendium-2023-rev.xlsx,AHRQ Compendium 2023 (system file rev. 2025-09); systems as of end-2023,False
HSI00001110,University Health,Kansas City,MO,MO,1,True,2,2,375.0,1.0,1,nonprofit,100.0,0,2023 (rev. 2025-09),https://www.ahrq.gov/sites/default/files/wysiwyg/chsp/compendium/chsp-compendium-2023-rev.xlsx,AHRQ Compendium 2023 (system file rev. 2025-09); systems as of end-2023,False
HSI00000034,Anderson Regional Health System,Meridian,MS,MS,1,True,2,2,303.0,0.0,1,nonprofit,100.0,0,2023 (rev. 2025-09),https://www.ahrq.gov/sites/default/files/wysiwyg/chsp/compendium/chsp-compendium-2023-rev.xlsx,AHRQ Compendium 2023 (system file rev. 2025-09); systems as of end-2023,False
HSI00000750,North Mississippi Health Services,Tupelo,MS,AL;MS,2,True,7,7,767.0,1.0,1,nonprofit,100.0,0,2023 (rev. 2025-09),https://www.ahrq.gov/sites/default/files/wysiwyg/chsp/compendium/chsp-compendium-2023-rev.xlsx,AHRQ Compendium 2023 (system file rev. 2025-09); systems as of end-2023,False
HSI00000107,Benefis Health System,Great Falls,MT,MT,1,True,3,3,362.0,0.0,1,nonprofit,100.0,0,2023 (rev. 2025-09),https://www.ahrq.gov/sites/default/files/wysiwyg/chsp/compendium/chsp-compendium-2023-rev.xlsx,AHRQ Compendium 2023 (system file rev. 2025-09); systems as of end-2023,False
HSI00000114,Billings Clinic,Billings,MT,MT;WY,2,True,13,13,474.0,0.0,1,nonprofit,93.7,2,2023 (rev. 2025-09),https://www.ahrq.gov/sites/default/files/wysiwyg/chsp/compendium/chsp-compendium-2023-rev.xlsx,AHRQ Compendium 2023 (system file rev. 2025-09); systems as of end-2023,True
HSI00000613,Bitterroot Health,Hamilton,MT,MT,1,True,1,1,25.0,0.0,1,nonprofit,100.0,0,2023 (rev. 2025-09),https://www.ahrq.gov/sites/default/files/wysiwyg/chsp/compendium/chsp-compendium-2023-rev.xlsx,AHRQ Compendium 2023 (system file rev. 2025-09); systems as of end-2023,False
HSI00000135,Bozeman Deaconess Hospital,Bozeman,MT,MT,1,True,1,1,139.0,0.0,1,nonprofit,100.0,0,2023 (rev. 2025-09),https://www.ahrq.gov/sites/default/files/wysiwyg/chsp/compendium/chsp-compendium-2023-rev.xlsx,AHRQ Compendium 2023 (system file rev. 2025-09); systems as of end-2023,False
HSI00000538,Logan Health,Kalispell,MT,MT,1,True,6,5,301.0,0.0,1,nonprofit,93.0,1,2023 (rev. 2025-09),https://www.ahrq.gov/sites/default/files/wysiwyg/chsp/compendium/chsp-compendium-2023-rev.xlsx,AHRQ Compendium 2023 (system file rev. 2025-09); systems as of end-2023,True
HSI00000943,Saint Peters Health,Helena,MT,MT,1,True,1,1,125.0,0.0,1,nonprofit,100.0,0,2023 (rev. 2025-09),https://www.ahrq.gov/sites/default/files/wysiwyg/chsp/compendium/chsp-compendium-2023-rev.xlsx,AHRQ Compendium 2023 (system file rev. 2025-09); systems as of end-2023,False
HSI00001526,Advocate Health,Charlotte,NC,AL;GA;IL;NC;SC;WI,6,True,58,53,10615.0,1.0,1,nonprofit,63.3,15,2023 (rev. 2025-09),https://www.ahrq.gov/sites/default/files/wysiwyg/chsp/compendium/chsp-compendium-2023-rev.xlsx,AHRQ Compendium 2023 (system file rev. 2025-09); systems as of end-2023,True
HSI00000171,Caromont Health System,Gastonia,NC,NC,1,True,1,1,424.0,0.0,1,nonprofit,100.0,0,2023 (rev. 2025-09),https://www.ahrq.gov/sites/default/files/wysiwyg/chsp/compendium/chsp-compendium-2023-rev.xlsx,AHRQ Compendium 2023 (system file rev. 2025-09); systems as of end-2023,False
HSI00000263,Cone Health,Greensboro,NC,NC,1,True,3,3,936.0,0.0,1,nonprofit,100.0,0,2023 (rev. 2025-09),https://www.ahrq.gov/sites/default/files/wysiwyg/chsp/compendium/chsp-compendium-2023-rev.xlsx,AHRQ Compendium 2023 (system file rev. 2025-09); systems as of end-2023,False
HSI00000323,Duke University Health System,Durham,NC,NC,1,True,3,3,1535.0,0.0,1,nonprofit,80.4,1,2023 (rev. 2025-09),https://www.ahrq.gov/sites/default/files/wysiwyg/chsp/compendium/chsp-compendium-2023-rev.xlsx,AHRQ Compendium 2023 (system file rev. 2025-09); systems as of end-2023,True
HSI00001230,ECU Health,Greenville,NC,NC,1,True,9,9,1367.0,0.0,1,nonprofit,99.6,1,2023 (rev. 2025-09),https://www.ahrq.gov/sites/default/files/wysiwyg/chsp/compendium/chsp-compendium-2023-rev.xlsx,AHRQ Compendium 2023 (system file rev. 2025-09); systems as of end-2023,True
HSI00000365,FirstHealth of the Carolinas,Pinehurst,NC,NC,1,True,3,3,415.0,0.0,1,nonprofit,100.0,0,2023 (rev. 2025-09),https://www.ahrq.gov/sites/default/files/wysiwyg/chsp/compendium/chsp-compendium-2023-rev.xlsx,AHRQ Compendium 2023 (system file rev. 2025-09); systems as of end-2023,False
HSI00000518,Iredell Health System,Statesville,NC,NC,1,True,1,1,155.0,0.0,1,nonprofit,100.0,0,2023 (rev. 2025-09),https://www.ahrq.gov/sites/default/files/wysiwyg/chsp/compendium/chsp-compendium-2023-rev.xlsx,AHRQ Compendium 2023 (system file rev. 2025-09); systems as of end-2023,False
HSI00000773,Novant Health,Winston Salem,NC,NC,1,True,13,12,2976.0,0.0,1,nonprofit,99.2,1,2023 (rev. 2025-09),https://www.ahrq.gov/sites/default/files/wysiwyg/chsp/compendium/chsp-compendium-2023-rev.xlsx,AHRQ Compendium 2023 (system file rev. 2025-09); systems as of end-2023,True
HSI00001236,WakeMed Health and Hospitals,Raleigh,NC,NC,1,True,2,2,839.0,0.0,1,nonprofit,100.0,0,2023 (rev. 2025-09),https://www.ahrq.gov/sites/default/files/wysiwyg/chsp/compendium/chsp-compendium-2023-rev.xlsx,AHRQ Compendium 2023 (system file rev. 2025-09); systems as of end-2023,False
HSI00000032,Altru Health System,Grand Forks,ND,ND,1,True,2,1,198.0,0.0,1,nonprofit,100.0,0,2023 (rev. 2025-09),https://www.ahrq.gov/sites/default/files/wysiwyg/chsp/compendium/chsp-compendium-2023-rev.xlsx,AHRQ Compendium 2023 (system file rev. 2025-09); systems as of end-2023,False
HSI00001107,Trinity Health,Minot,ND,ND,1,True,2,2,170.0,0.0,1,nonprofit,100.0,0,2023 (rev. 2025-09),https://www.ahrq.gov/sites/default/files/wysiwyg/chsp/compendium/chsp-compendium-2023-rev.xlsx,AHRQ Compendium 2023 (system file rev. 2025-09); systems as of end-2023,False
HSI00000360,Boys Town National Research Hospital,Boys Town,NE,NE,1,True,1,1,52.0,0.0,1,nonprofit,100.0,0,2023 (rev. 2025-09),https://www.ahrq.gov/sites/default/files/wysiwyg/chsp/compendium/chsp-compendium-2023-rev.xlsx,AHRQ Compendium 2023 (system file rev. 2025-09); systems as of end-2023,False
HSI00000143,Bryan Health,Lincoln,NE,NE,1,True,8,8,700.0,0.0,1,nonprofit,84.4,2,2023 (rev. 2025-09),https://www.ahrq.gov/sites/default/files/wysiwyg/chsp/compendium/chsp-compendium-2023-rev.xlsx,AHRQ Compendium 2023 (system file rev. 2025-09); systems as of end-2023,True
HSI00000213,Childrens Hospital and Medical Center,Omaha,NE,NE,1,True,1,1,186.0,0.0,1,nonprofit,100.0,0,2023 (rev. 2025-09),https://www.ahrq.gov/sites/default/files/wysiwyg/chsp/compendium/chsp-compendium-2023-rev.xlsx,AHRQ Compendium 2023 (system file rev. 2025-09); systems as of end-2023,False
HSI00000358,Faith Regional Health Services,Norfolk,NE,NE,1,True,4,4,173.0,0.0,1,nonprofit,89.0,1,2023 (rev. 2025-09),https://www.ahrq.gov/sites/default/files/wysiwyg/chsp/compendium/chsp-compendium-2023-rev.xlsx,AHRQ Compendium 2023 (system file rev. 2025-09); systems as of end-2023,True
HSI00000753,Great Plains Health,North Platte,NE,NE,1,True,1,1,96.0,0.0,1,nonprofit,100.0,0,2023 (rev. 2025-09),https://www.ahrq.gov/sites/default/files/wysiwyg/chsp/compendium/chsp-compendium-2023-rev.xlsx,AHRQ Compendium 2023 (system file rev. 2025-09); systems as of end-2023,False
HSI00000623,Mary Lanning Healthcare,Hastings,NE,NE,1,True,1,1,97.0,0.0,1,nonprofit,100.0,0,2023 (rev. 2025-09),https://www.ahrq.gov/sites/default/files/wysiwyg/chsp/compendium/chsp-compendium-2023-rev.xlsx,AHRQ Compendium 2023 (system file rev. 2025-09); systems as of end-2023,False
HSI00000672,Methodist Health System,Omaha,NE,IA;NE,2,True,3,3,540.0,0.0,1,nonprofit,100.0,0,2023 (rev. 2025-09),https://www.ahrq.gov/sites/default/files/wysiwyg/chsp/compendium/chsp-compendium-2023-rev.xlsx,AHRQ Compendium 2023 (system file rev. 2025-09); systems as of end-2023,False
HSI00000871,Regional West Health Services,Scottsbluff,NE,NE,1,True,3,3,132.0,0.0,1,nonprofit,100.0,0,2023 (rev. 2025-09),https://www.ahrq.gov/sites/default/files/wysiwyg/chsp/compendium/chsp-compendium-2023-rev.xlsx,AHRQ Compendium 2023 (system file rev. 2025-09); systems as of end-2023,False
HSI00001085,The Nebraska Medical Center,Omaha,NE,IA;NE,2,True,4,3,686.0,0.0,1,nonprofit,89.9,1,2023 (rev. 2025-09),https://www.ahrq.gov/sites/default/files/wysiwyg/chsp/compendium/chsp-compendium-2023-rev.xlsx,AHRQ Compendium 2023 (system file rev. 2025-09); systems as of end-2023,True
HSI00000165,Capital Region Health Care,Concord,NH,NH,1,True,3,3,317.0,0.0,1,nonprofit,100.0,0,2023 (rev. 2025-09),https://www.ahrq.gov/sites/default/files/wysiwyg/chsp/compendium/chsp-compendium-2023-rev.xlsx,AHRQ Compendium 2023 (system file rev. 2025-09); systems as of end-2023,False
HSI00000188,Catholic Medical Center,Manchester,NH,NH,1,True,1,1,262.0,0.0,1,nonprofit,100.0,0,2023 (rev. 2025-09),https://www.ahrq.gov/sites/default/files/wysiwyg/chsp/compendium/chsp-compendium-2023-rev.xlsx,AHRQ Compendium 2023 (system file rev. 2025-09); systems as of end-2023,False
HSI00000299,Dartmouth-Hitchcock,Lebanon,NH,NH;VT,2,True,8,8,771.0,0.0,1,nonprofit,100.0,0,2023 (rev. 2025-09),https://www.ahrq.gov/sites/default/files/wysiwyg/chsp/compendium/chsp-compendium-2023-rev.xlsx,AHRQ Compendium 2023 (system file rev. 2025-09); systems as of end-2023,False
HSI00000355,Exeter Health Resources,Exeter,NH,NH,1,True,1,1,99.0,0.0,1,nonprofit,100.0,0,2023 (rev. 2025-09),https://www.ahrq.gov/sites/default/files/wysiwyg/chsp/compendium/chsp-compendium-2023-rev.xlsx,AHRQ Compendium 2023 (system file rev. 2025-09); systems as of end-2023,False
HSI00001447,North Country Healthcare,Whitefield,NH,NH,1,True,3,3,50.0,0.0,1,nonprofit,100.0,0,2023 (rev. 2025-09),https://www.ahrq.gov/sites/default/files/wysiwyg/chsp/compendium/chsp-compendium-2023-rev.xlsx,AHRQ Compendium 2023 (system file rev. 2025-09); systems as of end-2023,False
HSI00000338,Solutionhealth,Manchester,NH,NH,1,True,2,2,353.0,0.0,1,nonprofit,100.0,0,2023 (rev. 2025-09),https://www.ahrq.gov/sites/default/files/wysiwyg/chsp/compendium/chsp-compendium-2023-rev.xlsx,AHRQ Compendium 2023 (system file rev. 2025-09); systems as of end-2023,False
HSI00001369,AtlantiCare,Egg Harbor Township,NJ,NJ,1,True,1,1,532.0,0.0,1,nonprofit,100.0,0,2023 (rev. 2025-09),https://www.ahrq.gov/sites/default/files/wysiwyg/chsp/compendium/chsp-compendium-2023-rev.xlsx,AHRQ Compendium 2023 (system file rev. 2025-09); systems as of end-2023,False
HSI00000060,Atlantic Health System,Morristown,NJ,NJ,1,True,6,5,1568.0,0.0,1,nonprofit,100.0,0,2023 (rev. 2025-09),https://www.ahrq.gov/sites/default/files/wysiwyg/chsp/compendium/chsp-compendium-2023-rev.xlsx,AHRQ Compendium 2023 (system file rev. 2025-09); systems as of end-2023,False
HSI00001396,Cape Regional Health System,Cape May Court House,NJ,NJ,1,True,1,1,149.0,0.0,1,nonprofit,100.0,0,2023 (rev. 2025-09),https://www.ahrq.gov/sites/default/files/wysiwyg/chsp/compendium/chsp-compendium-2023-rev.xlsx,AHRQ Compendium 2023 (system file rev. 2025-09); systems as of end-2023,False
HSI00000164,Capital Health System,Trenton,NJ,NJ,1,True,2,2,382.0,0.0,1,nonprofit,100.0,0,2023 (rev. 2025-09),https://www.ahrq.gov/sites/default/files/wysiwyg/chsp/compendium/chsp-compendium-2023-rev.xlsx,AHRQ Compendium 2023 (system file rev. 2025-09); systems as of end-2023,False
HSI00000194,Centrastate Healthcare System,Freehold,NJ,NJ,1,True,1,1,240.0,0.0,1,nonprofit,100.0,0,2023 (rev. 2025-09),https://www.ahrq.gov/sites/default/files/wysiwyg/chsp/compendium/chsp-compendium-2023-rev.xlsx,AHRQ Compendium 2023 (system file rev. 2025-09); systems as of end-2023,False
HSI00001079,Cooper University Health Care,Camden,NJ,NJ,1,True,1,1,578.0,1.0,1,nonprofit,100.0,0,2023 (rev. 2025-09),https://www.ahrq.gov/sites/default/files/wysiwyg/chsp/compendium/chsp-compendium-2023-rev.xlsx,AHRQ Compendium 2023 (system file rev. 2025-09); systems as of end-2023,False
HSI00001442,Englewood Health,Englewood,NJ,NJ,1,True,1,1,274.0,0.0,1,nonprofit,100.0,0,2023 (rev. 2025-09),https://www.ahrq.gov/sites/default/files/wysiwyg/chsp/compendium/chsp-compendium-2023-rev.xlsx,AHRQ Compendium 2023 (system file rev. 2025-09); systems as of end-2023,False
HSI00000439,Hackensack Meridian Health,Edison,NJ,NJ,1,True,13,10,3075.0,1.0,1,nonprofit,100.0,0,2023 (rev. 2025-09),https://www.ahrq.gov/sites/default/files/wysiwyg/chsp/compendium/chsp-compendium-2023-rev.xlsx,AHRQ Compendium 2023 (system file rev. 2025-09); systems as of end-2023,False
HSI00001389,Holy Name Medical Center,Teaneck,NJ,NJ,1,True,1,1,289.0,0.0,1,nonprofit,100.0,0,2023 (rev. 2025-09),https://www.ahrq.gov/sites/default/files/wysiwyg/chsp/compendium/chsp-compendium-2023-rev.xlsx,AHRQ Compendium 2023 (system file rev. 2025-09); systems as of end-2023,False
HSI00000502,Hunterdon Healthcare System,Flemington,NJ,NJ,1,True,1,1,184.0,0.0,1,nonprofit,100.0,0,2023 (rev. 2025-09),https://www.ahrq.gov/sites/default/files/wysiwyg/chsp/compendium/chsp-compendium-2023-rev.xlsx,AHRQ Compendium 2023 (system file rev. 2025-09); systems as of end-2023,False
HSI00000514,Inspira Health Network,Mullica Hill,NJ,NJ,1,True,4,4,679.0,0.0,1,nonprofit,83.4,1,2023 (rev. 2025-09),https://www.ahrq.gov/sites/default/files/wysiwyg/chsp/compendium/chsp-compendium-2023-rev.xlsx,AHRQ Compendium 2023 (system file rev. 2025-09); systems as of end-2023,True
HSI00000863,RWJBarnabas Health,West Orange,NJ,NJ,1,True,16,14,3966.0,1.0,1,nonprofit,98.7,1,2023 (rev. 2025-09),https://www.ahrq.gov/sites/default/files/wysiwyg/chsp/compendium/chsp-compendium-2023-rev.xlsx,AHRQ Compendium 2023 (system file rev. 2025-09); systems as of end-2023,True
HSI00000929,Saint Josephs Health,Paterson,NJ,NJ,1,True,2,2,681.0,1.0,2,church-operated,100.0,0,2023 (rev. 2025-09),https://www.ahrq.gov/sites/default/files/wysiwyg/chsp/compendium/chsp-compendium-2023-rev.xlsx,AHRQ Compendium 2023 (system file rev. 2025-09); systems as of end-2023,False
HSI00000942,Saint Peters Healthcare System,New Brunswick,NJ,NJ,1,True,1,1,352.0,0.0,1,nonprofit,100.0,0,2023 (rev. 2025-09),https://www.ahrq.gov/sites/default/files/wysiwyg/chsp/compendium/chsp-compendium-2023-rev.xlsx,AHRQ Compendium 2023 (system file rev. 2025-09); systems as of end-2023,False
HSI00001532,Shore Physicians Group,Somers Point,NJ,NJ,1,True,1,1,199.0,0.0,1,nonprofit,100.0,0,2023 (rev. 2025-09),https://www.ahrq.gov/sites/default/files/wysiwyg/chsp/compendium/chsp-compendium-2023-rev.xlsx,AHRQ Compendium 2023 (system file rev. 2025-09); systems as of end-2023,False
HSI00001218,Valley Health System,Ridgewood,NJ,NJ,1,True,1,1,385.0,0.0,1,nonprofit,100.0,0,2023 (rev. 2025-09),https://www.ahrq.gov/sites/default/files/wysiwyg/chsp/compendium/chsp-compendium-2023-rev.xlsx,AHRQ Compendium 2023 (system file rev. 2025-09); systems as of end-2023,False
HSI00001233,Virtua Health,Marlton,NJ,NJ,1,True,5,5,1329.0,0.0,1,nonprofit,100.0,0,2023 (rev. 2025-09),https://www.ahrq.gov/sites/default/files/wysiwyg/chsp/compendium/chsp-compendium-2023-rev.xlsx,AHRQ Compendium 2023 (system file rev. 2025-09); systems as of end-2023,False
HSI00000394,Gerald Champion Regional Medical Center,Alamogordo,NM,NM,1,True,1,1,66.0,0.0,1,nonprofit,100.0,0,2023 (rev. 2025-09),https://www.ahrq.gov/sites/default/files/wysiwyg/chsp/compendium/chsp-compendium-2023-rev.xlsx,AHRQ Compendium 2023 (system file rev. 2025-09); systems as of end-2023,False
HSI00000843,Presbyterian Healthcare Services,Albuquerque,NM,NM,1,True,9,9,1222.0,1.0,1,nonprofit,100.0,0,2023 (rev. 2025-09),https://www.ahrq.gov/sites/default/files/wysiwyg/chsp/compendium/chsp-compendium-2023-rev.xlsx,AHRQ Compendium 2023 (system file rev. 2025-09); systems as of end-2023,False
HSI00000956,San Juan Regional Medical Center,Farmington,NM,NM,1,True,2,1,191.0,1.0,1,nonprofit,100.0,0,2023 (rev. 2025-09),https://www.ahrq.gov/sites/default/files/wysiwyg/chsp/compendium/chsp-compendium-2023-rev.xlsx,AHRQ Compendium 2023 (system file rev. 2025-09); systems as of end-2023,False
HSI00000178,Carson Tahoe Health,Carson City,NV,NV,1,True,3,1,175.0,0.0,1,nonprofit,100.0,0,2023 (rev. 2025-09),https://www.ahrq.gov/sites/default/files/wysiwyg/chsp/compendium/chsp-compendium-2023-rev.xlsx,AHRQ Compendium 2023 (system file rev. 2025-09); systems as of end-2023,False
HSI00000874,Renown Health,Reno,NV,NV,1,True,3,2,592.0,0.0,1,nonprofit,100.0,0,2023 (rev. 2025-09),https://www.ahrq.gov/sites/default/files/wysiwyg/chsp/compendium/chsp-compendium-2023-rev.xlsx,AHRQ Compendium 2023 (system file rev. 2025-09); systems as of end-2023,False
HSI00000019,Albany Medical Center,Albany,NY,NY,1,True,3,2,890.0,0.0,1,nonprofit,100.0,0,2023 (rev. 2025-09),https://www.ahrq.gov/sites/default/files/wysiwyg/chsp/compendium/chsp-compendium-2023-rev.xlsx,AHRQ Compendium 2023 (system file rev. 2025-09); systems as of end-2023,False
HSI00000052,Arnot Health,Elmira,NY,NY,1,True,3,3,206.0,1.0,1,nonprofit,100.0,0,2023 (rev. 2025-09),https://www.ahrq.gov/sites/default/files/wysiwyg/chsp/compendium/chsp-compendium-2023-rev.xlsx,AHRQ Compendium 2023 (system file rev. 2025-09); systems as of end-2023,False
HSI00001283,Auburn Community Hospital,Auburn,NY,NY,1,True,1,1,85.0,0.0,1,nonprofit,100.0,0,2023 (rev. 2025-09),https://www.ahrq.gov/sites/default/files/wysiwyg/chsp/compendium/chsp-compendium-2023-rev.xlsx,AHRQ Compendium 2023 (system file rev. 2025-09); systems as of end-2023,False
HSI00000087,Bassett Healthcare Network,Cooperstown,NY,NY,1,True,5,5,279.0,0.0,1,nonprofit,81.0,1,2023 (rev. 2025-09),https://www.ahrq.gov/sites/default/files/wysiwyg/chsp/compendium/chsp-compendium-2023-rev.xlsx,AHRQ Compendium 2023 (system file rev. 2025-09); systems as of end-2023,True
HSI00000140,BronxCare Health System,Bronx,NY,NY,1,True,1,1,454.0,1.0,1,nonprofit,100.0,0,2023 (rev. 2025-09),https://www.ahrq.gov/sites/default/files/wysiwyg/chsp/compendium/chsp-compendium-2023-rev.xlsx,AHRQ Compendium 2023 (system file rev. 2025-09); systems as of end-2023,False
HSI00001288,Brookdale University Hospital And Medical Center,Brooklyn,NY,NY,1,True,1,1,498.0,1.0,1,nonprofit,100.0,0,2023 (rev. 2025-09),https://www.ahrq.gov/sites/default/files/wysiwyg/chsp/compendium/chsp-compendium-2023-rev.xlsx,AHRQ Compendium 2023 (system file rev. 2025-09); systems as of end-2023,False
HSI00000186,Catholic Health,Rockville Centre,NY,NY,1,True,6,6,1724.0,1.0,2,church-operated,100.0,0,2023 (rev. 2025-09),https://www.ahrq.gov/sites/default/files/wysiwyg/chsp/compendium/chsp-compendium-2023-rev.xlsx,AHRQ Compendium 2023 (system file rev. 2025-09); systems as of end-2023,False
HSI00001430,Catholic Health Systems,Buffalo,NY,NY,1,True,5,5,1046.0,1.0,2,church-operated,100.0,0,2023 (rev. 2025-09),https://www.ahrq.gov/sites/default/files/wysiwyg/chsp/compendium/chsp-compendium-2023-rev.xlsx,AHRQ Compendium 2023 (system file rev. 2025-09); systems as of end-2023,False
HSI00000189,Cayuga Medical Center,Ithaca,NY,NY,1,True,2,2,114.0,0.0,1,nonprofit,100.0,0,2023 (rev. 2025-09),https://www.ahrq.gov/sites/default/files/wysiwyg/chsp/compendium/chsp-compendium-2023-rev.xlsx,AHRQ Compendium 2023 (system file rev. 2025-09); systems as of end-2023,False
HSI00000236,Columbia Memorial Health,Hudson,NY,NY,1,True,1,1,192.0,0.0,1,nonprofit,100.0,0,2023 (rev. 2025-09),https://www.ahrq.gov/sites/default/files/wysiwyg/chsp/compendium/chsp-compendium-2023-rev.xlsx,AHRQ Compendium 2023 (system file rev. 2025-09); systems as of end-2023,False
HSI00001386,Crouse Health System,Syracuse,NY,NY,1,True,1,1,502.0,0.0,1,nonprofit,100.0,0,2023 (rev. 2025-09),https://www.ahrq.gov/sites/default/files/wysiwyg/chsp/compendium/chsp-compendium-2023-rev.xlsx,AHRQ Compendium 2023 (system file rev. 2025-09); systems as of end-2023,False
HSI00000339,Ellis Medicine,Schenectady,NY,NY,1,True,2,2,270.0,0.0,1,nonprofit,100.0,0,2023 (rev. 2025-09),https://www.ahrq.gov/sites/default/files/wysiwyg/chsp/compendium/chsp-compendium-2023-rev.xlsx,AHRQ Compendium 2023 (system file rev. 2025-09); systems as of end-2023,False
HSI00000347,Episcopal Health Services,Garden City,NY,NY,1,True,1,1,140.0,1.0,1,nonprofit,100.0,0,2023 (rev. 2025-09),https://www.ahrq.gov/sites/default/files/wysiwyg/chsp/compendium/chsp-compendium-2023-rev.xlsx,AHRQ Compendium 2023 (system file rev. 2025-09); systems as of end-2023,False
HSI00000362,Finger Lakes Regional Health System,Geneva,NY,NY,1,True,2,2,142.0,0.0,1,nonprofit,100.0,0,2023 (rev. 2025-09),https://www.ahrq.gov/sites/default/files/wysiwyg/chsp/compendium/chsp-compendium-2023-rev.xlsx,AHRQ Compendium 2023 (system file rev. 2025-09); systems as of end-2023,False
HSI00000423,Garnet Health,Middletown,NY,NY,1,True,3,3,420.0,0.0,1,nonprofit,100.0,0,2023 (rev. 2025-09),https://www.ahrq.gov/sites/default/files/wysiwyg/chsp/compendium/chsp-compendium-2023-rev.xlsx,AHRQ Compendium 2023 (system file rev. 2025-09); systems as of end-2023,False
HSI00000401,Glens Falls Hospital,Glens Falls,NY,NY,1,True,1,1,391.0,0.0,1,nonprofit,100.0,0,2023 (rev. 2025-09),https://www.ahrq.gov/sites/default/files/wysiwyg/chsp/compendium/chsp-compendium-2023-rev.xlsx,AHRQ Compendium 2023 (system file rev. 2025-09); systems as of end-2023,False
HSI00000515,Interfaith Medical Center,Brooklyn,NY,NY,1,True,1,1,,,1,nonprofit,,0,2023 (rev. 2025-09),https://www.ahrq.gov/sites/default/files/wysiwyg/chsp/compendium/chsp-compendium-2023-rev.xlsx,AHRQ Compendium 2023 (system file rev. 2025-09); systems as of end-2023,False
HSI00000537,Kaleida Health,Buffalo,NY,NY;PA,2,True,4,4,1176.0,0.0,1,nonprofit,100.0,0,2023 (rev. 2025-09),https://www.ahrq.gov/sites/default/files/wysiwyg/chsp/compendium/chsp-compendium-2023-rev.xlsx,AHRQ Compendium 2023 (system file rev. 2025-09); systems as of end-2023,False
HSI00000642,Medisys Health Network,Jamaica,NY,NY,1,True,2,2,528.0,1.0,1,nonprofit,100.0,0,2023 (rev. 2025-09),https://www.ahrq.gov/sites/default/files/wysiwyg/chsp/compendium/chsp-compendium-2023-rev.xlsx,AHRQ Compendium 2023 (system file rev. 2025-09); systems as of end-2023,False
HSI00000697,Mohawk Valley Health System,Utica,NY,NY,1,True,1,1,346.0,0.0,1,nonprofit,100.0,0,2023 (rev. 2025-09),https://www.ahrq.gov/sites/default/files/wysiwyg/chsp/compendium/chsp-compendium-2023-rev.xlsx,AHRQ Compendium 2023 (system file rev. 2025-09); systems as of end-2023,False
HSI00000700,Montefiore Medical Center,Bronx,NY,NY,1,True,8,7,2370.0,1.0,1,nonprofit,100.0,0,2023 (rev. 2025-09),https://www.ahrq.gov/sites/default/files/wysiwyg/chsp/compendium/chsp-compendium-2023-rev.xlsx,AHRQ Compendium 2023 (system file rev. 2025-09); systems as of end-2023,False
HSI00000711,Mount Sinai Health System,New York,NY,NY,1,True,5,4,2429.0,1.0,1,nonprofit,100.0,0,2023 (rev. 2025-09),https://www.ahrq.gov/sites/default/files/wysiwyg/chsp/compendium/chsp-compendium-2023-rev.xlsx,AHRQ Compendium 2023 (system file rev. 2025-09); systems as of end-2023,False
HSI00000717,NYU Langone Health,New York,NY,NY,1,True,5,4,1780.0,0.0,1,nonprofit,100.0,0,2023 (rev. 2025-09),https://www.ahrq.gov/sites/default/files/wysiwyg/chsp/compendium/chsp-compendium-2023-rev.xlsx,AHRQ Compendium 2023 (system file rev. 2025-09); systems as of end-2023,False
HSI00000731,New York Presbyterian Healthcare System,New York,NY,NY,1,True,8,7,3454.0,1.0,1,nonprofit,100.0,0,2023 (rev. 2025-09),https://www.ahrq.gov/sites/default/files/wysiwyg/chsp/compendium/chsp-compendium-2023-rev.xlsx,AHRQ Compendium 2023 (system file rev. 2025-09); systems as of end-2023,False
HSI00000737,Niagara Falls Memorial Medical Center,Niagara Falls,NY,NY,1,True,1,1,133.0,1.0,1,nonprofit,100.0,0,2023 (rev. 2025-09),https://www.ahrq.gov/sites/default/files/wysiwyg/chsp/compendium/chsp-compendium-2023-rev.xlsx,AHRQ Compendium 2023 (system file rev. 2025-09); systems as of end-2023,False
HSI00000767,Northwell Health,New Hyde Park,NY,NY,1,True,19,18,5412.0,1.0,1,nonprofit,94.0,1,2023 (rev. 2025-09),https://www.ahrq.gov/sites/default/files/wysiwyg/chsp/compendium/chsp-compendium-2023-rev.xlsx,AHRQ Compendium 2023 (system file rev. 2025-09); systems as of end-2023,True
HSI00000792,Oneida Health,Oneida,NY,NY,1,True,1,1,101.0,0.0,1,nonprofit,100.0,0,2023 (rev. 2025-09),https://www.ahrq.gov/sites/default/files/wysiwyg/chsp/compendium/chsp-compendium-2023-rev.xlsx,AHRQ Compendium 2023 (system file rev. 2025-09); systems as of end-2023,False
HSI00000798,Oswego Health,Oswego,NY,NY,1,True,1,1,132.0,0.0,1,nonprofit,100.0,0,2023 (rev. 2025-09),https://www.ahrq.gov/sites/default/files/wysiwyg/chsp/compendium/chsp-compendium-2023-rev.xlsx,AHRQ Compendium 2023 (system file rev. 2025-09); systems as of end-2023,False
HSI00000879,Richmond University Medical Center,Staten Island,NY,NY,1,True,1,1,209.0,1.0,1,nonprofit,100.0,0,2023 (rev. 2025-09),https://www.ahrq.gov/sites/default/files/wysiwyg/chsp/compendium/chsp-compendium-2023-rev.xlsx,AHRQ Compendium 2023 (system file rev. 2025-09); systems as of end-2023,False
HSI00000882,Riverside Health Care System,Yonkers,NY,NY,1,True,2,2,319.0,1.0,1,nonprofit,100.0,0,2023 (rev. 2025-09),https://www.ahrq.gov/sites/default/files/wysiwyg/chsp/compendium/chsp-compendium-2023-rev.xlsx,AHRQ Compendium 2023 (system file rev. 2025-09); systems as of end-2023,False
HSI00000889,Rochester Regional Health System,Rochester,NY,NY,1,True,6,6,1057.0,1.0,1,nonprofit,73.2,1,2023 (rev. 2025-09),https://www.ahrq.gov/sites/default/files/wysiwyg/chsp/compendium/chsp-compendium-2023-rev.xlsx,AHRQ Compendium 2023 (system file rev. 2025-09); systems as of end-2023,True
HSI00000910,SBH Health System,Bronx,NY,NY,1,True,1,1,283.0,1.0,1,nonprofit,100.0,0,2023 (rev. 2025-09),https://www.ahrq.gov/sites/default/files/wysiwyg/chsp/compendium/chsp-compendium-2023-rev.xlsx,AHRQ Compendium 2023 (system file rev. 2025-09); systems as of end-2023,False
HSI00000925,Saint Joseph Medical Center,Yonkers,NY,NY,1,True,1,1,122.0,1.0,1,nonprofit,100.0,0,2023 (rev. 2025-09),https://www.ahrq.gov/sites/default/files/wysiwyg/chsp/compendium/chsp-compendium-2023-rev.xlsx,AHRQ Compendium 2023 (system file rev. 2025-09); systems as of end-2023,False
HSI00000930,Saint Lawrence Health System,Potsdam,NY,NY,1,True,3,3,144.0,0.0,1,nonprofit,100.0,0,2023 (rev. 2025-09),https://www.ahrq.gov/sites/default/files/wysiwyg/chsp/compendium/chsp-compendium-2023-rev.xlsx,AHRQ Compendium 2023 (system file rev. 2025-09); systems as of end-2023,False
HSI00001381,Saint Marys Healthcare,Amsterdam,NY,NY,1,True,2,1,100.0,0.0,1,nonprofit,100.0,0,2023 (rev. 2025-09),https://www.ahrq.gov/sites/default/files/wysiwyg/chsp/compendium/chsp-compendium-2023-rev.xlsx,AHRQ Compendium 2023 (system file rev. 2025-09); systems as of end-2023,False
HSI00000952,Samaritan Health,Watertown,NY,NY,1,True,2,2,185.0,0.0,1,nonprofit,100.0,0,2023 (rev. 2025-09),https://www.ahrq.gov/sites/default/files/wysiwyg/chsp/compendium/chsp-compendium-2023-rev.xlsx,AHRQ Compendium 2023 (system file rev. 2025-09); systems as of end-2023,False
HSI00001407,The Brooklyn Hospital Center,Brooklyn,NY,NY,1,True,1,1,236.0,1.0,1,nonprofit,100.0,0,2023 (rev. 2025-09),https://www.ahrq.gov/sites/default/files/wysiwyg/chsp/compendium/chsp-compendium-2023-rev.xlsx,AHRQ Compendium 2023 (system file rev. 2025-09); systems as of end-2023,False
HSI00001138,United Health Services,Binghamton,NY,NY,1,True,3,3,412.0,0.0,1,nonprofit,100.0,0,2023 (rev. 2025-09),https://www.ahrq.gov/sites/default/files/wysiwyg/chsp/compendium/chsp-compendium-2023-rev.xlsx,AHRQ Compendium 2023 (system file rev. 2025-09); systems as of end-2023,False
HSI00001179,University of Rochester Medical Center,Rochester,NY,NY,1,True,6,6,1254.0,0.0,1,nonprofit,100.0,0,2023 (rev. 2025-09),https://www.ahrq.gov/sites/default/files/wysiwyg/chsp/compendium/chsp-compendium-2023-rev.xlsx,AHRQ Compendium 2023 (system file rev. 2025-09); systems as of end-2023,False
HSI00000008,Adena Health System,Chillicothe,OH,OH,1,True,4,4,298.0,0.0,1,nonprofit,100.0,0,2023 (rev. 2025-09),https://www.ahrq.gov/sites/default/files/wysiwyg/chsp/compendium/chsp-compendium-2023-rev.xlsx,AHRQ Compendium 2023 (system file rev. 2025-09); systems as of end-2023,False
HSI00000211,Akron Childrens Hospital,Akron,OH,OH,1,True,1,1,408.0,0.0,1,nonprofit,100.0,0,2023 (rev. 2025-09),https://www.ahrq.gov/sites/default/files/wysiwyg/chsp/compendium/chsp-compendium-2023-rev.xlsx,AHRQ Compendium 2023 (system file rev. 2025-09); systems as of end-2023,False
HSI00000065,Aultman Health Foundation,Canton,OH,OH,1,True,5,3,410.0,0.0,1,nonprofit,100.0,0,2023 (rev. 2025-09),https://www.ahrq.gov/sites/default/files/wysiwyg/chsp/compendium/chsp-compendium-2023-rev.xlsx,AHRQ Compendium 2023 (system file rev. 2025-09); systems as of end-2023,False
HSI00000116,Blanchard Valley Health System,Findlay,OH,OH,1,True,2,2,177.0,0.0,1,nonprofit,100.0,0,2023 (rev. 2025-09),https://www.ahrq.gov/sites/default/files/wysiwyg/chsp/compendium/chsp-compendium-2023-rev.xlsx,AHRQ Compendium 2023 (system file rev. 2025-09); systems as of end-2023,False
HSI00001428,Bon Secours Mercy Health,Cincinnati,OH,KY;OH;SC;VA,4,True,37,36,5641.0,1.0,2,church-operated,100.0,0,2023 (rev. 2025-09),https://www.ahrq.gov/sites/default/files/wysiwyg/chsp/compendium/chsp-compendium-2023-rev.xlsx,AHRQ Compendium 2023 (system file rev. 2025-09); systems as of end-2023,False
HSI00000224,Cincinnati Childrens Hospital Medical Center,Cincinnati,OH,OH,1,True,1,1,711.0,0.0,1,nonprofit,100.0,0,2023 (rev. 2025-09),https://www.ahrq.gov/sites/default/files/wysiwyg/chsp/compendium/chsp-compendium-2023-rev.xlsx,AHRQ Compendium 2023 (system file rev. 2025-09); systems as of end-2023,False
HSI00001078,Cleveland Clinic,Cleveland,OH,FL;OH,2,True,21,18,5048.0,1.0,1,nonprofit,100.0,0,2023 (rev. 2025-09),https://www.ahrq.gov/sites/default/files/wysiwyg/chsp/compendium/chsp-compendium-2023-rev.xlsx,AHRQ Compendium 2023 (system file rev. 2025-09); systems as of end-2023,False
HSI00000302,Dayton Childrens,Dayton,OH,OH,1,True,1,1,181.0,0.0,1,nonprofit,100.0,0,2023 (rev. 2025-09),https://www.ahrq.gov/sites/default/files/wysiwyg/chsp/compendium/chsp-compendium-2023-rev.xlsx,AHRQ Compendium 2023 (system file rev. 2025-09); systems as of end-2023,False
HSI00000356,Fairfield Medical Center,Lancaster,OH,OH,1,True,1,1,185.0,0.0,1,nonprofit,100.0,0,2023 (rev. 2025-09),https://www.ahrq.gov/sites/default/files/wysiwyg/chsp/compendium/chsp-compendium-2023-rev.xlsx,AHRQ Compendium 2023 (system file rev. 2025-09); systems as of end-2023,False
HSI00000363,Firelands Regional Health System,Sandusky,OH,OH,1,True,1,1,149.0,0.0,1,nonprofit,100.0,0,2023 (rev. 2025-09),https://www.ahrq.gov/sites/default/files/wysiwyg/chsp/compendium/chsp-compendium-2023-rev.xlsx,AHRQ Compendium 2023 (system file rev. 2025-09); systems as of end-2023,False
HSI00000367,Fisher Titus Medical Center,Norwalk,OH,OH,1,True,1,1,78.0,0.0,1,nonprofit,100.0,0,2023 (rev. 2025-09),https://www.ahrq.gov/sites/default/files/wysiwyg/chsp/compendium/chsp-compendium-2023-rev.xlsx,AHRQ Compendium 2023 (system file rev. 2025-09); systems as of end-2023,False
HSI00000391,Genesis Healthcare System,Zanesville,OH,OH,1,True,1,1,277.0,0.0,2,church-operated,100.0,0,2023 (rev. 2025-09),https://www.ahrq.gov/sites/default/files/wysiwyg/chsp/compendium/chsp-compendium-2023-rev.xlsx,AHRQ Compendium 2023 (system file rev. 2025-09); systems as of end-2023,False
HSI00000490,Holzer Health System,Gallipolis,OH,OH,1,True,2,2,172.0,0.0,1,nonprofit,100.0,0,2023 (rev. 2025-09),https://www.ahrq.gov/sites/default/files/wysiwyg/chsp/compendium/chsp-compendium-2023-rev.xlsx,AHRQ Compendium 2023 (system file rev. 2025-09); systems as of end-2023,False
HSI00000546,Kettering Health,Kettering,OH,OH,1,True,8,7,1217.0,0.0,2,church-operated,100.0,0,2023 (rev. 2025-09),https://www.ahrq.gov/sites/default/files/wysiwyg/chsp/compendium/chsp-compendium-2023-rev.xlsx,AHRQ Compendium 2023 (system file rev. 2025-09); systems as of end-2023,False
HSI00001580,Knox Community Hospital,Mount Vernon,OH,OH,1,True,1,1,64.0,0.0,1,nonprofit,100.0,0,2023 (rev. 2025-09),https://www.ahrq.gov/sites/default/files/wysiwyg/chsp/compendium/chsp-compendium-2023-rev.xlsx,AHRQ Compendium 2023 (system file rev. 2025-09); systems as of end-2023,False
HSI00000581,Licking Memorial Health Systems,Newark,OH,OH,1,True,1,1,219.0,0.0,1,nonprofit,100.0,0,2023 (rev. 2025-09),https://www.ahrq.gov/sites/default/files/wysiwyg/chsp/compendium/chsp-compendium-2023-rev.xlsx,AHRQ Compendium 2023 (system file rev. 2025-09); systems as of end-2023,False
HSI00000649,Memorial Health System,Marietta,OH,OH;WV,2,True,3,3,219.0,0.0,1,nonprofit,100.0,0,2023 (rev. 2025-09),https://www.ahrq.gov/sites/default/files/wysiwyg/chsp/compendium/chsp-compendium-2023-rev.xlsx,AHRQ Compendium 2023 (system file rev. 2025-09); systems as of end-2023,False
HSI00000722,Nationwide Childrens Hospital,Columbus,OH,OH,1,True,2,2,747.0,0.0,1,nonprofit,100.0,0,2023 (rev. 2025-09),https://www.ahrq.gov/sites/default/files/wysiwyg/chsp/compendium/chsp-compendium-2023-rev.xlsx,AHRQ Compendium 2023 (system file rev. 2025-09); systems as of end-2023,False
HSI00000784,Ohiohealth,Columbus,OH,OH,1,True,14,14,2280.0,1.0,2,church-operated,99.0,1,2023 (rev. 2025-09),https://www.ahrq.gov/sites/default/files/wysiwyg/chsp/compendium/chsp-compendium-2023-rev.xlsx,AHRQ Compendium 2023 (system file rev. 2025-09); systems as of end-2023,True
HSI00000842,Premier Health,Dayton,OH,OH,1,True,3,3,1282.0,0.0,1,nonprofit,100.0,0,2023 (rev. 2025-09),https://www.ahrq.gov/sites/default/files/wysiwyg/chsp/compendium/chsp-compendium-2023-rev.xlsx,AHRQ Compendium 2023 (system file rev. 2025-09); systems as of end-2023,False
HSI00000848,ProMedica,Toledo,OH,MI;OH,2,True,11,11,1272.0,0.0,1,nonprofit,100.0,0,2023 (rev. 2025-09),https://www.ahrq.gov/sites/default/files/wysiwyg/chsp/compendium/chsp-compendium-2023-rev.xlsx,AHRQ Compendium 2023 (system file rev. 2025-09); systems as of end-2023,False
HSI00001350,Salem Regional Medical Center,Salem,OH,OH,1,True,1,1,87.0,0.0,1,nonprofit,100.0,0,2023 (rev. 2025-09),https://www.ahrq.gov/sites/default/files/wysiwyg/chsp/compendium/chsp-compendium-2023-rev.xlsx,AHRQ Compendium 2023 (system file rev. 2025-09); systems as of end-2023,False
HSI00001481,Southern Ohio Medical Center,Portsmouth,OH,OH,1,True,1,1,192.0,0.0,1,nonprofit,100.0,0,2023 (rev. 2025-09),https://www.ahrq.gov/sites/default/files/wysiwyg/chsp/compendium/chsp-compendium-2023-rev.xlsx,AHRQ Compendium 2023 (system file rev. 2025-09); systems as of end-2023,False
HSI00001043,Summa Health System,Akron,OH,OH,1,True,3,2,560.0,0.0,1,nonprofit,100.0,0,2023 (rev. 2025-09),https://www.ahrq.gov/sites/default/files/wysiwyg/chsp/compendium/chsp-compendium-2023-rev.xlsx,AHRQ Compendium 2023 (system file rev. 2025-09); systems as of end-2023,False
HSI00001077,The Christ Hospital Health Network,Cincinnati,OH,OH,1,True,1,1,444.0,0.0,1,nonprofit,100.0,0,2023 (rev. 2025-09),https://www.ahrq.gov/sites/default/files/wysiwyg/chsp/compendium/chsp-compendium-2023-rev.xlsx,AHRQ Compendium 2023 (system file rev. 2025-09); systems as of end-2023,False
HSI00001104,TriHealth,Cincinnati,OH,OH,1,True,3,2,468.0,0.0,1,nonprofit,100.0,0,2023 (rev. 2025-09),https://www.ahrq.gov/sites/default/files/wysiwyg/chsp/compendium/chsp-compendium-2023-rev.xlsx,AHRQ Compendium 2023 (system file rev. 2025-09); systems as of end-2023,False
HSI00001118,UC Health,Cincinnati,OH,OH,1,True,5,2,711.0,1.0,1,nonprofit,100.0,0,2023 (rev. 2025-09),https://www.ahrq.gov/sites/default/files/wysiwyg/chsp/compendium/chsp-compendium-2023-rev.xlsx,AHRQ Compendium 2023 (system file rev. 2025-09); systems as of end-2023,False
HSI00001156,University Hospitals,Shaker Heights,OH,OH,1,True,17,15,2376.0,0.0,1,nonprofit,99.0,1,2023 (rev. 2025-09),https://www.ahrq.gov/sites/default/files/wysiwyg/chsp/compendium/chsp-compendium-2023-rev.xlsx,AHRQ Compendium 2023 (system file rev. 2025-09); systems as of end-2023,True
HSI00000507,Integris Health,Oklahoma City,OK,OK,1,True,10,10,1169.0,1.0,1,nonprofit,95.3,2,2023 (rev. 2025-09),https://www.ahrq.gov/sites/default/files/wysiwyg/chsp/compendium/chsp-compendium-2023-rev.xlsx,AHRQ Compendium 2023 (system file rev. 2025-09); systems as of end-2023,True
HSI00001383,OU Health,Oklahoma City,OK,OK,1,True,2,2,819.0,1.0,1,nonprofit,100.0,0,2023 (rev. 2025-09),https://www.ahrq.gov/sites/default/files/wysiwyg/chsp/compendium/chsp-compendium-2023-rev.xlsx,AHRQ Compendium 2023 (system file rev. 2025-09); systems as of end-2023,False
HSI00000919,Saint Francis Health System,Tulsa,OK,OK,1,True,8,7,1382.0,1.0,1,nonprofit,91.4,1,2023 (rev. 2025-09),https://www.ahrq.gov/sites/default/files/wysiwyg/chsp/compendium/chsp-compendium-2023-rev.xlsx,AHRQ Compendium 2023 (system file rev. 2025-09); systems as of end-2023,True
HSI00000054,Asante Health System,Medford,OR,OR,1,True,3,3,489.0,1.0,1,nonprofit,100.0,0,2023 (rev. 2025-09),https://www.ahrq.gov/sites/default/files/wysiwyg/chsp/compendium/chsp-compendium-2023-rev.xlsx,AHRQ Compendium 2023 (system file rev. 2025-09); systems as of end-2023,False
HSI00000416,Grande Ronde Hospital and Clinics,La Grande,OR,OR,1,True,1,1,25.0,0.0,1,nonprofit,100.0,0,2023 (rev. 2025-09),https://www.ahrq.gov/sites/default/files/wysiwyg/chsp/compendium/chsp-compendium-2023-rev.xlsx,AHRQ Compendium 2023 (system file rev. 2025-09); systems as of end-2023,False
HSI00000576,Legacy Health,Portland,OR,OR;WA,2,True,7,7,1005.0,1.0,1,nonprofit,97.6,1,2023 (rev. 2025-09),https://www.ahrq.gov/sites/default/files/wysiwyg/chsp/compendium/chsp-compendium-2023-rev.xlsx,AHRQ Compendium 2023 (system file rev. 2025-09); systems as of end-2023,True
HSI00000912,Saint Charles Health System,Bend,OR,OR,1,True,4,4,340.0,0.0,1,nonprofit,100.0,0,2023 (rev. 2025-09),https://www.ahrq.gov/sites/default/files/wysiwyg/chsp/compendium/chsp-compendium-2023-rev.xlsx,AHRQ Compendium 2023 (system file rev. 2025-09); systems as of end-2023,False
HSI00000947,Salem Health Hospitals and Clinics,Salem,OR,OR,1,True,2,2,559.0,0.0,1,nonprofit,100.0,0,2023 (rev. 2025-09),https://www.ahrq.gov/sites/default/files/wysiwyg/chsp/compendium/chsp-compendium-2023-rev.xlsx,AHRQ Compendium 2023 (system file rev. 2025-09); systems as of end-2023,False
HSI00000951,Samaritan Health Services,Corvallis,OR,OR,1,True,5,5,298.0,0.0,1,nonprofit,100.0,0,2023 (rev. 2025-09),https://www.ahrq.gov/sites/default/files/wysiwyg/chsp/compendium/chsp-compendium-2023-rev.xlsx,AHRQ Compendium 2023 (system file rev. 2025-09); systems as of end-2023,False
HSI00000994,Sky Lakes Medical Center,Klamath Falls,OR,OR,1,True,1,1,90.0,0.0,1,nonprofit,100.0,0,2023 (rev. 2025-09),https://www.ahrq.gov/sites/default/files/wysiwyg/chsp/compendium/chsp-compendium-2023-rev.xlsx,AHRQ Compendium 2023 (system file rev. 2025-09); systems as of end-2023,False
HSI00000025,Allegheny Health Network,Pittsburgh,PA,NY;PA,2,True,11,11,2082.0,0.0,1,nonprofit,98.1,1,2023 (rev. 2025-09),https://www.ahrq.gov/sites/default/files/wysiwyg/chsp/compendium/chsp-compendium-2023-rev.xlsx,AHRQ Compendium 2023 (system file rev. 2025-09); systems as of end-2023,True
HSI00000051,Armstrong County Memorial Hospital,Kittanning,PA,PA,1,True,1,1,95.0,0.0,1,nonprofit,100.0,0,2023 (rev. 2025-09),https://www.ahrq.gov/sites/default/files/wysiwyg/chsp/compendium/chsp-compendium-2023-rev.xlsx,AHRQ Compendium 2023 (system file rev. 2025-09); systems as of end-2023,False
HSI00000146,Butler Health System,Butler,PA,PA,1,True,2,2,332.0,0.0,1,nonprofit,100.0,0,2023 (rev. 2025-09),https://www.ahrq.gov/sites/default/files/wysiwyg/chsp/compendium/chsp-compendium-2023-rev.xlsx,AHRQ Compendium 2023 (system file rev. 2025-09); systems as of end-2023,False
HSI00000320,Doylestown Health,Doylestown,PA,PA,1,True,1,1,247.0,0.0,1,nonprofit,100.0,0,2023 (rev. 2025-09),https://www.ahrq.gov/sites/default/files/wysiwyg/chsp/compendium/chsp-compendium-2023-rev.xlsx,AHRQ Compendium 2023 (system file rev. 2025-09); systems as of end-2023,False
HSI00000352,Evangelical Community Hospital,Lewisburg,PA,PA,1,True,1,1,119.0,0.0,1,nonprofit,100.0,0,2023 (rev. 2025-09),https://www.ahrq.gov/sites/default/files/wysiwyg/chsp/compendium/chsp-compendium-2023-rev.xlsx,AHRQ Compendium 2023 (system file rev. 2025-09); systems as of end-2023,False
HSI00000354,Excela Health,Greensburg,PA,PA,1,True,3,3,431.0,0.0,1,nonprofit,100.0,0,2023 (rev. 2025-09),https://www.ahrq.gov/sites/default/files/wysiwyg/chsp/compendium/chsp-compendium-2023-rev.xlsx,AHRQ Compendium 2023 (system file rev. 2025-09); systems as of end-2023,False
HSI00000388,Geisinger,Danville,PA,PA,1,True,9,9,1292.0,0.0,1,nonprofit,100.0,0,2023 (rev. 2025-09),https://www.ahrq.gov/sites/default/files/wysiwyg/chsp/compendium/chsp-compendium-2023-rev.xlsx,AHRQ Compendium 2023 (system file rev. 2025-09); systems as of end-2023,False
HSI00000415,Grand View Hospital,Sellersville,PA,PA,1,True,1,1,180.0,0.0,1,nonprofit,100.0,0,2023 (rev. 2025-09),https://www.ahrq.gov/sites/default/files/wysiwyg/chsp/compendium/chsp-compendium-2023-rev.xlsx,AHRQ Compendium 2023 (system file rev. 2025-09); systems as of end-2023,False
HSI00000430,Guthrie Healthcare System,Sayre,PA,NY;PA,2,True,5,5,426.0,0.0,1,nonprofit,100.0,0,2023 (rev. 2025-09),https://www.ahrq.gov/sites/default/files/wysiwyg/chsp/compendium/chsp-compendium-2023-rev.xlsx,AHRQ Compendium 2023 (system file rev. 2025-09); systems as of end-2023,False
HSI00000476,Heritage Valley Health System,Beaver,PA,PA,1,True,3,3,365.0,0.0,1,nonprofit,23.8,2,2023 (rev. 2025-09),https://www.ahrq.gov/sites/default/files/wysiwyg/chsp/compendium/chsp-compendium-2023-rev.xlsx,AHRQ Compendium 2023 (system file rev. 2025-09); systems as of end-2023,True
HSI00000488,Holy Redeemer Health System,Huntingdon Valley,PA,PA,1,True,1,1,213.0,1.0,2,church-operated,100.0,0,2023 (rev. 2025-09),https://www.ahrq.gov/sites/default/files/wysiwyg/chsp/compendium/chsp-compendium-2023-rev.xlsx,AHRQ Compendium 2023 (system file rev. 2025-09); systems as of end-2023,False
HSI00001324,Indiana Regional Medical Center,Indiana,PA,PA,1,True,1,1,134.0,0.0,1,nonprofit,100.0,0,2023 (rev. 2025-09),https://www.ahrq.gov/sites/default/files/wysiwyg/chsp/compendium/chsp-compendium-2023-rev.xlsx,AHRQ Compendium 2023 (system file rev. 2025-09); systems as of end-2023,False
HSI00000048,Jefferson Health,Philadelphia,PA,NJ;PA,2,True,9,7,3181.0,1.0,1,nonprofit,100.0,0,2023 (rev. 2025-09),https://www.ahrq.gov/sites/default/files/wysiwyg/chsp/compendium/chsp-compendium-2023-rev.xlsx,AHRQ Compendium 2023 (system file rev. 2025-09); systems as of end-2023,False
HSI00000686,Lecom Health,Erie,PA,PA,1,True,2,2,144.0,1.0,1,nonprofit,100.0,0,2023 (rev. 2025-09),https://www.ahrq.gov/sites/default/files/wysiwyg/chsp/compendium/chsp-compendium-2023-rev.xlsx,AHRQ Compendium 2023 (system file rev. 2025-09); systems as of end-2023,False
HSI00000577,Lehigh Valley Health Network,Allentown,PA,PA,1,True,10,9,1679.0,0.0,1,nonprofit,100.0,0,2023 (rev. 2025-09),https://www.ahrq.gov/sites/default/files/wysiwyg/chsp/compendium/chsp-compendium-2023-rev.xlsx,AHRQ Compendium 2023 (system file rev. 2025-09); systems as of end-2023,False
HSI00000608,Main Line Health,Bryn Mawr,PA,PA,1,True,5,4,1049.0,0.0,1,nonprofit,100.0,0,2023 (rev. 2025-09),https://www.ahrq.gov/sites/default/files/wysiwyg/chsp/compendium/chsp-compendium-2023-rev.xlsx,AHRQ Compendium 2023 (system file rev. 2025-09); systems as of end-2023,False
HSI00000639,Meadville Medical Center,Meadville,PA,PA,1,True,2,2,225.0,0.0,1,nonprofit,100.0,0,2023 (rev. 2025-09),https://www.ahrq.gov/sites/default/files/wysiwyg/chsp/compendium/chsp-compendium-2023-rev.xlsx,AHRQ Compendium 2023 (system file rev. 2025-09); systems as of end-2023,False
HSI00000710,Mount Nittany Health System,State College,PA,PA,1,True,1,1,248.0,0.0,1,nonprofit,100.0,0,2023 (rev. 2025-09),https://www.ahrq.gov/sites/default/files/wysiwyg/chsp/compendium/chsp-compendium-2023-rev.xlsx,AHRQ Compendium 2023 (system file rev. 2025-09); systems as of end-2023,False
HSI00000819,Penn Highlands Healthcare,Du Bois,PA,PA,1,True,8,8,633.0,1.0,1,nonprofit,100.0,0,2023 (rev. 2025-09),https://www.ahrq.gov/sites/default/files/wysiwyg/chsp/compendium/chsp-compendium-2023-rev.xlsx,AHRQ Compendium 2023 (system file rev. 2025-09); systems as of end-2023,False
HSI00000821,Penn State Health Milton S Hershey Medical Center,Hershey,PA,PA,1,True,5,5,1061.0,0.0,1,nonprofit,100.0,0,2023 (rev. 2025-09),https://www.ahrq.gov/sites/default/files/wysiwyg/chsp/compendium/chsp-compendium-2023-rev.xlsx,AHRQ Compendium 2023 (system file rev. 2025-09); systems as of end-2023,False
HSI00000913,Saint Clair Hospital,Pittsburgh,PA,PA,1,True,1,1,297.0,0.0,1,nonprofit,100.0,0,2023 (rev. 2025-09),https://www.ahrq.gov/sites/default/files/wysiwyg/chsp/compendium/chsp-compendium-2023-rev.xlsx,AHRQ Compendium 2023 (system file rev. 2025-09); systems as of end-2023,False
HSI00000936,Saint Lukes University Health Network,Bethlehem,PA,NJ;PA,2,True,11,11,1292.0,0.0,1,nonprofit,100.0,0,2023 (rev. 2025-09),https://www.ahrq.gov/sites/default/files/wysiwyg/chsp/compendium/chsp-compendium-2023-rev.xlsx,AHRQ Compendium 2023 (system file rev. 2025-09); systems as of end-2023,False
HSI00001065,Temple University Health System,Philadelphia,PA,PA,1,True,4,3,889.0,1.0,1,nonprofit,100.0,0,2023 (rev. 2025-09),https://www.ahrq.gov/sites/default/files/wysiwyg/chsp/compendium/chsp-compendium-2023-rev.xlsx,AHRQ Compendium 2023 (system file rev. 2025-09); systems as of end-2023,False
HSI00001075,The Childrens Hospital of Philadelphia,Philadelphia,PA,PA,1,True,1,1,667.0,0.0,1,nonprofit,100.0,0,2023 (rev. 2025-09),https://www.ahrq.gov/sites/default/files/wysiwyg/chsp/compendium/chsp-compendium-2023-rev.xlsx,AHRQ Compendium 2023 (system file rev. 2025-09); systems as of end-2023,False
HSI00000866,Tower Health,West Reading,PA,PA,1,True,6,4,1064.0,0.0,1,nonprofit,100.0,0,2023 (rev. 2025-09),https://www.ahrq.gov/sites/default/files/wysiwyg/chsp/compendium/chsp-compendium-2023-rev.xlsx,AHRQ Compendium 2023 (system file rev. 2025-09); systems as of end-2023,False
HSI00001126,UPMC,Pittsburgh,PA,MD;NY;PA,3,True,34,32,5972.0,1.0,1,nonprofit,97.7,1,2023 (rev. 2025-09),https://www.ahrq.gov/sites/default/files/wysiwyg/chsp/compendium/chsp-compendium-2023-rev.xlsx,AHRQ Compendium 2023 (system file rev. 2025-09); systems as of end-2023,True
HSI00000820,University of Pennsylvania Health System,Philadelphia,PA,NJ;PA,2,True,9,6,2929.0,1.0,1,nonprofit,100.0,0,2023 (rev. 2025-09),https://www.ahrq.gov/sites/default/files/wysiwyg/chsp/compendium/chsp-compendium-2023-rev.xlsx,AHRQ Compendium 2023 (system file rev. 2025-09); systems as of end-2023,False
HSI00001238,Washington Health System,Washington,PA,PA,1,True,2,2,232.0,0.0,1,nonprofit,100.0,0,2023 (rev. 2025-09),https://www.ahrq.gov/sites/default/files/wysiwyg/chsp/compendium/chsp-compendium-2023-rev.xlsx,AHRQ Compendium 2023 (system file rev. 2025-09); systems as of end-2023,False
HSI00001242,Wayne Memorial Health System,Honesdale,PA,PA,1,True,1,1,92.0,0.0,1,nonprofit,100.0,0,2023 (rev. 2025-09),https://www.ahrq.gov/sites/default/files/wysiwyg/chsp/compendium/chsp-compendium-2023-rev.xlsx,AHRQ Compendium 2023 (system file rev. 2025-09); systems as of end-2023,False
HSI00001243,Wellspan Health,York,PA,PA,1,True,8,6,1160.0,0.0,1,nonprofit,100.0,0,2023 (rev. 2025-09),https://www.ahrq.gov/sites/default/files/wysiwyg/chsp/compendium/chsp-compendium-2023-rev.xlsx,AHRQ Compendium 2023 (system file rev. 2025-09); systems as of end-2023,False
HSI00000166,Care New England Health System,Providence,RI,RI,1,True,3,2,570.0,1.0,1,nonprofit,100.0,0,2023 (rev. 2025-09),https://www.ahrq.gov/sites/default/files/wysiwyg/chsp/compendium/chsp-compendium-2023-rev.xlsx,AHRQ Compendium 2023 (system file rev. 2025-09); systems as of end-2023,False
HSI00000585,Lifespan,Providence,RI,RI,1,True,4,3,963.0,0.0,1,nonprofit,100.0,0,2023 (rev. 2025-09),https://www.ahrq.gov/sites/default/files/wysiwyg/chsp/compendium/chsp-compendium-2023-rev.xlsx,AHRQ Compendium 2023 (system file rev. 2025-09); systems as of end-2023,False
HSI00000998,South County Health,Wakefield,RI,RI,1,True,1,1,79.0,0.0,1,nonprofit,100.0,0,2023 (rev. 2025-09),https://www.ahrq.gov/sites/default/files/wysiwyg/chsp/compendium/chsp-compendium-2023-rev.xlsx,AHRQ Compendium 2023 (system file rev. 2025-09); systems as of end-2023,False
HSI00001382,AnMed Health,Anderson,SC,SC,1,True,2,2,409.0,0.0,1,nonprofit,100.0,0,2023 (rev. 2025-09),https://www.ahrq.gov/sites/default/files/wysiwyg/chsp/compendium/chsp-compendium-2023-rev.xlsx,AHRQ Compendium 2023 (system file rev. 2025-09); systems as of end-2023,False
HSI00000271,Conway Medical Center,Conway,SC,SC,1,True,1,1,171.0,0.0,1,nonprofit,100.0,0,2023 (rev. 2025-09),https://www.ahrq.gov/sites/default/files/wysiwyg/chsp/compendium/chsp-compendium-2023-rev.xlsx,AHRQ Compendium 2023 (system file rev. 2025-09); systems as of end-2023,False
HSI00000579,Lexington Medical Center,West Columbia,SC,SC,1,True,1,1,541.0,0.0,1,nonprofit,100.0,0,2023 (rev. 2025-09),https://www.ahrq.gov/sites/default/files/wysiwyg/chsp/compendium/chsp-compendium-2023-rev.xlsx,AHRQ Compendium 2023 (system file rev. 2025-09); systems as of end-2023,False
HSI00000637,McLeod Health,Florence,SC,SC,1,True,6,5,846.0,1.0,1,nonprofit,100.0,0,2023 (rev. 2025-09),https://www.ahrq.gov/sites/default/files/wysiwyg/chsp/compendium/chsp-compendium-2023-rev.xlsx,AHRQ Compendium 2023 (system file rev. 2025-09); systems as of end-2023,False
HSI00001378,Prisma Health,Greenville,SC,SC,1,True,12,10,2129.0,1.0,1,nonprofit,100.0,0,2023 (rev. 2025-09),https://www.ahrq.gov/sites/default/files/wysiwyg/chsp/compendium/chsp-compendium-2023-rev.xlsx,AHRQ Compendium 2023 (system file rev. 2025-09); systems as of end-2023,False
HSI00000068,Avera Health,Sioux Falls,SD,IA;MN;NE;SD,4,True,42,39,1324.0,0.0,2,church-operated,92.1,4,2023 (rev. 2025-09),https://www.ahrq.gov/sites/default/files/wysiwyg/chsp/compendium/chsp-compendium-2023-rev.xlsx,AHRQ Compendium 2023 (system file rev. 2025-09); systems as of end-2023,True
HSI00000868,Monument Health,Rapid City,SD,SD;WY,2,True,10,9,522.0,0.0,1,nonprofit,97.7,1,2023 (rev. 2025-09),https://www.ahrq.gov/sites/default/files/wysiwyg/chsp/compendium/chsp-compendium-2023-rev.xlsx,AHRQ Compendium 2023 (system file rev. 2025-09); systems as of end-2023,True
HSI00000958,Sanford Health,Sioux Falls,SD,IA;MN;MT;ND;SD,5,True,41,40,1925.0,0.0,1,nonprofit,94.1,5,2023 (rev. 2025-09),https://www.ahrq.gov/sites/default/files/wysiwyg/chsp/compendium/chsp-compendium-2023-rev.xlsx,AHRQ Compendium 2023 (system file rev. 2025-09); systems as of end-2023,True
HSI00001284,Ballad Health,Johnson City,TN,TN;VA,2,True,22,21,1635.0,1.0,1,nonprofit,100.0,0,2023 (rev. 2025-09),https://www.ahrq.gov/sites/default/files/wysiwyg/chsp/compendium/chsp-compendium-2023-rev.xlsx,AHRQ Compendium 2023 (system file rev. 2025-09); systems as of end-2023,False
HSI00000081,Baptist Memorial Health Care Corporation,Memphis,TN,AR;MS;TN,3,True,21,19,2368.0,0.0,2,church-operated,100.0,0,2023 (rev. 2025-09),https://www.ahrq.gov/sites/default/files/wysiwyg/chsp/compendium/chsp-compendium-2023-rev.xlsx,AHRQ Compendium 2023 (system file rev. 2025-09); systems as of end-2023,False
HSI00000286,Covenant Health,Knoxville,TN,TN,1,True,10,9,1162.0,0.0,1,nonprofit,100.0,0,2023 (rev. 2025-09),https://www.ahrq.gov/sites/default/files/wysiwyg/chsp/compendium/chsp-compendium-2023-rev.xlsx,AHRQ Compendium 2023 (system file rev. 2025-09); systems as of end-2023,False
HSI00000327,East Tennessee Childrens Hospital Association,Knoxville,TN,TN,1,True,1,1,,,1,nonprofit,,0,2023 (rev. 2025-09),https://www.ahrq.gov/sites/default/files/wysiwyg/chsp/compendium/chsp-compendium-2023-rev.xlsx,AHRQ Compendium 2023 (system file rev. 2025-09); systems as of end-2023,False
HSI00000675,Methodist Le Bonheur Healthcare,Memphis,TN,MS;TN,2,True,3,2,1395.0,1.0,2,church-operated,100.0,0,2023 (rev. 2025-09),https://www.ahrq.gov/sites/default/files/wysiwyg/chsp/compendium/chsp-compendium-2023-rev.xlsx,AHRQ Compendium 2023 (system file rev. 2025-09); systems as of end-2023,False
HSI00000870,Regional One Health,Memphis,TN,TN,1,True,2,1,291.0,1.0,1,nonprofit,100.0,0,2023 (rev. 2025-09),https://www.ahrq.gov/sites/default/files/wysiwyg/chsp/compendium/chsp-compendium-2023-rev.xlsx,AHRQ Compendium 2023 (system file rev. 2025-09); systems as of end-2023,False
HSI00001153,University of Tennessee Medical Center,Knoxville,TN,TN,1,True,1,1,698.0,0.0,1,nonprofit,100.0,0,2023 (rev. 2025-09),https://www.ahrq.gov/sites/default/files/wysiwyg/chsp/compendium/chsp-compendium-2023-rev.xlsx,AHRQ Compendium 2023 (system file rev. 2025-09); systems as of end-2023,False
HSI00001222,Vanderbilt Health,Nashville,TN,TN,1,True,4,4,1292.0,0.0,1,nonprofit,98.1,1,2023 (rev. 2025-09),https://www.ahrq.gov/sites/default/files/wysiwyg/chsp/compendium/chsp-compendium-2023-rev.xlsx,AHRQ Compendium 2023 (system file rev. 2025-09); systems as of end-2023,True
HSI00000096,Baylor Scott and White Health,Dallas,TX,TX,1,True,31,25,3840.0,0.0,1,nonprofit,98.3,2,2023 (rev. 2025-09),https://www.ahrq.gov/sites/default/files/wysiwyg/chsp/compendium/chsp-compendium-2023-rev.xlsx,AHRQ Compendium 2023 (system file rev. 2025-09); systems as of end-2023,True
HSI00000208,Childrens Health,Dallas,TX,TX,1,True,3,3,448.0,0.0,1,nonprofit,100.0,0,2023 (rev. 2025-09),https://www.ahrq.gov/sites/default/files/wysiwyg/chsp/compendium/chsp-compendium-2023-rev.xlsx,AHRQ Compendium 2023 (system file rev. 2025-09); systems as of end-2023,False
HSI00000152,Christus Health,Irving,TX,LA;NM;TX,3,True,32,26,3916.0,1.0,2,church-operated,95.0,3,2023 (rev. 2025-09),https://www.ahrq.gov/sites/default/files/wysiwyg/chsp/compendium/chsp-compendium-2023-rev.xlsx,AHRQ Compendium 2023 (system file rev. 2025-09); systems as of end-2023,True
HSI00000251,Community Hospital Corporation,Plano,TX,AR;CO;ID;KY;NC;NM;SC;TX,8,True,20,11,772.0,1.0,1,nonprofit,58.8,6,2023 (rev. 2025-09),https://www.ahrq.gov/sites/default/files/wysiwyg/chsp/compendium/chsp-compendium-2023-rev.xlsx,AHRQ Compendium 2023 (system file rev. 2025-09); systems as of end-2023,True
HSI00000273,Cook Childrens Health Care System,Fort Worth,TX,TX,1,True,2,2,447.0,0.0,1,nonprofit,100.0,0,2023 (rev. 2025-09),https://www.ahrq.gov/sites/default/files/wysiwyg/chsp/compendium/chsp-compendium-2023-rev.xlsx,AHRQ Compendium 2023 (system file rev. 2025-09); systems as of end-2023,False
HSI00000321,Driscoll Childrens Hospital,Corpus Christi,TX,TX,1,True,1,1,215.0,0.0,1,nonprofit,100.0,0,2023 (rev. 2025-09),https://www.ahrq.gov/sites/default/files/wysiwyg/chsp/compendium/chsp-compendium-2023-rev.xlsx,AHRQ Compendium 2023 (system file rev. 2025-09); systems as of end-2023,False
HSI00000471,Hendrick Health System,Abilene,TX,TX,1,True,3,3,656.0,0.0,2,church-operated,100.0,0,2023 (rev. 2025-09),https://www.ahrq.gov/sites/default/files/wysiwyg/chsp/compendium/chsp-compendium-2023-rev.xlsx,AHRQ Compendium 2023 (system file rev. 2025-09); systems as of end-2023,False
HSI00001081,Houston Methodist,Houston,TX,TX,1,True,8,7,2653.0,0.0,1,nonprofit,100.0,0,2023 (rev. 2025-09),https://www.ahrq.gov/sites/default/files/wysiwyg/chsp/compendium/chsp-compendium-2023-rev.xlsx,AHRQ Compendium 2023 (system file rev. 2025-09); systems as of end-2023,False
HSI00000654,Memorial Hermann Healthcare System,Houston,TX,TX,1,True,11,7,3548.0,1.0,1,nonprofit,100.0,0,2023 (rev. 2025-09),https://www.ahrq.gov/sites/default/files/wysiwyg/chsp/compendium/chsp-compendium-2023-rev.xlsx,AHRQ Compendium 2023 (system file rev. 2025-09); systems as of end-2023,False
HSI00000673,Methodist Health System,Dallas,TX,TX,1,True,8,7,1266.0,0.0,1,nonprofit,96.4,2,2023 (rev. 2025-09),https://www.ahrq.gov/sites/default/files/wysiwyg/chsp/compendium/chsp-compendium-2023-rev.xlsx,AHRQ Compendium 2023 (system file rev. 2025-09); systems as of end-2023,True
HSI00000822,Peterson Health,Kerrville,TX,TX,1,True,1,1,98.0,0.0,1,nonprofit,100.0,0,2023 (rev. 2025-09),https://www.ahrq.gov/sites/default/files/wysiwyg/chsp/compendium/chsp-compendium-2023-rev.xlsx,AHRQ Compendium 2023 (system file rev. 2025-09); systems as of end-2023,False
HSI00000975,Shannon Health System,San Angelo,TX,TX,1,True,2,2,340.0,0.0,1,nonprofit,100.0,0,2023 (rev. 2025-09),https://www.ahrq.gov/sites/default/files/wysiwyg/chsp/compendium/chsp-compendium-2023-rev.xlsx,AHRQ Compendium 2023 (system file rev. 2025-09); systems as of end-2023,False
HSI00001069,Texas Childrens Hospital,Houston,TX,TX,1,True,1,1,905.0,0.0,1,nonprofit,100.0,0,2023 (rev. 2025-09),https://www.ahrq.gov/sites/default/files/wysiwyg/chsp/compendium/chsp-compendium-2023-rev.xlsx,AHRQ Compendium 2023 (system file rev. 2025-09); systems as of end-2023,False
HSI00001072,Texas Health Resources,Arlington,TX,TX,1,True,21,18,3165.0,1.0,1,nonprofit,91.8,4,2023 (rev. 2025-09),https://www.ahrq.gov/sites/default/files/wysiwyg/chsp/compendium/chsp-compendium-2023-rev.xlsx,AHRQ Compendium 2023 (system file rev. 2025-09); systems as of end-2023,True
HSI00001143,United Regional Health Care System,Wichita Falls,TX,TX,1,True,1,1,244.0,0.0,1,nonprofit,100.0,0,2023 (rev. 2025-09),https://www.ahrq.gov/sites/default/files/wysiwyg/chsp/compendium/chsp-compendium-2023-rev.xlsx,AHRQ Compendium 2023 (system file rev. 2025-09); systems as of end-2023,False
HSI00000516,Intermountain Healthcare,Salt Lake City,UT,CO;ID;MT;UT,4,True,33,31,3938.0,0.0,1,nonprofit,100.0,0,2023 (rev. 2025-09),https://www.ahrq.gov/sites/default/files/wysiwyg/chsp/compendium/chsp-compendium-2023-rev.xlsx,AHRQ Compendium 2023 (system file rev. 2025-09); systems as of end-2023,False
HSI00000063,Augusta Health,Fishersville,VA,VA,1,True,1,1,193.0,0.0,1,nonprofit,100.0,0,2023 (rev. 2025-09),https://www.ahrq.gov/sites/default/files/wysiwyg/chsp/compendium/chsp-compendium-2023-rev.xlsx,AHRQ Compendium 2023 (system file rev. 2025-09); systems as of end-2023,False
HSI00000170,Carilion Clinic,Roanoke,VA,VA,1,True,7,7,838.0,0.0,1,nonprofit,100.0,0,2023 (rev. 2025-09),https://www.ahrq.gov/sites/default/files/wysiwyg/chsp/compendium/chsp-compendium-2023-rev.xlsx,AHRQ Compendium 2023 (system file rev. 2025-09); systems as of end-2023,False
HSI00000192,Centra Health,Lynchburg,VA,VA,1,True,5,4,562.0,0.0,1,nonprofit,100.0,0,2023 (rev. 2025-09),https://www.ahrq.gov/sites/default/files/wysiwyg/chsp/compendium/chsp-compendium-2023-rev.xlsx,AHRQ Compendium 2023 (system file rev. 2025-09); systems as of end-2023,False
HSI00000215,Childrens Hospital of the Kings Daughters Health System,Norfolk,VA,VA,1,True,1,1,202.0,0.0,1,nonprofit,100.0,0,2023 (rev. 2025-09),https://www.ahrq.gov/sites/default/files/wysiwyg/chsp/compendium/chsp-compendium-2023-rev.xlsx,AHRQ Compendium 2023 (system file rev. 2025-09); systems as of end-2023,False
HSI00000513,Inova Health System,Falls Church,VA,VA,1,True,5,5,1682.0,0.0,1,nonprofit,100.0,0,2023 (rev. 2025-09),https://www.ahrq.gov/sites/default/files/wysiwyg/chsp/compendium/chsp-compendium-2023-rev.xlsx,AHRQ Compendium 2023 (system file rev. 2025-09); systems as of end-2023,False
HSI00000624,Mary Washington Healthcare,Fredericksburg,VA,VA,1,True,3,2,502.0,0.0,1,nonprofit,100.0,0,2023 (rev. 2025-09),https://www.ahrq.gov/sites/default/files/wysiwyg/chsp/compendium/chsp-compendium-2023-rev.xlsx,AHRQ Compendium 2023 (system file rev. 2025-09); systems as of end-2023,False
HSI00000883,Riverside Health System,Newport News,VA,VA,1,True,6,4,592.0,0.0,1,nonprofit,100.0,0,2023 (rev. 2025-09),https://www.ahrq.gov/sites/default/files/wysiwyg/chsp/compendium/chsp-compendium-2023-rev.xlsx,AHRQ Compendium 2023 (system file rev. 2025-09); systems as of end-2023,False
HSI00000972,Sentara Healthcare,Norfolk,VA,NC;VA,2,True,13,12,2314.0,0.0,1,nonprofit,100.0,0,2023 (rev. 2025-09),https://www.ahrq.gov/sites/default/files/wysiwyg/chsp/compendium/chsp-compendium-2023-rev.xlsx,AHRQ Compendium 2023 (system file rev. 2025-09); systems as of end-2023,False
HSI00001186,University of Virginia Health System,Charlottesville,VA,VA,1,True,5,4,885.0,0.0,1,nonprofit,75.1,3,2023 (rev. 2025-09),https://www.ahrq.gov/sites/default/files/wysiwyg/chsp/compendium/chsp-compendium-2023-rev.xlsx,AHRQ Compendium 2023 (system file rev. 2025-09); systems as of end-2023,True
HSI00001499,VHC Health,Arlington,VA,VA,1,True,1,1,385.0,0.0,1,nonprofit,100.0,0,2023 (rev. 2025-09),https://www.ahrq.gov/sites/default/files/wysiwyg/chsp/compendium/chsp-compendium-2023-rev.xlsx,AHRQ Compendium 2023 (system file rev. 2025-09); systems as of end-2023,False
HSI00001217,Valley Health,Winchester,VA,VA;WV,2,True,6,6,580.0,0.0,1,nonprofit,100.0,0,2023 (rev. 2025-09),https://www.ahrq.gov/sites/default/files/wysiwyg/chsp/compendium/chsp-compendium-2023-rev.xlsx,AHRQ Compendium 2023 (system file rev. 2025-09); systems as of end-2023,False
HSI00000900,Rutland Regional Health Services,Rutland,VT,VT,1,True,1,1,142.0,0.0,1,nonprofit,100.0,0,2023 (rev. 2025-09),https://www.ahrq.gov/sites/default/files/wysiwyg/chsp/compendium/chsp-compendium-2023-rev.xlsx,AHRQ Compendium 2023 (system file rev. 2025-09); systems as of end-2023,False
HSI00001185,University of Vermont Health Network,Burlington,VT,NY;VT,2,True,6,6,908.0,0.0,1,nonprofit,100.0,0,2023 (rev. 2025-09),https://www.ahrq.gov/sites/default/files/wysiwyg/chsp/compendium/chsp-compendium-2023-rev.xlsx,AHRQ Compendium 2023 (system file rev. 2025-09); systems as of end-2023,False
HSI00001281,Astria Health System,Sunnyside,WA,WA,1,True,2,2,72.0,1.0,1,nonprofit,100.0,0,2023 (rev. 2025-09),https://www.ahrq.gov/sites/default/files/wysiwyg/chsp/compendium/chsp-compendium-2023-rev.xlsx,AHRQ Compendium 2023 (system file rev. 2025-09); systems as of end-2023,False
HSI00000266,Confluence Health,Wenatchee,WA,WA,1,True,3,2,198.0,0.0,1,nonprofit,100.0,0,2023 (rev. 2025-09),https://www.ahrq.gov/sites/default/files/wysiwyg/chsp/compendium/chsp-compendium-2023-rev.xlsx,AHRQ Compendium 2023 (system file rev. 2025-09); systems as of end-2023,False
HSI00001356,Island Hospital,Anacortes,WA,WA,1,True,1,1,43.0,0.0,1,nonprofit,100.0,0,2023 (rev. 2025-09),https://www.ahrq.gov/sites/default/files/wysiwyg/chsp/compendium/chsp-compendium-2023-rev.xlsx,AHRQ Compendium 2023 (system file rev. 2025-09); systems as of end-2023,False
HSI00000714,Multicare Health System,Tacoma,WA,WA,1,True,11,9,1536.0,1.0,1,nonprofit,93.0,1,2023 (rev. 2025-09),https://www.ahrq.gov/sites/default/files/wysiwyg/chsp/compendium/chsp-compendium-2023-rev.xlsx,AHRQ Compendium 2023 (system file rev. 2025-09); systems as of end-2023,True
HSI00001436,Overlake Medical Center and Clinics,Bellevue,WA,WA,1,True,1,1,296.0,0.0,1,nonprofit,100.0,0,2023 (rev. 2025-09),https://www.ahrq.gov/sites/default/files/wysiwyg/chsp/compendium/chsp-compendium-2023-rev.xlsx,AHRQ Compendium 2023 (system file rev. 2025-09); systems as of end-2023,False
HSI00000814,Peacehealth,Vancouver,WA,AK;OR;WA,3,True,10,10,1254.0,0.0,2,church-operated,100.0,0,2023 (rev. 2025-09),https://www.ahrq.gov/sites/default/files/wysiwyg/chsp/compendium/chsp-compendium-2023-rev.xlsx,AHRQ Compendium 2023 (system file rev. 2025-09); systems as of end-2023,False
HSI00000852,Providence,Renton,WA,AK;CA;MT;NM;OR;TX;WA,7,True,54,50,9256.0,1.0,2,church-operated,99.8,2,2023 (rev. 2025-09),https://www.ahrq.gov/sites/default/files/wysiwyg/chsp/compendium/chsp-compendium-2023-rev.xlsx,AHRQ Compendium 2023 (system file rev. 2025-09); systems as of end-2023,True
HSI00000969,Seattle Childrens Hospital Research and Foundation,Seattle,WA,WA,1,True,1,1,370.0,0.0,1,nonprofit,100.0,0,2023 (rev. 2025-09),https://www.ahrq.gov/sites/default/files/wysiwyg/chsp/compendium/chsp-compendium-2023-rev.xlsx,AHRQ Compendium 2023 (system file rev. 2025-09); systems as of end-2023,False
HSI00001402,Tri State Memorial Hospital,Clarkston,WA,WA,1,True,1,1,25.0,0.0,1,nonprofit,100.0,0,2023 (rev. 2025-09),https://www.ahrq.gov/sites/default/files/wysiwyg/chsp/compendium/chsp-compendium-2023-rev.xlsx,AHRQ Compendium 2023 (system file rev. 2025-09); systems as of end-2023,False
HSI00000057,Aspirus,Wausau,WI,MI;WI,2,True,16,16,699.0,0.0,1,nonprofit,100.0,0,2023 (rev. 2025-09),https://www.ahrq.gov/sites/default/files/wysiwyg/chsp/compendium/chsp-compendium-2023-rev.xlsx,AHRQ Compendium 2023 (system file rev. 2025-09); systems as of end-2023,False
HSI00000105,Bellin Health Systems,Green Bay,WI,WI,1,True,3,2,204.0,0.0,1,nonprofit,100.0,0,2023 (rev. 2025-09),https://www.ahrq.gov/sites/default/files/wysiwyg/chsp/compendium/chsp-compendium-2023-rev.xlsx,AHRQ Compendium 2023 (system file rev. 2025-09); systems as of end-2023,False
HSI00000106,Beloit Health System,Beloit,WI,WI,1,True,1,1,97.0,0.0,1,nonprofit,100.0,0,2023 (rev. 2025-09),https://www.ahrq.gov/sites/default/files/wysiwyg/chsp/compendium/chsp-compendium-2023-rev.xlsx,AHRQ Compendium 2023 (system file rev. 2025-09); systems as of end-2023,False
HSI00000212,Childrens Hospital and Health System,Wauwatosa,WI,WI,1,True,2,2,340.0,0.0,1,nonprofit,100.0,0,2023 (rev. 2025-09),https://www.ahrq.gov/sites/default/files/wysiwyg/chsp/compendium/chsp-compendium-2023-rev.xlsx,AHRQ Compendium 2023 (system file rev. 2025-09); systems as of end-2023,False
HSI00000386,Froedtert and the Medical College of Wisconsin,Milwaukee,WI,WI,1,True,6,6,1061.0,0.0,1,nonprofit,100.0,0,2023 (rev. 2025-09),https://www.ahrq.gov/sites/default/files/wysiwyg/chsp/compendium/chsp-compendium-2023-rev.xlsx,AHRQ Compendium 2023 (system file rev. 2025-09); systems as of end-2023,False
HSI00000428,Gundersen Health System,La Crosse,WI,IA;MN;WI,3,True,8,8,399.0,0.0,1,nonprofit,100.0,0,2023 (rev. 2025-09),https://www.ahrq.gov/sites/default/files/wysiwyg/chsp/compendium/chsp-compendium-2023-rev.xlsx,AHRQ Compendium 2023 (system file rev. 2025-09); systems as of end-2023,False
HSI00000621,Marshfield Clinic Health System,Marshfield,WI,MI;WI,2,True,12,12,603.0,0.0,1,nonprofit,100.0,0,2023 (rev. 2025-09),https://www.ahrq.gov/sites/default/files/wysiwyg/chsp/compendium/chsp-compendium-2023-rev.xlsx,AHRQ Compendium 2023 (system file rev. 2025-09); systems as of end-2023,False
HSI00000667,Mercyhealth,Janesville,WI,IL;WI,2,True,4,4,414.0,0.0,1,nonprofit,100.0,0,2023 (rev. 2025-09),https://www.ahrq.gov/sites/default/files/wysiwyg/chsp/compendium/chsp-compendium-2023-rev.xlsx,AHRQ Compendium 2023 (system file rev. 2025-09); systems as of end-2023,False
HSI00000847,Prohealth Care,Waukesha,WI,WI,1,True,3,2,328.0,0.0,1,nonprofit,100.0,0,2023 (rev. 2025-09),https://www.ahrq.gov/sites/default/files/wysiwyg/chsp/compendium/chsp-compendium-2023-rev.xlsx,AHRQ Compendium 2023 (system file rev. 2025-09); systems as of end-2023,False
HSI00001092,ThedaCare,Appleton,WI,WI,1,True,7,7,417.0,0.0,1,nonprofit,100.0,0,2023 (rev. 2025-09),https://www.ahrq.gov/sites/default/files/wysiwyg/chsp/compendium/chsp-compendium-2023-rev.xlsx,AHRQ Compendium 2023 (system file rev. 2025-09); systems as of end-2023,False
HSI00001540,Western Wisconsin Health,Baldwin,WI,WI,1,True,2,2,25.0,0.0,1,nonprofit,100.0,0,2023 (rev. 2025-09),https://www.ahrq.gov/sites/default/files/wysiwyg/chsp/compendium/chsp-compendium-2023-rev.xlsx,AHRQ Compendium 2023 (system file rev. 2025-09); systems as of end-2023,False
HSI00000147,CAMC Health System,Charleston,WV,WV,1,True,8,8,1087.0,0.0,1,nonprofit,95.4,2,2023 (rev. 2025-09),https://www.ahrq.gov/sites/default/files/wysiwyg/chsp/compendium/chsp-compendium-2023-rev.xlsx,AHRQ Compendium 2023 (system file rev. 2025-09); systems as of end-2023,True
HSI00000154,Cabell Huntington Hospital,Huntington,WV,WV,1,True,3,3,740.0,1.0,1,nonprofit,100.0,0,2023 (rev. 2025-09),https://www.ahrq.gov/sites/default/files/wysiwyg/chsp/compendium/chsp-compendium-2023-rev.xlsx,AHRQ Compendium 2023 (system file rev. 2025-09); systems as of end-2023,False
HSI00000300,Davis Health System,Elkins,WV,WV,1,True,3,3,127.0,0.0,1,nonprofit,100.0,0,2023 (rev. 2025-09),https://www.ahrq.gov/sites/default/files/wysiwyg/chsp/compendium/chsp-compendium-2023-rev.xlsx,AHRQ Compendium 2023 (system file rev. 2025-09); systems as of end-2023,False
HSI00001251,West Virginia University Health System,Morgantown,WV,MD;OH;PA;WV,4,True,23,22,2370.0,1.0,1,nonprofit,93.0,3,2023 (rev. 2025-09),https://www.ahrq.gov/sites/default/files/wysiwyg/chsp/compendium/chsp-compendium-2023-rev.xlsx,AHRQ Compendium 2023 (system file rev. 2025-09); systems as of end-2023,True
