system_id,system_name,hq_state,total_beds,current_name,status_since_2023,current_parent,status_evidence_url,status_change_date,status_search_query,now_for_profit,tier,confidence,tier_source,pharmacy_names,owning_entity,accreditations,manager_partner,evidence_urls,evidence_date,confirmed_candidates,rejected_candidates,sources_searched,notes,shields_list_match,rule_adjustments,accreditation_expiry_check
HSI00001427,CommonSpirit Health,IL,16679.0,CommonSpirit Health,unchanged,,https://www.commonspirithealth.org/about-us/,,"status sweep 1, 2026-10-02: news search for merger/acquisition/rename (some systems grouped in one query)",False,Managed or partnered,High,"Shields partner list (CommonSpirit Health, several entries) plus Dignity Health/Shields JV press release; URAC and ACHC records for Mountain Region pharmacy",CommonSpirit Pharmacy - Mountain Region | CommonSpirit Specialty Pharmacy - Mountain Region | Dignity Health Specialty Pharmacy | CommonSpirit Health at Home (infusion),CommonSpirit Mountain Region (system subsidiary),URAC SPP010124 Specialty Pharmacy | ACHC 78647 Specialty Pharmacy Services | ACHC 70341 Infusion Pharmacy Services,Shields Health Solutions,https://shieldshealthsolutions.com/about-us/partner-health-systems | https://www.prnewswire.com/news-releases/dignity-health-and-shields-health-solutions-bring-affordable-medication-and-services-to-patients-with-complex-chronic-illnesses-300818417.html | https://www.mountain.commonspirit.org/location/commonspirit-health-specialty-pharmacy | https://www.urac.org/directory/accreditation-details/?certification=SPP010124,2026-10-02,urac:SPP010124 | achc:78647 | achc:70341,"urac:SPP010543: Good Samaritan Hospital Corvallis (Samaritan Health Services, OR) is not CommonSpirit; name-match only | achc:87316: Samaritan Specialty Pharmacy, Corvallis, same unrelated Samaritan Health Services | nppes:1306249024: Centura retail hospital pharmacy, specialty taxonomy secondary, last updated 2016, no specialty evidence",shieldshealthsolutions.com partner list | mountain.commonspirit.org specialty pharmacy page | prnewswire Dignity Health/Shields release | web search CommonSpirit Shields specialty pharmacy,Shields partnership (Dignity Health JV) governs the tier; CommonSpirit also owns URAC/ACHC-accredited Mountain Region specialty pharmacy and a Health at Home infusion pharmacy.,CommonSpirit / Dignity Health (CA); CommonSpirit Health (AZ); CommonSpirit Health (NV); CommonSpirit Mountain Region (CO); CommonSpirit/CHI Health (NE),,
HSI00000055,Ascension Health,MO,15162.0,Ascension Health,unchanged,,https://about.ascension.org/,,"status sweep 1, 2026-10-02: news search for merger/acquisition/rename (some systems grouped in one query)",False,Managed or partnered,High,"Shields partner list (Ascension Health, many sites); Ascension Rx owned pharmacies hold URAC and ACHC accreditation",Ascension Rx 1001 (Austin) | Ascension Rx 1303 (Farmington Hills) | AscensionRx 1402 (Jacksonville) | Ascension Rx 1404 (Wichita) | Ascension Rx 1116 (Franklin WI) | Ascension at Home,"Ascension Pharmacy Services, LLC and Ascension subsidiaries",URAC SPP010608 Specialty Pharmacy | URAC SPP010389 Specialty Pharmacy | ACHC 99220 Specialty Pharmacy Services | ACHC 87449 Specialty Pharmacy Services | ACHC 96255 Specialty Pharmacy Services | ACHC 95425 Specialty Pharmacy Services | ACHC 99181 Specialty Pharmacy Services | ACHC 76025 Specialty Pharmacy Services and Infusion Pharmacy Services | ACHC 96365 Home Infusion Therapy,Shields Health Solutions,https://shieldshealthsolutions.com/about-us/partner-health-systems | https://healthcare.ascension.org/specialty-care/ascension-rx-pharmacy | https://www.urac.org/directory/accreditation-details/?certification=SPP010608 | https://www.urac.org/directory/accreditation-details/?certification=SPP010389,2026-10-02,urac:SPP010608 | urac:SPP010389 | achc:99220 | achc:87449 | achc:96255 | achc:95425 | achc:99181 | achc:76025 | achc:96365 | nppes:1437233434 | nppes:1073345799 | nppes:1629721576 | nppes:1467543165 | nppes:1699722124,"achc:77694: Northwest Oncology & Hematology is an independent practice, address match only | nppes:1881552115: Daviess County Hospital pharmacy, hospital pharmacy with secondary taxonomy only, no specialty evidence | nppes:1558407056: Genesys hospital retail pharmacy, record last updated 2010, no specialty evidence","shieldshealthsolutions.com partner list | healthcare.ascension.org Ascension Rx page | web search Ascension Rx specialty pharmacy (Becker's, Ascension news)",Ascension is on the Shields list so tier is Managed or partnered despite owning an accredited Ascension Rx network. Owned pharmacies are the strongest independent evidence.,Ascension Health (FL); Ascension Health (IL); Ascension Health (IN); Ascension Health (KS); Ascension Health (OK); Ascension Health (TN); Ascension Health (TX); Ascension Health (WI); Ascension Michigan (MI),,
HSI00001106,Trinity Health,MI,14914.0,Trinity Health,unchanged,,https://www.trinity-health.org/about-us,,"status sweep 1, 2026-10-02: news search for merger/acquisition/rename (some systems grouped in one query)",False,"Owned, accredited",High,Trinity Health press release on dual URAC/ACHC accreditation; URAC and ACHC records for multiple system-owned pharmacies; Trinity not on Shields list,Trinity Health Pharmacy Services (Fort Wayne) | Trinity Health Pharmacy Solutions - Grand Rapids | Trinity Health Pharmacy - Hackley | Trinity Health Pharmacy - Wege Center | MercyOne Genesis FirstMed Specialty Pharmacy | MercyOne Waterloo Specialty Pharmacy | Loyola Outpatient Center pharmacy | St Joseph Mercy Professional Pharmacy,"Trinity Health Pharmacy Services LLC, Trinity Health-Michigan, GenVentures (MercyOne), Loyola University Medical Center and other Trinity subsidiaries",URAC SPP010175 Specialty Pharmacy | URAC SPP010181 Specialty Pharmacy | URAC SPP010700 Specialty Pharmacy | URAC SPP010451 Specialty Pharmacy | URAC SPP010572 Specialty Pharmacy | ACHC 79316 Specialty Pharmacy Services | ACHC 74905 Specialty Pharmacy Services | ACHC 75635 Specialty Pharmacy Services | ACHC 77560 Specialty Pharmacy Services | ACHC 79312 Specialty Pharmacy Services | ACHC 95372 Specialty Pharmacy Services | ACHC 94518 Specialty Pharmacy Services | ACHC 97130 Infusion Pharmacy Services | ACHC 88273 Infusion Pharmacy Services,,https://www.trinity-health.org/newsroom/press-releases/trinity-health-pharmacy-services-earns-dual-accreditation-specialty | https://www.trinity-health.org/our-services/specialty-pharmacy/for-providers | https://www.trinityhealthmichigan.org/services/pharmacy/specialty | https://www.urac.org/directory/accreditation-details/?certification=SPP010175,2026-10-02,urac:SPP010175 | urac:SPP010181 | urac:SPP010700 | urac:SPP010451 | urac:SPP010572 | achc:79316 | achc:74905 | achc:75635 | achc:77560 | achc:79312 | achc:95372 | achc:94518 | achc:97130 | achc:88273 | nppes:1336858802 | nppes:1669016895 | nppes:1013626639 | nppes:1447960299 | nppes:1710073010 | nppes:1518752559 | nppes:1891741955 | nppes:1164200275 | nppes:1841233574 | nppes:1801982103 | nppes:1922105287 | nppes:1972683373,"urac:SPP010056: Jackson Pharmacy Solutions is Public Health Trust of Miami-Dade, unrelated to Jackson County Public Hospital in Iowa | achc:78818: Jackson Health (Miami), unrelated | achc:94666: Jackson Health infusion (Miami), unrelated | nppes:1679647176: Jackson Memorial, unrelated | nppes:1194289157: Jackson Pharmacy South, unrelated | nppes:1790856458: Jackson Pharmacy Solutions, unrelated | achc:33009: Trinity Home Care LLC dba Option Care, Ridgewood NY, Option Care franchise not Trinity Health | achc:90348: same Option Care Ridgewood entity | achc:83807: Trinity Partners Home Health, Corona CA, independent | nppes:1457742298: Central Florida Health Care FQHC pharmacy, matched on Winter Haven word | nppes:1881623700: Francks Lab/Trinity Care Solutions, Ocala independent | nppes:1457902314: Wayne County Hospital Iowa retail pharmacy, not specialty",trinity-health.org press release dual accreditation | trinity-health.org specialty pharmacy for providers | trinityhealthmichigan.org specialty pharmacy and home infusion pages | shieldshealthsolutions.com partner list (not listed),"Multiple regional Trinity-owned accredited specialty pharmacies, no outside manager found. Loyola and MercyOne pharmacies are Trinity member subsidiaries.",,,
HSI00001526,Advocate Health,NC,10615.0,Advocate Health,unchanged,,https://www.advocatehealth.com/about-us,,"status sweep 1, 2026-10-02: news search for merger/acquisition/rename (some systems grouped in one query)",False,"Owned, accredited",High,"ACHC Specialty Pharmacy Services records for Advocate, Aurora and Atrium pharmacies; Advocate and Atrium web pages show ACHC/URAC seals; not on Shields list",Advocate Pharmacy #1514 | Advocate Pharmacy #1510 | Aurora Specialty Pharmacy | ASLMC Pharmacy | Atrium Health Pharmacy Pavilion | Atrium Health Specialty Pharmacy Service (CarolinaCARE),"Advocate Health and Hospitals Corporation, Aurora Healthcare Metro Inc, Advocate North Side Health Network, CHS Pharmacy Services Inc (Atrium)",ACHC 94647 Specialty Pharmacy Services | ACHC 90160 Specialty Pharmacy Services | ACHC 46030 Specialty Pharmacy Services | ACHC 74041 Specialty Pharmacy Services,,https://www.advocatehealth.com/pharmacy/specialty-pharmacy | https://atriumhealth.org/medical-services/prevention-wellness/other-prevention-wellness-services/atrium-health-specialty-pharmacy-service/contact-us | https://apps.aurora.org/apsr/pdf/patientHandbook.pdf,2026-10-02,achc:94647 | achc:90160 | achc:46030 | achc:74041 | nppes:1861447179 | nppes:1376579052,"nppes:1770636490: Baptist Hospital Home Rx, long-term care taxonomy, 2009 record, no specialty evidence | nppes:1114192358: NC Baptist Hospital retail pharmacy, no specialty evidence | nppes:1316079247: NC Baptist cancer center pharmacy, retail primary, no specialty evidence | nppes:1376978999: NC Baptist Hospital pharmacy, retail primary, no specialty evidence | nppes:1891134086: Cone Health outpatient pharmacy under DME taxonomy, no specialty evidence",advocatehealth.com specialty pharmacy page | apps.aurora.org Aurora patient handbook | atriumhealth.org specialty pharmacy service page | web search Advocate/Atrium specialty pharmacy | shieldshealthsolutions.com partner list (not listed),"URAC roster had no Advocate records, but ACHC records plus system web pages confirm accredited system-owned specialty pharmacies; Atrium site also shows a URAC seal not matched in the roster.",,,
HSI00000536,Kaiser Permanente,CA,9337.0,Kaiser Permanente,unchanged,,https://about.kaiserpermanente.org/who-we-are,,"status sweep 1, 2026-10-02: news search for merger/acquisition/rename (some systems grouped in one query)",False,"Owned, accredited",Medium,ACHC Specialty Pharmacy Services record for Kaiser Foundation Health Plan pharmacy 329 plus NPPES specialty primary taxonomy; KP National Specialty Pharmacy web listing,Kaiser Permanente National Specialty Pharmacy (Pharmacy 329),Kaiser Foundation Health Plan Inc (parent organization controlling the system),ACHC 97980 Specialty Pharmacy Services,,"https://organization.achc.org/print?legalCompanyName=Kaiser%20Foundation%20Health%20Plan%20Inc&dbaCompanyName=Kaiser%20Permanente%20Pharmacy%20#329&companyID=97980&full_address=San%20Francisco%20,%20CA%2094118&physicalAddress=Specialty%20Pharmacy%204131%20Geary%20Blvd,%20Room%20112, | https://npiregistry.cms.hhs.gov/provider-view/1366999021 | https://pharmacy-near-me.com/pharmacy/kaiser-permanente-pharmacy-329-94118-4131-geary-blvd-floor-1-san-francisco-ca-94118-1366999021/",2026-10-02,achc:97980 | nppes:1366999021,,web search Kaiser specialty pharmacy Geary Blvd | web search Kaiser National Specialty Pharmacy URAC/ACHC | healthy.kaiserpermanente.org facility pharmacy listings | shieldshealthsolutions.com partner list (not listed),Confidence Medium because the system's own site was not directly confirmed to describe the specialty pharmacy; ACHC record and NPPES agree. No URAC record found.,,,
HSI00000852,Providence,WA,9256.0,Providence,unchanged,,https://www.providence.org/about,,"status sweep 1, 2026-10-02: news search for merger/acquisition/rename (some systems grouped in one query)",False,Managed or partnered,High,"Shields partner list (Providence Health: Burbank, Hobbs, Hood River, Lubbock, Chewelah, Missoula, Anchorage); ACHC and URAC records",Providence Infusion and Pharmacy Services | Providence Specialty Pharmacy Services-Infusion/SPP | Providence Home Infusion | Swedish Health Services specialty pharmacy | Providence Little Company of Mary Torrance pharmacy,Providence (Providence Southern California; Swedish Health Services; Providence Health & Services Oregon/Washington; St. Joseph Health System Home Care Services LLC),"URAC SPP010211 Specialty Pharmacy (Swedish Health Services) | ACHC 93347 Specialty Pharmacy Services (Providence Southern California, Torrance)",Shields Health Solutions,https://shieldshealthsolutions.com/about-us/partner-health-systems | https://www.urac.org/directory/accreditation-details/?certification=SPP010211 | https://www.providence.org/services/infusion-pharmacy,2026-10-02,urac:SPP010211 | achc:93347 | nppes:1821010315 | nppes:1699396655 | nppes:1518569219 | nppes:1427132265 | nppes:1568451763 | nppes:1720121346,,providence.org/services/infusion-pharmacy | providence.org infusion and pharmacy locations (WebSearch) | oregon.providence.org home infusion pharmacy | shields_partners_20261002.txt,"On Shields partner list, so Managed or partnered; Providence also owns accredited specialty and home-infusion pharmacies. Swedish is a Providence entity though absent from the AHRQ hospital list; the NPPES Methodist Childrens/Covenant Home Infusion record is Covenant Childrens (Lubbock), a Providence hospital.",Providence Health (AK); Providence Health (CA); Providence Health (MT); Providence Health (NM); Providence Health (OR); Providence Health (TX); Providence Health (WA),,
HSI00000010,AdventHealth,FL,8809.0,AdventHealth,unchanged,,https://www.adventhealth.com/about-us,,"status sweep 1, 2026-10-02: news search for merger/acquisition/rename (some systems grouped in one query)",False,"Owned, accredited",High,URAC and ACHC records for AdventHealth Outpatient Pharmacy Orlando plus AdventHealth web pages; not on Shields list,"AdventHealth Outpatient Pharmacy Orlando | AdventHealth Home Infusion | UChicago Medicine AdventHealth Pharmacy (Bolingbrook, Glenoaks, Hinsdale) | AdventHealth Pharmacy Porter","Adventist Health System/Sunbelt, Inc.; Florida Hospital Home Infusion LLP; Adventist Bolingbrook Hospital and Adventist Midwest Health (system hospitals)",URAC SPP010556 Specialty Pharmacy | URAC SPP010646 Specialty Pharmacy (home infusion) | ACHC 98768 Specialty Pharmacy Services | ACHC 90006 Specialty Pharmacy Services,,https://www.urac.org/directory/accreditation-details/?certification=SPP010556 | https://organization.achc.org/print?companyID=98768 | https://www.adventhealth.com/sites/default/files/assets/adventhealth_outpatient_pharmacy_welcome_packet.pdf,2026-10-02,urac:SPP010556 | urac:SPP010646 | achc:98768 | achc:90006 | nppes:1558374900 | nppes:1336925817 | nppes:1205120706 | nppes:1386881290 | nppes:1245498948 | nppes:1184923260 | nppes:1518114750 | nppes:1053415653,,adventhealth.com/pharmacy-central-florida | AdventHealth Outpatient Pharmacy welcome packet PDF | adventhealth.com home infusion Florida locations | shields_partners_20261002.txt,UChicago Medicine AdventHealth pharmacies in Illinois appear to be a JV with UChicago Medicine; the wholly owned Orlando pharmacy carries the tier. Not on the Shields list.,,,
HSI00001428,Bon Secours Mercy Health,OH,5641.0,Bon Secours Mercy Health,unchanged,,https://www.bsmhealth.org/about-us,,"status sweep 1, 2026-10-02: news search for merger/acquisition/rename (some systems grouped in one query)",False,"Owned, not accredited",Low,BSMH 2025 ancillary services report: Harness Health Pharmacy offers specialty pharmacy; no URAC/ACHC specialty record found,Harness Health Pharmacy | Community Mercy Home Care Services Pharmacy,"Bon Secours Mercy Health, Inc. (Harness Health Partners trademark)",,,https://bsmhealth.org/bon-secours-mercy-health-highlights-growth-quality-gains-in-ancillary-services/ | https://bsmhealth.org/brands/,2026-10-02,achc:71417 | nppes:1538619820 | nppes:1942718713,"nppes:1194495150: generic outpatient pharmacy, not specialty evidence | nppes:1932866803: generic outpatient pharmacy | nppes:1114695459: generic outpatient pharmacy | nppes:1205384161: generic outpatient pharmacy",bsmhealth.org ancillary services report | bsmhealth.org/brands | mercy.com/services/pharmacy (page not found) | harnessrx.com pharmacy partners (search result) | shields_partners_20261002.txt,"ACHC 71417 is an Infusion Pharmacy record only, and the Harness specialty claim rests on one web source with no specialty accreditation located; not on Shields list. NPPES records are non-specialty-primary retail/outpatient pharmacies.",,,
HSI00000767,Northwell Health,NY,5412.0,Northwell Health,unchanged,,https://www.northwell.edu/about-northwell,,"status sweep 1, 2026-10-02: news search for merger/acquisition/rename (some systems grouped in one query)",False,Managed or partnered,High,"Shields partner list (Northwell Health, New Hyde Park NY and Danbury CT); URAC/ACHC records for Vivo Health Pharmacy","Vivo Health Pharmacy (Manhasset, Lenox Hill, Staten Island, LIJ, South Shore, Zucker Hillside)","Member hospitals (North Shore University Hospital, Lenox Hill Hospital, Staten Island University Hospital)",URAC SPP010583 Specialty Pharmacy | ACHC 87811 Specialty Pharmacy Services | ACHC 87812 Specialty Pharmacy Services,Shields Health Solutions,https://shieldshealthsolutions.com/about-us/partner-health-systems | https://www.northwell.edu/find-care/services-we-offer/vivohealth | https://www.urac.org/directory/accreditation-details/?certification=SPP010583,2026-10-02,urac:SPP010583 | achc:87811 | achc:87812 | nppes:1013414069 | nppes:1871024455 | nppes:1174926406 | nppes:1467695023 | nppes:1235640210 | nppes:1144714171,"achc:89540: North Shore Hematology & Oncology (NY Cancer and Blood Specialists), independent physician practice | achc:78477: same independent oncology practice | achc:98897: same independent oncology practice | achc:78478: same independent oncology practice | achc:71982: same independent oncology practice | achc:89697: same independent oncology practice | achc:78479: same independent oncology practice",northwell.edu VIVOHealth page | vivohealthpharmacy.com | healthcarefinancenews Northwell Vivo article (search result) | shields_partners_20261002.txt,Shields partner list rule applied; Vivo Health is Northwell's own accredited specialty pharmacy. Vivo Health PBM is a separate entity.,Northwell Health (NY),,
HSI00000073,Banner Health,AZ,5258.0,Banner Health,unchanged,,https://www.bannerhealth.com/about,,"status sweep 1, 2026-10-02: news search for merger/acquisition/rename (some systems grouped in one query)",False,Managed or partnered,High,"Shields partner list (Banner Health: Phoenix, Greeley, Ogallala, Fallon, Casper); Shields/Excelera launch case study; URAC and ACHC records",Banner Specialty Pharmacy | Banner Family Pharmacy - Chandler | Banner Pharmacy Services LLC,"Banner Pharmacy Services, LLC (Banner Health subsidiary)",URAC SPP010517 Specialty Pharmacy | ACHC 78327 Specialty Pharmacy Services,Shields Health Solutions,https://shieldshealthsolutions.com/about-us/partner-health-systems | https://www.shieldshealthsolutions.com/developing-an-in-house-specialty-pharmacy-within-6-months/ | https://www.bannerhealth.com/services/pharmacy/specialty-pharmacy | https://www.urac.org/directory/accreditation-details/?certification=SPP010517,2026-10-02,urac:SPP010517 | achc:78327 | nppes:1902256092 | nppes:1154384899 | nppes:1720902018 | nppes:1316368459,,bannerhealth.com/services/pharmacy/specialty-pharmacy | bannerhealth.com welcome to Banner Specialty Pharmacy | shieldshealthsolutions.com Banner case study | shields_partners_20261002.txt,Banner owns an accredited in-house specialty pharmacy launched with Shields support; tier set to Managed or partnered per Shields-list rule.,Banner Health (AZ); Banner Health (CO); Banner Health (NE); Banner Health (NV); Banner Health (WY),,
HSI00001078,Cleveland Clinic,OH,5048.0,Cleveland Clinic,unchanged,,https://my.clevelandclinic.org/about,,"status sweep 1, 2026-10-02: news search for merger/acquisition/rename (some systems grouped in one query)",False,"Owned, accredited",High,URAC SPP010465 + ACHC 93263 + system web page; not on Shields list,Cleveland Clinic Specialty/Home Delivery Pharmacy,The Cleveland Clinic Foundation,URAC SPP010465 Specialty Pharmacy | ACHC 93263 Specialty Pharmacy Services,,https://www.urac.org/directory/accreditation-details/?certification=SPP010465 | https://my.clevelandclinic.org/departments/pharmacy/services/specialty-pharmacy | https://npiregistry.cms.hhs.gov/provider-view/1578967782,2026-10-02,urac:SPP010465 | achc:93263 | nppes:1578967782 | nppes:1649507815,"nppes:1346305554: Martin Memorial Medical Center (Stuart FL) community/retail outpatient pharmacy, different entity, specialty taxonomy only secondary",https://my.clevelandclinic.org/departments/pharmacy/services/specialty-pharmacy | https://my.clevelandclinic.org/departments/pharmacy/services/pharmacy | WebSearch: Cleveland Clinic Specialty Home Delivery Pharmacy | Shields partner list,"Wholly system-owned mail-order specialty pharmacy in Beachwood, OH. No outside manager found.",,,
HSI00001021,Corewell Health,MI,4623.0,Corewell Health,unchanged,,https://corewellhealth.org/about-us,,"status sweep 1, 2026-10-02: news search for merger/acquisition/rename (some systems grouped in one query)",False,"Owned, accredited",Medium,ACHC 82290 (William Beaumont Hospital dba Corewell Health Specialty Pharmacy) + web search listing; no URAC,Corewell Health Specialty Pharmacy | Corewell Health Home Infusion,William Beaumont Hospital (Corewell Health member hospital/subsidiary),ACHC 82290 Specialty Pharmacy Services | ACHC 99035 Infusion Pharmacy Services | ACHC 78902 Home Infusion Therapy,,https://corewellhealth.org/care-and-specialties/pharmacy | https://npiregistry.cms.hhs.gov/provider-view/1437600103,2026-10-02,achc:82290 | achc:99035 | achc:78902 | nppes:1437600103 | nppes:1881038057,"nppes:1871980771: Oakwood retail pharmacy Taylor, community/retail, specialty taxonomy secondary only",https://corewellhealth.org/care-and-specialties/pharmacy | WebSearch: Corewell specialty pharmacy partnership/JV | WebSearch: Corewell Health Specialty Pharmacy ACHC | Shields partner list,Not on Shields list; no outside manager found (Quest lab JV is unrelated). NPI 1881038057 is a hemophilia treatment center specialty pharmacy at Grand Rapids.,,,
HSI00000660,Mercy,MO,4363.0,Mercy,unchanged,,https://www.mercy.net/about/,,"status sweep 1, 2026-10-02: news search for merger/acquisition/rename (some systems grouped in one query)",False,"Owned, accredited",High,URAC SPP010150 + Mercy web page citing URAC accreditation + NPPES; not on Shields list,Mercy Specialty Pharmacy | Mercy Specialty and Home Infusion Pharmacy Springfield | Mercy Compounding and Home Infusion Pharmacy,"Mercy Pharmacy Services, LLC (Mercy subsidiary)",URAC SPP010150 Specialty Pharmacy,,https://www.urac.org/directory/accreditation-details/?certification=SPP010150 | https://www.mercy.net/practice/mercy-specialty-pharmacy-riverport/ | https://www.mercy.net/service/home-infusion/,2026-10-02,urac:SPP010150 | nppes:1639028772 | nppes:1487414801 | nppes:1699294629 | nppes:1497272165 | nppes:1316908403 | nppes:1861849804 | nppes:1346325032 | nppes:1477505816 | nppes:1649799560,"urac:SPP010551: Children's Mercy Kansas City, unrelated system | nppes:1356839617: Children's Mercy, unrelated | nppes:1598809600: Children's Mercy home care, unrelated | nppes:1043473556: Children's Mercy hemophilia center, unrelated",https://www.mercy.net/service/pharmacy/ | https://www.mercy.net/practice/mercy-specialty-pharmacy-riverport/ | https://www.mercy.net/service/home-infusion/ | WebSearch: Mercy Pharmacy Services specialty pharmacy | Shields partner list,"Multi-site system-owned specialty pharmacy network (MO, AR, OK). URAC expiration 2026-12-01 is still in the future.",,,
HSI00000902,SSM Health,MO,4017.0,SSM Health,unchanged,,https://www.ssmhealth.com/about-us,,"status sweep 1, 2026-10-02: news search for merger/acquisition/rename (some systems grouped in one query)",False,Managed or partnered,High,SSM web page: SSM Health Pharmacy partners with Lumicera Health Services; URAC SPP010192 + ACHC 94814/83141 recorded,SSM Health Specialty Pharmacy | SSM Health Pharmacy,"Dean Retail Services, Inc. (SSM Health subsidiary)",URAC SPP010192 Specialty Pharmacy | ACHC 94814 Specialty Pharmacy Services | ACHC 83141 Specialty Pharmacy Services,Lumicera Health Services,https://www.ssmhealth.com/cardinal-glennon/location-details/specialty-pharmacy-st-louis-missouri | https://www.urac.org/directory/accreditation-details/?certification=SPP010192 | https://npiregistry.cms.hhs.gov/provider-view/1275265167,2026-10-02,urac:SPP010192 | achc:94814 | achc:83141 | nppes:1275265167,"nppes:1003926791: Dean Retail community/retail pharmacy, specialty taxonomy secondary | nppes:1265052211: Dean Retail Madison retail pharmacy, same reason",https://www.ssmhealth.com/cardinal-glennon/location-details/specialty-pharmacy-st-louis-missouri | WebSearch: SSM Health specialty pharmacy | Shields partner list (SSM not listed),"Not on Shields list; tier driven by named Lumicera partnership on SSM's own page. Pharmacy entity is a system subsidiary and accredited, so the Owned, accredited alternative is plausible if Lumicera is only a service partner.",,,
HSI00000863,RWJBarnabas Health,NJ,3966.0,RWJBarnabas Health,unchanged,,https://www.rwjbh.org/about-us/,,"status sweep 1, 2026-10-02: news search for merger/acquisition/rename (some systems grouped in one query)",False,"Owned, accredited",High,URAC SPP010471 + ACHC 75803 + RWJBH page describing a wholly-owned specialty pharmacy company; not on Shields list,RWJBarnabas Health Infusion and Specialty Pharmacy | RWJBarnabas Health Specialty Pharmacy,"Livingston Infusion Care, Inc. (wholly owned RWJBarnabas Health subsidiary)",URAC SPP010471 Specialty Pharmacy | ACHC 75803 Specialty Pharmacy Services,,https://www.rwjbh.org/treatment-care/infusion-and-specialty-pharmacy/ | https://www.rwjbh.org/for-health-care-professionals/pharmacy/pharmacy-divisions/integrated-service/rwjbarnabas-health-specialty-pharmacy/ | https://www.urac.org/directory/accreditation-details/?certification=SPP010471,2026-10-02,urac:SPP010471 | achc:75803 | nppes:1538147202,"nppes:1356134266: Ranch Health Jersey City LLC (EasyRx), unrelated independent mail-order pharmacy",https://www.rwjbh.org/treatment-care/infusion-and-specialty-pharmacy/ | https://www.rwjbh.org/for-health-care-professionals/pharmacy/pharmacy-divisions/integrated-service/rwjbarnabas-health-specialty-pharmacy/ | WebSearch: RWJBarnabas Health Infusion and Specialty Pharmacy | Shields partner list,Also holds Joint Commission accreditation per RWJBH. NPPES hit lists specialty as non-primary.,,,
HSI00000096,Baylor Scott and White Health,TX,3840.0,Baylor Scott & White Health,unchanged,,https://www.bswhealth.com/about,,"status sweep 1, 2026-10-02: news search for merger/acquisition/rename (some systems grouped in one query)",False,"Owned, accredited",High,URAC SPP010255 + ACHC records + BSW website specialty pharmacy page,Baylor Scott & White Specialty Pharmacy | Baylor Scott & White Pharmacy #101 | #201 | #227 | #276,"Baylor Scott & White Health Enterprises, Inc. (system subsidiary)",URAC SPP010255 Specialty Pharmacy | ACHC 83206 Specialty Pharmacy Services | ACHC 90026 Specialty Pharmacy Services | ACHC 96714 Specialty Pharmacy Services | ACHC 96715 Specialty Pharmacy Services,,https://www.bswhealth.com/locations/clinical-group/specialty-pharmacy | https://www.bswhealth.com/specialties/pharmacy | https://www.urac.org/directory/accreditation-details/?certification=SPP010255,2026-10-02,SPP010255 | 83206 | 90026 | 96714 | 96715,"85402: Texas Oncology Pharmacy-Round Rock, Oncology Pharmacy Services Inc., unrelated to BSW",bswhealth.com/locations/clinical-group/specialty-pharmacy | bswhealth.com/specialties/pharmacy | WebSearch BSW specialty pharmacy,Not on Shields list. Status not separately searched; no sign of change.,,,
HSI00000826,Piedmont Healthcare,GA,3643.0,Piedmont Healthcare,unchanged,,https://www.piedmont.org/about-piedmont,,"status sweep 1, 2026-10-02: news search for merger/acquisition/rename (some systems grouped in one query)",False,Managed or partnered,High,"Shields partner list (Piedmont Healthcare, Atlanta); URAC/ACHC accreditation recorded",Piedmont Direct Pharmacy | Piedmont Specialty Pharmacy South,"Piedmont Direct Pharmacy, LLC (system subsidiary); The Medical Center, Inc. (Piedmont Columbus Regional)",URAC SPP010448 Specialty Pharmacy | ACHC 82551 Specialty Pharmacy Services | ACHC 100067 Specialty Pharmacy Services,Shields Health Solutions,https://www.piedmont.org/medical-services/direct-pharmacy | https://www.piedmont.org/news/ribbon-cutting-held-for-new-piedmont-specialty-pharmacy | https://www.urac.org/directory/accreditation-details/?certification=SPP010448 | https://shieldshealthsolutions.com/about-us/partner-health-systems,2026-10-02,SPP010448 | 82551 | 100067 | 1134712763 | 1437096062,"88575: Peachtree Hematology-Oncology Consultants PC, independent physician practice using Piedmont Cancer Institute name; ownership by system unconfirmed | 1831268606: same oncology practice, community/retail primary taxonomy, ownership unconfirmed",piedmont.org/medical-services/direct-pharmacy | piedmont.org ribbon-cutting news | Shields partner list | WebSearch Piedmont specialty pharmacy,"Piedmont Cancer Institute pharmacy is a physician-practice entity, possibly affiliated; not counted.",Piedmont Healthcare (GA),,
HSI00000654,Memorial Hermann Healthcare System,TX,3548.0,Memorial Hermann Health System,unchanged,,https://memorialhermann.org/about-us,,"status sweep 1, 2026-10-02: news search for merger/acquisition/rename (some systems grouped in one query)",False,"Owned, accredited",High,URAC SPP010147 + ACHC 76102 + system specialty pharmacy web page; not on Shields list,Memorial Hermann Specialty Pharmacy | Memorial Hermann Pharmacy Services,"Memorial Hermann Pharmacy Services, LLC (system subsidiary)",URAC SPP010147 Specialty Pharmacy | ACHC 76102 Specialty Pharmacy Services,,https://memorialhermann.org/services/specialties/specialty-pharmacy | https://www.urac.org/directory/accreditation-details/?certification=SPP010147,2026-10-02,SPP010147 | 76102 | 1972261949,,memorialhermann.org/services/specialties/specialty-pharmacy | WebSearch Memorial Hermann specialty pharmacy | Shields partner list,No outside manager found. Status not separately searched; no sign of change.,,,
HSI00000731,New York Presbyterian Healthcare System,NY,3454.0,NewYork-Presbyterian,unchanged,,https://www.nyp.org/about,,"status sweep 1, 2026-10-02: news search for merger/acquisition/rename (some systems grouped in one query)",False,Managed or partnered,High,Shields partner list (New York-Presbyterian Healthcare); URAC/ACHC accreditation recorded,NewYork-Presbyterian Specialty Pharmacy | NewYork-Presbyterian Pharmacy (White Plains) | NewYork-Presbyterian/Queens specialty pharmacy,The New York and Presbyterian Hospital; NewYork-Presbyterian/Queens (member hospital),URAC SPP010506 Specialty Pharmacy | ACHC 76305 Specialty Pharmacy Services | ACHC 96629 Specialty Pharmacy Services,Shields Health Solutions,https://www.nyp.org/specialty-pharmacy-program | https://www.urac.org/directory/accreditation-details/?certification=SPP010506 | https://shieldshealthsolutions.com/about-us/partner-health-systems,2026-10-02,SPP010506 | 76305 | 96629 | 1457057226 | 1114397007,,nyp.org/specialty-pharmacy-program | WebSearch NYP specialty pharmacy | Shields partner list,NPPES hits list specialty only as non-primary taxonomy; accreditation records carry the call.,New York-Presbyterian Healthcare (NY),,
HSI00001050,Sutter Health,CA,3440.0,Sutter Health,unchanged,,https://www.sutterhealth.org/about,,"status sweep 1, 2026-10-02: news search for merger/acquisition/rename (some systems grouped in one query)",False,Managed or partnered,High,"Shields partner list (Sutter Health, Sacramento); URAC/ACHC accreditation recorded",Sutter Health Specialty Pharmacy at ABSMC | East Bay Advanced Care Outpatient Pharmacy | Sutter Davies Outpatient Pharmacy,Sutter Bay Hospitals (system subsidiary),URAC SPP010208 Specialty Pharmacy | URAC SPP010209 Specialty Pharmacy | ACHC 91554 Specialty Pharmacy Services,Shields Health Solutions,https://www.sutterhealth.org/find-location/facility/sutter-health-specialty-pharmacy-absmc-1043247518 | https://vitals.sutterhealth.org/new-pharmacy-fills-scripts-where-care-happens/ | https://www.urac.org/directory/accreditation-details/?certification=SPP010209 | https://shieldshealthsolutions.com/about-us/partner-health-systems,2026-10-02,SPP010208 | SPP010209 | 91554 | 1326554239 | 1780813485,,sutterhealth.org specialty pharmacy facility page | vitals.sutterhealth.org | WebSearch Sutter specialty pharmacy | Shields partner list,NPPES hits are non-primary taxonomy and low value; accreditation drives the call.,Sutter Health (CA),,
HSI00000780,Ochsner Health System,LA,3280.0,Ochsner Health,unchanged,,https://www.ochsner.org/about,,"status sweep 1, 2026-10-02: news search for merger/acquisition/rename (some systems grouped in one query)",False,Managed or partnered,High,"Shields partner list (Ochsner Health System, several rows); URAC SPP010533; Ochsner web page",Ochsner Specialty Pharmacy (New Orleans) | Ochsner Specialty Pharmacy - Baton Rouge,"Ochsner Pharmacy and Wellness, LLC (Ochsner subsidiary)",URAC SPP010533 Specialty Pharmacy | The Joint Commission (per Ochsner web page),Shields Health Solutions,https://shieldshealthsolutions.com/about-us/partner-health-systems | https://www.ochsner.org/services/specialty-pharmacy/ | https://www.urac.org/directory/accreditation-details/?certification=SPP010533 | https://npiregistry.cms.hhs.gov/provider-view/1760836381,2026-10-02,urac:SPP010533 | nppes:1841956497 | nppes:1760836381,,https://www.ochsner.org/services/specialty-pharmacy/ | https://www.ochsner.org/services/pharmacy/ | https://shieldshealthsolutions.com/about-us/partner-health-systems | WebSearch: Ochsner Specialty Pharmacy Shields,"System is on the Shields partner list, which drives Managed or partnered; the pharmacy is owned by an Ochsner LLC and URAC accredited. Ochsner web pages do not themselves mention Shields.",Ochsner Health System (AL); Ochsner Health System (LA); Ochsner Health System (MS),,
HSI00000048,Jefferson Health,PA,3181.0,Jefferson Health,unchanged,,https://www.jeffersonhealth.org/about-us,,"status sweep 1, 2026-10-02: news search for merger/acquisition/rename (some systems grouped in one query)",False,"Owned, accredited",High,"URAC SPP010262 and SPP010363, ACHC 77949, Jefferson web pages; not on Shields list",Jefferson Specialty Pharmacy | Einstein at Center One Pharmacy | Jefferson Home Infusion Services,"Walnut Home Therapeutics, Inc. (Jefferson subsidiary); Albert Einstein Medical Center (member hospital)",URAC SPP010262 Specialty Pharmacy | URAC SPP010363 Specialty Pharmacy | ACHC 77949 Specialty Pharmacy Services,,https://www.jeffersonhealth.org/clinical-specialties/specialty-pharmacy | https://www.jeffersonhealth.org/locations/center-one-pharmacy | https://www.urac.org/directory/accreditation-details/?certification=SPP010262 | https://www.urac.org/directory/accreditation-details/?certification=SPP010363,2026-10-02,urac:SPP010363 | urac:SPP010262 | achc:77949 | nppes:1568491124,,https://www.jeffersonhealth.org/clinical-specialties/specialty-pharmacy | https://www.jeffersonhealth.org/locations/center-one-pharmacy | https://www.jeffersonhealth.org/content/dam/health2021/documents/patient-education/pharmacy-patient-booklet-2024.pdf | https://shieldshealthsolutions.com/about-us/partner-health-systems | WebSearch: Walnut Home Therapeutics Jefferson,"Two system-owned URAC-accredited pharmacies. Walnut Home Therapeutics ownership is inferred from the Jefferson-branded dba and Jefferson web pages, not a corporate filing.",,,
HSI00000070,BJC Healthcare,MO,3180.0,BJC Health,renamed,,https://www.saintlukeskc.org/news/bjc-health-unveils-new-enterprise-brand,2026 rebrand (merger with Saint Luke's completed 2024-01-01),"status sweep 1, 2026-10-02: news search for merger/acquisition/rename (some systems grouped in one query)",False,Managed or partnered,High,"Shields partner list (BJC HealthCare rows); URAC SPP010108, ACHC 91469; BJC web page",Advanced Family Care Pharmacy,Barnes-Jewish Hospital (BJC member hospital),URAC SPP010108 Specialty Pharmacy | ACHC 91469 Specialty Pharmacy Services,Shields Health Solutions,https://shieldshealthsolutions.com/about-us/partner-health-systems | https://www.bjc.org/locations/advanced-family-care-pharmacy | https://www.urac.org/directory/accreditation-details/?certification=SPP010108 | https://organization.achc.org/print?companyID=91469,2026-10-02,urac:SPP010108 | achc:91469 | nppes:1659187656,,https://www.bjc.org/locations/advanced-family-care-pharmacy | https://www.bjc.org/locations/pharmacies | https://shieldshealthsolutions.com/about-us/partner-health-systems | WebSearch: BJC Saint Luke's merger and rebrand,BJC merged with Saint Luke's on 2024-01-01 and rebranded as BJC Health in 2026; the hospitals in this packet are unchanged. Shields listing drives the tier; BJC pages do not name Shields.,BJC HealthCare (IL); BJC Healthcare (MO),,
HSI00001072,Texas Health Resources,TX,3165.0,Texas Health Resources,unchanged,,https://www.texashealth.org/about-us,,"status sweep 1, 2026-10-02: news search for merger/acquisition/rename (some systems grouped in one query)",False,"Owned, accredited",High,URAC SPP010622 and ACHC 99899 held by member hospital THHMH Fort Worth; THR specialty pharmacy page; not on Shields list,Texas Health Specialty Pharmacy | Texas Health Retail Pharmacy | Texas Health Prescription Shop,Texas Health Harris Methodist Hospital Fort Worth (THR member hospital),URAC SPP010622 Specialty Pharmacy | ACHC 99899 Specialty Pharmacy Services,,https://www.texashealth.org/Health-and-Wellness/Specialty-Pharmacy | https://www.urac.org/directory/accreditation-details/?certification=SPP010622 | https://organization.achc.org/print?companyID=99899 | https://npiregistry.cms.hhs.gov/provider-view/1326599499,2026-10-02,urac:SPP010622 | achc:99899 | nppes:1477376119 | nppes:1326599499 | nppes:1740375377,"urac:SPP010612: Children's Health System of Texas / Texas Children's is a separate pediatric system | urac:SPP010587: Waco community health center, unrelated | urac:SPP010112: Children's Health System of Texas / Texas Children's is a separate pediatric system | urac:SPP010659: UT-system institution, unrelated to THR | urac:SPP010660: UT-system institution, unrelated to THR | achc:77960: Prism Health North Texas (AIDS Arms), unrelated nonprofit | achc:81942: Prism Health North Texas (AIDS Arms), unrelated nonprofit | achc:81943: Prism Health North Texas (AIDS Arms), unrelated nonprofit | achc:89927: Children's Health System of Texas / Texas Children's is a separate pediatric system | achc:98649: Waco community health center, unrelated | achc:89841: Texas Oncology physician-group pharmacy, not THR | achc:89842: Texas Oncology physician-group pharmacy, not THR | achc:85366: Texas Oncology physician-group pharmacy, not THR | achc:85367: Texas Oncology physician-group pharmacy, not THR | achc:85368: Texas Oncology physician-group pharmacy, not THR | achc:85369: Texas Oncology physician-group pharmacy, not THR | achc:85370: Texas Oncology physician-group pharmacy, not THR | achc:85371: Texas Oncology physician-group pharmacy, not THR | achc:85372: Texas Oncology physician-group pharmacy, not THR | achc:85373: Texas Oncology physician-group pharmacy, not THR | achc:85374: Texas Oncology physician-group pharmacy, not THR | achc:85375: Texas Oncology physician-group pharmacy, not THR | achc:85376: Texas Oncology physician-group pharmacy, not THR | achc:85377: Texas Oncology physician-group pharmacy, not THR | achc:85378: Texas Oncology physician-group pharmacy, not THR | achc:85379: Texas Oncology physician-group pharmacy, not THR | achc:85380: Texas Oncology physician-group pharmacy, not THR | achc:85381: Texas Oncology physician-group pharmacy, not THR | achc:85382: Texas Oncology physician-group pharmacy, not THR | achc:85383: Texas Oncology physician-group pharmacy, not THR | achc:85384: Texas Oncology physician-group pharmacy, not THR | achc:85385: Texas Oncology physician-group pharmacy, not THR | achc:85386: Texas Oncology physician-group pharmacy, not THR | achc:85387: Texas Oncology physician-group pharmacy, not THR | achc:85388: Texas Oncology physician-group pharmacy, not THR | achc:85389: Texas Oncology physician-group pharmacy, not THR | achc:85390: Texas Oncology physician-group pharmacy, not THR | achc:85391: Texas Oncology physician-group pharmacy, not THR | achc:85392: Texas Oncology physician-group pharmacy, not THR | achc:85393: Texas Oncology physician-group pharmacy, not THR | achc:85394: Texas Oncology physician-group pharmacy, not THR | achc:85395: Texas Oncology physician-group pharmacy, not THR | achc:85396: Texas Oncology physician-group pharmacy, not THR | achc:85397: Texas Oncology physician-group pharmacy, not THR | achc:85399: Texas Oncology physician-group pharmacy, not THR | achc:85400: Texas Oncology physician-group pharmacy, not THR | achc:85401: Texas Oncology physician-group pharmacy, not THR | achc:85402: Texas Oncology physician-group pharmacy, not THR | achc:85403: Texas Oncology physician-group pharmacy, not THR | achc:85404: Texas Oncology physician-group pharmacy, not THR | achc:85405: Texas Oncology physician-group pharmacy, not THR | achc:85406: Texas Oncology physician-group pharmacy, not THR | achc:85407: Texas Oncology physician-group pharmacy, not THR | achc:85408: Texas Oncology physician-group pharmacy, not THR | achc:72758: Children's Health System of Texas / Texas Children's is a separate pediatric system | achc:80382: Children's Health System of Texas / Texas Children's is a separate pediatric system | achc:85360: Texas Oncology physician-group pharmacy, not THR | achc:82235: UT-system institution, unrelated to THR | achc:98782: UT-system institution, unrelated to THR | achc:79220: UT-system institution, unrelated to THR | achc:90197: UT-system institution, unrelated to THR | achc:77485: name match on 'Texas' only; unrelated organization with different owner | achc:95433: Children's Health System of Texas / Texas Children's is a separate pediatric system | achc:83099: name match on 'Texas' only; unrelated organization with different owner | nppes:1487671517: Walmart retail pharmacy, unrelated to THR | nppes:1093732232: Walmart retail pharmacy, unrelated to THR | nppes:1386985414: Walmart retail pharmacy, unrelated to THR | nppes:1932127628: Walmart retail pharmacy, unrelated to THR | nppes:1639198641: Walmart retail pharmacy, unrelated to THR | nppes:1528317344: Walmart retail pharmacy, unrelated to THR | nppes:1528495496: Walmart retail pharmacy, unrelated to THR | nppes:1720005960: Walmart retail pharmacy, unrelated to THR | nppes:1184641243: Walmart retail pharmacy, unrelated to THR | nppes:1396762431: Walmart retail pharmacy, unrelated to THR | nppes:1831116946: Walmart retail pharmacy, unrelated to THR | nppes:1023035250: Walmart retail pharmacy, unrelated to THR | nppes:1194742379: Walmart retail pharmacy, unrelated to THR | nppes:1538187331: Walmart retail pharmacy, unrelated to THR | nppes:1326066135: Walmart retail pharmacy, unrelated to THR | nppes:1740207984: Walmart retail pharmacy, unrelated to THR | nppes:1851318000: Walmart retail pharmacy, unrelated to THR | nppes:1346600657: Walmart retail pharmacy, unrelated to THR | nppes:1588681738: Walmart retail pharmacy, unrelated to THR | nppes:1477570588: Walmart retail pharmacy, unrelated to THR | nppes:1558388736: Walmart retail pharmacy, unrelated to THR | nppes:1710905518: Walmart retail pharmacy, unrelated to THR | nppes:1447277611: Walmart retail pharmacy, unrelated to THR | nppes:1336494079: Walmart retail pharmacy, unrelated to THR | nppes:1023035177: Walmart retail pharmacy, unrelated to THR | nppes:1487671525: Walmart retail pharmacy, unrelated to THR | nppes:1205220787: Walmart retail pharmacy, unrelated to THR | nppes:1083911333: Walmart retail pharmacy, unrelated to THR | nppes:1841217023: Walmart retail pharmacy, unrelated to THR | nppes:1679880637: Walmart retail pharmacy, unrelated to THR | nppes:1053688556: Walmart retail pharmacy, unrelated to THR | nppes:1811914096: Walmart retail pharmacy, unrelated to THR | nppes:1386661528: Walmart retail pharmacy, unrelated to THR | nppes:1295753085: Walmart retail pharmacy, unrelated to THR | nppes:1366976060: Walmart retail pharmacy, unrelated to THR | nppes:1558388785: Walmart retail pharmacy, unrelated to THR | nppes:1871510032: Walmart retail pharmacy, unrelated to THR | nppes:1104843242: Walmart retail pharmacy, unrelated to THR | nppes:1841217072: Walmart retail pharmacy, unrelated to THR | nppes:1588681621: Walmart retail pharmacy, unrelated to THR | nppes:1447436803: Walmart retail pharmacy, unrelated to THR | nppes:1194216143: Walmart retail pharmacy, unrelated to THR | nppes:1316548415: name match on 'Texas' only; unrelated organization with different owner | nppes:1871448720: Children's Health System of Texas / Texas Children's is a separate pediatric system | nppes:1164403069: name match on 'Texas' only; unrelated organization with different owner | nppes:1609697457: name match on 'Texas' only; unrelated organization with different owner | nppes:1881610202: name match on 'Texas' only; unrelated organization with different owner | nppes:1598783763: Waco community health center, unrelated | nppes:1760359194: Waco community health center, unrelated | nppes:1558382515: Waco community health center, unrelated | nppes:1912199381: name match on 'Texas' only; unrelated organization with different owner | nppes:1194182113: name match on 'Texas' only; unrelated organization with different owner | nppes:1104307065: Johnson Pharmacy (Burleson), independent despite Texas Health Rx dba | nppes:1033155049: Texas Oncology physician-group pharmacy, not THR | nppes:1720024201: Texas Oncology physician-group pharmacy, not THR | nppes:1811910201: Texas Oncology physician-group pharmacy, not THR | nppes:1568485944: Texas Oncology physician-group pharmacy, not THR | nppes:1164436077: Texas Oncology physician-group pharmacy, not THR | nppes:1619990512: Texas Oncology physician-group pharmacy, not THR | nppes:1275556185: Texas Oncology physician-group pharmacy, not THR | nppes:1043233422: Texas Oncology physician-group pharmacy, not THR | nppes:1255353504: Texas Oncology physician-group pharmacy, not THR | nppes:1427070770: Texas Oncology physician-group pharmacy, not THR | nppes:1649216516: Texas Oncology physician-group pharmacy, not THR | nppes:1821010083: Texas Oncology physician-group pharmacy, not THR | nppes:1568408003: Texas Oncology physician-group pharmacy, not THR | nppes:1952443426: Texas Oncology physician-group pharmacy, not THR | nppes:1588686810: Texas Oncology physician-group pharmacy, not THR | nppes:1457373748: Texas Oncology physician-group pharmacy, not THR | nppes:1063434140: Texas Oncology physician-group pharmacy, not THR | nppes:1356363436: Texas Oncology physician-group pharmacy, not THR | nppes:1912928029: Texas Oncology physician-group pharmacy, not THR | nppes:1902828262: Texas Oncology physician-group pharmacy, not THR | nppes:1942245212: Texas Oncology physician-group pharmacy, not THR | nppes:1033130141: Texas Oncology physician-group pharmacy, not THR | nppes:1972525244: Texas Oncology physician-group pharmacy, not THR | nppes:1891717260: Texas Oncology physician-group pharmacy, not THR | nppes:1427070507: Texas Oncology physician-group pharmacy, not THR | nppes:1669417937: Texas Oncology physician-group pharmacy, not THR | nppes:1669494027: Texas Oncology physician-group pharmacy, not THR | nppes:1326069436: Texas Oncology physician-group pharmacy, not THR | nppes:1114962578: Texas Oncology physician-group pharmacy, not THR | nppes:1457399826: Texas Oncology physician-group pharmacy, not THR | nppes:1215973797: Texas Oncology physician-group pharmacy, not THR | nppes:1538108964: Texas Oncology physician-group pharmacy, not THR | nppes:1154799336: name match on 'Texas' only; unrelated organization with different owner | nppes:1356732176: name match on 'Texas' only; unrelated organization with different owner | nppes:1992612089: name match on 'Texas' only; unrelated organization with different owner | nppes:1659296424: name match on 'Texas' only; unrelated organization with different owner | nppes:1821849241: name match on 'Texas' only; unrelated organization with different owner | nppes:1386278406: Children's Health System of Texas / Texas Children's is a separate pediatric system | nppes:1508615048: Children's Health System of Texas / Texas Children's is a separate pediatric system | nppes:1891971222: Children's Health System of Texas / Texas Children's is a separate pediatric system | nppes:1679515977: name match on 'Texas' only; unrelated organization with different owner | nppes:1063119378: name match on 'Texas' only; unrelated organization with different owner | nppes:1053818344: name match on 'Texas' only; unrelated organization with different owner | nppes:1770683070: name match on 'Texas' only; unrelated organization with different owner | nppes:1457892028: name match on 'Texas' only; unrelated organization with different owner | nppes:1477223832: name match on 'Texas' only; unrelated organization with different owner | nppes:1689320269: name match on 'Texas' only; unrelated organization with different owner | nppes:1881762680: name match on 'Texas' only; unrelated organization with different owner | nppes:1245637040: name match on 'Texas' only; unrelated organization with different owner | nppes:1225418106: name match on 'Texas' only; unrelated organization with different owner | nppes:1174710636: UT-system institution, unrelated to THR | nppes:1427946805: UT-system institution, unrelated to THR | nppes:1801784293: UT-system institution, unrelated to THR | nppes:1508965435: UT-system institution, unrelated to THR | nppes:1124818554: UT-system institution, unrelated to THR | nppes:1790456028: UT-system institution, unrelated to THR | nppes:1124568969: UT-system institution, unrelated to THR",https://www.texashealth.org/Health-and-Wellness/Specialty-Pharmacy | https://jobs.texashealth.org/job/22674174/thr-system-pharmacy-officer-arlington-tx/ | https://shieldshealthsolutions.com/about-us/partner-health-systems | WebSearch: Texas Health Resources specialty pharmacy,Very large over-matched candidate set; only THR-owned Fort Worth and Dallas pharmacies were confirmed. Search snippet and fetched page give different street addresses for the specialty pharmacy (minor).,,,
HSI00000439,Hackensack Meridian Health,NJ,3075.0,Hackensack Meridian Health,unchanged,,https://www.hackensackmeridianhealth.org/en/about-us,,"status sweep 1, 2026-10-02: news search for merger/acquisition/rename (some systems grouped in one query)",False,Managed or partnered,High,Shields partner list (Hackensack Meridian Health*); URAC SPP010096 and ACHC 87147; HMH web page,Hackensack Meridian Specialty Pharmacy (Hackensack Meridian Health Pharmacy) | Hackensack University Medical Center Plaza Pharmacy,"Hackensack Meridian Ambulatory Care, Inc. (HMH subsidiary)",URAC SPP010096 Specialty Pharmacy | ACHC 87147 Specialty Pharmacy Services,Shields Health Solutions,https://shieldshealthsolutions.com/about-us/partner-health-systems | https://www.hackensackmeridianhealth.org/en/locations/hackensack-meridian-specialty-pharmacy | https://www.urac.org/directory/accreditation-details/?certification=SPP010096 | https://organization.achc.org/print?companyID=87147,2026-10-02,urac:SPP010096 | achc:87147 | nppes:1568551257,"nppes:1952096125: Jackson Village Pharmacy LLC, managing-partner owned, not an HMH entity despite HMH-branded dba | nppes:1477955037: Jackson Village Pharmacy LLC retail record, same owner, not an HMH entity",https://www.hackensackmeridianhealth.org/en/locations/hackensack-meridian-specialty-pharmacy | https://www.hackensackmeridianhealth.org/en/services/pharmacy-services | https://shieldshealthsolutions.com/about-us/partner-health-systems | WebSearch: HMH specialty pharmacy Eatontown,Shields list shows HMH with an asterisk (unexplained in retrieved text); rule applied. Eatontown pharmacy is owned by an HMH subsidiary and holds both URAC and ACHC.,Hackensack Meridian Health (NJ),,
HSI00000773,Novant Health,NC,2976.0,Novant Health,unchanged,,https://www.novanthealth.org/about/company/our-history/,,Novant Health merger OR acquisition OR renamed OR closed OR sold 2024 2025 2026,False,Managed or partnered,High,"Shields partner list (Novant Health, Winston-Salem); also URAC and ACHC accreditations",Novant Health Specialty Pharmacy | Novant Health Pharmacy | NH NHRMC Outpatient Pharmacy,"Novant Health, Inc. and subsidiaries (NH NHRMC LLC, The Presbyterian Hospital, NH Thomasville Medical Center LLC)",URAC SPP010054 Specialty Pharmacy | URAC SPP010648 Specialty Pharmacy | ACHC 77615 Specialty Pharmacy Services | ACHC 78082 Specialty Pharmacy Services | ACHC 78733 Specialty Pharmacy Services | ACHC 82038 Specialty Pharmacy Services,Shields Health Solutions,https://www.novanthealth.org/healthy-headlines/novant-health-specialty-pharmacy-improves-patient-outcomes | https://www.novanthealth.org/services/pharmacy/ | https://www.urac.org/directory/accreditation-details/?certification=SPP010054 | https://www.urac.org/directory/accreditation-details/?certification=SPP010648 | https://shieldshealthsolutions.com/about-us/partner-health-systems,2026-10-02,SPP010054 | SPP010648 | 77615 | 78082 | 78733 | 82038 | 1679160121 | 1083269351 | 1053908509 | 1366585200 | 1073861118 | 1598312118 | 1245841279,,novanthealth.org specialty pharmacy page | novanthealth.org/services/pharmacy | Shields partner list | WebSearch Novant Health specialty pharmacy,"Owned accredited pharmacies exist but Shields listing takes precedence. NHRMC (New Hanover) joined Novant in 2021, before the 2023 compendium.",Novant Health (NC),,SPP010054 expires 2026-10-01
HSI00000011,Adventist Health,CA,2976.0,Adventist Health,unchanged,,https://www.adventisthealth.org/news/adventist-health-and-tenet-healthcare-finalize-acquisition-of-central-coast-hospitals,,Adventist Health merger OR acquisition OR renamed OR closed OR sold 2024 2025 2026,False,"Owned, accredited",High,URAC + ACHC records and Adventist Health Fortify Market web page (dual accredited),Fortify Market Pharmacy | Adventist Health Castle outpatient pharmacy,"Adventist Health Outpatient Pharmacy Services, LLC (system subsidiary); Castle Medical Center",URAC SPP010133 Specialty Pharmacy | ACHC 89446 Specialty Pharmacy Services | ACHC 96349 Specialty Pharmacy Services,,https://www.adventisthealth.org/system/locations/fortify-market-pharmacy/ | https://www.urac.org/directory/accreditation-details/?certification=SPP010133 | https://www.adventisthealth.org/services/pharmacy/,2026-10-02,SPP010133 | 89446 | 96349,"47380: Loma Linda University Medical Center is a separate Seventh-day Adventist-affiliated organization, not Adventist Health",adventisthealth.org pharmacy page | Fortify Market location page | Shields partner list (not listed) | WebSearch Adventist Health Fortify Market,Not on Shields list. Castle Medical Center ACHC record is a member-hospital pharmacy.,,,
HSI00000820,University of Pennsylvania Health System,PA,2929.0,University of Pennsylvania Health System,unchanged,,https://www.pennmedicine.org/news/doylestown-health-joins-university-of-pennsylvania-health-system,,University of Pennsylvania Health System merger OR acquisition OR renamed OR closed OR sold 2024 2025 2026,False,"Owned, accredited",High,URAC and ACHC records held by Trustees of the University of Pennsylvania plus Penn Specialty Pharmacy web page,Penn Specialty Pharmacy | Penn Medicine University City Apothecary | Penn Presbyterian Apothecary | Penn Medicine Cherry Hill Pharmacy | Penn Home Infusion Therapy,Trustees of the University of Pennsylvania (parent controlling UPHS) and Penn Presbyterian Medical Center,URAC SPP010462 Specialty Pharmacy | ACHC 76772 Specialty Pharmacy Services | ACHC 76781 Specialty Pharmacy Services | ACHC 76782 Specialty Pharmacy Services | ACHC 76784 Specialty Pharmacy Services | ACHC 76785 Specialty Pharmacy Services | ACHC 76788 Specialty Pharmacy Services | ACHC 76789 Specialty Pharmacy Services | ACHC 89173 Specialty Pharmacy Services,,https://www.pennmedicine.org/services/pharmacy/specialty-pharmacy | https://www.urac.org/directory/accreditation-details/?certification=SPP010462 | https://www.pennmedicine.org/services/pharmacy,2026-10-02,SPP010462 | 76772 | 76781 | 76782 | 76784 | 76785 | 76788 | 76789 | 89173 | 1093453011 | 1134856867 | 1659019669 | 1780311654 | 1770236044,"SPP010265: Chartwell Pennsylvania is an independent infusion company | SPP010313: KabaFusion is unrelated | SPP010173: Reading Hospital belongs to Tower Health | SPP010131: West Penn belongs to Allegheny Health Network | 31221: Chartwell, unrelated | 78551: Pennsylvania Cancer Specialists is unrelated | 53317: Chartwell, unrelated | 58506: Chartwell, unrelated | 93533: Chartwell, unrelated | 1326029232: CVS Caremark mail order | 1740261643: CVS Caremark specialty | 1033166244: Chartwell",pennmedicine.org specialty pharmacy page | pennmedicine.org pharmacy services | Shields partner list (not listed) | WebSearch Penn Medicine specialty pharmacy,Not on Shields list. Princeton Health is listed as a member; status of that integration was not separately verified.,,,
HSI00000813,Mass General Brigham,MA,2729.0,Mass General Brigham,unchanged,,https://en.wikipedia.org/wiki/Mass_General_Brigham,,Mass General Brigham merger OR acquisition OR renamed OR closed OR sold 2024 2025 2026,False,"Owned, accredited",High,"URAC and ACHC records for Mass General Brigham Specialty Pharmacy, Inc. plus MGB web page stating URAC and ACHC accreditation",Mass General Brigham Specialty Pharmacy | Dana-Farber Merrimack Valley Outpatient Pharmacy,"Mass General Brigham Specialty Pharmacy, Inc. (system subsidiary); Dana-Farber Cancer Institute",URAC SPP010399 Specialty Pharmacy | ACHC 79126 Specialty Pharmacy Services | URAC SPP010351 Specialty Pharmacy (Dana-Farber) | ACHC 82744 Specialty Pharmacy Services (Dana-Farber),,https://www.massgeneralbrigham.org/en/patients-visitors/resources/becoming-patient/specialty-pharmacy | https://www.urac.org/directory/accreditation-details/?certification=SPP010399,2026-10-02,SPP010399 | SPP010351 | 79126 | 82744 | 1174305528 | 1144740317,,MGB specialty pharmacy page | MGB pharmacy and medication services page | Shields partner list (not listed) | WebSearch Mass General Brigham Specialty Pharmacy,Not on Shields list. A Walgreens community care program exists but is not the specialty pharmacy.,,,
HSI00000510,Indiana University Health,IN,2429.0,Indiana University Health,unchanged,,https://www.fiercehealthcare.com/payers/elevance-health-acquire-iu-health-plans,,Indiana University Health merger OR acquisition OR renamed OR closed OR sold 2024 2025 2026,False,Managed or partnered,High,"Shields partner list (IU Health, Indianapolis); URAC SPP010515 record for Indiana University Health Inc.; IU Health Advanced Therapies Pharmacy page",IU Health Advanced Therapies Pharmacy,"Indiana University Health, Inc.",URAC SPP010515 Specialty Pharmacy,Shields Health Solutions,https://iuhealth.org/find-locations/iu-health-advanced-therapies-pharmacy-mail-order-specialty-services | https://www.urac.org/directory/accreditation-details/?certification=SPP010515 | https://shieldshealthsolutions.com/about-us/partner-health-systems,2026-10-02,SPP010515 | 1396142964,"SPP010594: Aspire Indiana Health is an independent behavioral health org | SPP010548: Indiana Hemophilia and Thrombosis Center is independent | 97945: Aspire Indiana Pharmacy, independent | 74144: IHTC Pharmacy, independent | 90081: Urology of Indiana, independent | 1922884071: Indiana Bloodworx, independent | 1225422181: IHTC, independent",iuhealth.org pharmacy page | IU Health Advanced Therapies Pharmacy page | Shields partner list | WebSearch IU Health specialty pharmacy,Shields rule applied; an owned URAC-accredited pharmacy also exists. NPPES 1396142964 lists mail order as primary taxonomy with specialty secondary.,,,
HSI00000711,Mount Sinai Health System,NY,2429.0,Mount Sinai Health System,partly closed,,https://en.wikipedia.org/wiki/Mount_Sinai_Beth_Israel,2025-04,"status sweep 2, 2026-10-02: dedicated or combined news search (per agent report)",False,Managed or partnered,High,Shields partner list (rule) plus URAC SPP010588 and ACHC records,Mount Sinai Pharmacy - Specialty | Mount Sinai Specialty Pharmacy | Mount Sinai Pharmacy - Mount Sinai West | Mount Sinai Pharmacy - Chelsea | Mount Sinai Home Infusion,The Mount Sinai Hospital; St. Luke's Roosevelt Hospital Center,URAC SPP010588 Specialty Pharmacy | ACHC 83291 Specialty Pharmacy Services | ACHC 83292 Specialty Pharmacy Services | ACHC 98580 Specialty Pharmacy Services | ACHC 87317 Infusion Pharmacy Services,Shields Health Solutions,https://shieldshealthsolutions.com/about-us/partner-health-systems | https://www.urac.org/directory/accreditation-details/?certification=SPP010588 | https://icahn.mssm.edu/about/departments/pharmacy,2026-10-02,SPP010588 | 83292 | 98580 | 83291 | 87317 | 1083200695,"1629410816: Icahn School of Medicine NPI (2020), same Madison Ave address; academic entity, duplicate of the hospital pharmacy, not separately corroborated",icahn.mssm.edu pharmacy dept | Shields partner list | web search Mount Sinai Specialty Pharmacy Shields,Owned accredited pharmacies exist but Shields listing takes precedence. South Nassau (Mount Sinai South Nassau) is a member hospital; its pharmacy not separately assessed.,Mount Sinai Health System (NY),,
HSI00001121,UF Health,FL,2417.0,UF Health,unchanged,,https://en.wikipedia.org/wiki/University_of_Florida_Health,,UF Health merger OR acquisition OR renamed OR closed OR sold 2024 2025 2026,False,"Owned, accredited",High,"URAC SPP010495 and SPP010371, ACHC 82826, UF Health web page/news; not on Shields list",UF Health Specialty Pharmacy | Shands Jacksonville Ambulatory Pharmacy,"Shands Teaching Hospital & Clinics, Inc.; Shands Jacksonville Medical Center, Inc. (UF Health member hospitals)",URAC SPP010495 Specialty Pharmacy | URAC SPP010371 Specialty Pharmacy | ACHC 82826 Specialty Pharmacy Services,,https://ufhealth.org/news/2023/uf-health-s-specialty-pharmacy-expands-medications-list-accepted-insurance | https://ufhealth.org/locations/uf-health-specialty-pharmacy-2 | https://www.urac.org/directory/accreditation-details/?certification=SPP010495,2023,SPP010371 | SPP010495 | 82826 | 1639267222,,ufhealth.org specialty pharmacy location page | ufhealth.org 2023 news | Shields partner list (absent),UF Health news says pharmacy holds URAC and ACHC accreditation. No outside manager found.,,,
HSI00001146,Unitypoint Health,IA,2413.0,UnityPoint Health,unchanged,,https://shieldshealthsolutions.com/shields-health-solutions-and-unitypoint-at-home-extend-collaboration-providing-patients-and-families-enhanced-specialty-pharmacy-services/,,"status sweep 2, 2026-10-02: dedicated or combined news search (per agent report)",False,Managed or partnered,High,"Shields partner list (rule); Shields/UnityPoint at Home 2024 press release; URAC SPP010574, ACHC 93654",UnityPoint at Home Specialty Pharmacy,UnityPoint at Home (UnityPoint Health subsidiary),URAC SPP010574 Specialty Pharmacy | ACHC 93654 Specialty Pharmacy Services | ACHC 93654 Infusion Pharmacy Services | ACHC 93654 Home Infusion Therapy,Shields Health Solutions,https://shieldshealthsolutions.com/about-us/partner-health-systems | https://www.businesswire.com/news/home/20240730014610/en/Shields-Health-Solutions-and-UnityPoint-at-Home-Extend-Collaboration-Providing-Patients-and-Families-Enhanced-Specialty-Pharmacy-Services | https://www.urac.org/directory/accreditation-details/?certification=SPP010574,2024-07-30,SPP010574 | 93654 | 1013942788,,Shields partner list | Shields press release | BusinessWire | Home Health Care News,"Partnership with Shields since 2017, expanded July 2024.",UnityPoint Health (IL); UnityPoint Health (WI); UnityPoint at Home (IA),,
HSI00000640,MedStar Health,MD,2405.0,MedStar Health,unchanged,,https://www.medstarhealth.org/locations/specialty-pharmacy-at-elkridge,,"status sweep 2, 2026-10-02: dedicated or combined news search (per agent report)",False,Managed or partnered,High,"Shields partner list (rule); URAC SPP010295, ACHC 80081; MedStar web page",MedStar Specialty Pharmacy | MedStar Health Home Infusion,MedStar Specialty Pharmacy LLC / MedStar Health (system subsidiary),URAC SPP010295 Specialty Pharmacy | ACHC 80081 Specialty Pharmacy Services | ACHC 99343 Infusion Pharmacy Services,Shields Health Solutions,https://shieldshealthsolutions.com/about-us/partner-health-systems | https://www.medstarhealth.org/locations/specialty-pharmacy-at-elkridge | https://www.urac.org/directory/accreditation-details/?certification=SPP010295,2026-10-02,SPP010295 | 80081 | 99343 | 1326680646,"1942727714: MedStar Pharmacies retail store, Community/Retail taxonomy, not specialty",medstarhealth.org specialty pharmacy at Elkridge | Shields partner list | web search,"Shields partner list shows MedStar (DC and Columbia, MD).",MedStar Health (DC); MedStar Health (MD),,
HSI00000531,Johns Hopkins Health System,MD,2402.0,Johns Hopkins Health System,unchanged,,"https://www.causeiq.com/organizations/johns-hopkins-pharmaquip,521450994/",,"status sweep 2, 2026-10-02: dedicated or combined news search (per agent report)",False,"Owned, accredited",Medium,"URAC SPP010408 (Johns Hopkins Pharmaquip, part of Johns Hopkins Home Care Group); not on Shields list",Johns Hopkins Pharmaquip | Johns Hopkins Outpatient Pharmacy at Monument Street,"Johns Hopkins Pharmaquip, Inc. (Johns Hopkins Home Care Group subsidiary)",URAC SPP010408 Specialty Pharmacy,,"https://www.urac.org/directory/accreditation-details/?certification=SPP010408 | https://accreditnet2.urac.org/uracportal/Directory/CompanyView/11485 | https://www.causeiq.com/organizations/johns-hopkins-pharmaquip,521450994/",2026-10-02,SPP010408,"1255529459: 2011 NPPES-only record for hospital outpatient pharmacy; stale, uncorroborated",web search Pharmaquip | URAC listing via search | Shields partner list (absent),Ownership of Pharmaquip by the Hopkins system is from third-party descriptions; hopkinsmedicine.org page not fetched.,,,
HSI00001156,University Hospitals,OH,2376.0,University Hospitals,unchanged,,https://en.wikipedia.org/wiki/University_Hospitals_Cleveland_Medical_Center,,University Hospitals merger OR acquisition OR renamed OR closed OR sold 2024 2025 2026,False,"Owned, accredited",Medium,"UH website (UH Meds, LLC claims ACHC and URAC); no matching roster record found",University Hospitals Specialty Pharmacy | UH Meds,"UH Meds, LLC (University Hospitals subsidiary)",ACHC and URAC (claimed on UH website; no record id matched),,https://www.uhhospitals.org/services/pharmacy-services/services/specialty-pharmacy | https://www.uhhospitals.org/services/home-care-services/traditional-home-care/services-and-treatments/infusion-services,2026-10-02,,"achc:98800: Bolwell Health Center Pharmacy at 11100 Euclid Ave is a Cleveland Clinic location, not UH | nppes:1588675144: Southwest Community Pharmacy, independent retail, not specialty-owned by UH",uhhospitals.org specialty pharmacy page | uhhospitals.org home care infusion page | uhhospitals.org pharmacy services | WebSearch UH specialty pharmacy,UH site states its specialty pharmacy is ACHC and URAC accredited but the URAC/ACHC rosters showed no matching record; Shields list does not include UH.,,,
HSI00001251,West Virginia University Health System,WV,2370.0,West Virginia University Health System (WVU Medicine),unchanged,,https://wvmetronews.com/2026/06/02/wvu-health-system-independence-health-system-merger-expected-to-close-in-the-fall/,,"status sweep 2, 2026-10-02: dedicated or combined news search (per agent report)",False,"Owned, accredited",High,URAC SPP010557 and ACHC 91926 plus WVU Medicine website,WVUH Specialty Pharmacy & Home Infusion,"West Virginia University Hospitals, Inc. (member hospital)",URAC SPP010557 Specialty Pharmacy | ACHC 91926 Specialty Pharmacy Services | ACHC 91926 Infusion Pharmacy Services,,https://www.urac.org/directory/accreditation-details/?certification=SPP010557 | https://wvumedicine.org/wvuh-specialty-pharmacy-and-home-infusion/faq/,2026-10-02,urac:SPP010557 | achc:91926 specialty | achc:91926 infusion,"nppes:1043066566: Next Step West Virginia, unrelated retail in Kenova | nppes:1063879096: HPC Specialty Rx West Virginia, independent Moundsville pharmacy",wvumedicine.org WVUH Specialty Pharmacy pages | WebSearch WVU Medicine specialty pharmacy | WebSearch WVU Health System 2026 news,Pending acquisition of Independence Health System (closing fall 2026) does not change the classification. Not on Shields list.,,,
HSI00000700,Montefiore Medical Center,NY,2370.0,Montefiore Einstein,renamed,,https://montefioreeinstein.org/patient-care/about,,"status sweep 2, 2026-10-02: dedicated or combined news search (per agent report)",False,Managed or partnered,High,"Shields partner list (Montefiore Health, Bronx); URAC SPP010065 and ACHC records",Montefiore Specialty Pharmacy | Montefiore Community Pharmacy @ Moses,Montefiore Medical Center,URAC SPP010065 Specialty Pharmacy | ACHC 78552 Specialty Pharmacy Services | ACHC 93420 Specialty Pharmacy Services,Shields Health Solutions,https://shieldshealthsolutions.com/about-us/partner-health-systems | https://www.urac.org/directory/accreditation-details/?certification=SPP010065 | https://montefioreeinsteinnow.org/update/2024-may-13/advanced-pharmacy-opens-in-westchester,2026-10-02,urac:SPP010065 | achc:78552 | achc:93420 | nppes:1659156255 | nppes:1427185057,,Shields partner list | montefioreeinsteinnow.org specialty pharmacy release | WebSearch Montefiore specialty pharmacy,Tier set by Shields-list rule; pharmacy is hospital-owned and accredited. NPPES specialty taxonomy is secondary on both records.,Montefiore Health (NY),,
HSI00000081,Baptist Memorial Health Care Corporation,TN,2368.0,Baptist Memorial Health Care Corporation,unchanged,,https://www.baptistonline.org/services/pharmacy-services,,"status sweep 2, 2026-10-02: dedicated or combined news search (per agent report)",False,"Owned, accredited",High,URAC SPP010373 and ACHC 88037 plus Baptist website,Baptist Specialty Pharmacy (Walnut Grove Plaza Pharmacy #2),Baptist Memorial Hospital-Tipton (member hospital),URAC SPP010373 Specialty Pharmacy | ACHC 88037 Specialty Pharmacy Services,,https://www.urac.org/directory/accreditation-details/?certification=SPP010373 | https://www.baptistonline.org/services/pharmacy-services | https://www.baptistonline.org/locations/specialty-facilities/baptist-walnut-grove-plaza-pharmacy,2026-10-02,urac:SPP010373 | achc:88037 | nppes:1114464211,,baptistonline.org pharmacy services | baptistonline.org Walnut Grove Plaza Pharmacy | WebSearch Baptist Memorial specialty pharmacy,Not on Shields list (Baptist Health entries there are other systems). Owning entity Baptist Memorial Hospital-Tipton is a member hospital.,,,
HSI00000972,Sentara Healthcare,VA,2314.0,Sentara Health,renamed,,https://virginiabusiness.com/sentara-healthcare-rebrands-as-sentara-health/,2023-05-05,"status sweep 2, 2026-10-02: dedicated or combined news search (per agent report)",False,Managed or partnered,High,"Shields partner list (Sentara Health) and Shields/Sentara release; URAC SPP010317, ACHC 94616",Sentara Case Management Pharmacy | Proprium Pharmacy | Sentara Infusion Services,Sentara Hospitals dba Sentara Norfolk General Hospital (member hospital),URAC SPP010317 Specialty Pharmacy | ACHC 94616 Specialty Pharmacy Services | ACHC 70366 Infusion Pharmacy Services | ACHC 89024 Infusion Pharmacy Services | ACHC 70366 Home Infusion Therapy,Shields Health Solutions,https://shieldshealthsolutions.com/patients-with-complex-chronic-illnesses-can-now-receive-more-affordable-medications-and-new-pharmacy-services-with-no-added-costs/ | https://www.urac.org/directory/accreditation-details/?certification=SPP010317 | https://shieldshealthsolutions.com/about-us/partner-health-systems,2026-10-02,urac:SPP010317 | achc:94616 | achc:70366 infusion | achc:89024 | achc:70366 HIT | nppes:1174693592,,Shields partner list | shieldshealthsolutions.com Sentara release | sentaracasemanagement.com | WebSearch Sentara Case Management Pharmacy,Rename to Sentara Health taken from the Shields list label; not independently verified on Sentara site. Excelera (a Shields company) built the in-house specialty pharmacy.,Sentara Health (NC); Sentara Health (VA),,
HSI00001175,University of Maryland Medical System,MD,2282.0,University of Maryland Medical System,unchanged,,https://en.wikipedia.org/wiki/University_of_Maryland_Medical_System,,University of Maryland Medical System merger OR acquisition OR renamed OR closed OR sold 2024 2025 2026,False,"Owned, accredited",High,ACHC 96641 record plus UMMS specialty pharmacy web page stating ACHC-accredited,UMMS Pharmacy Services | UMMC Pharmacy at Linthicum,University of Maryland Medical Center (UMMS member),ACHC 96641 Specialty Pharmacy Services,,https://www.umms.org/health-services/pharmacy/services/specialty | https://www.umms.org/ummc/locations/pharmacy-linthicum,2026-10-02,achc:96641,"urac:SPP010426: InfuCare Rx of Maryland, Cumberland, unrelated Factor One Source entity | achc:88991: Maryland Oncology Hematology, independent practice | nppes:1528398674: Biomatrix/Cardinal Health specialty pharmacy, unrelated | nppes:1720582893: Maryland Specialty and Compounding Pharmacy, independent | nppes:1881452282: Parkview Maryland Rx/Monument, LTC pharmacy, unrelated",umms.org specialty pharmacy page | umms.org UMMC Linthicum pharmacy page | Shields partner list (not listed),Not on Shields list; no outside manager found. System status not separately verified beyond the website.,,,
HSI00000784,Ohiohealth,OH,2280.0,Ohiohealth,unchanged,,https://www.ohiohealth.com/about-us,,"status sweep 2, 2026-10-02: dedicated or combined news search (per agent report)",False,"Owned, accredited",High,"URAC SPP010359 + ACHC 97124 + NPPES 1720826373, all OhioHealth Corporation at Canal Winchester",OhioHealth Specialty Pharmacy,OhioHealth Corporation,URAC SPP010359 Specialty Pharmacy | ACHC 97124 Specialty Pharmacy Services,,https://www.urac.org/directory/accreditation-details/?certification=SPP010359 | https://www.healthgrades.com/pharmacy/ohiohealth-specialty-pharmacy-pa00013044,2026-10-02,urac:SPP010359 | achc:97124 | nppes:1720826373,"nppes:1861947061: HomeReach, other-name OhioHealth Specialty Pharmacy, Worthington, 2019 record; HomeReach is OhioHealth home care but treated as superseded/uncorroborated",web search OhioHealth Specialty Pharmacy | ohiohealth.com location search results | Shields partner list (not listed; Ohio State only),Not on Shields list. HomeReach NPI is likely an OhioHealth home-care affiliate (uncertain).,,,
HSI00000770,Northwestern Medicine,IL,2272.0,Northwestern Medicine,unchanged,,https://www.nm.org/-/media/Northwestern/Resources/about-us/northwestern-medicine-fiscal-audit.pdf,,Northwestern Medicine merger OR acquisition OR renamed OR closed OR sold 2024 2025 2026,False,Managed or partnered,High,"Shields partner list (Northwestern Medicine*, Chicago) plus URAC/ACHC records",Northwestern Medicine Specialty Pharmacy,Northwestern Memorial Hospital (system member),URAC SPP010182 Specialty Pharmacy | ACHC 75570 Specialty Pharmacy Services,Shields Health Solutions,https://shieldshealthsolutions.com/about-us/partner-health-systems | https://www.nm.org/locations/northwestern-medicine-specialty-pharmacy | https://www.urac.org/directory/accreditation-details/?certification=SPP010182,2026-10-02,urac:SPP010182 | achc:75570 | nppes:1902238645,,nm.org specialty pharmacy pages | Shields partner list | web search,Tier set by Shields rule; system-owned accredited pharmacy underlies it.,Northwestern Medicine (IL),,
HSI00000796,Orlando Health,FL,2258.0,Orlando Health,unchanged,,https://www.orlandohealth.com/content-hub/orlando-health-completes-purchase-of-hospitals-and-physician-practices-in-east-central-florida,,Orlando Health merger OR acquisition OR renamed OR closed OR sold 2024 2025 2026,False,Managed or partnered,High,"Shields partner list (Orlando Health*, Orlando) plus URAC/ACHC records for Scripts Pharmacy",Scripts Pharmacy (Orlando Health Scripts Pharmacy),"Orlando Health, Inc.",URAC SPP010315 Specialty Pharmacy | ACHC 82879 Specialty Pharmacy Services | ACHC 82879 Infusion Pharmacy Services,Shields Health Solutions,https://shieldshealthsolutions.com/about-us/partner-health-systems | https://www.orlandohealth.com/services/scripts-pharmacy/specialty-pharmacy | https://www.urac.org/directory/accreditation-details/?certification=SPP010315,2026-10-02,urac:SPP010315 | achc:82879:Specialty | achc:82879:Infusion | nppes:1710505458,"urac:SPP010556: AdventHealth Orlando, different system | achc:98768: AdventHealth Outpatient Pharmacy, different system | nppes:1326348921: Orlando Discount Pharmacy, independent retail | nppes:1477616092: Orlando Health retail Scripts, non-specialty taxonomy primary (retail site, not separately accredited) | nppes:1023574407: Scripts Pharmacy Central mail order, retail/mail taxonomy | nppes:1528616596: Scripts retail Lake Mary | nppes:1609323732: Scripts retail Wesley Chapel",orlandohealth.com specialty pharmacy page | Shields partner list | web search incl. Excelera network,"Orlando Health also joined Excelera network (LDD access). Rejected NPPES Orlando Health retail sites are system-owned but retail, not accredited specialty.",Orlando Health (FL),,
HSI00000342,Emory Healthcare,GA,2250.0,Emory Healthcare,unchanged,,https://news.emory.edu/stories/2025/06/hs_ehc_houston_hc_integration_celebrations_02-06-2025/story.html,,Emory Healthcare merger OR acquisition OR renamed OR closed OR sold 2024 2025 2026,False,"Owned, accredited",High,URAC SPP010555 (Emory University dba EUH Midtown) plus Emory web page and NPPES 1427669670,Emory Specialty Pharmacy | Winship at Emory Midtown Home Health Pharmacy,"Emory University, Inc. d/b/a Emory University Hospital Midtown (Emory parent/member)",URAC SPP010555 Specialty Pharmacy | ACHC 97003 Infusion Pharmacy Services,,https://www.urac.org/directory/accreditation-details/?certification=SPP010555 | https://www.emoryhealthcare.org/services/pharmacy/specialty/faq,2026-10-02,urac:SPP010555 | achc:97003 | nppes:1427669670 | nppes:1477378875,,emoryhealthcare.org specialty pharmacy pages | Shields partner list (not listed) | web search,Not on Shields list. ACHC record is infusion only; it is the same Midtown site.,,,
HSI00000077,Baptist Health South Florida,FL,2246.0,Baptist Health South Florida,unchanged,,https://baptisthealth.net/newsroom/press-release/baptist-health-south-florida-and-bethesda-health-finalize-merger,,Baptist Health South Florida merger OR acquisition OR renamed OR closed OR sold 2024 2025 2026,False,"Owned, accredited",High,URAC SPP010717 + ACHC 85128 + system specialty pharmacy web page,Baptist Health Specialty Pharmacy | Baptist Health Infusion Care Pharmacy,"Oncology Specialty Pharmacy, LLC (Baptist Health system subsidiary); Baptist Outpatient Services, Inc. for infusion",URAC SPP010717 Specialty Pharmacy | ACHC 85128 Specialty Pharmacy Services | ACHC 88900 Infusion Pharmacy Services,,https://baptisthealth.net/services/pharmacy-services/specialty-pharmacy | https://baptisthealth.net/locations/pharmacy/kendall-specialty-pharmacy | https://www.urac.org/directory/accreditation-details/?certification=SPP010717,2026-10-02,SPP010717 | achc:85128 | achc:88900 | npi:1336811645 | npi:1598351843 | npi:1225624588,"SPP010079: South Miami Pharmacy II / SMP Pharmacy Solutions #2 is an independent pharmacy sharing a name with South Miami Hospital | achc:65630: same SMP Pharmacy Solutions #2, unrelated | npi:1568546901: Grey Dog Inc independent retail pharmacy, not specialty-primary | npi:1194289157: Jackson/Public Health Trust, different system | npi:1134082753: Baptist Jacksonville, different system",https://baptisthealth.net/services/pharmacy-services/specialty-pharmacy | https://baptisthealth.net/locations/pharmacy/kendall-specialty-pharmacy | web search: Baptist Health South Florida specialty pharmacy | Shields partner list (BHSF not listed; Baptist Health Montgomery/Jacksonville are different systems),NPPES 'Baptist Health Pharmacy' 102/103/107 LLCs are corroborating system-branded specialty-taxonomy sites. Not on Shields list.,,,
HSI00001272,Yale New Haven Health System,CT,2228.0,Yale New Haven Health System,unchanged,,https://www.healthcaredive.com/news/yale-new-haven-prospect-settle-connecticut-hospital-dispute/761441/,,Yale New Haven Health System merger OR acquisition OR renamed OR closed OR sold 2024 2025 2026,False,Managed or partnered,High,Shields partner list (New Haven CT; Westerly RI) + ACHC 74332 + system pharmacy page,Yale New Haven Health Specialty Pharmacy (Outpatient Pharmacy Services) | Yale New Haven Health Home Infusion,"Medical Center Pharmacy and Home Care Center, Inc. (YNHHS subsidiary)",ACHC 74332 Specialty Pharmacy Services | ACHC 87611 Infusion Pharmacy Services | ACHC 91648 Home Infusion Therapy,Shields Health Solutions,https://www.ynhhs.org/patient-care/Outpatient-Pharmacy-Services | https://shieldshealthsolutions.com/about-us/partner-health-systems,2026-10-02,achc:74332 | achc:87611 | achc:91648 | npi:1811531544,"npi:1184402331: L+M retail community pharmacy, not specialty-primary (specialty taxonomy only secondary)",https://www.ynhhs.org/patient-care/Outpatient-Pharmacy-Services | Shields partner list | web search: Yale New Haven Health specialty pharmacy Shields,Shields partner list rule applied. No URAC record found.,Yale New Haven Health System (CT); Yale New Haven Health System (RI),,
HSI00001416,Beth Israel Lahey Health,MA,2146.0,Beth Israel Lahey Health,unchanged,,https://en.wikipedia.org/wiki/Beth_Israel_Lahey_Health,,Beth Israel Lahey Health merger OR acquisition OR renamed OR closed OR sold 2024 2025 2026,False,"Owned, accredited",High,URAC SPP010425 + ACHC 75394 + BILH pharmacy web page,BILH Specialty Pharmacy,"Beth Israel Lahey Health Pharmacy, Inc. (system subsidiary)",URAC SPP010425 Specialty Pharmacy | URAC rdcoe010028 Rare Disease Pharmacy Center of Excellence | ACHC 75394 Specialty Pharmacy Services,,https://bilh.org/care-options/pharmacy | https://bilh.org/about/awards-accreditations | https://www.urac.org/directory/accreditation-details/?certification=SPP010425,2026-10-02,SPP010425 | rdcoe010028 | achc:75394 | npi:1306567938 | npi:1346027620 | npi:1194242719,,https://bilh.org/care-options/pharmacy | https://bilh.org/about/awards-accreditations | web search: BILH Specialty Pharmacy | Shields partner list (not listed),Three NPPES records are duplicates of the same Westwood pharmacy. Not on Shields list.,,,
HSI00001378,Prisma Health,SC,2129.0,Prisma Health,unchanged,,https://prismahealth.org/patients-and-guests/news/prisma-health-acquires-urgent-care-centers-across-south-carolina,,Prisma Health merger OR acquisition OR renamed OR closed OR sold 2024 2025 2026,False,"Owned, accredited",High,URAC SPP010440 + ACHC 80836 + Prisma specialty pharmacy web page,Prisma Health Specialty Pharmacy,Greenville Health Corporation / Prisma Health,URAC SPP010440 Specialty Pharmacy | ACHC 80836 Specialty Pharmacy Services,,https://prismahealth.org/locations/ambulatory-labs-other/pharmacy-locations/specialty-pharmacy | https://www.urac.org/directory/accreditation-details/?certification=SPP010440,2026-10-02,SPP010440 | achc:80836 | npi:1992212872,,https://prismahealth.org/locations/ambulatory-labs-other/pharmacy-locations/specialty-pharmacy | https://prismahealth.org/services/other-services/pharmacy-services/professional-services/retail-specialty-services | web search: Prisma Health Specialty Pharmacy | Shields partner list (not listed),Not on Shields list; no outside manager found.,,,
HSI00000025,Allegheny Health Network,PA,2082.0,Allegheny Health Network,unchanged,,https://www.healthcaredive.com/news/allegheny-health-network-heritage-valley-health-system-merger-pennsylvania/824343/,,Allegheny Health Network merger OR acquisition OR renamed OR closed OR sold 2024 2025 2026,False,"Owned, accredited",Medium,"URAC SPP010131 (West Penn Allegheny Health System, AHN predecessor entity) + NPPES specialty-primary record",West Penn Central Pharmacy,"West Penn Allegheny Health System, Inc. (AHN legal entity within Highmark Health)",URAC SPP010131 Specialty Pharmacy,,https://www.urac.org/directory/accreditation-details/?certification=SPP010131 | https://npiregistry.cms.hhs.gov/provider-view/1154281806,2026-10-02,SPP010131 | npi:1154281806,"npi:1891187290: Neff Drugs/Sunray Drugs Philadelphia independent retail, unrelated",web search: Allegheny Health Network specialty pharmacy Highmark Health 2026 | https://en.wikipedia.org/wiki/Allegheny_Health_Network | Shields partner list (not listed),"No AHN-website specialty pharmacy page was found in search, so confidence is Medium. AHN is a Highmark Health subsidiary (insurer parent, nonprofit).",,,
HSI00000080,Baptist Healthcare System,KY,2045.0,Baptist Healthcare System,unchanged,,https://www.lanereport.com/184529/2025/11/baptist-health-medical-group-expands-orthopedic-services-with-major-acquisition/,,Baptist Healthcare System Louisville Baptist Health Kentucky merger OR acquisition OR renamed OR closed OR sold 2024 2025 2026,False,"Owned, accredited",High,URAC + ACHC records and Baptist Health website/news release on URAC specialty accreditation,Baptist Health Shared Services Pharmacy | Baptist Health Shared Pharmacy Services Center | Baptist Health Home Infusion,"Baptist Healthcare System, Inc.",URAC SPP010561 Specialty Pharmacy | ACHC 96830 Specialty Pharmacy Services,,https://www.urac.org/directory/accreditation-details/?certification=SPP010561 | https://www.baptisthealth.com/about/news-center/2024/central-pharmacy-services-center-earns-urac-accreditation-in-specialty-pharmacy | https://www.baptisthealth.com/care-services/services/pharmacy/services/specialty-pharmacy-services,2024,SPP010561 | 96830 | 1861246274 | 1073548988,,"https://www.baptisthealth.com/care-services/services/pharmacy/services/specialty-pharmacy-services | https://www.baptisthealth.com/care-services/services/pharmacy/services/shared-pharmacy-services | https://www.baptisthealth.com/about/news-center/2024/central-pharmacy-services-center-earns-urac-accreditation-in-specialty-pharmacy | WebSearch: Baptist Health Kentucky merger/acquisition/renamed 2025 2026 | Shields partner list (Baptist Health entries are Montgomery AL and Jacksonville FL, different systems)","Wholly owned pharmacy at La Grange; Lexington community pharmacy also reported URAC specialty-accredited. Shields list Baptist Health entries are other systems; 2025 ASHN joint venture is home health, not pharmacy.",,,
HSI00001169,University of Colorado Health,CO,2036.0,University of Colorado Health,unchanged,,https://en.wikipedia.org/wiki/UCHealth,,University of Colorado Health UCHealth merger OR acquisition OR renamed OR closed OR sold 2024 2025 2026,False,Managed or partnered,High,Shields partner list plus Shields/UCHealth partnership announcement; URAC and ACHC records for University of Colorado Hospital Authority,"UCHealth Specialty Pharmacy | University of Colorado Hospital Atrium Pharmacy | IDGP Pharmacy at University of Colorado Hospital | UCHealth Centralized Pharmacy, LLC","University of Colorado Hospital Authority and UCHealth Centralized Pharmacy, LLC",URAC SPP010570 Specialty Pharmacy | ACHC 79387 Specialty Pharmacy Services | ACHC 87894 Specialty Pharmacy Services,Shields Health Solutions,https://shieldshealthsolutions.com/shields-health-solutions-uchealth-partner-to-give-patients-with-complex-chronic-illnesses-access-to-more-affordable-medications-and-new-pharmacy-services-with-no-added-costs-2/ | https://www.urac.org/directory/accreditation-details/?certification=SPP010570 | https://www.uchealth.org/today/partnership-speciality-pharmacy-at-uchealth-benefits-those-with-complex-chronic-illnesses/ | https://shieldshealthsolutions.com/about-us/partner-health-systems,2026-10-02,SPP010570 | 79387 | 87894,"SPP010168: Children's Hospital Colorado, separate system, not a UCHealth entity | SPP010124: CommonSpirit Mountain Region, different system | SPP010101: Regents of the University of Colorado (CU Anschutz Hemophilia Center), university entity, not UCHealth | 78432: Children's Colorado Specialty Pharmacy, separate system | 79451: Regents of the University of Colorado Hemophilia Center, university entity | 89076: Rocky Mountain Infusion / Vital Care of Colorado Springs, unrelated franchise infusion pharmacy | 94093: Western Colorado Infusion / Vital Care of Grand Junction, unrelated franchise infusion pharmacy | 1851942023: Children's Hospital Colorado, separate system | 1427913771: Colorado Hemp Med LLC, unrelated business | 1689714495: Colorado State Infusion, Vital Care franchise, unrelated | 1154706554: Poudre Valley Harmony ED pharmacy, community/retail taxonomy, not specialty | 1255729380: Poudre Valley Hospital pharmacy, general hospital pharmacy, not specialty | 1588766968: Regents of the University of Colorado Hemophilia Center, university entity",https://www.uchealth.org/today/partnership-speciality-pharmacy-at-uchealth-benefits-those-with-complex-chronic-illnesses/ | https://shieldshealthsolutions.com/about-us/partner-health-systems | WebSearch: UCHealth specialty pharmacy Shields Health Solutions,"On the Shields partner list (Aurora CO and Laramie WY), partnership announced Oct 2020. CU Regents hemophilia pharmacy is a university unit and is not counted for UCHealth.",UCHealth (AKA University of Colorado Health) (CO),,
HSI00000190,Cedars Sinai Health System,CA,1972.0,Cedars Sinai Health System,unchanged,,https://www.cedars-sinai.org/newsroom/cedars-sinai-acquires-beverly-connection-to-meet-future-community-needs/,,Cedars Sinai Health System merger OR acquisition OR renamed OR closed OR sold 2024 2025 2026,False,"Owned, accredited",Medium,URAC record for Cedars-Sinai Medical Center AHSP Pharmacy; pharmacy listing corroborates existence,Cedars-Sinai Medical Center AHSP Pharmacy,Cedars-Sinai Medical Center,URAC SPP010206 Specialty Pharmacy,,https://www.urac.org/directory/accreditation-details/?certification=SPP010206 | https://doctor.webmd.com/practice/cedars-sinai-medical-center-ahsp-pharmacy-436bfa39-b356-40ef-9b6d-641332a21aaa,2026-10-02,SPP010206,,WebSearch: Cedars-Sinai specialty pharmacy AHSP pharmacy | WebSearch: Cedars-Sinai Health System Huntington Torrance Memorial affiliation 2025 2026 | https://www.huntingtonhealth.org/about-us/huntington-affiliation-with-cedars-sinai-health-system/ | Shields partner list (Cedars-Sinai not listed),"Not on Shields list; no outside manager found. No explicit Cedars-Sinai web page on specialty pharmacy was retrieved, so confidence is Medium.",,,
HSI00000376,Franciscan Missionaries of Our Lady Health System,LA,1940.0,FMOL Health,renamed,,https://www.chausa.org/news-and-publications/publications/catholic-health-world/archives/november-2025/franciscan-missionaries-of-our-lady-health-system-is-now-fmol-health,2025-11-03,Franciscan Missionaries of Our Lady Health System merger OR acquisition OR renamed OR closed OR sold 2024 2025 2026,False,Managed or partnered,High,Shields partner list (Baton Rouge LA and Jackson MS) and Shields announcement; URAC and ACHC records for RxONE,RxONE Lake | Rx ONE / St. Dominic | RxONE Lourdes,"Franciscan Missionaries of Our Lady Health System, Inc.",URAC SPP010434 Specialty Pharmacy | ACHC 74448 Specialty Pharmacy Services | ACHC 97876 Specialty Pharmacy Services,Shields Health Solutions,https://shieldshealthsolutions.com/franciscan-missionaries-of-our-lady-health-system-partners-with-shields-health-solutions-to-enhance-statewide-specialty-pharmacy-services/ | https://www.urac.org/directory/accreditation-details/?certification=SPP010434 | https://shieldshealthsolutions.com/about-us/partner-health-systems,2026-10-02,SPP010434 | 74448 | 97876 | 1801309133,"1518572049: RxONE Lourdes, system-owned but community/retail taxonomy, not a specialty record (supports RxONE network only)",https://shieldshealthsolutions.com/franciscan-missionaries-of-our-lady-health-system-partners-with-shields-health-solutions-to-enhance-statewide-specialty-pharmacy-services/ | https://shieldshealthsolutions.com/about-us/partner-health-systems | WebSearch: Franciscan Missionaries of Our Lady Health System RxONE specialty pharmacy Shields,"System-owned RxONE pharmacies are accredited and the system is a Shields partner, so Managed or partnered takes precedence. No evidence of merger or rename found in the Shields announcement or search; status URL is the Shields page rather than a system page.",Franciscan Missionaries of Our Lady Health System (LA); Franciscan Missionaries of Our Lady Health System (MS),,
HSI00000958,Sanford Health,SD,1925.0,Sanford Health,unchanged,,https://en.wikipedia.org/wiki/Sanford_Health,,Sanford Health merger OR acquisition OR renamed OR closed OR sold 2024 2025 2026,False,"Owned, accredited",High,URAC and ACHC records for Sanford Pharmacy Broadway plus Sanford website and reaccreditation news,Sanford Specialty Pharmacy | Sanford Pharmacy Broadway,Sanford Medical Center Fargo,URAC SPP010436 Specialty Pharmacy | ACHC 74724 Specialty Pharmacy Services,,https://www.urac.org/directory/accreditation-details/?certification=SPP010436 | https://www.sanfordhealth.org/locations/sanford-specialty-pharmacy | https://www.midwestmedicaledition.com/articles/sanford-specialty-pharmacy-reaccreditation,2026-10-02,SPP010436 | 74724,"1972844793: Sanford Cancer Center oncology clinic pharmacy, community/retail taxonomy, not a specialty record",https://www.sanfordhealth.org/locations/sanford-specialty-pharmacy | https://www.midwestmedicaledition.com/articles/sanford-specialty-pharmacy-reaccreditation | WebSearch: Sanford Health merger OR acquisition OR renamed OR closed 2025 2026 | Shields partner list (Sanford not listed),Sanford is the acquirer in 2025 Marshfield Clinic and Prairie Lakes mergers and the Sept 2026 North Memorial combination; the name and ownership of the 2023 member hospitals are unchanged. Not on the Shields list.,,,
HSI00000766,Northside Hospital,GA,1908.0,Northside Hospital System,unchanged,,https://healthcare.levinassociates.com/2026/09/23/northside-hospital-expands-network-in-georgia-with-two-acquisitions/,,Northside Hospital Atlanta merger OR acquisition OR renamed OR closed 2026,False,Infusion or home infusion only,Low,own site (curl): Gwinnett Infusion Center page lists an infusion pharmacy in the center; no specialty pharmacy or accreditation found; not on Shields list,Northside Hospital Home Care Pharmacy | Northside Hospital Pharmacy at Meridian Mark | Gwinnett Infusion Center infusion pharmacy,Northside Hospital,,,https://www.northside.com/locations/northside-hospital-gwinnett-infusion-center | https://www.northside.com/services/medical-services,2026-10-02,,"1285145789: Express at Northside LLC, independent retail pharmacy on Northside Dr SW, not tied to the system",northside.com home (curl 200) | northside.com/services/pharmacy (404) | northside.com Gwinnett infusion center (curl 200) | northside.com services list (curl 200) | web search status 2026 | web search pharmacy/infusion | Shields list (absent),"Own site read via curl: only an in-center outpatient infusion pharmacy is named. No specialty pharmacy page or accreditation found, so confidence is low.",,,
HSI00000555,LCMC Health System,LA,1895.0,LCMC Health System,unchanged,,https://www.fiercehealthcare.com/providers/hca-healthcare-selling-3-tulane-university-hospitals-lcmc-health,,LCMC Health System merger OR acquisition OR renamed OR closed OR sold 2024 2025 2026,False,"Owned, accredited",High,URAC SPP010098 and SPP010661 plus ACHC 87936 and 93757; LCMC website outpatient specialty pharmacy page,LCMC Health Pharmacy Services | LCMC Health Pharmacy Services - Lakeside,"University Medical Center Management Corp. and University Healthcare System, L.C. (LCMC entities)",URAC SPP010098 Specialty Pharmacy | URAC SPP010661 Specialty Pharmacy | ACHC 87936 Specialty Pharmacy Services | ACHC 93757 Specialty Pharmacy Services,,https://www.lcmchealth.org/our-locations/lcmc-health-pharmacy-services/ | https://www.urac.org/directory/accreditation-details/?certification=SPP010098 | https://www.urac.org/directory/accreditation-details/?certification=SPP010661,2026-10-02,SPP010098 | SPP010661 | 87936 | 93757 | 1093453094 | 1619446580,"94506: KTN Pharmacy/East Jefferson Medical Pharmacy infusion; ownership unverified, infusion-only | 94567: same KTN home infusion therapy record | 1457168791: Tulane Educational Fund (university) Lakeside pharmacy, separate entity, NPPES-only",lcmchealth.org pharmacy services | lcmchealth.org outpatient specialty pharmacy | web search LCMC merger/acquisition,Not on Shields list. East Jefferson KTN infusion pharmacy may be a JV or affiliate and was not confirmed.,,,
HSI00000776,OSF Healthcare System,IL,1808.0,OSF Healthcare System,unchanged,,https://www.shawlocal.com/sauk-valley/2026/02/13/one-year-in-osf-merger-with-dixons-ksb-hospital-leads-to-investments-in-services-staff-and-facilities/,,OSF Healthcare System merger OR acquisition OR renamed OR closed OR sold 2024 2025 2026,False,"Owned, accredited",High,URAC SPP010259 (Pointcore dba OSF Specialty Pharmacy) plus ACHC 98482; Pointcore page confirms OSF ownership,OSF Specialty Pharmacy | OSF Healthcare Home Infusion Pharmacy,"Pointcore, Inc. (OSF HealthCare subsidiary); OSF Healthcare System",URAC SPP010259 Specialty Pharmacy | ACHC 98482 Specialty Pharmacy Services | ACHC 98482 Infusion Pharmacy Services,,https://www.pointcore.com/osf-healthcare-specialty-pharmacy-buildout/ | https://www.urac.org/directory/accreditation-details/?certification=SPP010259 | https://www.osfhealthcare.org/patients-visitors/about/facts-figures,2026-10-02,SPP010259 | 98482 | 1811695992,,osfhealthcare.org facts-figures | pointcore.com specialty pharmacy buildout | web search OSF specialty pharmacy,Not on Shields list. Pointcore is OSF-owned per search result.,,,
HSI00000475,Henry Ford Health,MI,1787.0,Henry Ford Health,unchanged,,https://en.wikipedia.org/wiki/Henry_Ford_Health,,Henry Ford Health merger OR acquisition OR renamed OR closed OR sold 2024 2025 2026,False,Managed or partnered,High,Shields partner list (Henry Ford Health System*) per rule; URAC SPP010405 and ACHC 78535 confirm owned pharmacy,Henry Ford Pharmacy Advantage Southfield,Henry Ford Health System,URAC SPP010405 Specialty Pharmacy | URAC rdcoe010001 Rare Disease Pharmacy Center of Excellence | ACHC 78535 Specialty Pharmacy Services,Shields Health Solutions,https://www.henryford.com/Services/Pharmacy/Pharmacy-Advantage-Specialty-Pharmacy/FAQ | https://www.urac.org/directory/accreditation-details/?certification=SPP010405 | https://shieldshealthsolutions.com/about-us/partner-health-systems,2026-10-02,SPP010405 | rdcoe010001 | 78535 | 1316622053,"1578735015: Henry Ford Medical Center Pharmacy, retail taxonomy, 2016 record, not specialty",henryford.com Pharmacy Advantage FAQ | henryford.com specialty pharmacies | web search Henry Ford Pharmacy Advantage Shields,"Tier set by Shields partner-list rule; Henry Ford website did not itself mention Shields, and the pharmacy appears wholly system-owned and accredited.",Henry Ford Health System (MI),,
HSI00000717,NYU Langone Health,NY,1780.0,NYU Langone Health,unchanged,,https://nyulangone.org/our-story,,NYU Langone Health merger OR acquisition OR renamed OR closed OR sold 2024 2025 2026,False,Managed or partnered,High,Shields partner list (NYU Langone Health); URAC SPP010119 and ACHC 73737,NYU Langone Specialty Pharmacy,NYU Langone Hospitals,URAC SPP010119 Specialty Pharmacy | ACHC 73737 Specialty Pharmacy Services,Shields Health Solutions,https://shieldshealthsolutions.com/about-us/partner-health-systems | https://nyulangone.org/locations/nyu-langone-specialty-pharmacy-at-industry-city | https://www.urac.org/directory/accreditation-details/?certification=SPP010119,2026-10-02,SPP010119 | 73737,"1134772452: Alto Pharmacy, unrelated retail chain | 1871024455: Northwell (LIJ) Vivo pharmacy, different system | 1174926406: Northwell (LIJ) Vivo pharmacy, different system | 1184468837: Long Island Pharmacy Corp, unrelated independent | 1639194459: Long Island City Chemists, unrelated retail",shieldshealthsolutions.com partner list | nyulangone.org specialty pharmacy page | web search NYU Langone Shields,Long Island Community Hospital was fully acquired in 2025 and is now NYU Langone Hospital - Suffolk; same system.,NYU Langone Health (NY),,
HSI00000029,Allina Health,MN,1759.0,Allina Health,unchanged,,https://www.allinahealth.org/about-us/news-releases/2026/allina-health-and-sutter-health-sign-definitive-agreement,,Allina Health merger OR acquisition OR renamed OR closed OR sold 2024 2025 2026,False,"Owned, accredited",High,URAC SPP010285 + NPPES specialty pharmacy (primary) + Allina 2025 annual report,Allina Health Specialty Pharmacy | Allina Health Heart Hospital Pharmacy | Allina Community Pharmacies,Allina Health System,URAC SPP010285 Specialty Pharmacy,,https://www.urac.org/directory/accreditation-details/?certification=SPP010285 | https://alltogetherbetter.com/annual-report/pharmacy/ | https://npiregistry.cms.hhs.gov/provider-view/1043312473,2025,SPP010285 | 1043312473 | 1316901333 | 1386047538,,WebSearch Allina specialty pharmacy | https://alltogetherbetter.com/annual-report/pharmacy/ | Allina Shields check: not on partner list,Allina is not on the Shields list; central fill specialty dispensing opened 2025. NPI 1386047538 is its home infusion pharmacy.,,,
HSI00000186,Catholic Health,NY,1724.0,Catholic Health,unchanged,,https://www.catholichealthli.org/about-catholic-health,,Catholic Health Long Island Rockville Centre merger OR acquisition OR renamed OR closed OR sold 2024 2025 2026,False,"Owned, accredited",Medium,System web page (My CHS Rx claims ACHC and URAC specialty accreditation) + ACHC infusion record for My CHS Rx,My CHS Rx Specialty Pharmacy | Catholic Health Home Infusion Pharmacy,Catholic Health Long Island (My CHS Rx),"ACHC 96711 Infusion Pharmacy Services (My CHS Rx) | URAC Specialty Pharmacy (per system web page, cert not matched) | ACHC Specialty Pharmacy (per system web page, record not matched)",,https://www.catholichealthli.org/services/pharmacy/specialty-pharmacy | https://www.catholichealthli.org/services/home-infusion,2026-10-02,ACHC 96711,"SPP010563: Catholic Health Buffalo (Sisters Hospital), different NY system | ACHC 84981: Catholic Health Buffalo, different system | ACHC 96858: Catholic Health System Infusion Pharmacy, Depew/Buffalo, different system | ACHC 40119: Buffalo home infusion therapy, different system",WebSearch Catholic Health Rockville Centre specialty pharmacy | https://www.catholichealthli.org/services/pharmacy/specialty-pharmacy | Shields list: not present (Long Island),"Hospital list is Long Island (Catholic Health Long Island); the Buffalo URAC/ACHC records belong to a separate system. Accreditation records for My CHS Rx specialty were not in the candidate set, so rated Medium.",,,
HSI00000496,Hospital Sisters Health System,IL,1705.0,Hospital Sisters Health System,partly closed,,https://www.weau.com/2024/03/22/hshs-sacred-heart-hospital-closed/,2024-03-22,Hospital Sisters Health System merger OR acquisition OR renamed OR closed OR sold 2024 2025 2026,False,"Owned, not accredited",Medium,HSHS website specialty pharmacy page + NPPES specialty primary (St. John's); no URAC/ACHC found,HSHS Specialty Pharmacy | HSHS Community Pharmacy,HSHS (St. John's Hospital of the Hospital Sisters of the Third Order of St. Francis),,,https://www.hshs.org/services/pharmacy/specialty | https://npiregistry.cms.hhs.gov/provider-view/1912849175,2026-10-02,1912849175 | 1124960307,"1669969531: community/retail pharmacy at St. Elizabeth's, specialty not primary and no specialty evidence",WebSearch HSHS specialty pharmacy | https://www.hshs.org/services/pharmacy/specialty | WebSearch HSHS closures | Shields list: not present,"Sacred Heart (Eau Claire) and St. Joseph's (Chippewa Falls) closed 2024-03-22; remaining hospitals classified. Page describes a delivery/coordination service and OptumRx is only a payer-mandated alternative, not a manager.",,,
HSI00000513,Inova Health System,VA,1682.0,Inova Health System,unchanged,,https://www.ffxnow.com/2026/09/24/inova-acquires-medical-office-buildings-adding-to-merrifield-footprint/,,Inova Health System merger OR acquisition OR renamed OR closed OR sold 2024 2025 2026,False,Managed or partnered,High,"Shields partner list (Inova Health System, Falls Church VA) + URAC SPP010596 + ACHC 76920",Inova Retail and Specialty Pharmacy,Inova Health Care Services (system subsidiary),URAC SPP010596 Specialty Pharmacy | ACHC 76920 Specialty Pharmacy Services,Shields Health Solutions,https://www.urac.org/directory/accreditation-details/?certification=SPP010596 | https://www.inova.org/our-services/inova-retail-pharmacy-services | https://shieldshealthsolutions.com/about-us/partner-health-systems,2026-10-02,SPP010596 | 76920 | 1992262612,,WebSearch Inova specialty pharmacy Shields | https://www.inova.org/our-services/inova-pharmacy-services | Shields partner list file,Shields rule applied; accreditations held in own subsidiary.,Inova Health System (VA),,
HSI00000577,Lehigh Valley Health Network,PA,1679.0,Lehigh Valley Health Network,merged into,Jefferson Health (Thomas Jefferson University),https://www.jefferson.edu/about/news-and-events/2024/08/jefferson-lehigh-valley-health-network-complete-combination.html,2024-08-01,Lehigh Valley Health Network merger OR acquisition OR renamed OR closed OR sold 2024 2025 2026,False,"Owned, accredited",High,"URAC SPP010604 + ACHC 95429 held by Lehigh Valley Hospital, Inc.; via Jefferson (merged 2024)",Lehigh Valley Pharmacy Services,"Lehigh Valley Hospital, Inc. (system member, now Jefferson)",URAC SPP010604 Specialty Pharmacy | ACHC 95429 Specialty Pharmacy Services,,https://www.urac.org/directory/accreditation-details/?certification=SPP010604 | https://www.jeffersonhealth.org/lvhn | https://www.lvhn.org/sites/default/files/2025-09/LVHN%20Pharmacy%20Services%20Annual%20Report%202024.pdf,2026-10-02,SPP010604 | 95429 | 1356364491 | 1992261382 | 1780607929,,WebSearch LVHN Jefferson merger specialty pharmacy | https://www.lvhn.org pharmacy annual report 2024 (PDF unparseable) | Shields list: not present,Merged into Jefferson Health Aug 2024; LVHN pharmacy continues under its own accreditations. Jefferson's own specialty pharmacy not assessed.,,,
HSI00000452,Hartford Healthcare,CT,1674.0,Hartford HealthCare,unchanged,,https://www.fiercehealthcare.com/providers/bankrupt-prospect-accepts-hartford-healthcares-861m-bid-2-conn-hospitals,,Hartford Healthcare merger OR acquisition OR renamed OR closed OR sold 2024 2025 2026,False,Managed or partnered,High,"Shields partner list (Hartford HealthCare, Hartford CT) plus URAC and ACHC records for Hartford Hospital pharmacy",Hartford HealthCare Community Pharmacy | Hartford HealthCare Specialty Pharmacy Program,Hartford Hospital,URAC SPP010162 Specialty Pharmacy | ACHC 73688 Specialty Pharmacy Services,Shields Health Solutions,https://shieldshealthsolutions.com/about-us/partner-health-systems | https://www.urac.org/directory/accreditation-details/?certification=SPP010162 | https://hartfordhealthcare.org/services/specialty-pharmacy,2026-10-02,SPP010162 | 73688,,WebSearch: Hartford HealthCare specialty pharmacy Shields | https://hartfordhealthcare.org/services/specialty-pharmacy | Shields partner list file,"Specialty program serves Hartford Hospital, MidState and Hospital of Central Connecticut. Status search showed no ownership change; Shields listing drives the tier.",Hartford HealthCare (CT),,
HSI00000771,Norton Healthcare,KY,1665.0,Norton Healthcare,unchanged,,https://nortonhealthcare.com/news/clark-and-scott-hospitals-join-norton-healthcare/,,Norton Healthcare merger OR acquisition OR renamed OR closed OR sold 2024 2025 2026,False,"Owned, accredited",High,URAC SPP010721 and ACHC 74180 held by Norton Hospitals Inc; NPPES agrees; not on Shields list,Norton Specialty Pharmacy | Norton Pharmacy Home Infusion Services,"Norton Hospitals, Inc.",URAC SPP010721 Specialty Pharmacy | ACHC 74180 Specialty Pharmacy Services | ACHC 98718 Infusion Pharmacy Services,,https://www.urac.org/directory/accreditation-details/?certification=SPP010721 | https://npiregistry.cms.hhs.gov/provider-view/1629234703,2026-10-02,SPP010721 | 74180 | 98718 | 1629234703 | 1326783358,"SPP010634: Ashland Hospital Corp (King's Daughters, Ashland KY) is a different system from Kings Daughters Hospital in Madison IN | 1487387874: same Ashland KY King's Daughters entity, unrelated",WebSearch: Norton Healthcare Norton Specialty Pharmacy merger OR acquisition 2025 2026 | Shields partner list file,"Norton acquired Indiana hospitals from LifePoint (Harrison, Scott, Madison) but remains non-profit; no outside manager found. Own website pharmacy page not fetched, but two accreditations plus NPPES agree.",,,
HSI00000357,Fairview Health Services,MN,1636.0,Fairview Health Services,unchanged,,https://www.healthcaredive.com/news/sanford-health-fairview-health-services-cancel-merger/689311/,,Fairview Health Services merger OR acquisition OR renamed OR closed OR sold 2024 2025 2026,False,Managed or partnered,High,Shields partner list (M Health Fairview) plus URAC SPP010453 and rdcoe010019 for Fairview Pharmacy Services LLC,Fairview Specialty Pharmacy | Fairview Home Infusion,"Fairview Pharmacy Services, LLC (system subsidiary)",URAC SPP010453 Specialty Pharmacy | URAC rdcoe010019 Rare Disease Pharmacy Center of Excellence,Shields Health Solutions,https://shieldshealthsolutions.com/about-us/partner-health-systems | https://www.urac.org/directory/accreditation-details/?certification=SPP010453 | https://www.mhealthfairview.org/locations/fairview-specialty-pharmacy,2026-10-02,SPP010453 | rdcoe010019 | 1427080415 | 1093226326 | 1619909694 | 1508890450 | 1386158418,,WebSearch: Fairview Pharmacy Services specialty pharmacy 2026 Shields | https://www.mhealthfairview.org/locations/fairview-specialty-pharmacy | Shields partner list file,Operates under the M Health Fairview brand with the same hospitals. Shields partner status rests on the partner list rule; the web search did not independently show it.,M Health Fairview (MN),,
HSI00001284,Ballad Health,TN,1635.0,Ballad Health,unchanged,,https://en.wikipedia.org/wiki/Ballad_Health,,Ballad Health merger OR acquisition OR renamed OR closed OR sold 2024 2025 2026,False,"Owned, accredited",High,URAC SPP010219/220/221 and ACHC 93093/93094/93095 held by Ballad predecessor entities; Ballad news page confirms; not on Shields list,"Ballad Health Specialty Pharmacy (Kingsport, Johnson City, Bristol)",Mountain States Health Alliance and Wellmont Health System (Ballad subsidiaries),URAC SPP010219 Specialty Pharmacy | URAC SPP010220 Specialty Pharmacy | URAC SPP010221 Specialty Pharmacy | ACHC 93093 Specialty Pharmacy Services | ACHC 93095 Specialty Pharmacy Services | ACHC 93094 Specialty Pharmacy Services,,https://www.balladhealth.org/news/specialty-pharmacy-high-level-accreditations | https://www.urac.org/directory/accreditation-details/?certification=SPP010220,2026-10-02,SPP010219 | SPP010220 | SPP010221 | 93093 | 93095 | 93094 | 1255919130 | 1518545573 | 1255919122,,WebSearch: Ballad Health Specialty Pharmacy 2026 | https://www.balladhealth.org/news/specialty-pharmacy-high-level-accreditations | Shields partner list file,"MSHA and Wellmont are the merged predecessors of Ballad. NPPES hits are BH Specialty Pharmacy sites, not primary-taxonomy, but corroborate.",,,
HSI00000977,Sharp Healthcare,CA,1601.0,Sharp HealthCare,unchanged,,https://www.sharp.com/about/timeline,,Sharp Healthcare merger OR acquisition OR renamed OR closed OR sold 2024 2025 2026,False,Managed or partnered,High,Shields partner list and Jan 2024 Shields/Sharp press release; URAC SPP010293 and ACHC 79895 agree,Sharp Specialty Pharmacy Services,Grossmont Hospital Corporation (Sharp subsidiary),URAC SPP010293 Specialty Pharmacy | ACHC 79895 Specialty Pharmacy Services,Shields Health Solutions,https://shieldshealthsolutions.com/shields-health-solutions-and-sharp-healthcare-partner-to-enhance-specialty-pharmacy-services/ | https://shieldshealthsolutions.com/about-us/partner-health-systems | https://www.urac.org/directory/accreditation-details/?certification=SPP010293,2024-01-30,SPP010293 | 79895 | 1932485307,,WebSearch: Sharp HealthCare Sharp Specialty Pharmacy Services Shields Health Solutions | https://www.sharp.com/locations/sharp-specialty-pharmacy | Shields partner list file,Press release dated 2024-01-30.,Sharp HealthCare (CA),,
HSI00000636,McLaren Health Care Corporation,MI,1600.0,McLaren Health Care,unchanged,,https://www.crainsdetroit.com/health-care/mclaren-health-care-acquires-clarkston-medical-group,,McLaren Health Care Corporation merger OR acquisition OR renamed OR closed OR sold 2024 2025 2026,False,"Owned, accredited",High,"URAC SPP010709 + ACHC 82267 (Karmanos Specialty Pharmacy, KSP) plus McLaren/Karmanos web pages",KSP (Karmanos Specialty Pharmacy) | McLaren Home Infusion,Barbara Ann Karmanos Cancer Hospital (McLaren member); McLaren Health Management Group (infusion),URAC SPP010709 Specialty Pharmacy | ACHC 82267 Specialty Pharmacy Services | ACHC 82687 Infusion Pharmacy Services,,https://www.karmanos.org/karmanos-foundation/news/ksp-mclarens-specialty-pharmacy-earns-full-urac-re-4582 | https://www.mclaren.org/main/infusion-services | https://www.urac.org/directory/accreditation-details/?certification=SPP010709,2026-10-02,SPP010709 | 82267 | 82687 | 1497326805 | 1639661077 | 1720112535,"1568954014: Pontiac General Hospital Pharmacy Inc, community/retail taxonomy primary, not specialty",WebSearch McLaren merger/acquisition 2025 2026 | WebSearch McLaren/Karmanos specialty pharmacy | mclaren.org/main/infusion-services (via search) | karmanos.org KSP press (via search) | Shields partner list (McLaren absent),"KSP markets itself as McLaren's specialty pharmacy; McLaren is not on the Shields list. Status search showed only physician-group acquisitions, no system-level change.",,,
HSI00000060,Atlantic Health System,NJ,1568.0,Atlantic Health System,unchanged,,https://www.healthcaredive.com/news/saint-peters-atlantic-health-scrap-merger/802213/,,Atlantic Health System merger OR acquisition OR renamed OR closed OR sold 2024 2025 2026,False,None found,Medium,No URAC/ACHC/NPPES candidates; own pharmacy pages show only retail and infusion-center pharmacies,,,,,https://www.atlantichealth.org/services/pharmacy-services,2026-10-02,,,https://www.atlantichealth.org | https://www.atlantichealth.org/services/pharmacy-services | https://ahs.atlantichealth.org/patients-visitors/hospital-stays-visits/pharmacy-services.html | WebSearch Atlantic Health specialty pharmacy OR home infusion | Shields partner list (absent),Site mentions retail pharmacies at Morristown and Newton and infusion centers only; no specialty or home infusion pharmacy found. No dedicated merger search was run; status rests on the current system homepage.,,,
HSI00000714,Multicare Health System,WA,1536.0,MultiCare Health System,unchanged,,https://www.fiercehealthcare.com/providers/samaritan-health-services-join-multicare-health-system,,Multicare Health System merger OR acquisition OR renamed OR closed OR sold 2024 2025 2026,False,"Owned, accredited",High,URAC SPP010680 + ACHC 94847 (system-owned) + MultiCare Specialty Pharmacy web page,MultiCare Specialty Pharmacy | MultiCare Medical Center ED Pharmacy | Mary Bridge Children's Home Health Care (home infusion),MultiCare Health System,URAC SPP010680 Specialty Pharmacy | ACHC 94847 Specialty Pharmacy Services,,https://www.multicare.org/services/pharmacy/specialty-pharmacy/ | https://www.urac.org/directory/accreditation-details/?certification=SPP010680 | https://npiregistry.cms.hhs.gov/provider-view/1952184624,2026-10-02,SPP010680 | 94847 | 1952184624 | 1164536025,"SPP010142: Yakima Valley Farm Workers Clinic, independent FQHC, not system-owned | 93381: Yakima Valley Farm Workers Clinic, independent | 1033355599: Yakima Valley Farm Workers Clinic, independent | 1851626865: Navos generic pharmacy taxonomy, not specialty | 1942300926: generic pharmacy taxonomy, not specialty | 1568719359: clinic pharmacy taxonomy, not specialty",WebSearch MultiCare specialty pharmacy | multicare.org specialty pharmacy page (seen via search results; direct fetch returned 403) | Shields partner list (absent),Status 'unchanged' rests on the current MultiCare website; no separate merger search was run. The specialty pharmacy page was seen via search results only because direct fetch was blocked.,,,
HSI00000323,Duke University Health System,NC,1535.0,Duke University Health System,unchanged,,https://corporate.dukehealth.org/news/duke-health-completes-acquisition-lake-norman-regional-medical-center,,Duke University Health System merger OR acquisition OR renamed OR closed OR sold 2024 2025 2026,False,Managed or partnered,High,Shields partner list + Shields/Duke May 2025 announcement; URAC SPP010074 and ACHC 97277/97278,Duke Specialty Pharmacy | Duke Cancer Center Specialty Pharmacy | Duke North Pavilion Retail Pharmacy | Duke Regional Hospital Outpatient Pharmacy,"Duke University Health System, Inc.",URAC SPP010074 Specialty Pharmacy | ACHC 97277 Specialty Pharmacy Services | ACHC 97278 Specialty Pharmacy Services,Shields Health Solutions,https://shieldshealthsolutions.com/duke-health-specialty-pharmacy-partnership/ | https://www.beckershospitalreview.com/pharmacy/duke-health-partners-with-shields-health-solutions-to-expand-specialty-pharmacy-services/ | https://www.urac.org/directory/accreditation-details/?certification=SPP010074 | https://shieldshealthsolutions.com/about-us/partner-health-systems,2025-05-13,SPP010074 | 97277 | 97278 | 1053682146 | 1235729948 | 1366024085,,"WebSearch Duke Health specialty pharmacy Shields | Shields partner list (Duke Health, Durham NC)",URAC record expires 2026-11-01 but is treated as current. No merger or rename found.,Duke Health (NC),,
HSI00001174,University of Kentucky Healthcare,KY,1521.0,UK HealthCare,unchanged,,https://en.wikipedia.org/wiki/UK_HealthCare,,University of Kentucky Healthcare merger OR acquisition OR renamed OR closed OR sold 2024 2025 2026,False,"Owned, accredited",High,URAC SPP010673/SPP010070/rdcoe010002 + ACHC 72604 (UK Specialty Pharmacy & Infusion Services) + King's Daughters URAC SPP010634,UK Specialty Pharmacy & Infusion Services | King's Daughters Specialty Pharmacy,University of Kentucky (parent); Ashland Hospital Corporation (UK King's Daughters),URAC SPP010673 Specialty Pharmacy | URAC SPP010070 Specialty Pharmacy | URAC rdcoe010002 Rare Disease Pharmacy Center of Excellence | ACHC 72604 Specialty Pharmacy Services | URAC SPP010634 Specialty Pharmacy (King's Daughters),,https://www.urac.org/directory/accreditation-details/?certification=SPP010673 | https://uknow.uky.edu/uk-healthcare/uk-king-s-daughters-joins-kch-affiliate-network | https://www.kingsdaughtershealth.com/services/pharmacy-services/family-pharmacy-retail-pharmacy-/,2026-10-02,SPP010673 | SPP010070 | rdcoe010002 | 72604 | SPP010634 | 1295190833 | 1487387874,"SPP010172: Pikeville Medical Center, independent Kentucky nonprofit, not a UK member | 1073609731: clinic pharmacy taxonomy, not specialty primary",WebSearch UK HealthCare specialty pharmacy King's Daughters 2025 2026 | Shields partner list (absent),King's Daughters (Ashland) became part of UK in Dec 2022. No UK specialty pharmacy web page was fetched; the call rests on two accreditors plus NPPES.,,,
HSI00000074,Baptist Health,AR,1512.0,Baptist Health,unchanged,,https://www.baptist-health.org/news/facilities/baptist-health-to-acquire-south-arkansas-regional-hospital-in-el-dorado,,Baptist Health Little Rock merger OR acquisition OR renamed OR closed OR sold 2024 2025 2026,False,Infusion or home infusion only,Low,Baptist Medical Towers Pharmacy & Infusion Services listings; NPPES home infusion taxonomy; no specialty accreditation found,Baptist Health Medical Towers Pharmacy and Infusion Services,Baptist Health (Little Rock),,,https://pharmacyfinder.rxlocal.com/pharmacyFinder/ar/little-rock/baptist-health-medical-towers-pharmacy-infusion-services,2026-10-02,,"ACHC 75571 Option Care: outside for-profit home infusion tenant at the Baptist campus, not system-owned | NPI 1730675745 Option Care: same, address match only",web search: Baptist Health Little Rock specialty pharmacy | web search: Baptist Health merger/acquisition 2025 2026 | baptist-health.org Magnolia acquisition news | baptist-health.org gift shop and pharmacy page,"Still independent, adding hospitals (El Dorado, Magnolia 2026). Baptist Health AR is not the Shields-listed Baptist Health (Montgomery AL/Jacksonville FL); no specialty dispensing page found, so evidence is thin.",,,
HSI00000491,HonorHealth,AZ,1406.0,HonorHealth,unchanged,,https://www.honorhealth.com/healthy-living/honorhealth-acquire-evernorth-care-group-expanding-access-convenient-quality-care,,HonorHealth merger OR acquisition OR renamed OR closed OR sold 2024 2025 2026,False,Managed or partnered,High,"Shields partner list (Honor Health, Phoenix AZ) plus URAC and ACHC records",HonorHealth John C. Lincoln Medical Center Specialty Pharmacy | HonorHealth Home Infusion Therapy Services,HonorHealth (John C Lincoln Medical Center Specialty Pharmacy),URAC SPP010270 Specialty Pharmacy | ACHC 85605 Specialty Pharmacy Services | ACHC 85605 Infusion Pharmacy Services,Shields Health Solutions,https://www.urac.org/directory/accreditation-details/?certification=SPP010270 | https://shieldshealthsolutions.com/about-us/partner-health-systems | https://www.honorhealth.com/healthy-living/make-your-life-easier-honorhealth-pharmacy,2026-10-02,SPP010270 | ACHC 85605 (both lists) | NPI 1144762402,,web search HonorHealth specialty pharmacy Shields | honorhealth.com pharmacy page | Shields partner list,Shields rule applies; owned pharmacy holds URAC and ACHC accreditation.,,,
HSI00000756,NorthShore - Edward-Elmhurst Health,IL,1398.0,Endeavor Health,renamed,,https://www.endeavorhealth.org/about/meet-endeavor-health,2024,Endeavor Health NorthShore Edward-Elmhurst rename merger 2024 2025 2026,False,"Owned, not accredited",Medium,own site (curl): endeavorhealth.org/services/pharmacy says specialty medications are available at hospital-based outpatient pharmacies; no URAC/ACHC found; not on Shields list,Edward Hospital Outpatient Pharmacy | Elmhurst Hospital Outpatient Pharmacy | Evanston Hospital Outpatient Pharmacy | Skokie Hospital Outpatient Pharmacy | Highland Park Outpatient Pharmacy | Northwest Community Hospital Outpatient Pharmacy,Endeavor Health (hospital outpatient pharmacies),,,https://www.endeavorhealth.org/services/pharmacy | https://www.endeavorhealth.org/locations/edward-hospital-outpatient-pharmacy,2026-10-02,,"ACHC 88547: Vital Care of Elmhurst / Infusion Therapy LLC, Oakbrook Terrace franchise, not system-owned | 1043486269: Mark Drugs Northshore Inc, independent Deerfield retail pharmacy",endeavorhealth.org/services/pharmacy (curl 200) | endeavorhealth.org Edward and Elmhurst outpatient pharmacy pages (curl 200) | web search specialty pharmacy | web search status | Shields list (absent),Specialty drugs are dispensed through hospital outpatient pharmacies; no stand-alone specialty pharmacy or accreditation found.,,,
HSI00000675,Methodist Le Bonheur Healthcare,TN,1395.0,Methodist Le Bonheur Healthcare,unchanged,,https://www.lebonheur.org/why-le-bonheur/methodist-le-bonheur-healthcare,,Methodist Le Bonheur Healthcare merger OR acquisition OR renamed OR closed OR sold 2024 2025 2026,False,"Owned, accredited",Medium,System website states Pharm to Door is URAC-accredited as a specialty pharmacy; no URAC roster record matched,Methodist Le Bonheur Healthcare Outpatient Pharmacy | Pharm to Door,Methodist Le Bonheur Healthcare,URAC Specialty Pharmacy (per system website; cert number not found),,https://www.methodisthealth.org/healthcare-services/Pharmacy/home-delivery-prescription-service | https://www.methodisthealth.org/healthcare-services/Pharmacy/outpatient-pharmacy-service,2026-10-02,,,web search Methodist Le Bonheur specialty pharmacy | methodisthealth.org outpatient pharmacy page | web search Pharm to Door URAC,No candidates; URAC claim comes from the system's own pages and search snippets. Not on Shields list.,,,
HSI00000919,Saint Francis Health System,OK,1382.0,Saint Francis Health System,unchanged,,https://www.saintfrancis.com/about-us,,Saint Francis Health System Tulsa merger OR acquisition OR renamed OR closed OR sold 2024 2025 2026,False,"Owned, not accredited",Low,"System pharmacy page lists non-oncology specialty, oncology specialty and home infusion pharmacies; URAC claim only in a search snippet",Saint Francis Warren Clinic Tower Pharmacy | Saint Francis Oncology Pharmacy,"Saint Francis Hospital, Inc.",,,https://www.saintfrancis.com/services/pharmacy | https://npiregistry.cms.hhs.gov/provider-view/1184161283 | https://npiregistry.cms.hhs.gov/provider-view/1487191599,2026-10-02,NPI 1487191599 | NPI 1184161283,"NPI 1194590760: Muscogee (Creek) Nation tribal pharmacy, unrelated",web search Saint Francis Tulsa specialty pharmacy | saintfrancis.com pharmacy page,Search snippet said URAC accredited but the fetched page did not and no URAC record matched; verify. Not on Shields list.,,,
HSI00001230,ECU Health,NC,1367.0,ECU Health,unchanged,,https://en.wikipedia.org/wiki/ECU_Health,,ECU Health merger OR acquisition OR renamed OR closed OR sold 2024 2025 2026,False,"Owned, accredited",High,URAC + ACHC records and ECU Health specialty pharmacy web page,ECU Health Specialty Pharmacy | ECU Health Home Infusion,"Pitt County Memorial Hospital, Incorporated (ECU Health Medical Center)",URAC SPP010055 Specialty Pharmacy | ACHC 77841 Specialty Pharmacy Services | ACHC 88847 Infusion Pharmacy Services,,https://www.urac.org/directory/accreditation-details/?certification=SPP010055 | https://www.ecuhealth.org/services/pharmacy-services/specialty-pharmacy/,2026-10-02,urac:SPP010055 | achc:77841 | achc:88847 | nppes:1598272379,"achc:75059: East Carolina University Family Practice Pharmacy, university clinic pharmacy, not system-owned | nppes:1669589230: East Carolina University (university) Leo Jenkins pharmacy, stale 2017, not the system | nppes:1619027034: ECU family practice clinic pharmacy, not specialty primary | nppes:1992922090: employee retail pharmacy, not specialty",ecuhealth.org specialty pharmacy page | WebSearch status | WebSearch specialty pharmacy,"Page mentions ACHC and URAC accreditation. Wikipedia notes Vidant renamed ECU Health in 2022, before the 2023 baseline.",,,SPP010055 expires 2026-10-01
HSI00000375,Franciscan Health,IN,1366.0,Franciscan Health,unchanged,,https://www.primehealthcare.com/prime-healthcare-expands-mission-in-illinois-with-franciscan-health-olympia-fields/,,Franciscan Health merger OR acquisition OR renamed OR closed OR sold 2024 2025 2026,False,"Owned, not accredited",Medium,Franciscan Health specialty pharmacy page + NPPES; ACHC only infusion,Franciscan Specialty Pharmacy | Franciscan Home Infusion Pharmacy Lafayette,Franciscan Alliance / Franciscan Health Lafayette,ACHC 90412 Infusion Pharmacy Services,,https://www.franciscanhealth.org/conditions-and-services/pharmacy/specialty-pharmacy | https://directory.franciscanhealth.org/location/franciscan-specialty-pharmacy,2026-10-02,achc:90412 | nppes:1770436743,,franciscanhealth.org specialty pharmacy page | franciscanhealth.org pharmacy page (search result) | WebSearch status | WebSearch specialty pharmacy,Olympia Fields hospital was sold to for-profit Prime Healthcare (about 2026-05-01); remaining hospitals classified. No specialty accreditation found on page or in URAC/ACHC candidates.,,,
HSI00001233,Virtua Health,NJ,1329.0,Virtua Health,unchanged,,https://healthcaredive.com/news/christianacare-virtua-health-end-merger-talks/808371/,,Virtua Health merger OR acquisition OR renamed OR closed OR sold 2024 2025 2026,False,"Owned, not accredited",Low,Virtua Specialty Pharmacy web page; NPPES retail record at Berlin NJ; no accreditation found,Virtua Specialty Pharmacy,Virtua Health (Virtua Home Care-Community Nursing Services Inc per NPPES),,,https://www.virtua.org/Services/Specialty-Pharmacy | https://npiregistry.cms.hhs.gov/provider-view/1689393837,2026-10-02,nppes:1689393837,,virtua.org specialty pharmacy page | WebSearch status | WebSearch specialty pharmacy,ChristianaCare merger talks ended Dec 2025. NPPES record is retail taxonomy though the contact email suggests the Berlin pharmacy is the specialty pharmacy; accreditation unverified.,,,
HSI00000068,Avera Health,SD,1324.0,Avera Health,unchanged,,https://en.wikipedia.org/wiki/Avera_Health,,Avera Health merger OR acquisition OR renamed OR closed OR sold 2024 2025 2026,False,Managed or partnered,High,Shields partner list (rule) + URAC and ACHC records,Avera Specialty Pharmacy | Avera McKennan Home Infusion,Avera McKennan (system member hospital),URAC SPP010286 Specialty Pharmacy | ACHC 66035 Specialty Pharmacy Services,Shields Health Solutions,https://shieldshealthsolutions.com/about-us/partner-health-systems | https://www.urac.org/directory/accreditation-details/?certification=SPP010286 | https://www.avera.org/services/pharmacy/specialty-pharmacy-services/,2026-10-02,urac:SPP010286 | achc:66035 | nppes:1346266202 | nppes:1164492906,"nppes:1962787440: retail pharmacy, not specialty | nppes:1407141344: dermatology retail pharmacy | nppes:1932651122: campus retail pharmacy",Shields partner list | avera.org specialty pharmacy search result | WebSearch status,"Avera appears on Shields list for Rock Valley IA, Granite Falls MN, Creighton NE and Sioux Falls SD.",Avera Health (IA); Avera Health (MN); Avera Health (NE); Avera Health (SD),,
HSI00000218,ChristianaCare,DE,1296.0,ChristianaCare,unchanged,,https://delawarebusinesstimes.com/news/christianacare-virtua-end-merger/,,ChristianaCare merger OR acquisition OR renamed OR closed OR sold 2024 2025 2026,False,"Owned, not accredited",Medium,ChristianaCare specialty pharmacy web page and 2021 news release; no accreditation found,ChristianaCare Specialty Pharmacy,ChristianaCare,,,https://christianacare.org/us/en/care/specialty-care/pharmacy | https://news.christianacare.org/2021/02/specialty-pharmacy-open-at-christianacare/,2026-10-02,,,christianacare.org pharmacy page | WebSearch status | WebSearch specialty pharmacy,Merger talks with Virtua ended Dec 2025. No URAC/ACHC/NPPES candidates found; accreditation unverified.,,,
HSI00001222,Vanderbilt Health,TN,1292.0,Vanderbilt Health,unchanged,,https://www.clarksvilleonline.com/2026/02/02/vanderbilt-health-completes-acquisition-of-tennova-clarksville-hospital-expands-regional-care/,,Vanderbilt Health merger OR acquisition OR renamed OR closed OR sold 2024 2025 2026,False,"Owned, accredited",High,URAC SPP010502 + ACHC 65922/66042 + VUMC/VSP web pages; not on Shields list,Vanderbilt Specialty Pharmacy | Vanderbilt Integrated Pharmacy | Vanderbilt Outpatient Pharmacy,Vanderbilt University Medical Center,URAC SPP010502 Specialty Pharmacy | URAC rdcoe010021 Rare Disease Pharmacy Center of Excellence | ACHC 65922 Specialty Pharmacy Services | ACHC 66042 Specialty Pharmacy Services,,https://www.urac.org/directory/accreditation-details/?certification=SPP010502 | https://www.vanderbiltspecialtypharmacy.com/about-us | https://news.vumc.org/2026/09/24/kevin-byram-named-medical-director-of-the-vanderbilt-specialty-pharmacy/,2026-09-24,urac:SPP010502 | urac:rdcoe010021 | achc:65922 | achc:66042 | nppes:1962922435 | nppes:1679971485 | nppes:1316974231,"achc:37571: Option Care infusion entity (Vanderbilt HC/Option Care IV JV), infusion only, not wholly owned | achc:90295: Option Care Home Infusion Therapy JV, infusion only | nppes:1740203140: community/retail primary, specialty secondary, 2018 legacy VUMC outpatient pharmacy (same owner, not separate evidence) | nppes:1013215086: legacy 2011 outpatient pharmacy record, retail primary | nppes:1285091330: retail outpatient pharmacy record | nppes:1700800877: institutional children's hospital pharmacy | nppes:1932352283: general pharmacy record, not specialty taxonomy",WebSearch: Vanderbilt specialty pharmacy 2026 | https://www.vanderbiltspecialtypharmacy.com/about-us | https://news.vumc.org/2026/09/24/kevin-byram-named-medical-director-of-the-vanderbilt-specialty-pharmacy/ | Shields partner list,"VSP is a VUMC-owned, dually URAC/ACHC accredited health-system specialty pharmacy with no outside manager. An Option Care JV (Vanderbilt HC/Option Care IV Services) handles home infusion.",,,
HSI00000388,Geisinger,PA,1292.0,Geisinger,acquired by,Risant Health,https://www.geisinger.org/about-geisinger/news-and-media/news-releases/2024/04/02/15/07/risant-health-completes-acquisition-of-geisinger,2024-03-31,Geisinger merger OR acquisition OR renamed OR closed OR sold 2024 2025 2026,False,"Owned, accredited",High,URAC SPP010578 + ACHC 79146 etc.; Geisinger's own pharmacy (Risant has no separate specialty pharmacy serving these hospitals),Geisinger Specialty Pharmacy | Geisinger Home Infusion Services,"Geisinger Pharmacy, LLC (Geisinger subsidiary)",URAC SPP010578 Specialty Pharmacy | ACHC 79146 Specialty Pharmacy Services | ACHC 89179 Specialty Pharmacy Services | ACHC 89180 Specialty Pharmacy Services | ACHC 89181 Specialty Pharmacy Services,,https://www.urac.org/directory/accreditation-details/?certification=SPP010578 | https://www.prnewswire.com/news-releases/risant-health-completes-acquisition-of-geisinger-302105927.html,2026-10-02,urac:SPP010578 | achc:79146 | achc:89179 | achc:89180 | achc:89181 | achc:82119 | achc:86417 | achc:95240 | achc:96643 | nppes:1346366879,,"WebSearch: Geisinger Risant Health Kaiser specialty pharmacy | WebFetch geisinger.org (blocked by bot check, 404 on pharmacy page) | Shields partner list","Geisinger joined nonprofit Risant Health (Kaiser) in 2024 and keeps its own name. Home infusion ACHC records (82119, 86417, 95240, 96643) are the same Geisinger Pharmacy LLC.",,,
HSI00000936,Saint Lukes University Health Network,PA,1292.0,St. Luke's University Health Network,unchanged,,https://www.wfmz.com/news/area/southeastern-pa/upper-bucks-county/here-for-the-next-113-years-st-luke-s-grand-view-looks-to-the-future-amid-financial-turnaround/article_db44f837-7858-4baf-a416-6e83cc3531eb.html,,Saint Lukes University Health Network merger OR acquisition OR renamed OR closed OR sold 2024 2025 2026,False,"Owned, accredited",High,ACHC 77624 Specialty Pharmacy Services + slhn.org HomeStar page stating system ownership; not on Shields list,St. Luke's HomeStar Pharmacy | Homestar RX and Infusion Services,St. Luke's Homestar Services LLC (St. Luke's University Health Network subsidiary),ACHC 77624 Specialty Pharmacy Services | ACHC 77624 Infusion Pharmacy Services,,"https://organization.achc.org/print?legalCompanyName=St.%20Luke’s%20Homestar%20Services%20LLC&dbaCompanyName=Homestar%20RX%20and%20Infusion%20Services&companyID=77624&full_address=Bethlehem%20,%20PA%2018017&physicalAddress=77%20S%20Commerce%20Way%20Suite%20200, | https://www.slhn.org/homestar",2026-10-02,achc:77624:specialty | achc:77624:infusion | nppes:1790945640 | nppes:1548622616 | nppes:1306362710,,WebSearch: St. Luke's Homestar merger/acquisition 2025 2026 | https://www.slhn.org/homestar | Shields partner list,HomeStar is system-owned and offers specialty and home infusion; the three NPPES records are retail-primary HomeStar locations of the same LLC. St. Luke's acquired Grand View Health in July 2025 with no name or ownership change to the system.,,,
HSI00000842,Premier Health,OH,1282.0,Premier Health,unchanged,,https://www.premierhealth.com/news-and-events/news,,Premier Health Dayton merger OR acquisition OR renamed OR closed OR sold 2024 2025 2026,False,Managed or partnered,High,URAC SPP010432 + premierhealth.com page stating pharmacy is operated by Fidelity Health Care,Premier Health Specialty Pharmacy,Miami Valley Hospital (Premier Health member),URAC SPP010432 Specialty Pharmacy,Fidelity Health Care,https://www.urac.org/directory/accreditation-details/?certification=SPP010432 | https://www.premierhealth.com/locations/pharmacies/specialty-pharmacy,2026-10-02,urac:SPP010432 | nppes:1467228486,"nppes:1699307462: Premier Rheumatology Group and Infusion LLC in Cleveland, unrelated",WebSearch: Premier Health specialty pharmacy Miami Valley 2026 | https://www.premierhealth.com/locations/pharmacies/specialty-pharmacy | Shields partner list,System site states the specialty pharmacy is operated by Fidelity Health Care; not on Shields list. Premier appears to retain ownership via Miami Valley Hospital.,,,
HSI00000673,Methodist Health System,TX,1266.0,Methodist Health System,unchanged,,https://www.methodisthealthsystem.org/about,,Methodist Health System Dallas merger OR acquisition OR renamed OR closed OR sold 2024 2025 2026,False,Managed or partnered,High,URAC SPP010611 + ACHC 94808 for Methodist Community Pharmacy LLC; no outside manager found; not on Shields list,Methodist Community Pharmacy - Dallas,"Methodist Community Pharmacy, LLC (Methodist Health System subsidiary)",URAC SPP010611 Specialty Pharmacy | ACHC 94808 Specialty Pharmacy Services,Shields Health Solutions,https://www.urac.org/directory/accreditation-details/?certification=SPP010611 | https://www.methodisthealthsystem.org/patients-visitors/patient-tools-support/methodist-community-pharmacy | https://mcpdallas.com/specialty-pharmacy | https://shieldshealthsolutions.com/about-us/partner-health-systems,2026-10-02,urac:SPP010611 | achc:94808 | nppes:1538633326,"urac:SPP010622: Texas Health Harris Methodist Fort Worth, different system | urac:SPP010047: Houston Methodist (The Methodist Hospital), different system | achc:85388: Oncology Pharmacy Services Inc (Texas Oncology Pharmacy), separate owner | achc:99899: Texas Health Retail Pharmacy, different system | achc:76082: Houston Methodist Pharmacy, different system | nppes:1568451763: Methodist Children's Hospital Lubbock (Covenant), different system | nppes:1427070770: Oncology Pharmacy Services, Texas Oncology | nppes:1477376119: Texas Health Fort Worth | nppes:1073112272: Houston Methodist | nppes:1801208665: Houston Methodist",WebSearch: Methodist Health System Dallas 2025 2026 news | WebSearch: Methodist Community Pharmacy specialty pharmacy partnership | https://www.methodisthealthsystem.org/patients-visitors/patient-tools-support/methodist-community-pharmacy | https://methodistrx.org/ (403) | https://mcpdallas.com/about-us (403) | Shields partner list,Methodist Charlton Medical Center renamed Methodist Southwest Medical Center on 2026-08-01; system unchanged. Houston Methodist is on the Shields list but is a different system; ownership of the LLC is inferred from name and system website listing.,Houston Methodist (TX),"on Shields partner list: Owned, accredited -> Managed or partnered",
HSI00001179,University of Rochester Medical Center,NY,1254.0,University of Rochester Medicine,renamed,,https://www.fingerlakes1.com/2026/04/16/urmc-ur-medicine-to-be-rebranded-as-university-of-rochester-medicine-in-systemwide-change/,2026-04-16,University of Rochester Medical Center merger OR acquisition OR renamed OR closed 2024 2025 2026,False,"Owned, accredited",High,URAC SPP010482 + ACHC Specialty Pharmacy Services records for University of Rochester Specialty Pharmacy,University of Rochester Specialty Pharmacy | UR Medicine Home Infusion Pharmacy,University of Rochester (Strong Memorial Hospital Division),URAC SPP010482 Specialty Pharmacy | ACHC 83082 Specialty Pharmacy Services | ACHC 93397 Specialty Pharmacy Services | ACHC 83083 Specialty Pharmacy Services,,https://www.urac.org/directory/accreditation-details/?certification=SPP010482 | https://www.fingerlakes1.com/2026/04/16/urmc-ur-medicine-to-be-rebranded-as-university-of-rochester-medicine-in-systemwide-change/,2026-10-02,SPP010482 | 83082 | 93397 | 83083 | 1336586668 | 1609314343 | 1558004531,"SPP010280: Rochester General Hospital / Wilson Pharmacy belongs to Rochester Regional Health, a separate system | 80073: Rochester General Hospital Wilson Pharmacy, Rochester Regional Health | 45287: Rochester Regional Health Home Infusion Pharmacy, separate system | 1255847489: Rochester General Hospital Wilson Pharmacy, Rochester Regional Health",web search: status query | urac.org candidate record | fingerlakes1.com rebrand article,Rebranded April 2026 from URMC/UR Medicine; individual hospitals keep names. Not on Shields list.,,,
HSI00000814,Peacehealth,WA,1254.0,PeaceHealth,unchanged,,https://www.peacehealth.org/news/2024-10-03/peacehealth-acquire-four-clark-county-based-providence-clinic-sites,,PeaceHealth merger OR acquisition OR renamed OR closed 2024 2025 2026,False,Managed or partnered,Medium,PeaceHealth/Ardon Health specialty pharmacy partnership page and Becker's; no URAC/ACHC records,Ardon Health (partner specialty pharmacy) | Emerging Health (partner infusion pharmacy) | PeaceHealth Home Infusion,Ardon Health (outside specialty pharmacy),,Ardon Health,https://www.peacehealth.org/healthy-you/ardon-health-emerging-health-and-peacehealth-announce-innovative-partnership-deliver | https://www.beckershospitalreview.com/pharmacy/peacehealth-partners-with-2-pharmacy-companies/,2026-10-02,,"1922018639: employee/outpatient retail pharmacy, specialty only a secondary taxonomy | 1477209864: St John retail pharmacy, no specialty evidence | 1588319057: Southwest outpatient retail pharmacy, no specialty evidence | 1811252687: St John hospital pharmacy, no specialty evidence",peacehealth.org partnership page (search) | peacehealth.org home infusion and outpatient pharmacy pages (search results) | Becker's partnership article,Specialty fills go through a Specialty Medication Clinic and to partner Ardon Health when PeaceHealth cannot fill; PeaceHealth also lists home infusion. Not on Shields list; home-infusion page fetch returned 403.,,,
HSI00001033,Stanford Health Care,CA,1253.0,Stanford Health Care,unchanged,,https://stanfordhealthcare.org/content/dam/SHC/about-us/bondholder-information/docs/FY-25-SHC-Audited-FS.pdf,,Stanford Health Care merger OR acquisition OR renamed OR closed 2024 2025 2026,False,Managed or partnered,High,"Shields partner list (Stanford Health Care, Stanford CA) plus URAC and ACHC records",Stanford Health Care Pharmacy | Stanford Health Care Specialty Pharmacy | Stanford Children's Health Specialty Pharmacy,Stanford Health Care; Lucile Salter Packard Children's Hospital at Stanford,URAC SPP010274 Specialty Pharmacy | URAC SPP010584 Specialty Pharmacy | ACHC 91761 Specialty Pharmacy Services | ACHC 99444 Specialty Pharmacy Services | ACHC 98514 Specialty Pharmacy Services,Shields Health Solutions,https://www.urac.org/directory/accreditation-details/?certification=SPP010274 | https://www.urac.org/directory/accreditation-details/?certification=SPP010584 | https://shieldshealthsolutions.com/about-us/partner-health-systems,2026-10-02,SPP010274 | SPP010584 | 91761 | 99444 | 98514 | 1053835595 | 1760366132 | 1346699709 | 1407864374,"1528976669: generic Pharmacy taxonomy at corporate address with CFO as official, no specialty pharmacy evidence",web search: status query | urac.org candidate records | Shields partner list,Tier set by Shields rule; system also holds its own accredited specialty pharmacies. Stanford-ValleyCare (now Tri-Valley) merger predates 2023 data.,Stanford Health Care (CA),,
HSI00000843,Presbyterian Healthcare Services,NM,1222.0,Presbyterian Healthcare Services,unchanged,,https://www.healthcaredive.com/news/unitypoint-health-presbyterian-healthcare-services-call-off-cross-market-m/696519/,,Presbyterian Healthcare Services merger OR acquisition OR renamed OR closed 2024 2025 2026,False,"Owned, accredited",High,URAC SPP010111 + ACHC 94197 + NPPES 1932400397 for Presbyterian Specialty Care Pharmacy,Presbyterian Specialty Care Pharmacy,Presbyterian Healthcare Services,URAC SPP010111 Specialty Pharmacy | ACHC 94197 Specialty Pharmacy Services,,https://www.urac.org/directory/accreditation-details/?certification=SPP010111 | https://www.healthcaredive.com/news/unitypoint-health-presbyterian-healthcare-services-call-off-cross-market-m/696519/,2026-10-02,SPP010111 | 94197 | 1932400397,,web search: status query,"UnityPoint merger was called off, so structure is unchanged. URAC record expires 2026-12-01.",,,
HSI00000968,Scripps Health,CA,1219.0,Scripps Health,unchanged,,https://www.scripps.org/about-us,,Scripps Health merger OR acquisition OR renamed OR closed 2024 2025 2026,False,"Owned, accredited",High,URAC SPP010198 + ACHC 79621 + NPPES 1922611920 for Scripps Health Specialty Pharmacy,Scripps Health Specialty Pharmacy,Scripps Health,URAC SPP010198 Specialty Pharmacy | ACHC 79621 Specialty Pharmacy Services,,https://www.urac.org/directory/accreditation-details/?certification=SPP010198 | https://www.scripps.org/for-health-care-professionals/graduate-medical-education-gme/residency-programs/scripps-health-specialty-pharmacy-residency,2026-10-02,SPP010198 | 79621 | 1922611920,,scripps.org/about-us | web search: Scripps specialty pharmacy (residency page),Independent 501(c)(3); specialty pharmacy residency starts July 2026. Not on Shields list.,,,
HSI00000546,Kettering Health,OH,1217.0,Kettering Health,unchanged,,https://www.beckershospitalreview.com/hospital-transactions-and-valuation/ohio-hospital-signs-letter-of-intent-to-join-kettering-health/,,Kettering Health merger OR acquisition OR renamed OR closed 2025 2026,False,"Owned, accredited",High,URAC SPP010102 + ACHC 88702 + system web page,Kettering Health Specialty Pharmacy,Dayton Osteopathic Hospital (Kettering Health member hospital),URAC SPP010102 Specialty Pharmacy | ACHC 88702 Specialty Pharmacy Services,,https://ketteringhealth.org/services-treatments/cancer-care/specialty-pharmacy/ | https://www.urac.org/directory/accreditation-details/?certification=SPP010102,2026-10-02,SPP010102 | 88702 | 1629511688,,WebSearch Kettering Health status | WebSearch Kettering Health Specialty Pharmacy | https://ketteringhealth.org/services-treatments/cancer-care/specialty-pharmacy/,"Own site states URAC and ACHC accreditation and no outside partner; not on Shields list. Knox Community Hospital LOI pending, not affecting classification.",,,
HSI00000658,MemorialCare Health System,CA,1191.0,MemorialCare Health System,unchanged,,https://www.memorialcare.org/press-room/greater-newport-physicians-rebrands-memorialcare-independent-physicians-underscoring,,MemorialCare merger OR acquisition OR renamed OR closed 2025 2026,False,"Owned, not accredited",Medium,System web page (MemorialCare Specialty Pharmacy Services - Long Beach); no URAC/ACHC found,MemorialCare Specialty Pharmacy Services - Long Beach | Infusion Care Pharmacy - Long Beach Medical Center,MemorialCare (Long Beach Memorial Medical Center),,,https://www.memorialcare.org/locations/memorialcare-specialty-pharmacy-services-long-beach | https://www.memorialcare.org/locations/infusion-care-pharmacy-LBMC,2026-10-02,1891890158,,WebSearch MemorialCare status | WebSearch MemorialCare specialty pharmacy | WebSearch memorialcare.org pharmacy | https://www.memorialcare.org/locations/memorialcare-specialty-pharmacy-services-long-beach,NPPES hit is the Long Beach Memorial outpatient pharmacy (specialty secondary taxonomy). Page lists no accreditation; not on Shields list.,,,
HSI00000537,Kaleida Health,NY,1176.0,Kaleida Health,unchanged,,https://hallrender.com/2026/09/25/health-provider-news-171,,Kaleida Health merger OR acquisition OR renamed OR closed 2025 2026,False,"Owned, accredited",High,URAC SPP010603 + ACHC 97210 + Buffalo News March 2026 dual-accreditation story,Kaleida Health Specialty Pharmacy | Kaleida Health Outpatient Pharmacy,Kaleida Health,URAC SPP010603 Specialty Pharmacy | ACHC 97210 Specialty Pharmacy Services (Distinction in Oncology),,https://buffalonews.com/news/community/article_81259f9e-1617-529e-96e1-9247f706b754.html | https://www.urac.org/directory/accreditation-details/?certification=SPP010603,2026-03,SPP010603 | 97210 | 1992540546,,WebSearch Kaleida status | WebSearch Kaleida specialty pharmacy URAC | https://buffalonews.com/news/community/article_81259f9e-1617-529e-96e1-9247f706b754.html,State-ordered Kaleida-ECMC combination is in progress and Bradford (PA) campus is slated to close by Dec 1 2026; neither completed as of today. Not on Shields list.,,,
HSI00000075,Baptist Health,FL,1170.0,Baptist Health,unchanged,,https://www.beckershospitalreview.com/hospital-transactions-and-valuation/baptist-health-jacksonville-ends-partnership-with-uf-health-4-notes/,,Baptist Health Jacksonville merger OR acquisition OR renamed OR closed 2025 2026,False,Managed or partnered,High,Shields partner list (Baptist Health Jacksonville) + June 9 2026 press release,Baptist Specialty Pharmacy,"Baptist Health (Jacksonville), operated with Shields Health Solutions",,Shields Health Solutions,https://www.baptistjax.com/about-us/newsroom/news-releases/shields-health-solutions-brings-integrated-specialty-pharmacy-services-to-baptist-health-in-jacksonville | https://shieldshealthsolutions.com/shields-health-solutions-brings-integrated-specialty-pharmacy-services-to-baptist-health-in-jacksonville/ | https://shieldshealthsolutions.com/about-us/partner-health-systems,2026-06-09,1134082753,"SPP010717: Oncology Specialty Pharmacy LLC / Baptist Health South Florida (Miami), different system | 85128: same Miami Lakes entity, Baptist Health South Florida | 88900: Baptist Outpatient Services Miami Lakes, Baptist Health South Florida | 1336811645: Baptist Health Pharmacy 107 Plantation, South Florida | 1598351843: Baptist Health Pharmacy 102 South Miami, South Florida | 1225624588: Baptist Health Pharmacy 103 Miami, South Florida | 1568546901: Grey Dog Inc independent retail pharmacy, Miami",WebSearch Baptist Jacksonville status | WebSearch Baptist Jacksonville Shields | https://www.baptistjax.com/about-us/newsroom/news-releases/shields-health-solutions-brings-integrated-specialty-pharmacy-services-to-baptist-health-in-jacksonville | shields_partners_20261002.txt,Confirmed NPPES 1134082753 is Southern Baptist Hospital of Florida (Jacksonville) with specialty as secondary taxonomy. No Jacksonville URAC/ACHC record found.,Baptist Health Jacksonville (FL),,
HSI00000507,Integris Health,OK,1169.0,Integris Health,unchanged,,https://integrishealth.org/services/medical/pharmacy,,Integris Health merger OR acquisition OR renamed OR closed 2025 2026,False,"Owned, accredited",High,URAC SPP010431 + ACHC 71039 + NPPES + system pharmacy page,INTEGRIS Pharmacy 4188 | INTEGRIS Health Cancer Institute Pharmacy,"INTEGRIS ProHealth, Inc. (Integris subsidiary)",URAC SPP010431 Specialty Pharmacy | ACHC 71039 Specialty Pharmacy Services,,https://integrishealth.org/locations/pharmacy/integris-health-pharmacy-cancer-institute | https://www.urac.org/directory/accreditation-details/?certification=SPP010431,2026-10-02,SPP010431 | 71039 | 1487365557 | 1588992861,"1255497525: Integris Pharmacy 4190, community/retail, not specialty-accredited","WebSearch Integris status (results mostly an unrelated IT firm) | WebSearch Integris Pharmacy 4188 | WebSearch integrishealth.org cancer institute pharmacy | https://integrishealth.org/locations/pharmacy/integris-health-pharmacy-cancer-institute (403 on direct fetch, search snippet only)",Status search returned only an unrelated Integris IT firm; no health-system change found. Not on Shields list; ProHealth-as-subsidiary is inferred from legal name.,,,
HSI00000286,Covenant Health,TN,1162.0,Covenant Health,unchanged,,https://www.wvlt.tv/2026/02/10/covenant-health-acquires-urgent-care-locations-lenoir-city-knoxville/,,Covenant Health Knoxville merger OR acquisition OR renamed OR closed 2024 2025 2026,False,Infusion or home infusion only,Medium,Fort Sanders Regional website home infusion page plus NPPES home infusion taxonomy record; no specialty pharmacy or accreditation found,Fort Sanders Regional Infusion Services | Covenant Homecare Infusion | CovRx,Fort Sanders Regional Medical Center (Covenant Health member hospital),,,https://www.covenanthealth.com/fort-sanders-regional/services/infusion-services/ | https://npiregistry.cms.hhs.gov/provider-view/1629066378 | https://www.covenanthealth.com/covrx-covenants-in-house-pharmacy/,2026-10-02,nppes:1629066378,,covenanthealth.com Fort Sanders infusion services page | covenanthealth.com CovRx page | WebSearch: Covenant Health Knoxville specialty pharmacy OR home infusion | WebSearch status query | shields_partners_20261002.txt (not listed),NPPES record has Home Infusion Therapy as primary taxonomy with Specialty Pharmacy secondary; no retail specialty dispensing or URAC/ACHC found. Not on Shields list.,,,
HSI00001243,Wellspan Health,PA,1160.0,WellSpan Health,unchanged,,https://www.cpbj.com/wellspan-health-expands-reach-with-hospital-acquisition/,,WellSpan Health merger OR acquisition OR renamed OR closed 2024 2025 2026,False,"Owned, accredited",High,"URAC SPP010736 (WellSpan Pharmacy, Inc.) plus WellSpan website specialty pharmacy page and NPPES","WellSpan Specialty Pharmacy | WellSpan Pharmacy, Inc.","WellSpan Pharmacy, Inc. (WellSpan Health subsidiary)","URAC SPP010736 Specialty Pharmacy (effective 2026-09-01, exp 2029-08-01)",,https://www.urac.org/directory/accreditation-details/?certification=SPP010736 | https://www.wellspan.org/locations/wellspan-pharmacy-at-fairfield-loc0000168592,2026-10-02,SPP010736 | 1689754079,"1952623274: Ephrata hospital cancer center community/retail pharmacy NPI, last updated 2016, no specialty accreditation",wellspan.org Fairfield pharmacy location page (search result) | WellSpan Specialty Pharmacy patient welcome packet PDF (fetch 404) | WebSearch specialty pharmacy URAC | WebSearch status query | shields list (not listed),"WellSpan acquired Evangelical Community Hospital in 2024 (added hospital, system unchanged). Not on Shields list.",,,
HSI00001377,UofL Health,KY,1154.0,UofL Health,unchanged,,https://uoflhealth.org/services/specialty-pharmacy/,,UofL Health merger OR acquisition OR renamed OR closed 2024 2025 2026,False,Managed or partnered,Medium,UofL Health 2018 news release: hospital-owned specialty pharmacy built with Comprehensive Pharmacy Services (CPS); URAC 2020 and ACHC 2021 per UofL news,UofL Health - Specialty Pharmacy,University of Louisville Hospital / UofL Health,"URAC Specialty Pharmacy (Jan 2020, per UofL Health; not in roster candidates) | ACHC Specialty Pharmacy (Jan 2021, per UofL Health)",Comprehensive Pharmacy Services (CPS),https://uoflhealth.org/news/cps-ambulatory-and-specialty-pharmacy-helps-university-of-louisville-hospital-expand-services-to-patients-with-complex-chronic-disease/ | https://uoflhealth.org/news/uofl-health-specialty-pharmacy-achieves-accreditation/ | https://uoflhealth.org/services/specialty-pharmacy/,2018-05-08,1285272575,"1407992951: Jewish Hospital & St Marys Pharmacy Plus, legacy KentuckyOne entity, NPPES last updated 2012, not a current UofL specialty pharmacy",uoflhealth.org specialty pharmacy page | uoflhealth.org CPS news release | uoflhealth.org accreditation news | WebSearch status query | shields list (not listed),"CPS management evidence is from 2018 and current CPS involvement is not re-confirmed; if no longer involved this would be Owned, accredited. Neither URAC nor ACHC roster candidates matched, so accreditations rest on system press only.",,,
HSI00000253,Community Medical Centers,CA,1135.0,Community Medical Centers,unchanged,Community Health System (nonprofit parent),https://www.communitymedical.org/,,Community Medical Centers Fresno Clovis merger OR acquisition OR renamed OR closed 2024 2025 2026,False,None found,Low,No URAC/ACHC/NPPES candidates; system website and web searches show no specialty pharmacy,,,,,https://www.communitymedical.org/,2026-10-02,,,communitymedical.org homepage (no pharmacy pages) | WebSearch: Community Health System Fresno specialty pharmacy OR infusion pharmacy | WebSearch status query | shields list (not listed),Search surfaced Community Home Infusion (communitycarehealth.org) but could not tie it to this system. Low confidence because only the homepage was fetched.,,,
HSI00000611,MaineHealth,ME,1134.0,MaineHealth,unchanged,,https://www.pressherald.com/2026/08/10/york-hospital-mainehealth-merger-advances-after-state-approval/,,MaineHealth merger OR acquisition OR renamed OR closed 2024 2025 2026,False,"Owned, accredited",High,URAC SPP010163 and ACHC 80199/90172 records plus MaineHealth specialty pharmacy web page,MaineHealth Pharmacy Maine Medical Center Portland | MaineHealth Pharmacy Specialty and Home Delivery Westbrook,MaineHealth (Maine nonprofit corporation),URAC SPP010163 Specialty Pharmacy | ACHC 80199 Specialty Pharmacy Services | ACHC 90172 Specialty Pharmacy Services,,https://www.urac.org/directory/accreditation-details/?certification=SPP010163 | https://www.mainehealth.org/maine-medical-center/care-services-mainehealth-maine-medical-center/pharmacy-services-mainehealth-maine-medical-center-portland/specialty-pharmacy-services-mainehealth-maine-medical-center,2026-10-02,SPP010163 | 80199 | 90172 | 1740685072 | 1346158169 | 1437723822,,mainehealth.org specialty pharmacy services page | WebSearch Westbrook specialty pharmacy | WebSearch status query | shields list (not listed),"York Hospital merger into MaineHealth approved Aug 2026, expected to close 2026-10-01; system itself unchanged. Not on Shields list.",,,
HSI00000248,Community Health Network,IN,1118.0,Community Health Network,unchanged,,https://youarecurrent.com/2025/08/11/community-health-network-announces-joint-venture/,,Community Health Network Indianapolis merger OR acquisition OR renamed 2024 2025 2026,False,"Owned, accredited",Medium,"System website (ecommunity.com specialty pharmacy pages, per search snippet stating dual URAC/ACHC accreditation); no registry candidates found",Community Specialty Pharmacy | Community Health Network Specialty Pharmacy,Community Health Network,"URAC Specialty Pharmacy (per system website, exp. 2/1/26 per snippet; no cert id) | ACHC (per system website, no id)",,https://www.ecommunity.com/specialty-pharmacy | https://www.ecommunity.com/specialty-pharmacy/about-us | https://www.ecommunity.com/services/post-acute-care/home-infusion,2026-10-02,,,https://www.ecommunity.com/specialty-pharmacy (WebFetch 403; search snippet used) | https://www.ecommunity.com/specialty-pharmacy/about-us (403; snippet) | https://www.ecommunity.com/services/post-acute-care/home-infusion | Shields partner list (not listed),"No URAC/ACHC candidates matched, but the system's own pages describe an in-house specialty pharmacy at Community Hospital North, dually accredited per search snippet (pages returned 403 on fetch). Home infusion runs via AmeriMed Infusion.",,,
HSI00000147,CAMC Health System,WV,1087.0,Vandalia Health (CAMC Health System),merged into,Vandalia Health,https://www.wsaz.com/2026/01/20/camc-rebrands-with-vandalia-health-merger/,2026-01,CAMC Health System merger OR acquisition OR renamed OR closed 2024 2025 2026,False,"Owned, accredited",High,URAC SPP010390 record owned by Charleston Area Medical Center plus CAMC website cancer-center URAC accreditation; via Vandalia Health,CAMC Pharmacy #3 | Vandalia Health Pharmacy,"Charleston Area Medical Center, Inc. (member of Vandalia Health)",URAC SPP010390 Specialty Pharmacy,,https://www.urac.org/directory/accreditation-details/?certification=SPP010390 | https://www.camc.org/news/camc-cancer-center-earns-reaccreditation-providing-quality-cancer-care-0 | https://www.vandaliahealth.org/locations/vandalia-health-pharmacy | https://www.wsaz.com/2026/01/20/camc-rebrands-with-vandalia-health-merger/,2026-10-02,SPP010390,,https://www.vandaliahealth.org/locations/vandalia-health-pharmacy | https://www.camc.org/news/camc-cancer-center-earns-reaccreditation-providing-quality-cancer-care-0 | https://www.wsaz.com/2026/01/20/camc-rebrands-with-vandalia-health-merger/ | Shields partner list (not listed),"CAMC merged with Mon Health (and Davis Health) to form Vandalia Health, rebranded Jan 2026; the URAC-accredited pharmacy is wholly owned by CAMC Inc. Not on Shields list.",,,
HSI00001253,Nuvance Health,CT,1086.0,Northwell Health,acquired by,Northwell Health,https://www.northwell.edu/news/the-latest/northwell-health-completes-merger-with-nuvance-health,2025-05-01,Nuvance Health Northwell acquisition completed 2025 specialty pharmacy,False,Managed or partnered,Medium,"Shields partner list (Northwell Health, Danbury CT), via Northwell Health; Northwell VIVO Health Pharmacy ACHC-accredited",VIVOHealth Pharmacy,Northwell Health (acquirer),"ACHC accreditation with Oncology distinction (VIVO Health Pharmacy, per Northwell news; no id)",Shields Health Solutions,https://www.northwell.edu/news/the-latest/northwell-health-completes-merger-with-nuvance-health | https://www.northwell.edu/find-care/services-we-offer/vivohealth | https://www.northwell.edu/news/the-latest/vivo-health-pharmacy-receives-achc-accreditation-with-a-distinction-in-oncology | https://shieldshealthsolutions.com/about-us/partner-health-systems,2026-10-02,,,"https://www.northwell.edu/news/the-latest/northwell-health-completes-merger-with-nuvance-health | https://www.northwell.edu/find-care/services-we-offer/vivohealth | Shields partner list (Northwell Health, Danbury, CT)","Nuvance merged into Northwell in May 2025; Northwell appears on the Shields list including a Danbury, CT entry. Whether VIVO serves Nuvance hospitals specifically was not confirmed.",Northwell Health (CT); Northwell Health (NY),,
HSI00001074,The Carle Foundation,IL,1083.0,Carle Health,unchanged,,https://www.wcbu.org/state-news/2026-09-18/two-peoria-carle-health-hospitals-to-become-one-this-fall,,Carle Health merger OR acquisition OR renamed 2024 2025 2026 Carle Foundation,False,"Owned, accredited",High,URAC SPP010194 and ACHC 76288 (Specialty Pharmacy Services) owned by Carle Foundation Hospital; Carle website confirms ACHC,Carle Home Infusion/Specialty Pharmacy | Carle Specialty Pharmacy,The Carle Foundation Hospital,URAC SPP010194 Specialty Pharmacy | ACHC 76288 Specialty Pharmacy Services | ACHC 76288 Infusion Pharmacy Services,,https://www.urac.org/directory/accreditation-details/?certification=SPP010194 | https://carle.org/services/home-infusion | https://organization.achc.org/print?legalCompanyName=Carle%20Foundation%20Hospital&dbaCompanyName=Carle%20Home%20Infusion/Specialty%20Pharmacy&companyID=76288,2026-10-02,SPP010194 | 76288 (ACHC specialty) | 76288 (ACHC infusion) | NPI 1013709997 | NPI 1457347668 | NPI 1821582131,,https://carle.org/services/home-infusion | https://www.wcbu.org/state-news/2026-09-18/two-peoria-carle-health-hospitals-to-become-one-this-fall | Shields partner list (not listed),"Brand is Carle Health; Methodist hospital in Peoria renamed Carle Health Methodist Hospital - Proctor Campus effective Nov 1, 2026 (2023 UnityPoint acquisition already in compendium). NPI 1013709997 org name has typo 'CARE FOUNDATION'; same address.",,,
HSI00000811,Parkview Health System,IN,1072.0,Parkview Health,unchanged,,https://www.wvpe.org/wvpe-news/2026-01-27/fort-wayne-based-parkview-health-acquiring-goshen-health,,Parkview Health merger OR acquisition OR renamed 2024 2025 2026,False,"Owned, accredited",High,"URAC SPP010174 and ACHC 78779/96648 held by Parkview Hospital, Inc.; Parkview news confirms in-house specialty program",Medical Park 11 Pharmacy | Parkview Integrated Pharmacy | Matrix VIP Ohio,"Parkview Hospital, Inc. (and subsidiary Parkview RX SWO, LLC)",URAC SPP010174 Specialty Pharmacy | ACHC 78779 Specialty Pharmacy Services | ACHC 96648 Specialty Pharmacy Services | ACHC 99313 Specialty Pharmacy Services,,https://www.urac.org/directory/accreditation-details/?certification=SPP010174 | https://www.parkview.com/news/results/parkview-health-launches-specialty-pharmacy-program | https://parkviewhs.com/about-us,2019-09-03,SPP010174 | 78779 | 96648 | 99313,,https://www.parkview.com/news/results/parkview-health-launches-specialty-pharmacy-program | https://parkviewhs.com/about-us (search result) | https://www.wvpe.org/wvpe-news/2026-01-27/fort-wayne-based-parkview-health-acquiring-goshen-health | Shields partner list (not listed),"Parkview is acquiring Goshen and Witham (expansion, not change of control); Labcorp is buying only outreach lab assets. Matrix VIP is a behavioral-health specialty pharmacy under Parkview Health Services, a Parkview subsidiary.",,,
HSI00000866,Tower Health,PA,1064.0,Tower Health,unchanged,,https://en.wikipedia.org/wiki/Tower_Health,,Tower Health merger OR acquisition OR renamed OR closed 2025 2026,False,"Owned, accredited",High,URAC SPP010173 + Tower Health website describing dual-accredited Reading Hospital pharmacy,Reading Hospital Ambulatory Pharmacy (5th Avenue Pharmacy),Reading Hospital (member hospital),URAC SPP010173 Specialty Pharmacy,,https://www.urac.org/directory/accreditation-details/?certification=SPP010173 | https://towerhealth.org/locations/reading-hospital-ambulatory-pharmacy,2026-10-02,SPP010173,,towerhealth.org Reading Hospital Ambulatory Pharmacy pages (search results) | web search: Tower Health status | web search: Tower Health Reading Hospital specialty pharmacy,Jefferson Health clinical affiliation announced July 2026; Tower remains independent. Website says dual-accredited; second accreditor not identified.,,,
HSI00000821,Penn State Health Milton S Hershey Medical Center,PA,1061.0,Penn State Health,unchanged,,https://www.pennstatehealth.org/locations/milton-s-hershey-medical-center/pharmacy,,Penn State Health Hershey Medical Center specialty pharmacy,False,"Owned, accredited",High,URAC SPP010077 + Penn State Health pharmacy page (URAC and Joint Commission),Penn State Health Milton S Hershey Medical Center Specialty Pharmacy,Penn State Health Milton S Hershey Medical Center,URAC SPP010077 Specialty Pharmacy,,https://www.urac.org/directory/accreditation-details/?certification=SPP010077 | https://www.pennstatehealth.org/locations/milton-s-hershey-medical-center/pharmacy,2026-10-02,SPP010077,,pennstatehealth.org Hershey pharmacy page | web search: Penn State Health Hershey specialty pharmacy,No outside manager indicated. Dedicated status search not run beyond pharmacy search; no change evident on current system page.,,,
HSI00000386,Froedtert and the Medical College of Wisconsin,WI,1061.0,Froedtert ThedaCare Health,renamed,,https://en.wikipedia.org/wiki/ThedaCare%E2%80%93Froedtert_Health,2024-01-01,Froedtert Health merger OR acquisition OR renamed OR closed 2025 2026,False,"Owned, accredited",High,URAC SPP010378 + Froedtert website (dual URAC and ACHC),Froedtert Health Pharmacy Solutions | Froedtert Specialty Pharmacy,"Froedtert Health, Inc. (Froedtert Health Pharmacy Solutions, LLC)",URAC SPP010378 Specialty Pharmacy | ACHC Specialty Pharmacy (per Froedtert website; ID not confirmed),,https://www.urac.org/directory/accreditation-details/?certification=SPP010378 | https://www.froedtert.com/pharmacy/specialty-pharmacy,2026-10-02,SPP010378,"NPI 1861573446: Community/Retail pharmacy taxonomy primary, outpatient pharmacy, not specialty evidence (corroborated by URAC anyway) | NPI 1881783777: same, Froedtert Outpatient West Pharmacy | NPI 1154597292: same, generic retail pharmacy NPI",froedtert.com specialty pharmacy page (search result) | web search: Froedtert status | web search: Froedtert Pharmacy Solutions URAC,Merged with ThedaCare 1/1/2024 into Froedtert ThedaCare Health. NPPES hits are retail-primary NPIs at the same address as the confirmed pharmacy.,,,
HSI00000889,Rochester Regional Health System,NY,1057.0,Rochester Regional Health,unchanged,,https://en.wikipedia.org/wiki/Rochester_Regional_Health,,Rochester Regional Health merger OR acquisition OR renamed OR closed 2025 2026,False,"Owned, accredited",High,URAC SPP010280 + ACHC 80073 + RRH Wilson specialty pharmacy web page,"Wilson Pharmacy / Rochester Regional Health Specialty Pharmacy | Rochester Regional Health Home Infusion Pharmacy, LLC",Rochester General Hospital (member hospital); infusion pharmacy is a system LLC,URAC SPP010280 Specialty Pharmacy | ACHC 80073 Specialty Pharmacy Services | ACHC 45287 Infusion Pharmacy Services,,https://www.urac.org/directory/accreditation-details/?certification=SPP010280 | https://www.rochesterregional.org/locations/rochester-general-hospital/wilson/specialty-pharmacy,2026-10-02,SPP010280 | ACHC 80073 | ACHC 45287 | NPI 1255847489,"SPP010482: University of Rochester/Strong Memorial, separate system | ACHC 83082: University of Rochester, separate system | ACHC 93397: University of Rochester, separate system | ACHC 83083: University of Rochester, separate system | NPI 1336586668: University of Rochester Specialty Pharmacy, separate system | NPI 1609314343: University of Rochester home infusion, separate system | NPI 1558004531: University of Rochester retail NPI, separate system",rochesterregional.org Wilson specialty pharmacy page | web search: RRH status | web search: RRH Wilson Pharmacy specialty/home infusion,Not on Shields list; no outside manager found. NPI 1255847489 has retail primary taxonomy but matches the confirmed Wilson Pharmacy.,,,
HSI00000608,Main Line Health,PA,1049.0,Main Line Health,unchanged,,https://www.mainlinehealth.org/news/2025/08/08/main-line-health-names-five,,Main Line Health merger OR acquisition OR renamed OR closed 2025 2026,False,"Owned, not accredited",Medium,"Main Line Health specialty pharmacy web page (in-house, accreditation being pursued)",Main Line Health Specialty Pharmacy,Main Line Health,,,https://www.mainlinehealth.org/specialties/pharmacy/specialty,2026-10-02,,,mainlinehealth.org/specialties/pharmacy/specialty (fetched) | mainlinehealth.org pharmacy and retail pages (search results) | web search: Main Line Health status | web search: Main Line Health specialty pharmacy/home infusion,"No URAC/ACHC/NPPES candidates; page states URAC and ACHC accreditation is being pursued. Likely to move to Owned, accredited once granted.",,,
HSI00001430,Catholic Health Systems,NY,1046.0,"Catholic Health System, Inc. (Catholic Health, Buffalo)",unchanged,,https://buffalonews.com/news/local/business/health-care/article_2be44a3e-a8da-487b-847b-81e0e237898b.html,,Catholic Health Buffalo merger OR acquisition OR renamed OR closed 2025 2026,False,Managed or partnered,Medium,Catholic Health web page (Trellis Rx partnership); URAC and ACHC records at Sisters Hospital,Catholic Health Rx at Sisters Hospital | Catholic Health Infusion Pharmacy,"Catholic Health System Infusion Pharmacy, Inc. (system subsidiary)",URAC SPP010563 Specialty Pharmacy | ACHC 84981 Specialty Pharmacy Services | ACHC 96858 Infusion Pharmacy Services | ACHC 40119 Home Infusion Therapy,Trellis Rx,https://www.chsbuffalo.org/blog/ch-launches-specialty-pharmacy/ | https://www.urac.org/directory/accreditation-details/?certification=SPP010563,2021-05-07,SPP010563 | 84981 | 96858 | 40119,"96711: My CHS Rx Hauppauge is Long Island, not the Buffalo system",chsbuffalo.org specialty pharmacy launch page | web search Catholic Health Rx Sisters Hospital | status search,"Specialty pharmacy launched 2021 in partnership with Trellis Rx; page is dated and does not state current ownership split, so Medium. Not on Shields list.",,,
HSI00000368,Florida Health Sciences Center,FL,1017.0,Tampa General Hospital (Florida Health Sciences Center),unchanged,,https://www.wusf.org/health-news-florida/2025-10-27/tampa-general-hospital-expanding-services-citrus-county,,Tampa General Hospital Florida Health Sciences Center renamed OR merger OR acquisition 2025 2026 TGH Specialty Pharmacy,False,Managed or partnered,High,Shields partner list (Tampa General Hospital); URAC and ACHC records; TGH page shows both accreditation logos,TGH Specialty Pharmacy,"Florida Health Sciences Center, Inc.",URAC SPP010522 Specialty Pharmacy | ACHC 75552 Specialty Pharmacy Services,Shields Health Solutions,https://www.tgh.org/institutes-and-services/tgh-pharmacy | https://www.urac.org/directory/accreditation-details/?certification=SPP010522 | https://shieldshealthsolutions.com/about-us/partner-health-systems,2026-10-02,SPP010522 | 75552,,tgh.org TGH Pharmacy page | shields_partners_20261002.txt | status search,Shields rule applied; system also acquired three former CHS hospitals but remains nonprofit.,Tampa General Hospital (FL),,
HSI00001122,UMass Memorial Health Care,MA,1013.0,UMass Memorial Health,unchanged,,https://www.beckershospitalreview.com/hospital-transactions-and-valuation/5-hospital-mas-finalized-in-2026/,,UMass Memorial Health merger OR acquisition OR renamed OR closed 2025 2026 Harrington Marlborough,False,Managed or partnered,High,Shields partner list; UMass Memorial Shields Pharmacy LLC JV; URAC and ACHC records,UMass Memorial Medical Center Specialty Pharmacy,"UMass Memorial Medical Center, Inc. (JV with Shields: UMass Memorial Shields Pharmacy LLC)",URAC SPP010392 Specialty Pharmacy | ACHC 65904 Specialty Pharmacy Services,Shields Health Solutions,https://wbjournal.com/article/study-finds-benefit-in-umass-memorial-shields-partnership/ | https://www.urac.org/directory/accreditation-details/?certification=SPP010392 | https://shieldshealthsolutions.com/about-us/partner-health-systems,2026-10-02,SPP010392 | 65904 | 1831461086,,shields_partners_20261002.txt | web search UMass Memorial Shields | status search,System unchanged but Harrington and Marlborough hospitals joined (Marlborough Jan 2026) and were renamed. Shields JV noted.,UMass Memorial Health Care (MA),,
HSI00000576,Legacy Health,OR,1005.0,Legacy Health,unchanged,,https://www.opb.org/article/2025/05/05/ohsu-legacy-merger/,2025-05-05,Legacy Health merger OR acquisition OR renamed 2025 2026 OHSU Legacy specialty pharmacy,False,"Owned, accredited",High,URAC and ACHC records for Legacy Salmon Creek Apothecary; Legacy pages say specialty meds available via Apothecaries,The Apothecary at Salmon Creek | Legacy Salmon Creek Apothecary | Legacy Pharmacy at Holladay Park,Legacy Salmon Creek Hospital (member hospital),URAC SPP010200 Specialty Pharmacy | ACHC 78749 Specialty Pharmacy Services,,https://www.urac.org/directory/accreditation-details/?certification=SPP010200 | https://www.legacyhealth.org/doctors-and-locations/pharmacy/good-sam,2026-10-02,SPP010200 | 78749 | 1639082217,"31803: Option Care at Legacy Health LLC is an infusion JV with Option Care; does not change tier | 90366: same Option Care JV, home infusion therapy | 1841350527: same Option Care JV, infusion primary taxonomy",legacyhealth.org Apothecary pages (via search) | web search Legacy specialty pharmacy | status search,"OHSU merger was called off May 2025. Option Care at Legacy Health is an infusion JV, noted, but system owns accredited specialty pharmacy.",,,
HSI00000464,HealthPartners,MN,1002.0,HealthPartners,unchanged,,https://www.northernnewsnow.com/2026/09/29/essentia-health-healthpartners-announce-planned-merger/,,HealthPartners merger OR acquisition OR renamed 2025 2026 specialty pharmacy Regions Hospital,False,"Owned, accredited",Medium,ACHC specialty pharmacy records for HealthPartners Inc and Regions Hospital Outpatient Pharmacy,HealthPartners Specialty Center Pharmacy | Regions Hospital Outpatient Pharmacy,"HealthPartners, Inc.; Regions Hospital",ACHC 53556 Specialty Pharmacy Services | ACHC 100194 Specialty Pharmacy Services,,"https://organization.achc.org/print?legalCompanyName=Regions%20Hospital&dbaCompanyName=Regions%20Hospital%20Outpatient%20Pharmacy&companyID=100194&full_address=St.%20Paul,%20MN%2055101&physicalAddress=640%20Jackson%20St, | https://www.healthpartners.com/provider-public/pharmacy-services/specialty-pharmacy/",2026-10-02,53556 | 100194,,healthpartners.com specialty pharmacy page | web search HealthPartners specialty pharmacy | status search,"Stale 2020 HealthPartners page lists CVS/Accredo etc. and no own specialty pharmacy, so ACHC records are the main support; a listing suggests Specialty Center Pharmacy may have closed in 2026. Planned Essentia merger (target 2027-01-01) not yet effective.",,,
HSI00000290,CoxHealth,MO,986.0,CoxHealth,unchanged,,https://www.coxhealth.com/our-locations/specialty-pharmacy-and-home-infusion-services/,,CoxHealth merger OR acquisition OR renamed OR closed 2024 2025 2026,False,"Owned, accredited",High,ACHC Specialty Pharmacy Services records + CoxHealth web page + NPPES,CoxHealth Specialty Pharmacy | CoxHealth at Home,"Lester E Cox Medical Centers (member hospital); Coxs HPS of the Ozarks, Inc. (subsidiary)",ACHC 62751 Specialty Pharmacy Services | ACHC 62687 Specialty Pharmacy Services | ACHC 62751 Infusion Pharmacy Services | ACHC 62687 Infusion Pharmacy Services,,"https://www.coxhealth.com/our-locations/specialty-pharmacy-and-home-infusion-services/ | https://organization.achc.org/print?legalCompanyName=Lester%20E%20Cox%20Medical%20Centers&dbaCompanyName=CoxHealth%20Specialty%20Pharmacy&companyID=62751&full_address=Springfield,%20MO%2065807&physicalAddress=2240%20W.%20Sunset%20Suite%20106,",2026-10-02,achc:62751 | achc:62687 | nppes:1538945688,,WebSearch status query | coxhealth.com specialty pharmacy and home infusion page (via search) | WebSearch CoxHealth Specialty Pharmacy,Not on Shields list; no outside manager found. Cox College closure is unrelated to pharmacy.,,,
HSI00000897,Rush System for Health,IL,975.0,Rush University System for Health,unchanged,,https://www.rush.edu/,,Rush System for Health merger OR acquisition OR renamed OR closed 2024 2025 2026,False,Managed or partnered,High,"Shields partner list (Rush University System for Health, Aurora IL) + Shields press release + URAC/ACHC records",Rush Specialty Pharmacy,"Health Delivery Management, LLC (Rush-affiliated entity; Shields partnership)",URAC SPP010195 Specialty Pharmacy | ACHC 73637 Specialty Pharmacy Services,Shields Health Solutions,https://shieldshealthsolutions.com/about-us/partner-health-systems | https://www.rush.edu/patients-visitors/pharmacy/specialty-pharmacy-services | https://www.urac.org/directory/accreditation-details/?certification=SPP010195,2026-10-02,urac:SPP010195 | achc:73637 | nppes:1285097246,,WebSearch status query | WebSearch Rush Specialty Pharmacy Shields | rush.edu specialty pharmacy page (search result) | Shields partner list,Search noise: Rush Health Systems (MS) merged into Ochsner is a different entity. Rush has an owned accredited pharmacy but Shields precedence applies.,Rush University System for Health (IL),,
HSI00000350,Essentia Health,MN,966.0,Essentia Health,unchanged,,https://www.mprnews.org/story/2026/09/29/healthpartners-and-essentia-health-announce-plan-to-merge,2026-09-29,Essentia Health merger OR acquisition OR renamed OR closed 2024 2025 2026,False,"Owned, accredited",High,URAC + ACHC Specialty Pharmacy records + NPPES + Essentia pharmacy listings,Essentia Health Specialty Pharmacy | Essentia Health Prescription Service Center,"The Duluth Clinic, Ltd (Essentia subsidiary)",URAC SPP010314 Specialty Pharmacy | ACHC 79459 Specialty Pharmacy Services,,https://www.urac.org/directory/accreditation-details/?certification=SPP010314 | https://www.essentiahealth.org/find-facility/essentia-health-superior-pharmacy,2026-10-02,urac:SPP010314 | achc:79459 | nppes:1871962282,,WebSearch status query | WebSearch Essentia Health Specialty Pharmacy | essentiahealth.org find-facility pharmacy page (search result),"HealthPartners merger announced 2026-09-29 for 2027 (not yet effective), so status is unchanged for now; may become 'merged into HealthPartners'. Not on Shields list.",,,
HSI00000935,Saint Lukes Health System,MO,964.0,Saint Luke's Health System (BJC HealthCare),merged into,BJC HealthCare,https://www.bjc.org/news/bjc-and-saint-lukes-complete-transaction-combine-single-integrated-health-system,2024-01-02,Saint Luke's Health System Kansas City merger OR acquisition OR renamed OR closed 2024 2025 2026,False,Managed or partnered,Medium,"via BJC HealthCare: BJC on Shields partner list (incl. Iola, KS = Allen County Regional Hospital, a Saint Luke's member); owned accredited Saint Luke's Specialty Pharmacy also confirmed",Saint Luke's Specialty Pharmacy | Saint Luke's Advanced Care Pharmacy | Saint Luke's Home Infusion Pharmacy,Saint Luke's Hospital of Kansas City (member hospital),URAC SPP010049 Specialty Pharmacy | ACHC 95525 Specialty Pharmacy Services,Shields Health Solutions,https://www.saintlukeskc.org/locations/saint-lukes-specialty-pharmacy | https://shieldshealthsolutions.com/about-us/partner-health-systems | https://www.urac.org/directory/accreditation-details/?certification=SPP010049,2026-10-02,urac:SPP010049 | achc:95525 | nppes:1023860962 | nppes:1588457923 | nppes:1952297921,"nppes:1639738438: Van Amburg & Busiek MD's LLC, Chesterfield MO acute care pharmacy, unrelated, not specialty primary",WebSearch status query | WebSearch Saint Luke's Specialty Pharmacy BJC Shields | saintlukeskc.org specialty pharmacy page (search result) | Shields partner list,"Shields listing is BJC-level; no evidence it manages the Saint Luke's KC pharmacy itself, so Medium. Tier would be Owned, accredited if the Shields rule were not applied.",BJC HealthCare (KS); BJC Healthcare (MO),,SPP010049 expires 2026-10-01
HSI00000585,Lifespan,RI,963.0,Brown University Health,renamed,,https://www.brownhealth.org/news/lifespan-brown-university-health,2024-10,Lifespan renamed Brown University Health merger OR acquisition 2024 2025 2026,False,"Owned, accredited",High,URAC Specialty Pharmacy record + Brown University Health pharmacy page + NPPES specialty taxonomy,Brown University Health Specialty Pharmacy | Brown University Health Pharmacy,"Lifespan Pharmacy, LLC (system subsidiary)",URAC SPP010067 Specialty Pharmacy,,https://www.brownhealth.org/centers-services/pharmacy | https://www.urac.org/directory/accreditation-details/?certification=SPP010067 | https://www.brownhealth.org/news/lifespan-brown-university-health,2026-10-02,urac:SPP010067 | nppes:1629622634 | nppes:1154668077,"nppes:1154443125: Rhode Island CVS Pharmacy Woonsocket, unrelated retail chain",WebSearch status query | WebSearch Brown University Health Pharmacy specialty | brownhealth.org pharmacy page (search result) | Shields partner list,Care New England (not Lifespan/Brown) is the Shields-listed Rhode Island partner. URAC expiry 2026-10-01 treated as current per rule.,,,SPP010067 expires 2026-10-01
HSI00000097,Baystate Health,MA,939.0,Baystate Health,unchanged,,https://www.wwlp.com/news/local-news/hampden-county/mercy-medical-center-to-be-acquired-by-baystate-health-by-november-2026/,,Baystate Health merger OR acquisition OR renamed OR closed 2024 2025 2026,False,Managed or partnered,High,"Shields partner list (Baystate Health, Springfield MA) plus URAC and ACHC records",Baystate Specialty Pharmacy,"Baystate Medical Center, Inc.",URAC SPP010177 Specialty Pharmacy | ACHC 74154 Specialty Pharmacy Services,Shields Health Solutions,https://shieldshealthsolutions.com/about-us/partner-health-systems | https://www.baystatehealth.org/locations/tolosky-center/specialty-pharmacy | https://www.urac.org/directory/accreditation-details/?certification=SPP010177,2026-10-02,urac:SPP010177 | achc:74154,,WebSearch status | WebSearch Baystate Specialty Pharmacy Shields | shieldshealthsolutions.com partner list | baystatehealth.org specialty pharmacy page (search result),"Baystate is acquiring Mercy Medical Center, expected effective 2026-11-01 pending approval; system itself unchanged. Shields partner rule drives tier.",Baystate Health (MA),,
HSI00000263,Cone Health,NC,936.0,Cone Health,acquired by,Risant Health,https://www.healthcaredive.com/news/risant-health-completes-acquisition-cone-health/734585/,2024-12-03,Cone Health merger OR acquisition OR renamed OR closed 2024 2025 2026,False,"Owned, accredited",High,"URAC and ACHC records plus Cone Health specialty pharmacy web page; Risant (nonprofit, Kaiser-backed) has no pharmacy serving these hospitals",Cone Health Community Pharmacy at Wesley Long | Cone Health Specialty Pharmacy and Home Delivery | Cone Health Centralized Services Pharmacy,The Moses H. Cone Memorial Hospital Operating Corporation,URAC SPP010340 Specialty Pharmacy | ACHC 76940 Specialty Pharmacy Services | ACHC 96990 Specialty Pharmacy Services,,https://www.conehealth.com/services/community-pharmacy/prescription-services/specialty-pharmacy/ | https://www.urac.org/directory/accreditation-details/?certification=SPP010340,2026-10-02,urac:SPP010340 | achc:76940 | achc:96990 | nppes:1114819240 | nppes:1568371268,"nppes:1891134086: DME primary, 2014 High Point outpatient pharmacy, not specialty | nppes:1104265271: legacy 2013 DME record, same Wesley Long site as confirmed | nppes:1386904886: community/retail record, no specialty evidence beyond duplicate site | nppes:1255111464: centralized services community record, covered by ACHC 96990",WebSearch status | WebSearch Cone Health specialty pharmacy | conehealth.com specialty pharmacy page (search result),Acquired by Risant Health 2024-12-03 but keeps name and brand; pharmacy remains Cone-owned. Shields list does not include Cone.,,,
HSI00001089,The University of Chicago Medicine,IL,929.0,UChicago Medicine,unchanged,,https://www.uchicagomedicine.org/patients-visitors/patient-information/pharmacy/mail-order-program,,University of Chicago Medicine Ingalls merger OR acquisition OR renamed OR closed 2024 2025 2026,False,"Owned, accredited",High,URAC SPP010083 and ACHC 72701 (specialty and infusion) plus UChicago Medicine pharmacy web pages,UCMC Pharmacy Services (Calumet City),The University of Chicago Medical Center,URAC SPP010083 Specialty Pharmacy | ACHC 72701 Specialty Pharmacy Services | ACHC 72701 Infusion Pharmacy Services,,https://www.uchicagomedicine.org/patients-visitors/patient-information/pharmacy/mail-order-program | https://www.urac.org/directory/accreditation-details/?certification=SPP010083,2026-10-02,urac:SPP010083 | achc:72701 (specialty) | achc:72701 (infusion) | nppes:1255895678,"urac:SPP010610: Insight Chicago/Insight Hospital, unrelated independent hospital | achc:90121: Insight Chicago, unrelated | nppes:1477420412: Lurie Children's, different system | nppes:1912874959: Lurie Children's, different system | nppes:1447260542: Insight Chicago, unrelated | nppes:1588449201: Insight Chicago, unrelated | nppes:1861985194: Third Coast Rx/Rhone retail, unrelated",WebSearch status | WebSearch UChicago specialty pharmacy | uchicagomedicine.org pharmacy mail-order page (search result),URAC SPP010083 expires 2026-11-01 (treated as current per rule). Ingalls merger dates to 2016.,,,
HSI00000934,Saint Lukes,ID,921.0,St. Luke's Health System (Idaho),unchanged,,https://stlukesonline.org/en/get-care/locations/pharmacies/st-lukes-specialty-pharmacy-boise/,,St. Luke's Health System Idaho merger OR acquisition OR renamed OR closed 2024 2025 2026,False,"Owned, accredited",High,"URAC SPP010655, NPPES specialty record and St. Luke's specialty pharmacy web page",St. Luke's Specialty Pharmacy: Boise,St. Luke's Health System (St. Luke's Regional Medical Center),URAC SPP010655 Specialty Pharmacy,,https://stlukesonline.org/en/get-care/locations/pharmacies/st-lukes-specialty-pharmacy-boise/ | https://www.urac.org/directory/accreditation-details/?certification=SPP010655,2026-10-02,urac:SPP010655 | nppes:1609534221,,"WebSearch status (results mostly Kansas City Saint Luke's, ignored) | stlukesonline.org homepage (WebFetch, no detail) | WebSearch St. Luke's Boise specialty pharmacy URAC | stlukesonline.org specialty pharmacy page (search result)","Idaho system, not Saint Luke's of Kansas City (which merged into BJC). No Shields listing.",,,
HSI00001112,Wellforce,MA,914.0,Tufts Medicine,renamed,,https://www.tuftsmedicine.org/get-care/locations/tufts-medicine-specialty-pharmacy,2022-03-01,Wellforce Tufts Medicine Lowell General MelroseWakefield merger OR renamed OR closed 2024 2025 2026,False,"Owned, accredited",Medium,Tufts Medicine Specialty Pharmacy web page showing URAC (06/01/2026) and ACHC accreditation; no roster candidate matched under Wellforce name,Tufts Medicine Specialty Pharmacy | Tufts Medicine Home Infusion Services,Tufts Medicine,"URAC Specialty Pharmacy (per Tufts Medicine page, 2026-06-01) | ACHC Specialty Pharmacy (per Tufts Medicine page)",,https://www.tuftsmedicine.org/get-care/locations/tufts-medicine-specialty-pharmacy | https://www.tuftsmedicine.org/services-treatments/pharmacy-services/infusion-therapy,2026-10-02,,,WebSearch status | WebSearch Tufts Medicine specialty pharmacy | tuftsmedicine.org specialty pharmacy page (WebFetch),Wellforce renamed Tufts Medicine in March 2022 (compendium used old name). Accreditation certificate numbers not captured; verification against URAC/ACHC rosters recommended.,,,
HSI00000591,Loma Linda University Health,CA,912.0,Loma Linda University Health,unchanged,,https://lluh.org/locations/pharmacies,,Loma Linda University Health merger OR acquisition OR renamed OR closed 2025 2026,False,Managed or partnered,High,Shields partner list (Loma Linda University Health*); URAC SPP010496 + ACHC 98132,Loma Linda University Home Delivery Pharmacy | Mountain View Pharmaceuticals (infusion),Loma Linda University Medical Center (member hospital),URAC SPP010496 Specialty Pharmacy | ACHC 98132 Specialty Pharmacy Services | ACHC 47380 Infusion Pharmacy Services | ACHC 96361 Home Infusion Therapy,Shields Health Solutions,https://www.urac.org/directory/accreditation-details/?certification=SPP010496 | https://lluh.org/services/home-delivery-pharmacy | https://shieldshealthsolutions.com/about-us/partner-health-systems | https://shieldshealthsolutions.com/building-the-business-case-for-in-house-specialty-pharmacy/,2026-10-02,urac:SPP010496 | achc:98132 | achc:47380 | achc:96361 | nppes:1841947975,,lluh.org/locations/pharmacies | lluh.org/services/home-delivery-pharmacy | shieldshealthsolutions.com partner list | web search,System-owned accredited pharmacy; on Shields partner list so tiered Managed or partnered per rule. Shields page describes an Excelera market assessment.,Loma Linda University Health (CA),,
HSI00001185,University of Vermont Health Network,VT,908.0,University of Vermont Health (UVM Health),unchanged,,https://vtdigger.org/2025/10/20/uvm-health-lays-off-executives-as-part-of-network-wide-restructuring/,,University of Vermont Health Network merger OR acquisition OR renamed OR closed 2025 2026,False,"Owned, accredited",High,URAC SPP010730 + ACHC 86088/86089 + UVM Specialty Pharmacy web page,UVM Specialty Pharmacy | University of Vermont Medical Center Outpatient Pharmacy,University of Vermont Medical Center Inc (member hospital),URAC SPP010730 Specialty Pharmacy | ACHC 86088 Specialty Pharmacy Services | ACHC 86089 Specialty Pharmacy Services,,https://www.urac.org/directory/accreditation-details/?certification=SPP010730 | https://www.uvmhealth.org/medcenter/departments-and-programs/pharmacy-services/specialty-pharmacy | https://www.uvmhealth.org/conditions-specialties/pharmacy,2026-10-02,urac:SPP010730 | achc:86088 | achc:86089 | nppes:1407867054,nppes:1497862312: Price Chopper retail chain | nppes:1124131115: Price Chopper retail chain | nppes:1518070986: Price Chopper retail chain,uvmhealth.org pharmacy pages | uvmhealth.org specialty pharmacy page | vtdigger news | web search,Own web page confirms ACHC and URAC accreditation and no outside operator. Not on Shields list.,,,
HSI00001069,Texas Childrens Hospital,TX,905.0,Texas Children's Hospital,unchanged,,https://www.texaschildrens.org/content/press-release/texas-childrens-hospital-and-ut-md-anderson-announce-joint-venture-end,,Texas Children's Hospital merger OR acquisition OR renamed OR closed 2025 2026,False,"Owned, accredited",High,URAC SPP010112 + ACHC 72758/80382 + texaschildrens.org specialty pharmacy page,Texas Children's Specialty Pharmacy | Texas Children's Infusion Pharmacy,Texas Children's Hospital,URAC SPP010112 Specialty Pharmacy | ACHC 72758 Specialty Pharmacy Services | ACHC 80382 Specialty Pharmacy Services | ACHC 95433 Infusion Pharmacy Services,,https://www.urac.org/directory/accreditation-details/?certification=SPP010112 | https://www.texaschildrens.org/departments/specialty-pharmacy | https://www.texaschildrens.org/departments/infusion-pharmacy,2026-10-02,urac:SPP010112 | achc:72758 | achc:80382 | achc:95433 | nppes:1386278406 | nppes:1508615048 | nppes:1891971222,"urac:SPP010612: Children's Health System of Texas (Dallas), different system | achc:89927: Children's Health System of Texas (Dallas), different system | nppes:1871448720: Children's Health System of Texas (Dallas), different system",texaschildrens.org specialty-pharmacy | texaschildrens.org infusion-pharmacy | press release/news search,MD Anderson pediatric cancer JV is not an ownership change. Not on Shields list; URAC SPP010112 expires 2026-12-01 but treated as current.,,,
HSI00000461,Health First,FL,904.0,Health First,unchanged,,https://spacecoastdaily.com/2026/05/one-year-later-health-first-rises-to-meet-brevards-changing-healthcare-needs/,,Health First Brevard Florida merger OR acquisition OR renamed OR closed 2025 2026,False,Infusion or home infusion only,Medium,own site (curl 200): Family Pharmacy page lists retail services and home infusion; no specialty pharmacy or accreditation found; not on Shields list,Health First Family Pharmacy | Health First Family Pharmacy Home Infusion,Health First,,,https://www.hf.org/healthcare-home/departments-services/family-pharmacy | https://npino.com/pharmacy/1851738306-health-first-family-pharmacy-home-infusion/,2026-10-02,,"1306291679: First Choice Pharmacy LLC, Palatka, unrelated | 1508854621: First Prime Medical Center, unrelated | 1124051180: Infucare Rx LLC dba Health First Infusion, West Palm Beach, separate company | 1790747483: Rx Care Four LLC, independent Palm Bay pharmacy | 1659690360: SMZA Enterprises, unrelated | 1609480375: Sun Health and Wellness, unrelated | 1023709573: Sun Health and Wellness, unrelated | 1609321082: Sun Health and Wellness, unrelated",hf.org Family Pharmacy page (curl 200) | web search Family Pharmacy specialty/accreditation | web search status 2025 2026 | Shields list (absent),AdventHealth holds a minority stake but Health First remains independent. Home infusion is in-house; no specialty dispensing claim or accreditation found.,,,
HSI00000019,Albany Medical Center,NY,890.0,Albany Med Health System,renamed,,https://www.albanymed.org/patients-visitors/pharmacies/,,Albany Medical Center Albany Med Health System merger OR acquisition OR renamed 2025 2026,False,Managed or partnered,High,"Shields partner list (Albany Medical Center, Albany NY); URAC SPP010569 + ACHC 76104",Albany Medical Center Pharmacy,Albany Med Health System / Albany Medical Center,URAC SPP010569 Specialty Pharmacy | ACHC 76104 Specialty Pharmacy Services,Shields Health Solutions,https://www.urac.org/directory/accreditation-details/?certification=SPP010569 | https://shieldshealthsolutions.com/about-us/partner-health-systems | https://www.albanymed.org/patients-visitors/pharmacies/,2026-10-02,urac:SPP010569 | achc:76104 | nppes:1013944941,,albanymed.org pharmacies (search listing) | shieldshealthsolutions.com partner list | news search,"System now operates as Albany Med Health System (adds Glens Falls, Columbia Memorial; Ellis Medicine talks ongoing). Shields job postings in Albany corroborate partnership.",Albany Medical Center (NY),,
HSI00001065,Temple University Health System,PA,889.0,Temple University Health System,unchanged,,https://www.inquirer.com/health/temple-health-bought-out-redeemer-chestnut-hill-hospital-20250819.html,,Temple University Health System merger OR acquisition OR renamed OR closed 2024 2025 2026,False,"Owned, accredited",High,"URAC + ACHC records and Temple Health pharmacy web page; owned by Temple University Hospital, Inc; not on Shields list",Temple Health Specialty Pharmacy | Fox Chase Cancer Center Pharmacy,"Temple University Hospital, Inc",URAC SPP010536 Specialty Pharmacy | ACHC 87406 Specialty Pharmacy Services,,https://www.templehealth.org/services/pharmacy | https://www.urac.org/directory/accreditation-details/?certification=SPP010536,2026-10-02,SPP010536 | 87406 | 1295278786,"1710292206: MRLRX LLC, independent Chestnut Hill retail pharmacy, unrelated entity; record last updated 2010","https://www.templehealth.org/services/pharmacy | WebSearch status query (Inquirer, Temple news) | Shields partner list 2026-10-02 (not listed)",Temple page states dual URAC and ACHC accreditation and names no outside partner. Temple bought out Redeemer Health's 20% of Chestnut Hill Hospital in Aug 2025.,,,
HSI00001186,University of Virginia Health System,VA,885.0,UVA Health,unchanged,,https://virginiabusiness.com/u-va-health-system-to-acquire-novant-health/,,University of Virginia Health System merger OR acquisition OR renamed OR closed 2024 2025 2026,False,"Owned, accredited",High,URAC SPP010346 + ACHC 82734 + rare disease COE; UVA Health pharmacy pages; owned by Rector and Visitors of UVA; not on Shields list,UVA Specialty Pharmacy | UVA Pharmacy Pantops,The Rector and Visitors of the University of Virginia,URAC SPP010346 Specialty Pharmacy | URAC rdcoe010003 Rare Disease Pharmacy Center of Excellence | ACHC 82734 Specialty Pharmacy Services,,https://refillrx.healthsystem.virginia.edu/locations.asp | https://www.urac.org/directory/accreditation-details/?certification=SPP010346 | https://accessmarketintell.com/2024/08/19/uva-health-specialty-pharmacy-expanding-presence-to-enhance-specialized-pharmaceutical-care/,2024-08-19,SPP010346 | rdcoe010003 | 82734 | 1770007692 | 1366734212,"SPP010336: Central Virginia Health Services (FQHC), unrelated | SPP010596: Inova, different system | SPP010538: ParkviewRx Northern Virginia, Parkview Health, unrelated | 83513: Central Virginia Health Services, unrelated | 83514: Central Virginia Health Services, unrelated | 99314: ParkviewRx, unrelated | 78309: Urology of Virginia, private practice | 85344: VCU Health, different system | 94404: ContinuumRx, unrelated | 91900: Vital Care of Northern Virginia, unrelated | 72921: ContinuumRx, unrelated | 1972541449: Option Care, unrelated | 1972026243: VCU Health, different system | 1093238206: VCU Health, different system | 1962889022: VCU Health, different system | 1497132872: VCU Health, different system | 1790004307: VCU Health, different system | 1609820307: Partners Pharmacy of Virginia, unrelated | 1508624909: ParkviewRx, unrelated | 1861901340: PersonalMed, unrelated | 1467413880: Central Virginia Health Services, unrelated | 1356302988: Central Virginia Health Services, unrelated | 1649035106: Blue Ridge Cancer Care, independent oncology practice",WebSearch UVA Specialty Pharmacy URAC | https://refillrx.healthsystem.virginia.edu/locations.asp (search result) | Access Market Intelligence article on UVA Health Specialty Pharmacy | WebSearch status query (Virginia Business) | Shields partner list 2026-10-02 (not listed),"UVA states dual URAC/ACHC accreditation and Rare Disease COE. UVA planned to buy out Novant Health UVA Health System (Haymarket, Prince William JV) from Novant; hospitals remain under UVA Health.",,,
HSI00000012,Adventist Healthcare,MD,866.0,Adventist HealthCare,unchanged,,https://www.adventisthealthcare.com/news/2025/acquisition-discussions-with-howard-university-end/,,Adventist HealthCare Maryland merger OR acquisition OR renamed OR closed 2025 2026 Howard University Hospital,False,None found,Low,"own site read (home care page via browser pane after curl hit an Akamai challenge): CHAP home health only; no pharmacy, specialty or infusion pharmacy found; not on Shields list",,Adventist HealthCare,,,https://www.adventisthealthcare.com/services/home-care/,2026-10-02,,,adventisthealthcare.com home-care (curl 403 bot challenge; read in browser pane) | adventisthealthcare.com about (curl 403) | web search pharmacy/specialty/infusion | web search status Howard | Shields list (absent),"Howard University Hospital MSA ended Feb 2026 so it is no longer part of the system. Few own-site pharmacy pages were readable, so absence is low confidence.",,,
HSI00000637,McLeod Health,SC,846.0,McLeod Health,unchanged,,https://www.mcleodhealth.org/news-entry/mcleod-specialty-pharmacy-achieves-accreditation-with-achc/,,McLeod Health merger OR acquisition OR renamed OR closed 2024 2025 2026,False,"Owned, accredited",High,ACHC 98250 record plus McLeod news release 2025-12-04; owned by McLeod Regional Medical Center; not on Shields list,McLeod Choice Pharmacy | McLeod Outpatient Pharmacy | McLeod Choice Infusion Services,"McLeod Regional Medical Center of the Pee Dee, Inc",ACHC 98250 Specialty Pharmacy Services,,https://www.mcleodhealth.org/news-entry/mcleod-specialty-pharmacy-achieves-accreditation-with-achc/ | https://www.mcleodhealth.org/pharmacy/patients/,2025-12-04,98250 | 1821845512,,https://www.mcleodhealth.org/news-entry/mcleod-specialty-pharmacy-achieves-accreditation-with-achc/ | https://www.mcleodhealth.org/pharmacy/patients/ (search result) | WebSearch status query | Shields partner list 2026-10-02 (not listed),"NPPES 1821845512 (McLeod Choice Infusion Services, home infusion taxonomy primary) shares the 501 E Cheves St outpatient pharmacy address. No outside manager found.",,,
HSI00000805,PIH Health,CA,846.0,PIH Health,unchanged,,https://www.pihhealth.org/about-us/,,PIH Health Whittier merger OR acquisition OR renamed 2025 2026,False,None found,Medium,own site (browser pane after curl hit an Akamai challenge): Pharmacy Services page describes retail pharmacies only; specialty filled through Anthem per benefits PDF; not on Shields list,PIH Health Community Pharmacy,PIH Health,,,https://www.pihhealth.org/health-services/pharmacy/,2026-10-02,,,pihhealth.org/health-services/pharmacy (curl 403 bot challenge; read in browser pane) | web search PIH specialty pharmacy infusion | web search status | Shields list (absent),Pharmacy page lists only retail services with no specialty or home infusion program.,,,
HSI00000170,Carilion Clinic,VA,838.0,Carilion Clinic,unchanged,,https://www.carilionclinic.org/news/,,Carilion Clinic merger OR acquisition OR renamed OR closed 2024 2025 2026,False,"Owned, accredited",High,"URAC SPP010472 + ACHC 90418 under CHS, Inc (Carilion's legal entity); not on Shields list",Carilion Clinic Specialty Pharmacy,"CHS, Inc (Carilion Clinic)",URAC SPP010472 Specialty Pharmacy | ACHC 90418 Specialty Pharmacy Services,,https://www.urac.org/directory/accreditation-details/?certification=SPP010472 | https://cc.gtm.carilionclinic.org/locations/carilion-clinic-specialty-pharmacy | https://www.carilionclinic.org/news/,2026-10-02,SPP010472 | 90418 | 1114685286,"1700162930: retail/community pharmacy at Roanoke Memorial, specialty taxonomy not primary",carilionclinic.org/news | cc.gtm.carilionclinic.org specialty pharmacy location page | web search: Carilion specialty pharmacy URAC | Shields partner list (absent),"Owning entity CHS, Inc is Carilion Clinic's legal name. Carilion's own site lists the specialty pharmacy at 4336 Electric Rd.",,,
HSI00000305,Deaconess Health System,IN,834.0,Deaconess Health System,unchanged,,http://www.westkentuckystar.com/News/State/Jennie-Stuart-Health-officially-joins-Deaconess-sy,2025,Deaconess Health System merger OR acquisition OR renamed OR closed 2024 2025 2026,False,"Owned, accredited",High,URAC SPP010132 + ACHC 88741 held by Deaconess Hospital Inc; Deaconess website confirms dual accreditation; not on Shields list,Deaconess Specialty Pharmacy,"Deaconess Hospital, Inc.",URAC SPP010132 Specialty Pharmacy | ACHC 88741 Specialty Pharmacy Services,,https://www.urac.org/directory/accreditation-details/?certification=SPP010132 | https://www.deaconess.com/services/pharmacy/specialty-pharmacy/about-us,2026-10-02,SPP010132 | 88741 | 1639860778,"1740550334: Deaconess Family Pharmacy, retail, specialty not primary | 1801313002: Deaconess Family Pharmacy GW, institutional pharmacy, specialty not primary",deaconess.com specialty pharmacy pages (search results) | web search: Deaconess specialty pharmacy URAC | Shields partner list (absent),Jennie Stuart Health (Hopkinsville KY) joined Deaconess in 2025; system name unchanged. Website describes an integrated health-system specialty pharmacy with URAC and ACHC.,,,
HSI00001383,OU Health,OK,819.0,OU Health,unchanged,,https://www.ouhealth.com/about-ou-health/ou-health-for-oklahomans/,,OU Health Oklahoma merger OR acquisition OR renamed OR closed 2025 2026,False,"Owned, not accredited",Low,"own site (curl 200): system-owned retail and infusion pharmacies with home delivery, cold-chain shipping and oncology pharmacy; no explicit specialty pharmacy or accreditation found; not on Shields list",OU Health Pharmacy Campus Central | OU Health Stephenson Cancer Center Pharmacy | OU Health Pharmacy Nicholson Tower,OU Health,,,https://www.ouhealth.com/health-services/pharmacy-services/ | https://www.ouhealth.com/stephenson-cancer-center/cancer-treatments/cancer-pharmacy-services/,2026-10-02,,,ouhealth.com pharmacy-services (curl 200) | ouhealth.com cancer-pharmacy-services (curl 200) | web search specialty pharmacy | web search status 2025 2026 | Shields list (absent),"OU Health is acquiring Dean McGee Eye Institute (expected Jan 2026), not a status change. Specialty dispensing is inferred from home-delivered oncology and cold-chain prescriptions, so confidence is low.",,,
HSI00000582,LifeBridge Health,MD,817.0,LifeBridge Health,unchanged,,https://www.lifebridgehealth.org/services/pharmacy,,LifeBridge Health merger OR acquisition OR renamed OR closed 2024 2025 2026 Northwell,False,"Owned, accredited",High,ACHC 96757 (Sinai Hospital of Baltimore) plus LifeBridge website describing specialty medications at Sinai Hospital Specialty Pharmacy; not on Shields list,LifeBridge Pharmacy at Sinai Hospital | Sinai Hospital Specialty Pharmacy,"Sinai Hospital of Baltimore, Inc. (LifeBridge member)",ACHC 96757 Specialty Pharmacy Services,,"https://organization.achc.org/print?legalCompanyName=Sinai%20Hospital%20of%20Baltimore,%20Inc.&dbaCompanyName=LifeBridge%20Pharmacy%20at%20Sinai%20Hospital&companyID=96757&full_address=Baltimore,%20MD%2021215&physicalAddress=2401%20W.%20Belvedere%20Ave, | https://www.lifebridgehealth.org/services/pharmacy",2026-10-02,96757,,lifebridgehealth.org/services/pharmacy and pharmacy-services (search results) | web search: LifeBridge specialty pharmacy Sinai | Shields partner list (absent),No merger or acquisition of LifeBridge found. ACHC only; no URAC record.,,,
HSI00000251,Community Hospital Corporation,TX,772.0,Community Hospital Corporation (CHC),unchanged,,https://chc.com/,,Community Hospital Corporation Plano merger OR acquisition OR renamed OR closed 2025 2026,False,None found,Medium,chc.com shows only supply-chain 'Pharmaceutical Services'; all 9 candidates rejected as unrelated; not on Shields list,,,,,https://chc.com/,2026-10-02,,"77960: AIDS Arms/Prism Health, unrelated Dallas nonprofit | 81942: AIDS Arms/Prism Health, unrelated | 81943: AIDS Arms/Prism Health, unrelated | 85389: Texas Oncology Pharmacy, unrelated physician group | 98782: UT Health Science Center Tyler, unrelated university | 77485: Urology Clinics of North Texas, unrelated | 1225176530: Coram Healthcare (CVS), name match only | 1073198156: Hendrick Medical Center retail pharmacy, independent hospital | 1427946805: UT Health Tyler specialty pharmacy, unrelated",chc.com home page | web search: CHC status | Shields partner list (absent),"CHC owns, manages and consults for mostly independent community hospitals rather than running a unified pharmacy program. Individual member hospital sites were not searched.",,,
HSI00000759,Northeast Georgia Health System,GA,771.0,Northeast Georgia Health System,unchanged,,https://www.nghs.com/2025/04/30/longstreet-clinic-and-nghs-reach-definitive-agreement-to-join-forces,,Northeast Georgia Health System merger OR acquisition OR renamed OR closed 2024 2025 2026,False,None found,Medium,"No candidates; NGHS pharmacy page lists only 3 retail pharmacies, no specialty or pharmacy-run infusion",,,,,https://www.nghs.com/patient-visitor/community-health-resources/pharmacy | https://www.nghs.com/programs-services/home-health,2026-10-02,,,WebSearch: NGHS merger/acquisition status | WebSearch: nghs.com specialty pharmacy/home infusion/outpatient pharmacy | https://www.nghs.com/patient-visitor/community-health-resources/pharmacy | https://www.nghs.com/programs-services/home-health (search snippet),"Remains independent; the pending Longstreet Clinic physician-group merger does not change status. Home Health lists infusion therapy, but no pharmacy or specialty dispensing was found.",,,
HSI00000299,Dartmouth-Hitchcock,NH,771.0,Dartmouth Health,unchanged,,https://www.dartmouth-hitchcock.org/patients-visitors/specialty-pharmacy,Renamed Dartmouth Health in 2022 (before 2023 baseline); GraniteOne merger cancelled,Dartmouth Health Dartmouth-Hitchcock merger OR acquisition OR renamed OR closed 2025 2026,False,"Owned, accredited",High,ACHC 74060/74061 records plus D-H specialty pharmacy web page (URAC and ACHC); no outside manager; not on Shields list,Dartmouth-Hitchcock Specialty Pharmacy | Dartmouth Hitchcock Pharmacy (Hooksett) | Dartmouth-Hitchcock Pharmacy at Centerra | Dartmouth Health Infusion Pharmacy,Mary Hitchcock Memorial Hospital (member hospital),ACHC 74060 Specialty Pharmacy Services | ACHC 74061 Specialty Pharmacy Services | URAC Specialty Pharmacy (per D-H web page; cert number not in packet),,"https://www.dartmouth-hitchcock.org/patients-visitors/specialty-pharmacy | https://organization.achc.org/print?legalCompanyName=Mary%20Hitchcock%20Memorial%20Hospital&dbaCompanyName=Dartmouth%20Hitchcock%20Pharmacy&companyID=74060&full_address=Hooksett,%20NH%2003106&physicalAddress=1000%20Quality%20Drive,",2026-10-02,achc:74060 | achc:74061 | nppes:1841048436 | nppes:1821150806,,WebSearch: Dartmouth Health status | WebSearch: Dartmouth-Hitchcock specialty pharmacy Hooksett | https://www.dartmouth-hitchcock.org/patients-visitors/specialty-pharmacy,"Renamed Dartmouth Health in 2022, before the 2023 baseline, so classified as unchanged. Both NPPES records are the same Hooksett pharmacy site and corroborate ACHC.",,,
HSI00000511,Infirmary Health System,AL,769.0,Infirmary Health,unchanged,,https://www.infirmaryhealth.org/services/pharmacy/specialty-pharmacy/,,Infirmary Health System Mobile merger OR acquisition OR renamed OR closed 2024 2025 2026,False,"Owned, accredited",Medium,"Infirmary Health specialty pharmacy web page (URAC and ACHC claimed, updated 09/01/2026) plus NPPES specialty-primary record; no directory record in packet",Infirmary Health Specialty and Home Infusion (MIMC Specialty and Home Infusion Pharmacy),"Mobile Infirmary Association (system member/parent entity), Daphne AL","URAC Specialty Pharmacy (per web page, no cert number) | ACHC Specialty Pharmacy (per web page, no ID)",,https://www.infirmaryhealth.org/services/pharmacy/specialty-pharmacy/ | https://www.infirmaryhealth.org/services/pharmacy/home-infusion-pharmacy/ | https://npiregistry.cms.hhs.gov/provider-view/1710698717,2026-09-01,nppes:1710698717,,WebSearch: Infirmary Health status | WebSearch: Infirmary Health specialty and home infusion pharmacy | https://www.infirmaryhealth.org/services/pharmacy/specialty-pharmacy/,Accreditations are asserted on the system page but not matched to directory records in the packet. Rebranded as Infirmary Health with no ownership change found.,,,
HSI00001181,University of Southern California,CA,767.0,Keck Medicine of USC,unchanged,,https://pharmacies.usc.edu/specialty-pharmacy/,,Keck Medicine of USC Specialty Pharmacy Shields Health Solutions,False,Managed or partnered,High,"Keck Medicine of USC on Shields partner list (Alhambra, CA) plus URAC SPP010339 and ACHC 89691",Keck Medicine of USC Specialty Pharmacy,University of Southern California,URAC SPP010339 Specialty Pharmacy | ACHC 89691 Specialty Pharmacy Services,Shields Health Solutions,https://shieldshealthsolutions.com/about-us/partner-health-systems | https://www.urac.org/directory/accreditation-details/?certification=SPP010339 | https://pharmacies.usc.edu/specialty-pharmacy/,2026-10-02,urac:SPP010339 | achc:89691,"achc:93347: Providence Little Company of Mary Torrance, different system | nppes:1821010315: Providence Torrance pharmacy, different system | nppes:1669617734: Southern California Compounding Pharmacy, unrelated San Diego compounding pharmacy",Shields partner list file | WebSearch: Keck Medicine of USC Specialty Pharmacy Shields | WebSearch snippets of pharmacies.usc.edu/specialty-pharmacy,"Status search found no ownership change; status URL is the current USC pharmacy page. Pharmacy is system-owned and accredited, with the tier set by the Shields rule.",Keck Medicine of USC (CA),,
HSI00000750,North Mississippi Health Services,MS,767.0,North Mississippi Health Services,unchanged,,https://www.nmhs.net/Locations/NMMC-Specialty-Pharmacy,2025-04-21 (outreach lab sold to Labcorp only),North Mississippi Health Services merger OR acquisition OR renamed OR closed 2024 2025 2026,False,"Owned, accredited",High,URAC SPP010667 and ACHC 74626 for NMMC Specialty Pharmacy; NPPES specialty-primary agrees; NMHS web page,NMMC Specialty Pharmacy | NMMC Outpatient Infusion Service Specialty Pharmacy,"North Mississippi Medical Center, Inc. (member hospital)",URAC SPP010667 Specialty Pharmacy | ACHC 74626 Specialty Pharmacy Services,,"https://www.urac.org/directory/accreditation-details/?certification=SPP010667 | https://www.nmhs.net/Locations/NMMC-Specialty-Pharmacy | https://organization.achc.org/print?legalCompanyName=North%20Mississippi%20Medical%20Center,%20Inc.&dbaCompanyName=NMMC%20Outpatient%20Infusion%20Service%20-%20Specialty%20Pharmacy&companyID=74626&full_address=Tupelo,%20MS%2038801&physicalAddress=738%20South%20Gloster%20St%20Ste%20B,",2026-10-02,urac:SPP010667 | achc:74626 | nppes:1447367834,"achc:79127 (Specialty and Infusion Pharmacy): Twin States Infusion LLC dba North Mississippi Vital Care, a Vital Care franchise; NMHS ownership not shown | achc:98991 (Home Infusion Therapy): same Twin States Infusion entity, no NMHS ownership shown",WebSearch: NMHS status | WebSearch: NMHS specialty pharmacy and Vital Care | https://www.nmhs.net/Locations/NMMC-Specialty-Pharmacy | https://dcvcis.com/ (Vital Care),"North Mississippi Vital Care (Vital Care franchise, Twin States Infusion LLC) appears independently owned; a possible NMHS-linked JV is unverified. Tier is unaffected since NMHS owns an accredited pharmacy.",,,
HSI00000917,Saint Elizabeth Healthcare,KY,755.0,St. Elizabeth Healthcare,unchanged,,https://www.stelizabeth.com/about/,,Saint Elizabeth Healthcare Kentucky merger OR acquisition OR renamed OR closed 2025 2026,False,"Owned, accredited",High,URAC SPP010664 + ACHC 83615 + system web page + NPPES,St. Elizabeth Healthcare Specialty Pharmacy,"St. Elizabeth Medical Center, Inc.",URAC SPP010664 Specialty Pharmacy | ACHC 83615 Specialty Pharmacy Services,,https://www.stelizabeth.com/medical-services/pharmacy-services/specialty-pharmacy/ | https://www.urac.org/directory/accreditation-details/?certification=SPP010664,2026-10-02,urac:SPP010664 | achc:83615 | nppes:1366084337,,stelizabeth.com/about | stelizabeth.com specialty pharmacy page | Shields partner list (not listed),Same address as main hospital; not on Shields list.,,,
HSI00000722,Nationwide Childrens Hospital,OH,747.0,Nationwide Children's Hospital,unchanged,,https://www.nationwidechildrens.org/locations/toledo/faqs,,Nationwide Children's Hospital merger OR acquisition OR renamed 2025 2026,False,"Owned, accredited",High,URAC SPP010186 + ACHC 77328 + system web page + NPPES,Nationwide Children's Hospital Specialty Pharmacy,Nationwide Children's Hospital,URAC SPP010186 Specialty Pharmacy | ACHC 77328 Specialty Pharmacy Services,,https://www.nationwidechildrens.org/specialties/pharmacy-services/specialty-pharmacy | https://www.urac.org/directory/accreditation-details/?certification=SPP010186 | https://pediatricsnationwide.org/2026/06/05/nationwide-childrens-specialty-pharmacy-expands-access-to-life-changing-care/,2026-06-05,urac:SPP010186 | achc:77328 | nppes:1235866203 | nppes:1679977060,"nppes:1134152986: general acute care hospital NPI, specialty taxonomy only secondary; the hospital itself, not a pharmacy",nationwidechildrens.org specialty pharmacy page | pediatricsnationwide.org 2026 article | Shields partner list (not listed),Toledo hospital (ex-Mercy) joined 2022; Wood County pediatric offices joined Apr 2026.,,,
HSI00000154,Cabell Huntington Hospital,WV,740.0,Marshall Health Network,renamed,"Marshall Health Network, Inc.",https://www.herald-dispatch.com/news/mountain-health-network-now-marshall-health-network/article_ffce7a08-38b5-5aec-a0a1-960fcae8d1e7.html,2023-10,Cabell Huntington Hospital merger OR acquisition OR renamed 2025 2026 Mountain Health Network,False,"Owned, not accredited",Low,Marshall Health pharmacy services web page mentions onsite specialty pharmacy services; no accreditation found,Marshall Pharmacy - Medical Center,Marshall Health (part of Marshall Health Network),,,https://www.marshallhealth.org/services/pharmacy-services/ | https://www.marshallhealth.org/locations/marshall-pharmacy-medical-center/,2026-10-02,,,marshallhealth.org pharmacy services | cabellhuntington.org pharmacy (search result) | marshallhealthnetwork.org (search result) | Shields partner list (not listed),Mountain Health Network merged with Marshall Health in Oct 2023 (nonprofit). Specialty pharmacy is thinly documented and no URAC/ACHC or outside manager found.,,,
HSI00001087,The Queens Health Systems,HI,722.0,The Queen's Health Systems,unchanged,,https://www.queens.org/locations/,,Queen's Health Systems Honolulu merger OR acquisition OR renamed OR closed 2025 2026,False,"Owned, accredited",High,URAC SPP010184 + ACHC 89915 + system web page (Queen's POB 3 Pharmacy),Queen's POB 3 Pharmacy,Queen's Development Corporation (system subsidiary),URAC SPP010184 Specialty Pharmacy | ACHC 89915 Specialty Pharmacy Services,,https://www.queens.org/locations/hospitals/qmc/services/pharmacy/ | https://www.urac.org/directory/accreditation-details/?certification=SPP010184,2026-10-02,urac:SPP010184 | achc:89915,,"queens.org pharmacy pages | queens.org news (Wahiawa, Kahi Mohala acquisitions) | Shields partner list (not listed)",Expanding via acquisitions (Wahiawa renamed Queen's Medical Center-Wahiawa) but Queen's itself unchanged.,,,
HSI00001263,Willis Knighton Health System,LA,720.0,Willis Knighton Health,unchanged,,https://www.wkhs.com/news-and-stories/wk-news/2025/10/31/willis-knighton-health-announces-ruston-building,,Willis-Knighton Health System merger OR acquisition OR renamed 2025 2026,False,None found,Low,No candidates; wkhs.com pages show only inpatient pharmacies and home-health infusion nursing,,,,,https://www.wkhs.com/home-health/services,2026-10-02,,,wkhs.com/home-health/services (fetched) | wkhs.com search results for pharmacy | Shields partner list (not listed),"Only home-health infusion therapy (nursing) found, no specialty or infusion pharmacy; own-site search was limited so confidence is Low.",,,
HSI00000041,Appalachian Regional Healthcare,KY,713.0,Appalachian Regional Healthcare,unchanged,,https://www.arh.org/about-us,,Appalachian Regional Healthcare ARH merger OR acquisition OR renamed OR closed 2024 2025 2026,False,"Owned, accredited",High,URAC SPP010234 (ARH Inc. on behalf of ARH Specialty Pharmacy) + ARH pharmacy web page + NPPES specialty taxonomy,ARH Specialty Pharmacy | Barbourville ARH Specialty Pharmacy,"Appalachian Regional Healthcare, Inc.","URAC SPP010234 Specialty Pharmacy (eff 2024-07-01, exp 2027-07-01)",,https://www.urac.org/directory/accreditation-details/?certification=SPP010234 | https://www.arh.org/pharmacy | https://npiregistry.cms.hhs.gov/provider-view/1932606159,2026-10-02,SPP010234 | 1932606159 | 1114580370,"1215180260: ARH community/retail pharmacy, no specialty-specific evidence | 1275518953: Harlan retail pharmacy, specialty only a secondary taxonomy | 1972589257: Whitesburg outpatient retail pharmacy, secondary taxonomy only | 1700862026: Middlesboro outpatient retail pharmacy, secondary taxonomy only | 1215913959: ARH prescription division retail pharmacy, secondary taxonomy only | 1144804378: Harold retail pharmacy, secondary taxonomy only | 1689739013: Highlands medical office retail pharmacy, secondary taxonomy only | 1699751818: Beckley retail pharmacy, secondary taxonomy only | 1063151850: Summers County retail pharmacy, secondary taxonomy only | 1043977101: Beaver retail pharmacy, last updated 2022, secondary taxonomy only",arh.org/pharmacy | arh.org/about-us | WebSearch ARH Specialty Pharmacy | Shields partner list (not listed),All pharmacies are wholly owned by ARH; not on Shields list and no outside manager found. Rejected NPPES retail sites are system-owned but carry specialty taxonomy only secondarily.,,,
HSI00000648,Memorial Health System,IL,711.0,Memorial Health,unchanged,,https://memorial.health/medical-services/outpatient-services/,,Memorial Health Springfield Illinois merger OR acquisition OR renamed 2024 2025 2026,False,None found,Low,No URAC/ACHC/NPPES candidates; Memorial Health website pharmacy and outpatient pages show inpatient pharmacy and infusion center only,,,,,https://memorial.health/medical-services/pharmacy/ | https://memorial.health/smh-infusion-center/overview/,2026-10-02,,,memorial.health/medical-services/outpatient-services/ | memorial.health/medical-services/pharmacy/ | WebSearch Memorial Health Springfield specialty pharmacy | Shields partner list (not listed),"Rebranded to Memorial Health in 2021 (before the 2023 baseline); no changes found since. Search hits at mhs.net belong to Memorial Healthcare System (Florida) and were ignored; only two site pages checked, so absence is lightly supported.",,,
HSI00001118,UC Health,OH,711.0,UC Health,unchanged,,https://www.uchealth.com/en/pharmacy-services,,UC Health Cincinnati merger OR acquisition OR renamed 2024 2025 2026,False,"Owned, accredited",Medium,UC Health specialty pharmacy web page stating URAC Specialty Pharmacy accreditation; not in URAC candidate list,UC Health Specialty Pharmacy,"UC Health (University of Cincinnati Medical Center, LLC)",URAC Specialty Pharmacy (exp 2029-07-01 per UC Health site; cert number not found),,https://www.uchealth.com/en/pharmacy-services/specialty-pharmacy,2026-10-02,,"88147: Liberty Infusion Therapy LLC dba Vital Care of West Chester, independent franchise infusion pharmacy, not UC Health owned",uchealth.com/en/pharmacy-services/specialty-pharmacy | uchealth.com/en/pharmacy-services | WebSearch UC Health specialty pharmacy | WebSearch URAC UC Health | Shields partner list (UCHealth in CO/WY is a different system),"Matcher missed this pharmacy; URAC roster record not located, so confidence is Medium on the system page alone. Shields lists UCHealth (Colorado), not UC Health Cincinnati.",,,
HSI00000246,Community Foundation of Northwest Indiana,IN,707.0,Powers Health,renamed,,"https://buildingindiana.com/stories/community-healthcare-system-unveils-new-name-powers-health,2816",2024-07-01,Community Healthcare System Munster Indiana Community Foundation of Northwest Indiana merger OR acquisition OR renamed 2024 2025 2026,False,"Owned, not accredited",Medium,Powers Health website: Community Hospital Retail Pharmacy offers specialty pharmacy services; no accreditation found,Community Hospital Retail Pharmacy | Powers Health Pharmacy,Powers Health (Community Foundation of Northwest Indiana),,,https://www.powershealth.org/locations/c/community-hospital-retail-pharmacy | https://www.powershealth.org/services/pharmacy,2026-10-02,,,powershealth.org/services/pharmacy | powershealth.org/locations/c/community-hospital-retail-pharmacy | WebSearch Powers Health specialty pharmacy | Shields partner list (not listed),Community Healthcare System renamed Powers Health effective 2024-07-01. No URAC/ACHC/NPPES candidates and no outside manager found; specialty accreditation absent from sources checked.,,,
HSI00000098,Beacon Health System,IN,702.0,Beacon Health System,unchanged,,https://www.wndu.com/2025/04/03/beacon-health-system-purchase-4-hospitals-expand-footprint-southwest-michigan/,2025-07-01,Beacon Health System South Bend merger OR acquisition OR renamed 2024 2025 2026,False,"Owned, accredited",High,URAC SPP010529 + ACHC 97305 + Beacon Specialty Pharmacy Services web page,Beacon Specialty Pharmacy Services | Memorial Hospital Outpatient Pharmacy,"Memorial Hospital of South Bend, Inc. (Beacon member hospital)","URAC SPP010529 Specialty Pharmacy (eff 2025-12-01, exp 2028-12-01) | ACHC 97305 Specialty Pharmacy Services",,https://www.beaconhealthsystem.org/beacon-specialty-pharmacy-services/ | https://www.beaconhealthsystem.org/news/2025/03/04/beacon-launches-new-specialty-pharmacy-services-for-patients-with-chronic-and-complex-conditions/ | https://www.urac.org/directory/accreditation-details/?certification=SPP010529,2025-03-04,SPP010529 | 97305,,beaconhealthsystem.org/beacon-specialty-pharmacy-services | beaconhealthsystem.org news 2025-03-04 | WebSearch Beacon merger | Shields partner list (not listed),Same name; expanded in July 2025 by acquiring four Ascension Southwest Michigan hospitals. Owned by member hospital Memorial Hospital of South Bend; no outside manager found.,,,
HSI00000143,Bryan Health,NE,700.0,Bryan Health,unchanged,,https://en.wikipedia.org/wiki/Bryan_Health,,Bryan Health merger OR acquisition OR renamed OR closed 2025 2026,False,"Owned, not accredited",Medium,own site (browser pane after curl 403) and web: Bryan runs an in-house specialty pharmacy for employees and dependents; infusion center is nurse-run; no accreditation found; not on Shields list,Bryan Employee Specialty Pharmacy,Bryan Health,,,https://www.bryanhealth.com/services/specialty-clinic/infusion-center/ | https://www.yellowpages.com/lincoln-ne/mip/bryan-employee-specialty-pharmacy-576147977,2026-10-02,,,bryanhealth.com infusion center (curl 403; read in browser pane) | bryanhealth.com site search (404) | web search pharmacy/specialty | web search status | Shields list (absent),"Specialty pharmacy serves only employee health plan members, not the public. Pender Community Hospital affiliation in June 2025 is not a merger.",,,
HSI00001153,University of Tennessee Medical Center,TN,698.0,University of Tennessee Medical Center,unchanged,"University Health System, Inc.",https://news.uthsc.edu/college-of-medicines-knoxville-campus-embraces-new-name-in-line-with-academic-expansion/,,University of Tennessee Medical Center Knoxville merger OR acquisition OR renamed OR closed 2024 2025 2026,False,"Owned, accredited",High,"URAC SPP010372 + ACHC 77170 for University Pharmacy (University Health System Inc.), NPPES specialty primary, utmedical.org specialty pharmacy page","University Pharmacy / Specialty Pharmacy (1924 Alcoa Hwy, Knoxville)","University Health System, Inc. (UTMC parent)",URAC SPP010372 Specialty Pharmacy | ACHC 77170 Specialty Pharmacy Services,,"https://www.urac.org/directory/accreditation-details/?certification=SPP010372 | https://www.utmedical.org/locations/specialty-pharmacy | https://organization.achc.org/print?legalCompanyName=University%20Health%20Systems,%20Inc.&dbaCompanyName=University%20Pharmacy&companyID=77170&full_address=Knoxville,%20TN%2037920&physicalAddress=1924%20Alcoa%20Hwy%20Suite%20NP%20100,",2026-10-02,SPP010372 | ACHC:77170 | NPI:1629498662 | NPI:1942540828 | NPI:1447821368,"SPP010308: East Tennessee Children's Hospital, separate system | SPP010477: Tennessee Oncology private practice, Nashville | ACHC:90107: Avita retail chain | ACHC:53228: ContinuumRx Nashville, unrelated | ACHC:63025: ContinuumRx Knoxville, unrelated | ACHC:96555: East Tennessee Children's, separate system | ACHC:89692: West Tennessee Healthcare, separate system | ACHC:94587: Next Step Tennessee, unrelated | ACHC:76842: Tennessee Cancer Specialists, independent practice | ACHC:64124: Tennessee Oncology, unrelated | ACHC:98354: Tennessee Oncology, unrelated | NPI:1124385919: ContinuumRx Chattanooga | NPI:1184983561: Guardian Pharmacy LTC | NPI:1851168413: Next Step Tennessee | NPI:1982056529: PharmBlue Tennessee | NPI:1073880159: ContinuumRx | NPI:1659139434: East Tennessee Children's | NPI:1053011791: West Tennessee Healthcare | NPI:1497790786: Middle Tennessee Pharmacy Services | NPI:1255593067: Middle Tennessee Pharmacy Services | NPI:1861991846: Vital Rx Memphis",utmedical.org/locations/specialty-pharmacy (search snippet; fetch 403) | utmedical.org/locations/university-pharmacy | status web search | specialty pharmacy web search,Own site fetch returned 403 but search snippets from utmedical.org confirm the specialty pharmacy; 2025 rebrand was only the medical school. Not on Shields list.,,,
HSI00001085,The Nebraska Medical Center,NE,686.0,Nebraska Medicine,unchanged,"University of Nebraska (sole-owner deal approved 2026-01-15, Clarkson buyout; closing targeted 2026-06-30, completion not confirmed)",https://nebraskapublicmedia.org/en/news/news-articles/nu-becomes-sole-owner-of-nebraska-medicine-in-unanimous-regents-vote/,2026-06-30,Nebraska Medicine merger OR acquisition OR renamed 2025 2026 Nebraska Medical Center,False,"Owned, accredited",High,URAC SPP010082 + ACHC 80750/88718 + NPPES specialty primary; nebraskamed.com pharmacy page cites ACHC and URAC,The Nebraska Medical Center Clinic Pharmacy | Nebraska Medicine Hub Pharmacy | Nebraska Medicine Home Infusion Pharmacy,The Nebraska Medical Center (Nebraska Medicine),URAC SPP010082 Specialty Pharmacy | ACHC 80750 Specialty Pharmacy Services | ACHC 88718 Specialty Pharmacy Services,,"https://www.urac.org/directory/accreditation-details/?certification=SPP010082 | https://www.nebraskamed.com/pharmacy | https://organization.achc.org/print?legalCompanyName=The%20Nebraska%20Medical%20Center&dbaCompanyName=The%20Nebraska%20Medical%20Center%20Clinic%20Pharmacy&companyID=80750&full_address=Omaha,%20NE%2068198&physicalAddress=4400%20Emile%20Street,",2026-01-15,SPP010082 | ACHC:80750 | ACHC:88718 | NPI:1770266546 | NPI:1952155459 | NPI:1972247799 | NPI:1750130118,"ACHC:87941: Cancer Partners of Nebraska, independent practice | ACHC:88425: Nebraska Hematology Oncology PC, independent | ACHC:78216: Nebraska Urology PC, independent | ACHC:98932: Vital Care of Omaha franchise infusion | NPI:1063956571: Greater Nebraska Home Infusion, independent Grand Island",nebraskamed.com/pharmacy (search result) | nebraskapublicmedia.org ownership article | status web search x2,Ownership shifts from Clarkson/UNMC joint to University of Nebraska but remains nonprofit with same name; status kept unchanged. Not on Shields list (CHI Health Omaha is a different system).,,,
HSI00000929,Saint Josephs Health,NJ,681.0,St. Joseph's Health,unchanged,Sisters of Charity of Saint Elizabeth (sponsor),https://njbiz.com/horizon-says-st-josephs-health-leaving-network/,,Saint Joseph's Health Paterson NJ merger OR acquisition OR renamed OR closed 2025 2026 Prime Healthcare,False,"Owned, accredited",High,URAC SPP010414 + ACHC 94527 + system website (dual-accredited specialty pharmacy),St. Joseph's University Medical Center Specialty Pharmacy | St. Joseph's Health Pharmacy,"St. Joseph's University Medical Center, Inc.",URAC SPP010414 Specialty Pharmacy | ACHC 94527 Specialty Pharmacy Services,,"https://www.urac.org/directory/accreditation-details/?certification=SPP010414 | https://stjosephshealth.org/health-services/pharmacy-services/specialty-pharmacy/ | https://organization.achc.org/print?legalCompanyName=St.%20Joseph's%20University%20Medical%20Center,%20Inc.&dbaCompanyName=St.%20Joseph's%20University%20Medical%20Center%20Specialty%20Pharmacy&companyID=94527&full_address=Paterson,%20NJ%2007503&physicalAddress=703%20Main%20Street,%20Regan%20Building%20Basement,%20Rm%20RB37,",2025-12-31,SPP010414 | ACHC:94527 | NPI:1477304541 | NPI:1942831599 | NPI:1639766777 | NPI:1316685332,,stjosephshealth.org specialty pharmacy page | stjosephshealth.org pharmacy services (search) | status web search,Website copyright 2025; no outside manager mentioned. Not on Shields list; St. Joseph's Health Pharmacy LLC retail sites are system subsidiaries.,,,
HSI00000514,Inspira Health Network,NJ,679.0,Inspira Health Network,unchanged,,https://www.inspirahealthnetwork.org/news/provider-inspiration/inside-look-infusion-services-inspira,,Inspira Health merger OR acquisition OR renamed OR closed 2025 2026,False,None found,Low,No URAC/ACHC/NPPES candidates; inspirahealthnetwork.org pharmacy and infusion pages show retail pharmacy and outpatient infusion centers only,Inspira Health Pharmacy Mullica Hill,,,,https://www.inspirahealthnetwork.org/locations/inspira-medical-center-mullica-hill-outpatient-center/inspira-health-pharmacy-mullica | https://www.inspirahealthnetwork.org/news/provider-inspiration/inside-look-infusion-services-inspira,2026-10-02,,,inspirahealthnetwork.org pharmacy Mullica Hill page | inspirahealthnetwork.org infusion services article | web search specialty/home infusion/outpatient pharmacy | web search status,Status search returned no Inspira merger news. Retail pharmacy page lists no specialty services; not on Shields list.,,,
HSI00001075,The Childrens Hospital of Philadelphia,PA,667.0,Children's Hospital of Philadelphia,unchanged,,https://www.chop.edu/news/christianacare-and-childrens-hospital-philadelphia-agree-join-forces-expand-access-world-class,,Children's Hospital of Philadelphia merger OR acquisition OR renamed OR closed 2024 2025 2026,False,"Owned, accredited",High,URAC SPP010524 plus CHOP specialty pharmacy web page and NPPES,Children's Hospital Home Care Specialty Pharmacy,The Children's Hospital of Philadelphia (department of CHOP),URAC SPP010524 Specialty Pharmacy,,https://www.urac.org/directory/accreditation-details/?certification=SPP010524 | https://www.chop.edu/centers-and-programs/childrens-hospital-home-care-specialty-pharmacy,2026-10-02,SPP010524 | 1982325361 | 1548330350,,WebSearch status | WebSearch CHOP specialty pharmacy | https://www.chop.edu/centers-and-programs/childrens-hospital-home-care-specialty-pharmacy (search result),"2026 ChristianaCare affiliation is a collaboration, not an acquisition. NPI 1548330350 is the same entity's home infusion pharmacy.",,,
HSI00000471,Hendrick Health System,TX,656.0,Hendrick Health,unchanged,,https://www.hendrickhealth.org/news/releases/a-five-year-lookback-hendrick-health-s-transformational-transaction/,,Hendrick Health Abilene merger OR acquisition OR renamed OR closed 2025 2026,False,"Owned, not accredited",Low,"NPPES specialty-pharmacy taxonomy on two system-owned outpatient pharmacies; own site (curl 200) shows outpatient pharmacies only, no accreditation; not on Shields list",Hendrick Medical Center South Outpatient Pharmacy | Hendrick Medical Center Outpatient Pharmacy | Hendrick Pharmacy on Ambler,Hendrick Medical Center,,,https://www.hendrickhealth.org/services/pharmacy/ | https://npiregistry.cms.hhs.gov/provider-view/1497403661 | https://npiregistry.cms.hhs.gov/provider-view/1073198156,2026-10-02,1497403661 | 1073198156,,hendrickhealth.org/services/pharmacy (curl 200) | hendrickhealth.org Ambler pharmacy page (curl 200) | web search specialty pharmacy | web search status | Shields list (absent),Both NPPES records are the system's own outpatient pharmacies; the taxonomy is the only specialty signal so confidence is capped at Low. The 2020 Abilene Regional purchase predates the 2023 baseline.,,,
HSI00000193,CentraCare,MN,650.0,CentraCare,unchanged,,https://en.wikipedia.org/wiki/CentraCare_Health,,CentraCare merger OR acquisition OR renamed OR closed 2024 2025 2026,False,Managed or partnered,High,"Shields partner list (CentraCare Health, Saint Cloud MN) plus URAC and ACHC accreditation",CentraCare - Plaza Pharmacy,St. Cloud Hospital (CentraCare member),URAC SPP010702 Specialty Pharmacy | ACHC 77547 Specialty Pharmacy Services,Shields Health Solutions,https://shieldshealthsolutions.com/about-us/partner-health-systems | https://www.urac.org/directory/accreditation-details/?certification=SPP010702 | https://www.centracare.com/services/pharmacy/,2026-10-02,SPP010702 | 77547 | 1578128021,,WebSearch status | WebSearch Plaza Pharmacy Shields | Shields partner list file | https://www.centracare.com/services/pharmacy/ (search result),"Carris Health renamed CentraCare in 2022, before the 2023 baseline.",CentraCare Health (MN),,
HSI00000209,Childrens Healthcare of Atlanta,GA,649.0,Children's Healthcare of Atlanta,unchanged,,https://www.choa.org/about-us/history,,Children's Healthcare of Atlanta merger OR acquisition OR renamed OR closed 2024 2025 2026,False,None found,Low,No candidates; no pharmacy found on choa.org or via search,,,,,,2026-10-02,,,WebSearch status | WebSearch specialty/home infusion/outpatient pharmacy | https://www.choa.org/medical-services/pharmacy (404 page) | https://www.choa.org/about-us/history | choa.org site search results,"Egleston services moved to Arthur M. Blank Hospital in 2024 (consolidation, not closure of the system). Absence based on limited site pages.",,,
HSI00000330,Northern Light Health,ME,637.0,Northern Light Health,partly closed,,https://www.bangordailynews.com/2025/07/15/bangor/whats-next-northern-light-health-turmoil-joam40zk0w/,2025,Northern Light Health merger OR acquisition OR renamed OR closed 2024 2025 2026,False,"Owned, accredited",High,URAC SPP010654 and ACHC 78522/78523 for M Drug LLC (d/b/a Northern Light Pharmacy); NLH site,Northern Light Pharmacy | Northern Light Specialty Pharmacy,"M Drug, LLC (Northern Light Health subsidiary)",URAC SPP010654 Specialty Pharmacy | ACHC 78522 Specialty Pharmacy Services | ACHC 78523 Specialty Pharmacy Services,,https://northernlighthealth.org/Our-System/Northern-Light-Pharmacy | https://www.urac.org/directory/accreditation-details/?certification=SPP010654,2026-10-02,SPP010654 | 78522 | 78523,,WebSearch status | WebSearch M Drug specialty pharmacy | https://northernlighthealth.org/Our-System/Northern-Light-Pharmacy,Inland Hospital (Waterville) closed in 2025; remaining hospitals still operate. NLH also sold its long-term care pharmacy business.,,,
HSI00001004,Southcoast Health System,MA,635.0,Southcoast Health,unchanged,,https://www.southcoast.org/,,Southcoast Health merger OR acquisition OR renamed OR closed 2024 2025 2026,False,Managed or partnered,High,"Shields partner list (Southcoast Health, New Bedford MA) plus URAC SPP010605 and ACHC 66394",Southcoast Specialty Pharmacy,"Southcoast Hospitals Group, Inc.",URAC SPP010605 Specialty Pharmacy | ACHC 66394 Specialty Pharmacy Services,Shields Health Solutions,https://www.urac.org/directory/accreditation-details/?certification=SPP010605 | https://www.southcoast.org/services/pharmacy/specialty-pharmacy/ | https://shieldshealthsolutions.com/about-us/partner-health-systems,2026-10-02,SPP010605 | ACHC 66394 | NPI 1568876589 | NPI 1922349604,,https://www.southcoast.org/ | https://www.southcoast.org/services/pharmacy/specialty-pharmacy/ | https://shieldshealthsolutions.com/about-us/partner-health-systems | WebSearch status query,"Status search surfaced only the old (2016) Care New England affiliation, which did not proceed; no 2024-26 change found. NPI 1922349604 (Southcoast Pharmacy) is the co-located Fairhaven pharmacy.",Southcoast Health (MA),,
HSI00000819,Penn Highlands Healthcare,PA,633.0,Penn Highlands Healthcare,unchanged,,https://en.wikipedia.org/wiki/Penn_Highlands_Healthcare,,Penn Highlands Healthcare merger OR acquisition OR renamed OR closed 2024 2025 2026,False,"Owned, accredited",High,URAC SPP010644 and ACHC 97875 plus system news page on specialty pharmacy opened March 2025,Penn Highlands Specialty Pharmacy,DuBois Regional Medical Center (member hospital),URAC SPP010644 Specialty Pharmacy | ACHC 97875 Specialty Pharmacy Services,,https://www.urac.org/directory/accreditation-details/?certification=SPP010644 | https://www.phhealthcare.org/news/penn-highlands-dubois-news/penn-highlands-healthcare-opens-specialty-pharmacy-in-dubois | https://www.phhealthcare.org/location/retail-pharmacy/penn-highlands-specialty-pharmacy-1148,2025-03-05,SPP010644 | ACHC 97875 | NPI 1992565121,"NPI 1366900458: Ridgway retail pharmacy of DuBois Regional, not specialty | NPI 1306094206: Penn Highlands Home Medical Equipment, Kane community/retail pharmacy",https://www.phhealthcare.org/news/penn-highlands-dubois-news/penn-highlands-healthcare-opens-specialty-pharmacy-in-dubois | https://www.phhealthcare.org/location/retail-pharmacy/penn-highlands-specialty-pharmacy-1148 | https://www.phhealthcare.org/service/retail-pharmacy | WebSearch status query,"Not on Shields list; no outside manager found. Personal care division sold to Help at Home Jan 2025, not relevant to pharmacy.",,,
HSI00000715,Munson Healthcare,MI,624.0,Munson Healthcare,unchanged,,https://www.traverseticker.com/news/can-munson-remain-independent/,,Munson Healthcare merger OR acquisition OR renamed OR closed 2024 2025 2026,False,"Owned, accredited",High,URAC SPP010233 and ACHC 90069 plus system location page for Munson Healthcare Specialty Pharmacy,Munson Healthcare Specialty Pharmacy,Munson Medical Center (member hospital),URAC SPP010233 Specialty Pharmacy | ACHC 90069 Specialty Pharmacy Services,,https://www.urac.org/directory/accreditation-details/?certification=SPP010233 | https://www.munsonhealthcare.org/locations/munson-healthcare-specialty-pharmacy | https://www.munsonhealthcare.org/services/pharmacy/pharmacy-services,2026-10-02,SPP010233 | ACHC 90069 | NPI 1194425447,,https://www.munsonhealthcare.org/ | https://www.munsonhealthcare.org/locations/munson-healthcare-specialty-pharmacy | https://www.munsonhealthcare.org/services/pharmacy/pharmacy-services | WebSearch status query,Remains independent per 2024 reporting; Spectrum merger talks ended earlier. Not on Shields list; home infusion also offered.,,,
HSI00000530,John Muir Health,CA,610.0,John Muir Health,unchanged,,https://www.johnmuirhealth.com/about-john-muir-health/press-room/Press-releases/2023-1-11-john-muir-health-to-aquire-san-ramon-regional-medical-center.html,,John Muir Health merger OR acquisition OR renamed OR closed 2024 2025 2026,False,Managed or partnered,High,"Shields partner list (John Muir Health, Walnut Creek CA) plus URAC SPP010420 and ACHC 95021",Pavilion Pharmacy at John Muir Health,John Muir Health,URAC SPP010420 Specialty Pharmacy | ACHC 95021 Specialty Pharmacy Services,Shields Health Solutions,https://www.urac.org/directory/accreditation-details/?certification=SPP010420 | https://www.johnmuirhealth.com/content/dam/jmh/Dept-Specific/Cancer/wc-osc/Pavilion_Pharmacy_WelcomePacket_2025-05.pdf | https://shieldshealthsolutions.com/about-us/partner-health-systems,2025-05-01,SPP010420 | ACHC 95021 | NPI 1265202725,,https://www.johnmuirhealth.com/content/dam/jmh/Dept-Specific/Cancer/wc-osc/Pavilion_Pharmacy_WelcomePacket_2025-05.pdf | https://shieldshealthsolutions.com/about-us/partner-health-systems | WebSearch status query,"Failed 2023 San Ramon/Tenet deal and 2024 Pennant home-health JV do not change status; no 2024-26 merger or rename found. Status URL is a 2023 press release, so status evidence is weak.",John Muir Health (CA),,
HSI00000621,Marshfield Clinic Health System,WI,603.0,Marshfield Clinic region of Sanford Health,merged into,Sanford Health,https://www.marshfieldclinic.org/news/news-articles/sanford-and-marshfield-clinic-complete-merger,2025-01-02,Marshfield Clinic Health System merger OR acquisition OR renamed OR closed 2024 2025 2026,False,"Owned, accredited",High,"via Sanford Health: URAC SPP010631 (Marshfield Clinic, Inc.) plus Marshfield Clinic specialty pharmacy web page citing URAC and NPPES primary-specialty NPI",Marshfield Clinic Specialty Pharmacy | Marshfield Clinic Pharmacy,"Marshfield Clinic, Inc. / MCHS Hospitals Inc (system entities, now Sanford Health)","URAC SPP010631 Specialty Pharmacy (Conditional Accreditation, expires 2026-10-01)",,https://www.urac.org/directory/accreditation-details/?certification=SPP010631 | https://www.marshfieldclinic.org/mServices/Pages/Specialty-Pharmacy.aspx | https://www.marshfieldclinic.org/news/news-articles/sanford-and-marshfield-clinic-complete-merger,2025-01-02,SPP010631 | NPI 1952630857,"NPI 1588036826: Beaver Dam Hometown Pharmacy LLC, independently owned community pharmacy",https://www.marshfieldclinic.org/mServices/Pages/Specialty-Pharmacy.aspx | https://www.marshfieldclinic.org/medical-services/pharmacy | https://www.sanfordhealth.org/locations/sanford-specialty-pharmacy | WebSearch status query,"Sanford also runs its own Sanford Specialty Pharmacy (Fargo), but the Marshfield pharmacy is a separate accredited operation serving these hospitals. URAC status is Conditional, still treated as current.",,,SPP010631 expires 2026-10-01
HSI00000139,Bronson Healthcare Group,MI,602.0,Bronson Healthcare Group,unchanged,,https://www.bronsonhealth.com/locations/bronson-outpatient-pharmacy-battle-creek/,,Bronson Healthcare merger OR acquisition OR renamed 2025 2026,False,Managed or partnered,High,"Shields partner list (Bronson Healthcare, Kalamazoo MI) + URAC SPP010352 + ACHC 74573/98955 + Shields/Bronson web coverage",Bronson Battle Creek Hospital Outpatient Pharmacy | Bronson Specialty Pharmacy Program,Bronson Battle Creek Hospital; Bronson Methodist Hospital (member hospitals),URAC SPP010352 Specialty Pharmacy | ACHC 74573 Specialty Pharmacy Services | ACHC 98955 Specialty Pharmacy Services,Shields Health Solutions,https://shieldshealthsolutions.com/about-us/partner-health-systems | https://www.urac.org/directory/accreditation-details/?certification=SPP010352 | https://www.bronsonhealth.com/locations/bronson-outpatient-pharmacy-battle-creek/ | https://www.pharmacytimes.com/view/lessons-from-launching-a-health-system-specialty-pharmacy,2026-10-02,urac:SPP010352 | achc:74573 | achc:98955 | nppes:1740351907,,shields_partners_20261002.txt | WebSearch Bronson status | WebSearch Bronson Shields specialty pharmacy | bronsonhealth.com Battle Creek outpatient pharmacy page (search result) | shieldshealthsolutions.com partner page (search result),Shields partner list triggers Managed or partnered; accreditations are held by member hospitals. NPPES hit lists specialty as non-primary taxonomy but is corroborated by URAC/ACHC.,Bronson Healthcare (MI),,
HSI00000455,Hawaii Pacific Health,HI,602.0,Hawaii Pacific Health,unchanged,,https://www.hawaiinewsnow.com/2026/01/07/hmsa-plans-merger-with-hawaii-pacific-health-hospitals/,,Hawaii Pacific Health merger OR acquisition OR renamed OR closed 2025 2026,False,"Owned, accredited",High,URAC SPP010160 + ACHC 89534 + NPPES primary specialty + HPH pharmacy web page,Hawaii Pacific Health Specialty Pharmacy,Straub Clinic & Hospital (HPH member hospital),URAC SPP010160 Specialty Pharmacy | ACHC 89534 Specialty Pharmacy Services,,https://www.urac.org/directory/accreditation-details/?certification=SPP010160 | https://www.hawaiipacifichealth.org/services/pharmacy/ | https://npiregistry.cms.hhs.gov/provider-view/1629836903,2026-10-02,urac:SPP010160 | achc:89534 | nppes:1629836903 | nppes:1295443216,,WebSearch HPH status | WebSearch HPH Specialty Pharmacy | hawaiipacifichealth.org/services/pharmacy (search result) | shields_partners_20261002.txt (not listed),No outside manager found. HMSA affiliation (One Health Hawaii) is under regulatory review but HPH remains an independent nonprofit.,,,
HSI00000883,Riverside Health System,VA,592.0,Riverside Health System,unchanged,,https://www.whro.org/health/2026-04-07/riverside-health-uva-health-partner-to-expand-advanced-care-in-hampton-roads,,Riverside Health System Virginia merger OR acquisition OR renamed 2025 2026,False,"Owned, accredited",High,URAC SPP010656 + ACHC 78217/87299 + NPPES + Riverside Specialty Medications Program web page,Pavilion Pharmacy | Riverside Pharmacy Chesapeake,"Riverside Hospital, Inc. (system entity)",URAC SPP010656 Specialty Pharmacy | ACHC 78217 Specialty Pharmacy Services | ACHC 87299 Specialty Pharmacy Services,,https://www.urac.org/directory/accreditation-details/?certification=SPP010656 | https://www.riversideonline.com/locations/pharmacy/pavilion-pharmacy/specialty-medications-program | https://npiregistry.cms.hhs.gov/provider-view/1053041061,2026-10-02,urac:SPP010656 | achc:87299 | achc:78217 | nppes:1053041061,,WebSearch Riverside status | WebSearch Riverside specialty pharmacy | riversideonline.com Pavilion Pharmacy specialty medications page (search result) | shields_partners_20261002.txt (not listed),UVA Health took a minority stake (not a merger); Riverside Tappahannock Hospital went to VCU Health but is not among the listed member hospitals. No outside manager found.,,,
HSI00000226,Emanate Health,CA,586.0,Emanate Health,unchanged,,https://www.emanatehealth.org/about-us/,,Emanate Health merger OR acquisition OR renamed OR closed 2025 2026,False,"Owned, accredited",High,URAC SPP010600 + ACHC 96428 + Emanate specialty pharmacy web page,Emanate Health Medical Center Pharmacy | Emanate Health Medical Center Specialty Pharmacy,Emanate Health Medical Center (member hospital),URAC SPP010600 Specialty Pharmacy | ACHC 96428 Specialty Pharmacy Services,,https://www.urac.org/directory/accreditation-details/?certification=SPP010600 | https://www.emanatehealth.org/services/specialty-pharmacy/,2026-10-02,urac:SPP010600 | achc:96428 | nppes:1174301022,,WebSearch Emanate status | WebSearch Emanate specialty pharmacy | emanatehealth.org/services/specialty-pharmacy (search result) | shields_partners_20261002.txt (not listed),No outside manager found. NPPES hit lists specialty as non-primary but is corroborated.,,,
HSI00001217,Valley Health,VA,580.0,Valley Health,unchanged,,https://virginiabusiness.com/valley-health-expands-winchesters-behavioral-rehab-projects/,,Valley Health Winchester Virginia merger OR acquisition OR renamed 2025 2026,False,"Owned, accredited",High,URAC SPP010571 + NPPES primary specialty 1215746169 + pharmacy listing,"Valley Health Specialty Pharmacy, a Department of Winchester Medical Center",Winchester Medical Center (member hospital),URAC SPP010571 Specialty Pharmacy,,https://www.urac.org/directory/accreditation-details/?certification=SPP010571 | https://npiregistry.cms.hhs.gov/provider-view/1215746169 | https://www.healthgrades.com/pharmacy/valley-health-specialty-pharmacy-a-department-of-wmc-1-pa00017919,2026-10-02,urac:SPP010571 | nppes:1215746169,"achc:58983 (Specialty Pharmacy Services): Valley Infusion LLC / Valley Vital Care, Waynesboro VA, owner/pharmacist-run, listed under vitalcare.com network, not a Valley Health entity | achc:58983 (Infusion Pharmacy Services): same entity, rejected | nppes:1033536883: Valley Infusion LLC, owner-operated, not Valley Health",WebSearch Valley Health status | WebSearch Valley Health Specialty Pharmacy / Valley Vital Care | valleyhealthlink.com infusion page (search result) | vitalcare.com Valley Vital Care (search result) | shields_partners_20261002.txt (not listed),"Valley Vital Care rejection rests on search snippets (LLC with owner/pharmacist, listed under vitalcare.com), not a direct page fetch.",,,
HSI00000038,Luminis Health,MD,579.0,Luminis Health,unchanged,,https://www.aha.org/news/headline/2024-11-25-qa-luminis-health-highlights-board-restructuring-post-merger,,Luminis Health merger OR acquisition OR renamed OR closed 2024 2025 2026,False,None found,Medium,No candidates; Luminis website shows infusion centers and ambulatory care pharmacy clinic only; not on Shields list,,,,,https://www.luminishealth.org/en/services/infusion-therapy?language_content_entity=en | https://www.luminishealth.org/en/locations/ambulatory-care-pharmacy-services?language_content_entity=en,2026-10-02,,,WebSearch: Luminis Health specialty pharmacy OR home infusion OR outpatient pharmacy | https://www.luminishealth.org/en/locations/ambulatory-care-pharmacy-services | https://www.luminishealth.org/en/services/infusion-therapy | Shields partner list,Only outpatient infusion centers (hospital-based) and an anticoagulation/diabetes clinical pharmacy service found; no dispensing specialty pharmacy.,,,
HSI00001079,Cooper University Health Care,NJ,578.0,Cooper Norcross Health,renamed,,https://njbiz.com/cooper-norcross-health-name-change/,2024-07-01 (Cape Regional merger); renamed after board vote July 27,Cooper University Health Care merger OR acquisition OR renamed 2024 2025 2026,False,Managed or partnered,High,"Shields partner list (Cooper University Hospital, Camden NJ) plus ACHC Specialty Pharmacy Services record for Walgreens Pharmacy at Cooper Health System",Walgreens Pharmacy at Cooper Health System (Voorhees) | Shields Health Solutions-managed specialty pharmacy,Walgreen Co (on-site pharmacy at Cooper campus),ACHC 82721 Specialty Pharmacy Services,Shields Health Solutions,"https://shieldshealthsolutions.com/about-us/partner-health-systems | https://organization.achc.org/print?legalCompanyName=Walgreen%20Co&dbaCompanyName=Walgreens%20Pharmacy%20at%20Cooper%20Health%20System&companyID=82721&full_address=Voorhees,%20NJ%2008043&physicalAddress=900%20Centennial%20Blvd%20, | https://njbiz.com/cooper-norcross-health-name-change/",2026-10-02,achc:82721,,Shields partner list | WebSearch: Cooper University Health Care specialty pharmacy Walgreens | WebSearch: status search,Walgreens-operated specialty pharmacy on Cooper campus (ACHC) and Cooper is on the Shields list; Cape Regional added July 2024.,Cooper University Hospital (NJ),,
HSI00000166,Care New England Health System,RI,570.0,Care New England Health System,unchanged,,https://en.wikipedia.org/wiki/Care_New_England,,Care New England Health System merger OR acquisition OR renamed OR closed 2024 2025 2026,False,Managed or partnered,High,"Shields partner list (Care New England, Warwick RI) plus URAC SPP010203 and ACHC 79037 for system-owned pharmacy",Care New England Specialty Pharmacy | Care New England Pharmacy LLC,"Care New England, LLC / Care New England Pharmacy LLC (system subsidiary)",URAC SPP010203 Specialty Pharmacy | ACHC 79037 Specialty Pharmacy Services,Shields Health Solutions,"https://shieldshealthsolutions.com/about-us/partner-health-systems | https://www.urac.org/directory/accreditation-details/?certification=SPP010203 | https://organization.achc.org/print?legalCompanyName=Care%20New%20England%20Pharmacy%20LLC&dbaCompanyName=&companyID=79037&full_address=Warwick,%20RI%2002886&physicalAddress=455%20Toll%20Gate%20Road, | https://www.carenewengland.org/pharmacy",2026-10-02,urac:SPP010203 | achc:79037 | nppes:1417596792,"nppes:1720427271: New England Home Therapies / BioScrip infusion, unrelated company",Shields partner list | WebSearch: Care New England Pharmacy specialty pharmacy Warwick | WebSearch: status search,Accredited system-owned specialty pharmacy; Shields listing takes precedence. Status searches show Lifespan merger failed and CNE stayed independent; later merger activity not confirmed.,Care New England (RI),,
HSI00000192,Centra Health,VA,562.0,Centra Health,unchanged,,https://www.centrahealth.com/about-centra,,Centra Health Lynchburg merger OR acquisition OR renamed OR closed 2025 2026,False,"Owned, not accredited",Low,NPPES specialty taxonomy (secondary) on Centra Cancer Center Pharmacy LLC; Centra site shows oncology infusion pharmacy; no accreditation found,"Centra Cancer Center Pharmacy, LLC","Centra Health (COO is authorized official; 1701 Thomson Dr, Alan B. Pearson Regional Cancer Center)",,,https://npiregistry.cms.hhs.gov/provider-view/1871080853 | https://www.centrahealth.com/educational-opportunities/centra-pharmacy-residency-program | https://www.centrahealth.com/centra-pharmacy-residency-program/pharmacy-residency-curriculum/pharmacy-residency-curriculum-electives,2026-10-02,nppes:1871080853,,curl centrahealth.com/about-centra | curl centrahealth.com/services/cancer-care | curl centrahealth.com/locations/alan-b-pearson-regional-cancer-center | curl centra pharmacy residency pages | WebSearch Centra cancer center pharmacy | WebSearch Centra status | Shields partner list (not present),"Cancer center outpatient pharmacy appears system-owned and dispenses oncology drugs, but the only specialty signal is the NPPES secondary taxonomy; no URAC/ACHC found. Centra site has no dedicated specialty pharmacy page.",,,
HSI00001043,Summa Health System,OH,560.0,Summa Health,acquired by,"Health Assurance Transformation Corporation (HATCo, General Catalyst)",https://www.healthcaredive.com/news/general-catalyst-hatco-summa-health-deal-close/761571/,2025-10-01,Summa Health merger OR acquisition OR renamed OR closed 2024 2025 2026,True,,,Excluded: now for-profit via HATCo,,,,,https://www.healthcaredive.com/news/general-catalyst-hatco-summa-health-deal-close/761571/ | https://www.fiercehealthcare.com/providers/general-catalysts-hatco-closes-500m-acquisition-summa-health,2026-10-02,,,WebSearch: status search | WebSearch: Summa Health specialty pharmacy Akron URAC,"Acquisition closed Oct 1 2025, moving Summa from nonprofit to a taxed for-profit subsidiary. Pharmacy research skipped per rule (it did have CPS-partnered accredited specialty pharmacy).",,,
HSI00000947,Salem Health Hospitals and Clinics,OR,559.0,Salem Health Hospitals & Clinics,unchanged,,https://www.kptv.com/2026/09/03/santiam-hospital-clinics-become-part-salem-health-merger-is-finalized/,2026-09-03,Salem Health Hospitals and Clinics Oregon merger OR acquisition OR renamed 2024 2025 2026,False,None found,Medium,Own website pharmacy page shows retail outpatient pharmacy and infusion clinic only; no candidates,,,,,https://salemhealth.org/services/pharmacy,2026-10-02,,,https://salemhealth.org/services/pharmacy | WebSearch: Salem Health specialty pharmacy / infusion pharmacy / outpatient pharmacy | WebSearch: Salem Health home infusion specialty pharmacy Santiam | Shields partner list (not present),"Salem Health is the acquirer of Santiam Hospital (merger finalized Sept 2026), so its own status is unchanged. A search snippet shows only 340B contract pharmacy ties to CVS Specialty/CarelonRx, not an owned specialty pharmacy.",,,
HSI00001060,Tallahassee Memorial Healthcare,FL,551.0,Tallahassee Memorial HealthCare (FSU Health),acquired by,Florida State University (FSU Health),https://www.tmh.org/news/city-commission-approves-transfer-city-owned-tallahassee-memorial-healthcare-assets-clearing,2026-04-10,Tallahassee Memorial Healthcare merger OR acquisition OR renamed OR closed 2024 2025 2026,False,Managed or partnered,High,TMH 2023 press release (ProxsysRx/VytlOne builds and operates specialty pharmacy) plus URAC and ACHC records and TMH specialty pharmacy web page,TMH Specialty Pharmacy,"Tallahassee Memorial Healthcare, Inc.",URAC SPP010384 Specialty Pharmacy | ACHC 97590 Specialty Pharmacy Services,VytlOne (formerly ProxsysRx),https://www.tmh.org/news/2023/tallahassee-memorial-healthcare-selects-proxsysrx-to-provide-retail-and-specialty-pharmacy-services | https://www.tmh.org/services/specialty-pharmacy | https://www.urac.org/directory/accreditation-details/?certification=SPP010384,2023-08-11,SPP010384 | 97590 | 1447018890,"93299: Big Bend Infusion LLC dba Vital Care of Tallahassee is a Vital Care franchise, not a TMH entity",https://www.tmh.org/services/specialty-pharmacy | https://www.tmh.org/news/2023/tallahassee-memorial-healthcare-selects-proxsysrx-to-provide-retail-and-specialty-pharmacy-services | https://www.tmh.org/news/city-commission-approves-transfer-city-owned-tallahassee-memorial-healthcare-assets-clearing | https://vytlone.com/insights/ | WebSearch: TMH Specialty Pharmacy URAC | Shields partner list (not present),"City transferred hospital assets to FSU in April 2026; TMH continues to operate under a long-term lease, so the specialty pharmacy remains TMH's. ProxsysRx (now VytlOne) was contracted in 2023 to build and operate it; the VytlOne site did not confirm the current arrangement.",,,
HSI00000672,Methodist Health System,NE,540.0,Methodist Health System (Nebraska Methodist Health System),unchanged,,https://bestcare.org/locations,,Methodist Health System Omaha Nebraska merger OR acquisition OR renamed 2024 2025 2026,False,None found,Low,No candidates; own website locations page and searches show no specialty or infusion pharmacy,,,,,https://bestcare.org/locations,2026-10-02,,,https://bestcare.org/locations | WebSearch: Nebraska Methodist Health System specialty pharmacy OR home infusion | WebSearch: bestcare.org Methodist specialty pharmacy outpatient pharmacy infusion | Shields partner list (not present; Houston Methodist and Methodist Fremont are not this system),"Own site search returned no pharmacy pages, so absence is weakly supported; Fremont Health is affiliated. No pharmacy page was found at all, so this is thin evidence.",,,
HSI00001369,AtlantiCare,NJ,532.0,AtlantiCare,unchanged,Geisinger (Risant Health),https://www.atlanticare.org/services/pharmacy-services,,AtlantiCare merger OR acquisition OR renamed 2024 2025 2026 Geisinger,False,"Owned, accredited",High,URAC SPP010520 and ACHC 97209 records agree with AtlantiCare specialty pharmacy web page,AtlantiCare Pharmacy - Galloway | AtlantiCare Specialty Pharmacy,"AtlantiCare Regional Medical Center, Inc. (member hospital)",URAC SPP010520 Specialty Pharmacy | ACHC 97209 Specialty Pharmacy Services,,https://www.atlanticare.org/services/pharmacy-services | https://www.urac.org/directory/accreditation-details/?certification=SPP010520,2024-11-01,SPP010520 | 97209,,https://www.atlanticare.org/services/pharmacy-services | WebSearch: AtlantiCare Pharmacy Galloway specialty pharmacy accredited | Shields partner list (not present),"AtlantiCare has been a Geisinger subsidiary since 2014 (Geisinger joined Risant Health in 2024), so no change since 2023 in its own structure. No outside manager named on the pharmacy page.",,,
HSI00000642,Medisys Health Network,NY,528.0,MediSys Health Network,unchanged,,https://medisyshealth.org/,,Medisys Health Network Jamaica Hospital Flushing Hospital merger OR acquisition OR renamed OR closed 2024 2025 2026,False,None found,Low,No candidates; own site shows only retail Jamaica Rx and inpatient/ambulatory pharmacy,,,,,https://medisyshealth.org/newsletter/extended-hours-and-expanded-services-for-jamaica-rx/ | https://jamaicahospital.org/,2014-11-03,,,https://medisyshealth.org/newsletter/extended-hours-and-expanded-services-for-jamaica-rx/ | https://medisyshealth.org/ | WebSearch: Jamaica Hospital specialty pharmacy OR outpatient pharmacy OR infusion pharmacy | WebSearch: Flushing Hospital specialty pharmacy | Shields partner list (not present),"Only a 2014 Jamaica Rx retail pharmacy article was read, so absence is thinly supported. The Flushing specialty pharmacy found in search belongs to NewYork-Presbyterian Queens, a different system.",,,
HSI00000868,Monument Health,SD,522.0,Monument Health,unchanged,,https://monument.health/rapid-city-medical-center-officially-joins-monument-health/,2026-05-01,Monument Health merger OR acquisition OR renamed 2025 2026,False,Managed or partnered,High,"Shields partner list (Monument Health, Rapid City SD); URAC SPP010406 plus system web page",Monument Health Home+ Specialty Pharmacy,"Monument Health Home Plus, LLC (Monument Health subsidiary)",URAC SPP010406 Specialty Pharmacy,Shields Health Solutions,https://www.urac.org/directory/accreditation-details/?certification=SPP010406 | https://monument.health/service/specialty-pharmacy/ | https://shieldshealthsolutions.com/about-us/partner-health-systems,2026-10-02,SPP010406,,monument.health/service/specialty-pharmacy/ | WebSearch Monument Home Plus specialty pharmacy | Shields partner list | monument.health RCMC acquisition page,Still unchanged in structure; acquired Rapid City Medical Center (outpatient clinics) effective 2026-05-01. Monument's own page does not mention Shields; the call rests on the Shields list rule.,Monument Health (SD),,
HSI00001055,TMC Healthcare,AZ,519.0,TMC Health (Tucson Medical Center),unchanged,,https://tmcaz.com/en/programs-services/pharmacy/specialty-pharmacy-services,,TMC Healthcare Tucson merger OR acquisition OR renamed OR closed 2024 2025 2026,False,"Owned, not accredited",Medium,TMC own website: TMC Pharmacy fills complex therapies as specialty medication pharmacy; no accreditation or partner found,TMC Pharmacy,Tucson Medical Center,,,https://tmcaz.com/en/programs-services/pharmacy/specialty-pharmacy-services,2026-10-02,,,tmcaz.com specialty pharmacy services page | WebSearch TMC specialty pharmacy | Shields partner list (absent),Brand is now TMC Health; Mayo Clinic Care Network alliance is not an acquisition. No URAC/ACHC candidates; page does not state accreditation.,,,
HSI00000716,NCH Healthcare System,FL,517.0,NCH (Naples Comprehensive Health),renamed,,https://nchmd.org/press-releases/introducing-the-new-nch/,2023-09,NCH Healthcare System Naples merger OR acquisition OR renamed 2024 2025 2026,False,None found,Medium,"No candidates; NCH services page and searches show only hospital outpatient infusion center (OPIS), no pharmacy",,,,,https://nchmd.org/services/,2026-10-02,,,nchmd.org/services/ | WebSearch NCH specialty/infusion/outpatient pharmacy | Shields partner list (absent),"Rebranded to NCH, still independent. OPIS is a nurse-run infusion center, not a dispensing pharmacy.",,,
HSI00000484,Hoag Memorial Hospital Presbyterian,CA,512.0,Hoag,unchanged,,https://hoag.org/featured-news/hoag-seeks-to-sever-ties-with-providence-health-care-system,2025-01-31,Hoag Memorial Hospital Presbyterian merger OR acquisition OR affiliation 2025 2026,False,None found,Medium,No candidates; Hoag infusion center page and pharmacy searches show inpatient and oncology pharmacies only,,,,,https://www.hoag.org/specialties-services/neurosciences/diagnostics-treatment/hoag-infusion-center/,2026-10-02,,,hoag.org infusion center page | WebSearch Hoag specialty/infusion/outpatient pharmacy | Shields partner list (absent),Ended Providence affiliation 2025-01-31 and is independent. Only inpatient and chemo outpatient dispensing found.,,,
HSI00000624,Mary Washington Healthcare,VA,502.0,Mary Washington Healthcare,unchanged,,https://www.marywashingtonhealthcare.com/about-us/,,Mary Washington Healthcare merger OR acquisition OR renamed 2025 2026,False,None found,Medium,No candidates; own site shows retail Medical Arts Pharmacy and outpatient infusion only,Medical Arts Pharmacy,Mary Washington Healthcare,,,https://www.marywashingtonhealthcare.com/Our-Services/Pharmacy.aspx,2026-10-02,,,marywashingtonhealthcare.com Pharmacy.aspx | WebSearch MWHC specialty/home infusion pharmacy | Shields partner list (absent),Structure unchanged (July 2026 radiology affiliation only). Medical Arts is a retail outpatient pharmacy.,,,
HSI00001386,Crouse Health System,NY,502.0,Crouse Health System,unchanged,,https://www.crouse.org/services/cancer-care/infusion-service/,,Crouse Health Syracuse merger OR acquisition OR renamed OR closed 2024 2025 2026,False,None found,Medium,No URAC/ACHC/NPPES candidates; own website pages show only inpatient/employee pharmacy and in-house infusion room,,,,,https://www.crouse.org/services/cancer-care/infusion-service/ | https://www.beckershospitalreview.com/hospital-transactions-and-valuation/crouse-wont-look-for-a-partner-after-failed-merger-attempt/,2026-10-02,,,crouse.org infusion services page | web search: Crouse Hospital outpatient pharmacy specialty pharmacy infusion | web search: status query | Shields partner list,SUNY Upstate merger was called off and Crouse remains independent. Only hospital infusion room and employee pharmacy found; not on Shields list.,,,
HSI00001288,Brookdale University Hospital And Medical Center,NY,498.0,Brookdale University Hospital and Medical Center (One Brooklyn Health),unchanged,One Brooklyn Health System,https://onebrooklynhealth.org/services/retail-pharmacy-services,,Brookdale University Hospital One Brooklyn Health merger OR acquisition OR renamed OR closed 2024 2025 2026,False,"Owned, not accredited",Low,One Brooklyn Health retail pharmacy page lists on-site Specialty Care Pharmacy and Brookdale RX; no accreditation or outside manager found,Brookdale RX | Specialty Care Pharmacy | Urgent Care RX,One Brooklyn Health System (unverified for Specialty Care Pharmacy),,,https://onebrooklynhealth.org/services/retail-pharmacy-services,2026-10-02,,,curl onebrooklynhealth.org/services/retail-pharmacy-services | WebSearch Brookdale/OBH specialty pharmacy | WebSearch status | brookdalehospital.org/pharmacy.html (curl failed) | Shields partner list (not present),Page names a Specialty Care Pharmacy among on-site pharmacies but gives no description of drugs dispensed or ownership; call is weak. Unchanged since 2023 (part of OBH since 2016/2018).,,,
HSI00001500,Childrens Hospital Colorado,CO,497.0,Children's Hospital Colorado,unchanged,,https://www.childrenscolorado.org/about/news/2026/september-2026/golisano-childrens-alliance-colorado-springs/,,Children's Hospital Colorado merger OR acquisition OR renamed 2025 2026 specialty pharmacy,False,"Owned, accredited",High,"URAC SPP010168 and ACHC 78432 under Children's Hospital Colorado, plus system pharmacy page and NPPES",Children's Colorado Specialty Pharmacy,Children's Hospital Colorado,URAC SPP010168 Specialty Pharmacy | ACHC 78432 Specialty Pharmacy Services,,"https://www.urac.org/directory/accreditation-details/?certification=SPP010168 | https://organization.achc.org/print?legalCompanyName=Children's%20Colorado%20Specialty%20Pharmacy&dbaCompanyName=&companyID=78432&full_address=Aurora,%20CO%2080011&physicalAddress=860%20North%20Potomac%20Circle, | https://www.childrenscolorado.org/doctors-and-departments/departments/pharmacy/ | https://npiregistry.cms.hhs.gov/provider-view/1851942023",2026-10-02,SPP010168 | 78432 | 1851942023,,childrenscolorado.org pharmacy page | childrenscolorado.org Sept 2026 news | web search: status/specialty pharmacy | Shields partner list,"Only the Colorado Springs campus was renamed (Golisano Children's Alliance, Sept 2026); system itself unchanged. Not on Shields list.",,,
HSI00000054,Asante Health System,OR,489.0,Asante,unchanged,,https://www.asante.org/about-us/news/2025/changes-coming-for-ashland-community-hospital-in-2026/,,Asante Health System Medford merger OR acquisition OR renamed 2025 2026 specialty pharmacy,False,"Owned, accredited",High,"Two ACHC Specialty Pharmacy Services records under Asante, plus asante.org Asante Pharmacy page (search snippet; direct fetch returned 403) and NPPES specialty taxonomy",Asante Pharmacy | Mary & Dick Heimann Cancer Center Pharmacy,"Asante (Asante Health Systems, Inc.)",ACHC 88458 Specialty Pharmacy Services | ACHC 75491 Specialty Pharmacy Services,,"https://organization.achc.org/print?legalCompanyName=Asante&dbaCompanyName=Mary%20&%20Dick%20Heimann%20Cancer%20Center%20Pharmacy&companyID=88458&full_address=Medford,%20OR%2097504&physicalAddress=3011%20E.%20Barnett%20Road, | https://organization.achc.org/print?legalCompanyName=Asante%20Pharmacy&dbaCompanyName=Asante&companyID=75491&full_address=Medford,%20OR%2097504&physicalAddress=2900%20E.%20Barnett%20Rd.%20Suite%201, | https://www.asante.org/services/asante-pharmacy/ | https://npiregistry.cms.hhs.gov/provider-view/1699426684",2026-10-02,88458 | 75491 | 1699426684 | 1063458313,,asante.org Asante Pharmacy page (fetch 403; search snippet used) | asante.org news on Ashland Community Hospital | web search: status/specialty pharmacy | Shields partner list,Ashland Community Hospital is becoming a satellite campus of Rogue Regional in 2026; system otherwise unchanged. Not on Shields list.,,,
HSI00000130,Boston Childrens Hospital,MA,485.0,Boston Children's Hospital,unchanged,,https://www.childrenshospital.org/services/pharmacy,,Boston Children's Hospital specialty pharmacy Shields Health Solutions 2025 2026,False,Managed or partnered,High,"On Shields partner list (Boston Childrens); Shields 2022 press release; URAC and ACHC records for Boston Children's Health Solutions RX, LLC","Boston Children's Pharmacy | Boston Children's Health Solutions RX, LLC","Boston Children's Health Solutions RX, LLC (hospital subsidiary)",URAC SPP010523 Specialty Pharmacy | ACHC 87471 Specialty Pharmacy Services,Shields Health Solutions,"https://shieldshealthsolutions.com/shields-health-solutions-and-boston-childrens-hospital-collaborate-to-give-patients-and-families-enhanced-specialty-pharmacy-services/ | https://www.urac.org/directory/accreditation-details/?certification=SPP010523 | https://organization.achc.org/print?legalCompanyName=Boston%20Children's%20Health%20Solutions%20RX,%20LLC&dbaCompanyName=Boston%20Children's%20Pharmacy&companyID=87471&full_address=Boston,%20MA%2002115&physicalAddress=283%20Longwood%20Avenue, | https://npiregistry.cms.hhs.gov/provider-view/1821703943 | https://shieldshealthsolutions.com/about-us/partner-health-systems",2022-03-08,SPP010523 | 87471 | 1669142725 | 1285216127 | 1821703943,,childrenshospital.org pharmacy (via search) | shieldshealthsolutions.com partner page and press release | Boston Globe/MedCity coverage | Shields partner list,Retail dispensing began at 283 Longwood Ave per search results; the three NPPES records are the same subsidiary (one carries the specialty taxonomy as primary).,Boston Childrens (MA),,
HSI00000712,Mount Sinai Medical Center of Florida,FL,481.0,Mount Sinai Medical Center of Florida,unchanged,,https://southfloridahospitalnews.com/mount-sinai-medical-center-2025-year-in-review/,,Mount Sinai Medical Center Miami Beach merger OR acquisition OR renamed 2025 2026,False,"Owned, accredited",High,"URAC SPP010222 held by the medical center on behalf of Mount Sinai Pharmacy Express, plus NPPES secondary specialty taxonomy",Mount Sinai Pharmacy Express,"Mt. Sinai Medical Center of Florida, Inc.",URAC SPP010222 Specialty Pharmacy,,https://www.urac.org/directory/accreditation-details/?certification=SPP010222 | https://npiregistry.cms.hhs.gov/provider-view/1780987412 | https://southfloridahospitalnews.com/mount-sinai-medical-center-2025-year-in-review/,2026-10-02,SPP010222 | NPI 1780987412,,WebSearch: status | WebSearch: Mount Sinai Pharmacy Express specialty pharmacy | southfloridahospitalnews.com 2025 year in review,"Independent Miami Beach system, not the NYC Mount Sinai Health System. URAC and NPPES name and address match the system pharmacy.",,,
HSI00000749,North Memorial Health,MN,476.0,North Memorial Health (Twin Cities Region of Sanford Health),acquired by,Sanford Health,https://www.fiercehealthcare.com/providers/sanford-health-unveils-deal-integrate-minnesota-area-north-memorial-health-invest-600m,2026-09,North Memorial Health merger OR acquisition OR renamed 2025 2026,False,"Owned, accredited",High,North Memorial own URAC and ACHC accredited specialty pharmacy; remains system-owned after Sanford acquisition (no Sanford pharmacy found serving these hospitals),North Memorial Health Specialty Pharmacy | North Memorial Health Cancer Center Pharmacy,North Memorial Health Care a Nonprofit Minnesota Corporation,URAC SPP010675 Specialty Pharmacy | ACHC 82050 Specialty Pharmacy Services,,https://northmemorial.com/specialty/specialty-pharmacy-services/ | https://www.urac.org/directory/accreditation-details/?certification=SPP010675 | https://www.fiercehealthcare.com/providers/sanford-health-unveils-deal-integrate-minnesota-area-north-memorial-health-invest-600m,2026-10-02,SPP010675 | ACHC 82050,"ACHC 91751: Minnesota Oncology Hematology PA is an independent oncology practice, not North Memorial",WebSearch: status | WebSearch: North Memorial cancer center pharmacy (northmemorial.com specialty pharmacy page in results) | WebSearch: Minnesota Cancer Care Pharmacy,Sanford Health acquisition closed Sept 2026; North Memorial remains a subsidiary corporation. Not on Shields list.,,,
HSI00000114,Billings Clinic,MT,474.0,Billings Clinic-Logan Health,merged into,Billings Clinic-Logan Health,https://flatheadbeacon.com/2025/11/24/board-announces-billings-clinic-logan-health-ceo-as-merger-evolves/,2023-09-01,Billings Clinic Logan Health merger 2025 2026,False,Managed or partnered,High,Shields partner list plus Shields press release; URAC and ACHC records also confirmed,"Billings Clinic Specialty Pharmacy | Billings Clinic Specialty Supplies and Services, LLC",Billings Clinic,URAC SPP010419 Specialty Pharmacy | ACHC 76298 Specialty Pharmacy Services,Shields Health Solutions,https://shieldshealthsolutions.com/shields-health-solutions-and-billings-clinic-collaborate-to-provide-enhanced-specialty-pharmacy-services-to-more-patients-and-families/ | https://www.billingsclinic.com/services-specialties/pharmacy-services/specialty-pharmacy/ | https://www.urac.org/directory/accreditation-details/?certification=SPP010419 | https://shieldshealthsolutions.com/about-us/partner-health-systems,2026-10-02,SPP010419 | ACHC 76298,,WebSearch: status | WebSearch: Billings Clinic specialty pharmacy Shields | billingsclinic.com specialty pharmacy page (via search) | Shields partner list file,"Merged with Logan Health Sept 2023, rebrand planned 2026. Shields partnership since 2017.",Billings Clinic (MT); Billings Clinic and Logan Health (WY),,
HSI00001104,TriHealth,OH,468.0,TriHealth,unchanged,,https://www.trihealth.com/news/clinton-memorial-hospital-to-join-trihealth,,TriHealth merger OR acquisition OR renamed 2025 2026,False,"Owned, accredited",High,URAC SPP010086 and ACHC 89529 held by Bethesda Hospital Inc. (TriHealth) plus TriHealth web page,TriHealth Pharmacy Solutions,Bethesda Hospital Inc. (TriHealth member hospital),URAC SPP010086 Specialty Pharmacy | ACHC 89529 Specialty Pharmacy Services,,https://www.trihealth.com/services/pharmacy/trihealth-pharmacy-solutions | https://www.urac.org/directory/accreditation-details/?certification=SPP010086,2026-10-02,SPP010086 | ACHC 89529 | NPI 1003588450 | NPI 1457858201,,WebSearch: status | WebSearch: TriHealth Pharmacy Solutions specialty pharmacy (trihealth.com page in results),Same name and structure; added Clinton Memorial (now TriHealth Clinton Regional Hospital). Not on Shields list.,,,
HSI00000823,Phoebe Putney Health Systems,GA,465.0,Phoebe Putney Health System,unchanged,,https://www.msm.edu/RSSFeedArticles/2025/February/phoebe-msm.php,,Phoebe Putney Health System merger OR acquisition OR renamed 2025 2026,False,"Owned, accredited",High,"URAC SPP010576 and ACHC 98260 held by Phoebe Putney Memorial Hospital Inc. dba Phoebe Specialty Pharmacy, plus NPPES",Phoebe Specialty Pharmacy,"Phoebe Putney Memorial Hospital, Inc.",URAC SPP010576 Specialty Pharmacy | ACHC 98260 Specialty Pharmacy Services,,https://www.urac.org/directory/accreditation-details/?certification=SPP010576 | https://npiregistry.cms.hhs.gov/provider-view/1891315420,2026-10-02,SPP010576 | ACHC 98260 | NPI 1891315420,,WebSearch: status | WebSearch: Phoebe Specialty Pharmacy Albany GA,Rebranded but same legal structure; no merger found. Not on Shields list.,,,
HSI00000288,Covenant Medical Center,MI,464.0,Covenant HealthCare,unchanged,,https://www.covenanthealthcare.com/,,Covenant HealthCare Saginaw merger OR acquisition OR renamed OR closed 2025 2026 Aspire,False,Infusion or home infusion only,Medium,Covenant at Home Infusion Pharmacy page on covenanthealthcare.com plus outpatient pharmacy; no specialty retail dispensing or accreditation found,Covenant at Home Infusion Pharmacy | Covenant HealthCare Outpatient Pharmacy,Covenant HealthCare,,,https://m.covenanthealthcare.com/Covenant-at-Home/home-infusion.html | https://www.covenanthealthcare.com/ch/courtesyservices,2026-10-02,,,"curl covenanthealthcare.com homepage | curl m.covenanthealthcare.com/Covenant-at-Home/home-infusion.html | curl covenanthealthcare.com/ch/courtesyservices | WebSearch Covenant outpatient/specialty pharmacy | WebSearch status (WNEM LOI with Aspire Jan 2026, prior) | Shields partner list (not present)",Own home infusion pharmacy (includes specialty infusion therapy) and Cooper campus outpatient pharmacy; a LinkedIn bio mentions specialty delivery and mail order but no site page confirms a specialty pharmacy. Nonbinding Aspire LOI leaves it independent.,,,
HSI00000140,BronxCare Health System,NY,454.0,BronxCare Health System,unchanged,,https://www.bronxcare.org/our-services/pharmacy-department/,,BronxCare Health System merger OR acquisition OR renamed OR closed 2025 2026,False,Unknown,Low,bronxcare.org unreachable by curl and WebFetch (connection timeout/refused); search snippets of own pharmacy page cite an oncology pharmacy and Paramount Specialty Pharmacy as contract pharmacy of choice,BronxCare Specialty Pharmacy (per Healthgrades) | Paramount Specialty Pharmacy (contract),,,,https://www.bronxcare.org/our-services/pharmacy-department/ | https://www.healthgrades.com/pharmacy/bronxcare-specialty-pharmacy-pa00019972,2026-10-02,,,curl bronxcare.org (timeout x3) | WebFetch bronxcare.org pharmacy page (ECONNREFUSED) | WebSearch BronxCare specialty pharmacy | Shields partner list (not present),Site could not be read; evidence conflicts between a listed BronxCare Specialty Pharmacy and a contracted outside specialty pharmacy. Status unchanged per search; evidence URL is a search-surfaced page.,,,
HSI00000927,Saint Josephs Candler Health System,GA,451.0,St. Joseph's/Candler,unchanged,,https://www.sjchs.org/,,Saint Joseph's/Candler Savannah merger OR acquisition OR renamed 2024 2025 2026,False,"Owned, accredited",High,URAC SPP010595 + ACHC 93743 + system web page (ACHC seal) + NPPES,Candler Specialty Pharmacy | Candler Prescription Center,"Candler Hospital, Inc. (member hospital)",URAC SPP010595 Specialty Pharmacy | ACHC 93743 Specialty Pharmacy Services,,https://www.sjchs.org/services/service-list/candler-specialty-pharmacy | https://www.urac.org/directory/accreditation-details/?certification=SPP010595 | https://npiregistry.cms.hhs.gov/provider-view/1942383674,2026-10-02,SPP010595 | 93743 | 1942383674,,https://www.sjchs.org/services/service-list/candler-specialty-pharmacy | https://www.sjchs.org/services/service-list/candler-prescription-center | https://www.sjchs.org/,Not on Shields list; no outside manager named on system page.,,,
HSI00000208,Childrens Health,TX,448.0,Children's Health,unchanged,,https://www.childrens.com/specialties-services/specialty-pharmacy,,Children's Health Dallas specialty pharmacy (no dedicated status query run; system page shows same name/structure),False,"Owned, accredited",High,URAC SPP010612 + ACHC 89927 + system web page + NPPES primary specialty,Children's Health Specialty Pharmacy | First Pharmacy Pavilion,Children's Health System of Texas,URAC SPP010612 Specialty Pharmacy | ACHC 89927 Specialty Pharmacy Services,,https://www.childrens.com/specialties-services/specialty-pharmacy | https://www.urac.org/directory/accreditation-details/?certification=SPP010612 | https://npiregistry.cms.hhs.gov/provider-view/1871448720,2026-10-02,SPP010612 | 89927 | 1871448720,"SPP010302: Cook Children's, Fort Worth, different system | SPP010325: Driscoll Children's, Corpus Christi, different system | SPP010112: Texas Children's Hospital, Houston, different system | 80330: Cook Children's Home Health, different system | 93103: Cook Children's Retail Pharmacy, different system | 72758: Texas Children's Hospital, Houston | 80382: Texas Children's Hospital, Missouri City | 95433: Texas Children's Infusion Pharmacy, Missouri City | 1982439576: Cook Children's | 1326638479: Driscoll Children's | 1568451763: Methodist Children's Hospital Lubbock, different system | 1386278406: Texas Children's | 1508615048: Texas Children's | 1891971222: Texas Children's",https://www.childrens.com/specialties-services/specialty-pharmacy | https://www.childrens.com/specialties-services/outpatient-pharmacies | WebSearch: Children's Health Dallas specialty pharmacy,A dedicated merger/acquisition query was not run; no ownership change is evident on the system page. Not on Shields list.,,,
HSI00000273,Cook Childrens Health Care System,TX,447.0,Cook Children's Health Care System,unchanged,,https://www.prnewswire.com/news-releases/cook-childrens-elevates-eight-key-leaders-to-drive-strategic-growth-and-pediatric-excellence-302388015.html,,Cook Children's Health Care System merger OR acquisition OR renamed 2025 2026,False,"Owned, accredited",High,URAC SPP010302 + ACHC 93103 + system web page showing both seals + NPPES,Cook Children's Retail Pharmacy - Dodson,Cook Children's Medical Center,URAC SPP010302 Specialty Pharmacy | ACHC 93103 Specialty Pharmacy Services | ACHC 80330 Specialty Pharmacy Services (Cook Children's Home Health),,https://www.cookchildrens.org/services/pharmacy/specialty-pharmacy-services/ | https://www.urac.org/directory/accreditation-details/?certification=SPP010302 | https://npiregistry.cms.hhs.gov/provider-view/1982439576,2026-10-02,SPP010302 | 93103 | 80330 | 1982439576,,https://www.cookchildrens.org/services/pharmacy/specialty-pharmacy-services/ | WebSearch: Cook Children's specialty pharmacy | WebSearch: Cook Children's status 2025 2026,"ACHC 80330 is held by Cook Children's Home Health, a system subsidiary. Not on Shields list.",,,
HSI00000933,Saint Lukes Episcopal Presbyterian Hospital,MO,445.0,St. Luke's Hospital (St. Louis),partly closed,,https://www.stlpr.org/health-science-environment/2025-06-23/st-lukes-to-close-des-peres-hospital-in-august,2025-08-01,St. Luke's Hospital Chesterfield Missouri BJC HealthCare merger OR acquisition OR renamed 2024 2025 2026,False,None found,Low,Own-website pharmacy page shows only a retail/outpatient pharmacy with injectables; all candidates rejected,St. Luke's Pharmacy (retail/outpatient),St. Luke's Hospital,,,https://www.stlukes-stl.com/locations/st-lukes-pharmacy | https://www.stlpr.org/health-science-environment/2025-06-23/st-lukes-to-close-des-peres-hospital-in-august,2026-10-02,,"SPP010049: Saint Luke's Hospital of Kansas City (Saint Luke's Health System, now BJC) is a different system from St. Luke's St. Louis | 95525: same Kansas City entity, different system | 1023860962: Saint Luke's Health System KC home care/pharmacy, different system | 1588457923: St Lukes Hospital of Kansas City, different system | 1952297921: St Lukes Hospital of Kansas City retail taxonomy, different system | 1639738438: physician LLC acute-care pharmacy at hospital address, non-specialty primary taxonomy, 2019, inpatient pharmacy",stlukes-stl.com/locations/st-lukes-pharmacy | stlpr.org Des Peres closure article | web search St. Luke's Chesterfield pharmacy | Shields partner list (not present),"Des Peres hospital closed 2025-08-01; Chesterfield remains and the system states it is independent (not BJC), so the Shields list does not apply. Evidence is absence on a thin site page, so confidence is Low.",,,
HSI00001077,The Christ Hospital Health Network,OH,444.0,The Christ Hospital Health Network,unchanged,,https://www.thechristhospital.com/news-and-events/press-releases/the-christ-hospital-health-network-acquires-anderson-ob-gyn-group/,,Christ Hospital Health Network Cincinnati merger OR acquisition OR renamed OR closed 2024 2025 2026,False,None found,Low,No candidates; own-website Apothecary page shows retail pharmacy only,The Christ Hospital Apothecary (retail),The Christ Hospital,,,https://www.thechristhospital.com/locations/locations-hospital/patient-guide/pharmacy,2026-04-15,,,thechristhospital.com Apothecary page | web search specialty/home infusion | Shields partner list (not present) | status search,Only a full-service retail Apothecary found; no specialty or infusion pharmacy mentioned.,,,
HSI00001039,Stormont Vail Health,KS,442.0,Stormont Vail Health,unchanged,,https://www.stormontvail.org/stormont-vail-health-announces-transition-to-one-unified-brand/,2026-07-15,Stormont Vail Health merger OR acquisition OR renamed OR closed 2024 2025 2026,False,"Owned, accredited",High,"URAC SPP010598 + ACHC 83545 + NPPES agree on Stormont Vail Pharmacy, LLC","Stormont Vail Pharmacy, LLC | Stormont Vail Health Specialty Pharmacy","Stormont Vail Pharmacy, LLC (system subsidiary)",URAC SPP010598 Specialty Pharmacy | ACHC 83545 Specialty Pharmacy Services,,"https://www.urac.org/directory/accreditation-details/?certification=SPP010598 | https://organization.achc.org/print?legalCompanyName=Stormont%20Vail%20Pharmacy,%20LLC&dbaCompanyName=&companyID=83545&full_address=Topeka,%20KS%2066606&physicalAddress=830%20SW%20Lane%20St.%20Suite%20B, | https://npiregistry.cms.hhs.gov/provider-view/1992450878",2026-07-15,SPP010598 | 83545 | 1992450878,,stormontvail.org retail pharmacy page | stormontvail.org brand transition page | web search Stormont Vail specialty pharmacy | Shields partner list (not present),LLC name and Topeka address match the system; no outside manager found and not on Shields list. Cotton O'Neil brand folded into Stormont Vail in 2026.,,,
HSI00000131,Boston Medical Center,MA,442.0,Boston Medical Center,unchanged,,https://www.clearwayhealth.com/post/cornerstone-health-solutions-announces-new-name-and-brand,,Boston Medical Center merger OR acquisition OR renamed OR closed 2025 2026 Cornerstone Health Solutions specialty pharmacy,False,Managed or partnered,High,URAC SPP010449 and ACHC 97255/97256/97257 held by BMC Corporation pharmacies; NPPES agrees,Cornerstone Health Solutions (Clearway Health origin) | Shapiro Pharmacy | Yawkey Pharmacy,Boston Medical Center Corporation,URAC SPP010449 Specialty Pharmacy | ACHC 97255 Specialty Pharmacy Services | ACHC 97256 Specialty Pharmacy Services | ACHC 97257 Specialty Pharmacy Services,Shields Health Solutions,https://www.urac.org/directory/accreditation-details/?certification=SPP010449 | https://www.clearwayhealth.com/post/cornerstone-health-solutions-announces-new-name-and-brand | https://npiregistry.cms.hhs.gov/provider-view/1942819164 | https://shieldshealthsolutions.com/about-us/partner-health-systems,2026-10-02,SPP010449 | 97257 | 97256 | 97255 | 1568252500 | 1003703281 | 1740179696 | 1942819164 | 1710635248 | 1891445615 | 1457064388,"SPP010523: Boston Children's Health Solutions RX, separate system | 87471: Boston Children's, separate system | 77765: Boston Home Infusion/PromptCare, unrelated company | 1669142725: Boston Children's | 1285216127: Boston Children's | 1821703943: Boston Children's | 1487631644: Boston Home Infusion/PromptCare","web search BMC status and Cornerstone/Clearway | clearwayhealth.com rebrand post | Shields partner list (Boston Childrens only, not BMC)","Clearway Health (ex-Cornerstone) was founded by BMC to build programs for other systems; BMC owns its own specialty pharmacies. NPI 1457064388 (East Boston, 2023) is weakly corroborated but the name matches BMC Corporation.",Boston Childrens (MA),"on Shields partner list: Owned, accredited -> Managed or partnered",
HSI00000354,Excela Health,PA,431.0,Independence Health System,merged into,Independence Health System,https://www.independence.health/newsroom/2023/may/excela-butler-change-name-to-independence-health/,2023-01-01,Excela Health merger OR acquisition OR renamed OR closed 2024 2025 2026,False,None found,Low,No candidates; Independence Health System pharmacy page lists only retail/outpatient pharmacies,Westmoreland Hospital Outpatient Pharmacy,Independence Health System,,,https://www.independence.health/services/pharmacy/ | https://www.independence.health/newsroom/2025/february/independence-health-system-unveils-outpatient-ph/,2026-10-02,,,independence.health pharmacy page | web search Independence specialty pharmacy/home infusion | status search | Shields partner list (not present),"Excela merged with Butler Health System 2023-01-01 and renamed Independence Health System; classified under the combined system. Only outpatient retail pharmacy found, no specialty or infusion pharmacy.",,,
HSI00000430,Guthrie Healthcare System,PA,426.0,The Guthrie Clinic,unchanged,,https://www.guthrie.org/services-treatments/specialty-pharmacy,,Guthrie Healthcare System specialty pharmacy Johnson City OR Sayre,False,"Owned, not accredited",Medium,Guthrie website specialty pharmacy page plus NPPES specialty record; no accreditation found; not on Shields list,Guthrie Specialty Pharmacy (Johnson City Pavilion),"Our Lady of Lourdes Memorial Hospital, Inc. (Guthrie member)",,,https://www.guthrie.org/services-treatments/specialty-pharmacy | https://npiregistry.cms.hhs.gov/provider-view/1730982596,2026-10-02,nppes:1730982596,,WebSearch Guthrie specialty pharmacy | https://www.guthrie.org/services-treatments/specialty-pharmacy | Shields partner list (not present),Guthrie Specialty Pharmacy at 501 Reynolds Rd is run by Guthrie (Lourdes entity); page lists no URAC/ACHC accreditation and no outside manager.,,,
HSI00000089,Baton Rouge General Health System,LA,425.0,Baton Rouge General,unchanged,,https://www.brgeneral.org/patient-center/pharmacy-services,,Baton Rouge General merger OR acquisition OR renamed OR closed 2024 2025 2026,False,"Owned, accredited",High,URAC SPP010623 + ACHC 97339 records plus BRG website stating specialty pharmacy holds URAC and ACHC accreditation,Baton Rouge General Specialty Pharmacy | Baton Rouge General Compounding Pharmacy,Baton Rouge General Medical Center,URAC SPP010623 Specialty Pharmacy | ACHC 97339 Specialty Pharmacy Services,,https://www.brgeneral.org/patient-center/pharmacy-services | https://www.urac.org/directory/accreditation-details/?certification=SPP010623,2026-10-02,urac:SPP010623 | achc:97339,"achc:39452: Soileau's Vital Care, independent home infusion company | nppes:1235098203: Baton Rouge Clinic, separate physician group | nppes:1841956497: Ochsner Pharmacy and Wellness LLC, Ochsner entity, not BRG | nppes:1619992427: Soileau's Vital Care, unrelated",WebSearch status | https://www.brgeneral.org/patient-center/pharmacy-services | https://www.businessreport.com/article/news-alert-baton-rouge-general-ochsner-join-forces-local-market,"A 2016 Ochsner partnership announcement was found, with no sign of a merger, rename or outside pharmacy manager; BRG not on Shields list (FMOLHS Baton Rouge is a different system).",,,
HSI00000171,Caromont Health System,NC,424.0,CaroMont Health,unchanged,,https://caromonthealth.org/locations/caromont-health-retail-pharmacy/,,CaroMont Health merger OR acquisition OR renamed OR closed 2025 2026,False,"Owned, not accredited",Low,NPPES Specialty Pharmacy primary taxonomy for Gaston Memorial Hospital Inc (updated 2026-09-30); own site shows only retail/discharge pharmacy and infusion center,Gaston Memorial Hospital Pharmacy | CaroMont Health Retail Pharmacy,"Gaston Memorial Hospital, Inc. (CaroMont Health)",,,https://npiregistry.cms.hhs.gov/provider-view/1508770595 | https://caromonthealth.org/locations/caromont-health-retail-pharmacy/,2026-10-02,nppes:1508770595,,curl caromonthealth.org retail pharmacy page | curl caromonthealth.org pharmacy residency pages | WebSearch CaroMont specialty pharmacy | WebSearch status | Shields partner list (not present),Hospital-owned NPI with specialty taxonomy is the only specialty signal; no URAC/ACHC or outside manager found. Cancer center includes infusion bays and a pharmacy.,,,
HSI00000705,Mosaic Life Care,MO,421.0,Mosaic Life Care,unchanged,,https://www.kq2.com/news/education-news/2026/09/30/mosaic-life-care-foundation-announces-recipient-of-judith-k-sabbert-spark-award/,,Mosaic Life Care merger OR acquisition OR renamed OR closed 2024 2025 2026,False,"Owned, not accredited",Medium,"Mosaic Life Care website: hospital-run Mosaic Specialty Pharmacy (Plaza 4, 2026); no accreditation or outside manager found",Mosaic Specialty Pharmacy,Mosaic Life Care,,,https://www.mymlc.com/Main/Service/pharmacy/,2026-10-02,,,WebSearch status | WebSearch Mosaic outpatient/specialty pharmacy | https://www.mymlc.com/Main/Service/pharmacy/ | Shields partner list (not present),Specialty pharmacy described as part of the hospital and opened in Plaza 4 around June 2026; unrelated to Mosaic Health (Elevance/CD&R).,,,
HSI00000207,Childrens Minnesota,MN,420.0,Children's Minnesota,unchanged,,https://www.childrensmn.org/your-visit/while-you-are-here/on-the-minneapolis-campus/pharmacy/,,Children's Minnesota specialty pharmacy,False,"Owned, accredited",High,URAC SPP010117 record plus Children's Minnesota specialty pharmacy web listing and NPPES specialty records,Children's Minnesota Specialty Pharmacy | Children's Home Infusion Specialty Pharmacy,Children's Health Care d/b/a Children's Minnesota,URAC SPP010117 Specialty Pharmacy,,https://www.urac.org/directory/accreditation-details/?certification=SPP010117 | https://www.childrensmn.org/your-visit/while-you-are-here/on-the-minneapolis-campus/pharmacy/ | https://careers.childrensmn.org/us/en/job/260270OS/Specialty-Pharmacy-Manager,2026-10-02,urac:SPP010117 | nppes:1164122065 | nppes:1558061465 | nppes:1659609972,,WebSearch Children's Minnesota specialty pharmacy | https://www.childrensmn.org/your-visit/while-you-are-here/on-the-minneapolis-campus/pharmacy/ (403 on fetch; seen in search results) | Shields partner list (not present),Independent system since 1924 per search results; Minneapolis campus specialty pharmacy at 2530 Chicago Ave S Ste 175.,,,
HSI00000423,Garnet Health,NY,420.0,Garnet Health,unchanged,,https://midhudsonnews.com/2026/05/24/garnet-montefiore-affiliation-advances-amid-concerns-over-hudson-valley-healthcare-access/,,Garnet Health merger OR acquisition OR renamed 2025 2026,False,None found,Low,"Garnet website search (hospital pharmacy, infusion centers, 340B); no candidates",,,,,https://www.garnethealth.org/news/garnet-health-join-montefiore-health-system | https://www.garnethealth.org/services/cancer-care/cancer-treatment/infusion-therapy,2025-10-15,,,garnethealth.org search (outpatient/specialty/infusion pharmacy) | garnethealth.org Infusion Therapy page | garnethealth.org Montefiore press release | midhudsonnews.com 2026-05-24,"Only a hospital pharmacy and clinic infusion centers found; affiliation with Montefiore (a Shields partner) signed but not yet closed pending regulatory approval, so re-check if it completes.",,,
HSI00001092,ThedaCare,WI,417.0,Froedtert ThedaCare Health,merged into,"Froedtert ThedaCare Health, Inc. (Froedtert Health)",https://www.healthcaredive.com/news/wisconsin-froedtert-thedacare-combine/647432/,2024-01-01,ThedaCare merger OR acquisition OR renamed 2025 2026 Froedtert,False,"Owned, not accredited",Medium,"via Froedtert Health: Froedtert Pharmacy specialty pharmacy page; Joint Commission only, no URAC/ACHC found",Froedtert Pharmacy Specialty Pharmacy | Froedtert Infusion Services,Froedtert Health,,,https://www.froedtert.com/pharmacy | https://www.froedtert.com/home-infusion-therapy,2026-10-02,,,froedtert.com/pharmacy | froedtert.com home infusion therapy (search result) | WebSearch Froedtert ThedaCare specialty/infusion pharmacy,"Froedtert's specialty pharmacy is system-owned with Joint Commission home care accreditation (not a counted specialty accreditor); not on Shields list. Unverified that it serves the ThedaCare hospitals specifically, though infusion suites exist in Oshkosh.",,,
HSI00000365,FirstHealth of the Carolinas,NC,415.0,FirstHealth of the Carolinas,unchanged,,https://www.northcarolinahealthnews.org/tag/firsthealth-of-the-carolinas/,,FirstHealth of the Carolinas merger OR acquisition OR renamed 2025 2026,False,"Owned, accredited",High,URAC SPP010357 + ACHC 93208 + FirstHealth specialty pharmacy web page,FirstHealth Outpatient Pharmacy (Specialty Pharmacy division),"FirstHealth of the Carolinas, Inc.",URAC SPP010357 Specialty Pharmacy | ACHC 93208 Specialty Pharmacy Services,,https://firsthealthrx.org/specialty-pharmacy | https://www.urac.org/directory/accreditation-details/?certification=SPP010357,2026-10-02,urac:SPP010357 | achc:93208 | nppes:1467130955,,firsthealthrx.org specialty-pharmacy (search result) | firsthealthrx.org services | northcarolinahealthnews.org tag page,Same address as Moore Regional Hospital; owner is the system itself. No outside manager found and not on Shields list.,,,
HSI00000667,Mercyhealth,WI,414.0,Mercyhealth,unchanged,,https://www.mystateline.com/news/local-news/starting-jan-1-fhn-will-become-mercyhealth-fhn/,2025-12-31,Mercyhealth Janesville merger OR acquisition OR renamed OR closed 2025 2026,False,"Owned, accredited",High,URAC SPP010459 + Mercyhealth specialty pharmacy program/news pages,Mercyhealth Pharmacy - Riverside (Mercyhealth Specialty Pharmacy Program),Javon Bea Hospital (Mercyhealth member hospital),URAC SPP010459 Specialty Pharmacy,,https://www.mercyhealthsystem.org/services/pharmacy/mercyhealth-specialty-pharmacy-program/ | https://www.mercyhealthsystem.org/news/releases/mercyhealth-s-specialty-pharmacy-earns-national-accreditation/ | https://www.urac.org/directory/accreditation-details/?certification=SPP010459,2026-10-02,urac:SPP010459,,mercyhealthsystem.org specialty pharmacy program page (search result) | mercyhealthsystem.org accreditation news release (search result; fetch 403) | wifr/mystateline FHN news,"Mercyhealth acquired FHN (Freeport) effective 2026-01-01, which expands but does not change the system; not on Shields list. Javon Bea Hospital-Rockton closed 2025-07-01.",,,
HSI00000210,Childrens Hospital Los Angeles,CA,413.0,Children's Hospital Los Angeles,unchanged,,https://www.chla.org/pharmacy-services,,Children's Hospital Los Angeles merger OR acquisition OR renamed 2025 2026,False,"Owned, accredited",High,URAC SPP010276 + CHLA specialty pharmacy welcome packet + NPPES specialty primary,Children's Hospital Los Angeles Specialty Pharmacy,Children's Hospital Los Angeles,URAC SPP010276 Specialty Pharmacy,,https://www.chla.org/sites/default/files/2024-04/CHLA-Specialty-Pharmacy-Welcome-Packet-2024-English.pdf | https://www.urac.org/directory/accreditation-details/?certification=SPP010276,2024-04-01,urac:SPP010276 | nppes:1306274113 | nppes:1659552636,,chla.org pharmacy-services (fetch 403; seen in search) | CHLA specialty pharmacy welcome packet 2024 | WebSearch CHLA merger/rename,Two NPPES records are duplicate entries for the same pharmacy; no merger or rename found. Not on Shields list.,,,
HSI00000244,Commonwealth Health Corporation,KY,413.0,Med Center Health,renamed,,https://medcenterhealth.org/,,Commonwealth Health Corporation Bowling Green The Medical Center acquisition OR renamed OR merger 2024 2025 2026,False,Managed or partnered,Medium,Lane Report 2026-04-15: specialty pharmacy program with Clearway Health,Med Center Health specialty pharmacy program (Clearway Health),Med Center Health,,Clearway Health,https://www.lanereport.com/187189/2026/04/speciality-pharmacy-program-coming-to-bowling-green/ | https://medcenterhealth.org/,2026-04-15,,,medcenterhealth.org home | medcenterhealth.org infusion center and Riverside Pharmacy (search results) | lanereport.com article | WebSearch status | WebSearch specialty pharmacy,"System now brands as Med Center Health; new embedded specialty pharmacy program announced with Clearway Health in April 2026, no accreditation found. Not on Shields list; Riverside Pharmacy is a compounding retail pharmacy.",,,
HSI00000833,Pomona Valley Hospital Medical Center,CA,412.0,Pomona Valley Hospital Medical Center,unchanged,,https://www.pvhmc.org/blog/2025/september/pomona-valley-hospital-medical-center-remains-in/,,Pomona Valley Hospital Medical Center merger OR acquisition OR renamed 2024 2025 2026,False,None found,Low,No candidates; own site and web search show no specialty pharmacy,,,,,https://www.pvhmc.org/,2025-09-01,,,pvhmc.org home | pvhmc.org pharmacy residency and outpatient clinics (search results) | WebSearch specialty pharmacy OR home infusion OR outpatient pharmacy | Shields partner list,"Independent nonprofit; only inpatient pharmacy found. Own-site search was shallow, so confidence is Low.",,,
HSI00001138,United Health Services,NY,412.0,United Health Services,unchanged,,https://www.nyuhs.org/,,United Health Services Binghamton merger OR acquisition OR renamed 2024 2025 2026,False,"Owned, accredited",High,URAC SPP010153 and ACHC 77830 confirmed; UHS web page lists both,UHS Hospitals Specialty Pharmacy,"United Health Services Hospitals, Inc.",URAC SPP010153 Specialty Pharmacy | ACHC 77830 Specialty Pharmacy Services,,"https://www.nyuhs.org/care-treatment/pharmacy/specialty-pharmacy | https://www.urac.org/directory/accreditation-details/?certification=SPP010153 | https://organization.achc.org/print?legalCompanyName=United%20Health%20Services%20Hospitals,%20Inc.&dbaCompanyName=&companyID=77830&full_address=Johnson%20City,%20NY%2013790&physicalAddress=345%20Main%20Street%20Suite%20A,",2026-10-02,urac:SPP010153 | achc:77830,,nyuhs.org specialty pharmacy page | WebSearch status | WebSearch specialty pharmacy | Shields partner list,"NPPES 1740837806 (same address) is a corroborating record for the same pharmacy, so confirmed too. Not on Shields list.",,,
HSI00000065,Aultman Health Foundation,OH,410.0,Aultman Health System,renamed,,https://aultman.org/home/about/aultman-hospital/mission/,2024-06,Aultman Health Foundation merger OR acquisition OR renamed 2024 2025 2026,False,Managed or partnered,High,Aultman 2021 launch release (partnership with Trellis Rx per search summary); URAC SPP010669 and ACHC 86977 confirmed,Aultman Specialty Pharmacy | Aultman Employee Pharmacy,Aultman Hospital,URAC SPP010669 Specialty Pharmacy | ACHC 86977 Specialty Pharmacy Services,Trellis Rx,https://aultman.org/news/october-2021/aultman-launches-fully-integrated-specialty-pharmacy-services-to-enhance-care-for-patients-with-chronic-and-complex-diseases/ | https://aultman.org/home/services/support-services/aultman-specialty-pharmacy-services/ | https://www.urac.org/directory/accreditation-details/?certification=SPP010669,2021-10-01,urac:SPP010669 | achc:86977 | nppes:1467177485,,aultman.org specialty pharmacy page | aultman.org 2021 launch release (search) | WebSearch status | Shields partner list,"Renamed Aultman Health System June 2024; Alliance Community Hospital affiliated. Trellis Rx partnership comes from the search snippet, not the fetched page, so verify.",,,
HSI00001382,AnMed Health,SC,409.0,AnMed,unchanged,,https://anmed.org/about/news-media/news/anmed-and-urgent-care-group-launch-anmed-urgent-care,,AnMed Health Anderson SC merger OR acquisition OR renamed 2024 2025 2026,False,Infusion or home infusion only,Low,Directory listings of AnMed Health Home Infusion pharmacy (NPI 1831120435); own site shows infusion center only,AnMed Health Home Infusion,AnMed,,,https://anmed.org/services/infusion-therapy | https://opennpi.com/provider/1831120435,2026-10-02,,,anmed.org infusion therapy page | anmed.org outpatient infusion (search) | WebSearch status | WebSearch specialty pharmacy | Shields partner list,Home infusion pharmacy evidence is from third-party directories only; no specialty dispensing or accreditation found.,,,
HSI00000211,Akron Childrens Hospital,OH,408.0,Akron Children's,renamed,,https://en.wikipedia.org/wiki/Akron_Children's_Hospital,2023,Akron Children's Hospital merger OR acquisition OR renamed OR closed 2024 2025 2026,False,"Owned, accredited",High,URAC + ACHC records and system web page,Akron Children's Specialty Pharmacy | Akron Children's Hospital Outpatient Pharmacy,Children's Hospital Medical Center of Akron,URAC SPP010397 Specialty Pharmacy | ACHC 97967 Specialty Pharmacy Services,,https://www.akronchildrens.org/pages/Specialty-Pharmacy.html | https://www.urac.org/directory/accreditation-details/?certification=SPP010397,2026-10-02,SPP010397 | 97967 | 1841916905 | 1134918394,"SPP010530: Cincinnati Children's, different system | SPP010241: Dayton Children's, different system | SPP010186: Nationwide Children's, different system | SPP010682: Rocking Horse, unrelated health center | 80136: Dayton Children's | 77328: Nationwide Children's | 99059: Rocking Horse | 1255942868: Dayton Children's | 1235866203: Nationwide Children's | 1134152986: Nationwide Children's | 1679977060: Nationwide Children's",WebSearch status | WebSearch specialty pharmacy | akronchildrens.org Specialty-Pharmacy page (search result),Boardman outpatient pharmacy is also an Akron Children's NPPES specialty entity. System renamed from Akron Children's Hospital in 2023 and expanded (Salem Regional asset purchase 2024).,,,
HSI00001082,The Methodist Hospitals,IN,405.0,The Methodist Hospitals,unchanged,,https://www.in.gov/health/cshcr/files/2023-METHODIST-HOSPITALS-150002-AFS.pdf,,Methodist Hospitals Gary Indiana merger OR acquisition OR renamed OR closed 2024 2025 2026,False,"Owned, not accredited",Medium,System web page for specialty pharmacy program; no URAC/ACHC found,Methodist Hospitals Northlake Outpatient Pharmacy,"The Methodist Hospitals, Inc.",,,https://methodisthospitals.org/northlake-outpatient-pharmacy/specialty-pharmacy-program/,2026-10-02,1932672888,,WebSearch status | WebSearch specialty pharmacy | methodisthospitals.org specialty pharmacy program page | methodisthospitals.org pharmacy search results,Own site describes a specialty pharmacy program; no accreditation or outside manager stated. NPPES record is dated 2019 and not specialty-primary.,,,
HSI00000864,Rady Childrens Hospital San Diego,CA,401.0,Rady Children's Health (Rady Children's Hospital - San Diego),unchanged,,https://www.rchsd.org/programs-services/pharmacy/outpatient-pharmacy-faqs/,,Rady Children's Hospital San Diego specialty pharmacy (no status-change results found),False,Infusion or home infusion only,Medium,System web page for Rady Children's HomeCare; no specialty accreditation or Shields listing,Rady Children's HomeCare | Rady Children's Outpatient Pharmacy (now third-party owned),Rady Children's Hospital - San Diego,,,https://www.rchsd.org/programs-services/homecare/ | https://www.rchsd.org/programs-services/pharmacy/outpatient-pharmacy-faqs/,2026-10-02,,,WebSearch specialty pharmacy | rchsd.org outpatient pharmacy FAQs | rchsd.org HomeCare page,"Outpatient retail pharmacy changed ownership 2024-10-25 to an outside operator (childrenscommunitypharmacy.com). HomeCare is home infusion, Joint Commission accredited, and lists specialty injectables, but no retail specialty dispensing found.",,,
HSI00000287,Covenant Health Systems,MA,399.0,Covenant Health,unchanged,,https://en.wikipedia.org/wiki/Covenant_Health_Systems,,Covenant Health Systems Tewksbury St. Joseph Hospital Nashua merger OR acquisition OR renamed OR closed 2024 2025 2026,False,None found,Low,"No candidates; St. Joseph Nashua pharmacy page lists only inpatient, outpatient and chemo infusion pharmacy",,,,,https://stjosephhospital.com/pharmacy-services-offered/,2026-10-02,,,WebSearch status | WebSearch specialty/infusion pharmacy | stjosephhospital.com pharmacy services page (Nashua only; Maine hospital sites not checked),"Only the Nashua hospital website was fetched; chemotherapy infusion pharmacy there is hospital-based, not home infusion. Covenant Health called off its Day Kimball acquisition.",,,
HSI00000428,Gundersen Health System,WI,399.0,Emplify Health (Gundersen),merged into,Emplify Health,https://www.gundersenhealth.org/news/bellin-and-gundersen-health-system-to-become-emplify-health,2022-12 merger with Bellin; Emplify name announced 2024-04-30,Gundersen Health System merger OR acquisition OR renamed 2024 2025 2026 Emplify Health,False,"Owned, accredited",High,"URAC + ACHC records, NPPES, and system web page; pharmacy held by Gundersen Clinic, Ltd (system affiliate)",Gundersen Pharmacy | Gundersen Specialty Pharmacy,"Gundersen Clinic, Ltd",URAC SPP010218 Specialty Pharmacy | ACHC 88761 Specialty Pharmacy Services | ACHC 88762 Specialty Pharmacy Services | ACHC 88763 Specialty Pharmacy Services | ACHC 88764 Specialty Pharmacy Services,,https://www.gundersenhealth.org/services/gundersen-pharmacy | https://www.urac.org/directory/accreditation-details/?certification=SPP010218,2026-10-02,SPP010218 | 88761 | 88762 | 88763 | 88764 | 1285351429,,WebSearch status | WebSearch specialty pharmacy | gundersenhealth.org pharmacy pages (search results),"Gundersen merged with Bellin in 2022 and rebranded Emplify Health (2024). Gundersen Clinic, Ltd is the physician-group arm of the system.",,,
HSI00000802,Owensboro Health,KY,398.0,Owensboro Health,unchanged,,https://www.owensborohealth.org/about/organizational-profile,,Owensboro Health merger OR acquisition OR renamed OR closed 2024 2025 2026,False,"Owned, accredited",High,URAC SPP010493 + ACHC 96602 + system web pages; not on Shields list,Owensboro Health Specialty Pharmacy,"Owensboro Health, Inc.",URAC SPP010493 Specialty Pharmacy | ACHC 96602 Specialty Pharmacy Services,,https://www.urac.org/directory/accreditation-details/?certification=SPP010493 | https://www.owensborohealth.org/services/specialty-pharmacy,2026-10-02,SPP010493 | 96602 | 1912724238,,web search: Owensboro Health status | https://www.owensborohealth.org/about/organizational-profile (search snippet; homepage fetch 403) | https://www.owensborohealth.org/services/specialty-pharmacy (search result),"Optum partnership covers revenue cycle and IT only, not pharmacy. Owensboro homepage fetch returned 403.",,,
HSI00000283,Cottage Health System,CA,397.0,Cottage Health,unchanged,,https://www.cottagehealth.org/about/our-hospitals/,,Cottage Health Santa Barbara merger OR acquisition OR renamed OR closed 2024 2025 2026,False,Managed or partnered,High,ACHC 98218 + NPPES primary + Cottage web page/press (Santa Barbara Independent 2025-05-05) naming Clearway Health partner,Cottage Specialty Pharmacy,Santa Barbara Cottage Hospital,ACHC 98218 Specialty Pharmacy Services,Clearway Health,https://www.cottagehealth.org/services/specialty-pharmacy/ | https://www.independent.com/2025/05/05/cottage-health-partners-with-clearway-health-to-launch-specialty-pharmacy-program/,2025-05-05,98218 | 1790659514,,web search: Cottage Specialty Pharmacy | https://www.cottagehealth.org/services/specialty-pharmacy/ (search result; fetch 403) | https://www.cottagehealth.org/about/our-hospitals/,"Specialty program launched with Clearway Health, a specialty pharmacy services company. Not on Shields list.",,,
HSI00000094,Bayhealth,DE,396.0,Bayhealth,unchanged,,https://www.bayhealth.org/about-us/newsroom/2025/september/bayhealth-welcomes-new-pharmacy-residents,,Bayhealth Delaware merger OR acquisition OR renamed OR closed 2024 2025 2026,False,"Owned, accredited",High,"ACHC 66297 + NPPES + Bayhealth web pages (Specialty Pharmacy, 2018 ACHC accreditation news)",Bayhealth Ambulatory Pharmacy | Bayhealth Specialty Pharmacy,"Bayhealth Medical Center, Inc",ACHC 66297 Specialty Pharmacy Services,,https://www.bayhealth.org/services/specialty-pharmacy | https://www.bayhealth.org/community-health-and-wellness/newsroom/2018/april/ambulatory-pharmacy-receives-two-national-accreditations,2026-10-02,66297 | 1831589597,,web search: Bayhealth status | https://www.bayhealth.org/ (homepage) | web search: bayhealth.org specialty pharmacy,Specialty pharmacy runs at Kent and Sussex campuses. Not on Shields list.,,,
HSI00000987,Sinai Health System,IL,391.0,Sinai Chicago,unchanged,,https://www.sinaichicago.org/en/find-a-location/,,Sinai Health System Chicago merger OR acquisition OR renamed OR closed 2024 2025 2026,False,"Owned, accredited",Medium,ACHC 98278 + NPPES primary specialty (updated 2026-06-18); weak own-site corroboration,Sinai Community Pharmacy,Mount Sinai Hospital Medical Center,ACHC 98278 Specialty Pharmacy Services,,"https://organization.achc.org/print?legalCompanyName=Mount%20Sinai%20Hospital%20Medical%20Center&dbaCompanyName=Sinai%20Community%20Pharmacy&companyID=98278&full_address=Chicago,%20IL%2060608&physicalAddress=2750%20W%2015th%20Place%20Suite%201120, | https://npiregistry.cms.hhs.gov/provider-view/1689538738",2026-10-02,98278 | 1689538738,,web search: Sinai status | https://www.sinaichicago.org/ (homepage fetch) | web search: sinaichicago.org specialty pharmacy,"Brand is Sinai Chicago (includes Holy Cross, merged 2012). Mount Sinai Health System (NY) on Shields list is a different system.",,,
HSI00000401,Glens Falls Hospital,NY,391.0,Glens Falls Hospital (Albany Med Health System),merged into,Albany Med Health System,https://www.albanymed.org/glensfalls/about-glens-falls-hospital/,2020-02,Glens Falls Hospital Albany Med Health System merger OR acquisition OR renamed 2024 2025 2026,False,Managed or partnered,High,"URAC SPP010602 + ACHC 87330 + Albany Med pharmacies page (URAC through 2029-02-01, ACHC Gold Seal); no outside manager found",Glens Falls Hospital Specialty Pharmacy,Glens Falls Hospital (parent Albany Med Health System),URAC SPP010602 Specialty Pharmacy | ACHC 87330 Specialty Pharmacy Services,Shields Health Solutions,https://www.urac.org/directory/accreditation-details/?certification=SPP010602 | https://www.albanymed.org/patients-visitors/pharmacies/ | https://shieldshealthsolutions.com/about-us/partner-health-systems,2026-10-02,SPP010602 | 87330 | 1336800135,"1619990991: community/retail pharmacy NPI, not specialty pharmacy",web search: Glens Falls status | web search: Glens Falls specialty pharmacy | https://www.albanymed.org/patients-visitors/pharmacies/,"Affiliation with Albany Med was effective 2020, rebranded 2024. Albany Medical Center is on the Shields list but no Shields link to the Glens Falls pharmacy was found; reviewer should decide.",Albany Medical Center (NY),"on Shields partner list: Owned, accredited -> Managed or partnered",
HSI00000911,Saint Bernards Healthcare,AR,388.0,St. Bernards Healthcare,unchanged,,https://talkbusiness.net/2025/12/st-bernards-healthcare-to-take-over-management-of-mississippi-county-hospital-system/,,Saint Bernards Healthcare Jonesboro merger OR acquisition OR renamed OR closed 2024 2025 2026,False,"Owned, not accredited",Medium,NPPES specialty-pharmacy primary taxonomy x2 plus system web page/search listing for St. Bernards Specialty Pharmacy; no accreditation found,St. Bernards Pharmacy / St. Bernards Specialty Pharmacy,St. Bernards Hospital Inc (system member),,,https://www.stbernards.info/services/pharmacy/ | https://npiregistry.cms.hhs.gov/provider-view/1780556787,2026-10-02,nppes:1851263859 | nppes:1780556787,,WebSearch status | WebSearch specialty pharmacy (stbernards.info pharmacy pages in results) | stbernards.info/services/pharmacy (fetch 403) | Shields partner list (not listed),"System web pages describe a specialty pharmacy program on the medical center campus; the page fetch returned 403, so content comes from search listings. Not on Shields list; no URAC/ACHC record found.",,,
HSI00001499,VHC Health,VA,385.0,VHC Health,unchanged,,https://www.vhchealth.org/news-publications/press-releases/2022/virginia-hospital-center-is-now-vhc-health/,,VHC Health Virginia Hospital Center merger OR acquisition OR renamed 2025 2026,False,None found,Low,"vhchealth.org homepage read via curl; pharmacy pages blocked by Akamai bot challenge, content known only from own-site search snippets (two retail outpatient pharmacies, outpatient infusion center)",VHC Health Outpatient Pharmacy - Main Hospital | VHC Health Outpatient Pharmacy - Pavilion,VHC Health,,,https://www.vhchealth.org/medical-services/outpatient-pharmacy/ | https://www.vhchealth.org/,2026-10-02,,,"curl vhchealth.org homepage (ok) | curl vhchealth.org pharmacy pages (bot challenge, repeated) | WebSearch vhchealth.org specialty/infusion | WebSearch status | Shields partner list (not present)","No specialty or home infusion pharmacy found in any visible source, but the pharmacy pages themselves could not be fetched, hence Low. Rebranded from Virginia Hospital Center in 2022.",,,
HSI00001218,Valley Health System,NJ,385.0,Valley Health System,unchanged,,https://www.valleyhealth.com/trending/valley-hospitals-move-paramus-april-14-2024,2024-04-14,Valley Health System Ridgewood Valley Hospital merger OR acquisition OR renamed 2024 2025 2026,False,"Owned, accredited",High,URAC SPP010291 plus system web page confirming URAC specialty accreditation,Valley Health Pharmacy Prescription Processing Center | Valley Health Pharmacy | Valley Health Pharmacy-Mahwah,"The Valley Hospital, Inc.",URAC SPP010291 Specialty Pharmacy,,https://www.urac.org/directory/accreditation-details/?certification=SPP010291 | https://www.valleyhealth.com/services/specialty-pharmacy,2026-10-02,urac:SPP010291,"achc:90399: Vital Care of Moorestown, Delaware Valley Infusion Services LLC, unrelated franchise | nppes:1932206869: Raritan Valley Healthcare Enterprises, unrelated retail pharmacy in Branchburg | nppes:1811477342: Valley Hospital Mahwah retail pharmacy NPI, not specialty and covered by URAC site; not separate evidence | nppes:1104258045: Valley Rx LLC in Wayne, unrelated independent pharmacy",WebSearch status | WebSearch Valley Health Pharmacy specialty URAC | valleyhealth.com/services/specialty-pharmacy | Shields partner list (not listed),"Hospital relocated from Ridgewood to Paramus in April 2024, no ownership change. No outside manager mentioned.",,,
HSI00000381,Freeman Health System,MO,384.0,Freeman Health System,unchanged,,https://talkbusiness.net/2026/03/freeman-health-system-in-joplin-mo-to-acquire-northwest-health-for-112-million/,2026-06-01,Freeman Health System Joplin merger OR acquisition OR renamed OR closed 2024 2025 2026,False,None found,Low,"No candidates; Freeman pharmacy and infusion pages show inpatient pharmacy, QuickMeds retail outpatient pharmacy and infusion center only",QuickMeds Pharmacy,,,,https://www.freemanhealth.com/specialty/pharmacy-services | https://freemanhealth.com/specialty/infusion-services | https://www.freemanhealth.com/service/quickmeds-pharmacy,2026-10-02,,,WebSearch status | WebSearch specialty/home infusion/outpatient pharmacy | freemanhealth.com/specialty/pharmacy-services | freemanhealth.com/specialty/infusion-services | Shields partner list (not listed),"Freeman acquired four Northwest Arkansas hospitals from CHS (closed 2026-06-01); it is the nonprofit acquirer, structure otherwise unchanged. One search summary mentioned specialty pharmacy, but the fetched pages did not confirm it.",,,
HSI00000824,Phoenix Childrens Hospital,AZ,383.0,Phoenix Children's,unchanged,,https://www.chiefhealthcareexecutive.com/view/phoenix-children-s-opens-new-195m-hospital-and-another-is-coming,,Phoenix Children's Hospital merger OR acquisition OR renamed 2024 2025 2026,False,Managed or partnered,High,Shields partner list plus Shields/Phoenix Children's press release; URAC and ACHC records confirmed,Phoenix Children's Specialty Pharmacy | Phoenix Children's Hospital Outpatient Pharmacy,"Phoenix Children's Hospital, Inc.",URAC SPP010104 Specialty Pharmacy | ACHC 88282 Specialty Pharmacy Services,Shields Health Solutions,https://phoenixchildrens.org/specialties-conditions/pharmacy-services/specialty-pharmacy | https://www.businesswire.com/news/home/20230124005249/en/Shields-Health-Solutions-and-Phoenix-Children%E2%80%99s-Partner-to-Establish-Specialty-Pharmacy-Services | https://www.urac.org/directory/accreditation-details/?certification=SPP010104 | https://shieldshealthsolutions.com/about-us/partner-health-systems,2026-10-02,urac:SPP010104 | achc:88282,"nppes:1386749836: Phoenix Children's HOPE, non-specialty primary taxonomy; same site, not a separate pharmacy",WebSearch status | WebSearch specialty pharmacy Shields | phoenixchildrens.org specialty pharmacy page (search result) | Shields partner list (listed),Shields partnership announced January 2023 and listed on Shields partner list. Accreditations held directly by the hospital entity.,Phoenix Children’s Hospital (AZ),,
HSI00000164,Capital Health System,NJ,382.0,Capital Health System,unchanged,,https://www.capitalhealth.org/,,Capital Health System Trenton merger OR acquisition OR renamed OR closed 2024 2025 2026,False,None found,Medium,Own website homepage and web search show no specialty/infusion pharmacy; no candidates,,,,,https://www.capitalhealth.org/,2026-10-02,,,https://www.capitalhealth.org/ | web search: Capital Health Trenton specialty pharmacy OR home infusion | Shields partner list (not listed),"Capital Health Community Pharmacy LLC (Pennington) appears to be retail only. The 2025 closure of East Trenton (former St. Francis, acquired 2022) does not affect the 2023 member hospitals.",,,
HSI00001240,Washington Regional,AR,377.0,Washington Regional,unchanged,,https://www.wregional.com/main/news/washington-regional-to-assume-operations-of-physic-548,,Washington Regional Fayetteville Arkansas merger OR acquisition OR renamed 2024 2025 2026,False,None found,Medium,"Own infusion-center page and search show outpatient infusion administration only, no pharmacy; no candidates",,,,,https://www.wregional.com/main/infusion-therapy-services,2026-10-02,,,https://www.wregional.com/main/infusion-therapy-services | web search: Washington Regional specialty pharmacy OR home infusion | Shields partner list (not listed),"System assumed operation of Physicians' Specialty Hospital Dec 2025 (expansion, still nonprofit, same name). Infusion Center administers drugs but is not a pharmacy.",,,
HSI00001110,University Health,MO,375.0,University Health,unchanged,,https://www.universityhealthkc.org/,,University Health Kansas City Truman Medical Centers merger OR acquisition OR renamed 2024 2025 2026,False,"Owned, not accredited",Low,Own Specialty Pharmacy Program page (seen in search results; fetch returned 403); no URAC/ACHC/NPPES candidates,University Health Specialty Pharmacy Program,University Health,,,https://www.universityhealthkc.org/services/pharmacy/specialty-pharmacy-program/,2026-10-02,,,"https://www.universityhealthkc.org/services/pharmacy/specialty-pharmacy-program/ (search snippet only, 403) | https://www.universityhealthkc.org/services/pharmacy/ (403) | web search: University Health Kansas City specialty pharmacy OR home infusion | Shields partner list (not listed; 'University Hospital' San Antonio is a different system)","Renamed from Truman Medical Centers in Oct 2021, before 2023. Page content could not be fetched, so ownership and absence of accreditation rest on search snippet and absence of registry hits.",,NPPES-only evidence -> confidence capped at Low,
HSI00001002,South Shore Health System,MA,374.0,South Shore Health System,unchanged,,https://www.southshorehealth.org/,,South Shore Health Weymouth merger OR acquisition OR renamed 2024 2025 2026,False,None found,Medium,Own website lists no pharmacy/specialty/infusion services (only South Shore VNA home health); no candidates,,,,,https://www.southshorehealth.org/,2026-10-02,,,https://www.southshorehealth.org/ | web search: South Shore Health specialty pharmacy OR home infusion | Shields partner list (not listed),"Stayed independent after 2021 merger exploration. South Shore VNA is home health, not infusion pharmacy.",,,
HSI00000969,Seattle Childrens Hospital Research and Foundation,WA,370.0,Seattle Childrens Hospital Research and Foundation,unchanged,,https://www.seattlechildrens.org/clinics/pharmacy/,,Seattle Children's merger OR acquisition OR renamed 2025 2026 outpatient specialty pharmacy,False,"Owned, accredited",High,URAC SPP010613 + ACHC 98224 + NPPES + system pharmacy page agree,Seattle Children's Outpatient Pharmacy | Seattle Children's Specialty Pharmacy,Seattle Children's Hospital,URAC SPP010613 Specialty Pharmacy | ACHC 98224 Specialty Pharmacy Services,,https://www.urac.org/directory/accreditation-details/?certification=SPP010613 | https://www.seattlechildrens.org/clinics/pharmacy/ | https://npiregistry.cms.hhs.gov/provider-view/1740164151,2026-10-02,SPP010613 | 98224 | 1740164151,,https://www.seattlechildrens.org/clinics/pharmacy/ | web search: Seattle Children's outpatient specialty pharmacy | Shields partner list (not listed),"Pharmacy serves AK, ID, MT, WA, WY via mailout. No outside manager found.",,,
HSI00000476,Heritage Valley Health System,PA,365.0,AHN Beaver Hospital-Heritage Valley; AHN Sewickley Hospital-Heritage Valley,merged into,Allegheny Health Network (Highmark Health),https://www.prnewswire.com/news-releases/heritage-valley-health-system-enters-new-era-as-part-of-allegheny-health-network-302815526.html,2026-07-02,Heritage Valley Health System Allegheny Health Network merger completed July 2026,False,Managed or partnered,Medium,Co-owner of Chartwell Pennsylvania LP (URAC specialty and ACHC accredited home infusion/specialty JV) which is in the Shields Excelera network; no wholly owned specialty pharmacy; hospital retail pharmacies only,Chartwell Pennsylvania LP (JV) | Heritage Valley retail pharmacies,"Chartwell Pennsylvania LP (UPMC, Butler Health System, Heritage Valley, Washington Health System)","URAC Specialty Pharmacy (Chartwell, per chartwellpa.com) | ACHC (Chartwell, per chartwellpa.com)","Shields Health Solutions (Excelera network, via Chartwell JV); UPMC-led JV",https://chartwellpa.com/about/about-chartwell.asp | https://shieldshealthsolutions.com/chartwell-pennsylvania-lp-affiliated-with-upmc-d-b-a-university-of-pittsburgh-medical-center-joins-the-excelera-network-to-optimize-specialty-pharmacy-and-home-infusion-services/ | https://www.heritagevalley.org/services/retail-pharmacy-2,2026-10-02,,,curl heritagevalley.org/services/retail-pharmacy-2 | curl chartwellpa.com/about | curl Shields Chartwell release | WebSearch Heritage Valley Chartwell | WebSearch AHN merger status | Shields partner list (Heritage Valley and Chartwell not listed),"Heritage Valley is not itself on the Shields partner list; the call rests on the Chartwell JV (Shields Excelera network, UPMC-led), so partnered rather than owned. AHN own specialty pharmacy was not assessed.",,,
HSI00000036,Ann and Robert H Lurie Childrens Hospital of Chicago,IL,364.0,Ann & Robert H. Lurie Children's Hospital of Chicago,unchanged,,https://www.luriechildrens.org/en/contact-us/for-media/news-clips/,,Lurie Children's Hospital of Chicago merger OR acquisition OR renamed OR closed 2024 2025 2026,False,Managed or partnered,Medium,"Press release (PR Newswire 2026-08-13) and trade press: Clearway Health plans, builds and operates Lurie's specialty pharmacy; NPPES agrees",Lurie Children's Specialty Pharmacy,Ann & Robert H. Lurie Children's Hospital of Chicago,,Clearway Health,http://www.prnewswire.com/news-releases/ann--robert-h-lurie-childrens-hospital-of-chicago-and-clearway-health-celebrate-opening-of-hospitals-first-specialty-pharmacy-302850139.html | https://www.dailyherald.com/20260814/business/lurie-childrens-hospital-opens-its-first-specialty-pharmacy-in-schaumburg/ | https://npiregistry.cms.hhs.gov/provider-view/1912874959,2026-08-13,1912874959 | 1477420412,,WebSearch Lurie specialty pharmacy | PR Newswire release | WebSearch status | Shields list (not present),"Pharmacy opened Aug 2026 at 1895 Arbor Glen Blvd, Schaumburg; no URAC/ACHC record found yet. NPI 1477420412 is a secondary-taxonomy duplicate at same address.",,,
HSI00000954,San Antonio Regional Hospital,CA,363.0,San Antonio Regional Hospital,unchanged,,https://www.sarh.org/about-us,,San Antonio Regional Hospital Upland merger OR acquisition OR renamed OR closed 2024 2025 2026,False,"Owned, not accredited",Medium,Own website pharmacy page describes a hospital-operated Specialty Pharmacy; no URAC/ACHC/NPPES candidates and no accreditation mentioned,San Antonio Outpatient Pharmacy / Specialty Pharmacy,San Antonio Regional Hospital,,,https://www.sarh.org/services/pharmacy,2026-10-02,,,sarh.org/services/pharmacy | sarh.org/about-us | WebSearch status | WebSearch pharmacy,Page undated; no outside manager named; not on Shields list.,,,
HSI00000335,Eisenhower Health,CA,362.0,Eisenhower Health,unchanged,,https://eisenhowerhealth.org/locations/?action=detail&dataRef=15,,Eisenhower Health Rancho Mirage merger OR acquisition OR renamed OR closed 2024 2025 2026,False,"Owned, not accredited",Low,NPPES only: Specialty Pharmacy primary taxonomy for Lucy Curci Cancer Center Pharmacy under Eisenhower Medical Center; website has no pharmacy mention,Lucy Curci Cancer Center Pharmacy,Eisenhower Medical Center,,,https://npiregistry.cms.hhs.gov/provider-view/1992613301,2026-10-02,1992613301,,eisenhowerhealth.org/services/oncology/locations | WebSearch Eisenhower pharmacy | WebSearch status | eisenhowerhealth.org site search,Address matches the cancer center on the main campus; NPPES updated 2026-09-02. No accreditation or partner found; not on Shields list.,,,
HSI00000076,Baptist Health Care,FL,362.0,Baptist Health Care,unchanged,,https://www.ebaptisthealthcare.org/news,,Baptist Health Care Pensacola merger OR acquisition OR renamed OR closed 2024 2025 2026,False,Managed or partnered,Medium,Tower Specialty Pharmacy page on ebaptisthealthcare.org states operated by Baptist Health Care with ACHC and URAC credentials; no matching accreditation record in candidates,Tower Specialty Pharmacy,Baptist Health Care (Pensacola),"ACHC (per website, number not found) | URAC (per website, number not found)",Shields Health Solutions,https://www.ebaptisthealthcare.org/pharmacy/tower-specialty-pharmacy | https://shieldshealthsolutions.com/about-us/partner-health-systems,2026-10-02,,"URAC SPP010717: Baptist Health South Florida (Miami), different system | ACHC 85128: same Miami Oncology Specialty Pharmacy, different system | ACHC 88900: Baptist Outpatient Services Miami Lakes, Baptist Health South Florida | NPI 1336811645: Baptist Health Pharmacy #107 Plantation, BHSF | NPI 1598351843: Baptist Health Pharmacy 102 South Miami, BHSF | NPI 1225624588: Baptist Health Pharmacy 103 Miami, BHSF | NPI 1568546901: Grey Dog Inc independent Miami pharmacy | NPI 1134082753: Baptist Jacksonville, different system",ebaptisthealthcare.org/pharmacy/tower-specialty-pharmacy | ebaptisthealthcare.org/news | WebSearch status | WebSearch specialty pharmacy,"Pensacola pharmacy accreditation could not be tied to a roster record, so confidence is Medium. Not on Shields list (Baptist Health Montgomery AL and Jacksonville are different systems).",Baptist Health Jacksonville (FL),"on Shields partner list: Owned, accredited -> Managed or partnered",
HSI00001497,Valley Childrens Healthcare,CA,358.0,Valley Children's Healthcare,unchanged,,https://news.valleychildrens.org/valley-childrens-strengthens-long-term-commitment-to-kids-through-strategic-investment/,,Valley Children's Healthcare merger OR acquisition OR renamed OR closed 2025 2026,False,Managed or partnered,Medium,System web page: on-campus Walgreens Specialty Pharmacy partnership; no Shields listing,"Walgreens Specialty Pharmacy at Valley Children's (41169 Goodwin Way, Madera)",Walgreens (partner operator),,Walgreens,https://www.valleychildrens.org/services/pharmacy/outpatient-pharmacy,2026-10-02,,,https://www.valleychildrens.org/services/pharmacy/outpatient-pharmacy | https://www.valleychildrens.org/services/pharmacy | WebSearch: status | WebSearch: specialty pharmacy,Outpatient pharmacy is a Walgreens partnership advertising specialty (cystic fibrosis) services; no URAC/ACHC/NPPES candidates and no accreditation found. Not on Shields list.,,,
HSI00000338,Solutionhealth,NH,353.0,SolutionHealth (Elliot Health System / Southern New Hampshire Health),unchanged,,https://www.doj.nh.gov/multimedia/3102026-public-hearing-regarding-pending-transaction-between-southern-new-hampshire,,Solution Health Elliot Hospital Southern New Hampshire Medical Center merger OR acquisition OR renamed 2025 2026,False,Managed or partnered,Medium,"Shields partner list (Elliot Hospital / Solution Health, Manchester NH)",,,,Shields Health Solutions,https://shieldshealthsolutions.com/about-us/partner-health-systems,2026-10-02,,,"WebSearch: status (NH DOJ hearing, Becker's, Union Leader) | Shields partner list file | WebSearch: pending disaffiliation news","Disaffiliation of Elliot, Southern NH Health and Home Health was filed July 2025 with NH Charitable Trusts Unit and heard 2026-03-10; final outcome not confirmed, so status kept unchanged. No URAC/ACHC/NPPES candidates; tier rests on Shields list (Elliot) and Southern NH Medical Center pharmacy not separately researched.",,,
HSI00000942,Saint Peters Healthcare System,NJ,352.0,Saint Peter's Healthcare System,unchanged,,https://www.healthcaredive.com/news/saint-peters-atlantic-health-scrap-merger/802213/,2025-10-07,Saint Peter's University Hospital New Brunswick merger OR acquisition OR renamed OR closed 2025 2026,False,Managed or partnered,Medium,System press release 2025-03-04 (system-owned specialty pharmacy in partnership with Clearway Health) plus NPPES Saint Peter's Specialty Pharmacy record,"Saint Peter's Specialty Pharmacy (562 Easton Ave Ste B, Somerset NJ)",Saint Peter's University Hospital / Saint Peter's Healthcare System,,Clearway Health,https://www.prnewswire.com/news-releases/saint-peters-healthcare-system-announces-plan-to-open-first-specialty-pharmacy-partnership-with-clearway-health-to-provide-access-to-medications-for-managing-complex-medical-conditions-302390696.html | https://npiregistry.cms.hhs.gov/provider-view/1952289332 | https://www.saintpetershcs.com/visitors/walgreens-at-saint-peter%E2%80%99s,2025-03-04,nppes:1952289332,"achc:82715: Walgreen Co-owned retail/specialty pharmacy on hospital campus, not system-owned (though it shows a Walgreens on-site partnership)",https://www.prnewswire.com/ (Clearway release) | https://www.saintpetershcs.com/visitors/walgreens-at-saint-peter%E2%80%99s | WebSearch: status | WebSearch: specialty pharmacy,"Atlantic Health merger was abandoned 2025-10-07, so system is independent. Own specialty pharmacy launched with Clearway Health as strategic partner; no URAC/ACHC accreditation found for it (Clearway offers accreditation guidance).",,,
HSI00000725,Nemours Childrens Health,FL,352.0,Nemours Children's Health,unchanged,,https://en.wikipedia.org/wiki/Nemours_Children%27s_Health,,Nemours Children's Health merger OR acquisition OR renamed OR closed 2025 2026,False,Managed or partnered,High,"Shields partner list (Nemours Children's, Wilmington and Orlando) plus URAC SPP010116 and ACHC 89523/95477 owned by The Nemours Foundation",Outpatient Pharmacy of the Nemours Foundation | Nemours Children's Outpatient Pharmacy,The Nemours Foundation,URAC SPP010116 Specialty Pharmacy | ACHC 89523 Specialty Pharmacy Services | ACHC 95477 Specialty Pharmacy Services,Shields Health Solutions,https://www.urac.org/directory/accreditation-details/?certification=SPP010116 | https://shieldshealthsolutions.com/about-us/partner-health-systems,2026-10-02,SPP010116 | achc:89523 | achc:95477 | nppes:1407620230,,"WebSearch: status (Wikipedia, Becker's, news) | Shields partner list file","Wholly system-owned accredited pharmacies exist, but Shields listing takes precedence per rule. Nemours expanding via Pensacola and Baptist Health partnerships, no structural change.",Nemours Childrens Health System (FL); Nemours Children’s Hospital (DE),,
HSI00000217,Childrens of Alabama,AL,351.0,Children's of Alabama,unchanged,,https://en.wikipedia.org/wiki/Children%27s_of_Alabama,,Children's of Alabama merger OR acquisition OR renamed OR closed 2025 2026,False,None found,Low,Own pharmacy department site shows only inpatient/satellite pharmacies; NPPES candidate rejected; not on Shields list,,,,,https://www.childrensal.org/services/pharmacy-department/contact-us,2026-10-02,,"nppes:1477752814: Alabama Department of Rehabilitation Services (state agency, Children's Rehabilitation Service), unrelated to the hospital",https://www.childrensal.org/services/pharmacy-department/contact-us | WebSearch: status | WebSearch: specialty pharmacy | WebSearch: Peds Rx Pharmacy Solutions,"An independent community pharmacy (Peds Rx Pharmacy Solutions, est. 2013) operates inside the hospital; no system specialty or infusion pharmacy found. Only one system page fetched, hence Low confidence.",,,
HSI00000050,Arkansas Childrens Hospital,AR,350.0,Arkansas Children's,unchanged,,https://www.archildrens.org/news/releases/2026/ach-expansion-milestone,,Arkansas Children's Hospital merger OR acquisition OR renamed 2025 2026,False,"Owned, accredited",High,URAC SPP010423 plus Arkansas Children's pharmacy services page,Arkansas Children's Hospital Pharmacy,Arkansas Children's Hospital,URAC SPP010423 Specialty Pharmacy,,https://www.urac.org/directory/accreditation-details/?certification=SPP010423 | https://www.archildrens.org/programs-and-services/pharmacy,2026-10-02,SPP010423,,archildrens.org news release 2026 | archildrens.org/programs-and-services/pharmacy (search result) | WebSearch specialty pharmacy URAC,"Little Rock campus renamed Arkansas Children's Golisano Campus (naming gift), system itself unchanged. Not on Shields list.",,,
HSI00000553,Kootenai Health,ID,349.0,Kootenai Health,unchanged,,https://www.kh.org/facts-and-community-reports/,,Kootenai Health merger OR acquisition OR renamed OR closed 2025 2026,False,"Owned, accredited",High,URAC SPP010643 and ACHC 79537 agree; NPPES corroborates,Kootenai Clinics Cancer Services Pharmacy | Kootenai Health Specialty Pharmacy,"Kootenai Health, Inc.",URAC SPP010643 Specialty Pharmacy | ACHC 79537 Specialty Pharmacy Services,,https://www.urac.org/directory/accreditation-details/?certification=SPP010643 | https://organization.achc.org/print?legalCompanyName=Kootenai%20Health%20Inc.&dbaCompanyName=Kootenai%20Clinic%20Cancer%20Services%20Pharmacy&companyID=79537,2026-10-02,SPP010643 | 79537 | 1073835591,"1194345199: Kootenai Health Pharmacy is community/retail, not specialty-focused (same owner, no separate accreditation)",kh.org facts and community reports (search result) | WebSearch Kootenai specialty pharmacy,"Converted from hospital district to 501(c)(3) in 2024 and is in a MultiCare campus JV (not pharmacy-related). Status URL is from search results, not directly fetched.",,,
HSI00000697,Mohawk Valley Health System,NY,346.0,Mohawk Valley Health System,unchanged,,https://www.mvhealthsystem.org/about/,,Mohawk Valley Health System Utica merger OR acquisition OR renamed OR closed 2025 2026,False,Managed or partnered,Medium,MVHS press release 2022-11-10: Trellis Rx (CPS) manages specialty pharmacy,MVHS Specialty Pharmacy,Mohawk Valley Health System,,Trellis Rx (CPS Solutions),https://www.mvhealthsystem.org/press/mohawk-valley-health-system-launches-integrated-specialty-pharmacy-and-disease-management-services-for-patients-with-chronic-and-complex-conditions/ | https://www.mvhealthsystem.org/specialty-pharmacy/,2022-11-10,,"1578620795: NYS Office of Mental Health psychiatric center, unrelated state entity",mvhealthsystem.org/specialty-pharmacy | mvhealthsystem.org press release | mvhealthsystem.org/about (search result) | WebSearch pharmacy/infusion,A search snippet calls the pharmacy dually accredited but no URAC/ACHC record found or confirmed. St. Luke's and St. Elizabeth closed/consolidated into Wynn Hospital in 2023.,,,
HSI00000212,Childrens Hospital and Health System,WI,340.0,Children's Wisconsin,renamed,,https://childrenswi.org/patients-and-families/skywalk-pharmacy,,Children's Wisconsin merger OR acquisition OR renamed 2025 2026,False,"Owned, not accredited",Low,Skywalk Pharmacy owned by Children's Wisconsin; NPPES secondary specialty taxonomy only; no URAC/ACHC found,Skywalk Pharmacy,"Children's Hospital of Wisconsin, Inc.",,,https://childrenswi.org/patients-and-families/skywalk-pharmacy | https://npiregistry.cms.hhs.gov/provider-view/1265453229,2026-10-02,1265453229,,childrenswi.org Skywalk Pharmacy page | WebSearch Skywalk specialty pharmacy,"Skywalk is a retail/compounding pharmacy that serves CF, oncology and transplant patients; its own page does not mention specialty or home infusion. Name is now Children's Wisconsin; JV with Bellin and ThedaCare is independent.",,,
HSI00000912,Saint Charles Health System,OR,340.0,St. Charles Health System,unchanged,,https://stcharleshealthcare.org/about-us,,St. Charles Health System Bend merger OR acquisition OR renamed 2025 2026,False,"Owned, accredited",High,URAC SPP010268 and ACHC 96535 agree; NPPES and system website corroborate,St. Charles Specialty Pharmacy,"St. Charles Health System, Inc.",URAC SPP010268 Specialty Pharmacy | ACHC 96535 Specialty Pharmacy Services,,https://www.urac.org/directory/accreditation-details/?certification=SPP010268 | https://stcharleshealthcare.org/services/specialty-pharmacy,2026-10-02,SPP010268 | 96535 | 1619735925,,stcharleshealthcare.org/about-us (search result) | stcharleshealthcare.org/services/specialty-pharmacy (search result),"Merged with The Center for Orthopedics & Neurosurgery in Feb 2025; system name unchanged. ACHC record names the pharmacy as the legal entity, treated as a system subsidiary on the shared address with the URAC record.",,,
HSI00001006,Southeast Georgia Health System,GA,340.0,Southeast Georgia Health System,unchanged,,https://www.sghs.org/about-us/history/,,Southeast Georgia Health System merger OR acquisition OR renamed OR closed 2025 2026,False,None found,Medium,"sghs.org Medicine Cabinet (retail) and Infusion Services pages read via curl: only a retail outpatient pharmacy and outpatient infusion centers, no specialty or home infusion",The Medicine Cabinet (retail pharmacy),Southeast Georgia Health System,,,https://www.sghs.org/locations/the-medicine-cabinet-pharmacy/ | https://www.sghs.org/services/infusion-services/,2026-10-02,,,curl sghs.org homepage | curl sghs.org/locations/the-medicine-cabinet-pharmacy/ | curl sghs.org/services/infusion-services/ | WebSearch sghs.org pharmacy/infusion | WebSearch status (prior) | Shields partner list (not present),No URAC/ACHC/NPPES candidates and no specialty content on pages read. Status evidence URL is the history page; no change found by search.,,,
HSI00000975,Shannon Health System,TX,340.0,Shannon Health System,unchanged,,https://sanangelolive.com/news/san-angelo/2026-01-09/shannon-announces-agreement-acquire-big-springs-scenic-mountain-medical-center,,Shannon Health System San Angelo merger OR acquisition OR renamed OR closed 2024 2025 2026,False,"Owned, accredited",High,ACHC Specialty Pharmacy Services record (owner Shannon Medical Center) + Shannon Health web page + NPPES,Shannon Specialty Pharmacy,Shannon Medical Center,ACHC 96326 Specialty Pharmacy Services,,"https://organization.achc.org/print?legalCompanyName=Shannon%20Medical%20Center&dbaCompanyName=Shannon%20Specialty%20Pharmacy&companyID=96326&full_address=San%20Angelo,%20TX%2076905&physicalAddress=2030%20Pulliam%20St.,%20Suite%2016, | https://www.shannonhealth.com/locations/shannon-specialty-pharmacy/ | https://npiregistry.cms.hhs.gov/provider-view/1861182339",2026-10-02,achc:96326 | nppes:1861182339,,WebSearch: status query | WebSearch: Shannon Specialty Pharmacy | WebFetch shannonhealth.com/locations/shannon-specialty-pharmacy,Shannon also acquired River Crest Hospital (2024) and agreed in Jan 2026 to buy Scenic Mountain Medical Center. Not on Shields list; no outside manager found.,,,
HSI00000214,CHOC Childrens,CA,334.0,Rady Children's Health,merged into,Rady Children's Health,https://inside.choc.org/choc-and-rady-merger/,2024-12-31,CHOC Childrens Orange County merger OR acquisition OR renamed OR closed 2024 2025 2026,False,"Owned, accredited",High,URAC SPP010342 + ACHC 83057 + NPPES primary specialty + CHOC web page (via Rady Children's Health),CHOC Specialty Pharmacy Services,Children's Hospital of Orange County (now part of Rady Children's Health),URAC SPP010342 Specialty Pharmacy | ACHC 83057 Specialty Pharmacy Services,,"https://www.urac.org/directory/accreditation-details/?certification=SPP010342 | https://organization.achc.org/print?legalCompanyName=Children's%20Hospital%20of%20Orange%20County&dbaCompanyName=CHOC%20Specialty%20Pharmacy%20Services&companyID=83057&full_address=Orange,%20CA%2092868&physicalAddress=1201%20W.%20La%20Veta%20Ave.,%20Ste%20B224, | https://choc.org/pharmacy-services/specialty-pharmacy/ | https://npiregistry.cms.hhs.gov/provider-view/1407514094",2026-10-02,urac:SPP010342 | achc:83057 | nppes:1407514094,,WebSearch: status query | WebSearch: CHOC specialty pharmacy Rady | WebFetch choc.org/pharmacy-services/specialty-pharmacy,Merger with Rady Children's Hospital San Diego closed 2024-12-31 forming Rady Children's Health; CHOC pharmacy continues as internal department. Not on Shields list.,,,
HSI00000117,Blessing Health System,IL,334.0,Blessing Health System,unchanged,,https://www.blessinghealth.org/news/blessing-health-system-acquires-hannibal-clinic,,Blessing Health System Quincy merger OR acquisition OR renamed OR closed 2024 2025 2026,False,"Owned, accredited",High,URAC SPP010379 + ACHC 97529 + NPPES + Blessing web page,Blessing Health Specialty Pharmacy,Blessing Hospital,URAC SPP010379 Specialty Pharmacy | ACHC 97529 Specialty Pharmacy Services,,"https://www.urac.org/directory/accreditation-details/?certification=SPP010379 | https://organization.achc.org/print?legalCompanyName=Blessing%20Hospital&dbaCompanyName=Blessing%20Health%20Specialty%20Pharmacy&companyID=97529&full_address=Quincy,%20IL%2062301&physicalAddress=1005%20Broadway%20St.%20Room%201952-304, | https://www.blessinghealth.org/locations/blessing-health-specialty-pharmacy | https://npiregistry.cms.hhs.gov/provider-view/1689378523",2026-10-02,urac:SPP010379 | achc:97529 | nppes:1689378523,,WebSearch: status query | WebSearch: Blessing Health Specialty Pharmacy | WebFetch blessinghealth.org/locations/blessing-health-specialty-pharmacy,System remains independent; it absorbed Hannibal Clinic (MO). Not on Shields list; no outside manager found.,,,
HSI00000146,Butler Health System,PA,332.0,Independence Health System,renamed,,https://www.independence.health/newsroom/2023/may/excela-butler-change-name-to-independence-health/,2023-05-24,Butler Health System PA merger OR acquisition OR renamed OR closed 2024 2025 2026,False,None found,Low,"No candidates; Independence Health System pharmacy page lists only retail/outpatient pharmacies (Butler, Westmoreland)",Butler Memorial Hospital Retail Pharmacy | Westmoreland Hospital Outpatient Pharmacy,,,,https://www.independence.health/services/pharmacy/,2026-10-02,,,WebSearch: status query | WebSearch: Independence Health System specialty pharmacy/home infusion | WebFetch independence.health/services/pharmacy | WebFetch independence.health rename press release,Butler merged with Excela Health on 2023-01-01 and renamed Independence Health System in May 2023. Not on Shields list; only retail pharmacies found.,,,
HSI00000761,Northern Arizona Healthcare,AZ,329.0,Northern Arizona Healthcare,unchanged,,https://www.azmed.org/northern-arizona-healthcare-pauses-new-hospital-plans-amid-financial-uncertainty,,Northern Arizona Healthcare merger OR acquisition OR renamed OR closed 2024 2025 2026,False,"Owned, not accredited",Low,NAH own pharmacy pages (retail pharmacy offering complex-condition therapies); no accreditation found,Flagstaff Pharmacy | VVMC Retail Pharmacy,Flagstaff Medical Center / Verde Valley Medical Center (NAH),,,https://www.nahealth.com/pharmacy-services/flagstaff-pharmacy/ | https://www.nahealth.com/pharmacy-services/,2026-10-02,,,nahealth.com/pharmacy-services/ | nahealth.com/pharmacy-services/flagstaff-pharmacy/ (search snippet) | WebSearch NAH specialty pharmacy/home infusion | Shields partner list (not listed),"Retail pharmacies advertise therapies for autoimmune/oncology conditions but no dedicated specialty pharmacy or accreditation found. Home infusion offered by LHC Northern Arizona Home Health, a separate partner.",,,
HSI00000847,Prohealth Care,WI,328.0,Prohealth Care,unchanged,,https://www.prohealthcare.org/about-us/,,ProHealth Care Waukesha merger OR acquisition OR renamed OR closed 2024 2025 2026,False,Infusion or home infusion only,Low,Search listing of ProHealth Infusion Pharmacy (UW Cancer Center at ProHealth); no accreditation or specialty dispensing confirmed,UW Cancer Center at ProHealth Infusion Pharmacy | ProHealth Pharmacy,ProHealth Care,,,https://www.prohealthcare.org/medical-services/pharmacy/,2026-10-02,,,prohealthcare.org/about-us/ (search) | prohealthcare.org/medical-services/pharmacy/ (fetch 403; search snippet only) | WebSearch ProHealth specialty pharmacy/home infusion | biztimes Optum article | Shields partner list (not listed),"Own pharmacy page returned 403 so evidence rests on search snippets; infusion pharmacy only. 2023 article describes an Optum administrative-services arrangement, not a pharmacy partnership.",,,
HSI00001423,Pikeville Medical Center,KY,328.0,Pikeville Medical Center,unchanged,,https://www.pmcky.org/about-pikeville-medical-center/,,Pikeville Medical Center merger OR acquisition OR renamed OR closed 2024 2025 2026,False,"Owned, accredited",High,URAC SPP010172 + ACHC 79388 + PMC website,Pikeville Medical Center Specialty Pharmacy,"Pikeville Medical Center, Inc.",URAC SPP010172 Specialty Pharmacy | ACHC 79388 Specialty Pharmacy Services,,https://www.urac.org/directory/accreditation-details/?certification=SPP010172 | https://www.pmcky.org/pharmacy/specialty-pharmacy/ | https://www.pmcky.org/about-pikeville-medical-center/,2026-10-02,urac:SPP010172 | achc:79388 | nppes:1619598901 | nppes:1972178135,,pmcky.org/about-pikeville-medical-center/ | pmcky.org/pharmacy/specialty-pharmacy/ (search) | WebSearch PMC Comprehensive Pharmacy Services | Shields partner list (not listed),"PMC received a 2020 Comprehensive Pharmacy Services award, suggesting CPS may manage hospital pharmacy, but no evidence it manages the specialty pharmacy. Joined UK Gill Heart affiliate network in 2026 (affiliation only).",,,
HSI00001009,Southern Illinois Healthcare,IL,325.0,Southern Illinois Healthcare,unchanged,,https://www.sih.net/,,Southern Illinois Healthcare merger OR acquisition OR renamed OR closed 2024 2025 2026,False,None found,Low,No candidates; sih.net homepage and web search show no specialty/infusion pharmacy,,,,,,2026-10-02,,,sih.net homepage | sih.net/locations (search) | WebSearch SIH specialty pharmacy/home infusion/outpatient pharmacy | Shields partner list (not listed),Only the homepage was fetchable and it has no pharmacy section; absence is weakly supported.,,,
HSI00000216,Childrens National Health System,DC,323.0,Childrens National Health System,unchanged,,https://www.childrensnational.org/about-us/our-history,,manual correction 2026-10-02 from reviewer note,False,"Owned, accredited",High,URAC SPP010450 + Children's National pharmacy web page,Children's National Specialty Pharmacy,Children's Hospital d/b/a Children's National Hospital,URAC SPP010450 Specialty Pharmacy,,https://www.urac.org/directory/accreditation-details/?certification=SPP010450 | https://www.childrensnational.org/get-care/departments/pharmacy,2026-10-02,urac:SPP010450,,childrensnational.org/about-us/our-history | childrensnational.org/get-care/departments/pharmacy | Shields partner list (not listed),"Status 'renamed' reflects only the HSC rehab hospital rebrand to Children's National Rehabilitation & Specialized Care; the system itself is unchanged. Specialty pharmacy is at Silver Spring, MD, with no outside manager disclosed. [manual correction: Group 055 marked 'renamed' because a rehab subsidiary rebranded; the system itself is unchanged (agent's own note).]",,,
HSI00000818,TidalHealth Peninsula Regional,MD,322.0,TidalHealth Peninsula Regional,unchanged,,https://www.tidalhealth.org/about-us/our-heritage,,TidalHealth Peninsula Regional merger OR acquisition OR renamed 2025 2026,False,"Owned, accredited",High,URAC SPP010639 + ACHC 97606 + system web page; not on Shields list,TidalHealth Specialty Pharmacy,"TidalHealth Peninsula Regional, Inc.",URAC SPP010639 Specialty Pharmacy | ACHC 97606 Specialty Pharmacy Services,,https://www.urac.org/directory/accreditation-details/?certification=SPP010639 | https://www.tidalhealth.org/tidalhealth-specialty-pharmacy | https://npiregistry.cms.hhs.gov/provider-view/1871031559,2026-10-02,urac:SPP010639 | achc:97606 | nppes:1871031559,,web search: TidalHealth Specialty Pharmacy Salisbury URAC | https://www.tidalhealth.org/tidalhealth-specialty-pharmacy (search snippet; direct fetch 403) | https://www.tidalhealth.org/about-us/our-heritage,System acquired Atlantic General Hospital in 2025 (rebranded TidalHealth Atlantic March 2026); the system itself keeps its name. Pharmacy is wholly owned by the system legal entity.,,,
HSI00000161,Cape Cod Healthcare,MA,320.0,Cape Cod Healthcare,unchanged,,https://www.capecodhealth.org/about/,,Cape Cod Healthcare merger OR acquisition OR renamed OR closed 2025 2026,False,"Owned, not accredited",Medium,"System web page (Cape Cod Healthcare Specialty Pharmacy, Falmouth); no URAC/ACHC found; not on Shields list",Cape Cod Healthcare Specialty Pharmacy,Cape Cod Healthcare,,,https://www.capecodhealth.org/medical-services/pharmacy/specialty-pharmacy/ | https://www.capecodhealth.org/medical-services/pharmacy/,2026-10-02,,"nppes:1225291875: Northeast Rx Inc dba Cape Cod Home Infusion Services, independent owner-operated pharmacy in North Falmouth, record last updated 2013, not a system entity",web search: Cape Cod Healthcare specialty pharmacy OR home infusion OR outpatient pharmacy | https://www.capecodhealth.org/medical-services/pharmacy/specialty-pharmacy/ (search snippet; fetch 403) | web search: CCH specialty pharmacy accreditation/Shields/Trellis | Shields partner list,"System-run specialty pharmacy dispenses to patients with delivery and 24/7 pharmacist; no accreditation or outside manager found. 2025 Broad Reach partnership concerns home care, and CCHC Inc. membership was eliminated in June 2026 (governance only).",,,
HSI00000985,Silver Cross Hospital,IL,320.0,Silver Cross Hospital,unchanged,,https://www.silvercross.org/locations/profile/pavilion-a/,,Silver Cross Hospital New Lenox merger OR acquisition OR renamed OR affiliation 2025 2026,False,None found,Low,Own site (curl homepage; Pavilion A page via browser) lists only Silver Pharmacy retail Suite 120; no specialty or home infusion found,Silver Pharmacy,"unclear (on-campus retail pharmacy, ownership not shown)",,,https://www.silvercross.org/locations/profile/pavilion-a/,2026-10-02,,,https://www.silvercross.org/ (curl) | https://www.silvercross.org/locations/profile/pavilion-a/ (browser) | WebSearch: Silver Cross pharmacy specialty outpatient | Shields partner list (not listed),Only a retail Silver Pharmacy found; subpages beyond the homepage still 403 to curl. Pavilion A was sold to developers in 2026 with Silver Cross remaining a tenant.,,,
HSI00000882,Riverside Health Care System,NY,319.0,St. John's Riverside Hospital,unchanged,,https://www.crainsnewyork.com/health-care/cny-montefiore-st-johns-riverside-20260924/,,St. John's Riverside Hospital Montefiore acquisition completed closing 2026,False,None found,Low,Own site (riversidehealth.org via curl) and site search show no pharmacy or infusion services; Montefiore deal approved Sept 2026 but not closed,,,,,https://riversidehealth.org/,2026-10-02,,,"https://riversidehealth.org/ (curl) | WebSearch site:riversidehealth.org pharmacy | WebSearch Montefiore deal status | Shields partner list (Montefiore listed, Riverside not)",NY approved the Montefiore takeover in late Sept 2026 but it had not closed as of 2026-10-02; once closed the tier should follow Montefiore (Shields partner). Marked unchanged until closing.,,,
HSI00000165,Capital Region Health Care,NH,317.0,Concord Hospital Health System,unchanged,,https://www.concordhospital.org/,,Concord Hospital Health System NH merger OR acquisition OR renamed 2025 2026,False,None found,Medium,"Own site: infusion therapy page read (administration only, hospital pharmacists); no specialty or home infusion pharmacy; on-campus Prescription Center is independent",,,,,https://www.concordhospital.org/medical-services/infusion-therapy/,2026-10-02,,,https://www.concordhospital.org/ (curl) | https://www.concordhospital.org/medical-services/infusion-therapy/ (browser) | WebSearch concordhospital.org pharmacy | Shields partner list (not listed),Franklin and Laconia hospitals were acquired 2021-22 and are already counted as members. The Prescription Center at 246 Pleasant St is independently owned since 1951.,,,
HSI00000616,MarinHealth,CA,310.0,MarinHealth,unchanged,,https://en.wikipedia.org/wiki/MarinHealth_Medical_Center,,MarinHealth merger OR acquisition OR renamed OR closed 2024 2025 2026,False,None found,Low,No URAC/ACHC/NPPES candidates; own site shows only an outpatient infusion center; not on Shields list,,,,,https://www.mymarinhealth.org/programs-services/infusion-services/,2026-10-02,,,WebSearch: MarinHealth merger/acquisition/renamed 2024-2026 | WebSearch: MarinHealth specialty pharmacy OR outpatient pharmacy OR home infusion | https://www.mymarinhealth.org/programs-services/infusion-services/ | Shields partner list (not listed),"Only an on-site outpatient infusion center (administration) was found, no pharmacy page located; only one own-site page was fetched so absence is not firm.",,,
HSI00000034,Anderson Regional Health System,MS,303.0,Baptist Anderson Regional Medical Center (Baptist Memorial Health Care),merged into,Baptist Memorial Health Care,https://www.baptistonline.org/news/baptist-memorial-and-anderson-regional-finalize-merger,2024-01-01,Anderson Regional Health System Meridian merger OR acquisition OR renamed OR closed 2024 2025 2026,False,"Owned, accredited",High,URAC SPP010007 + ACHC 88765 held by member hospital; via Baptist Memorial Health Care,Anderson Pharmacy (Baptist Anderson Pharmacy),"Anderson Regional Medical Center (member hospital, now Baptist Anderson Regional Medical Center)",URAC SPP010007 Specialty Pharmacy | ACHC 88765 Specialty Pharmacy Services,,"https://www.urac.org/directory/accreditation-details/?certification=SPP010007 | https://organization.achc.org/print?legalCompanyName=Anderson%20Regional%20Medical%20Center&dbaCompanyName=Anderson%20%20Pharmacy&companyID=88765&full_address=Meridian,%20MS%2039301&physicalAddress=2024%2015th%20Street%201st%20floor%20Medical%20Towers, | https://www.baptistonline.org/locations/anderson",2026-10-02,SPP010007 | 88765,,WebSearch: Anderson Regional merger/renamed query | WebSearch: Baptist Anderson Regional Medical Center Meridian specialty pharmacy | https://www.baptistonline.org/locations/anderson | WebSearch: Baptist Memorial specialty pharmacy Shields | Shields partner list (not listed),URAC expiration 2026-10-01 treated as current per rule. Baptist Anderson site describes a full-service pharmacy and does not mention specialty or accreditation; Baptist Memorial itself is not on the Shields list.,,,SPP010007 expires 2026-10-01
HSI00000538,Logan Health,MT,301.0,Billings Clinic-Logan Health (rebrand planned),merged into,Billings Clinic,https://flatheadbeacon.com/2024/11/19/billings-clinic-logan-health-merger-progresses-with-statewide-expansion-and-future-rebranding/,2023-09-01,Logan Health merger OR acquisition OR renamed OR closed 2024 2025 2026 Billings Clinic,False,Managed or partnered,Medium,"Shields partner list (Billings Clinic and Logan Health, Lovell WY); via Billings Clinic",Logan Health Pharmacy - Clinical | Billings Clinic Specialty Pharmacy,Billings Clinic / Logan Health,,Shields Health Solutions,https://shieldshealthsolutions.com/about-us/partner-health-systems | https://www.logan.org/billings-clinic-specialty-pharmacy-partners-with-logan-health-pharmacy-clinical/ | https://shieldshealthsolutions.com/shields-health-solutions-and-billings-clinic-collaborate-to-provide-enhanced-specialty-pharmacy-services-to-more-patients-and-families/,2024-02-02,,,WebSearch: Logan Health merger/rebrand query | WebSearch: Logan Health Shields Billings Clinic specialty pharmacy | https://www.logan.org/billings-clinic-specialty-pharmacy-partners-with-logan-health-pharmacy-clinical/ | Shields partner list,Shields rule applied (list names Billings Clinic and Logan Health jointly); Shields 2022 release is with Billings Clinic. No URAC/ACHC record found for Logan.,Billings Clinic (MT),,
HSI00000008,Adena Health System,OH,298.0,Adena Health,unchanged,,https://www.adena.org/articles/adena-health-finalizes-acquisition-of-fairfield-medical-center,2026-09-01,Adena Health System merger OR acquisition OR renamed OR closed 2024 2025 2026,False,"Owned, not accredited",Medium,NPPES 3336S0011X (Adena Specialty and Home Delivery Pharmacy) + Adena website specialty pharmacy page; no accreditation found,Adena Pharmacy LLC dba Adena Specialty and Home Delivery Pharmacy,Adena Pharmacy LLC (Adena subsidiary),,,https://www.adena.org/types-of-care/specialties/pharmacy | https://npiregistry.cms.hhs.gov/provider-view/1659647170,2026-10-02,1659647170,,WebSearch: Adena merger/acquisition query | WebSearch: Adena specialty pharmacy URAC OR ACHC | https://www.adena.org/types-of-care/specialties/pharmacy | Shields partner list (not listed),"Adena acquired Fairfield Medical Center (renamed Adena Fairfield) on 2026-09-01, an expansion that leaves Adena itself unchanged. Accreditation not confirmed on Adena page and not in URAC/ACHC candidates.",,,
HSI00000951,Samaritan Health Services,OR,298.0,Samaritan Health Services,unchanged,,https://www.multicare.org/newsroom/2026/08/oregon-health-authority-approves-samaritans-affiliation-with-multicare-health-system-advancing-investment-in-local-healthcare/,,Samaritan Health Services merger OR acquisition OR renamed OR closed 2024 2025 2026,False,"Owned, accredited",High,URAC SPP010543 + ACHC 87316 held by member hospital Good Samaritan Hospital Corvallis,Samaritan Specialty Pharmacy,Good Samaritan Hospital Corvallis (member hospital),URAC SPP010543 Specialty Pharmacy | ACHC 87316 Specialty Pharmacy Services,,"https://www.urac.org/directory/accreditation-details/?certification=SPP010543 | https://organization.achc.org/print?legalCompanyName=Good%20Samaritan%20Hospital%20Corvallis&dbaCompanyName=Samaritan%20Specialty%20Pharmacy&companyID=87316&full_address=Corvallis,%20OR%2097330&physicalAddress=2300%20NW%20Walnut%20Blvd,%20Lower%20Level, | https://samhealth.org/health-services/all-services/pharmacy/",2026-10-02,SPP010543 | 87316,,WebSearch: Samaritan merger query | WebSearch: MultiCare Samaritan merger completed 2026 | WebSearch: Samaritan Specialty Pharmacy URAC | Shields partner list (not listed),"OHA approved the MultiCare affiliation in Aug 2026; closing targeted early Q4 2026, not yet complete as of search. Classified as unchanged until it closes.",,,
HSI00000913,Saint Clair Hospital,PA,297.0,St. Clair Health,unchanged,,https://www.stclair.org/st-clair-info/media-center/news/,2021,Saint Clair Hospital Pittsburgh merger OR acquisition OR renamed OR closed 2024 2025 2026,False,Managed or partnered,Medium,System web page (via search result) describing Walgreens Specialty Pharmacy in Dunlap Outpatient Center lobby,Walgreens Specialty Pharmacy at St. Clair Health,Walgreens (on-site),,Walgreens,https://www.stclair.org/services/az-listing/walgreens-pharmacy/,2026-10-02,,,"stclair.org search results (Walgreens Pharmacy page, Infusion Center page, news) | WebSearch status and specialty pharmacy queries",Walgreens page returned 403 on fetch; relied on search snippet from stclair.org. Rebranded to St. Clair Health in 2021 (before 2023 baseline); not on Shields list.,,,
HSI00001436,Overlake Medical Center and Clinics,WA,296.0,Overlake Medical Center & Clinics (MultiCare North Sound region),acquired by,MultiCare Health System,https://www.multicare.org/newsroom/2024/10/overlake-medical-center-clinics-and-multicare-health-system-finalize-affiliation/,2024-10-01,Overlake Medical Center Bellevue merger OR acquisition OR renamed OR closed 2024 2025 2026,False,"Owned, not accredited",Low,via MultiCare: MultiCare Specialty Pharmacy at Tacoma General (search result); accreditation not verified,MultiCare Specialty Pharmacy,MultiCare Health System,,,https://www.multicare.org/location/tacoma-general-hospital/multicare-tacoma-general-hospital-ed-pharmacy/,2026-10-02,,,multicare.org via WebSearch | overlakehospital.org via WebSearch | WebSearch specialty pharmacy,MultiCare became sole corporate member Oct 2024 (nonprofit). Whether MultiCare's specialty pharmacy serves Overlake and its accreditation were not confirmed; no candidates matched.,,,
HSI00000045,Archbold Medical Center,GA,293.0,Archbold Medical Center,unchanged,,https://www.archbold.org/about/our-history/,,Archbold Medical Center Thomasville merger OR acquisition OR renamed OR closed 2024 2025 2026,False,"Owned, accredited",High,ACHC Specialty Pharmacy Services records plus NPPES specialty taxonomy and Archbold web pages,Archbold Specialty Pharmacy | Archbold Pinetree Pharmacy,"John D. Archbold Memorial Hospital, Inc.",ACHC 96609 Specialty Pharmacy Services | ACHC 95089 Specialty Pharmacy Services,,"https://organization.achc.org/print?legalCompanyName=Archbold%20Specialty%20Pharmacy&dbaCompanyName=John%20D.Archbold%20Memorial%20Hospital,%20Inc&companyID=96609&full_address=ThomasVille,%20GA%2031792&physicalAddress=2705%20E%20Pinetree%20Blvd%20Ste%20D, | https://organization.achc.org/print?legalCompanyName=John%20D.%20Archbold%20Memorial%20Hospital,%20Inc.&dbaCompanyName=Archbold%20Pinetree%20Pharmacy&companyID=95089&full_address=Thomasville,%20GA%2031792&physicalAddress=2705%20East%20Pinetree%20Blvd%20Ste%20F, | https://www.archbold.org/locations/archbold-pinetree-pharmacy/ | https://npiregistry.cms.hhs.gov/provider-view/1215709290",2026-10-02,achc:96609 | achc:95089 | nppes:1215709290,,archbold.org/about/our-history | archbold.org Pinetree Pharmacy page | WebSearch Archbold Specialty Pharmacy,"Pinetree page also advertises home infusion. Yelp listing showing 'closed' refers to an old building, not the system.",,,
HSI00001061,Tanner Health System,GA,292.0,Tanner Health,unchanged,,https://www.tanner.org/about-us/our-story,2024,Tanner Health System Carrollton merger OR acquisition OR renamed OR closed 2024 2025 2026,False,"Owned, not accredited",Medium,Tanner web page for Tanner Specialty Pharmacy plus NPPES record; no accreditation found,Tanner Specialty Pharmacy,"TMC/Villa Rica Hospital, Inc. (Tanner subsidiary)",,,https://www.tanner.org/tanner-specialty-pharmacy | https://npiregistry.cms.hhs.gov/provider-view/1043160575,2026-10-02,nppes:1043160575,,tanner.org/tanner-specialty-pharmacy | tanner.org/about-us/our-story (search result) | WebSearch Tanner Specialty Pharmacy,Page says the pharmacy is 'opening soon' while search listing shows it operating at 300 Glen Eagle Ct; no URAC/ACHC candidate. Renamed Tanner Health in 2024 branding only.,,,
HSI00001389,Holy Name Medical Center,NJ,289.0,Holy Name Medical Center,unchanged,,https://projects.propublica.org/nonprofits/organizations/221487322,,Holy Name Medical Center Teaneck merger OR acquisition OR renamed OR closed 2024 2025 2026,False,None found,Low,Own pharmacy page lists only retail PharmaCare and meds-to-beds; no candidates,Holy Name PharmaCare,Holy Name Medical Center Inc.,,,https://www.holyname.org/pharmacy/,2026-10-02,,,holyname.org/pharmacy | WebSearch Holy Name specialty pharmacy,"Only a Mount Sinai clinical alliance, not an acquisition. Retail pharmacy serves infusion center and MS center patients but no specialty pharmacy found.",,,
HSI00001032,Stamford Health,CT,288.0,Stamford Health,unchanged,,https://hartfordbusiness.com/article/stamford-health-buys-vacant-parcel-for-2-5m-as-part-of-plan-to-expand-services/,,Stamford Health merger OR acquisition OR renamed 2025 2026,False,"Owned, accredited",High,"URAC SPP010573 + ACHC 86580, both Stamford Health Pharmacy",Stamford Health Pharmacy,Stamford Health Pharmacy LLC (Stamford Health subsidiary),URAC SPP010573 Specialty Pharmacy | ACHC 86580 Specialty Pharmacy Services,,https://www.urac.org/directory/accreditation-details/?certification=SPP010573,2026-10-02,SPP010573 | 86580,,WebSearch status | URAC/ACHC candidate evidence | Shields partner list (not listed),Same address 1 Hospital Plaza Ste G122 on both records; entity name and location match the system. Not on Shields list; no outside manager found.,,,
HSI00001137,Union Health,IN,285.0,Union Health,unchanged,,https://www.union.health/news/mergerfinalizedbetweenunionhealthandterrehauteregionalhospital,2025-12-13,Union Health Terre Haute merger OR acquisition OR renamed 2025 2026,False,"Owned, accredited",High,"URAC SPP010437 + ACHC 82812, Union Hospital Specialty Pharmacy",Union Hospital Specialty Pharmacy,"Union Hospital, Inc. (member hospital)",URAC SPP010437 Specialty Pharmacy | ACHC 82812 Specialty Pharmacy Services,,"https://www.urac.org/directory/accreditation-details/?certification=SPP010437 | https://organization.achc.org/print?legalCompanyName=Union%20Hospital,%20Inc.&dbaCompanyName=Union%20Hospital%20Specialty%20Pharmacy&companyID=82812&full_address=Terre%20Haute%20,%20IN%2047804&physicalAddress=1606%20N.%207th%20Street%20Suite%20100,",2026-10-02,SPP010437 | 82812,,WebSearch status | URAC/ACHC candidate evidence | Shields partner list (not listed),"Union Health is the acquirer of Terre Haute Regional Hospital (merger effective 2025-12-13, now Union Hospital Regional), so its own status is unchanged. Not on Shields list.",,,
HSI00000910,SBH Health System,NY,283.0,SBH Health System,unchanged,,https://www.sbhny.org/about-sbh/,,SBH Health System Bronx merger OR acquisition OR closed 2025 2026,False,"Owned, not accredited",Medium,SBH pharmacy web page describes St. Barnabas Hospital Specialty Pharmacy; no URAC/ACHC record found,St. Barnabas Hospital Specialty Pharmacy,SBH Health System / St. Barnabas Hospital (inferred from hospital branding and NPPES name),,,https://www.sbhny.org/our-services/pharmacy/,2026-10-02,,,https://www.sbhny.org/our-services/pharmacy/ | https://www.sbhny.org/about-sbh/ | WebSearch SBH specialty pharmacy | WebSearch SBH URAC/ACHC | Shields partner list (not listed),"Page does not name an operator, manager or accreditation; ownership is inferred from hospital branding. Operating independent of a merger; Jan 2025 Hochul funding and Cityblock/Union Community Health Center partnership are behavioral-health related.",,,
HSI00000920,Saint Francis Healthcare System,MO,282.0,Saint Francis Healthcare System,unchanged,,https://www.kbsi23.com/news/missouri-highlands-health-care-acquires-saint-francis-poplar-bluff-campus/,2025-12-18,Saint Francis Healthcare System Cape Girardeau merger OR acquisition OR renamed 2025 2026,False,"Owned, accredited",Medium,URAC SPP010486 plus NPPES primary Specialty Pharmacy (same entity and address),Saint Francis Specialty Pharmacy,Saint Francis Medical Center,URAC SPP010486 Specialty Pharmacy,,https://www.urac.org/directory/accreditation-details/?certification=SPP010486 | https://npiregistry.cms.hhs.gov/provider-view/1376397539,2026-10-02,SPP010486 | 1376397539,,WebSearch status | URAC/NPPES candidate evidence | Shields partner list (not listed),"Poplar Bluff campus was divested 2025-12-18 but the Cape Girardeau hospital (the only AHRQ member) is unaffected. Confidence Medium because the second source is NPPES, not a system web page.",,,
HSI00000087,Bassett Healthcare Network,NY,279.0,Bassett Healthcare Network,unchanged,,https://www.wbng.com/2026/09/30/bassett-healthcare-network-completes-first-phase-7-million-cancer-institute-expansion/,,Bassett Healthcare Network merger OR acquisition OR renamed 2025 2026,False,"Owned, accredited",Medium,URAC SPP010739 FoxCare Pharmacy plus NPPES primary Specialty Pharmacy (same entity and address),FoxCare Pharmacy,The Mary Imogene Bassett Hospital (member hospital),URAC SPP010739 Specialty Pharmacy,,https://www.urac.org/directory/accreditation-details/?certification=SPP010739 | https://npiregistry.cms.hhs.gov/provider-view/1174419196,2026-10-02,SPP010739 | 1174419196,,WebSearch status | URAC/NPPES candidate evidence | Shields partner list (not listed),"Second source is NPPES, not a system web page, so Medium. Not on Shields list; no outside manager found.",,,
HSI00000380,Frederick Regional Health System,MD,279.0,Frederick Health,renamed,,https://www.fredericknewspost.com/news/health/hospitals_and_doctors/frederick-memorial-hospital-gets-new-name-as-part-of-health-system-s-rebranding/article_e61bfa78-c7d0-53ac-b3b2-d2c63b5f4b3f.html,,Frederick Health Frederick Regional Health System merger OR acquisition OR renamed 2024 2025 2026,False,"Owned, not accredited",Low,System website: Frederick Health Pharmacy lists mail order and specialty services; no URAC/ACHC/NPPES record found,Frederick Health Pharmacy,Frederick Health,,,https://www.frederickhealth.org/about/careers/pharmacy-practice-residency-program/about-the-community-based-pharmacy-residency-pro/,2026-10-02,,,WebSearch status | WebSearch specialty pharmacy | https://www.frederickhealth.org/about/careers/pharmacy-practice-residency-program/about-the-community-based-pharmacy-residency-pro/ | Shields partner list (not listed),"Specialty mentioned only in passing on a residency page; no accreditation found. Frederick Memorial Hospital renamed Frederick Health Hospital (rebrand, date not confirmed).",,,
HSI00001501,Boone Hospital Center,MO,278.0,Boone Health,unchanged,,https://boone.health/services/pharmacy/,,Boone Hospital Center merger OR acquisition OR renamed OR closed 2024 2025 2026,False,None found,Medium,Own website pharmacy page shows only Boone Plaza retail/discharge pharmacy; no candidates; not on Shields list,Boone Plaza Pharmacy,Boone Health,,,https://boone.health/services/pharmacy/,2026-10-02,,,WebSearch status | WebSearch specialty pharmacy | https://boone.health/services/pharmacy/ | Shields partner list (not listed),Independent of BJC since 2021 and branded Boone Health. Infusion center exists but no home infusion pharmacy found.,,,
HSI00000678,Nicklaus Childrens Health System,FL,278.0,Nicklaus Children's Health System,unchanged,,https://www.nicklaushealth.org/news,,Nicklaus Children's Health System merger OR acquisition OR renamed 2024 2025 2026,False,None found,Low,Own pharmacy page: on-site retail pharmacy is owned and operated by Publix; no system specialty pharmacy found,Publix Pharmacy at Nicklaus Children's Hospital,"Publix Super Markets (retail, not system)",,,https://www.nicklauschildrens.org/patient-resources/while-you-are-here-miami/pharmacy | https://www.nicklauschildrens.org/news-and-events/press-releases/publix-retail-pharmacy-at-nicklaus-childrens,2026-10-02,,,"WebSearch status | WebSearch specialty pharmacy | https://www.nicklauschildrens.org/patient-resources/while-you-are-here-miami/pharmacy | Shields partner list (Nemours is listed, Nicklaus is not)",2024 Broward Health affiliation and 2025 FIU affiliation are not ownership changes. Publix retail pharmacy offers access to specialty meds via a retail partner.,,,
HSI00000391,Genesis Healthcare System,OH,277.0,Genesis HealthCare System,unchanged,,https://www.genesishcs.org/our-impact/about-us,,Genesis Healthcare System Zanesville merger OR acquisition OR renamed 2024 2025 2026,False,"Owned, accredited",High,URAC SPP010072 and ACHC 78604 for Genesis Specialty Pharmacy LLC plus system web page and NPPES,Genesis Specialty Pharmacy,"Genesis Specialty Pharmacy, LLC (Genesis HealthCare System subsidiary)",URAC SPP010072 Specialty Pharmacy | ACHC 78604 Specialty Pharmacy Services,,https://www.genesishcs.org/find-locations/genesis-specialty-pharmacy | https://www.urac.org/directory/accreditation-details/?certification=SPP010072,2026-10-02,urac:SPP010072 | achc:78604 | nppes:1205786654 | nppes:1184284929,,WebSearch status | WebSearch Genesis Specialty Pharmacy | https://www.genesishcs.org/ | https://www.genesishcs.org/find-locations/genesis-specialty-pharmacy (search result) | Shields partner list (not listed),"Iowa Genesis Health System merger with MercyOne is unrelated. Two NPPES records at the same address (one lists the system name, one the LLC) are duplicates.",,,
HSI00001007,Southeast Health,MO,275.0,Mercy Hospital Southeast / Mercy Hospital Stoddard,acquired by,"Mercy (Mercy Health System, St. Louis)",https://www.mercy.net/newsroom/2024-01-03/forward-together--southeasthealth-joins-mercy/,2024-01-03,Southeast Health Cape Girardeau merger OR acquisition OR renamed 2024 2025 2026,False,Infusion or home infusion only,Low,via Mercy: Mercy offers home infusion and retail Mercy Pharmacy in Cape Girardeau; no Mercy specialty pharmacy or accreditation found in this review,Mercy Home Infusion | Mercy Pharmacy - S Mount Auburn,Mercy,,,https://www.mercy.net/service/home-infusion/ | https://www.mercy.net/service/pharmacy/,2026-10-02,,,WebSearch status | WebSearch Mercy specialty pharmacy | https://www.mercy.net/service/pharmacy/ | Shields partner list (Mercy not listed),Mercy likely has a larger specialty pharmacy program that should be checked in Mercy's own system review; tier here is conservative. Home infusion availability specifically at Cape Girardeau is not confirmed.,,,
HSI00001442,Englewood Health,NJ,274.0,Englewood Health,unchanged,,https://www.englewoodhealth.org/news-and-stories/rwjbarnabas-health-and-englewood-health-sign-definitive-agreement,,Englewood Health merger OR acquisition OR renamed OR closed 2024 2025 2026,False,None found,Medium,Own site: department directory lists only inpatient Pharmacy and Infusion Center; no specialty/home infusion pharmacy; no candidates,,,,,https://www.englewoodhealth.org/contact-us/department-directory | https://www.englewoodhealth.org/service/infusion-center,2026-10-02,,,WebSearch status | WebSearch specialty/home infusion | https://www.englewoodhealth.org/contact-us/department-directory | https://www.englewoodhealth.org/service/infusion-center | englewoodhealth.org RWJBarnabas definitive agreement news,"Definitive agreement to join RWJBarnabas Health signed 2026-01-05, closing expected early 2027, so still independent today. Not on Shields list; RWJBarnabas not assessed.",,,
HSI00000339,Ellis Medicine,NY,270.0,Ellis Medicine,unchanged,,https://www.spectrumlocalnews.com/nys/hudson-valley/news/2026/10/01/ellis-medicine-president-addresses-merger-talks,,Ellis Medicine merger OR acquisition OR renamed OR closed 2024 2025 2026,False,None found,Medium,Own infusion page: no specialty pharmacy; only an Ellis Nott Street retail pharmacy seen in search; no candidates,Ellis Nott Street Pharmacy,,,,https://www.ellismedicine.org/services/infusion-therapy.aspx,2026-10-02,,,WebSearch status | WebSearch specialty pharmacy | https://www.ellismedicine.org/services/infusion-therapy.aspx,"Independent as of 2026-10-01 with merger/affiliation talks with Albany Med (a Shields partner) at early stage, ended St. Peter's talks in 2024. Retail Nott Street Pharmacy exists but no specialty dispensing found.",,,
HSI00000422,GBMC Healthcare,MD,265.0,GBMC Healthcare,unchanged,,https://en.wikipedia.org/wiki/Greater_Baltimore_Medical_Center,,GBMC Healthcare merger OR acquisition OR renamed OR closed 2024 2025 2026,False,"Owned, not accredited",Medium,Own GBMC Specialty Pharmacy page; no URAC/ACHC record; page shows NABP Certified only,GBMC Specialty Pharmacy | GBMC Rx Pharmacy,GBMC HealthCare (Greater Baltimore Medical Center),,,https://www.gbmc.org/services/specialty-pharmacy | https://www.gbmc.org/greater-living/gbmcs-specialty-pharmacy-program-puts-patients-first,2026-10-02,,,WebSearch status | WebSearch specialty pharmacy | https://www.gbmc.org/services/specialty-pharmacy,"Search found no merger/rename 2024-2026 (status evidence is weak; Wikipedia page). NABP Certified badge is unspecified and could qualify for Owned, accredited if it is an NABP specialty credential.",,,
HSI00000671,Meritus Health,MD,265.0,Meritus Health,unchanged,,https://www.meritushealth.com/locations/meritus-specialty-pharmacy,,Meritus Health merger OR acquisition OR renamed OR closed 2024 2025 2026,False,"Owned, accredited",High,URAC SPP010518 + ACHC 96561 + system web page,Meritus Specialty Pharmacy | Meritus Pharmacy Robinwood,"Meritus Medical Center, Inc (system member hospital)",URAC SPP010518 Specialty Pharmacy | ACHC 96561 Specialty Pharmacy Services,,https://www.urac.org/directory/accreditation-details/?certification=SPP010518 | https://www.meritushealth.com/locations/meritus-specialty-pharmacy,2026-10-02,SPP010518 | 96561,,WebSearch status (no change found; results unrelated Merit Health) | WebSearch specialty pharmacy | https://www.meritushealth.com/locations/meritus-specialty-pharmacy,Same 11110 Medical Campus Rd Suite 105 address on both records and system page. Not on Shields list; no outside manager found.,,,
HSI00000109,Berkshire Health Systems,MA,262.0,Berkshire Health Systems,unchanged,,https://www.berkshirehealthsystems.org/location/berkshire-community-pharmacy/,,Berkshire Health Systems merger OR acquisition OR renamed OR closed 2024 2025 2026,False,Managed or partnered,High,"Shields partner list (Pittsfield, MA) + system page + Becker's; URAC and ACHC confirmed",Berkshire Community & Specialty Pharmacy of BMC,"Berkshire Medical Center, Inc. (system)",URAC SPP010178 Specialty Pharmacy | ACHC 74142 Specialty Pharmacy Services,Shields Health Solutions,https://www.berkshirehealthsystems.org/location/berkshire-community-pharmacy/ | https://www.beckershospitalreview.com/quality/hospital-physician-relationships/berkshire-health-systems-and-shields-health-solutions-launch-groundbreaking-diabetes-care-program-at-berkshire-medical-center/ | https://www.urac.org/directory/accreditation-details/?certification=SPP010178 | https://shieldshealthsolutions.com/about-us/partner-health-systems,2026-10-02,SPP010178 | 74142 | 1295119352 | 1295121861,,WebSearch status | WebSearch specialty pharmacy/Shields | Shields partner list | https://www.berkshirehealthsystems.org/location/berkshire-community-pharmacy/,"Shields partnership since 2015; North Adams hospital reopened 2024 as Berkshire Health North under BHS. Both NPPES records are same pharmacy, last updated 2018.",Berkshire Health Systems (MA),,
HSI00000345,Enloe Medical Center,CA,258.0,Enloe Health,renamed,,https://www.enloe.org/news-media/2023/enloe-medical-center-rebrands-as-enloe-health/,2023-11,Enloe Medical Center merger OR acquisition OR renamed OR closed 2024 2025 2026,False,"Owned, accredited",High,URAC SPP010677 + ACHC 88615 + NPPES + enloe.org specialty pharmacy page,Enloe Health Specialty Pharmacy | Enloe Medical Center - Cancer Center pharmacy,Enloe Medical Center (Enloe Health),URAC SPP010677 Specialty Pharmacy | ACHC 88615 Specialty Pharmacy Services,,https://www.enloe.org/care-treatment/specialty-pharmacy/ | https://www.urac.org/directory/accreditation-details/?certification=SPP010677 | https://npiregistry.cms.hhs.gov/provider-view/1588385454,2026-10-02,URAC SPP010677 | ACHC 88615 | NPI 1588385454,,enloe.org specialty pharmacy search results | enloe.org rebrand news | Shields partner list (not listed),Rebranded to Enloe Health in Nov 2023; enloe.org fetch returned 403 but search snippets show the pharmacy page. No outside manager found.,,,
HSI00001533,Riverside Healthcare,IL,256.0,Riverside Healthcare,unchanged,,https://www.riversidehealthcare.org/about-us,,Riverside Healthcare Kankakee merger OR acquisition OR renamed 2024 2025 2026,False,"Owned, accredited",High,ACHC 94053 specialty + riversidehealthcare.org specialty pharmacy page + NPPES,Riverside Specialty Pharmacy | Riverside Home Infusion,Riverside Medical Center (Riverside Healthcare),ACHC 94053 Specialty Pharmacy Services | ACHC 53230 Infusion Pharmacy Services,,"https://www.riversidehealthcare.org/services/specialty-pharmacy/about-specialty-pharmacy | https://organization.achc.org/print?legalCompanyName=Riverside%20Medical%20Center&dbaCompanyName=Riverside%20Specialty%20Pharmacy&companyID=94053&full_address=Bourbonnais,%20IL%2060914&physicalAddress=100%20Fitness%20Drive,",2026-10-02,ACHC 94053 | ACHC 53230 | NPI 1447963061,"URAC SPP010459: Mercyhealth (Javon Bea Hospital, Rockford) pharmacy, unrelated system",riversidehealthcare.org about-us | riversidehealthcare.org specialty pharmacy about page | Shields partner list (not listed),Page confirms Riverside operates the pharmacy; no outside partner found.,,,
HSI00000937,Saint Lukes Hospital of Duluth,MN,254.0,Aspirus St. Luke's,acquired by,Aspirus Health,https://www.aspirus.org/stlukes,2024-03,Aspirus Specialty Pharmacy URAC OR ACHC accredited Duluth St. Luke's pharmacy,False,"Owned, accredited",Medium,"via Aspirus Health: Aspirus Specialty Pharmacy (Wausau) listed on aspirus.org as retail and specialty pharmacy, URAC accredited fall 2024 per Aspirus pharmacy leader; Duluth pharmacy is Aspirus-run retail",Aspirus Specialty Pharmacy | Aspirus St. Luke's Pharmacy - Duluth,Aspirus Health,"URAC Specialty Pharmacy (Aspirus Specialty Pharmacy, secondhand, not record-verified)",,https://locations.aspirus.org/wi/wausau/1901-westwood-center-boulevard/pharmacies | https://locations.aspirus.org/mn/duluth/1000-east-first-street/pharmacies | https://pharmacy.wisc.edu/2025/06/13/class-notes-summer-2025/,2025-06-13,,,https://locations.aspirus.org/mn/duluth/1000-east-first-street/pharmacies (curl) | https://locations.aspirus.org/wi/wausau/1901-westwood-center-boulevard/pharmacies (curl) | https://www.aspirus.org/pharmacy (curl) | WebSearch Aspirus Specialty Pharmacy URAC | Shields partner list (not listed),"URAC accreditation is from an alumni note by an Aspirus pharmacy leader, not a URAC record; whether Duluth patients are served by it (ships next day) is not explicit. Prior Unknown upgraded because Aspirus owns the specialty pharmacy.",,,
HSI00000255,Community Memorial Health System,CA,254.0,Community Memorial Healthcare,renamed,,https://www.mycmh.org/about-us/,2023-02,Community Memorial Health System Ventura merger OR acquisition OR renamed 2024 2025 2026,False,"Owned, accredited",Medium,"mycmh.org news (ACHC Specialty Pharmacy, May 2024); accreditations page snippet cites URAC too",Community Memorial Pharmacy,Community Memorial Healthcare,ACHC Specialty Pharmacy (no ID found),,https://www.mycmh.org/news-articles/2024/may/community-memorial-healthcare-earns-specialty-ph/ | https://www.mycmh.org/locations/community-memorial-pharmacy/,2026-10-02,,,mycmh.org about-us | mycmh.org specialty pharmacy accreditation news | mycmh.org pharmacy and infusion pages (search) | Shields partner list (not listed),"No automated candidates matched, but the system's own news confirms ACHC accreditation, and search snippet says URAC as well (unverified). Renamed in 2023, nonprofit and independent.",,,
HSI00001341,Parkview Medical Center,CO,253.0,UCHealth Parkview Medical Center,acquired by,UCHealth,https://coloradosun.com/2024/01/03/uchealth-parkview-merger-hospital-consolidation/,2023-12-01,Parkview Medical Center Pueblo merger OR acquisition OR renamed OR closed 2024 2025 2026,False,Managed or partnered,Medium,"via UCHealth; UCHealth is on the Shields partner list (Aurora, CO)",UCHealth Pharmacy - Parkview,UCHealth,,Shields Health Solutions,https://www.uchealth.org/today/parkview-health-system-is-now-part-of-uchealth/ | https://www.uchealth.org/locations/uchealth-pharmacy-parkview/,2026-10-02,,,"UCHealth Parkview pharmacy page | merger news (Colorado Sun, UCHealth Today) | Shields partner list",Tier follows the Shields-list rule applied to the acquirer; no Parkview-specific Shields page found.,,,
HSI00000710,Mount Nittany Health System,PA,248.0,Mount Nittany Health,unchanged,,https://mountnittany.org/about-us,,Mount Nittany Health merger OR acquisition OR renamed 2024 2025 2026,False,None found,Medium,Own website pharmacy and infusion pages show inpatient/anticoag clinic only; no candidates; not on Shields list,,,,,https://mountnittany.org/services/pharmacy/ | https://mountnittany.org/services/infusion-services,2026-10-02,,,https://mountnittany.org/services/pharmacy/ | https://mountnittany.org/services/infusion-services | https://mountnittany.org/about-us | WebSearch: Mount Nittany Health specialty pharmacy OR infusion pharmacy OR outpatient pharmacy,Only hospital infusion center and anticoagulation clinic found; no specialty or outpatient dispensing pharmacy.,,,
HSI00000320,Doylestown Health,PA,247.0,Penn Medicine Doylestown Health,acquired by,University of Pennsylvania Health System (Penn Medicine),https://www.inquirer.com/health/penn-medicine-doylestown-health-completing-merger-20250327.html,2025-04-01,Penn Medicine Doylestown Health acquisition completed April 2025 pharmacy outpatient Doylestown Hospital,False,"Owned, accredited",Medium,via Penn Medicine: Penn Specialty Pharmacy Services described as URAC and ACHC accredited on Penn pharmacy page (search snippet); URAC directory lists UPenn facilities in Philadelphia and Radnor,Penn Specialty Pharmacy,University of Pennsylvania Health System,"URAC Specialty Pharmacy (Penn, per Penn site) | ACHC (Penn pharmacy services, per Penn site)",,https://www.pennmedicine.org/services/pharmacy | https://accreditnet2.urac.org/UracPortal/Directory/CompanyView/3026/820/68e1a9f9-beb7-4947-95aa-c5aa21db64a7,2026-10-02,,,https://www.pennmedicine.org/services/pharmacy (curl and browser returned empty; snippet only) | https://www.doylestownhealth.org/ (curl empty) | WebSearch Penn Specialty Pharmacy URAC | WebSearch Penn Doylestown acquisition | Shields partner list (not listed),Penn pages did not load directly so accreditation rests on search snippets. No Doylestown-specific specialty pharmacy site found; tier follows the acquirer.,,,
HSI00001143,United Regional Health Care System,TX,244.0,United Regional Health Care System,unchanged,,https://unitedregional.org/about-us/,,United Regional Health Care System Wichita Falls merger OR acquisition OR renamed 2024 2025 2026,False,None found,Medium,Own website infusion page (copyright 2025) shows hospital outpatient infusion only; all candidates rejected; not on Shields list,,,,,https://unitedregional.org/services/infusion-therapy,2026-10-02,,"ACHC 89514: David P Ellent PLLC dba BVA United Pharmacy, Shenandoah TX, unrelated to United Regional | NPI 1780047159: Hurricane Specialty Pharmacy, Edinburg TX, unrelated | NPI 1922451442: Hurricane Specialty Pharmacy LLC dba United Specialty Pharmacy, Edinburg TX, unrelated",https://unitedregional.org/services/infusion-therapy | https://unitedregional.org/about-us/ | WebSearch: United Regional Wichita Falls specialty pharmacy OR outpatient pharmacy OR home infusion,Only inpatient pharmacy and outpatient infusion therapy center found. Matches were name collisions in unrelated Texas cities.,,,
HSI00001419,Jupiter Medical Center,FL,242.0,Jupiter Medical Center,unchanged,,https://www.jupitermed.com/about/,,Jupiter Medical Center merger OR acquisition OR renamed 2024 2025 2026,False,None found,Medium,Own website and search show inpatient pharmacy and oncology infusion unit only; NPPES candidate rejected; not on Shields list,,,,,https://www.jupitermed.com/about/,2026-10-02,,"NPI 1285667584: PDI Pharmacy Services of Jupiter Inc, DME primary taxonomy, independent company not tied to the hospital",https://www.jupitermed.com/about/ | https://www.jupitermed.com/news/2026/january/jupiter-medical-center-and-hospital-for-special-/ | WebSearch: Jupiter Medical Center specialty pharmacy OR outpatient pharmacy OR infusion pharmacy,Remains independent non-profit; January 2026 HSS orthopedic alliance is not a merger.,,,
HSI00000194,Centrastate Healthcare System,NJ,240.0,Atlantic Health CentraState Medical Center,unchanged,Atlantic Health System (majority co-member),https://www.atlantichealth.org/locations/centrastate-medical-center/pharmacy,,CentraState Medical Center Specialty Script pharmacy Freehold Atlantic Health,False,"Owned, not accredited",Low,atlantichealth.org page (curl) presents CentraState Specialty Script as a hospital-lobby retail outpatient pharmacy handling specialty meds; no accreditation found; NPPES NPI-2 is a separate LLC with pharmacist member,CentraState Specialty Script Pharmacy,"Specialty Script Freehold LLC (NPPES); presented as system pharmacy, ownership by CentraState not confirmed",,,https://www.atlantichealth.org/locations/centrastate-medical-center/pharmacy | https://npiregistry.cms.hhs.gov/provider-view/1710425566,2026-10-02,nppes:1710425566,,https://www.atlantichealth.org/locations/centrastate-medical-center/pharmacy (curl) | http://www.centrastatespecialtyscript.com (curl) | WebSearch Specialty Script operator | WebSearch Atlantic Health specialty pharmacy accreditation | Shields partner list (not listed),"NPPES lists the pharmacy under an LLC (pharmacist member, 2017 update), so it may be a contracted or JV operator rather than wholly system-owned. Atlantic Health holds 51% of CentraState; no named outside manager or accreditation found.",,,
HSI00000444,Hamilton Health Care System,GA,239.0,Vitruvian Health,renamed,,https://vitruvianhealth.com/hamilton-health-care-system-rebrands-to-vitruvian-health/,2024-07-26,Hamilton Health Care System Dalton merger OR acquisition OR renamed 2024 2025 2026,False,"Owned, not accredited",Medium,"System web page (Vitruvian Health pharmacy page) plus NPPES record under Hamilton Medical Center, Inc.; no URAC/ACHC found",Hamilton Specialty Pharmacy,"Hamilton Medical Center, Inc.",,,https://vitruvianhealth.com/services/pharmacy/ | https://npiregistry.cms.hhs.gov/provider-view/1215881040,2026-10-02,nppes:1215881040,"nppes:1598498099: WeCare Pharmacy Hamilton Mill, Buford GA, unrelated retail pharmacy sharing the word Hamilton",https://vitruvianhealth.com/services/pharmacy/ | https://vitruvianhealth.com/hamilton-health-care-system-rebrands-to-vitruvian-health/ | WebSearch: Hamilton Specialty Pharmacy Dalton GA,"Renamed Vitruvian Health in July 2024 (also bought Tennova Cleveland, now Bradley Medical Center); not on Shields list. Web page does not state accreditation or an outside manager.",,,
HSI00000197,Central Maine Healthcare Corporation,ME,237.0,Central Maine Healthcare,acquired by,Prime Healthcare Foundation,https://www.primehealthcare.com/prime-healthcare-foundation-expands-mission-with-addition-of-central-maine-healthcare/,2026-02-16,Central Maine Healthcare merger OR acquisition OR renamed OR closed 2024 2025 2026,False,"Owned, accredited",High,URAC SPP007293 plus CMHC specialty pharmacy web page; Prime Healthcare Foundation is nonprofit and hospitals keep own names and pharmacy,CMMC Specialty Pharmacy | CMMC Pharmacy,Central Maine Medical Center,URAC SPP007293 Specialty Pharmacy,,https://www.cmhc.org/services/pharmacy/cmmc-specialty-pharmacy/ | https://www.urac.org/directory/accreditation-details/?certification=SPP007293,2026-10-02,urac:SPP007293 | nppes:1861433765,"nppes:1861844300: Central Maine Apothecary Ventures retail pharmacy in Auburn, last updated 2017, no specialty evidence",https://www.cmhc.org/services/pharmacy/cmmc-specialty-pharmacy/ | https://www.cmhc.org/services/pharmacy/ | WebSearch: CMMC Pharmacy specialty pharmacy,Prime Healthcare Foundation (nonprofit) became sole member Feb 2026; not treated as for-profit. Not on Shields list.,,,
HSI00001407,The Brooklyn Hospital Center,NY,236.0,The Brooklyn Hospital Center,unchanged,,https://www.tbh.org/visitor-information/pharmacy-care/specialty-pharmacy,,Brooklyn Hospital Center merger OR acquisition OR renamed OR closed 2024 2025 2026,False,Managed or partnered,High,"Hospital web page and press release (partnership with Clearway Health), ACHC 94305 owned by hospital, NPPES specialty primary",The Brooklyn Hospital Center Specialty Pharmacy,The Brooklyn Hospital Center,ACHC 94305 Specialty Pharmacy Services,Clearway Health,https://www.tbh.org/visitor-information/pharmacy-care/specialty-pharmacy | https://www.tbh.org/news/brooklyn-hospital-center-partners-clearway-health-expand-specialty-pharmacy-medication-access | https://npiregistry.cms.hhs.gov/provider-view/1962936229,2026-10-02,achc:94305 | nppes:1962936229,"urac:SPP010651: Truepill NY LLC dba FuzeRx Brooklyn, unrelated Third Ave pharmacy | achc:77323: Hematology Oncology Associates of Brooklyn (HOAB), independent practice",https://www.tbh.org/visitor-information/pharmacy-care/specialty-pharmacy | WebSearch: Brooklyn Hospital Center specialty pharmacy | WebSearch: Brooklyn Hospital Center 2026 bankruptcy,"Severe financial distress (bankruptcy considered, closure risk reported through March 2026) but still operating. Clearway partnership dates from July 2023; not on Shields list.",,,
HSI00001238,Washington Health System,PA,232.0,UPMC Washington / UPMC Greene,merged into,UPMC,https://www.upmc.com/media/news/060124-whs-and-upmc-merger,2024-06-01,Washington Health System Washington PA merger OR acquisition OR renamed OR closed 2024 2025 2026,False,"Owned, accredited",Medium,"via UPMC: Chartwell Pennsylvania (UPMC-led LP, URAC Specialty Pharmacy since 2018) serves the region; no direct URAC record for it in packet",Chartwell Specialty Pharmacy | UPMC Washington Outpatient Pharmacy,"Chartwell Pennsylvania, LP (UPMC, with Butler, Heritage Valley, Washington Health System as partners)","URAC Specialty Pharmacy (Chartwell Pennsylvania, 2018)",,https://www.upmc.com/services/pharmacy/washington | https://chartwellpa.com/about/press-releases/ChartwellPA-URAC-accreditation.asp | https://www.prnewswire.com/news-releases/chartwell-pennsylvania-lp-affiliated-with-upmc-dba-university-of-pittsburgh-medical-center-joins-the-excelera-network-to-optimize-specialty-pharmacy-and-home-infusion-services-301132477.html,2026-10-02,,"urac:SPP010461: The Prescription Center - Cherry Street, Scranton PA, unrelated pharmacy (South Washington name match) | achc:87133: The Prescription Center-Cherry Street, Scranton, same unrelated pharmacy",https://www.upmc.com/services/pharmacy/washington | WebSearch: Washington Health System specialty pharmacy | WebSearch: UPMC specialty pharmacy Chartwell URAC,"Chartwell is a JV (UPMC plus others including Washington Health System), so Owned tier is a judgment call; other UPMC-owned specialty pharmacy not verified. Not on Shields list.",,,
HSI00000564,Lake Charles Memorial Health System,LA,227.0,Lake Charles Memorial Health System,unchanged,,https://www.lcmh.com/blog/2023/september/lake-charles-memorial-health-system-and-south-ca/,,Lake Charles Memorial Health System merger OR acquisition OR renamed OR closed 2024 2025 2026,False,"Owned, accredited",High,"URAC SPP010547 and ACHC 87337 held by Southwest Louisiana Hospital Association (hospital legal entity), plus hospital web page and NPPES",Lake Charles Memorial Specialty Pharmacy,Southwest Louisiana Hospital Association d/b/a Lake Charles Memorial Hospital,URAC SPP010547 Specialty Pharmacy | ACHC 87337 Specialty Pharmacy Services,,https://www.lcmh.com/locations/specialty-pharmacy/ | https://www.urac.org/directory/accreditation-details/?certification=SPP010547,2026-10-02,urac:SPP010547 | achc:87337 | nppes:1881349777,,https://www.lcmh.com/locations/specialty-pharmacy/ | WebSearch: Lake Charles Memorial Specialty Pharmacy,No merger or rename found; clinical affiliation with Beauregard Health System only. Not on Shields list.,,,
HSI00001443,Montage Health,CA,227.0,Montage Health,unchanged,,https://www.montagehealth.org/news-publications/articles-press-releases/2026/bodine-comprehensive-cancer-center/,,Montage Health Monterey merger OR acquisition OR renamed 2025 2026,False,None found,Low,Own site (curl homepage; hospital location page via browser) shows no pharmacy services beyond an outpatient infusion center; hospital map lists an outpatient surgery pharmacy only,,,,,https://www.montagehealth.org/locations/profile/community-hospital-monterey-peninsula/,2026-10-02,,,https://www.montagehealth.org/ (curl) | https://www.montagehealth.org/locations/profile/community-hospital-monterey-peninsula/ (browser) | WebSearch montagehealth.org pharmacy infusion | Shields partner list (not listed),"Infusion center is administration only. A BriovaRx home infusion mention in a community guide is a third-party listing, not system-owned.",,,
HSI00000639,Meadville Medical Center,PA,225.0,Meadville Medical Center,unchanged,,https://www.mmchs.org/news/meadville-medical-center-to-acquire-physician-practices-in-sharon-regional-service-area/,,Meadville Medical Center merger OR acquisition OR renamed OR closed 2025 2026,False,"Owned, accredited",Medium,System web page (mmchs.org/pharmacy) states ACHC and URAC specialty accreditation for Mill Run pharmacy; not in packet candidates,Mill Run Community Pharmacy,Meadville Medical Center (purchased 2021),"URAC Specialty Pharmacy (per MMC page, earned 2026-05-05; cert number not found) | ACHC Specialty Pharmacy Services (per MMC page; ID not found)",,https://www.mmchs.org/pharmacy/ | https://www.mmchs.org/directory/locations/mill-run-community-pharmacy/,2026-10-02,,,https://www.mmchs.org/pharmacy/ | Web search: Meadville specialty pharmacy/home infusion,"Packet had no URAC/ACHC candidates, so accreditation rests on the system's own page; cert IDs should be verified. Not on Shields list; no outside manager mentioned.",,,
HSI00000649,Memorial Health System,OH,219.0,Memorial Health System,unchanged,,https://www.newsandsentinel.com/news/business/2025/08/memorial-health-system-details-rural-challenges-expansion-plans/,,Memorial Health System Marietta Ohio merger OR acquisition OR renamed 2025 2026,False,"Owned, not accredited",Medium,System web page for Marietta Memorial Specialty Pharmacy; no URAC/ACHC found,Marietta Memorial Specialty Pharmacy,"Memorial Health System (Marietta, OH)",,,https://www.mhsystem.org/services/specialty-pharmacy/why-choose-us/ | https://www.wtap.com/2020/10/05/memorial-health-system-opens-specialty-pharmacy-in-belpre/,2026-10-02,,,https://www.mhsystem.org/services/specialty-pharmacy/why-choose-us/ | Web search: Memorial Health System Marietta specialty pharmacy | https://www.wtap.com/2020/10/05/memorial-health-system-opens-specialty-pharmacy-in-belpre/ (search snippet),No accreditation stated on the page and no URAC/ACHC candidates; accreditation could exist but was not found. Not on Shields list.,,,
HSI00000581,Licking Memorial Health Systems,OH,219.0,Licking Memorial Health Systems,unchanged,,https://www.lmhealth.org/Services-Facilities/Hospital-Services/Specialty-Pharmacy,,Licking Memorial Health Systems merger OR acquisition OR renamed 2025 2026,False,"Owned, accredited",High,URAC SPP010294 + ACHC 91509 + LMH web page; NPPES agrees,LMH Specialty Pharmacy | Licking Memorial Pharmacy,Licking Memorial Hospital (member hospital of the system),URAC SPP010294 Specialty Pharmacy | ACHC 91509 Specialty Pharmacy Services,,https://www.urac.org/directory/accreditation-details/?certification=SPP010294 | https://www.lmhealth.org/Services-Facilities/Hospital-Services/Specialty-Pharmacy | https://npiregistry.cms.hhs.gov/provider-view/1689458762,2026-10-02,urac:SPP010294 | achc:91509 | nppes:1073724522 | nppes:1689458762,,https://www.lmhealth.org/Services-Facilities/Hospital-Services/Specialty-Pharmacy | Web search: LMH Specialty Pharmacy,All candidates are the same system-owned pharmacy at the Newark campus. No outside manager; not on Shields list.,,,
HSI00000666,Mercy Medical Center,IA,216.0,Mercy Medical Center,unchanged,,https://www.mercycare.org/services/pharmacy/,,Mercy Medical Center Cedar Rapids merger OR acquisition OR affiliation OR renamed 2024 2025 2026,False,None found,Medium,"Own pharmacy page read (browser): inpatient pharmacy supporting Hall-Perrine Cancer Center and hospice; no specialty, home infusion or retail outpatient pharmacy described",Mercy Pharmacy (inpatient),Mercy Medical Center,,,https://www.mercycare.org/services/pharmacy/,2026-10-02,,,https://www.mercycare.org/ (curl) | https://www.mercycare.org/services/pharmacy/ (browser) | WebSearch Mercy Cedar Rapids specialty/home infusion | Shields partner list (not listed),"mercy.net and Mercyhealth specialty pharmacy hits are different systems. Hall-Perrine outpatient take-home dispensing, if any, is not described as specialty.",,,
HSI00000321,Driscoll Childrens Hospital,TX,215.0,Driscoll Children's Hospital,unchanged,,https://manilatimes.net/2026/09/29/tmt-newswire/globenewswire/driscoll-named-one-of-three-childrens-hospitals-nationwide-recognized-for-excellence-in-patient-centered-care/2435401,,Driscoll Children's Hospital merger OR acquisition OR renamed OR closed 2024 2025 2026,False,"Owned, accredited",High,URAC SPP010325 plus Driscoll specialty pharmacy web page (URAC through 11/01/2027),Driscoll Health Pharmacy,Driscoll Children's Hospital,URAC SPP010325 Specialty Pharmacy,,https://www.urac.org/directory/accreditation-details/?certification=SPP010325 | https://driscollchildrens.org/specialty/specialty-pharmacy/,2026-10-02,SPP010325 | NPI 1326638479,,driscollchildrens.org/specialty/specialty-pharmacy/ | driscollchildrens.org/specialty/pharmacy/ | WebSearch status | WebSearch specialty pharmacy,Not on Shields list; no outside manager shown. Opened Rio Grande Valley hospital in 2024.,,,
HSI00000488,Holy Redeemer Health System,PA,213.0,Redeemer Health,renamed,,https://www.redeemerhealth.org/locations/easyrx-specialty-pharmacy-services,,Holy Redeemer Health System merger OR acquisition OR renamed OR closed 2024 2025 2026,False,"Owned, accredited",High,ACHC 99188 Specialty Pharmacy Services plus Redeemer Health web page on in-house EasyRx specialty team,EasyRx at Holy Redeemer,Holy Redeemer Health System (Redeemer Health),ACHC 99188 Specialty Pharmacy Services | ACHC 93563 Home Infusion Therapy,,https://www.redeemerhealth.org/locations/easyrx-specialty-pharmacy-services | https://www.redeemerhealth.org/services/health-care/pharmacy-services,2026-10-02,ACHC 99188 | ACHC 93563,,redeemerhealth.org easyrx page | redeemerhealth.org pharmacy-services (search result) | WebSearch status | WebSearch specialty pharmacy,"Rebranded Redeemer Health; divested NJ home care to BAYADA (Oct 2024) and Chestnut Hill stake to Temple (2025), hospital still operating. Not on Shields list; EasyRx page did not state accreditation, ACHC record is the source.",,,
HSI00000103,Beebe Healthcare,DE,210.0,Beebe Healthcare,unchanged,,https://www.beebehealthcare.org/,,Beebe Healthcare merger OR acquisition OR renamed OR closed 2025 2026 Jefferson Health affiliation,False,None found,Medium,"Own site read via curl: Cape Pharmacy is a retail/compounding outpatient pharmacy; infusion center only; no specialty pharmacy, URAC/ACHC or manager",Cape Pharmacy,Beebe Healthcare,,,https://www.beebehealthcare.org/news-release/beebe-healthcare-acquires-cape-pharmacy | https://www.beebehealthcare.org/locations/abessinio-health-campus,2024-10-31,,,beebehealthcare.org home (curl) | beebehealthcare.org Cape Pharmacy press release (curl) | beebehealthcare.org Abessinio campus (curl) | beebehealthcare.org oncology (curl) | WebSearch Cape Pharmacy specialty/infusion | Shields partner list (not listed),"Cape Pharmacy (acquired Nov 2024) offers specialty medication packaging only, not specialty drug dispensing. Jefferson tie is clinical (neurosurgery), not ownership.",,,
HSI00000879,Richmond University Medical Center,NY,209.0,Richmond University Medical Center,unchanged,,https://ny1.com/nyc/staten-island/news/2026/08/05/new-president-of-rumc-says-conversations-about-merger-are-in-progress,,Richmond University Medical Center merger OR acquisition OR renamed OR closed 2024 2025 2026,False,None found,Low,Own-site pages show ambulatory infusion center and a pharmacy link only; NPPES candidate is an independent pharmacy,,,,,https://rumcsi.org/services/ambulatory-infusion-center/ | http://www.richmondspecialty.com/about-us.html,2026-08-05,,"NPI 1174900724: Richmond Specialty Script Inc. is independently owned by pharmacists and only located in the RUMC lobby; no system ownership shown, no accreditation found",rumcsi.org/services/ambulatory-infusion-center/ | rumcsi.org/patients-visitors/pharmacy/ (404) | richmondspecialty.com/about-us.html | WebSearch status | WebSearch specialty/infusion pharmacy,"Merger talks reported Aug 2026, nothing completed. Specialty pharmacy tenant in lobby is independent; ownership structure not verified beyond its own site.",,,
HSI00000812,Parrish Medical Center,FL,208.0,Parrish Medical Center (Parrish Healthcare),unchanged,,https://www.parrishhealthcare.com/services/pharmacy/,,Parrish Medical Center Titusville merger OR acquisition OR renamed OR closed 2024 2025 2026,False,None found,Medium,Parrish pharmacy page shows only retail pharmacy managed by PharmD on Demand; no specialty pharmacy found; no candidates,Parrish Medical Center Retail Pharmacy,Parrish Healthcare,,,https://www.parrishhealthcare.com/services/pharmacy/ | https://www.parrishhealthcare.com/locations/parrish-infusion-center/,2026-10-02,,,parrishhealthcare.com/services/pharmacy/ | parrishhealthcare.com infusion center page (search result) | WebSearch status | WebSearch pharmacy,"Retail pharmacy run in partnership with PharmD on Demand (retail only, not specialty); infusion center only. Settled Health First antitrust dispute in Sept 2024 with partnership, still independent.",,,
HSI00000346,Ephraim Mcdowell Health,KY,207.0,Ephraim McDowell Health,unchanged,,https://emhealth.org/about/,,Ephraim McDowell Health merger OR acquisition OR renamed 2024 2025 2026,False,Infusion or home infusion only,Medium,Health system pharmacy pages; CarepathRx 2021 press release (home infusion managed),Ephraim McDowell Home Infusion Pharmacy | Ephraim McDowell Regional Medical Center Outpatient Pharmacy,Ephraim McDowell Regional Medical Center,,CarepathRx,https://carepathrxllc.com/2021/03/03/ephraim-mcdowell-health-partnership/ | https://emhealth.org/service/pharmacy/,2021-03-03,,,https://emhealth.org/about/ | https://emhealth.org/service/pharmacy/ | https://carepathrxllc.com/2021/03/03/ephraim-mcdowell-health-partnership/ | WebSearch: Ephraim McDowell specialty pharmacy/outpatient/home infusion,"No URAC/ACHC/NPPES candidates; no specialty pharmacy found, only retail outpatient and home infusion pharmacy managed by CarepathRx (2021). Not on Shields list; could be argued Managed or partnered.",,,
HSI00000948,Salina Regional Health Center,KS,206.0,Salina Regional Health Center,unchanged,,https://www.srhc.com/services/home-medical-services/infusion-pharmacy.php,,Salina Regional Health Center merger OR acquisition OR renamed 2024 2025 2026,False,"Owned, accredited",Medium,ACHC Specialty Pharmacy Services record (system is legal entity); infusion pharmacy web page,Salina Regional Hematology Oncology (specialty pharmacy) | Salina Regional Infusion Pharmacy,Salina Regional Health Center,ACHC 88881 Specialty Pharmacy Services,,"https://organization.achc.org/print?legalCompanyName=Salina%20Regional%20Health%20Center&dbaCompanyName=Salina%20Regional%20Hematology%20Oncology&companyID=88881&full_address=Salina,%20KS%2067401&physicalAddress=511%20S.%20Santa%20Fe%20Street, | https://www.srhc.com/services/home-medical-services/infusion-pharmacy.php",2026-10-02,achc:88881,,https://www.srhc.com/services/home-medical-services/infusion-pharmacy.php | WebSearch: Salina Regional specialty/infusion pharmacy,"ACHC record held by the system under dba Hematology Oncology; own website describes only infusion pharmacy, so confidence is Medium. Not on Shields list.",,,
HSI00000105,Bellin Health Systems,WI,204.0,Emplify Health,renamed,Emplify Health (Bellin-Gundersen),https://www.gundersenhealth.org/news/bellin-and-gundersen-health-system-to-become-emplify-health,2024-04-30,Bellin Health Green Bay merger OR acquisition OR renamed 2024 2025 2026,False,Infusion or home infusion only,Low,Bellin web pages/search snippets: infusion pharmacy and outpatient retail pharmacies; no specialty found,Bellin Infusion Pharmacy | Bellin Health Pharmacy Green Bay/Ashwaubenon,Bellin Health Systems (Emplify Health),,,https://bellin.org/services/care-options/home-care-programs | https://bellin.org/locations/bellin-health-pharmacy-green-bay,2026-10-02,,,"WebSearch: Bellin specialty/outpatient/home infusion | https://bellin.org/locations/bellin-health-pharmacy-green-bay (403, not readable) | https://www.gundersenhealth.org/news/bellin-and-gundersen-health-system-to-become-emplify-health (search snippet)","Merged with Gundersen Dec 2022, rebranding to Emplify Health from 2024; Emplify-wide specialty pharmacy not checked. Bellin page returned 403, so Low confidence.",,,
HSI00000755,Northbay Healthcare,CA,204.0,NorthBay Health,renamed,,https://www.dailyrepublic.com/news/northbay-health-will-assume-ownership-of-queen-of-the-valley/article_8282b602-d64d-4c99-b433-d3d5e60a96da.html,,NorthBay Healthcare Fairfield merger OR acquisition OR renamed 2024 2025 2026,False,"Owned, accredited",High,URAC SPP010670 + ACHC 77672 + system web page,NorthBay Specialty Pharmacy,NorthBay Healthcare Corporation / NorthBay Healthcare Group,URAC SPP010670 Specialty Pharmacy | ACHC 77672 Specialty Pharmacy Services,,https://www.urac.org/directory/accreditation-details/?certification=SPP010670 | https://www.northbay.org/services/specialty-pharmacy/index.html,2026-10-02,urac:SPP010670 | achc:77672 | nppes:1558891325,"nppes:1942511399: Northbay Family Compounding Pharmacy LLC, independent co-owned compounding pharmacy, last updated 2010",https://www.northbay.org/services/specialty-pharmacy/index.html | WebSearch: NorthBay Specialty Pharmacy Vacaville | WebSearch: NorthBay merger/renamed,"Brand now NorthBay Health; pending acquisition of Providence Queen of the Valley (expected end 2026). Part of NorthBay & Mayo Clinic Care Network (affiliation, not a manager). Not on Shields list.",,,
HSI00000215,Childrens Hospital of the Kings Daughters Health System,VA,202.0,Children's Hospital of The King's Daughters,unchanged,,https://www.chkd.org/about-us/,,Children's Hospital of The King's Daughters merger OR acquisition OR renamed 2024 2025 2026,False,"Owned, accredited",High,URAC SPP010539 + ACHC 96919 + CHKD specialty pharmacy web page,CHKD Outpatient Pharmacy (specialty pharmacy services),"Children's Pharmacy Services, LLC (CHKD subsidiary, on-campus)",URAC SPP010539 Specialty Pharmacy | ACHC 96919 Specialty Pharmacy Services,,https://www.urac.org/directory/accreditation-details/?certification=SPP010539 | https://www.chkd.org/our-care/other-services/pharmacy-outpatient/specialty-pharmacy-services/,2026-10-02,urac:SPP010539 | achc:96919,"nppes:1932676129: Hague Pharmacy at CHKD (VRX3 LLC), community/retail, not the accredited CHKD entity",https://www.chkd.org/our-care/other-services/pharmacy-outpatient/specialty-pharmacy-services/ | WebSearch: CHKD outpatient pharmacy | WebSearch: CHKD merger/renamed,"Owning LLC inferred as CHKD subsidiary from name, dba and on-campus address. Not on Shields list.",,,
HSI00001219,Valley Health Systems,MA,201.0,Valley Health Systems,unchanged,,https://www.holyokehealth.com/about-us/our-affiliates/,,Valley Health Systems Holyoke Medical Center merger OR acquisition OR renamed OR closed 2024 2025 2026,False,Managed or partnered,Medium,Holyoke Health HMC Specialty Pharmacy page; VytlOne (ProxsysRx) press release on contract to build and manage it,HMC Specialty Pharmacy | HMC Pharmacy,Holyoke Medical Center (Valley Health Systems),,VytlOne (ProxsysRx),https://www.holyokehealth.com/services/hmc-specialty-pharmacy/ | https://www.proxsysrx.com/proxsysrx-signs-contract-to-build-and-manage-specialty-pharmacy-for-massachusetts-holyoke-medical-center/,2026-10-02,,"SPP010351: Dana-Farber Merrimack Valley outpatient pharmacy in Methuen, unrelated to Valley Health Systems (word match)",holyokehealth.com HMC Specialty Pharmacy | holyokehealth.com affiliates | vytlone/proxsysrx press release (search snippet; redirected) | web search,Own HMC specialty pharmacy built and managed by VytlOne per press release (not on Shields list); no URAC/ACHC record found. Manager contract currency not verified.,,,
HSI00001532,Shore Physicians Group,NJ,199.0,Shore Medical Center,unchanged,,https://www.shoremedicalcenter.org/about,,Shore Medical Center Somers Point merger OR acquisition OR renamed OR closed 2024 2025 2026,False,None found,Low,No candidates; own website infusion page and search show only hospital pharmacy and outpatient infusion suite,,,,,https://www.shoremedicalcenter.org/departments/iv-therapy,2026-10-02,,,shoremedicalcenter.org/about | shoremedicalcenter.org/departments/iv-therapy | web search specialty pharmacy,Independent nonprofit (formerly Shore Memorial Hospital); only an outpatient infusion center found. Not on Shields list.,,,
HSI00000032,Altru Health System,ND,198.0,Altru Health System,unchanged,,https://www.grandforksherald.com/business/altru-health-commonspirit-begin-talks-for-altru-to-take-over-three-more-hospitals-including-bismarck,2026-03-01,Altru Health System merger OR acquisition OR renamed OR closed 2024 2025 2026,False,"Owned, accredited",High,URAC SPP010113 plus Altru website and 2020 press release,"Altru Specialty Pharmacy | Altru Specialty Services, LLC d/b/a Altru Retail Pharmacy","Altru Specialty Services, LLC (Altru subsidiary)",URAC SPP010113 Specialty Pharmacy,,https://www.urac.org/directory/accreditation-details/?certification=SPP010113 | https://www.altru.org/services/pharmacy-services/altru-specialty-pharmacy | https://www.altru.org/press-center/press-releases/2020/altru-earns-urac-accreditation-in-specialty-pharmacy,2026-10-02,SPP010113,,altru.org specialty pharmacy page | altru.org press release | web search,Altru acquired Devils Lake hospital from CommonSpirit on 2026-03-01 (system itself unchanged). Not on Shields list.,,,
HSI00000266,Confluence Health,WA,198.0,Confluence Health,unchanged,,https://www.confluencehealth.org/locations/confluence-health-hospital-mares-campus/,,Confluence Health Wenatchee merger OR acquisition OR renamed OR closed 2024 2025 2026,False,Infusion or home infusion only,Low,NPPES home infusion record (Central Washington Health Services Association dba Confluence Health Home Infusion) plus Confluence services page listing Home Infusion,Confluence Health Home Infusion | Confluence Health Pro Pharmacy,Central Washington Health Services Association (Confluence Health legal entity),,,https://www.confluencehealth.org/services/ | https://npiregistry.cms.hhs.gov/provider-view/1225165509,2026-10-02,1225165509,,confluencehealth.org/services | web search home infusion specialty pharmacy,Hospitals consolidated under Confluence Health Hospital in 2023 (naming only); a Yelp 'closed' flag is for an old facility listing. No retail specialty dispensing or accreditation found; Pro Pharmacy exists but specialty status not verified.,,NPPES-only evidence -> confidence capped at Low,
HSI00000867,Redlands Community Hospital,CA,196.0,Redlands Community Hospital,unchanged,,https://www.redlandshospital.org/about/,,Redlands Community Hospital merger OR acquisition OR renamed OR closed 2024 2025 2026,False,None found,Low,All candidates rejected; own website services page lists only general pharmacy and infusion,Redlands Community Hospital Outpatient Pharmacy,,,,https://www.redlandshospital.org/services/,2026-10-02,,"73389: Brothers Healthcare dba Beemans Redlands Pharmacy, independent pharmacy in Riverside | 75899: CVS Specialty Redlands, retail chain | 1659550176: Brothers Healthcare / Beeman's NPPES record, independent pharmacy",redlandshospital.org/about | redlandshospital.org/services | web search specialty pharmacy,Independent nonprofit; outpatient pharmacy and infusion center exist but no specialty pharmacy found. Not on Shields list.,,,
HSI00001260,White River Health System,AR,195.0,White River Health,unchanged,,https://whiteriverhealth.org/posts/white-river-health-announces-new-vice-president-and-administrator,,White River Health System Batesville merger OR acquisition OR renamed OR closed 2025 2026,False,None found,Low,No candidates; own website pages show no specialty/home infusion pharmacy (hospital outpatient infusion only),,,,,https://whiteriverhealth.org/locations | https://whiteriverhealth.org/posts/wrh-oncology-and-infusion-center-holds-groundbreaking,2026-10-02,,,WebSearch: White River Health specialty pharmacy/home infusion/outpatient pharmacy | https://whiteriverhealth.org/locations | whiteriverhealth.org/pgy1-pharmacy-residency (search result) | Shields partner list (absent),Independent as of Jan 2026; hospital oncology/outpatient infusion center only. Site search was limited to locations page and search snippets.,,,
HSI00000272,Conway Regional Health System,AR,194.0,Conway Regional Health System,unchanged,,https://www.conwayregional.org/about,,Conway Regional Health System merger OR acquisition OR renamed OR closed 2025 2026,False,None found,Low,No candidates; own site shows only Conway Outpatient Pharmacy (retail/compounding/immunizations) and infusion center,Conway Outpatient Pharmacy,Conway Regional Health System,,,https://www.conwayregional.org/services/crhs-outpatient-pharmacy,2026-10-02,,,WebSearch: Conway Regional specialty/infusion/outpatient pharmacy | https://www.conwayregional.org/services/crhs-outpatient-pharmacy | https://www.conwayregional.org/about (search result) | Shields partner list (absent),CMC Specialty Pharmacy / Conway Medical Center (SC) results are an unrelated system. Outpatient pharmacy page makes no specialty mention.,,,
HSI00001481,Southern Ohio Medical Center,OH,192.0,Southern Ohio Medical Center,unchanged,,https://www.somc.org/services/pharmacies/,,Southern Ohio Medical Center merger OR acquisition OR renamed 2025 2026,False,Managed or partnered,High,"URAC SPP010609 + ACHC 79129 (both SOMC-owned) + Trellis Rx/CPS partnership (Trellis, RxInsider, SOMC web)",SOMC Specialty Pharmacy,Southern Ohio Medical Center,URAC SPP010609 Specialty Pharmacy | ACHC 79129 Specialty Pharmacy Services,Trellis Rx (Comprehensive Pharmacy Services),https://www.trellisrx.com/southern-ohio-medical-center-trellisrx-partnership/ | https://rxinsider.com/market-buzz/19280-case-study-southern-ohio-medical-center-puts-patients-first-with-innovative-specialty-pharmacy-services-cps/ | https://www.urac.org/directory/accreditation-details/?certification=SPP010609 | https://www.somc.org/services/pharmacies/,2026-10-02,urac:SPP010609 | achc:79129,"nppes:1093751984: SOMC institutional pharmacy, taxonomy specialty secondary, last updated 2016; same entity but weak/uncorroborated, not needed",WebSearch: SOMC specialty pharmacy URAC | https://www.somc.org/services/pharmacies/ (403 on fetch; seen in search) | Trellis Rx page (fetch failed; seen in search snippet) | Shields partner list (absent),Specialty pharmacy launched 2018 in partnership with Trellis Rx (CPS); ACHC reaccreditation reported July 2024. Not on Shields list.,,,
HSI00000236,Columbia Memorial Health,NY,192.0,Columbia Memorial Health (Albany Med Health System),acquired by,Albany Med Health System,https://www.albanymed.org/hudson/about-columbia-memorial-health/,2016,Columbia Memorial Health Hudson NY merger OR acquisition OR renamed 2025 2026,False,Managed or partnered,Low,"via Albany Med Health System: parent is on Shields partner list (Albany Medical Center, Albany NY); Albany Med specialty pharmacies URAC/ACHC accredited",Albany Medical Center Specialty Pharmacy | Glens Falls Hospital Specialty Pharmacy,Albany Med Health System,"URAC (Albany Med Health System, valid through 2029-02-01; cert number not seen) | ACHC (Albany Med Health System)",Shields Health Solutions,https://www.albanymed.org/patients-visitors/pharmacies/ | https://shieldshealthsolutions.com/about-us/partner-health-systems,2026-10-02,,"nppes:1356352918: Trustees of Columbia University (NYC), unrelated to Columbia Memorial",WebSearch status | https://www.albanymed.org/hudson/about-columbia-memorial-health/ | https://www.albanymed.org/patients-visitors/pharmacies/ | WebSearch: Albany Med Shields Columbia Memorial | Shields partner list (Albany Medical Center),"Joined Albany Med in 2016 (before the 2023 Compendium); Albany Med pharmacy page lists only Albany and Glens Falls locations, none in Hudson, so service to these hospitals is unconfirmed. Tier follows the Shields rule via the parent.",Albany Medical Center (NY),,
HSI00000956,San Juan Regional Medical Center,NM,191.0,San Juan Regional Medical Center,unchanged,,https://www.sanjuanregional.com/,,San Juan Regional Medical Center Farmington merger OR acquisition OR renamed 2025 2026,False,None found,Low,"No candidates; own website homepage and services directory list no pharmacy, specialty or infusion pharmacy",,,,,https://www.sanjuanregional.com/services,2026-10-02,,,WebSearch: San Juan Regional specialty/infusion/outpatient pharmacy | https://www.sanjuanregional.com/ | https://www.sanjuanregional.com/services | Shields partner list (absent),"Still independent nonprofit; web presence silent on pharmacy, so absence is based on site review plus web search only.",,,
HSI00001097,Tift Regional Medical Center,GA,189.0,Tift Regional Health System (Southwell),unchanged,,https://mysouthwell.com/services/pharmacy/,,Tift Regional Health System merger OR acquisition OR renamed OR closed 2024 2025 2026,False,"Owned, not accredited",Low,Third-party pharmacy listings for Tift Regional Specialty Pharmacy; no URAC/ACHC/NPPES candidate; own site pharmacy page does not mention specialty,Tift Regional Specialty Pharmacy | Southwell Pharmacy,"Tift Regional Health System, Inc.",,,https://www.healthgrades.com/pharmacy/tift-regional-specialty-pharmacy-pbd5vw | https://mysouthwell.com/services/pharmacy/,2026-10-02,,,https://mysouthwell.com/services/pharmacy/ | WebSearch: Tift Regional specialty pharmacy/infusion | WebSearch: status search,"Specialty pharmacy at 1623 Madison Ave is known only from directory listings, not the system's own page; status search returned no relevant change. Not on Shields list.",,,
HSI00001319,Holland Hospital,MI,189.0,Holland Hospital,unchanged,,https://record.umich.edu/articles/u-m-health-holland-hospital-announce-strategic-alliance/,,Holland Hospital Michigan merger OR acquisition OR renamed 2024 2025 2026,False,"Owned, accredited",High,"ACHC 95828 (Holland Community Hospital, member hospital address) plus Holland Hospital pharmacy page and 2026 specialty brochure",Holland Hospital Pharmacy Services | Holland Hospital Infusion Services,Holland Community Hospital (Holland Hospital),ACHC 95828 Specialty Pharmacy Services,,"https://www.hollandhospital.org/find-a-service/pharmacy-services | https://www.hollandhospital.org/sites/default/files/downloads/specialty-pharmacy-program-brochure-2026-03.pdf | https://organization.achc.org/print?legalCompanyName=Holland%20Community%20Hospital&dbaCompanyName=Holland%20Hospital%20Pharmacy%20Services&companyID=95828&full_address=Holland,%20MI%2049423&physicalAddress=602%20Michigan%20Avenue, | https://npiregistry.cms.hhs.gov/provider-view/1922936020",2026-10-02,achc:95828 | nppes:1922936020,"achc:79416: Cancer and Hematology Centers of Western Michigan, unrelated oncology practice",https://www.hollandhospital.org/find-a-service/pharmacy-services | specialty pharmacy brochure PDF (search result) | WebSearch: status search | WebSearch: Holland Hospital specialty pharmacy ACHC,U-M Health alliance (2023) is explicitly not a merger or ownership change. NPPES lists a Home Infusion taxonomy with specialty pharmacy in a secondary position.,,,
HSI00000683,Middlesex Health System,CT,187.0,Middlesex Health,unchanged,,https://middlesexhealth.org/news/middlesex-health-news/october-2025/building-a-better-tomorrow-middlesex-health-enters-a-new-era-of-growth-and-innovation,,Middlesex Health Connecticut merger OR acquisition OR renamed 2025 2026,False,Managed or partnered,High,ACHC 98544 + NPPES 1093519183 + Clearway Health partnership announcement (Oct 2025),Middlesex Hospital Specialty Pharmacy,Middlesex Hospital,ACHC 98544 Specialty Pharmacy Services,Clearway Health,"https://www.clearwayhealth.com/post/middlesex-hospital-opens-1st-specialty-pharmacy-in-partnership-with-clearway-health | https://middlesexhealth.org/middlesex-hospital-specialty-pharmacy | https://organization.achc.org/print?legalCompanyName=Middlesex%20Hospital&dbaCompanyName=Middlesex%20Hospital%20Specialty%20Pharmacy&companyID=98544&full_address=Middletown,%20CT%2006457&physicalAddress=536%20Saybrook%20Rd,%20Lower%20Level, | https://npiregistry.cms.hhs.gov/provider-view/1093519183",2025-10-02,achc:98544 | nppes:1093519183,,https://middlesexhealth.org/middlesex-hospital-specialty-pharmacy (search result) | Clearway Health press page | WebSearch: status search,"Pharmacy opened Oct 2025 jointly operated with Clearway Health, a Boston pharmacy services firm; not on Shields list.",,,
HSI00000268,Connecticut Childrens Medical Center Foundation,CT,187.0,Connecticut Children's,unchanged,,https://hartfordbusiness.com/article/ct-childrens-looks-ahead-after-rejecting-yale-merger/,,Connecticut Children's merger OR acquisition OR renamed 2025 2026 specialty pharmacy Shields,False,Managed or partnered,Medium,"Shields Health Solutions partner list (Connecticut Childrens Medical Center, Hartford)",,,,Shields Health Solutions,https://shieldshealthsolutions.com/about-us/partner-health-systems,2026-10-02,,,Shields partner list file | https://shieldshealthsolutions.com/about-us/partner-health-systems (search result) | WebSearch: CT Children's specialty pharmacy | WebSearch: status search,Tier rests on Shields list rule; no system-own page or accreditation record found. Board rejected a Yale New Haven Health merger.,Connecticut Childrens Medical Center (CT),,
HSI00001458,Lawrence General Hospital,MA,186.0,Merrimack Health (Lawrence Hospital),renamed,Merrimack Health,https://www.bostonglobe.com/2025/09/10/business/steward-hospitals-holy-family-lawrence/,2025-09-10,Lawrence General Hospital merger OR acquisition OR renamed 2024 2025 2026,False,None found,Low,No candidates; Merrimack Health Lawrence Hospital site shows inpatient pharmacy and outpatient infusion center only; not on Shields list,,,,,https://www.mhlawrencehospital.org/services-and-centers/infusion-therapy-treatment-center | https://www.mhlawrencehospital.org/newsroom/new-pharmacy-opens-with-high-marks,2026-10-02,,,https://www.mhlawrencehospital.org/newsroom/new-pharmacy-opens-with-high-marks | https://www.mhlawrencehospital.org/services-and-centers/infusion-therapy-treatment-center (search result) | WebSearch: Merrimack Health pharmacy,"Acquired Steward's Holy Family hospitals in Oct 2024 and rebranded as Merrimack Health in 2025. Only the hospital site was searched, so confidence is Low.",,,
HSI00000213,Childrens Hospital and Medical Center,NE,186.0,Children's Nebraska,renamed,,https://www.wowt.com/2023/10/04/childrens-announces-name-change-childrens-nebraska/,2023-10-04,Children's Hospital & Medical Center Omaha Nebraska Children's merger OR acquisition OR renamed 2025 2026,False,"Owned, accredited",High,URAC SPP010071 + ACHC 88946 + system web page,Children's Home Healthcare & Specialty Pharmacy,Children's Hospital & Medical Center (Children's Nebraska),URAC SPP010071 Specialty Pharmacy | ACHC 88946 Specialty Pharmacy Services | PCAB,,https://www.childrensnebraska.org/locations/childrens-home-healthcare-pharmacy | https://www.urac.org/directory/accreditation-details/?certification=SPP010071,2026-10-02,URAC SPP010071 | ACHC 88946 | NPPES 1588344584,,https://www.childrensnebraska.org/locations/childrens-home-healthcare-pharmacy | web search: Children's Nebraska specialty pharmacy | Shields partner list (not listed; CHI Health Omaha is a different system),"Hospital itself owns pharmacy; page states PCAB, ACHC and URAC accreditation. Not on Shields list.",,,SPP010071 expires 2026-10-01
HSI00000610,MaineGeneral Health,ME,186.0,MaineGeneral Health,unchanged,,https://www.mainegeneral.org/medical-services/pharmacy/,,MaineGeneral Health merger OR acquisition OR renamed OR closed 2024 2025 2026,False,"Owned, not accredited",Medium,System website (specialty-only pharmacy) + NPPES secondary taxonomy,MaineGeneral Pharmacy,MaineGeneral Medical Center,,,https://www.mainegeneral.org/medical-services/pharmacy/ | https://npiregistry.cms.hhs.gov/provider-view/1477344976,2026-10-02,NPPES 1477344976,,https://www.mainegeneral.org/medical-services/pharmacy/ (via search snippet; direct fetch 403) | web search: MaineGeneral specialty pharmacy infusion | Shields partner list (not listed),Pharmacy describes itself as specialty pharmacy; no URAC/ACHC found and no outside manager found. Status evidence is search result showing system operating independently (no merger found).,,,
HSI00000356,Fairfield Medical Center,OH,185.0,Adena Fairfield Medical Center,acquired by,Adena Health,https://www.adena.org/articles/adena-health-finalizes-acquisition-of-fairfield-medical-center,2026-09-01,Adena Specialty Pharmacy Fairfield Medical Center Lancaster Ohio 2026,False,None found,Low,FMC site (curl) shows Kroger-run campus pharmacy and infusion center only; Adena Specialty Pharmacy exists but no evidence it serves FMC after a one-month-old deal,Kroger Pharmacy (FMC campus) | Adena Specialty Pharmacy (acquirer),Adena Health (parent),,,https://www.adena.org/types-of-care/specialties/pharmacy | https://www.fmchealth.org/adena-fairfield-medical-center/,2026-09-01,,,adena.org pharmacy page (curl) | adena.org acquisition article (curl) | fmchealth.org locations (curl) | fmchealth.org Adena page (curl) | WebSearch FMC pharmacy/infusion | Shields partner list (not listed),Acquisition by nonprofit Adena closed 2026-09-01. Adena runs its own specialty pharmacy (accreditation not found) that may later cover FMC.,,,
HSI00000952,Samaritan Health,NY,185.0,Samaritan Health,unchanged,,https://samaritanhealth.com/about-samaritan-health/our-story-mission/,,Samaritan Health Watertown NY merger OR acquisition OR renamed 2025 2026,False,"Owned, not accredited",Medium,System web page for Samaritan CareRx specialty pharmacy; no accreditation found,Samaritan CareRx,Samaritan Medical Center,,,https://samaritanhealth.com/service/samaritan-care-rx/ | https://npiregistry.cms.hhs.gov/provider-view/1447051305,2026-10-02,NPPES 1447051305,,https://samaritanhealth.com/service/samaritan-care-rx/ | web search: Samaritan CareRx | Shields partner list (not listed),Oregon Samaritan Health Services/MultiCare news is unrelated. No outside manager or accreditation stated on page.,,,
HSI00000502,Hunterdon Healthcare System,NJ,184.0,Hunterdon Health,unchanged,,https://www.hackensackmeridianhealth.org/en/news/2026/06/22/hunterdon-health-and-hmh-sign-letter-of-intent-for-proposed-merger,,Hunterdon Health Hackensack Meridian Health merger 2026,False,None found,Low,"ACHC SPS record belongs to Hunterdon Hematology Oncology LLC, a separately branded physician practice with its own site, not shown to be system-owned; Hunterdon Regional Pharmacy is retail",Hunterdon Regional Pharmacy | Hunterdon Hematology Oncology pharmacy,"Hunterdon Hematology Oncology LLC (independent practice, tie to system unconfirmed)","ACHC 71467 Specialty Pharmacy Services (Hunterdon Hematology Oncology, 08/21/2024-08/20/2027)",,https://hhocancer.com/about/ | https://www.hunterdonhealth.org/locations/hunterdon-regional-pharmacy | https://www.hunterdonhealth.org/hunterdon-regional-cancer-center/our-oncology-team,2026-10-02,,"71467: owner is Hunterdon Hematology Oncology LLC, a community oncology practice (own site, own copyright, no system ownership shown), though co-located in the system's cancer center and listed on the system's oncology team page",hunterdonhealth.org pharmacy page (curl) | hunterdonhealth.org oncology team (curl) | hhocancer.com home and about (curl) | ACHC record 71467 (curl) | WebSearch HHO ownership | WebSearch HMH merger | Shields partner list (not listed),"HMH merger is only a June 2026 letter of intent. Reviewer flag: if HHO is deemed affiliated, tier would become Owned, accredited (ACHC 71467); ownership unproven.",,,
HSI00000873,Reid Health,IN,183.0,Reid Health,unchanged,,https://reidhealth.org/About-Reid-Health,,Reid Health Richmond Indiana merger OR acquisition OR renamed 2025 2026,False,"Owned, not accredited",Low,Reid Health pharmacy web page (operates specialty pharmacy services directly),Reid Health Pharmacy - Specialty Pharmacy Services,Reid Health,,,https://reidhealth.org/Medical-Services/Pharmacy,2026-10-02,,,https://reidhealth.org/Medical-Services/Pharmacy | https://reidhealth.org/About-Reid-Health | WebSearch: Reid Health specialty pharmacy OR home infusion OR outpatient pharmacy,No URAC/ACHC/NPPES candidates and no accreditation mentioned on the page; no Shields listing. Outpatient pharmacy at Cambridge City is a partnership with MediCenter.,,,
HSI00000302,Dayton Childrens,OH,181.0,Dayton Children's Hospital,unchanged,,https://en.wikipedia.org/wiki/Dayton_Children's_Hospital,,Dayton Children's Hospital merger OR acquisition OR renamed 2025 2026,False,"Owned, accredited",High,URAC SPP010241 + ACHC 80136 records and system pharmacy page,Dayton Children's Hospital Specialty Pharmacy,Dayton Children's Hospital,URAC SPP010241 Specialty Pharmacy | ACHC 80136 Specialty Pharmacy Services,,https://www.urac.org/directory/accreditation-details/?certification=SPP010241 | https://childrensdayton.org/services/pharmacy/,2026-10-02,urac:SPP010241 | achc:80136 | nppes:1255942868,,https://childrensdayton.org/services/pharmacy/ | WebSearch: Dayton Children's Specialty Pharmacy URAC accreditation | WebSearch status 2025 2026,"Operated in-house, no outside manager; not on Shields list. 2026 changes were only a Mercy Health pediatric practice acquisition and campus naming (Golisano).",,,
HSI00000415,Grand View Hospital,PA,180.0,Grand View Health (St. Luke's University Health Network),acquired by,St. Luke's University Health Network,https://bucksco.today/2025/07/grand-view-health-st-lukes-network/,2025-07-01,Grand View Health Sellersville merger OR acquisition OR renamed 2025 2026,False,"Owned, not accredited",Low,via St. Luke's University Health Network (HomeStar Rx and Infusion Services web page),St. Luke's HomeStar Pharmacy (Rx and Infusion Services),St. Luke's University Health Network,,,https://www.slhn.org/homestar-pharmacy | https://bucksco.today/2025/07/grand-view-health-st-lukes-network/,2026-10-02,,,https://www.slhn.org/homestar-pharmacy | WebSearch: Grand View Health specialty pharmacy OR home infusion | WebSearch: St. Luke's University Health Network specialty pharmacy,"No accreditation found for HomeStar, and the page does not say it serves Grand View; no Shields listing. Call is thin and should be spot-checked.",,,
HSI00001145,Unity Health,AR,179.0,Unity Health,partly closed,,https://arktimes.com/arkansas-blog/2026/04/16/jacksonville-hospital-ends-er-and-medical-services,2026-04-15,Unity Health White County Medical Center Jacksonville Newport merger OR acquisition OR closed OR renamed 2025 2026,False,None found,Low,"Own site read via curl (home, locations, WCMC page): only Unity Health Pharmacy (retail, coordinated care) found; no specialty/infusion pharmacy, accreditation or manager",Unity Health Pharmacy (Searcy),Unity Health,,,https://www.unity-health.org/locations/unity-health-white-county-medical-center/,2026-10-02,,,unity-health.org home (curl) | unity-health.org locations (curl) | unity-health.org WCMC page (curl) | WebSearch Unity Health pharmacy | WebSearch status | Shields partner list (not listed),"Jacksonville acute care closed April 2026 (converting to psychiatric); other hospitals operate. Site has no pharmacy service page, hence Low.",,,
HSI00000116,Blanchard Valley Health System,OH,177.0,Blanchard Valley Health System,unchanged,,https://en.wikipedia.org/wiki/Blanchard_Valley_Health_System,,Blanchard Valley Health System Findlay merger OR acquisition OR renamed 2025 2026,False,None found,Medium,System pharmacy page lists only outpatient/inpatient/cardiac medication pharmacies; no candidates,Center for Medication Management | Harry's Pharmacy,Blanchard Valley Health System,,,https://www.bvhealthsystem.org/education-resources/pharmacy/pharmacy,2026-10-02,,,https://www.bvhealthsystem.org/education-resources/pharmacy/pharmacy | WebSearch: Blanchard Valley Health System specialty pharmacy OR home infusion OR outpatient pharmacy,"Joined OSU Heart & Vascular Network in 2025 (collaboration, not ownership change). Not on Shields list.",,,
HSI00000984,Signature Healthcare,MA,175.0,Signature Healthcare,unchanged,,https://signature-healthcare.org/about/,,Signature Healthcare Brockton merger OR acquisition OR renamed OR closed 2024 2025 2026,False,Managed or partnered,High,URAC SPP010232 + ACHC 97436 + NPPES; Clearway Health partnership (Clearway press release),Signature Healthcare Pharmacy,"Brockton Hospital, Inc.",URAC SPP010232 Specialty Pharmacy | ACHC 97436 Specialty Pharmacy Services,Clearway Health,https://www.urac.org/directory/accreditation-details/?certification=SPP010232 | https://www.clearwayhealth.com/post/signature-healthcare-partners-with-clearway-health-to-expand-community-access-with-retail-pharmacy | https://signature-healthcare.org/locations/pharmacy,2022-11-08,SPP010232 | 97436 | 1508513235 | 1033084462 | 1174232094,,signature-healthcare.org/about | signature-healthcare.org/locations/pharmacy (search) | clearwayhealth.com partnership post | WebSearch status | WebSearch pharmacy/URAC,"Specialty pharmacy opened Aug 2022 with Clearway Health, which helped build the program (access to limited-distribution drugs); Clearway does not appear to operate it. Pennant acquired only the Signature Healthcare at Home assets in Jan 2025.",,,
HSI00000178,Carson Tahoe Health,NV,175.0,Carson Tahoe Health,unchanged,,https://www.carsontahoe.com/about-us.html,,Carson Tahoe Health merger OR acquisition OR renamed OR closed 2024 2025 2026,False,None found,Low,"No candidates; own website and search show only an ambulatory infusion center, no pharmacy",,,,,https://www.carsontahoe.com/about-us.html | https://www.carsontahoe.com/infusion-center.html,2026-10-02,,,carsontahoe.com/about-us.html | carsontahoe.com/infusion-center.html (search) | WebSearch status | WebSearch specialty pharmacy/home infusion/outpatient pharmacy,Independent nonprofit affiliated with University of Utah Health; not on Shields list. Only an outpatient infusion center (not a pharmacy) was found.,,,
HSI00000421,Great River Health Systems,IA,174.0,Great River Health,unchanged,,https://www.greatriverhealth.org/about-us/,,Great River Health Systems Burlington Iowa merger OR acquisition OR renamed OR closed 2024 2025 2026,False,"Owned, not accredited",Medium,System website pages (search results) list a Specialty Pharmacy at SIRMC West Burlington; no accreditation found,Specialty Pharmacy - Southeast Iowa Regional Medical Center | Heritage Family Pharmacy | Heritage Park Pharmacy | Heritage Partners Pharmacy,Great River Health (system),,,https://www.greatriverhealth.org/locations/specialty-pharmacy/ | https://www.greatriverhealth.org/health-services/pharmacies/,2026-10-02,,,greatriverhealth.org/locations/specialty-pharmacy (search snippet; fetch 403) | greatriverhealth.org/health-services/pharmacies (search; fetch 403) | greatriverhealth.org/about-us (search) | WebSearch status | WebSearch pharmacy,"Hospitals merged into Southeast Iowa Regional Medical Center in 2021; system name unchanged. Direct page fetches returned 403, so accreditation absence is based on search snippets and no URAC/ACHC candidates; not on Shields list.",,,
HSI00000358,Faith Regional Health Services,NE,173.0,Faith Health,renamed,,https://www.ktiv.com/2026/03/24/faith-regional-health-services-rebrands-faith-health-after-30-years/,2026-03-24,Faith Regional Health Services Norfolk Nebraska merger OR acquisition OR renamed OR closed 2024 2025 2026,False,None found,Low,No candidates; own site (search snippets) shows only Pill Box outpatient pharmacy and infusion center,Pill Box Pharmacy,Faith Health,,,https://www.faith.health/medical-services/pharmacy-services/ | https://www.faith.health/medical-services/infusion-services/,2026-10-02,,,faith.health/medical-services/pharmacy-services (search; fetch 403) | faith.health/medical-services/infusion-services (search) | frhs.org infusion-services (fetch 403) | WebSearch status | WebSearch specialty pharmacy,"Rebranded to Faith Health in March 2026, no ownership change. Own-site fetches were blocked (403), so conclusion rests on search-result content; not on Shields list.",,,
HSI00000663,Mercy Medical Center,MD,173.0,Mercy Medical Center,unchanged,,https://mdmercy.com/patients-and-visitors/plan-your-visit/mercy-pharmacy-at-mcauley-plaza,,Mercy Medical Center Baltimore merger OR acquisition OR renamed OR closed 2024 2025 2026,False,"Owned, accredited",High,"URAC SPP010483 + ACHC 96433 (both Mercy Medical Center, Inc.) + NPPES; Mercy website shows Mercy-operated pharmacy",Mercy Medical Center Outpatient Pharmacy,"Mercy Medical Center, Inc.",URAC SPP010483 Specialty Pharmacy | ACHC 96433 Specialty Pharmacy Services,,https://www.urac.org/directory/accreditation-details/?certification=SPP010483 | https://mdmercy.com/patients-and-visitors/plan-your-visit/mercy-pharmacy-at-mcauley-plaza,2026-10-02,SPP010483 | 96433 | 1982430047,,mdmercy.com Mercy Pharmacy at McAuley Plaza | WebSearch status | WebSearch specialty pharmacy partnership,Baltimore Mercy is distinct from Mercy Medical Center Springfield MA (being acquired by Baystate); search results on that were disregarded. Not on Shields list (Ascension Baltimore entry is a different system).,,,
HSI00000490,Holzer Health System,OH,172.0,Holzer Health System,unchanged,,https://www.holzer.org/about/,,Holzer Health System merger OR acquisition OR renamed OR closed 2024 2025 2026,False,"Owned, accredited",High,"URAC + ACHC records, holzer.org specialty pharmacy page, NPPES",Holzer Specialty Pharmacy,Holzer Hospital Foundation (system affiliate),URAC SPP010504 Specialty Pharmacy | ACHC 86724 Specialty Pharmacy Services,,https://www.holzer.org/locations/locations-profile/specialty-pharmacy/ | https://www.urac.org/directory/accreditation-details/?certification=SPP010504,2026-10-02,SPP010504 | 86724 | 1104581214,,"WebSearch status | WebSearch Holzer Specialty Pharmacy | holzer.org/about | holzer.org specialty-pharmacy page (fetch 403, snippet via search) | shields list (not present)",Holzer Hospital Foundation is the system's foundation and owns the pharmacy; not on Shields list.,,,
HSI00000271,Conway Medical Center,SC,171.0,Conway Medical Center,unchanged,,https://www.conwaymedicalcenter.com/about/,,Conway Medical Center merger OR acquisition OR renamed OR closed 2024 2025 2026,False,Managed or partnered,High,URAC + ACHC records plus VytlOne press release (build and manage),CMC Specialty Pharmacy | Conway Specialty Pharmacy,"Conway Hospital, Inc.",URAC SPP010505 Specialty Pharmacy | ACHC 97624 Specialty Pharmacy Services,VytlOne (ProxsysRx),https://vytlone.com/blog/vytlone-to-build-specialty-pharmacy-for-conway-medical-center/ | https://www.conwaymedicalcenter.com/locations/cmc-specialty-pharmacy/ | https://www.urac.org/directory/accreditation-details/?certification=SPP010505,2024-07-31,SPP010505 | 97624 | 1245026061,,WebSearch status | WebSearch Conway Specialty Pharmacy | vytlone.com press release | conwaymedicalcenter.com pages (via search),Novant Health holds a 30% minority interest but CMC remains independent. VytlOne contracted July 2024 to build and manage the pharmacy; not on Shields list.,,,
HSI00001107,Trinity Health,ND,170.0,Trinity Health,partly closed,,https://www.kfyrtv.com/2026/03/17/trinity-health-st-josephs-ceasing-operations-services-moved-other-locations/,2026-03-17,Trinity Health Minot ND merger OR acquisition OR renamed OR closed 2024 2025 2026,False,None found,Medium,Own-site outpatient pharmacy page shows retail only; no candidates; not on Shields list,Trinity Health Outpatient Pharmacy,Trinity Health (Minot),,,https://www.trinityhealth.org/trinity-health-outpatient-pharmacy/,2026-10-02,,,WebSearch status | WebSearch Trinity Health Minot pharmacy | trinityhealth.org/trinity-health-outpatient-pharmacy | shields list,"St. Joseph's campus ceased operations (announced Mar 2026); services moved to the southwest campus and system continues. Retail, hospital and CancerCare pharmacies only found.",,,
HSI00000554,Kuakini Health System,HI,170.0,Kuakini Health System,unchanged,,https://www.kuakini.org/wps/portal/public/About-Us/Subsidiaries/Kuakini-Medical-Center,,Kuakini Health System merger OR acquisition OR renamed OR closed 2024 2025 2026,False,None found,Low,Own-site Kuakini Plaza Pharmacy page shows retail only; no candidates; not on Shields list,Kuakini Plaza Pharmacy,Kuakini Health System,,,https://www.kuakini.org/wps/portal/public/Programs-Services/Kuakini-Plaza-Pharmacy,2026-10-02,,,WebSearch status | WebSearch Kuakini specialty pharmacy | kuakini.org Kuakini Plaza Pharmacy page | shields list,"A third-party listing shows 'Plaza Drug Specialty Care' at the same address (321 N Kuakini St); unverified, so confidence is Low. Infusion exists only as outpatient infusion center.",,,
HSI00000090,Baxter Regional Medical Center,AR,169.0,Baxter Health,renamed,,https://www.baxterhealth.org/about-us/history/,,Baxter Regional Medical Center merger OR acquisition OR renamed OR closed 2024 2025 2026,False,"Owned, not accredited",Medium,baxterhealth.org Outpatient Pharmacy page describes specialty pharmacy services; no accreditation or manager found,Baxter Health Outpatient Pharmacy,Baxter Health (Baxter Regional Medical Center),,,https://www.baxterhealth.org/medical-services/pharmacy/,2026-10-02,,,WebSearch status | WebSearch Baxter Health pharmacy | baxterhealth.org/medical-services/pharmacy | shields list,"Renamed Baxter Health (brand name; the legal entity appears unchanged, rename date not verified). No URAC/ACHC/NPPES candidates; page lists no accreditation.",,,
HSI00001053,T J Regional Health,KY,161.0,T.J. Regional Health,unchanged,,https://www.wbko.com/2025/10/23/tj-regional-looks-open-first-warren-county-clinic-by-2026/,,TJ Regional Health Glasgow KY merger OR acquisition OR renamed OR closed 2024 2025 2026,False,"Owned, accredited",High,"System web page (Specialty Pharmacy, T.J. Health Pavilion) plus local news of ACHC accreditation; no URAC/ACHC/NPPES candidates matched",T.J. Pavilion Specialty Pharmacy,T.J. Regional Health,"ACHC Specialty Pharmacy (T.J. Pavilion Specialty Pharmacy; accreditation reported March 2025, ACHC number not seen)",,https://www.tjregionalhealth.org/services/pharmacy/specialtypharmacy/ | https://www.tjregionalhealth.org/destination-health/issues/october-2024/specialty-pharmacy-now-open/ | https://1037whht.com/2025/03/04/t-j-pavilion-pharmacy-receives-accreditation/ | https://wtcoradio.com/t-j-pavilion-specialty-pharmacy-now-achc-accredited/,2025-03-04,,,tjregionalhealth.org specialty pharmacy page (search snippet; direct fetch 403) | tjregionalhealth.org Destination Health Oct 2024 article (snippet) | WebSearch status | WebSearch specialty pharmacy | WebSearch accreditation news | Shields partner list (not listed),Specialty pharmacy opened Oct 2024 and ACHC accreditation reported March 2025 by local media; one snippet also mentions URAC but unverified. Not on Shields list; no outside manager found.,,,
HSI00001431,Hays Medical Center,KS,160.0,HaysMed (The University of Kansas Health System),acquired by,The University of Kansas Health System,https://www.kansashealthsystem.com/locations/haysmed,2020-04-13,HaysMed University of Kansas Health System part of Hays Medical Center,False,"Owned, accredited",Low,"via The University of Kansas Health System: URAC-accredited KU specialty pharmacy plus home infusion, home delivery across Kansas; no Hays-specific page",The University of Kansas Health System Specialty Pharmacy | Medical Pavilion Pharmacy (HaysMed retail),The University of Kansas Health System,"URAC Specialty Pharmacy (KU Health System, per own site) | ACHC (KU Hospital pharmacy, per own site)",,https://www.kansashealthsystem.com/pharmacy-services/specialty-pharmacy | https://www.kansashealthsystem.com/locations/haysmed,2026-10-02,,,kansashealthsystem.com specialty pharmacy (curl) | kansashealthsystem.com pharmacy services (curl) | haysmed.com home and about (curl) | WebSearch HaysMed pharmacy | WebSearch KU URAC | Shields partner list (not listed),"Acquired 2020, before the 2023 compendium. No direct statement that Hays patients are served by KU specialty pharmacy, so Low.",,,
HSI00000518,Iredell Health System,NC,155.0,Iredell Health System,unchanged,,https://www.iredellhealth.org/news/releases/iredell-health-system-officially-purchases-davis-regional-psychiatric-hospital-davis-regional-medical-center/,2024-10,Iredell Health System merger OR acquisition OR renamed OR closed 2025 2026,False,None found,Medium,"Own site read via curl: inpatient pharmacy only and outpatient infusion center; no specialty, home infusion, accreditation or manager",Iredell Memorial Hospital inpatient pharmacy,Iredell Health System,,,https://www.iredellhealth.org/Our-Services/Pharmacy.aspx | https://www.iredellhealth.org/services/infusion-services/,2026-10-02,,,iredellhealth.org home (curl) | iredellhealth.org pharmacy (curl) | iredellhealth.org infusion services (curl) | WebSearch pharmacy/infusion | WebSearch status | Shields partner list (not listed),Bought Davis Regional from CHS in Oct 2024 and remains nonprofit under the same name.,,,
HSI00001546,OroHealth Corporation,CA,153.0,OroHealth Corporation (Oroville Hospital),unchanged,,https://www.actionnewsnow.com/news/who-will-buy-oroville-hospital-auction-date-now-set/article_d4dd9503-02f3-4555-917d-afb0073ad34f.html,2025-12-08,Oroville Hospital OroHealth merger OR acquisition OR closed OR bankruptcy 2024 2025 2026,False,None found,Low,"Own site (home page fetch, 340B page and Dove's Landing snippet) shows one entity-owned retail pharmacy, infusion center and contract pharmacies; no specialty pharmacy or accreditation",Oroville Hospital pharmacy (Dove's Landing),OroHealth Corporation / Oroville Hospital,,,https://www.orovillehospital.com/patients/340bprogram | https://www.orovillehospital.com/health-services/doves-landing | https://www.orovillehospital.com/health-services/cancer-care-and-infusion-therapy,2026-10-02,,,orovillehospital.com home page | orovillehospital.com 340B / Dove's Landing / infusion pages (snippets) | WebSearch status x2 (bankruptcy) | Epiq case page (no useful content) | Shields partner list (not listed),"In Chapter 11 since Dec 2025 with sale auction set for July 2026 and hearing Aug 13; outcome and any buyer not confirmed, so status may change. Reviewer should check whether the buyer is for-profit.",,,
HSI00001464,MLK Community Healthcare,CA,152.0,MLK Community Healthcare,unchanged,,https://www.mlkch.org/MLKCH,,MLK Community Healthcare Los Angeles merger OR acquisition OR renamed 2024 2025 2026,False,None found,Low,mlkch.org page fetched with no pharmacy listed; no candidates; web search found only county or Optum-directory pharmacy items for other entities,,MLK Community Healthcare,,,https://www.mlkch.org/MLKCH | https://www.mlkch.org/primary-care,2026-10-02,,,mlkch.org system page | mlkch.org primary care page (snippet) | WebSearch status | WebSearch pharmacy | Shields partner list (not listed),"Optum directory entry listing home delivery/specialty/infusion pharmacy is generic Optum template content, not MLK-owned. LA County MLK Outpatient Center is a separate county entity.",,,
HSI00000363,Firelands Regional Health System,OH,149.0,Firelands Health,renamed,,https://www.firelands.com/about-us/history/,2025-05-17,Firelands Health merger OR acquisition OR renamed OR closed 2025 2026,False,None found,Medium,"Own pharmacy and infusion pages read via curl with full browser headers: inpatient, retail, cancer center pharmacy, outpatient infusion center; no specialty or home infusion",Firelands Retail Pharmacy | Cancer Center Pharmacy,Firelands Health,,,https://www.firelands.com/medical-care/pharmacy/ | https://www.firelands.com/medical-care/infusion-therapy/,2026-10-02,,,firelands.com pharmacy (curl) | firelands.com infusion therapy (curl) | WebSearch pharmacy | WebSearch status | Shields partner list (not listed),Acquired Bellevue Hospital May 2025 and is now Firelands Health. Plain curl got 403; adding Sec-Fetch and Referer headers got 200.,,,
HSI00000930,Saint Lawrence Health System,NY,144.0,St. Lawrence Health (Rochester Regional Health),acquired by,Rochester Regional Health,https://en.wikipedia.org/wiki/St._Lawrence_Health_System,2021-01,Saint Lawrence Health System merger OR acquisition OR renamed OR closed 2024 2025 2026,False,"Owned, accredited",High,via Rochester Regional Health: its Specialty Pharmacy page shows URAC and ACHC accreditation; no outside manager,Rochester Regional Health Specialty Pharmacy,Rochester Regional Health,URAC Specialty Pharmacy (exp 08/01/2027) | ACHC Specialty Pharmacy Services,,https://www.rochesterregional.org/locations/pharmacy/specialty-pharmacy,2026-10-02,,,WebSearch status | WebSearch Rochester Regional specialty pharmacy | rochesterregional.org specialty pharmacy page | Shields partner list (not listed),"Acquisition by Rochester Regional occurred in 2021, before the 2023 compendium; the acquirer's pharmacy is assumed to serve these North Country hospitals, which the page did not explicitly confirm (pharmacy is in Rochester).",,,
HSI00001473,Anderson Medical Group,IL,144.0,Anderson Hospital,unchanged,,https://hfsrb.illinois.gov/announcements/24-043--anderson-hospital--maryville.html,,Anderson Hospital Maryville IL merger OR acquisition OR renamed OR closed 2024 2025 2026,False,None found,Low,"No candidates; Anderson Hospital website lists infusion suite and home health only, no pharmacy",,,,,https://andersonhospital.org/medical-services/ | https://andersonhospital.org/news-events/anderson-hospital-infusion-suite-continues-service-at-the-warren-billhartz-cancer-center/,2026-10-02,,,WebSearch status | WebSearch specialty pharmacy | andersonhospital.org/medical-services | Shields partner list (not listed),Independent not-for-profit still operating in 2025. Only an outpatient infusion suite (administration) was found.,,,
HSI00000686,Lecom Health,PA,144.0,LECOM Health,renamed,,https://lecom.edu/millcreek-hospital-renamed-to-lecom-medical-center-and-behavioral-health-pavilion/,2025-02-06,LECOM Health Corry Millcreek Community Hospital merger OR acquisition OR renamed OR closed 2024 2025 2026,False,None found,Low,No candidates; LECOM pharmacy page and news show only inpatient/outpatient pharmacy and Colonial Family retail pharmacies,Colonial Family Pharmacy,LECOM Health,,,https://lecomhealth.com/pharmacy-services/ | https://lecomhealth.com/news/health-system-news/lecom-augments-health-system-with-new-pharmacies/,2026-10-02,,,WebSearch status | WebSearch specialty pharmacy | lecomhealth.com/pharmacy-services | Shields partner list (not listed),Millcreek Community Hospital renamed LECOM Medical Center and Behavioral Health Pavilion in Feb 2025. Retail pharmacies only; no specialty or home infusion found.,,,
HSI00000900,Rutland Regional Health Services,VT,142.0,Rutland Regional Medical Center,unchanged,,https://www.rrmc.org/about/,,Rutland Regional Medical Center merger OR acquisition OR renamed OR closed 2024 2025 2026,False,"Owned, not accredited",Low,"NPPES primary Specialty Pharmacy taxonomy for Rutland Hospital, Inc (RRMC Pharmacy) plus RRMC pharmacy page snippet stating specialty medicines; no accreditation found",RRMC Pharmacy,"Rutland Hospital, Inc",,,https://npiregistry.cms.hhs.gov/provider-view/1013840602 | https://www.rrmc.org/patient-visitors/pharmacy/,2026-10-02,nppes:1013840602,"nppes:1922048768: High Mountain Corporation/Rutland Pharmacy, independent owner-run retail pharmacy, not system-affiliated","WebSearch status | WebSearch specialty pharmacy | rrmc.org pharmacy pages (403 on fetch, snippets only) | Shields partner list (not listed)",Rutland Regional remains independent in 2026. Pharmacy page content seen only via search snippet because fetches returned 403.,,NPPES-only evidence -> confidence capped at Low,
HSI00000362,Finger Lakes Regional Health System,NY,142.0,UR Medicine Finger Lakes Health,merged into,University of Rochester Medical Center (UR Medicine),https://www.flhealth.org/patients-visitors/news/2023-news/flh-will-affiliate-with-urmc-august-1,2023-08-01,Finger Lakes Health Geneva General Soldiers & Sailors merger OR acquisition OR renamed 2024 2025 2026,False,"Owned, accredited",Medium,"via University of Rochester Medical Center; URMC page states UR Specialty Pharmacy serves UR Medicine patients, URAC accredited to 08/01/2028 (not in candidate file)",UR Specialty Pharmacy,University of Rochester Medical Center,"URAC Specialty Pharmacy (UR Specialty Pharmacy, good through 2028-08-01; ID not verified)",,https://www.urmc.rochester.edu/locations/ur-specialty-pharmacy | https://www.flhealth.org/locations/hospitals,2026-10-02,,,WebSearch: merger status | WebSearch: UR Medicine Finger Lakes Health specialty pharmacy | https://www.flhealth.org/locations/hospitals | WebSearch: URMC specialty pharmacy URAC | https://www.urmc.rochester.edu/locations/ur-specialty-pharmacy (search snippet),Hospitals are now UR Medicine members; no FLH-local specialty pharmacy found. Not on Shields list; URMC specialty pharmacy serving these hospitals is inferred from UR Medicine-wide wording and single-source.,,,
HSI00000347,Episcopal Health Services,NY,140.0,Episcopal Health Services,unchanged,,https://ehs.org/services/pharmacy/,,Episcopal Health Services St. John's Episcopal Hospital Far Rockaway merger OR acquisition OR closed OR renamed 2024 2025 2026,False,"Owned, accredited",High,ACHC Specialty Pharmacy Services record 86823 plus EHS website stating 'ACHC specialty accredited',St. John's Pharmacy | Episcopal Health Services Pharmacy,Episcopal Health Services Inc.,ACHC 86823 Specialty Pharmacy Services,,"https://ehs.org/services/pharmacy/ | https://organization.achc.org/print?legalCompanyName=Episcopal%20Health%20Services%20Inc.&dbaCompanyName=St.%20John's%20Pharmacy&companyID=86823&full_address=Far%20Rockaway,%20NY%2011691&physicalAddress=327%20Beach%2019th%20Street,%20Lobby,",2026-10-02,achc:86823,,WebSearch: status | WebSearch: St. John's Pharmacy specialty | https://ehs.org/services/pharmacy/,Pharmacy is on-site at St. John's Episcopal Hospital; no outside manager named; not on Shields list. Status check showed no change through 2024 data; status URL is current pharmacy page under same name.,,,
HSI00000132,Boulder Community Health,CO,139.0,Boulder Community Health,unchanged,,https://www.bch.org/about-us/careers/pharmacy-residency-program/,,Boulder Community Health merger OR acquisition OR renamed 2024 2025 2026,False,None found,Medium,"No candidates; BCH pharmacy page lists inpatient pharmacy and outpatient infusion services only, no specialty dispensing",,,,,https://www.bch.org/about-us/careers/pharmacy-residency-program/,2026-10-02,,,WebSearch: status | WebSearch: BCH specialty/outpatient pharmacy | https://www.bch.org/about-us/careers/pharmacy-residency-program/,"BCH offers outpatient infusion services (infusion center), not an infusion pharmacy. Not on Shields list.",,,
HSI00000135,Bozeman Deaconess Hospital,MT,139.0,Bozeman Health Deaconess Hospital,unchanged,,https://bozemanhealth.org/billings-clinic-and-bozeman-health-announce-expanded-collaboration-in-bozeman/,,Bozeman Health merger OR acquisition OR renamed OR closed 2025 2026 Billings Clinic,False,None found,Low,"Own pharmacy page read: inpatient and retail pharmacies only (Highland Park, Big Sky); CPS there is in-house Clinical Pharmacy Services, not the outside CPS; only an NPPES secondary specialty taxonomy",Highland Park Pharmacy | Big Sky Pharmacy,Bozeman Health,,,https://bozemanhealth.org/services/pharmacy/,2026-10-02,,"1740387661: Highland Park Pharmacy NPI is system-owned but retail primary, specialty taxonomy secondary, last updated 2022, no site corroboration",bozemanhealth.org pharmacy (curl) | WebSearch CPS/specialty | WebSearch status | Shields partner list (not listed),"Billings Clinic tie is a 2025 collaboration, not a merger. Low because the NPPES specialty flag is unexplained.",,,
HSI00000881,Ridgeview Medical Center,MN,138.0,Ridgeview Medical Center,unchanged,,https://www.ridgeviewmedical.org/about-us/our-history/,,Ridgeview Medical Center Waconia merger OR acquisition OR renamed OR affiliation 2025 2026,False,Unknown,Low,"Own site blocked by Akamai (403) even with browser headers; search snippets show only PharmD/MTM and home delivery, and a Minnesota Oncology infusion partnership",,,,,https://www.ridgeviewmedical.org/location/profile/minnesota-oncology-ridgeview-cancer-infusion-center/,2026-10-02,,,curl https://www.ridgeviewmedical.org/ (403) | curl robots.txt (403) | curl health.ridgeviewmedical.org (no response) | web.archive.org (429) | WebSearch: status | WebSearch: Ridgeview pharmacy/specialty/infusion | Shields partner list (absent),"Site still unreadable by curl; status unchanged per search results (independent, four campuses). Absence of specialty pharmacy cannot be concluded.",,,
HSI00000478,Heywood Healthcare,MA,135.0,Heywood Healthcare,unchanged,,https://www.heywood.org/news/heywood-healthcare-exits-chapter-11,2024-09-30,Heywood Healthcare merger OR acquisition OR renamed OR closed 2024 2025 2026,False,None found,Low,No candidates; heywood.org homepage and web search show no specialty/infusion pharmacy,"Heywood Pharmacy (retail, 242 Green St)",Henry Heywood Memorial Hospital,,,https://www.heywood.org/ | https://www.heywood.org/news/heywood-healthcare-exits-chapter-11,2026-10-02,,,https://www.heywood.org/ | https://www.heywood.org/locations | WebSearch: Heywood Hospital Gardner outpatient pharmacy specialty pharmacy home infusion | Shields partner list (absent),Exited Chapter 11 as standalone nonprofit Sept 2024. Only a retail hospital pharmacy found; own-site coverage thin (homepage only).,,,
HSI00001324,Indiana Regional Medical Center,PA,134.0,Indiana Regional Medical Center,unchanged,,https://www.irmc.org/,,Indiana Regional Medical Center Mountains Health partner affiliation 2025 2026,False,None found,Medium,"Own site fetched via curl: infusion center page and services menu show hospital infusion center only, no pharmacy page; not on Shields list",,,,,https://www.irmc.org/services/infusion-services/ | https://www.irmc.org/,2026-10-02,,,curl https://www.irmc.org/ (200) | curl https://www.irmc.org/services/infusion-services/ (200) | WebSearch: status | WebSearch: IRMC specialty/outpatient pharmacy | Shields partner list (absent),"Footer reads A Partner of Mountains Health (PA Mountains Care Network rebranded Jan 2026), a hospital partnership; IRMC retains its name. Infusion is a hospital infusion center, not an infusion pharmacy.",,,
HSI00000737,Niagara Falls Memorial Medical Center,NY,133.0,Niagara Falls Memorial Medical Center,unchanged,,https://www.nfmmc.org/pharmacy,,Niagara Falls Memorial Medical Center merger OR acquisition OR renamed OR closed 2024 2025 2026,False,Managed or partnered,Low,NPPES specialty taxonomy (non-primary) plus nfmmc.org page showing Parkview Health Services partnership,Parkview Rx Niagara Falls,"PHS NFM, LLC (Parkview Health Services)",,Parkview Health Services,https://www.nfmmc.org/pharmacy | https://npiregistry.cms.hhs.gov/provider-view/1750968236,2026-10-02,nppes:1750968236,,https://www.nfmmc.org/pharmacy | WebSearch: Niagara Falls Memorial Medical Center specialty pharmacy OR outpatient pharmacy Parkview Rx | WebSearch: Parkview Health Services pharmacy management | Shields partner list (absent),"Referral-based outpatient pharmacy in the hospital run in partnership with Parkview Health Services (primary taxonomy long-term care pharmacy); specialty dispensing not confirmed on the site, so Low.",,,
HSI00000871,Regional West Health Services,NE,132.0,Regional West Health Services,unchanged,,https://www.rwhs.org/,,Regional West Health Services merger OR acquisition OR renamed OR closed 2024 2025 2026,False,None found,Medium,rwhs.org outpatient pharmacy page lists only Community Pharmacy/Meds-to-Beds; ACHC candidate rejected,Community Pharmacy,Regional West Health Services,,,https://www.rwhs.org/patients/pharmacy-services/outpatient-pharmacy-services | https://www.rwhs.org/news/regional-west-medical-center-opens-infusion-center,2026-10-02,,"achc:70337: Oncology Hematology West PC / NCS Outpatient Pharmacy is an Omaha oncology practice, unrelated to Regional West",https://www.rwhs.org/patients/pharmacy-services/outpatient-pharmacy-services | WebSearch: Regional West Medical Center Scottsbluff specialty pharmacy OR outpatient pharmacy OR home infusion | Shields partner list (absent),Hospital infusion center and a retail Community Pharmacy only; no specialty pharmacy or accreditation found.,,,
HSI00000798,Oswego Health,NY,132.0,Oswego Health,unchanged,,https://www.oswegohealth.org/,,Oswego Health merger OR acquisition OR affiliation OR renamed 2025 2026 Oswego Hospital,False,None found,Medium,"Own site fetched via curl: only an inpatient/institutional Oswego Hospital Pharmacy (serves hospital, urgent cares, SNF); no retail or specialty pharmacy; not on Shields list",Oswego Hospital Pharmacy,Oswego Health,,,https://www.oswegohealth.org/news/releases/oswego-health-promotes-sarah-driscoll-to-director-of-pharmacy/,2023-10-23,,,curl https://www.oswegohealth.org/ (200) | curl pharmacy director news release (200) | WebSearch: status | WebSearch: site:oswegohealth.org pharmacy | Shields partner list (absent),Latest news (Aug 2026) shows independent operation. Pharmacy release dated 2023-10-23.,,,
HSI00000300,Davis Health System,WV,127.0,Vandalia Health (Davis Medical Center),acquired by,Vandalia Health (Mon Health System),https://www.wboy.com/news/west-virginia/davis-health-system-officially-joins-vandalia-health/,2023-12-04,Davis Health System Elkins WV merger OR acquisition OR renamed 2024 2025 2026,False,"Owned, accredited",Medium,"ACHC Specialty Pharmacy Services record + NPPES Davis Specialty Pharmacy, via Vandalia Health; Vandalia pharmacy page lists specialty pharmacy",Health Center Pharmacy | Davis Specialty Pharmacy | Vandalia Health Pharmacy,"Davis Memorial Hospital (member hospital), now Vandalia Health",ACHC 97975 Specialty Pharmacy Services,,"https://organization.achc.org/print?legalCompanyName=Davis%20Memorial%20Hospital&dbaCompanyName=Health%20Center%20Pharmacy&companyID=97975&full_address=Elkins,%20WV%2026241&physicalAddress=812%20Gorman%20Ave, | https://www.vandaliahealth.org/locations/vandalia-health-pharmacy | https://www.wboy.com/news/west-virginia/davis-health-system-officially-joins-vandalia-health/",2026-10-02,achc:97975 | nppes:1003549643,,WebSearch status | WebSearch pharmacy | https://www.vandaliahealth.org/locations/vandalia-health-pharmacy | https://www.davishealthsystem.org/news/vandalia-health-pharmacy-achieves-achc-accreditation | https://www.davishealthsystem.org/contact-us/locations/health-center-pharmacy,"A Davis news headline says the pharmacy's ACHC accreditation is for community retail services, which conflicts somewhat with the directory's Specialty Pharmacy Services listing, so confidence is capped at Medium. Not on Shields list.",,,
HSI00001041,Sturdy Memorial Hospital,MA,125.0,Sturdy Health (Sturdy Memorial Hospital),renamed,,https://www.citybiz.co/article/412341/sturdy-memorial-hospital-is-now-sturdy-health/,2023-05,Sturdy Memorial Hospital Attleboro merger OR acquisition OR renamed Sturdy Health 2026,False,Unknown,Low,Own site blocked by Akamai (403) on every page even with browser headers; search shows only Tufts Medicine infusion center and Dana-Farber oncology on site,,,,,https://www.sturdyhealth.org/medical-services/infusion-therapy/,2026-10-02,,,"curl sturdyhealth.org home, infusion-therapy, locations-clinics (403) | web.archive.org (429) | WebSearch: status | WebSearch: Sturdy pharmacy/infusion/specialty | Shields partner list (absent)","Brand change to Sturdy Health in May 2023 only, no ownership change found. Specialty pharmacy absence cannot be concluded.",,,
HSI00000943,Saint Peters Health,MT,125.0,St. Peter's Health,unchanged,,https://www.sphealth.org/stories-news/news/st-peters-health-and-billings-clinic-logan-health-explore-partnering-strengthen,,Saint Peter's Health Helena MT merger OR acquisition OR renamed 2025 2026,False,"Owned, accredited",High,URAC SPP010154 + NPPES specialty primary + system pharmacy page,St. Peter's Health Specialty Pharmacy,St. Peter's Health,URAC SPP010154 Specialty Pharmacy,,https://www.urac.org/directory/accreditation-details/?certification=SPP010154 | https://www.sphealth.org/specialties-treatments/pharmacy | https://npiregistry.cms.hhs.gov/provider-view/1447994546,2026-10-02,urac:SPP010154 | nppes:1447994546,,WebSearch status | WebSearch specialty pharmacy | https://www.sphealth.org/specialties-treatments/pharmacy,Exploring (not merger) partnership with Billings Clinic-Logan Health announced 2026-07-14. Not on Shields list; no outside manager found.,,,
HSI00001286,Bristol Hospital,CT,123.0,Bristol Health (Bristol Hospital),unchanged,,https://ctmirror.org/2026/04/28/bristol-hospital-uconn-health-sale-2027/,,Bristol Health Bristol Hospital CT merger OR acquisition OR renamed 2025 2026,False,"Owned, accredited",Medium,URAC SPP010444 Specialty Pharmacy record for hospital-campus pharmacy; hospital page describes retail pharmacy only,"Bristol Health Pharmacy, LLC","Bristol Health Pharmacy, LLC (hospital-campus pharmacy, presumed Bristol Health subsidiary)",URAC SPP010444 Specialty Pharmacy,,https://www.urac.org/directory/accreditation-details/?certification=SPP010444 | https://www.bristolhealth.org/about-us/bristol-health-retail-pharmacy | https://ctmirror.org/2026/04/28/bristol-hospital-uconn-health-sale-2027/,2026-10-02,urac:SPP010444,"nppes:1942769492: Bristol Hospital IP Pharmacy, institutional taxonomy primary; specialty not its focus (inpatient pharmacy)",WebSearch status | WebSearch pharmacy | https://www.bristolhealth.org/about-us/bristol-health-retail-pharmacy,"UConn Health acquisition signed as letter of intent, expected to close around Dec 2026/Jan 2027; still independent today. LLC-to-hospital ownership inferred from address and name.",,,
HSI00001446,Foundation Health Partners,AK,122.0,Foundation Health Partners,unchanged,,https://www.foundationhealth.org/about_us,,Foundation Health Partners Fairbanks Memorial Hospital merger OR acquisition OR renamed OR closed 2025 2026,False,None found,Medium,"Own site fetched via curl with cookie jar: Denali Pharmacy page describes a community/retail pharmacy inside FMH (OTC, immunizations); no specialty or infusion pharmacy",Denali Pharmacy,Foundation Health Partners,,,https://www.foundationhealth.org/services/pharmacy,2026-10-02,,,curl https://www.foundationhealth.org/ (200 with cookies) | curl /services/pharmacy (200) | curl FMH directory (200) | WebSearch: status | WebSearch: Denali Pharmacy specialty infusion | Shields partner list (absent),"NPI directories list Denali Pharmacy as community/retail and long-term care; a separate home-infusion NPI at the same address is attributed to Banner Health in a directory, unverified.",,,
HSI00000925,Saint Joseph Medical Center,NY,122.0,Saint Joseph's Medical Center,unchanged,,https://saintjosephs.org/,,Saint Joseph Medical Center Yonkers merger OR acquisition OR renamed OR closed 2024 2025 2026,False,None found,Low,No candidates; own site pages show no pharmacy services,,,,,https://saintjosephs.org/locations/medical-practices-pc/,2026-10-02,,,https://saintjosephs.org/ | https://saintjosephs.org/locations/medical-practices-pc/ | WebSearch: Saint Joseph's Medical Center Yonkers pharmacy specialty OR infusion,Sponsored by Sisters of Charity Ministry Network; site shows no pharmacy pages. Search hits for stjosephshealth.org are a different (NJ) system.,,,
HSI00000352,Evangelical Community Hospital,PA,119.0,WellSpan Evangelical Community Hospital,acquired by,WellSpan Health,https://www.wellspan.org/choose-evangelical,2024-07-08,Evangelical Community Hospital Lewisburg merger OR acquisition OR renamed OR closed 2024 2025 2026,False,"Owned, not accredited",Low,"via WellSpan Health; WellSpan Specialty Pharmacy (Fairfield, PA) and WellSpan Infusion Service; no accreditation found",WellSpan Specialty Pharmacy | WellSpan Infusion Service,WellSpan Health,,,https://www.wellspan.org/-/media/Project/Wellspan-Site-Tenant/wellspan-site/data/media/files/Locations/Specialty-Pharmacy/PharmacyWelcomePacket.pdf | http://www.wellspan.org/programs-services/all-wellspan-services-(a-z)/infusion-services/,2026-10-02,,,WebSearch status | WebSearch: WellSpan Evangelical specialty pharmacy/home infusion | WebSearch: WellSpan Specialty Pharmacy URAC OR ACHC | WellSpan welcome packet PDF (404 on fetch),Not confirmed that WellSpan Specialty Pharmacy serves the Lewisburg hospital specifically; accreditation not verified (no URAC/ACHC candidate matched). Needs follow-up on WellSpan accreditation.,,,
HSI00000189,Cayuga Medical Center,NY,114.0,Cayuga Health (part of Centralus Health),merged into,Centralus Health,https://ithacavoice.org/2025/01/cayuga-and-arnot-health-to-affiliate-under-sprawling-new-health-system/,2025-01,Cayuga Health System Cayuga Medical Center merger OR acquisition OR renamed 2024 2025 2026 Cornell,False,"Owned, accredited",High,"URAC SPP010624 + ACHC 99100 + NPPES, all Cayuga Medical Center at Ithaca, same address",Cayuga Medical Center Outpatient/Specialty Pharmacy | Cayuga Employee Pharmacy,"Cayuga Medical Center at Ithaca, Inc",URAC SPP010624 Specialty Pharmacy | ACHC 99100 Specialty Pharmacy Services,,https://www.urac.org/directory/accreditation-details/?certification=SPP010624 | https://cayugahealth.org/hospital/cayuga-outpatient-pharmacy/ | https://npiregistry.cms.hhs.gov/provider-view/1730596131,2026-10-02,SPP010624 | 99100 | 1730596131,,WebSearch status | WebSearch: Cayuga specialty pharmacy | https://cayugahealth.org/hospital/cayuga-outpatient-pharmacy/ (truncated),Cayuga merged with Arnot Health into Centralus Health (Jan 2025); pharmacy remains wholly hospital-owned. Not on Shields list.,,,
HSI00000652,Memorial Healthcare,MI,113.0,Memorial Healthcare,unchanged,,https://memorialhealthcare.org/about/presidents-message/,,Memorial Healthcare Owosso Michigan merger OR acquisition OR renamed OR closed 2024 2025 2026,False,"Owned, accredited",Medium,Own website states specialty pharmacy is ACHC accredited; no URAC/ACHC candidate matched,Memorial Healthcare Specialty Pharmacy | Owosso Outpatient Pharmacy,Memorial Healthcare,ACHC Specialty Pharmacy (per system website; no ID),,https://memorialhealthcare.org/service/memorial-pharmacy/,2026-10-02,,,WebSearch status | https://memorialhealthcare.org/ | https://memorialhealthcare.org/service/memorial-pharmacy/,"Matcher missed this; ACHC directory record not located, so single-source. Independent, expanding (Flushing pharmacy).",,,
HSI00000340,Emerson Hospital Health System,MA,111.0,Emerson Health,renamed,,https://emersonhealth.org/about-emerson/,2022-06-27,Emerson Hospital Concord MA merger OR acquisition OR renamed OR closed 2024 2025 2026,False,None found,Low,"No candidates; own site shows only Naka Infusion Center (outpatient clinic), no pharmacy",,,,,https://emersonhealth.org/services/infusion/,2026-10-02,,,WebSearch status | WebSearch: Emerson Health specialty/infusion/outpatient pharmacy | https://emersonhealth.org/services/infusion/,Renamed Emerson Health in June 2022 (before 2023 compendium); independent with MGB clinical affiliation. Not on Shields list.,,,
HSI00001529,Ozarks Healthcare,MO,111.0,Ozarks Healthcare,unchanged,,"https://www.westplainsdailyquill.net/stories/ozarks-healthcare-named-regional-anchor-for-state-rural-health-push,229506",,Ozarks Healthcare West Plains merger OR acquisition OR renamed OR closed 2024 2025 2026,False,"Owned, accredited",High,"URAC SPP010085 + ACHC 88448, both held by Ozarks Medical Center dba Ozarks Healthcare Specialty Pharmacy",Ozarks Healthcare Specialty Pharmacy | Ozarks Healthcare Pharmacy,Ozarks Medical Center (dba Ozarks Healthcare),URAC SPP010085 Specialty Pharmacy | ACHC 88448 Specialty Pharmacy Services,,https://www.urac.org/directory/accreditation-details/?certification=SPP010085 | https://www.beckershospitalreview.com/pharmacy/ozarks-healthcare-acquires-pharmacy.html,2026-10-02,urac:SPP010085 | achc:88448,"achc:98930: AIDS Project of the Ozarks, unrelated nonprofit in Springfield | achc:62687: CoxHealth at Home, different system (Springfield) | nppes:1194277681: AIDS Project of the Ozarks, unrelated",WebSearch status query | Becker's / West Plains Daily Quill pharmacy articles | ozarkshealthcare.com (fetch returned 403) | Shields partner list (not listed),Not on Shields list; no outside manager found. Health system acquired Bradford Pharmacy and rebranded as Ozarks Healthcare Pharmacy; accreditation entity address is the older Parkway Shopping Center site.,,,
HSI00000568,Lake Regional Health System,MO,105.0,Lake Regional Health System,unchanged,,https://newsnetwork.mayoclinic.org/discussion/lake-regional-health-system-in-missouri-joins-mayo-clinic-care-network/,,Lake Regional Health System Osage Beach acquisition OR merger OR renamed 2025 2026,False,None found,Medium,"Own pharmacy page fetched via curl: retail Lake Regional Pharmacy locations (refills, MedSync, compounding, delivery); no specialty pharmacy; not on Shields list",Lake Regional Pharmacy,Lake Regional Health System,,,https://www.lakeregional.com/services/pharmacy/,2026-10-02,,,curl https://www.lakeregional.com/ (200) | curl /services/pharmacy/ (200) | WebSearch: status | WebSearch: Lake Regional specialty/infusion pharmacy | Shields partner list (absent),"Joined Mayo Clinic Care Network July 2025, a clinical collaboration with the system remaining independent.",,,
HSI00001309,Goshen Health,IN,103.0,Parkview Goshen Hospital (Parkview Health),acquired by,Parkview Health,https://www.parkview.com/news/results/10012026-goshen-health-officially-joins-parkview-health,2026-10-01,Parkview Goshen Health acquisition completed 2026 Parkview Health Goshen Hospital,False,"Owned, not accredited",Medium,via Parkview Health: Parkview Specialty Pharmacy (Fort Wayne) system web pages; no URAC/ACHC record for it found,Parkview Specialty Pharmacy,Parkview Health,,,https://www.parkview.com/services-specialties/pharmacy/parkview-specialty-pharmacy | https://www.parkview.com/news/results/parkview-health-launches-specialty-pharmacy-program,2026-10-02,,"URAC SPP010538: ParkviewRx Northern Virginia belongs to Parkview Health Services (parkviewhs.com, behavioral health), unrelated to Parkview Health",curl parkview.com home (200) | curl Parkview Specialty Pharmacy page (200) | curl Parkview launch release (200) | curl Parkview Goshen release (200) | WebSearch: status | WebSearch: Parkview specialty pharmacy URAC/ACHC | Shields partner list (Parkview absent),"Acquisition closed Oct 1 2026; integration of Goshen into Parkview systems is ongoing over coming months, so service of Goshen by the specialty pharmacy is not yet confirmed.",,,
HSI00000792,Oneida Health,NY,101.0,Oneida Health,unchanged,,https://www.oneidahealth.org/our-organization/,,Oneida Health Oneida NY merger OR acquisition OR renamed OR closed 2024 2025 2026,False,None found,Low,"No candidates; own site care-services and infusion center pages show hospital outpatient infusion center (with Roswell Park), no pharmacy",,Oneida Health,,,https://www.oneidahealth.org/care-services/ | https://www.oneidahealth.org/infusion-center/,2026-10-02,,,WebSearch status query | WebSearch oneidahealth.org specialty/infusion pharmacy | oneidahealth.org/care-services (fetched) | oneidahealth.org/infusion-center (snippet) | Shields partner list (not listed),"Infusion center is a clinical service, not a pharmacy; no pharmacy page found on own site.",,,
HSI00000914,Saint Claire Regional Medical Center,KY,100.0,UK St. Claire HealthCare,acquired by,University of Kentucky (UK HealthCare),https://uknow.uky.edu/uk-healthcare/st-claire-healthcare-officially-becomes-part-uk,,UK St. Claire HealthCare acquired University of Kentucky UK HealthCare,False,"Owned, accredited",Low,"via UK HealthCare: UK specialty pharmacy (Lexington) stated URAC+ACHC accredited on pharmacy.uky.edu; UK St. Claire's own pharmacy is retail only and a specialty pharmacist posting hints at integration, service of St. Claire not confirmed",UK HealthCare Specialty Pharmacy | UK St. Claire Retail Pharmacy,University of Kentucky (UK HealthCare),"URAC Specialty Pharmacy (UK HealthCare, record id not verified) | ACHC Specialty Pharmacy Services (UK HealthCare, record id not verified)",,https://pharmacy.uky.edu/pgy1-programs/pgy1-specialty-pharmacy | https://www.st-claire.org/services/pharmacy,2026-10-02,,,curl st-claire.org home and /services/pharmacy (200) | curl pharmacy.uky.edu specialty pharmacy page (200) | WebSearch: status | WebSearch: UK HealthCare specialty pharmacy accreditation | Shields partner list (absent),Confidence Low because the link between UK's specialty pharmacy and St. Claire patients is inferred from acquirer rule; accreditation record IDs not fetched.,,,
HSI00000382,Freeport Health Network,IL,100.0,Mercyhealth FHN,acquired by,Mercyhealth,https://www.rockrivercurrent.com/2025/12/fhn-officially-becomes-mercyhealth-fhn-on-jan-1/,2026-01-01,Freeport Health Network FHN merger OR acquisition OR renamed OR closed 2024 2025 2026,False,"Owned, accredited",Medium,via Mercyhealth; Mercyhealth press release and search snippet of URAC accreditation,Mercyhealth Specialty Pharmacy,Mercyhealth,"URAC Specialty Pharmacy (Mercyhealth Specialty Pharmacy, cert id not verified)",,https://www.mercyhealthsystem.org/news/releases/mercyhealth-s-specialty-pharmacy-earns-national-accreditation/ | https://www.mercyhealthsystem.org/services/pharmacy/mercyhealth-specialty-pharmacy-program/,2026-10-02,,,WebSearch status query | WebSearch Mercyhealth specialty pharmacy URAC | mercyhealthsystem.org pages (fetch 403; snippets only) | Shields partner list (not listed),No candidates; FHN became Mercyhealth FHN on 2026-01-01 and Mercyhealth runs a URAC-accredited specialty pharmacy in Rockford. Whether it serves FHN patients and the URAC cert number were not directly verified (site returned 403).,,,
HSI00000961,Sarah Bush Lincoln Health System,IL,100.0,Sarah Bush Lincoln Health System,unchanged,,https://www.sarahbush.org/about/sarah-bush-lincoln/,,Sarah Bush Lincoln Health System merger OR acquisition OR renamed 2024 2025 2026,False,"Owned, not accredited",Medium,System website specialty pharmacy page plus NPPES specialty-primary record; no URAC/ACHC found,Prairie Medical Specialty Pharmacy | Prairie Medical Pharmacy,Sarah Bush Lincoln Health Center,,,https://www.sarahbush.org/pharmacy/specialty-pharmacy/ | https://npiregistry.cms.hhs.gov/provider-view/1316683410,2026-10-02,nppes:1316683410 | nppes:1801970017,,https://www.sarahbush.org/about/sarah-bush-lincoln/ | https://www.sarahbush.org/pharmacy/specialty-pharmacy/ | WebSearch status query | WebSearch Prairie Medical specialty pharmacy | Shields partner list (not listed),Own system pharmacy dispenses specialty drugs; no URAC/ACHC candidate or accreditation statement found. System also acquired Fayette County Hospital (Vandalia) in 2024.,,,
HSI00001381,Saint Marys Healthcare,NY,100.0,St. Mary's Healthcare,unchanged,,https://www.smha.org/aboutus/,,Saint Marys Healthcare Amsterdam NY merger OR acquisition OR renamed OR closed 2024 2025 2026,False,None found,Low,"No candidates; own website shows community pharmacy and infusion center only, no specialty pharmacy",St. Mary's Community Pharmacy,St. Mary's Healthcare,,,https://www.smha.org/services/pharmacy/ | https://www.smha.org/services/infusion-therapies/,2026-10-02,,,https://www.smha.org/aboutus/ | https://www.smha.org/services/pharmacy/ | https://www.smha.org/services/infusion-therapies/ (search result) | WebSearch status query | WebSearch specialty/infusion pharmacy | Shields partner list (not listed),Independent; has an outpatient community pharmacy and hospital infusion center but no specialty or infusion pharmacy program found. Joined Nathan Littauer in a physician PC in 2025 (not a merger).,,,
HSI00000355,Exeter Health Resources,NH,99.0,Exeter Health Resources,merged into,Beth Israel Lahey Health,https://www.nhbr.com/exeter-health-resources-merges-with-beth-israel-lahey/,2023-07-01,Exeter Health Resources Exeter Hospital merger OR acquisition OR renamed 2024 2025 2026,False,"Owned, accredited",Medium,via Beth Israel Lahey Health; BILH Specialty Pharmacy URAC accreditation,BILH Specialty Pharmacy,Beth Israel Lahey Health,"URAC Specialty Pharmacy and Mail Service Pharmacy (BILH Specialty Pharmacy, cert id not verified)",,https://bilh.org/care-options/pharmacy | https://bilh.org/-/media/files/bilh/bilh-specialty-pharmacy-welcome-kit.pdf,2026-10-02,,,WebSearch status query | WebSearch BILH specialty pharmacy Exeter | https://bilh.org/care-options/pharmacy | BILH specialty pharmacy welcome kit PDF | Shields partner list (not listed),"Exeter joined BILH on 2023-07-01; BILH Specialty Pharmacy is URAC accredited and serves the BILH system, but explicit service to Exeter was not confirmed.",,,
HSI00000694,Missouri Delta Medical Center,MO,98.0,Missouri Delta Medical Center,unchanged,,https://www.missouridelta.com/services/specialty-pharmacy,,Missouri Delta Medical Center Sikeston acquisition OR renamed OR merger 2024 2025 2026,False,"Owned, accredited",High,URAC SPP010626 and ACHC 97447 records plus system specialty pharmacy web page,Missouri Delta Medical Center Specialty Pharmacy | Missouri Delta Medical Center Pharmacy,Missouri Delta Medical Center,URAC SPP010626 Specialty Pharmacy | ACHC 97447 Specialty Pharmacy Services,,https://www.missouridelta.com/services/specialty-pharmacy | https://www.urac.org/directory/accreditation-details/?certification=SPP010626,2026-10-02,urac:SPP010626 | achc:97447 | nppes:1902780539,,https://www.missouridelta.com/services/specialty-pharmacy | WebSearch status query | WebSearch specialty pharmacy | Shields partner list (not listed),"Independent hospital; dual URAC/ACHC accredited, wholly hospital-owned pharmacy, no outside manager found.",,,
HSI00000822,Peterson Health,TX,98.0,Peterson Health,unchanged,,https://www.petersonhealth.com/about-peterson-health/,,Peterson Health Kerrville merger OR acquisition OR renamed OR closed 2024 2025 2026,False,None found,Medium,"Own website and web search: no pharmacy, specialty or infusion pharmacy found; no candidates",,,,,https://www.petersonhealth.com/,2026-10-02,,,https://www.petersonhealth.com/ | https://www.petersonhealth.com/about-peterson-health/ | https://www.petersonhealth.com/locations/ | web search: Peterson Health specialty pharmacy OR outpatient pharmacy OR home infusion,"Independent nonprofit; only Peterson Home Care (home health) found, no pharmacy. Not on Shields list.",,,
HSI00000106,Beloit Health System,WI,97.0,Beloit Health System,unchanged,,https://www.beloithealthsystem.org/news/2025/,,Beloit Health System merger OR acquisition OR renamed OR closed 2024 2025 2026,False,None found,Medium,"Own website infusion page: clinic infusion center only, no pharmacy; no candidates",,,,,https://www.beloithealthsystem.org/services/infusion-therapy/,2026-10-02,,,https://www.beloithealthsystem.org/services/infusion-therapy/ | https://www.beloithealthsystem.org/news/2025/ | https://www.beloithealthsystem.org/about-us/history/ | web search: Beloit Health System specialty pharmacy OR outpatient pharmacy OR home infusion,Has an outpatient infusion center (administration only); 2025 NorthPointe neighborhood hospital JV with FHN. Mercyhealth Pharmacy-Beloit specialty program is a different system.,,,
HSI00000623,Mary Lanning Healthcare,NE,97.0,Mary Lanning Healthcare,unchanged,,https://www.marylanning.org/contact-us/,,Mary Lanning Healthcare Hastings merger OR acquisition OR renamed OR closed 2024 2025 2026,False,None found,Low,Own website pharmacy page: inpatient and cancer-center clean-room pharmacies only; no candidates,Mary Lanning Healthcare Pharmacy,Mary Lanning Healthcare,,,https://www.marylanning.org/our-services/pharmacy | https://www.marylanning.org/our-services/infusion-unit,2026-10-02,,,https://www.marylanning.org/our-services/pharmacy | https://www.marylanning.org/our-services/infusion-unit | web search: Mary Lanning specialty pharmacy OR outpatient pharmacy OR home infusion,"Hospice, home health and Lifeline lines were sold to Sanford Good Samaritan Society in 2025 but the hospital is unchanged. Cancer-center pharmacies do chemo compounding; no retail specialty dispensing confirmed.",,,
HSI00000753,Great Plains Health,NE,96.0,Great Plains Health,unchanged,,https://www.gphealth.org/about-us/,,Great Plains Health North Platte merger OR acquisition OR renamed OR closed 2024 2025 2026,False,"Owned, not accredited",Low,Search snippet of own-site page for Great Plains Health Pharmacy Solutions (oral oncology retail pharmacy); page fetch returned 403,Great Plains Health Pharmacy Solutions,Great Plains Health,,,https://www.gphealth.org/services/cancer-care/pharmacysolutions/,2026-10-02,,,https://www.gphealth.org/services/cancer-care/pharmacysolutions/ (403) | https://www.gphealth.org/about-us/ | web search: Great Plains Health specialty pharmacy OR outpatient pharmacy OR home infusion,"System-run oncology retail pharmacy at Callahan Cancer Center focused on oral oncology drugs; no accreditation or outside partner found. Page could not be fetched, so evidence is thin.",,,
HSI00001560,Little Company of Mary Hospital of Indiana,IN,96.0,Deaconess Memorial Medical Center,acquired by,Deaconess Health System,https://www.deaconess.com/news-room/news/memorial-hospital-officially-rebrands-as-deaconess,2024-02-01,Memorial Hospital and Health Care Center Jasper Indiana merger OR acquisition OR renamed 2024 2025 2026,False,"Owned, accredited",Medium,via Deaconess Health System: Deaconess Specialty Pharmacy site states dual URAC and ACHC accreditation; no roster record among candidates,Deaconess Specialty Pharmacy,Deaconess Health System,URAC (2022) Specialty Pharmacy per Deaconess website | ACHC Specialty Pharmacy per Deaconess website,,https://www.deaconess.com/services/pharmacy/specialty-pharmacy | https://www.deaconess.com/services/pharmacy/specialty-pharmacy/about-us | https://www.14news.com/2025/08/01/memorial-hospital-jasper-officially-rebrands-deaconess-memorial/,2026-10-02,,,https://www.deaconess.com/services/pharmacy/specialty-pharmacy | https://www.deaconess.com/news-room/news/memorial-hospital-officially-rebrands-as-deaconess | web search: Memorial Hospital Jasper specialty pharmacy | web search: Deaconess specialty pharmacy URAC OR ACHC,Jasper hospital joined Deaconess (affiliation effective ~Feb 2024) and rebranded Aug 2025. Accreditation IDs not captured; Deaconess pharmacy serves system patients regionally.,,,
HSI00000051,Armstrong County Memorial Hospital,PA,95.0,Armstrong County Memorial Hospital,unchanged,"Mountains Health (formerly Pennsylvania Mountains Care Network), affiliation only; hospital remains separate nonprofit",https://www.acmh.org/Resource-AFFILIATION-ANNOUNCEMENT,2024-07-01,Armstrong County Memorial Hospital Kittanning merger OR acquisition OR renamed OR closed 2024 2025 2026,False,None found,Low,No candidates; acmh.org about page and search show only an in-hospital infusion center and 340B participation,,,,,https://www.acmh.org/about-acmh,2026-10-02,,,https://www.acmh.org/about-acmh | https://www.acmh.org/Resource-AFFILIATION-ANNOUNCEMENT | WebSearch: acmh.org outpatient pharmacy/specialty pharmacy/home infusion | Shields partner list (not present),"Joined a network affiliation July 2024 but kept separate licensure and identity, so classified on its own. Only an Infusion Center was found; no pharmacy page located.",,,
HSI00001242,Wayne Memorial Health System,PA,92.0,Wayne Memorial Hospital (Wayne Memorial Health System),unchanged,,https://www.wmh.org/about/,,Wayne Memorial Health System Honesdale merger OR acquisition OR renamed OR closed 2024 2025 2026,False,None found,Low,No candidates; wmh.org shows retail outpatient pharmacy and hospital infusion clinic only,Wayne Health Pharmacy & Medical Equipment,,,,https://www.wmh.org/services/cancer-care-infusion-clinic/ | http://www.wmh.org/wayne-memorial-hospital/pharmacy-medical-equipment/,2026-10-02,,,https://www.wmh.org/services/cancer-care-infusion-clinic/ | http://www.wmh.org/wayne-memorial-hospital/pharmacy-medical-equipment/ (search result; direct fetch 404) | https://www.wmh.org/about/ (search result) | WebSearch: wmh.org specialty/home infusion/outpatient pharmacy | Shields partner list (not present),"Retail pharmacy and in-clinic infusion only; no specialty or home infusion pharmacy found. Status page was seen only in search results, not fetched.",,,
HSI00000994,Sky Lakes Medical Center,OR,90.0,Sky Lakes Medical Center,unchanged,,https://www.skylakes.org/services/pharmacy/specialty-pharmacy/,,Sky Lakes Medical Center Klamath Falls specialty pharmacy (no separate status search; the same-name current pages were used),False,"Owned, accredited",High,"URAC SPP010441 + ACHC 95378 + NPPES, all under Sky Lakes Medical Center Inc; own web page confirms ACHC and URAC accreditation",Sky Lakes Specialty Pharmacy,"Sky Lakes Medical Center, Inc",URAC SPP010441 Specialty Pharmacy | ACHC 95378 Specialty Pharmacy Services,,https://www.skylakes.org/services/pharmacy/specialty-pharmacy/ | https://www.urac.org/directory/accreditation-details/?certification=SPP010441,2026-10-02,URAC SPP010441 | ACHC 95378 | NPPES 1003654625,,https://www.skylakes.org/services/pharmacy/specialty-pharmacy/ | https://www.skylakes.org/services/pharmacy/ | WebSearch: Sky Lakes specialty pharmacy | Shields partner list (not present),"Hospital-owned entity at hospital address; no outside manager found. The status search was folded into the specialty-pharmacy search, so status is based on current system web pages only.",,,
HSI00000567,Lake Region Healthcare,MN,90.0,Lake Region Healthcare,unchanged,,https://www.lrhc.org/,,Lake Region Healthcare Fergus Falls merger OR acquisition OR renamed OR closed 2025 2026,False,None found,Low,Own site read via curl: clinic page lists Thrifty White Pharmacy (outside retail operator) and an infusion center; no specialty pharmacy page found,,,,,https://www.lrhc.org/locations/fergus-falls-clinic-main/ | https://www.lrhc.org/services/cancer-care/,2026-10-02,,,curl https://www.lrhc.org/ | curl https://www.lrhc.org/locations/fergus-falls-clinic-main/ | curl https://www.lrhc.org/services/cancer-care/ | WebSearch: Lake Region Healthcare Fergus Falls pharmacy specialty infusion | WebSearch: lrhc.org specialty pharmacy | Shields partner list (not present),"No URAC/ACHC/NPPES candidates. A search summary claimed a specialty pharmacy but no page on lrhc.org supports it, so confidence is Low.",,,
HSI00001400,Summit Healthcare,AZ,89.0,Summit Healthcare Regional Medical Center,unchanged,,https://summithealthcare.net/pharmacy/,,Summit Healthcare Show Low AZ merger OR acquisition OR renamed OR closed 2024 2025 2026,False,None found,Low,"No candidates; summithealthcare.net pharmacy page lists inpatient, oncology satellite and outpatient Meds-to-Beds only",Summit Healthcare Outpatient Pharmacy,,,,https://summithealthcare.net/pharmacy/,2026-10-02,,,https://summithealthcare.net/pharmacy/ | WebSearch: Summit Healthcare specialty/infusion/outpatient pharmacy | Shields partner list (not present),"Search results mention a 2016 Mayo Clinic acquisition, which is pre-2023 and not confirmed as a current ownership change; it is presumably the Mayo Clinic Care Network affiliation. No specialty pharmacy found.",,,
HSI00001084,The Morris Hospital and Healthcare Centers,IL,89.0,Morris Hospital & Healthcare Centers,unchanged,,https://www.morrishospital.org/about-us/history/,,Morris Hospital and Healthcare Centers merger OR acquisition OR renamed 2025 2026,False,None found,Medium,Own website and search: only hospital infusion center and a home pill-dispenser program; no candidates,,,,,https://www.morrishospital.org/services/infusion-therapy-center/ | https://www.morrishospital.org/patients-visitors/patients/medication-dispensing/,2026-10-02,,,morrishospital.org homepage | morrishospital.org medication-dispensing page | morrishospital.org infusion-therapy-center (search result) | WebSearch: Morris Hospital Illinois specialty pharmacy OR outpatient pharmacy OR home infusion,"Independent; hospital-based infusion therapy center only, no specialty or home infusion pharmacy found. Not on Shields list.",,,
HSI00001350,Salem Regional Medical Center,OH,87.0,Salem Regional Medical Center,unchanged,,https://www.salemregional.com/about-us/our-story,,Salem Regional Medical Center Ohio merger OR acquisition OR renamed OR closed 2024 2025 2026,False,None found,Medium,Own website and search: only hospital Cancer and Infusion Center; no pharmacy services; no candidates,,,,,https://www.salemregional.com/outpatient-care/infusion-services,2026-10-02,,,salemregional.com about-us/our-story | salemregional.com infusion-services (search result) | WebSearch: Salem Regional pharmacy OR specialty pharmacy OR infusion,"Site calls it independent; the Aug 2024 Akron Children's deal covered only two pediatric practices, not the hospital. Not on Shields list.",,,
HSI00000445,Hannibal Regional Healthcare System,MO,86.0,Hannibal Regional Healthcare System,unchanged,,https://www.nemonews.net/2026/09/16/hannibal-regional-joins-show-me-high-value-network-to-strengthen-care-close-to-home/,,Hannibal Regional Healthcare System merger OR acquisition OR renamed 2025 2026,False,None found,Low,Own homepage lists no pharmacy services; search found only an NPPES-style institutional pharmacy listing; no candidates,,,,,https://www.hannibalregional.org/,2026-10-02,,,hannibalregional.org homepage | WebSearch: Hannibal Regional specialty pharmacy OR outpatient pharmacy OR home infusion,"Joined Show-Me High Value Network Sept 2026, stated not a merger. Only homepage checked, so Low confidence.",,,
HSI00000086,Barton Health,CA,86.0,Barton Health,unchanged,,https://www.bartonhealth.org/about-us/news/2026/barton-health-and-south-lake-tahoe-cancer-league-announce-transi/,,Barton Health South Lake Tahoe merger OR acquisition OR renamed 2025 2026,False,None found,Low,Search results from Barton site: inpatient pharmacy not open to public; hospital infusion center only; no candidates,,,,,https://www.bartonhealth.org/health-services/pharmacy-services/ | https://www.bartonhealth.org/find-a-location/locations-profile/infusion-therapy/,2026-10-02,,,bartonhealth.org pharmacy-services (403 on fetch; read via search snippet) | bartonhealth.org infusion therapy (search result) | WebSearch: Barton Health specialty pharmacy OR outpatient pharmacy OR infusion pharmacy,Barton became sole governing member of Carson Valley Health in 2026 (still separate entity). Direct fetch of pharmacy page returned 403.,,,
HSI00001283,Auburn Community Hospital,NY,85.0,Auburn Community Hospital,unchanged,,https://www.auburnhospital.org/about-us/,,Auburn Community Hospital NY merger OR acquisition OR renamed 2025 2026,False,"Owned, not accredited",Medium,"Hospital pharmacy web page: in-house specialty pharmacy (oncology, rheumatology); accreditation claimed but body not named; no URAC/ACHC candidates",Auburn Community Hospital Pharmacy / Specialty Pharmacy,Auburn Community Hospital,,,https://www.auburnhospital.org/programs-services/pharmacy/,2026-10-02,,,auburnhospital.org about-us | auburnhospital.org programs-services/pharmacy | WebSearch: Auburn Community Hospital specialty pharmacy OR outpatient pharmacy OR home infusion,"Page says the program 'achieved accreditation' without naming URAC/ACHC and no roster match was found, so tier is Owned, not accredited; worth a manual check. Not on Shields list.",,,
HSI00000539,Katherine Shaw Bethea Hospital,IL,80.0,OSF HealthCare Saint Katharine Medical Center,acquired by,OSF HealthCare,https://www.rockrivercurrent.com/2024/09/ksb-hospital-in-dixon-to-be-renamed-after-merger-with-osf-healthcare/,2025-01-01,Katherine Shaw Bethea Hospital merger OR acquisition OR renamed OR closed 2024 2025 2026,False,Managed or partnered,High,via OSF HealthCare: OSF Specialty Pharmacy page (URAC SPP010259) plus Lumicera partnership,OSF Specialty Pharmacy,OSF HealthCare System,URAC SPP010259 Specialty Pharmacy (exp 07/01/2027),Lumicera Health Services,https://www.osfhealthcare.org/services/patient/pharmacy/programs/specialty-pharmacy | https://www.lumicera.com/health-systems-2/privacy-notice-and-terms-osf/ | https://www.osfhealthcare.org/hospitals/saint-katharine/about/history,2026-10-02,,,rockrivercurrent.com KSB/OSF merger article | osfhealthcare.org specialty pharmacy page | lumicera.com OSF page | WebSearch OSF specialty pharmacy URAC,Hospital joined nonprofit OSF HealthCare Jan 1 2025; tier assigned via acquirer. Specialty pharmacy is OSF-operated with Lumicera as platform partner; not confirmed that it serves Saint Katharine specifically.,,,
HSI00000998,South County Health,RI,79.0,South County Health,unchanged,,https://www.southcountyhealth.org/about-sch/about-sch/our-mission,,South County Health Wakefield RI merger OR acquisition OR renamed OR closed 2024 2025 2026,False,None found,Low,No candidates; website infusion/home pages show only hospital cancer-center infusion; not on Shields list,,,,,https://www.southcountyhealth.org/services-care/specialty-care/cancer-care/infusion-therapy,2026-10-02,,,southcountyhealth.org home | southcountyhealth.org infusion therapy page | WebSearch specialty/infusion/outpatient pharmacy,Only hospital-based outpatient infusion and pharmacy residency found; dedicated pharmacy page not reviewed. Merger talks with Yale New Haven Health ended earlier.,,,
HSI00000155,CalvertHealth,MD,78.0,CalvertHealth Medical Center,unchanged,,https://www.calverthealthmedicine.org/About-Us,,CalvertHealth Calvert Memorial Hospital merger OR acquisition OR renamed OR closed 2024 2025 2026,False,None found,Low,No candidates; website infusion page shows only in-person oncology infusion center,,,,,https://www.calverthealthmedicine.org/Infusion,2026-10-02,,,calverthealthmedicine.org Infusion page | WebSearch specialty/home infusion/outpatient pharmacy,Hospital renamed CalvertHealth Medical Center before 2024; independent. No specialty pharmacy found.,,,
HSI00001449,Oaklawn Hospital,MI,78.0,Oaklawn Hospital,unchanged,,https://oaklawnhospital.org/,,Oaklawn Hospital Marshall Michigan merger OR acquisition OR renamed OR closed 2026,False,None found,Medium,Own pharmacy page shows standard outpatient retail only; no candidates,Oaklawn Pharmacy (retail outpatient),Oaklawn Hospital,,,https://oaklawnhospital.org/services/pharmacy/,2026-10-02,,,oaklawnhospital.org/services/pharmacy | WebSearch specialty/infusion/outpatient pharmacy | oaklawnhospital.org home,Owns a retail outpatient pharmacy with no specialty dispensing described. New CEO effective 2026-09-01.,,,
HSI00000367,Fisher Titus Medical Center,OH,78.0,Fisher-Titus Medical Center,unchanged,,https://www.fishertitus.org/who-we-are,,Fisher-Titus Medical Center Norwalk merger OR acquisition OR renamed OR closed 2024 2025 2026,False,None found,Low,No candidates; own site pages show only inpatient/hospital-outpatient pharmacy,,,,,https://www.fishertitus.org/medical-services/pharmacy-services/,2026-10-02,,,fishertitus.org medical-services | fishertitus.org pharmacy-services (search snippet; fetch returned HTTP 500) | WebSearch specialty/infusion/outpatient pharmacy,"A third-party Optum listing mentions specialty/infusion pharmacy at Wakeman Health Center, unverified and not on Fisher-Titus pages. Infusion therapy is hospital-based.",,,
HSI00000264,Conejos County Hospital Corporation,CO,66.0,San Luis Valley Health,unchanged,San Luis Valley Health,https://www.sanluisvalleyhealth.org/about-us/history/,2013-07-01,Conejos County Hospital San Luis Valley Health merger OR acquisition OR renamed OR closed 2024 2025 2026,False,None found,Low,No candidates; SLV Health website shows oncology/infusion clinic services but no pharmacy,,,,,https://www.sanluisvalleyhealth.org | https://www.beckershospitalreview.com/hospital-transactions-and-valuation/san-luis-valley-regional-medical-center-conejos-county-hospital-to-merge/,2026-10-02,,,https://www.sanluisvalleyhealth.org | WebSearch: San Luis Valley Health specialty pharmacy/home infusion | Shields partner list (not present),"Hospitals merged into San Luis Valley Health in 2013 (pre-2023). Only one homepage fetched, hence Low confidence.",,,
HSI00000394,Gerald Champion Regional Medical Center,NM,66.0,CHRISTUS Gerald Champion Regional Medical Center,acquired by,CHRISTUS Health,https://www.christushealth.org/connect/news/gerald-champion,2023-07-01,Gerald Champion Regional Medical Center merger OR acquisition OR renamed OR closed 2024 2025 2026,False,Managed or partnered,Medium,via CHRISTUS Health; CHRISTUS location page shows only in-hospital retail pharmacy and infusion center,,CHRISTUS Health,,Shields Health Solutions,https://www.christushealth.org/locations/gerald-champion | https://shieldshealthsolutions.com/about-us/partner-health-systems,2026-10-02,,,https://www.christushealth.org/locations/gerald-champion | https://www.christushealth.org/connect/news/gerald-champion | WebSearch: Gerald Champion outpatient/specialty pharmacy | Shields partner list (not present),Hospital infusion center and retail pharmacy only; did not research CHRISTUS system-wide specialty pharmacy serving this hospital.,Christus Health (NM),on Shields partner list: None found -> Managed or partnered,
HSI00001580,Knox Community Hospital,OH,64.0,Knox Community Hospital,unchanged,,https://www.wyso.org/news/2026-07-28/knox-community-hospital-looks-at-joining-kettering-health,,Knox Community Hospital Mount Vernon Ohio merger OR acquisition OR renamed 2024 2025 2026,False,"Owned, accredited",High,"URAC SPP010146 plus KCH web pages (URAC 2024-02, ACHC 2024-06)",KCH Outpatient Pharmacy | KCH Specialty Pharmacy,Knox Community Hospital,"URAC SPP010146 Specialty Pharmacy | ACHC Specialty Pharmacy Services (announced 2024-06-07, no number)",,https://www.urac.org/directory/accreditation-details/?certification=SPP010146 | https://www.kch.org/articles/kch-specialty-pharmacy-achieves-accreditation-achc | https://www.kch.org/articles/kch-outpatient-pharmacy-earns-specialty-pharmacy-accreditation-urac,2024-06-07,SPP010146,,https://www.kch.org/articles/kch-specialty-pharmacy-achieves-accreditation-achc | WebSearch: KCH Outpatient Pharmacy specialty URAC | Shields partner list (not present),"Non-binding LOI to join Kettering Health signed 2026-07-28; not closed, so status unchanged.",,,
HSI00000059,Atlantic General Health System,MD,62.0,TidalHealth Atlantic,merged into,TidalHealth,https://www.tidalhealth.org/news/atlantic-general-hospital-and-tidalhealth-announce-rebrand-tidalhealth-atlantic,2025-05-01,TidalHealth Atlantic General Hospital merger Berlin Maryland,False,"Owned, not accredited",Medium,via TidalHealth: TidalHealth Specialty Pharmacy (Salisbury MD) own site page plus NPPES specialty taxonomy; no accreditation found,TidalHealth Specialty Pharmacy | TidalHealth Community Pharmacy,"TidalHealth Peninsula Regional, Inc.",,,https://www.tidalhealth.org/our-locations/tidalhealth-specialty-pharmacy | https://npiregistry.cms.hhs.gov/provider-view/1871031559,2026-03-04,,,curl https://www.tidalhealth.org/ | curl https://www.tidalhealth.org/our-locations/tidalhealth-specialty-pharmacy | curl NPPES API NPI 1871031559 | WebSearch: TidalHealth specialty pharmacy infusion pharmacy URAC | WebSearch: TidalHealth Specialty Pharmacy accredited ACHC OR URAC | Shields partner list (not present),Merger closed about May 2025; rebranded TidalHealth Atlantic March 2026. Specialty pharmacy is wholly owned by the TidalHealth parent (NPPES subpart); no URAC/ACHC record found.,,,
HSI00000789,Olmsted Medical Center,MN,61.0,Olmsted Medical Center,unchanged,,https://www.olmmed.org/clinical-services/infusion-therapy/,,Olmsted Medical Center Rochester MN merger OR acquisition OR renamed OR closed 2025 2026,False,Unknown,Low,"olmmed.org still returns Akamai 403 to curl; only search snippets seen (retail pharmacies, compounding, infusion therapy)",OMC Northwest Pharmacy | OMC Southeast Pharmacy | OMC Chatfield Pharmacy,,,,https://www.olmmed.org/clinical-services/pharmacy-services/refill-your-prescription/ | https://www.olmmed.org/clinical-services/infusion-therapy/,2026-10-02,,,"curl olmmed.org (403, several paths and header sets) | web.archive.org (429) | WebSearch: Olmsted Medical Center pharmacy infusion specialty | Shields partner list (not present)","Own site unreadable by curl; no accreditation candidates. Snippets suggest retail pharmacies and an infusion clinic only, which is not enough to assign a tier.",,confidence '' not allowed -> Low,
HSI00001274,York Hospital,ME,54.0,York Hospital (MaineHealth),merged into,MaineHealth,https://www.mainehealth.org/news/2026/08/state-approves-york-hospital-joining-mainehealth-clearing-path-integration,2026-10-01 (expected close),York Hospital Maine merger OR acquisition OR renamed OR closed 2024 2025 2026,False,"Owned, accredited",Medium,"via MaineHealth: MaineHealth system specialty pharmacy, URAC accredited per MaineHealth web page",MaineHealth Pharmacy Specialty and Home Delivery Westbrook | Portland Specialty Pharmacy,MaineHealth,"URAC Specialty Pharmacy (MaineHealth Westbrook, through 02/01/2027, per web search)",,https://www.mainehealth.org/maine-medical-center/care-services-mainehealth-maine-medical-center/pharmacy-services-mainehealth-maine-medical-center-portland/specialty-pharmacy-services-mainehealth-maine-medical-center | https://www.mainepublic.org/health/2026-08-10/state-approves-merger-of-york-hospital-with-mainehealth | https://www.yorkhospital.com/care-and-services/infusion-therapy,2026-10-02,,,web search: York Hospital merger | yorkhospital.com infusion therapy page | web search: York Hospital specialty pharmacy (York Hospital Apothecary retail; New England Life Care partner listing) | web search: MaineHealth specialty pharmacy URAC | Shields partner list (not listed),"State approved the merger Aug 2026 with close expected Oct 1, 2026; actual closing not confirmed. York's own site shows only a retail apothecary and oncology infusion, and New England Life Care lists York as a referral partner hospital.",,,
HSI00000360,Boys Town National Research Hospital,NE,52.0,Boys Town National Research Hospital,unchanged,,https://www.boystownhospital.org/about,,Boys Town National Research Hospital merger OR acquisition OR renamed 2024 2025 2026,False,None found,Low,No candidates; boystownhospital.org homepage shows no specialty pharmacy; searches found only a general hospital pharmacy listing,,,,,https://www.boystownhospital.org/,2026-10-02,,,web search: merger/status | web search: Boys Town specialty pharmacy | boystownhospital.org homepage | Shields partner list (not listed),Independent; $300M expansion announced Nov 2025. Only a general hospital pharmacy listing was found.,,,
HSI00001447,North Country Healthcare,NH,50.0,North Country Healthcare,unchanged,,https://northcountryhealth.org/androscoggin-valley-hospital/,,North Country Healthcare New Hampshire merger OR acquisition OR renamed OR closed 2025 2026,False,None found,Low,"No candidates; NCH site lists NCH Pharmacy and infusion services only, with no specialty or home infusion pharmacy",NCH Pharmacy,,,,https://northcountryhealth.org/androscoggin-valley-hospital/ | https://weeksmedical.org/department/infusion-services/,2026-10-02,,,web search: NCH status | northcountryhealth.org AVH page | web search: Weeks/AVH pharmacy and infusion | Shields partner list (not listed),Still independent (outsourced revenue cycle to Hartzler 2025; NH AG charitable trusts review closed May 2026); parent now lists Upper Connecticut Valley Hospital as an affiliate. Infusion is hospital outpatient only.,,,
HSI00001356,Island Hospital,WA,43.0,Island Health,renamed,,https://islandhealth.org/,2022,Island Hospital Anacortes merger OR acquisition OR renamed OR closed 2025 2026,False,None found,Low,NPPES candidate rejected as retail; islandhealth.org shows infusion center but no pharmacy,,,,,https://islandhealth.org/ | https://islandhealth.org/department/infusions/,2026-10-02,,"1336117597: SOAS LLC dba Island Drug #1142 in Clinton WA, independent retail pharmacy, not hospital-owned, specialty taxonomy secondary",web search: status | islandhealth.org homepage | web search: Island Health pharmacy (a search snippet claimed specialty pharmacy services but the site did not confirm it) | Shields partner list (not listed),"Rebranded Island Health in 2022, still independent and seeking critical access status; it cut home health in recent years. An uncorroborated search snippet mentioning specialty pharmacy was not confirmed on the site.",,,
HSI00001264,Winona Health,MN,41.0,Winona Health,unchanged,,https://www.winonahealth.org/services/specialty-care/pharmacy/,,Winona Health Winona MN merger OR acquisition OR renamed OR closed 2025 2026,False,"Owned, not accredited",Low,NPPES-only: system-owned Winona Clinic Pharmacy NPI carries primary taxonomy Specialty Pharmacy; own site describes a retail pharmacy only,Winona Health Services Clinic Pharmacy (Winona Clinic Pharmacy),Winona Health Services,,,https://www.winonahealth.org/services/specialty-care/pharmacy/ | https://npiregistry.cms.hhs.gov/provider-view/1033998331,2026-10-02,nppes:1033998331,,curl https://www.winonahealth.org/ | curl https://www.winonahealth.org/?s=pharmacy | curl https://www.winonahealth.org/services/specialty-care/pharmacy/ | WebSearch: Winona Health clinic pharmacy specialty medications | Shields partner list (not listed),"Own pharmacy page shows an ordinary retail clinic pharmacy with delivery; no specialty program or accreditation mentioned, so this tier rests on the NPPES taxonomy alone.",,,
HSI00001365,Valley View Hospital Association,CO,31.0,Valley View Hospital Association,unchanged,,https://www.vvh.org/about/,,Valley View Hospital Glenwood Springs merger OR acquisition OR renamed 2024 2025 2026,False,None found,Medium,Own-site pharmacy page shows general outpatient pharmacy only; no candidates; not on Shields list,The Pharmacy at Valley View,Valley View Hospital Association,,,https://www.vvh.org/locations/pharmacy/,2026-10-02,,,https://www.vvh.org/locations/pharmacy/ | https://www.vvh.org/about/ | WebSearch: Valley View Hospital Glenwood Springs outpatient pharmacy specialty pharmacy home infusion,Hospital outpatient pharmacy with compounding and prior-auth help; no specialty or home infusion mention found.,,,
HSI00001540,Western Wisconsin Health,WI,25.0,Western Wisconsin Health,renamed,,https://www.wwhealth.org/baldwin-area-medical-center-is-western-wisconsin-health/,,Western Wisconsin Health Baldwin merger OR acquisition OR renamed 2024 2025 2026,False,None found,Medium,Own-site pharmacy page shows retail pharmacy only; no candidates; not on Shields list,WWH Shop Pharmacy,Western Wisconsin Health,,,https://www.wwhealth.org/wwh-shop-pharmacy/,2026-10-02,,,https://www.wwhealth.org/wwh-shop-pharmacy/ | https://www.wwhealth.org/baldwin-area-medical-center-is-western-wisconsin-health/ | WebSearch: Western Wisconsin Health Baldwin pharmacy specialty pharmacy infusion,"Formerly Baldwin Area Medical Center (rename predates 2023 data vintage per site). Community retail pharmacy, no specialty or infusion pharmacy found.",,,
HSI00001402,Tri State Memorial Hospital,WA,25.0,TriState Health,renamed,,https://www.tsh.org/about/,,Tri-State Memorial Hospital Clarkston merger OR acquisition OR renamed 2024 2025 2026,False,None found,Medium,Own-site clinics page lists infusion center (clinical service) but no pharmacy program; Owl Tri-State Pharmacy is a separate retail chain; not on Shields list,,TriState Health,,,https://www.tsh.org/clinics-services/infusion-center/ | https://www.tsh.org/clinics-services/,2026-10-02,,,https://www.tsh.org/clinics-services/ | https://www.tsh.org/about/ | https://www.tsh.org/rebrand/ | WebSearch: TriState Health Clarkston pharmacy specialty pharmacy infusion,Rebranded May 2023 to TriState Health. Hospital infusion center exists but no infusion/specialty pharmacy found; Owl pharmacy on campus appears to be an independent chain (not verified).,,,
HSI00000416,Grande Ronde Hospital and Clinics,OR,25.0,Grande Ronde Hospital and Clinics,unchanged,,https://www.grh.org/,,Grande Ronde Hospital La Grande merger OR acquisition OR renamed OR closed 2025 2026,False,None found,Medium,Own site read via curl: infusion and oncology pages describe clinic infusion administration only; no specialty or outpatient pharmacy page; Oregon registry shows hospital pharmacy only,GRH Pharmacy,Grande Ronde Hospital,,,https://www.grh.org/our-services/infusion-services/ | https://www.grh.org/our-services/hematology-and-oncology/ | https://www.oregon.gov/pharmacy/Documents/List_of_Registered_Pharmacies.pdf,2026-10-02,,,curl https://www.grh.org/ | curl https://www.grh.org/our-services/infusion-services/ | curl https://www.grh.org/our-services/hematology-and-oncology/ | WebSearch: Grande Ronde Hospital pharmacy outpatient specialty pharmacy | Shields partner list (not present),Home Care Services page exists but no home infusion pharmacy was identified. No accreditation candidates.,,,
HSI00000613,Bitterroot Health,MT,25.0,Bitterroot Health,renamed,,https://www.bitterroothealth.org/about-us/,,Bitterroot Health Daly Hospital Hamilton MT renamed OR merger OR acquisition OR closed 2025 2026,False,None found,Low,Own site read via curl: Oncology & Infusion Center administers specialty medications; no pharmacy page or specialty pharmacy found,,,,,https://www.bitterroothealth.org/services/oncology-infusion/,2026-10-02,,,curl https://www.bitterroothealth.org/ | curl https://www.bitterroothealth.org/services/oncology-infusion/ | WebSearch: Bitterroot Health Daly Hospital outpatient pharmacy OR specialty pharmacy | Shields partner list (not present),"Formerly Marcus Daly Memorial Hospital, now Bitterroot Health-Daly Hospital. Site has no pharmacy service page, and an on-site hospital pharmacy is the only pharmacy evidence.",,,
HSI00000815,Pella Regional Health Center,IA,25.0,Pella Regional Health Center,unchanged,,https://www.pellahealth.org/about-us/,,Pella Regional Health Center merger OR acquisition OR renamed 2025 2026,False,"Owned, accredited",Medium,URAC Specialty Pharmacy record SPP010129 held by the hospital itself,Pella Regional Health Center Pharmacy,Pella Regional Health Center,URAC SPP010129 Specialty Pharmacy,,https://www.urac.org/directory/accreditation-details/?certification=SPP010129 | https://www.pellaregionalpharmacy.com/,2026-10-02,SPP010129,"1932619475: NPPES record is the clinic retail pharmacy (primary taxonomy community/retail), different address from URAC site; not independent specialty evidence","pellahealth.org (about-us 403, search snippets only) | pellaregionalpharmacy.com (cert error; search snippets) | WebSearch status and specialty pharmacy queries","Web pages did not mention specialty services explicitly (site fetch blocked), so confidence is Medium on the URAC record alone. No outside manager found; hospital not on Shields list.",,,
HSI00000071,BMH,ID,25.0,Bingham Memorial Hospital (Bingham Healthcare),unchanged,,https://en.wikipedia.org/wiki/Bingham_Memorial_Hospital,,Bingham Memorial Hospital Blackfoot Idaho merger OR acquisition OR renamed 2025 2026,False,"Owned, accredited",High,ACHC Specialty Pharmacy Services record 99748 plus Bingham Healthcare specialty pharmacy web page,Bingham Healthcare Specialty Pharmacy | Bingham Memorial Hospital Pharmacy,"BMH, Inc. (Bingham Memorial Hospital)",ACHC 99748 Specialty Pharmacy Services,,"https://binghamhealthcare.org/service/specialty-pharmacy/ | https://organization.achc.org/print?legalCompanyName=BMH,%20Inc.&dbaCompanyName=Bingham%20Memorial%20Hospital&companyID=99748&full_address=Blackfoot,%20ID%2083221&physicalAddress=98%20Poplar%20St., | https://npiregistry.cms.hhs.gov/provider-view/1730174830",2026-10-02,ACHC 99748 | NPI 1730174830,,binghamhealthcare.org/service/specialty-pharmacy | WebSearch status and specialty pharmacy queries,System renamed informally to Bingham Healthcare but unchanged in structure. No outside manager mentioned; not on Shields list.,,,
HSI00001412,Redington Fairview General Hospital,ME,25.0,Redington-Fairview General Hospital,unchanged,,https://www.rfgh.net/aboutus/hospital.xhtml,,Redington-Fairview General Hospital Skowhegan merger OR acquisition OR renamed 2025 2026,False,None found,Medium,"No candidates; hospital website shows outpatient infusion services only, no pharmacy program",,,,,https://www.rfgh.net/aboutus/for-medical-professionals.xhtml,2026-10-02,,,rfgh.net/aboutus/hospital.xhtml | rfgh.net/aboutus/for-medical-professionals.xhtml (search snippet) | WebSearch status and pharmacy queries,"Hospital site describes itself as independent; one search summary mentioned MaineHealth/Northern Light affiliation, not verified. Outpatient infusion center exists but no infusion pharmacy found.",,,
HSI00001301,Cuyuna Regional Medical Center,MN,25.0,Cuyuna Regional Medical Center,unchanged,,https://www.kaxe.org/local-news/2025-10-06/cuyuna-regional-medical-center-new-clinic-nisswa,,Cuyuna Regional Medical Center merger OR acquisition OR renamed 2025 2026,False,None found,Medium,No candidates; CRMC services page lists only two retail-type pharmacy locations,"CRMC retail pharmacies (Crosby, SuperOne)",Cuyuna Regional Medical Center,,,https://www.cuyunamed.org/services-specialties/,2026-10-02,,,cuyunamed.org/services-specialties | WebSearch status and pharmacy queries,Home care and hospice transitioning to Vivie by end of 2025; no infusion or specialty pharmacy found. Infusion center is oncology outpatient only.,,,
HSI00000614,Margaret Mary Health,IN,25.0,Margaret Mary Health,unchanged,,https://www.batesvilleleader.com/story/2026/08/05/news/a-unicorn-in-rural-healthcare-how-mmh-chose-to-grow-while-others-retreated/1268.html,,Margaret Mary Health Batesville merger OR acquisition OR renamed 2025 2026,False,None found,Medium,No candidates; mmhealth.org specialty medicine page has no pharmacy mention,,,,,https://www.mmhealth.org/services/specialty-medicine/,2026-10-02,,,mmhealth.org/services/specialty-medicine | WebSearch status and pharmacy queries,Independent; new hospital opened July 2026. No specialty or infusion pharmacy found on web.,,,
HSI00000720,National Jewish Health,CO,13.0,National Jewish Health,unchanged,,https://www.nationaljewish.org/patients-visitors/visiting-us/campus-services-facilities/pharmacy,,National Jewish Health merger OR acquisition OR renamed OR closed 2025 2026,False,None found,Medium,System pharmacy page describes retail outpatient pharmacy only; no candidates; not on Shields list,National Jewish Health Pharmacy,National Jewish Health,,,https://www.nationaljewish.org/patients-visitors/visiting-us/campus-services-facilities/pharmacy,2026-10-02,,,nationaljewish.org pharmacy page | WebSearch specialty/outpatient pharmacy/infusion | Shields partner list,Own pharmacy is a retail clinic pharmacy in the outpatient center lobby; the center has a 17-bed infusion suite but no infusion pharmacy was found.,,,
HSI00000981,Shriners Hospitals for Children,FL,,Shriners Children's,renamed,,https://www.shrinerschildrens.org/en/about,,Shriners Children's merger OR acquisition OR renamed OR closed 2025 2026,False,None found,Low,Own site pages and search show only inpatient/clinical pharmacy; candidate rejected,,,,,https://www.shrinerschildrens.org/en/news-and-media/news/2022/11/spotlight-on-the-pharmacy-team,2026-10-02,,SPP010241: Dayton Children's Hospital Specialty Pharmacy is a different system; address match is a data mismatch with the Shriners Dayton record,shrinerschildrens.org/en/about | shrinerschildrens.org pharmacy team spotlight (2022) | WebSearch specialty/outpatient pharmacy | Shields partner list,"Shriners Hospitals for Children rebranded as Shriners Children's with no ownership change. Site coverage of pharmacy was thin, so absence is weakly supported.",,,
HSI00001176,University of Miami Health System,FL,,University of Miami Health System (UHealth),unchanged,,https://themiamihurricane.com/2026/08/04/uhealth-and-unitedhealthcare-reach-agreement-some-medicare-patients-left-behind/,,University of Miami Health System UHealth merger OR renamed OR acquisition 2025 2026,False,"Owned, accredited",High,URAC SPP010261 + ACHC 78780 both in University of Miami name; system page confirms UHealth-run pharmacy,UHealth Specialty Pharmacy,University of Miami (parent of UHealth),URAC SPP010261 Specialty Pharmacy | ACHC 78780 Specialty Pharmacy Services,,https://www.urac.org/directory/accreditation-details/?certification=SPP010261 | https://umiamihealth.org/en/uhealth-specialty-pharmacy/health-care-professional-frequently-asked-questions,2026-10-02,SPP010261 | ACHC 78780,"SPP007298: Miami Beach Community Health Center, unrelated FQHC | SPP010056: Public Health Trust/Jackson, separate county system | SPP010079: South Miami Pharmacy II, independent | ACHC 78818: Jackson Pharmacy Solutions, separate system | ACHC 65630: South Miami Pharmacy II, independent | ACHC 94666: Jackson infusion, separate system | NPI 1104116573: FL Dept of Health | NPI 1679509459: Miami Children's Hospital, separate | NPI 1154628097: Miami Executive Pharmacy, independent | NPI 1194289157: Jackson, separate | NPI 1790856458: Jackson, separate",umiamihealth.org UHealth Specialty Pharmacy FAQ | WebSearch UHealth specialty pharmacy URAC | Shields partner list,"The UHealth FAQ page says seeking national accreditation, which is stale against the URAC and ACHC records. No outside manager found.",,,
HSI00000515,Interfaith Medical Center,NY,,Interfaith Medical Center (One Brooklyn Health),merged into,One Brooklyn Health System,https://onebrooklynhealth.org/health-care-professionals/pharmacy-residency-program,,Interfaith Medical Center Brooklyn merger OR acquisition OR renamed OR closed 2025 2026,False,None found,Low,"via One Brooklyn Health; no candidates, own-site pages show retail/hospital pharmacy only; not on Shields list",Brookdale RX | Urgent Care RX,One Brooklyn Health System,,,https://onebrooklynhealth.org/health-care-professionals/pharmacy-residency-program,2026-10-02,,,onebrooklynhealth.org pharmacy residency page | WebSearch Interfaith/One Brooklyn Health pharmacy | Shields partner list,Interfaith is one of three One Brooklyn Health member hospitals; the combination predates 2023 so the status label is approximate. Only retail and 340B community-pharmacy arrangements were found.,,,
HSI00000327,East Tennessee Childrens Hospital Association,TN,,Dolly Parton Children's Hospital,renamed,,https://www.wvlt.tv/2026/02/26/east-tennessee-childrens-hospital-changes-name-honor-dolly-parton/,2026-02-26,East Tennessee Children's Hospital merger OR acquisition OR renamed 2025 2026,False,"Owned, accredited",High,URAC SPP010308 + ACHC 96555 held by the hospital association; hospital specialty pharmacy web page agrees,Dolly Parton Children's Hospital Specialty Pharmacy (formerly East Tennessee Children's Hospital Specialty Pharmacy),"East Tennessee Children's Hospital Association, Inc.",URAC SPP010308 Specialty Pharmacy | ACHC 96555 Specialty Pharmacy Services,,https://www.urac.org/directory/accreditation-details/?certification=SPP010308 | https://www.dollychildrens.org/your-visit/specialty-pharmacy/,2026-10-02,SPP010308 | ACHC 96555 | NPI 1659139434,,WebSearch Dolly Parton Children's Hospital specialty pharmacy (dollychildrens.org snippet; direct fetch returned 403) | Shields partner list,"Rename was a naming partnership, not a transaction. Direct fetch of the pharmacy page was blocked, so the website agreement comes from the search snippet.",,,
