system_id,system_name,match_basis,achc_list,achc_company_id,organization,dba,street,city,state,zip5,evidence_url,evidence_as_of
HSI00001427,CommonSpirit Health,system name: CommonSpirit Health,Pharmacy: Specialty Pharmacy Services,78647,CommonSpirit Mountain Region,CommonSpirit Specialty Pharmacy - Mountain Region,2551 W. 84th Ave,Westminster,CO,80031,"https://organization.achc.org/print?legalCompanyName=CommonSpirit%20Mountain%20Region&dbaCompanyName=CommonSpirit%20Specialty%20Pharmacy%20-%20Mountain%20Region&companyID=78647&full_address=Westminster,%20CO%2080031&physicalAddress=2551%20W.%2084th%20Ave,",2026-10-02
HSI00001427,CommonSpirit Health,member hospital: Good Samaritan Hospital,Pharmacy: Specialty Pharmacy Services,87316,Good Samaritan Hospital Corvallis,Samaritan Specialty Pharmacy,"2300 NW Walnut Blvd, Lower Level",Corvallis,OR,97330,"https://organization.achc.org/print?legalCompanyName=Good%20Samaritan%20Hospital%20Corvallis&dbaCompanyName=Samaritan%20Specialty%20Pharmacy&companyID=87316&full_address=Corvallis,%20OR%2097330&physicalAddress=2300%20NW%20Walnut%20Blvd,%20Lower%20Level,",2026-10-02
HSI00001427,CommonSpirit Health,system name: CommonSpirit Health,Pharmacy: Infusion Pharmacy Services,70341,"Consolidated Health Services, LLC",CommonSpirit Health at Home,"6281 TriRidge Blvd, #300",Loveland,OH,45140,"https://organization.achc.org/print?legalCompanyName=Consolidated%20Health%20Services,%20LLC&dbaCompanyName=CommonSpirit%20Health%20at%20Home&companyID=70341&full_address=Loveland,%20OH%2045140&physicalAddress=6281%20TriRidge%20Blvd,%20#300,",2026-10-02
HSI00000055,Ascension Health,system name: Ascension Health,Pharmacy: Specialty Pharmacy Services,99220,Ascension Pharmacy Services LLC,Ascension Rx 1001,7701 Metropolis Drive Suite 200B,Austin,TX,78744,"https://organization.achc.org/print?legalCompanyName=Ascension%20Pharmacy%20Services%20LLC&dbaCompanyName=Ascension%20Rx%201001&companyID=99220&full_address=Austin,%20TX%2078744&physicalAddress=7701%20Metropolis%20Drive%20Suite%20200B,",2026-10-02
HSI00000055,Ascension Health,system name: Ascension Health,Pharmacy: Specialty Pharmacy Services,87449,"Ascension Pharmacy Services, LLC",Ascension Rx 1303,30055 Northwestern Hwy #225,Farmington Hills,MI,48334,"https://organization.achc.org/print?legalCompanyName=Ascension%20Pharmacy%20Services,%20LLC&dbaCompanyName=Ascension%20Rx%201303&companyID=87449&full_address=Farmington%20Hills,%20MI%2048334&physicalAddress=30055%20Northwestern%20Hwy%20#225,",2026-10-02
HSI00000055,Ascension Health,system name: Ascension Health | member hospital: Ascension St. Vincents Southside Ho,Pharmacy: Specialty Pharmacy Services,96255,Ascension St. Vincent's Southside,AscensionRx 1402,4205 Belfort Road,Jacksonville,FL,32216,"https://organization.achc.org/print?legalCompanyName=Ascension%20St.%20Vincent's%20Southside&dbaCompanyName=AscensionRx%201402&companyID=96255&full_address=Jacksonville,%20FL%2032216&physicalAddress=4205%20Belfort%20Road,",2026-10-02
HSI00000055,Ascension Health,system name: Ascension Health | member hospital: Via Christi Hospital Wichita,Pharmacy: Specialty Pharmacy Services,95425,"Ascension Via Christi Hospitals Wichita, Inc.",Ascension Rx 1404,3600 E Harry Room 2001,Wichita,KS,67218,"https://organization.achc.org/print?legalCompanyName=Ascension%20Via%20Christi%20Hospitals%20Wichita,%20Inc.&dbaCompanyName=Ascension%20Rx%201404&companyID=95425&full_address=Wichita,%20KS%2067218&physicalAddress=3600%20E%20Harry%20Room%202001,",2026-10-02
HSI00000055,Ascension Health,system name: Ascension Health | member hospital: Ascension Se Wisconsin Hospital  Inc,Pharmacy: Specialty Pharmacy Services,99181,Ascension Wisconsin Pharmacy Inc,Ascension Rx 1116,"7400 W Rawson Ave, Ste 140",Franklin,WI,53132,"https://organization.achc.org/print?legalCompanyName=Ascension%20Wisconsin%20Pharmacy%20Inc&dbaCompanyName=Ascension%20Rx%201116&companyID=99181&full_address=Franklin,%20WI%2053132&physicalAddress=7400%20W%20Rawson%20Ave,%20Ste%20140,",2026-10-02
HSI00000055,Ascension Health,system name: Ascension Health,Pharmacy: Specialty Pharmacy Services,76025,"Ministry Home Care Services, LLC",Ascension at Home,"10050 South 27th St, Suite 100",Oak Creek,WI,53154,"https://organization.achc.org/print?legalCompanyName=Ministry%20Home%20Care%20Services,%20LLC&dbaCompanyName=Ascension%20at%20Home&companyID=76025&full_address=Oak%20Creek,%20WI%2053154&physicalAddress=10050%20South%2027th%20St,%20Suite%20100,",2026-10-02
HSI00000055,Ascension Health,address = member hospital: Alexian Brothers Medical Center,Pharmacy: Specialty Pharmacy Services,77694,Northwest Oncology & Hematology,,800 Biesterfield Rd Ste 210,Elk Grove,IL,60007,"https://organization.achc.org/print?legalCompanyName=Northwest%20Oncology%20&%20Hematology&dbaCompanyName=&companyID=77694&full_address=Elk%20Grove,%20IL%2060007&physicalAddress=800%20Biesterfield%20Rd%20Ste%20210,",2026-10-02
HSI00000055,Ascension Health,system name: Ascension Health,Pharmacy: Infusion Pharmacy Services,76025,"Ministry Home Care Services, LLC",Ascension at Home,"10050 South 27th St, Suite 100",Oak Creek,WI,53154,"https://organization.achc.org/print?legalCompanyName=Ministry%20Home%20Care%20Services,%20LLC&dbaCompanyName=Ascension%20at%20Home&companyID=76025&full_address=Oak%20Creek,%20WI%2053154&physicalAddress=10050%20South%2027th%20St,%20Suite%20100,",2026-10-02
HSI00000055,Ascension Health,system name: Ascension Health,Home Infusion Therapy,96365,"Ministry Home Care Services, LLC (Deemed)",Ascension at Home,"10050 South 27th St, STE 100",Oak Creek,WI,53154,"https://organization.achc.org/print?legalCompanyName=Ministry%20Home%20Care%20Services,%20LLC%20(Deemed)&dbaCompanyName=Ascension%20at%20Home&companyID=96365&full_address=Oak%20Creek,%20WI%2053154&physicalAddress=10050%20South%2027th%20St,%20STE%20100,",2026-10-02
HSI00001106,Trinity Health,address = member hospital: Genesis Medical Center - Davenport,Pharmacy: Specialty Pharmacy Services,79312,Genventures Inc,MercyOne Genesis Firstmed Specialty Pharmacy,1227 E. Rusholme St.,Davenport,IA,52803,"https://organization.achc.org/print?legalCompanyName=Genventures%20Inc&dbaCompanyName=MercyOne%20Genesis%20Firstmed%20Specialty%20Pharmacy&companyID=79312&full_address=Davenport,%20IA%2052803&physicalAddress=1227%20E.%20Rusholme%20St.,",2026-10-02
HSI00001106,Trinity Health,system name: Trinity Health,Pharmacy: Specialty Pharmacy Services,75635,"Hackley Professional Pharmacy, Inc",Trinity Health Pharmacy - Hackley,1675 Leahy St Suite 111,Muskegon,MI,49442,"https://organization.achc.org/print?legalCompanyName=Hackley%20Professional%20Pharmacy,%20Inc&dbaCompanyName=Trinity%20Health%20Pharmacy%20-%20Hackley&companyID=75635&full_address=Muskegon,%20MI%2049442&physicalAddress=1675%20Leahy%20St%20Suite%20111,",2026-10-02
HSI00001106,Trinity Health,address = member hospital: Ronald Mcdonald Childrens Hospital Of Loyola University Medical Center,Pharmacy: Specialty Pharmacy Services,94518,Loyola University Medical Center,Loyola Outpatient Center,2160 S 1st Ave Building 150 Room 1600,Maywood,IL,60153,"https://organization.achc.org/print?legalCompanyName=Loyola%20University%20Medical%20Center&dbaCompanyName=Loyola%20Outpatient%20Center&companyID=94518&full_address=Maywood,%20IL%2060153&physicalAddress=2160%20S%201st%20Ave%20Building%20150%20Room%201600,",2026-10-02
HSI00001106,Trinity Health,member hospital: Mercyone Waterloo Medical Center,Pharmacy: Specialty Pharmacy Services,95372,MercyOne Waterloo Pharmacy,,2710 St. Francis Dr. Ste. 101,Waterloo,IA,50702,"https://organization.achc.org/print?legalCompanyName=MercyOne%20Waterloo%20Pharmacy&dbaCompanyName=&companyID=95372&full_address=Waterloo,%20IA%2050702&physicalAddress=2710%20St.%20Francis%20Dr.%20Ste.%20101,",2026-10-02
HSI00001106,Trinity Health,member hospital: Jackson County Public Hospital,Pharmacy: Specialty Pharmacy Services,78818,Public Health Trust of Miami Dade County Florida,Jackson Pharmacy Solutions,901 NW 17 St Unit D,Miami,FL,33136,"https://organization.achc.org/print?legalCompanyName=Public%20Health%20Trust%20of%20Miami%20Dade%20County%20Florida&dbaCompanyName=Jackson%20Pharmacy%20Solutions&companyID=78818&full_address=Miami,%20FL%2033136&physicalAddress=901%20NW%2017%20St%20Unit%20D,",2026-10-02
HSI00001106,Trinity Health,system name: Trinity Health,Pharmacy: Specialty Pharmacy Services,77560,Saint Mary's Family Pharmacy-Wege Center,Trinity Health Pharmacy – Wege Center,300 Lafayette SE,Grand Rapids,MI,49503,"https://organization.achc.org/print?legalCompanyName=Saint%20Mary's%20Family%20Pharmacy-Wege%20Center&dbaCompanyName=Trinity%20Health%20Pharmacy%20–%20Wege%20Center&companyID=77560&full_address=Grand%20Rapids,%20MI%2049503&physicalAddress=300%20Lafayette%20SE,",2026-10-02
HSI00001106,Trinity Health,system name: Trinity Health,Pharmacy: Specialty Pharmacy Services,79316,"Trinity Health Pharmacy Services, LLC",,12279 Bluffton Road,Fort Wayne,IN,46809,"https://organization.achc.org/print?legalCompanyName=Trinity%20Health%20Pharmacy%20Services,%20LLC&dbaCompanyName=&companyID=79316&full_address=Fort%20Wayne,%20IN%2046809&physicalAddress=12279%20Bluffton%20Road,",2026-10-02
HSI00001106,Trinity Health,system name: Trinity Health,Pharmacy: Specialty Pharmacy Services,74905,Trinity Health-Michigan,Trinity Health Pharmacy Solutions,"360 Division Ave S, Suite 1E",Grand Rapids,MI,49503,"https://organization.achc.org/print?legalCompanyName=Trinity%20Health-Michigan&dbaCompanyName=Trinity%20Health%20Pharmacy%20Solutions&companyID=74905&full_address=Grand%20Rapids,%20MI%2049503&physicalAddress=360%20Division%20Ave%20S,%20Suite%201E,",2026-10-02
HSI00001106,Trinity Health,member hospital: Mount Carmel Health | address = member hospital: Mount Carmel Health,Pharmacy: Infusion Pharmacy Services,97130,Mount Carmel Health System,Mount Carmel Infusion Services,6001 E Broad St,Columbus,OH,43213,"https://organization.achc.org/print?legalCompanyName=Mount%20Carmel%20Health%20System&dbaCompanyName=Mount%20Carmel%20Infusion%20Services&companyID=97130&full_address=Columbus,%20OH%2043213&physicalAddress=6001%20E%20Broad%20St,",2026-10-02
HSI00001106,Trinity Health,member hospital: Jackson County Public Hospital,Pharmacy: Infusion Pharmacy Services,94666,Public Health Trust of Miami-Dade County,Jackson Health System Infusion Services,"1611 NW 12th AVE, Suite T-277",Miami,FL,33136,"https://organization.achc.org/print?legalCompanyName=Public%20Health%20Trust%20of%20Miami-Dade%20County&dbaCompanyName=Jackson%20Health%20System%20Infusion%20Services&companyID=94666&full_address=Miami,%20FL%2033136&physicalAddress=1611%20NW%2012th%20AVE,%20Suite%20T-277,",2026-10-02
HSI00001106,Trinity Health,system name: Trinity Health,Pharmacy: Infusion Pharmacy Services,33009,"Trinity Home Care, L.L.C.",Option Care,"48-05 Metropolitan Ave., Suite 3-02",Ridgewood,NY,11385,"https://organization.achc.org/print?legalCompanyName=Trinity%20Home%20Care,%20L.L.C.&dbaCompanyName=Option%20Care&companyID=33009&full_address=Ridgewood,%20NY%2011385&physicalAddress=48-05%20Metropolitan%20Ave.,%20Suite%203-02,",2026-10-02
HSI00001106,Trinity Health,system name: Trinity Health,Pharmacy: Infusion Pharmacy Services,88273,Trinity Home Health Services,MercyOne Des Moines Home Infusion,2853 99th Street,Urbandale,IA,50322,"https://organization.achc.org/print?legalCompanyName=Trinity%20Home%20Health%20Services&dbaCompanyName=MercyOne%20Des%20Moines%20Home%20Infusion&companyID=88273&full_address=Urbandale,%20IA%2050322&physicalAddress=2853%2099th%20Street,",2026-10-02
HSI00001106,Trinity Health,system name: Trinity Health,Home Infusion Therapy,83807,"Infusion Partners 360, Consulting Group, LLC (Deemed)",Trinity Partners Home Health,4254 Green River Road,Corona,CA,92878,"https://organization.achc.org/print?legalCompanyName=Infusion%20Partners%20360,%20Consulting%20Group,%20LLC%20(Deemed)&dbaCompanyName=Trinity%20Partners%20Home%20Health&companyID=83807&full_address=Corona,%20CA%2092878&physicalAddress=4254%20Green%20River%20Road,",2026-10-02
HSI00001106,Trinity Health,system name: Trinity Health,Home Infusion Therapy,90348,"Trinity Home Care, L.L.C.",Option Care,48-05 Metropolitan Ave. Suite 3-02,Ridgewood,NY,11385,"https://organization.achc.org/print?legalCompanyName=Trinity%20Home%20Care,%20L.L.C.&dbaCompanyName=Option%20Care&companyID=90348&full_address=Ridgewood,%20NY%2011385&physicalAddress=48-05%20Metropolitan%20Ave.%20Suite%203-02,",2026-10-02
HSI00001526,Advocate Health,system name: Advocate Health | address = member hospital: Advocate Christ Hospital,Pharmacy: Specialty Pharmacy Services,94647,Advocate Health and Hospitals Corporation,Advocate Pharmacy #1514,4440 W. 95th Street SUITE O201P,Oak Lawn,IL,60453,"https://organization.achc.org/print?legalCompanyName=Advocate%20Health%20and%20Hospitals%20Corporation&dbaCompanyName=Advocate%20Pharmacy%20#1514&companyID=94647&full_address=Oak%20Lawn,%20IL%2060453&physicalAddress=4440%20W.%2095th%20Street%20SUITE%20O201P,",2026-10-02
HSI00001526,Advocate Health,system name: Advocate Health | member hospital: Advocate North Side Health Network | address = member hospital: Advocate North Side Health Network,Pharmacy: Specialty Pharmacy Services,90160,Advocate North Side Health Network,Advocate Pharmacy #1510,"836 W. Wellington Avenue, STE 1801",Chicago,IL,60657,"https://organization.achc.org/print?legalCompanyName=Advocate%20North%20Side%20Health%20Network&dbaCompanyName=Advocate%20Pharmacy%20#1510&companyID=90160&full_address=Chicago,%20IL%2060657&physicalAddress=836%20W.%20Wellington%20Avenue,%20STE%201801,",2026-10-02
HSI00001526,Advocate Health,member hospital: Aurora Health Care Metro  Inc. | address = member hospital: Aurora Health Care Metro  Inc.,Pharmacy: Specialty Pharmacy Services,46030,"Aurora Healthcare Metro, Inc.",ASLMC Pharmacy,"2900 W. Oklahoma Ave., Suite 1001",Milwaukee,WI,53215,"https://organization.achc.org/print?legalCompanyName=Aurora%20Healthcare%20Metro,%20Inc.&dbaCompanyName=ASLMC%20Pharmacy&companyID=46030&full_address=Milwaukee,%20WI%2053215&physicalAddress=2900%20W.%20Oklahoma%20Ave.,%20Suite%201001",2026-10-02
HSI00001526,Advocate Health,address = member hospital: Atrium Health Cabarrus,Pharmacy: Specialty Pharmacy Services,74041,CHS Pharmacy Services Inc.,Atrium Health Pharmacy Pavilion,920 Church Street N,Concord,NC,28025,"https://organization.achc.org/print?legalCompanyName=CHS%20Pharmacy%20Services%20Inc.&dbaCompanyName=Atrium%20Health%20Pharmacy%20Pavilion&companyID=74041&full_address=Concord,%20NC%2028025&physicalAddress=920%20Church%20Street%20N,",2026-10-02
HSI00000536,Kaiser Permanente,system name: Kaiser Permanente,Pharmacy: Specialty Pharmacy Services,97980,Kaiser Foundation Health Plan Inc,Kaiser Permanente Pharmacy #329,"Specialty Pharmacy 4131 Geary Blvd, Room 112",San Francisco ,CA,94118,"https://organization.achc.org/print?legalCompanyName=Kaiser%20Foundation%20Health%20Plan%20Inc&dbaCompanyName=Kaiser%20Permanente%20Pharmacy%20#329&companyID=97980&full_address=San%20Francisco%20,%20CA%2094118&physicalAddress=Specialty%20Pharmacy%204131%20Geary%20Blvd,%20Room%20112,",2026-10-02
HSI00000852,Providence,system name: Providence | address = member hospital: Providence Lttl Co Mary Mc Torrance,Pharmacy: Specialty Pharmacy Services,93347,Providence Southern California,Providence Little Company of Mary Medical Center Torrance,4101 Torrance Blvd,Torrance,CA,90503,"https://organization.achc.org/print?legalCompanyName=Providence%20Southern%20California&dbaCompanyName=Providence%20Little%20Company%20of%20Mary%20Medical%20Center%20Torrance&companyID=93347&full_address=Torrance,%20CA%2090503&physicalAddress=4101%20Torrance%20Blvd,",2026-10-02
HSI00000010,AdventHealth,system name: AdventHealth | address = member hospital: Ucm Adventhealth Bolingbrook,Pharmacy: Specialty Pharmacy Services,90006,Adventist Bolingbrook Hospital,UChicago Medicine AdventHealth Pharmacy Bolingbrook,500 Remington Blvd,Bolingbrook,IL,60440,"https://organization.achc.org/print?legalCompanyName=Adventist%20Bolingbrook%20Hospital&dbaCompanyName=UChicago%20Medicine%20AdventHealth%20Pharmacy%20Bolingbrook&companyID=90006&full_address=Bolingbrook,%20IL%2060440&physicalAddress=500%20Remington%20Blvd,",2026-10-02
HSI00000010,AdventHealth,system name: AdventHealth | member hospital: Adventhealth Orlando,Pharmacy: Specialty Pharmacy Services,98768,"Adventist Health System-Sunbelt, Inc",AdventHealth Outpatient Pharmacy Orlando,"2501 N Orange Ave, Suite 122",Orlando,FL,32804,"https://organization.achc.org/print?legalCompanyName=Adventist%20Health%20System-Sunbelt,%20Inc&dbaCompanyName=AdventHealth%20Outpatient%20Pharmacy%20Orlando&companyID=98768&full_address=Orlando,%20FL%2032804&physicalAddress=2501%20N%20Orange%20Ave,%20Suite%20122,",2026-10-02
HSI00001428,Bon Secours Mercy Health,member hospital: Mercy Regional Medical Center,Pharmacy: Infusion Pharmacy Services,71417,"Community Mercy Home Care Services of Springfield, LLC",Community Mercy Home Care Services Pharmacy,9963 Cincinnati-Dayton Road,West Chester,OH,45069,"https://organization.achc.org/print?legalCompanyName=Community%20Mercy%20Home%20Care%20Services%20of%20Springfield,%20LLC&dbaCompanyName=Community%20Mercy%20Home%20Care%20Services%20Pharmacy&companyID=71417&full_address=West%20Chester,%20OH%2045069&physicalAddress=9963%20Cincinnati-Dayton%20Road,",2026-10-02
HSI00000767,Northwell Health,member hospital: Lenox Hill Hospital | address = member hospital: Lenox Hill Hospital,Pharmacy: Specialty Pharmacy Services,87811,Lenox Hill Hospital,Vivo Health Pharmacy at Lenox Hill,100 E 77th Street,New York,NY,10075,"https://organization.achc.org/print?legalCompanyName=Lenox%20Hill%20Hospital&dbaCompanyName=Vivo%20Health%20Pharmacy%20at%20Lenox%20Hill&companyID=87811&full_address=New%20York,%20NY%2010075&physicalAddress=100%20E%2077th%20Street,",2026-10-02
HSI00000767,Northwell Health,member hospital: North Shore University Hospital,Pharmacy: Specialty Pharmacy Services,89540,North Shore Hematology & Oncology,Ny Cancer and Blood Specialist,1 Delaware Drive,New Hyde Park,NY,11042,"https://organization.achc.org/print?legalCompanyName=North%20Shore%20Hematology%20&%20Oncology&dbaCompanyName=Ny%20Cancer%20and%20Blood%20Specialist&companyID=89540&full_address=New%20Hyde%20Park,%20NY%2011042&physicalAddress=1%20Delaware%20Drive,",2026-10-02
HSI00000767,Northwell Health,member hospital: North Shore University Hospital,Pharmacy: Specialty Pharmacy Services,78477,North Shore Hematology Onc Associates PC,New York Cancer and Blood Specialsts,365 East Main Street,Patchogue,NY,11772,"https://organization.achc.org/print?legalCompanyName=North%20Shore%20Hematology%20Onc%20Associates%20PC&dbaCompanyName=New%20York%20Cancer%20and%20Blood%20Specialsts&companyID=78477&full_address=Patchogue,%20NY%2011772&physicalAddress=365%20East%20Main%20Street,",2026-10-02
HSI00000767,Northwell Health,member hospital: North Shore University Hospital,Pharmacy: Specialty Pharmacy Services,98897,North Shore Hematology Oncology Associates,Ny Cancer and Blood Specialist,159 Barnegat Road Suite 101,Poughkeepsie,NY,12601,"https://organization.achc.org/print?legalCompanyName=North%20Shore%20Hematology%20Oncology%20Associates&dbaCompanyName=Ny%20Cancer%20and%20Blood%20Specialist&companyID=98897&full_address=Poughkeepsie,%20NY%2012601&physicalAddress=159%20Barnegat%20Road%20Suite%20101,",2026-10-02
HSI00000767,Northwell Health,member hospital: North Shore University Hospital,Pharmacy: Specialty Pharmacy Services,78478,North Shore Hematology Oncology Associates PC,New York Cancer and Blood Specialists,12 East 86th Street,New York,NY,10028,"https://organization.achc.org/print?legalCompanyName=North%20Shore%20Hematology%20Oncology%20Associates%20PC&dbaCompanyName=New%20York%20Cancer%20and%20Blood%20Specialists&companyID=78478&full_address=New%20York,%20NY%2010028&physicalAddress=12%20East%2086th%20Street,",2026-10-02
HSI00000767,Northwell Health,member hospital: North Shore University Hospital,Pharmacy: Specialty Pharmacy Services,71982,North Shore Hematology/Oncology Associates,Ny Cancer and Blood Specialist,49 Route 347,Port Jefferson Station,NY,11776,"https://organization.achc.org/print?legalCompanyName=North%20Shore%20Hematology/Oncology%20Associates&dbaCompanyName=Ny%20Cancer%20and%20Blood%20Specialist&companyID=71982&full_address=Port%20Jefferson%20Station,%20NY%2011776&physicalAddress=49%20Route%20347,",2026-10-02
HSI00000767,Northwell Health,member hospital: North Shore University Hospital,Pharmacy: Specialty Pharmacy Services,89697,North Shore Hematology/Oncology Associates,New York Cancer & Blood Specialists,2236 Nostrand Avenue,Brooklyn,NY,11210,"https://organization.achc.org/print?legalCompanyName=North%20Shore%20Hematology/Oncology%20Associates&dbaCompanyName=New%20York%20Cancer%20&%20Blood%20Specialists&companyID=89697&full_address=Brooklyn,%20NY%2011210&physicalAddress=2236%20Nostrand%20Avenue,",2026-10-02
HSI00000767,Northwell Health,member hospital: North Shore University Hospital,Pharmacy: Specialty Pharmacy Services,78479,North Shore Hemtology Oncology Assoicates PC,New York Cancerand Blood Specialists,750 Old Country Road,Riverhead,NY,11901,"https://organization.achc.org/print?legalCompanyName=North%20Shore%20Hemtology%20Oncology%20Assoicates%20PC&dbaCompanyName=New%20York%20Cancerand%20Blood%20Specialists&companyID=78479&full_address=Riverhead,%20NY%2011901&physicalAddress=750%20Old%20Country%20Road,",2026-10-02
HSI00000767,Northwell Health,member hospital: Staten Island University Hospital | address = member hospital: Staten Island University Hospital,Pharmacy: Specialty Pharmacy Services,87812,Staten Island University Hospital,Vivo Health Pharmacy at Staten Island,475 Seaview Avenue,Staten Island,NY,10305,"https://organization.achc.org/print?legalCompanyName=Staten%20Island%20University%20Hospital&dbaCompanyName=Vivo%20Health%20Pharmacy%20at%20Staten%20Island&companyID=87812&full_address=Staten%20Island,%20NY%2010305&physicalAddress=475%20Seaview%20Avenue,",2026-10-02
HSI00000073,Banner Health,system name: Banner Health,Pharmacy: Specialty Pharmacy Services,78327,Banner Pharmacy Services LLC,Banner Family Pharmacy - Chandler,7300 W Detroit St,Chandler,AZ,85226,"https://organization.achc.org/print?legalCompanyName=Banner%20Pharmacy%20Services%20LLC&dbaCompanyName=Banner%20Family%20Pharmacy%20-%20Chandler&companyID=78327&full_address=Chandler,%20AZ%2085226&physicalAddress=7300%20W%20Detroit%20St,",2026-10-02
HSI00001078,Cleveland Clinic,system name: Cleveland Clinic | member hospital: Cleveland Clinic Hospital,Pharmacy: Specialty Pharmacy Services,93263,Cleveland Clinic Foundation,Cleveland Clinic Specialty/Home Delivery Pharmacy,"3175 Science Park Dr, AC4B-100",Beachwood,OH,44122,"https://organization.achc.org/print?legalCompanyName=Cleveland%20Clinic%20Foundation&dbaCompanyName=Cleveland%20Clinic%20Specialty/Home%20Delivery%20Pharmacy&companyID=93263&full_address=Beachwood,%20OH%2044122&physicalAddress=3175%20Science%20Park%20Dr,%20AC4B-100,",2026-10-02
HSI00001021,Corewell Health,system name: Corewell Health,Pharmacy: Specialty Pharmacy Services,82290,William Beaumont Hospital,Corewell Health Specialty Pharmacy,41965 Ecorse Rd,Van Buren Township,MI,48111,"https://organization.achc.org/print?legalCompanyName=William%20Beaumont%20Hospital&dbaCompanyName=Corewell%20Health%20Specialty%20Pharmacy&companyID=82290&full_address=Van%20Buren%20Township,%20MI%2048111&physicalAddress=41965%20Ecorse%20Rd,",2026-10-02
HSI00001021,Corewell Health,system name: Corewell Health,Pharmacy: Infusion Pharmacy Services,99035,William Beaumont Hospital,Corewell Health Home Infusion,31157 Woodward Ave. Suite 101,Royal Oak,MI,48073,"https://organization.achc.org/print?legalCompanyName=William%20Beaumont%20Hospital&dbaCompanyName=Corewell%20Health%20Home%20Infusion&companyID=99035&full_address=Royal%20Oak,%20MI%2048073&physicalAddress=31157%20Woodward%20Ave.%20Suite%20101,",2026-10-02
HSI00001021,Corewell Health,system name: Corewell Health,Home Infusion Therapy,78902,William Beaumont Hospital (Deemed),Corewell Health Home Infusion,"31157 Woodward Ave, Suite 101",Royal Oak,MI,48073,"https://organization.achc.org/print?legalCompanyName=William%20Beaumont%20Hospital%20(Deemed)&dbaCompanyName=Corewell%20Health%20Home%20Infusion&companyID=78902&full_address=Royal%20Oak,%20MI%2048073&physicalAddress=31157%20Woodward%20Ave,%20Suite%20101",2026-10-02
HSI00000902,SSM Health,system name: SSM Health,Pharmacy: Specialty Pharmacy Services,94814,Dean Retail Services,SSM Health Pharmacy,3662 Park Ave Ste 155,St Louis,MO,63110,"https://organization.achc.org/print?legalCompanyName=Dean%20Retail%20Services&dbaCompanyName=SSM%20Health%20Pharmacy&companyID=94814&full_address=St%20Louis,%20MO%2063110&physicalAddress=3662%20Park%20Ave%20Ste%20155,",2026-10-02
HSI00000902,SSM Health,system name: SSM Health,Pharmacy: Specialty Pharmacy Services,83141,"Dean Retail Services, Inc.",SSM Health Pharmacy,310 Integrity Dr. Suite 103,Madison,WI,53717,"https://organization.achc.org/print?legalCompanyName=Dean%20Retail%20Services,%20Inc.&dbaCompanyName=SSM%20Health%20Pharmacy&companyID=83141&full_address=Madison,%20WI%2053717&physicalAddress=310%20Integrity%20Dr.%20Suite%20103,",2026-10-02
HSI00000863,RWJBarnabas Health,system name: RWJBarnabas Health,Pharmacy: Specialty Pharmacy Services,75803,"Livingston Infusion Care, Inc.",RWJBarnabas Health Infusion and Specialty Pharmacy,603 Montrose Ave.,South Plainfield,NJ,07080,"https://organization.achc.org/print?legalCompanyName=Livingston%20Infusion%20Care,%20Inc.&dbaCompanyName=RWJBarnabas%20Health%20Infusion%20and%20Specialty%20Pharmacy&companyID=75803&full_address=South%20Plainfield,%20NJ%2007080&physicalAddress=603%20Montrose%20Ave.,",2026-10-02
HSI00000096,Baylor Scott and White Health,system name: Baylor Scott and White Health | member hospital: Scott And White Memorial Hospital,Pharmacy: Specialty Pharmacy Services,83206,"Baylor Scott & White Health Enterprises, Inc",Baylor Scott & White Pharmacy #201,425 University Blvd. Ste#165,Round Rock,TX,78665,"https://organization.achc.org/print?legalCompanyName=Baylor%20Scott%20&%20White%20Health%20Enterprises,%20Inc&dbaCompanyName=Baylor%20Scott%20&%20White%20Pharmacy%20#201&companyID=83206&full_address=Round%20Rock,%20TX%2078665&physicalAddress=425%20University%20Blvd.%20Ste#165,",2026-10-02
HSI00000096,Baylor Scott and White Health,system name: Baylor Scott and White Health | member hospital: Scott And White Memorial Hospital,Pharmacy: Specialty Pharmacy Services,90026,"Baylor Scott & White Health Enterprises, Inc",Baylor Scott & White Pharmacy #227,937 Canyon Creek Dr,Temple,TX,76502,"https://organization.achc.org/print?legalCompanyName=Baylor%20Scott%20&%20White%20Health%20Enterprises,%20Inc&dbaCompanyName=Baylor%20Scott%20&%20White%20Pharmacy%20#227&companyID=90026&full_address=Temple,%20TX%2076502&physicalAddress=937%20Canyon%20Creek%20Dr,",2026-10-02
HSI00000096,Baylor Scott and White Health,system name: Baylor Scott and White Health | member hospital: Scott And White Memorial Hospital,Pharmacy: Specialty Pharmacy Services,96714,"Baylor Scott & White Health Enterprises, Inc.",Baylor Scott & White Pharmacy #101,3600 Gaston Avenue Ste#109,Dallas,TX,75246,"https://organization.achc.org/print?legalCompanyName=Baylor%20Scott%20&%20White%20Health%20Enterprises,%20Inc.&dbaCompanyName=Baylor%20Scott%20&%20White%20Pharmacy%20#101&companyID=96714&full_address=Dallas,%20TX%2075246&physicalAddress=3600%20Gaston%20Avenue%20Ste#109,",2026-10-02
HSI00000096,Baylor Scott and White Health,system name: Baylor Scott and White Health | member hospital: Scott And White Memorial Hospital,Pharmacy: Specialty Pharmacy Services,96715,"Baylor Scott & White Health Enterprises, Inc.",Baylor Scott & White Pharmacy #276,1296 Arrington Rd Ste#200,College Station,TX,77845,"https://organization.achc.org/print?legalCompanyName=Baylor%20Scott%20&%20White%20Health%20Enterprises,%20Inc.&dbaCompanyName=Baylor%20Scott%20&%20White%20Pharmacy%20#276&companyID=96715&full_address=College%20Station,%20TX%2077845&physicalAddress=1296%20Arrington%20Rd%20Ste#200,",2026-10-02
HSI00000096,Baylor Scott and White Health,member hospital: Round Rock Hospital,Pharmacy: Specialty Pharmacy Services,85402,"Oncology Pharmacy Services, Inc.",Texas Oncology Pharmacy-Round Rock,"2410 Round Rock Avenue, Suite 150",Round Rock,TX,78681,"https://organization.achc.org/print?legalCompanyName=Oncology%20Pharmacy%20Services,%20Inc.%20&dbaCompanyName=Texas%20Oncology%20Pharmacy-Round%20Rock&companyID=85402&full_address=Round%20Rock,%20TX%2078681&physicalAddress=2410%20Round%20Rock%20Avenue,%20Suite%20150,",2026-10-02
HSI00000826,Piedmont Healthcare,system name: Piedmont Healthcare | member hospital: Piedmont Hospital Inc.,Pharmacy: Specialty Pharmacy Services,88575,Peachtree Hematology-Oncology Consultants PC,Piedmont Cancer Institute Pharmacy,"1800 Howell Mill Rd, Ste. 775",Atlanta,GA,30318,"https://organization.achc.org/print?legalCompanyName=Peachtree%20Hematology-Oncology%20Consultants%20PC&dbaCompanyName=Piedmont%20Cancer%20Institute%20Pharmacy&companyID=88575&full_address=Atlanta,%20GA%2030318&physicalAddress=1800%20Howell%20Mill%20Rd,%20Ste.%20775,",2026-10-02
HSI00000826,Piedmont Healthcare,system name: Piedmont Healthcare | member hospital: Piedmont Hospital Inc.,Pharmacy: Specialty Pharmacy Services,82551,Piedmont Direct Pharmacy,Piedmont Direct Pharmacy,190 Ben Burton Circle,Bogart,GA,30622,"https://organization.achc.org/print?legalCompanyName=Piedmont%20Direct%20Pharmacy&dbaCompanyName=Piedmont%20Direct%20Pharmacy&companyID=82551&full_address=Bogart,%20GA%2030622&physicalAddress=190%20Ben%20Burton%20Circle,",2026-10-02
HSI00000826,Piedmont Healthcare,system name: Piedmont Healthcare | member hospital: Piedmont Hospital Inc.,Pharmacy: Specialty Pharmacy Services,100067,"The Medical Center, Inc",Piedmont Specialty Pharmacy South,727 Center Street,Columbus,GA,31901,"https://organization.achc.org/print?legalCompanyName=The%20Medical%20Center,%20Inc&dbaCompanyName=Piedmont%20Specialty%20Pharmacy%20South&companyID=100067&full_address=Columbus,%20GA%2031901&physicalAddress=727%20Center%20Street,",2026-10-02
HSI00000654,Memorial Hermann Healthcare System,system name: Memorial Hermann Healthcare System,Pharmacy: Specialty Pharmacy Services,76102,"Memorial Hermann Pharmacy Services, LLC",,21501 Park Row Dr. Suite 200,Katy,TX,77449,"https://organization.achc.org/print?legalCompanyName=Memorial%20Hermann%20Pharmacy%20Services,%20LLC&dbaCompanyName=&companyID=76102&full_address=Katy,%20TX%2077449&physicalAddress=21501%20Park%20Row%20Dr.%20Suite%20200,",2026-10-02
HSI00000731,New York Presbyterian Healthcare System,member hospital: Newyork-Presbyterian/Queens | address = member hospital: Newyork-Presbyterian/Queens,Pharmacy: Specialty Pharmacy Services,76305,NewYork-Presbyterian/Queens,NewYork-Presbyterian/Queens,56-45 Main Street,Flushing,NY,11355,"https://organization.achc.org/print?legalCompanyName=NewYork-Presbyterian/Queens&dbaCompanyName=NewYork-Presbyterian/Queens&companyID=76305&full_address=Flushing,%20NY%2011355&physicalAddress=56-45%20Main%20Street,",2026-10-02
HSI00000731,New York Presbyterian Healthcare System,system name: New York Presbyterian Healthcare System | member hospital: New York Presbyterian Hospital,Pharmacy: Specialty Pharmacy Services,96629,The New York and Presbyterian Hospital,NewYork-Presbyterian Pharmacy,1129 Westchester Ave FL 1,White Plains,NY,10604,"https://organization.achc.org/print?legalCompanyName=The%20New%20York%20and%20Presbyterian%20Hospital&dbaCompanyName=NewYork-Presbyterian%20Pharmacy&companyID=96629&full_address=White%20Plains,%20NY%2010604&physicalAddress=1129%20Westchester%20Ave%20FL%201,",2026-10-02
HSI00001050,Sutter Health,system name: Sutter Health,Pharmacy: Specialty Pharmacy Services,91554,Sutter Bay Hospitals,Sutter Health Specialty Pharmacy @ ABSMC,2001 Dwight WY Ste 2182,Berkeley,CA,94704,"https://organization.achc.org/print?legalCompanyName=Sutter%20Bay%20Hospitals&dbaCompanyName=Sutter%20Health%20Specialty%20Pharmacy%20@%20ABSMC&companyID=91554&full_address=Berkeley,%20CA%2094704&physicalAddress=2001%20Dwight%20WY%20Ste%202182,",2026-10-02
HSI00000048,Jefferson Health,member hospital: Albert Einstein Medical Center | member hospital: Albert Einstein Healthcare Network,Pharmacy: Specialty Pharmacy Services,77949,Albert Einstein Medical Center,Einstein at Center One Pharmacy,9880 Bustleton Ave Suite 305,Philadelphia ,PA,19115,"https://organization.achc.org/print?legalCompanyName=Albert%20Einstein%20Medical%20Center&dbaCompanyName=Einstein%20at%20Center%20One%20Pharmacy&companyID=77949&full_address=Philadelphia%20,%20PA%2019115&physicalAddress=9880%20Bustleton%20Ave%20Suite%20305,",2026-10-02
HSI00000070,BJC Healthcare,member hospital: Barnes-Jewish Hospital,Pharmacy: Specialty Pharmacy Services,91469,Barnes-Jewish Hospital,Advanced Family Care Pharmacy,"1234 S Kingshighway Blvd., Suite 1900",Saint Louis,MO,63110,"https://organization.achc.org/print?legalCompanyName=Barnes-Jewish%20Hospital&dbaCompanyName=Advanced%20Family%20Care%20Pharmacy&companyID=91469&full_address=Saint%20Louis,%20MO%2063110&physicalAddress=1234%20S%20Kingshighway%20Blvd.,%20Suite%201900,",2026-10-02
HSI00001072,Texas Health Resources,member hospital: Texas Health H-E-B,Pharmacy: Specialty Pharmacy Services,77960,AIDS ARMS INC,Prism Health North Texas Pharmacy #1,"4907 Spring Ave, Suite 101",Dallas,TX,75210,"https://organization.achc.org/print?legalCompanyName=AIDS%20ARMS%20INC&dbaCompanyName=Prism%20Health%20North%20Texas%20Pharmacy%20#1&companyID=77960&full_address=Dallas,%20TX%2075210&physicalAddress=4907%20Spring%20Ave,%20Suite%20101",2026-10-02
HSI00001072,Texas Health Resources,member hospital: Texas Health H-E-B,Pharmacy: Specialty Pharmacy Services,81942,AIDS ARMS INC,Prism Health North Texas Pharmacy #2,"219 Sunset Avenue, Suite 116A Conference 1A",Dallas,TX,75208,"https://organization.achc.org/print?legalCompanyName=AIDS%20ARMS%20INC&dbaCompanyName=Prism%20Health%20North%20Texas%20Pharmacy%20#2&companyID=81942&full_address=Dallas,%20TX%2075208&physicalAddress=219%20Sunset%20Avenue,%20Suite%20116A%20Conference%201A",2026-10-02
HSI00001072,Texas Health Resources,member hospital: Texas Health H-E-B,Pharmacy: Specialty Pharmacy Services,81943,AIDS ARMS INC.,Prism Health North Texas Pharmacy #3,"2801 Lemmon Avenue, Suite 100",Dallas,TX,75204,"https://organization.achc.org/print?legalCompanyName=AIDS%20ARMS%20INC.&dbaCompanyName=Prism%20Health%20North%20Texas%20Pharmacy%20#3&companyID=81943&full_address=Dallas,%20TX%2075204&physicalAddress=2801%20Lemmon%20Avenue,%20Suite%20100",2026-10-02
HSI00001072,Texas Health Resources,member hospital: Texas Health H-E-B,Pharmacy: Specialty Pharmacy Services,89927,Children's Health System of Texas,Children's Health Specialty Pharmacy,"1935 Medical District Drive, Ste C1270",Dallas,TX,75235,"https://organization.achc.org/print?legalCompanyName=Children's%20Health%20System%20of%20Texas&dbaCompanyName=Children's%20Health%20Specialty%20Pharmacy&companyID=89927&full_address=Dallas,%20TX%2075235&physicalAddress=1935%20Medical%20District%20Drive,%20Ste%20C1270,",2026-10-02
HSI00001072,Texas Health Resources,member hospital: Texas Health H-E-B,Pharmacy: Specialty Pharmacy Services,98649,"Heart of Texas Community Health Center, Inc.",,1600 Providence Dr. Ste 101,Waco,TX,76707,"https://organization.achc.org/print?legalCompanyName=Heart%20of%20Texas%20Community%20Health%20Center,%20Inc.&dbaCompanyName=&companyID=98649&full_address=Waco,%20TX%2076707&physicalAddress=1600%20Providence%20Dr.%20Ste%20101,",2026-10-02
HSI00001072,Texas Health Resources,member hospital: Texas Health H-E-B,Pharmacy: Specialty Pharmacy Services,89841,Oncology Pharmacy Services,Texas Oncology Pharmacy-Keller,9750 Hillwood Pkwy,Fort Worth,TX,76177,"https://organization.achc.org/print?legalCompanyName=Oncology%20Pharmacy%20Services&dbaCompanyName=Texas%20Oncology%20Pharmacy-Keller&companyID=89841&full_address=Fort%20Worth,%20TX%2076177&physicalAddress=9750%20Hillwood%20Pkwy,",2026-10-02
HSI00001072,Texas Health Resources,member hospital: Texas Health H-E-B,Pharmacy: Specialty Pharmacy Services,89842,Oncology Pharmacy Services,Texas Oncology- Woodlands,9180 Pinecroft Dr. Ste 600,The Woodlands,TX,77380,"https://organization.achc.org/print?legalCompanyName=Oncology%20Pharmacy%20Services&dbaCompanyName=Texas%20Oncology-%20Woodlands&companyID=89842&full_address=The%20Woodlands,%20TX%2077380&physicalAddress=9180%20Pinecroft%20Dr.%20Ste%20600,",2026-10-02
HSI00001072,Texas Health Resources,member hospital: Texas Health H-E-B,Pharmacy: Specialty Pharmacy Services,85366,"Oncology Pharmacy Services, Inc.",Texas Oncology Pharmacy-Denison,"5125 Texoma Medical Center Dr, Suite 100",Denison,TX,75020,"https://organization.achc.org/print?legalCompanyName=Oncology%20Pharmacy%20Services,%20Inc.%20&dbaCompanyName=Texas%20Oncology%20Pharmacy-Denison&companyID=85366&full_address=Denison,%20TX%2075020&physicalAddress=5125%20Texoma%20Medical%20Center%20Dr,%20Suite%20100",2026-10-02
HSI00001072,Texas Health Resources,member hospital: Texas Health H-E-B,Pharmacy: Specialty Pharmacy Services,85367,"Oncology Pharmacy Services, Inc.",Texas Oncology Pharmacy-HEB,1609 Hospital Parkway,Bedford,TX,76022,"https://organization.achc.org/print?legalCompanyName=Oncology%20Pharmacy%20Services,%20Inc.%20&dbaCompanyName=Texas%20Oncology%20Pharmacy-HEB&companyID=85367&full_address=Bedford,%20TX%2076022&physicalAddress=1609%20Hospital%20Parkway,",2026-10-02
HSI00001072,Texas Health Resources,member hospital: Texas Health H-E-B,Pharmacy: Specialty Pharmacy Services,85368,"Oncology Pharmacy Services, Inc.",Texas Oncology Pharmacy-Amarillo,1826 Point West Parkway,Amarillo,TX,79124,"https://organization.achc.org/print?legalCompanyName=Oncology%20Pharmacy%20Services,%20Inc.%20&dbaCompanyName=Texas%20Oncology%20Pharmacy-Amarillo&companyID=85368&full_address=Amarillo,%20TX%2079124&physicalAddress=1826%20Point%20West%20Parkway,",2026-10-02
HSI00001072,Texas Health Resources,member hospital: Texas Health H-E-B,Pharmacy: Specialty Pharmacy Services,85369,"Oncology Pharmacy Services, Inc.",Texas Oncology Pharmacy-Irving,"2021 N MacArthur, Suite 400",Irving,TX,75061,"https://organization.achc.org/print?legalCompanyName=Oncology%20Pharmacy%20Services,%20Inc.%20&dbaCompanyName=Texas%20Oncology%20Pharmacy-Irving&companyID=85369&full_address=Irving,%20TX%2075061&physicalAddress=2021%20N%20MacArthur,%20Suite%20400,",2026-10-02
HSI00001072,Texas Health Resources,member hospital: Texas Health H-E-B,Pharmacy: Specialty Pharmacy Services,85370,"Oncology Pharmacy Services, Inc.",Texas Oncology Pharmacy-Medical City,"7777 Forest Lane, Building D, Suite 220",Dallas,TX,75230,"https://organization.achc.org/print?legalCompanyName=Oncology%20Pharmacy%20Services,%20Inc.%20&dbaCompanyName=Texas%20Oncology%20Pharmacy-Medical%20City&companyID=85370&full_address=Dallas,%20TX%2075230&physicalAddress=7777%20Forest%20Lane,%20Building%20D,%20Suite%20220,",2026-10-02
HSI00001072,Texas Health Resources,member hospital: Texas Health H-E-B,Pharmacy: Specialty Pharmacy Services,85371,"Oncology Pharmacy Services, Inc.",Texas Oncology Pharmacy-Mesquite,4700 N Galloway,Mesquite,TX,75150,"https://organization.achc.org/print?legalCompanyName=Oncology%20Pharmacy%20Services,%20Inc.%20&dbaCompanyName=Texas%20Oncology%20Pharmacy-Mesquite&companyID=85371&full_address=Mesquite,%20TX%2075150&physicalAddress=4700%20N%20Galloway,",2026-10-02
HSI00001072,Texas Health Resources,member hospital: Texas Health H-E-B,Pharmacy: Specialty Pharmacy Services,85372,"Oncology Pharmacy Services, Inc.",Texas Oncology Pharmacy-Plano West,"4708 Alliance Boulevard, Suite 150",Plano,TX,75093,"https://organization.achc.org/print?legalCompanyName=Oncology%20Pharmacy%20Services,%20Inc.%20&dbaCompanyName=Texas%20Oncology%20Pharmacy-Plano%20West&companyID=85372&full_address=Plano,%20TX%2075093&physicalAddress=4708%20Alliance%20Boulevard,%20Suite%20150,",2026-10-02
HSI00001072,Texas Health Resources,member hospital: Texas Health H-E-B | member hospital: Texas Health Dallas | member hospital: Texas Health Presbyterian Hospital P,Pharmacy: Specialty Pharmacy Services,85373,"Oncology Pharmacy Services, Inc.",Texas Oncology Pharmacy-Dallas Presbyterian,"8196 Walnut Hill Lane, #100",Dallas,TX,75231,"https://organization.achc.org/print?legalCompanyName=Oncology%20Pharmacy%20Services,%20Inc.%20&dbaCompanyName=Texas%20Oncology%20Pharmacy-Dallas%20Presbyterian&companyID=85373&full_address=Dallas,%20TX%2075231&physicalAddress=8196%20Walnut%20Hill%20Lane,%20#100,",2026-10-02
HSI00001072,Texas Health Resources,member hospital: Texas Health H-E-B,Pharmacy: Specialty Pharmacy Services,85374,"Oncology Pharmacy Services, Inc.",Texas Oncology Pharmacy-Webster,501 Medical Center Boulevard,Webster,TX,77598,"https://organization.achc.org/print?legalCompanyName=Oncology%20Pharmacy%20Services,%20Inc.%20&dbaCompanyName=Texas%20Oncology%20Pharmacy-Webster&companyID=85374&full_address=Webster,%20TX%2077598&physicalAddress=501%20Medical%20Center%20Boulevard,",2026-10-02
HSI00001072,Texas Health Resources,member hospital: Texas Health H-E-B,Pharmacy: Specialty Pharmacy Services,85375,"Oncology Pharmacy Services, Inc.",Texas Oncology Pharmacy-Wichita Falls,5400 Kell Boulevard,Wichita Falls,TX,76310,"https://organization.achc.org/print?legalCompanyName=Oncology%20Pharmacy%20Services,%20Inc.%20&dbaCompanyName=Texas%20Oncology%20Pharmacy-Wichita%20Falls&companyID=85375&full_address=Wichita%20Falls,%20TX%2076310&physicalAddress=5400%20Kell%20Boulevard,",2026-10-02
HSI00001072,Texas Health Resources,member hospital: Texas Health H-E-B,Pharmacy: Specialty Pharmacy Services,85376,"Oncology Pharmacy Services, Inc.",Texas Oncology Pharmacy-Brownsville,"2150 North Expressway, Suite 83",Brownsville,TX,78521,"https://organization.achc.org/print?legalCompanyName=Oncology%20Pharmacy%20Services,%20Inc.%20&dbaCompanyName=Texas%20Oncology%20Pharmacy-Brownsville&companyID=85376&full_address=Brownsville,%20TX%2078521&physicalAddress=2150%20North%20Expressway,%20Suite%2083,",2026-10-02
HSI00001072,Texas Health Resources,member hospital: Texas Health H-E-B,Pharmacy: Specialty Pharmacy Services,85377,"Oncology Pharmacy Services, Inc.",Texas Oncology Pharmacy-Harlingen,"2121 Pease, Suite 101",Harlingen,TX,78550,"https://organization.achc.org/print?legalCompanyName=Oncology%20Pharmacy%20Services,%20Inc.%20&dbaCompanyName=Texas%20Oncology%20Pharmacy-Harlingen&companyID=85377&full_address=Harlingen,%20TX%2078550&physicalAddress=2121%20Pease,%20Suite%20101,",2026-10-02
HSI00001072,Texas Health Resources,member hospital: Texas Health H-E-B,Pharmacy: Specialty Pharmacy Services,85378,"Oncology Pharmacy Services, Inc.",Texas Oncology Pharmacy-Longview,1400 N 4th Street,Longview,TX,75601,"https://organization.achc.org/print?legalCompanyName=Oncology%20Pharmacy%20Services,%20Inc.%20&dbaCompanyName=Texas%20Oncology%20Pharmacy-Longview&companyID=85378&full_address=Longview,%20TX%2075601&physicalAddress=1400%20N%204th%20Street,",2026-10-02
HSI00001072,Texas Health Resources,member hospital: Texas Health H-E-B,Pharmacy: Specialty Pharmacy Services,85379,"Oncology Pharmacy Services, Inc.",Texas Oncology Pharmacy-McAllen,1901 South Second,McAllen,TX,78503,"https://organization.achc.org/print?legalCompanyName=Oncology%20Pharmacy%20Services,%20Inc.%20&dbaCompanyName=Texas%20Oncology%20Pharmacy-McAllen&companyID=85379&full_address=McAllen,%20TX%2078503&physicalAddress=1901%20South%20Second,",2026-10-02
HSI00001072,Texas Health Resources,member hospital: Texas Health H-E-B,Pharmacy: Specialty Pharmacy Services,85380,"Oncology Pharmacy Services, Inc.",Texas Oncology Pharmacy-Paris,3550 N E Loop 286,Paris,TX,75460,"https://organization.achc.org/print?legalCompanyName=Oncology%20Pharmacy%20Services,%20Inc.%20&dbaCompanyName=Texas%20Oncology%20Pharmacy-Paris&companyID=85380&full_address=Paris,%20TX%2075460&physicalAddress=3550%20N%20E%20Loop%20286,",2026-10-02
HSI00001072,Texas Health Resources,member hospital: Texas Health H-E-B,Pharmacy: Specialty Pharmacy Services,85381,"Oncology Pharmacy Services, Inc.",Texas Oncology Pharmacy-Tyler,501 Saunders Ave. Suite 200,Tyler,TX,75702,"https://organization.achc.org/print?legalCompanyName=Oncology%20Pharmacy%20Services,%20Inc.%20&dbaCompanyName=Texas%20Oncology%20Pharmacy-Tyler&companyID=85381&full_address=Tyler,%20TX%2075702&physicalAddress=501%20Saunders%20Ave.%20Suite%20200,",2026-10-02
HSI00001072,Texas Health Resources,member hospital: Texas Health H-E-B,Pharmacy: Specialty Pharmacy Services,85382,"Oncology Pharmacy Services, Inc.",Texas Oncology Pharmacy-Abilene,1957 Antilley Road,Abilene,TX,79606,"https://organization.achc.org/print?legalCompanyName=Oncology%20Pharmacy%20Services,%20Inc.%20&dbaCompanyName=Texas%20Oncology%20Pharmacy-Abilene&companyID=85382&full_address=Abilene,%20TX%2079606&physicalAddress=1957%20Antilley%20Road,",2026-10-02
HSI00001072,Texas Health Resources,member hospital: Texas Health H-E-B,Pharmacy: Specialty Pharmacy Services,85383,"Oncology Pharmacy Services, Inc.",Texas Oncology Pharmacy-Beaumont,3010 Harrison Avenue,Beaumont,TX,77702,"https://organization.achc.org/print?legalCompanyName=Oncology%20Pharmacy%20Services,%20Inc.%20&dbaCompanyName=Texas%20Oncology%20Pharmacy-Beaumont&companyID=85383&full_address=Beaumont,%20TX%2077702&physicalAddress=3010%20Harrison%20Avenue,",2026-10-02
HSI00001072,Texas Health Resources,member hospital: Texas Health H-E-B | member hospital: Texas Health Denton,Pharmacy: Specialty Pharmacy Services,85384,"Oncology Pharmacy Services, Inc.",Texas Oncology Pharmacy-Denton,3720 South 1-35 East,Denton,TX,76210,"https://organization.achc.org/print?legalCompanyName=Oncology%20Pharmacy%20Services,%20Inc.%20&dbaCompanyName=Texas%20Oncology%20Pharmacy-Denton&companyID=85384&full_address=Denton,%20TX%2076210&physicalAddress=3720%20South%201-35%20East,",2026-10-02
HSI00001072,Texas Health Resources,member hospital: Texas Health H-E-B,Pharmacy: Specialty Pharmacy Services,85385,"Oncology Pharmacy Services, Inc.",Texas Oncology Pharmacy-Flower Mound,"4370 Medical Arts Dr., Suite 100",Flower Mound,TX,75028,"https://organization.achc.org/print?legalCompanyName=Oncology%20Pharmacy%20Services,%20Inc.%20&dbaCompanyName=Texas%20Oncology%20Pharmacy-Flower%20Mound&companyID=85385&full_address=Flower%20Mound,%20TX%2075028&physicalAddress=4370%20Medical%20Arts%20Dr.,%20Suite%20100,",2026-10-02
HSI00001072,Texas Health Resources,member hospital: Texas Health H-E-B,Pharmacy: Specialty Pharmacy Services,85386,"Oncology Pharmacy Services, Inc.",Texas Oncology Pharmacy-Fort Worth,"500 South Henderson St., Suite 300",Fort Worth,TX,76104,"https://organization.achc.org/print?legalCompanyName=Oncology%20Pharmacy%20Services,%20Inc.%20&dbaCompanyName=Texas%20Oncology%20Pharmacy-Fort%20Worth&companyID=85386&full_address=Fort%20Worth,%20TX%2076104&physicalAddress=500%20South%20Henderson%20St.,%20Suite%20300,",2026-10-02
HSI00001072,Texas Health Resources,member hospital: Texas Health H-E-B,Pharmacy: Specialty Pharmacy Services,85387,"Oncology Pharmacy Services, Inc.",Texas Oncology Pharmacy-Grapevine,"1631 Lancaster Drive, Suite 150",Grapevine,TX,76051,"https://organization.achc.org/print?legalCompanyName=Oncology%20Pharmacy%20Services,%20Inc.%20&dbaCompanyName=Texas%20Oncology%20Pharmacy-Grapevine&companyID=85387&full_address=Grapevine,%20TX%2076051&physicalAddress=1631%20Lancaster%20Drive,%20Suite%20150,",2026-10-02
HSI00001072,Texas Health Resources,member hospital: Texas Health H-E-B,Pharmacy: Specialty Pharmacy Services,85388,"Oncology Pharmacy Services, Inc.",Texas Oncology Pharmacy-Methodist Charlton,3555 W Wheatland Road,Dallas,TX,75237,"https://organization.achc.org/print?legalCompanyName=Oncology%20Pharmacy%20Services,%20Inc.%20&dbaCompanyName=Texas%20Oncology%20Pharmacy-Methodist%20Charlton&companyID=85388&full_address=Dallas,%20TX%2075237&physicalAddress=3555%20W%20Wheatland%20Road,",2026-10-02
HSI00001072,Texas Health Resources,member hospital: Texas Health H-E-B,Pharmacy: Specialty Pharmacy Services,85389,"Oncology Pharmacy Services, Inc.",Texas Oncology Pharmacy- North Arlington,906 Randol Mill Rd. Suite 200,Arlington,TX,76012,"https://organization.achc.org/print?legalCompanyName=Oncology%20Pharmacy%20Services,%20Inc.%20&dbaCompanyName=Texas%20Oncology%20Pharmacy-%20North%20Arlington&companyID=85389&full_address=Arlington,%20TX%2076012&physicalAddress=906%20Randol%20Mill%20Rd.%20Suite%20200,",2026-10-02
HSI00001072,Texas Health Resources,member hospital: Texas Health H-E-B,Pharmacy: Specialty Pharmacy Services,85390,"Oncology Pharmacy Services, Inc.",Texas Oncology Pharmacy-Plano,3705 W 15th Street,Plano,TX,75075,"https://organization.achc.org/print?legalCompanyName=Oncology%20Pharmacy%20Services,%20Inc.%20&dbaCompanyName=Texas%20Oncology%20Pharmacy-Plano&companyID=85390&full_address=Plano,%20TX%2075075&physicalAddress=3705%20W%2015th%20Street,",2026-10-02
HSI00001072,Texas Health Resources,member hospital: Texas Health H-E-B,Pharmacy: Specialty Pharmacy Services,85391,"Oncology Pharmacy Services, Inc.",Texas Oncology Pharmacy-Sammons,"3410 Worth Street, Suite 350",Dallas,TX,75246,"https://organization.achc.org/print?legalCompanyName=Oncology%20Pharmacy%20Services,%20Inc.%20&dbaCompanyName=Texas%20Oncology%20Pharmacy-Sammons&companyID=85391&full_address=Dallas,%20TX%2075246&physicalAddress=3410%20Worth%20Street,%20Suite%20350,",2026-10-02
HSI00001072,Texas Health Resources,member hospital: Texas Health H-E-B | member hospital: Texas Health Hospital Mansfield,Pharmacy: Specialty Pharmacy Services,85392,"Oncology Pharmacy Services, Inc.",Texas Oncology Pharmacy-Mansfield,"252 Matlock Road, Ste 140",Mansfield,TX,76063,"https://organization.achc.org/print?legalCompanyName=Oncology%20Pharmacy%20Services,%20Inc.%20&dbaCompanyName=Texas%20Oncology%20Pharmacy-Mansfield&companyID=85392&full_address=Mansfield,%20TX%2076063&physicalAddress=252%20Matlock%20Road,%20Ste%20140,",2026-10-02
HSI00001072,Texas Health Resources,member hospital: Texas Health H-E-B,Pharmacy: Specialty Pharmacy Services,85393,"Oncology Pharmacy Services, Inc.",Texas Oncology Pharmacy-Sugar Land,1350 First Colony Boulevard,Sugar Land,TX,77479,"https://organization.achc.org/print?legalCompanyName=Oncology%20Pharmacy%20Services,%20Inc.%20&dbaCompanyName=Texas%20Oncology%20Pharmacy-Sugar%20Land&companyID=85393&full_address=Sugar%20Land,%20TX%2077479&physicalAddress=1350%20First%20Colony%20Boulevard,",2026-10-02
HSI00001072,Texas Health Resources,member hospital: Texas Health H-E-B,Pharmacy: Specialty Pharmacy Services,85394,"Oncology Pharmacy Services, Inc.",Texas Oncology Pharmacy-Waco,1700 West Highway 6,Waco,TX,76712,"https://organization.achc.org/print?legalCompanyName=Oncology%20Pharmacy%20Services,%20Inc.%20&dbaCompanyName=Texas%20Oncology%20Pharmacy-Waco&companyID=85394&full_address=Waco,%20TX%2076712&physicalAddress=1700%20West%20Highway%206,",2026-10-02
HSI00001072,Texas Health Resources,member hospital: Texas Health H-E-B,Pharmacy: Specialty Pharmacy Services,85395,"Oncology Pharmacy Services, Inc.",Texas Oncology Pharmacy-Austin Central,6204 Balcones,Austin,TX,78731,"https://organization.achc.org/print?legalCompanyName=Oncology%20Pharmacy%20Services,%20Inc.%20&dbaCompanyName=Texas%20Oncology%20Pharmacy-Austin%20Central&companyID=85395&full_address=Austin,%20TX%2078731&physicalAddress=6204%20Balcones,",2026-10-02
HSI00001072,Texas Health Resources,member hospital: Texas Health H-E-B,Pharmacy: Specialty Pharmacy Services,85396,"Oncology Pharmacy Services, Inc.",Texas Oncology Pharmacy-Austin Midtown,"901 West 38th Street, Suite 200",Austin,TX,78705,"https://organization.achc.org/print?legalCompanyName=Oncology%20Pharmacy%20Services,%20Inc.%20&dbaCompanyName=Texas%20Oncology%20Pharmacy-Austin%20Midtown&companyID=85396&full_address=Austin,%20TX%2078705&physicalAddress=901%20West%2038th%20Street,%20Suite%20200,",2026-10-02
HSI00001072,Texas Health Resources,member hospital: Texas Health H-E-B,Pharmacy: Specialty Pharmacy Services,85397,"Oncology Pharmacy Services, Inc.",Texas Oncology Pharmacy-Austin South,"4101 James Casey Street, Suite 250",Austin,TX,78745,"https://organization.achc.org/print?legalCompanyName=Oncology%20Pharmacy%20Services,%20Inc.%20&dbaCompanyName=Texas%20Oncology%20Pharmacy-Austin%20South&companyID=85397&full_address=Austin,%20TX%2078745&physicalAddress=4101%20James%20Casey%20Street,%20Suite%20250,",2026-10-02
HSI00001072,Texas Health Resources,member hospital: Texas Health H-E-B,Pharmacy: Specialty Pharmacy Services,85399,"Oncology Pharmacy Services, Inc.",Texas Oncology Pharmacy-El Paso West,1901 Grandview,El Paso,TX,79902,"https://organization.achc.org/print?legalCompanyName=Oncology%20Pharmacy%20Services,%20Inc.%20&dbaCompanyName=Texas%20Oncology%20Pharmacy-El%20Paso%20West&companyID=85399&full_address=El%20Paso,%20TX%2079902&physicalAddress=1901%20Grandview,",2026-10-02
HSI00001072,Texas Health Resources,member hospital: Texas Health H-E-B,Pharmacy: Specialty Pharmacy Services,85400,"Oncology Pharmacy Services, Inc.",Texas Oncology Pharmacy-Midland,"400 Rosalind Redfern Grover Pkwy, Suite 100",Midland,TX,79701,"https://organization.achc.org/print?legalCompanyName=Oncology%20Pharmacy%20Services,%20Inc.%20&dbaCompanyName=Texas%20Oncology%20Pharmacy-Midland&companyID=85400&full_address=Midland,%20TX%2079701&physicalAddress=400%20Rosalind%20Redfern%20Grover%20Pkwy,%20Suite%20100,",2026-10-02
HSI00001072,Texas Health Resources,member hospital: Texas Health H-E-B,Pharmacy: Specialty Pharmacy Services,85401,"Oncology Pharmacy Services, Inc.",Texas Oncology Pharmacy-Odessa,500 W 3rd St.,Odessa,TX,79761,"https://organization.achc.org/print?legalCompanyName=Oncology%20Pharmacy%20Services,%20Inc.%20&dbaCompanyName=Texas%20Oncology%20Pharmacy-Odessa&companyID=85401&full_address=Odessa,%20TX%2079761&physicalAddress=500%20W%203rd%20St.,",2026-10-02
HSI00001072,Texas Health Resources,member hospital: Texas Health H-E-B,Pharmacy: Specialty Pharmacy Services,85402,"Oncology Pharmacy Services, Inc.",Texas Oncology Pharmacy-Round Rock,"2410 Round Rock Avenue, Suite 150",Round Rock,TX,78681,"https://organization.achc.org/print?legalCompanyName=Oncology%20Pharmacy%20Services,%20Inc.%20&dbaCompanyName=Texas%20Oncology%20Pharmacy-Round%20Rock&companyID=85402&full_address=Round%20Rock,%20TX%2078681&physicalAddress=2410%20Round%20Rock%20Avenue,%20Suite%20150,",2026-10-02
HSI00001072,Texas Health Resources,member hospital: Texas Health H-E-B,Pharmacy: Specialty Pharmacy Services,85403,"Oncology Pharmacy Services, Inc.",Texas Oncology Pharmacy - Medical Center,5206 Research Drive,San Antonio,TX,78229,"https://organization.achc.org/print?legalCompanyName=Oncology%20Pharmacy%20Services,%20Inc.%20&dbaCompanyName=Texas%20Oncology%20Pharmacy%20-%20Medical%20Center&companyID=85403&full_address=San%20Antonio,%20TX%2078229&physicalAddress=5206%20Research%20Drive,",2026-10-02
HSI00001072,Texas Health Resources,member hospital: Texas Health H-E-B,Pharmacy: Specialty Pharmacy Services,85404,"Oncology Pharmacy Services, Inc.",Texas Oncology Pharmacy – SW Fort Worth,6500 Harris Pkwy,Fort Worth,TX,76132,"https://organization.achc.org/print?legalCompanyName=Oncology%20Pharmacy%20Services,%20Inc.%20&dbaCompanyName=Texas%20Oncology%20Pharmacy%20–%20SW%20Fort%20Worth&companyID=85404&full_address=Fort%20Worth,%20TX%2076132&physicalAddress=6500%20Harris%20Pkwy,",2026-10-02
HSI00001072,Texas Health Resources,member hospital: Texas Health H-E-B,Pharmacy: Specialty Pharmacy Services,85405,"Oncology Pharmacy Services, Inc.",Texas Oncology Pharmacy-Willowbrook,"13215 Dotson Road, Suite 300",Houston,TX,77070,"https://organization.achc.org/print?legalCompanyName=Oncology%20Pharmacy%20Services,%20Inc.%20&dbaCompanyName=Texas%20Oncology%20Pharmacy-Willowbrook&companyID=85405&full_address=Houston,%20TX%2077070&physicalAddress=13215%20Dotson%20Road,%20Suite%20300,",2026-10-02
HSI00001072,Texas Health Resources,member hospital: Texas Health H-E-B,Pharmacy: Specialty Pharmacy Services,85406,"Oncology Pharmacy Services, Inc.",TEXAS ONCOLOGY PHARMACY N AUSTIN,"12221 Renfert Way., Suite 300",Austin,TX,78758,"https://organization.achc.org/print?legalCompanyName=Oncology%20Pharmacy%20Services,%20Inc.%20&dbaCompanyName=TEXAS%20ONCOLOGY%20PHARMACY%20N%20AUSTIN&companyID=85406&full_address=Austin,%20TX%2078758&physicalAddress=12221%20Renfert%20Way.,%20Suite%20300,",2026-10-02
HSI00001072,Texas Health Resources,member hospital: Texas Health H-E-B,Pharmacy: Specialty Pharmacy Services,85407,"Oncology Pharmacy Services, Inc.",Texas Oncology Pharmacy-Rockwall,"3144 Horizon Road, Suite 110",Rockwall,TX,75032,"https://organization.achc.org/print?legalCompanyName=Oncology%20Pharmacy%20Services,%20Inc.%20&dbaCompanyName=Texas%20Oncology%20Pharmacy-Rockwall&companyID=85407&full_address=Rockwall,%20TX%2075032&physicalAddress=3144%20Horizon%20Road,%20Suite%20110,",2026-10-02
HSI00001072,Texas Health Resources,member hospital: Texas Health H-E-B,Pharmacy: Specialty Pharmacy Services,85408,"Oncology Pharmacy Services, Inc.",Texas Oncology Pharmacy-Cedar Park,"1401 Medical Pkwy., Bldg C, Suite 200",Cedar Park,TX,78613,"https://organization.achc.org/print?legalCompanyName=Oncology%20Pharmacy%20Services,%20Inc.%20&dbaCompanyName=Texas%20Oncology%20Pharmacy-Cedar%20Park&companyID=85408&full_address=Cedar%20Park,%20TX%2078613&physicalAddress=1401%20Medical%20Pkwy.,%20Bldg%20C,%20Suite%20200,",2026-10-02
HSI00001072,Texas Health Resources,member hospital: Texas Health H-E-B,Pharmacy: Specialty Pharmacy Services,72758,Texas Children's Hospital,Texas Children's Hospital - Specialty Pharmacy,"6621 Fannin Street, Suite WB1120 - Pharmacy",Houston ,TX,77030,"https://organization.achc.org/print?legalCompanyName=Texas%20Children's%20Hospital&dbaCompanyName=Texas%20Children's%20Hospital%20-%20Specialty%20Pharmacy&companyID=72758&full_address=Houston%20,%20TX%2077030&physicalAddress=6621%20Fannin%20Street,%20Suite%20WB1120%20-%20Pharmacy",2026-10-02
HSI00001072,Texas Health Resources,member hospital: Texas Health H-E-B,Pharmacy: Specialty Pharmacy Services,80382,Texas Children's Hospital,Texas Children's Hospital - Specialty Pharmacy,12613 Citypark Dr. Suite 200 Room 130.02,Missouri City,TX,77489,"https://organization.achc.org/print?legalCompanyName=Texas%20Children's%20Hospital&dbaCompanyName=Texas%20Children's%20Hospital%20-%20Specialty%20Pharmacy&companyID=80382&full_address=Missouri%20City,%20TX%2077489&physicalAddress=12613%20Citypark%20Dr.%20Suite%20200%20Room%20130.02,",2026-10-02
HSI00001072,Texas Health Resources,member hospital: Texas Health H-E-B,Pharmacy: Specialty Pharmacy Services,99899,Texas Health Harris Methodist Hospital Fort Worth,Texas Health Retail Pharmacy,1325 Pennsylvania Ave Suite 290,Fort Worth,TX,76104,"https://organization.achc.org/print?legalCompanyName=Texas%20Health%20Harris%20Methodist%20Hospital%20Fort%20Worth&dbaCompanyName=Texas%20Health%20Retail%20Pharmacy&companyID=99899&full_address=Fort%20Worth,%20TX%2076104&physicalAddress=1325%20Pennsylvania%20Ave%20Suite%20290,",2026-10-02
HSI00001072,Texas Health Resources,member hospital: Texas Health H-E-B,Pharmacy: Specialty Pharmacy Services,85360,Texas Oncology P.A.,,"12377 Merit Drive, Suite 700",Dallas,TX,75251,"https://organization.achc.org/print?legalCompanyName=Texas%20Oncology%20P.A.&dbaCompanyName=&companyID=85360&full_address=Dallas,%20TX%2075251&physicalAddress=12377%20Merit%20Drive,%20Suite%20700,",2026-10-02
HSI00001072,Texas Health Resources,member hospital: Texas Health H-E-B,Pharmacy: Specialty Pharmacy Services,82235,The University of Texas Health Science Center at Tyler,UTHSCT HOPE Pharmacy Specialty,721 Clinic Dr. Ste B,Tyler,TX,75701,"https://organization.achc.org/print?legalCompanyName=The%20University%20of%20Texas%20Health%20Science%20Center%20at%20Tyler&dbaCompanyName=UTHSCT%20HOPE%20Pharmacy%20Specialty&companyID=82235&full_address=Tyler,%20TX%2075701&physicalAddress=721%20Clinic%20Dr.%20Ste%20B,",2026-10-02
HSI00001072,Texas Health Resources,member hospital: Texas Health H-E-B,Pharmacy: Specialty Pharmacy Services,98782,The University of Texas Health Science Center at Tyler,"UT Health Specialty Pharmacy North
UT Health Specialty Pharmacy North",11937 US HWY 271,Tyler,TX,75708,"https://organization.achc.org/print?legalCompanyName=The%20University%20of%20Texas%20Health%20Science%20Center%20at%20Tyler&dbaCompanyName=UT%20Health%20Specialty%20Pharmacy%20North
UT%20Health%20Specialty%20Pharmacy%20North&companyID=98782&full_address=Tyler,%20TX%2075708&physicalAddress=11937%20US%20HWY%20271,",2026-10-02
HSI00001072,Texas Health Resources,member hospital: Texas Health H-E-B,Pharmacy: Specialty Pharmacy Services,79220,The University of Texas MD Anderson Cancer Center,The University of Texas MD Anderson Cancer Center,1515 Holcombe Blvd,Houston,TX,77030,"https://organization.achc.org/print?legalCompanyName=The%20University%20of%20Texas%20MD%20Anderson%20Cancer%20Center&dbaCompanyName=The%20University%20of%20Texas%20MD%20Anderson%20Cancer%20Center&companyID=79220&full_address=Houston,%20TX%2077030&physicalAddress=1515%20Holcombe%20Blvd,",2026-10-02
HSI00001072,Texas Health Resources,member hospital: Texas Health H-E-B,Pharmacy: Specialty Pharmacy Services,90197,University of Texas Medical Branch,UTMB Health Webster Pharmacy,20740 Gulf Fwy Ste 200,Webster,TX,77598,"https://organization.achc.org/print?legalCompanyName=University%20of%20Texas%20Medical%20Branch&dbaCompanyName=UTMB%20Health%20Webster%20Pharmacy&companyID=90197&full_address=Webster,%20TX%2077598&physicalAddress=20740%20Gulf%20Fwy%20Ste%20200,",2026-10-02
HSI00001072,Texas Health Resources,member hospital: Texas Health H-E-B,Pharmacy: Specialty Pharmacy Services,77485,Urology Clinics of North Texas,UROPharmacy,"10501 North Central Expressway, Suite 200",Dallas,TX,75231,"https://organization.achc.org/print?legalCompanyName=Urology%20Clinics%20of%20North%20Texas&dbaCompanyName=UROPharmacy&companyID=77485&full_address=Dallas,%20TX%2075231&physicalAddress=10501%20North%20Central%20Expressway,%20Suite%20200,",2026-10-02
HSI00001072,Texas Health Resources,member hospital: Texas Health H-E-B,Pharmacy: Infusion Pharmacy Services,95433,Texas Children's Hospital,Texas Children's Infusion Pharmacy,"12613 Citypark Drive, STE 200 - Rm 145.06",Missouri City,TX,77489,"https://organization.achc.org/print?legalCompanyName=Texas%20Children's%20Hospital&dbaCompanyName=Texas%20Children's%20Infusion%20Pharmacy&companyID=95433&full_address=Missouri%20City,%20TX%2077489&physicalAddress=12613%20Citypark%20Drive,%20STE%20200%20-%20Rm%20145.06,",2026-10-02
HSI00001072,Texas Health Resources,member hospital: Texas Health H-E-B,Home Infusion Therapy,83099,"East Texas PHC, LLC (Deemed)",Premier Homecare,602 East Whaley Street,Longview,TX,75601,"https://organization.achc.org/print?legalCompanyName=East%20Texas%20PHC,%20LLC%20(Deemed)&dbaCompanyName=Premier%20Homecare&companyID=83099&full_address=Longview,%20TX%2075601&physicalAddress=602%20East%20Whaley%20Street,",2026-10-02
HSI00000439,Hackensack Meridian Health,system name: Hackensack Meridian Health | member hospital: Hackensack University Medical Center,Pharmacy: Specialty Pharmacy Services,87147,"Hackensack Meridian Ambulatory Care, Inc.",Hackensack Meridian Health Pharmacy,"34 Industrial Way East, Suite 4",Eatontown,NJ,07724,"https://organization.achc.org/print?legalCompanyName=Hackensack%20Meridian%20Ambulatory%20Care,%20Inc.&dbaCompanyName=Hackensack%20Meridian%20Health%20Pharmacy&companyID=87147&full_address=Eatontown,%20NJ%2007724&physicalAddress=34%20Industrial%20Way%20East,%20Suite%204,",2026-10-02
HSI00000773,Novant Health,address = member hospital: New Hanover Regional Medical Center,Pharmacy: Specialty Pharmacy Services,77615,"NH NHRMC, LLC",NH NHRMC Outpatient Pharmacy,2131 S. 17th Street,Wilmington,NC,28401,"https://organization.achc.org/print?legalCompanyName=NH%20NHRMC,%20LLC&dbaCompanyName=NH%20NHRMC%20Outpatient%20Pharmacy&companyID=77615&full_address=Wilmington,%20NC%2028401&physicalAddress=2131%20S.%2017th%20Street,",2026-10-02
HSI00000773,Novant Health,system name: Novant Health,Pharmacy: Specialty Pharmacy Services,78082,"NH Thomasville Medical Center, LLC",Novant Health Specialty Pharmacy,1381 Westgate Center Drive,Winston-Salem,NC,27103,"https://organization.achc.org/print?legalCompanyName=NH%20Thomasville%20Medical%20Center,%20LLC&dbaCompanyName=Novant%20Health%20Specialty%20Pharmacy&companyID=78082&full_address=Winston-Salem,%20NC%2027103&physicalAddress=1381%20Westgate%20Center%20Drive,",2026-10-02
HSI00000773,Novant Health,system name: Novant Health,Pharmacy: Specialty Pharmacy Services,78733,The Presbyterian Hospital,Novant Health Pharmacy,"8401 University Executive Park Drive, Suite 127",Charlotte,NC,28262,"https://organization.achc.org/print?legalCompanyName=The%20Presbyterian%20Hospital&dbaCompanyName=Novant%20Health%20Pharmacy&companyID=78733&full_address=Charlotte,%20NC%2028262&physicalAddress=8401%20University%20Executive%20Park%20Drive,%20Suite%20127",2026-10-02
HSI00000773,Novant Health,system name: Novant Health,Pharmacy: Specialty Pharmacy Services,82038,The Presbyterian Hospital,Novant Health Pharmacy,"125 Queens Road, Suite 180",Charlotte,NC,28204,"https://organization.achc.org/print?legalCompanyName=The%20Presbyterian%20Hospital&dbaCompanyName=Novant%20Health%20Pharmacy&companyID=82038&full_address=Charlotte,%20NC%2028204&physicalAddress=125%20Queens%20Road,%20Suite%20180,",2026-10-02
HSI00000011,Adventist Health,system name: Adventist Health,Pharmacy: Specialty Pharmacy Services,89446,"Adventist Health Outpatient Pharmacy Services, LLC",Fortify Market,One Adventist Health Way,Roseville,CA,95661,"https://organization.achc.org/print?legalCompanyName=Adventist%20Health%20Outpatient%20Pharmacy%20Services,%20LLC&dbaCompanyName=Fortify%20Market&companyID=89446&full_address=Roseville,%20CA%2095661&physicalAddress=One%20Adventist%20Health%20Way,",2026-10-02
HSI00000011,Adventist Health,system name: Adventist Health | member hospital: Adventist Health Castle,Pharmacy: Specialty Pharmacy Services,96349,Castle Medical Center,Adventist Health Castle,46-001 Kamehameha Hwy Suite 108,Kaneohe,HI,96744,"https://organization.achc.org/print?legalCompanyName=Castle%20Medical%20Center&dbaCompanyName=Adventist%20Health%20Castle&companyID=96349&full_address=Kaneohe,%20HI%2096744&physicalAddress=46-001%20Kamehameha%20Hwy%20Suite%20108,",2026-10-02
HSI00000011,Adventist Health,system name: Adventist Health,Pharmacy: Infusion Pharmacy Services,47380,Seventh Day Adventist Loma Linda University Medical Center,Mountain View Pharmaceuticals,"11255 Mountain View Ave., Suite A",Loma Linda,CA,92354,"https://organization.achc.org/print?legalCompanyName=Seventh%20Day%20Adventist%20Loma%20Linda%20University%20Medical%20Center&dbaCompanyName=Mountain%20View%20Pharmaceuticals&companyID=47380&full_address=Loma%20Linda,%20CA%2092354&physicalAddress=11255%20Mountain%20View%20Ave.,%20Suite%20A,",2026-10-02
HSI00000820,University of Pennsylvania Health System,system name: University of Pennsylvania Health System,Pharmacy: Specialty Pharmacy Services,31221,"Chartwell Pennsylvania, LP",,1001 Oakdale Road,Oakdale,PA,15071,"https://organization.achc.org/print?legalCompanyName=Chartwell%20Pennsylvania,%20LP&dbaCompanyName=&companyID=31221&full_address=Oakdale,%20PA%2015071&physicalAddress=1001%20Oakdale%20Road,",2026-10-02
HSI00000820,University of Pennsylvania Health System,system name: University of Pennsylvania Health System,Pharmacy: Specialty Pharmacy Services,78551,Pennsylvania Cancer Specialists Research Institute,,"20 Expedition Trail, Suite 101",Gettysburg,PA,17325,"https://organization.achc.org/print?legalCompanyName=Pennsylvania%20Cancer%20Specialists%20Research%20Institute&dbaCompanyName=&companyID=78551&full_address=Gettysburg,%20PA%2017325&physicalAddress=20%20Expedition%20Trail,%20Suite%20101,",2026-10-02
HSI00000820,University of Pennsylvania Health System,system name: University of Pennsylvania Health System | address = member hospital: Hospital Of The Univ Of Penna,Pharmacy: Specialty Pharmacy Services,76772,Trustees of the University of Pennsylvania,Hospital of the University of Pennsylvania Perelman (PCAM) Pharmacy,3400 Spruce Street,Philadelphia,PA,19104,"https://organization.achc.org/print?legalCompanyName=Trustees%20of%20the%20University%20of%20Pennsylvania&dbaCompanyName=Hospital%20of%20the%20University%20of%20Pennsylvania%20Perelman%20(PCAM)%20Pharmacy&companyID=76772&full_address=Philadelphia,%20PA%2019104&physicalAddress=3400%20Spruce%20Street,",2026-10-02
HSI00000820,University of Pennsylvania Health System,system name: University of Pennsylvania Health System,Pharmacy: Specialty Pharmacy Services,76781,Trustees of the University of Pennsylvania,Hopsital of the University of Pennsylvania - Radnor Pharmacy,"145 King of Prussia Road, Floor 1, Suite 109",Radnor,PA,19087,"https://organization.achc.org/print?legalCompanyName=Trustees%20of%20the%20University%20of%20Pennsylvania&dbaCompanyName=Hopsital%20of%20the%20University%20of%20Pennsylvania%20-%20Radnor%20Pharmacy&companyID=76781&full_address=Radnor,%20PA%2019087&physicalAddress=145%20King%20of%20Prussia%20Road,%20Floor%201,%20Suite%20109",2026-10-02
HSI00000820,University of Pennsylvania Health System,system name: University of Pennsylvania Health System | address = member hospital: Pennsylvania Hospital Of Uphs,Pharmacy: Specialty Pharmacy Services,76782,Trustees of the University of Pennsylvania,Pennsylvania Hospital Outpatient Pharmacy (PAH),800 Spruce St,Philadelphia,PA,19107,"https://organization.achc.org/print?legalCompanyName=Trustees%20of%20the%20University%20of%20Pennsylvania&dbaCompanyName=Pennsylvania%20Hospital%20Outpatient%20Pharmacy%20(PAH)%20&companyID=76782&full_address=Philadelphia,%20PA%2019107&physicalAddress=800%20Spruce%20St,",2026-10-02
HSI00000820,University of Pennsylvania Health System,system name: University of Pennsylvania Health System,Pharmacy: Specialty Pharmacy Services,76784,Trustees of the University of Pennsylvania,Penn Presbyterian Apothecary  (PPA),"51 N. 39th St., Mutch Building, 1st Floor",Philadelphia,PA,19104,"https://organization.achc.org/print?legalCompanyName=Trustees%20of%20the%20University%20of%20Pennsylvania&dbaCompanyName=Penn%20Presbyterian%20Apothecary%20%20(PPA)%20&companyID=76784&full_address=Philadelphia,%20PA%2019104&physicalAddress=51%20N.%2039th%20St.,%20Mutch%20Building,%201st%20Floor",2026-10-02
HSI00000820,University of Pennsylvania Health System,system name: University of Pennsylvania Health System,Pharmacy: Specialty Pharmacy Services,76785,Trustees of the University of Pennsylvania,Penn Medicine University City Apothecary,3737 Market St. Ground Floor,Philadelphia,PA,19104,"https://organization.achc.org/print?legalCompanyName=Trustees%20of%20the%20University%20of%20Pennsylvania&dbaCompanyName=Penn%20Medicine%20University%20City%20Apothecary%20&companyID=76785&full_address=Philadelphia,%20PA%2019104&physicalAddress=3737%20Market%20St.%20Ground%20Floor,",2026-10-02
HSI00000820,University of Pennsylvania Health System,system name: University of Pennsylvania Health System,Pharmacy: Specialty Pharmacy Services,76788,Trustees of the University of Pennsylvania,Penn Medicine Cherry Hill Pharmacy,1865 Rt 70 East ,Cherry Hill,NJ,08003,"https://organization.achc.org/print?legalCompanyName=Trustees%20of%20the%20University%20of%20Pennsylvania&dbaCompanyName=Penn%20Medicine%20Cherry%20Hill%20Pharmacy&companyID=76788&full_address=Cherry%20Hill,%20NJ%2008003&physicalAddress=1865%20Rt%2070%20East%20,",2026-10-02
HSI00000820,University of Pennsylvania Health System,system name: University of Pennsylvania Health System | address = member hospital: Lancaster General Hospital,Pharmacy: Specialty Pharmacy Services,76789,Trustees of the University of Pennsylvania,LG Health Convenience Pharmacy Duke Street,555 North Duke Street,Lancaster,PA,17602,"https://organization.achc.org/print?legalCompanyName=Trustees%20of%20the%20University%20of%20Pennsylvania&dbaCompanyName=LG%20Health%20Convenience%20Pharmacy%20Duke%20Street&companyID=76789&full_address=Lancaster,%20PA%2017602&physicalAddress=555%20North%20Duke%20Street,",2026-10-02
HSI00000820,University of Pennsylvania Health System,system name: University of Pennsylvania Health System,Pharmacy: Specialty Pharmacy Services,89173,Trustees of the University of Pennsylvania,Penn Medicine 76th Street Pharmacy,3250 South 76th Street Suite 400,Philadelphia,PA,19153,"https://organization.achc.org/print?legalCompanyName=Trustees%20of%20the%20University%20of%20Pennsylvania&dbaCompanyName=Penn%20Medicine%2076th%20Street%20Pharmacy&companyID=89173&full_address=Philadelphia,%20PA%2019153&physicalAddress=3250%20South%2076th%20Street%20Suite%20400,",2026-10-02
HSI00000820,University of Pennsylvania Health System,system name: University of Pennsylvania Health System,Pharmacy: Infusion Pharmacy Services,31221,"Chartwell Pennsylvania, LP",,1001 Oakdale Road,Oakdale,PA,15071,"https://organization.achc.org/print?legalCompanyName=Chartwell%20Pennsylvania,%20LP&dbaCompanyName=&companyID=31221&full_address=Oakdale,%20PA%2015071&physicalAddress=1001%20Oakdale%20Road,",2026-10-02
HSI00000820,University of Pennsylvania Health System,system name: University of Pennsylvania Health System,Pharmacy: Infusion Pharmacy Services,53317,"Chartwell Pennsylvania, LP",,"380 E Bayfront Parkway, Suite 2",Erie,PA,16507,"https://organization.achc.org/print?legalCompanyName=Chartwell%20Pennsylvania,%20LP&dbaCompanyName=&companyID=53317&full_address=Erie,%20PA%2016507&physicalAddress=380%20E%20Bayfront%20Parkway,%20Suite%202,",2026-10-02
HSI00000820,University of Pennsylvania Health System,system name: University of Pennsylvania Health System,Pharmacy: Infusion Pharmacy Services,58506,"Chartwell Pennsylvania, LP",,1518 9th Avenue,Altoona,PA,16602,"https://organization.achc.org/print?legalCompanyName=Chartwell%20Pennsylvania,%20LP&dbaCompanyName=&companyID=58506&full_address=Altoona,%20PA%2016602&physicalAddress=1518%209th%20Avenue,",2026-10-02
HSI00000820,University of Pennsylvania Health System,system name: University of Pennsylvania Health System,Home Infusion Therapy,93533,"Chartwell Pennsylvania, LP (Deemed)",,1001 Oakdale Rd.,Oakdale,PA,15071,"https://organization.achc.org/print?legalCompanyName=Chartwell%20Pennsylvania,%20LP%20(Deemed)&dbaCompanyName=&companyID=93533&full_address=Oakdale,%20PA%2015071&physicalAddress=1001%20Oakdale%20Rd.,",2026-10-02
HSI00000813,Mass General Brigham,member hospital: Dana-Farber Cancer Institute,Pharmacy: Specialty Pharmacy Services,82744,"Dana-Farber Cancer Institute, Inc",,"5 Branch Street Floor 1, Room 1040",Methuen,MA,01844,"https://organization.achc.org/print?legalCompanyName=Dana-Farber%20Cancer%20Institute,%20Inc&dbaCompanyName=&companyID=82744&full_address=Methuen,%20MA%2001844&physicalAddress=5%20Branch%20Street%20Floor%201,%20Room%201040,",2026-10-02
HSI00000813,Mass General Brigham,system name: Mass General Brigham,Pharmacy: Specialty Pharmacy Services,79126,Mass General Brigham Specialty Pharmacy,Mass General Brigham Specialty Pharmacy,31 North Ave,Burlington,MA,01803,"https://organization.achc.org/print?legalCompanyName=Mass%20General%20Brigham%20Specialty%20Pharmacy&dbaCompanyName=Mass%20General%20Brigham%20Specialty%20Pharmacy&companyID=79126&full_address=Burlington,%20MA%2001803&physicalAddress=31%20North%20Ave,",2026-10-02
HSI00000510,Indiana University Health,system name: Indiana University Health | member hospital: Indiana University Health,Pharmacy: Specialty Pharmacy Services,97945,Aspire Indiana Pharmacy,,17840 Cumberland Road - Room 300,Noblesville,IN,46060,"https://organization.achc.org/print?legalCompanyName=Aspire%20Indiana%20Pharmacy&dbaCompanyName=&companyID=97945&full_address=Noblesville,%20IN%2046060&physicalAddress=17840%20Cumberland%20Road%20-%20Room%20300,",2026-10-02
HSI00000510,Indiana University Health,system name: Indiana University Health | member hospital: Indiana University Health,Pharmacy: Specialty Pharmacy Services,74144,Indiana Hemophilia and Thrombosis Center Pharmacy,,8326 Naab Road,Indianapolis,IN,46260,"https://organization.achc.org/print?legalCompanyName=Indiana%20Hemophilia%20and%20Thrombosis%20Center%20Pharmacy&dbaCompanyName=&companyID=74144&full_address=Indianapolis,%20IN%2046260&physicalAddress=8326%20Naab%20Road,",2026-10-02
HSI00000510,Indiana University Health,system name: Indiana University Health | member hospital: Indiana University Health,Pharmacy: Specialty Pharmacy Services,90081,"Urology of Indiana, LLC",Urology of Indiana,14300 E. 138th St,Fishers,IN,46037,"https://organization.achc.org/print?legalCompanyName=Urology%20of%20Indiana,%20LLC&dbaCompanyName=Urology%20of%20Indiana&companyID=90081&full_address=Fishers,%20IN%2046037&physicalAddress=14300%20E.%20138th%20St,",2026-10-02
HSI00000711,Mount Sinai Health System,system name: Mount Sinai Health System | member hospital: Mount Sinai Hospital,Pharmacy: Specialty Pharmacy Services,83292,St. Luke's Roosevelt Hospital Center,Mount Sinai Pharmacy - Mount Sinai West,"1000 Tenth Ave, Suite 2T",NY,NY,10019,"https://organization.achc.org/print?legalCompanyName=St.%20Luke's%20Roosevelt%20Hospital%20Center&dbaCompanyName=Mount%20Sinai%20Pharmacy%20-%20Mount%20Sinai%20West&companyID=83292&full_address=NY,%20NY%2010019&physicalAddress=1000%20Tenth%20Ave,%20Suite%202T,",2026-10-02
HSI00000711,Mount Sinai Health System,system name: Mount Sinai Health System | member hospital: Mount Sinai Hospital,Pharmacy: Specialty Pharmacy Services,98580,St. Luke's Roosevelt Hospital Center,Mount Sinai Pharmacy - Chelsea,275 7th Avenue 12th Floor,New York,NY,10001,"https://organization.achc.org/print?legalCompanyName=St.%20Luke's%20Roosevelt%20Hospital%20Center&dbaCompanyName=Mount%20Sinai%20Pharmacy%20-%20Chelsea&companyID=98580&full_address=New%20York,%20NY%2010001&physicalAddress=275%207th%20Avenue%2012th%20Floor,",2026-10-02
HSI00000711,Mount Sinai Health System,system name: Mount Sinai Health System | member hospital: Mount Sinai Hospital,Pharmacy: Specialty Pharmacy Services,83291,The Mount Sinai Hospital,Mount Sinai Pharmacy - Specialty,"1468 Madison Ave, Annenberg Bldg, MC Level",New York,NY,10029,"https://organization.achc.org/print?legalCompanyName=The%20Mount%20Sinai%20Hospital&dbaCompanyName=Mount%20Sinai%20Pharmacy%20-%20Specialty&companyID=83291&full_address=New%20York,%20NY%2010029&physicalAddress=1468%20Madison%20Ave,%20Annenberg%20Bldg,%20MC%20Level,",2026-10-02
HSI00000711,Mount Sinai Health System,system name: Mount Sinai Health System | member hospital: Mount Sinai Hospital,Pharmacy: Infusion Pharmacy Services,87317,St. Luke's Roosevelt Hospital Center,Mount Sinai Home Infusion,"1111 Amsterdam Ave., 10th Floor, Clark Bldg, Suite 8-1003",New York,NY,10025,"https://organization.achc.org/print?legalCompanyName=St.%20Luke's%20Roosevelt%20Hospital%20Center&dbaCompanyName=Mount%20Sinai%20Home%20Infusion&companyID=87317&full_address=New%20York,%20NY%2010025&physicalAddress=1111%20Amsterdam%20Ave.,%2010th%20Floor,%20Clark%20Bldg,%20Suite%208-1003",2026-10-02
HSI00001121,UF Health,member hospital: Shands Jacksonville Medical Center,Pharmacy: Specialty Pharmacy Services,82826,"Shands Jacksonville Medical Center, Inc.",Shands Jacksonville Ambulatory Pharmacy,655 West 8th Street,Jacksonville,FL,32209,"https://organization.achc.org/print?legalCompanyName=Shands%20Jacksonville%20Medical%20Center,%20Inc.&dbaCompanyName=Shands%20Jacksonville%20Ambulatory%20Pharmacy&companyID=82826&full_address=Jacksonville,%20FL%2032209&physicalAddress=655%20West%208th%20Street,",2026-10-02
HSI00001146,Unitypoint Health,system name: Unitypoint Health,Pharmacy: Specialty Pharmacy Services,93654,UnityPoint at Home,,11333 Aurora Avenue,Urbandale,IA,50322,"https://organization.achc.org/print?legalCompanyName=UnityPoint%20at%20Home&dbaCompanyName=&companyID=93654&full_address=Urbandale,%20IA%2050322&physicalAddress=11333%20Aurora%20Avenue,",2026-10-02
HSI00001146,Unitypoint Health,system name: Unitypoint Health,Pharmacy: Infusion Pharmacy Services,93654,UnityPoint at Home,,11333 Aurora Avenue,Urbandale,IA,50322,"https://organization.achc.org/print?legalCompanyName=UnityPoint%20at%20Home&dbaCompanyName=&companyID=93654&full_address=Urbandale,%20IA%2050322&physicalAddress=11333%20Aurora%20Avenue,",2026-10-02
HSI00001146,Unitypoint Health,system name: Unitypoint Health,Home Infusion Therapy,93654,UnityPoint at Home (Deemed),,11333 Aurora Avenue,Urbandale,IA,50322,"https://organization.achc.org/print?legalCompanyName=UnityPoint%20at%20Home%20(Deemed)&dbaCompanyName=&companyID=93654&full_address=Urbandale,%20IA%2050322&physicalAddress=11333%20Aurora%20Avenue,",2026-10-02
HSI00000640,MedStar Health,system name: MedStar Health,Pharmacy: Specialty Pharmacy Services,80081,MedStar Health,,7379 Washington Blvd. Unit 101,Elkridge,MD,21075,"https://organization.achc.org/print?legalCompanyName=MedStar%20Health&dbaCompanyName=&companyID=80081&full_address=Elkridge,%20MD%2021075&physicalAddress=7379%20Washington%20Blvd.%20Unit%20101,",2026-10-02
HSI00000640,MedStar Health,system name: MedStar Health,Pharmacy: Infusion Pharmacy Services,99343,MedStar Health VNA Infusion LLC,MedStar Health Home Infusion,"7379 Washington Blvd, Suite 103",Elkridge,MD,21075,"https://organization.achc.org/print?legalCompanyName=MedStar%20Health%20VNA%20Infusion%20LLC&dbaCompanyName=MedStar%20Health%20Home%20Infusion&companyID=99343&full_address=Elkridge,%20MD%2021075&physicalAddress=7379%20Washington%20Blvd,%20Suite%20103,",2026-10-02
HSI00001156,University Hospitals,address = member hospital: Uh Cleveland Medical Center,Pharmacy: Specialty Pharmacy Services,98800,Bolwell Health Center Pharmacy,,"11100 Euclid Avenue, Suite 1013",Cleveland,OH,44106,"https://organization.achc.org/print?legalCompanyName=Bolwell%20Health%20Center%20Pharmacy&dbaCompanyName=&companyID=98800&full_address=Cleveland,%20OH%2044106&physicalAddress=11100%20Euclid%20Avenue,%20Suite%201013,",2026-10-02
HSI00001251,West Virginia University Health System,system name: West Virginia University Health System | member hospital: West Virginia University Hospitals,Pharmacy: Specialty Pharmacy Services,91926,"West Virginia University Hospitals, Inc.",WVUH Specialty Pharmacy & Home Infusion,3040 University Ave Suite 1400,Morgantown,WV,26505,"https://organization.achc.org/print?legalCompanyName=West%20Virginia%20University%20Hospitals,%20Inc.&dbaCompanyName=WVUH%20Specialty%20Pharmacy%20&%20Home%20Infusion&companyID=91926&full_address=Morgantown,%20WV%2026505&physicalAddress=3040%20University%20Ave%20Suite%201400,",2026-10-02
HSI00001251,West Virginia University Health System,system name: West Virginia University Health System | member hospital: West Virginia University Hospitals,Pharmacy: Infusion Pharmacy Services,91926,"West Virginia University Hospitals, Inc.",WVUH Specialty Pharmacy & Home Infusion,3040 University Ave Suite 1400,Morgantown,WV,26505,"https://organization.achc.org/print?legalCompanyName=West%20Virginia%20University%20Hospitals,%20Inc.&dbaCompanyName=WVUH%20Specialty%20Pharmacy%20&%20Home%20Infusion&companyID=91926&full_address=Morgantown,%20WV%2026505&physicalAddress=3040%20University%20Ave%20Suite%201400,",2026-10-02
HSI00000700,Montefiore Medical Center,system name: Montefiore Medical Center | member hospital: Montefiore Medical Center | address = member hospital: Montefiore Medical Center,Pharmacy: Specialty Pharmacy Services,78552,Montefiore Medical Center,Montefiore Community Pharmacy @ Moses,111 E 210th St,Bronx,NY,10467,"https://organization.achc.org/print?legalCompanyName=Montefiore%20Medical%20Center&dbaCompanyName=Montefiore%20Community%20Pharmacy%20@%20Moses&companyID=78552&full_address=Bronx,%20NY%2010467&physicalAddress=111%20E%20210th%20St,",2026-10-02
HSI00000700,Montefiore Medical Center,system name: Montefiore Medical Center | member hospital: Montefiore Medical Center,Pharmacy: Specialty Pharmacy Services,93420,Montefiore Medical Center,MONTEFIORE SPECIALTY PHARMACY,100 CORPORATE BLVD STE 111,YONKERS,NY,10701,"https://organization.achc.org/print?legalCompanyName=Montefiore%20Medical%20Center&dbaCompanyName=MONTEFIORE%20SPECIALTY%20PHARMACY&companyID=93420&full_address=YONKERS,%20NY%2010701&physicalAddress=100%20CORPORATE%20BLVD%20STE%20111,",2026-10-02
HSI00000081,Baptist Memorial Health Care Corporation,system name: Baptist Memorial Health Care Corporation | member hospital: Ms Baptist Medical Center,Pharmacy: Specialty Pharmacy Services,88037,Baptist Memorial Hospital - Tipton,Walnut Grove Plaza Pharmacy #2,"6029 Walnut Grove Rd., Suite 10",Memphis,TN,38120,"https://organization.achc.org/print?legalCompanyName=Baptist%20Memorial%20Hospital%20-%20Tipton&dbaCompanyName=Walnut%20Grove%20Plaza%20Pharmacy%20#2&companyID=88037&full_address=Memphis,%20TN%2038120&physicalAddress=6029%20Walnut%20Grove%20Rd.,%20Suite%2010",2026-10-02
HSI00000972,Sentara Healthcare,system name: Sentara Healthcare | address = member hospital: Sentara Norfolk General Hospital,Pharmacy: Specialty Pharmacy Services,94616,Sentara Case Management Pharmacy,,600 Gresham Drive,Norfolk,VA,23507,"https://organization.achc.org/print?legalCompanyName=Sentara%20Case%20Management%20Pharmacy&dbaCompanyName=&companyID=94616&full_address=Norfolk,%20VA%2023507&physicalAddress=600%20Gresham%20Drive,",2026-10-02
HSI00000972,Sentara Healthcare,system name: Sentara Healthcare,Pharmacy: Infusion Pharmacy Services,70366,Sentara Home Care Services,Sentara Infusion Services,"535 Independence Parkway, Suite 300 and 400",Chesapeake,VA,23320,"https://organization.achc.org/print?legalCompanyName=Sentara%20Home%20Care%20Services&dbaCompanyName=Sentara%20Infusion%20Services&companyID=70366&full_address=Chesapeake,%20VA%2023320&physicalAddress=535%20Independence%20Parkway,%20Suite%20300%20and%20400",2026-10-02
HSI00000972,Sentara Healthcare,system name: Sentara Healthcare,Pharmacy: Infusion Pharmacy Services,89024,Sentara Home Infusion Pharmacy Services - Blue Ridge,Sentara Infusion Services,"920 East High Street, Suite 002",Charlottesville,VA,22902,"https://organization.achc.org/print?legalCompanyName=Sentara%20Home%20Infusion%20Pharmacy%20Services%20-%20Blue%20Ridge&dbaCompanyName=Sentara%20Infusion%20Services&companyID=89024&full_address=Charlottesville,%20VA%2022902&physicalAddress=920%20East%20High%20Street,%20Suite%20002",2026-10-02
HSI00000972,Sentara Healthcare,system name: Sentara Healthcare,Home Infusion Therapy,70366,Sentara Home Care Services (Deemed),Sentara Infusion Services,"535 Independence Parkway, Suite 300 and 400",Chesapeake,VA,23320,"https://organization.achc.org/print?legalCompanyName=Sentara%20Home%20Care%20Services%20(Deemed)&dbaCompanyName=Sentara%20Infusion%20Services&companyID=70366&full_address=Chesapeake,%20VA%2023320&physicalAddress=535%20Independence%20Parkway,%20Suite%20300%20and%20400",2026-10-02
HSI00001175,University of Maryland Medical System,system name: University of Maryland Medical System | member hospital: Maryland General Hospital,Pharmacy: Specialty Pharmacy Services,88991,Maryland Oncology Hematology,Maryland Oncology Hematology,11886 Healing Way Ste 310,Silver Spring,MD,20904,"https://organization.achc.org/print?legalCompanyName=Maryland%20Oncology%20Hematology&dbaCompanyName=Maryland%20Oncology%20Hematology&companyID=88991&full_address=Silver%20Spring,%20MD%2020904&physicalAddress=11886%20Healing%20Way%20Ste%20310,",2026-10-02
HSI00001175,University of Maryland Medical System,system name: University of Maryland Medical System | member hospital: Maryland General Hospital,Pharmacy: Specialty Pharmacy Services,96641,University of Maryland Medical Center,UMMS Pharmacy Services,920 Elkridge Landing Road Suite 1W111,Linthicum ,MD,21090,"https://organization.achc.org/print?legalCompanyName=University%20of%20Maryland%20Medical%20Center&dbaCompanyName=UMMS%20Pharmacy%20Services&companyID=96641&full_address=Linthicum%20,%20MD%2021090&physicalAddress=920%20Elkridge%20Landing%20Road%20Suite%201W111,",2026-10-02
HSI00000784,Ohiohealth,system name: Ohiohealth,Pharmacy: Specialty Pharmacy Services,97124,OhioHealth,OhioHealth Specialty Pharmacy,10013 Busey Rd NW Suite 100,Canal Winchester,OH,43214,"https://organization.achc.org/print?legalCompanyName=OhioHealth&dbaCompanyName=OhioHealth%20Specialty%20Pharmacy&companyID=97124&full_address=Canal%20Winchester,%20OH%204321443110&physicalAddress=10013%20Busey%20Rd%20NW%20Suite%20100,",2026-10-02
HSI00000770,Northwestern Medicine,system name: Northwestern Medicine | member hospital: Northwestern Memorial Hospital | address = member hospital: Northwestern Memorial Hospital,Pharmacy: Specialty Pharmacy Services,75570,Northwestern Memorial Hospital,Northwestern Medicine Specialty Pharmacy,251 E Huron Street,Chicago,IL,60611,"https://organization.achc.org/print?legalCompanyName=Northwestern%20Memorial%20Hospital&dbaCompanyName=Northwestern%20Medicine%20Specialty%20Pharmacy&companyID=75570&full_address=Chicago,%20IL%2060611&physicalAddress=251%20E%20Huron%20Street,",2026-10-02
HSI00000796,Orlando Health,system name: Orlando Health | member hospital: Orlando Health,Pharmacy: Specialty Pharmacy Services,98768,"Adventist Health System-Sunbelt, Inc",AdventHealth Outpatient Pharmacy Orlando,"2501 N Orange Ave, Suite 122",Orlando,FL,32804,"https://organization.achc.org/print?legalCompanyName=Adventist%20Health%20System-Sunbelt,%20Inc&dbaCompanyName=AdventHealth%20Outpatient%20Pharmacy%20Orlando&companyID=98768&full_address=Orlando,%20FL%2032804&physicalAddress=2501%20N%20Orange%20Ave,%20Suite%20122,",2026-10-02
HSI00000796,Orlando Health,system name: Orlando Health | member hospital: Orlando Health,Pharmacy: Specialty Pharmacy Services,82879,"Orlando Health, Inc",Scripts Pharmacy,1111 Blackwood Ave,Ocoee,FL,34761,"https://organization.achc.org/print?legalCompanyName=Orlando%20Health,%20Inc&dbaCompanyName=Scripts%20Pharmacy&companyID=82879&full_address=Ocoee,%20FL%2034761&physicalAddress=1111%20Blackwood%20Ave,",2026-10-02
HSI00000796,Orlando Health,system name: Orlando Health | member hospital: Orlando Health,Pharmacy: Infusion Pharmacy Services,82879,"Orlando Health, Inc",Scripts Pharmacy,1111 Blackwood Ave,Ocoee,FL,34761,"https://organization.achc.org/print?legalCompanyName=Orlando%20Health,%20Inc&dbaCompanyName=Scripts%20Pharmacy&companyID=82879&full_address=Ocoee,%20FL%2034761&physicalAddress=1111%20Blackwood%20Ave,",2026-10-02
HSI00000342,Emory Healthcare,system name: Emory Healthcare | member hospital: Emory University Hospital | member hospital: Emory University Hospital Midtown,Pharmacy: Infusion Pharmacy Services,97003,Crawford Long Hospital,Emory University Hospital Midtown,550 Peachtree Street NE Ste 06.5P30,Atlanta,GA,30308,"https://organization.achc.org/print?legalCompanyName=Crawford%20Long%20Hospital&dbaCompanyName=Emory%20University%20Hospital%20Midtown&companyID=97003&full_address=Atlanta,%20GA%2030308&physicalAddress=550%20Peachtree%20Street%20NE%20Ste%2006.5P30,",2026-10-02
HSI00000077,Baptist Health South Florida,member hospital: Baptist Hospital,Pharmacy: Specialty Pharmacy Services,85128,"Oncology Specialty Pharmacy, LLC",Baptist Health Specialty Pharmacy,14412 Commerce Way,Miami Lakes,FL,33016,"https://organization.achc.org/print?legalCompanyName=Oncology%20Specialty%20Pharmacy,%20LLC&dbaCompanyName=Baptist%20Health%20Specialty%20Pharmacy&companyID=85128&full_address=Miami%20Lakes,%20FL%2033016&physicalAddress=14412%20Commerce%20Way,",2026-10-02
HSI00000077,Baptist Health South Florida,member hospital: South Miami Hospital,Pharmacy: Specialty Pharmacy Services,65630,South Miami Pharmacy II,SMP Pharmacy Solutions #2,"7500 NW 26th, Suite 102",Miami,FL,33122,"https://organization.achc.org/print?legalCompanyName=South%20Miami%20Pharmacy%20II&dbaCompanyName=SMP%20Pharmacy%20Solutions%20#2&companyID=65630&full_address=Miami,%20FL%2033122&physicalAddress=7500%20NW%2026th,%20Suite%20102",2026-10-02
HSI00000077,Baptist Health South Florida,member hospital: Baptist Hospital,Pharmacy: Infusion Pharmacy Services,88900,"Baptist Outpatient Services, Inc.",Baptist Health Infusion Care Pharmacy,14420 Commerce Way,Miami Lakes,FL,33016,"https://organization.achc.org/print?legalCompanyName=Baptist%20Outpatient%20Services,%20Inc.&dbaCompanyName=Baptist%20Health%20Infusion%20Care%20Pharmacy&companyID=88900&full_address=Miami%20Lakes,%20FL%2033016&physicalAddress=14420%20Commerce%20Way,",2026-10-02
HSI00001272,Yale New Haven Health System,system name: Yale New Haven Health System | member hospital: Yale-New Haven Hospital,Pharmacy: Specialty Pharmacy Services,74332,"Medical Center Pharmacy and Home Care Center, INC.",Outpatient Pharmacy Services at Yale New Haven Health,1100 Sherman Avenue,Hamden ,CT,06514,"https://organization.achc.org/print?legalCompanyName=Medical%20Center%20Pharmacy%20and%20Home%20Care%20Center,%20INC.&dbaCompanyName=Outpatient%20Pharmacy%20Services%20at%20Yale%20New%20Haven%20Health&companyID=74332&full_address=Hamden%20,%20CT%2006514&physicalAddress=1100%20Sherman%20Avenue,",2026-10-02
HSI00001272,Yale New Haven Health System,system name: Yale New Haven Health System | member hospital: Yale-New Haven Hospital,Pharmacy: Infusion Pharmacy Services,87611,"Medical Center Pharmacy and Home Care Center, INC.",Yale New Haven Health Home Infusion,600 Derby Ave,West Haven,CT,06516,"https://organization.achc.org/print?legalCompanyName=Medical%20Center%20Pharmacy%20and%20Home%20Care%20Center,%20INC.&dbaCompanyName=Yale%20New%20Haven%20Health%20Home%20Infusion&companyID=87611&full_address=West%20Haven,%20CT%2006516&physicalAddress=600%20Derby%20Ave,",2026-10-02
HSI00001272,Yale New Haven Health System,system name: Yale New Haven Health System | member hospital: Yale-New Haven Hospital,Home Infusion Therapy,91648,"Medical Center Pharmacy and Home Care Center, Inc. (Deemed)",Yale New Haven Health Home Infusion,600 Derby Ave,West Haven,CT,06516,"https://organization.achc.org/print?legalCompanyName=Medical%20Center%20Pharmacy%20and%20Home%20Care%20Center,%20Inc.%20(Deemed)&dbaCompanyName=Yale%20New%20Haven%20Health%20Home%20Infusion&companyID=91648&full_address=West%20Haven,%20CT%2006516&physicalAddress=600%20Derby%20Ave,",2026-10-02
HSI00001416,Beth Israel Lahey Health,system name: Beth Israel Lahey Health | member hospital: Lahey Clinic Hospital  Inc.,Pharmacy: Specialty Pharmacy Services,75394,"Beth Israel Lahey Health Pharmacy, Inc",BILH Specialty Pharmacy,"80 Wilson Way, Suite B",Westwood,MA,02090,"https://organization.achc.org/print?legalCompanyName=Beth%20Israel%20Lahey%20Health%20Pharmacy,%20Inc&dbaCompanyName=BILH%20Specialty%20Pharmacy&companyID=75394&full_address=Westwood,%20MA%2002090&physicalAddress=80%20Wilson%20Way,%20Suite%20B,",2026-10-02
HSI00001378,Prisma Health,system name: Prisma Health,Pharmacy: Specialty Pharmacy Services,80836,Greenville Health Corporation,Prisma Health Specialty Pharmacy,"845 S. Buncombe Road, Suite D",Greer ,SC,29650,"https://organization.achc.org/print?legalCompanyName=Greenville%20Health%20Corporation&dbaCompanyName=Prisma%20Health%20Specialty%20Pharmacy&companyID=80836&full_address=Greer%20,%20SC%2029650&physicalAddress=845%20S.%20Buncombe%20Road,%20Suite%20D,",2026-10-02
HSI00000080,Baptist Healthcare System,system name: Baptist Healthcare System,Pharmacy: Specialty Pharmacy Services,96830,"Baptist Healthcare System, Inc.",Baptist Health Shared Services Pharmacy,"1051 New Moody Lane, Suite 1400",La Grange,KY,40031,"https://organization.achc.org/print?legalCompanyName=Baptist%20Healthcare%20System,%20Inc.&dbaCompanyName=Baptist%20Health%20Shared%20Services%20Pharmacy&companyID=96830&full_address=La%20Grange,%20KY%2040031&physicalAddress=1051%20New%20Moody%20Lane,%20Suite%201400,",2026-10-02
HSI00001169,University of Colorado Health,system name: University of Colorado Health,Pharmacy: Specialty Pharmacy Services,78432,Children's Colorado Specialty Pharmacy,,860 North Potomac Circle,Aurora,CO,80011,"https://organization.achc.org/print?legalCompanyName=Children's%20Colorado%20Specialty%20Pharmacy&dbaCompanyName=&companyID=78432&full_address=Aurora,%20CO%2080011&physicalAddress=860%20North%20Potomac%20Circle,",2026-10-02
HSI00001169,University of Colorado Health,system name: University of Colorado Health,Pharmacy: Specialty Pharmacy Services,79451,"The Regents of the University of Colorado, a body corporate, for and on",University of Colorado Hemophilia Center,13199 East Montview Blvd.  Suite 100,Aurora,CO,80045,"https://organization.achc.org/print?legalCompanyName=The%20Regents%20of%20the%20University%20of%20Colorado,%20a%20body%20corporate,%20for%20and%20on&dbaCompanyName=University%20of%20Colorado%20Hemophilia%20Center&companyID=79451&full_address=Aurora,%20CO%2080045&physicalAddress=13199%20East%20Montview%20Blvd.%20%20Suite%20100,",2026-10-02
HSI00001169,University of Colorado Health,system name: University of Colorado Health,Pharmacy: Specialty Pharmacy Services,79387,University of Colorado Hospital Authority,University of Colorado Hospital Atrium Pharmacy,"12605 E 16th Ave, RM 1054, MS A027",Aurora,CO,80045,"https://organization.achc.org/print?legalCompanyName=University%20of%20Colorado%20Hospital%20Authority&dbaCompanyName=University%20of%20Colorado%20Hospital%20Atrium%20Pharmacy&companyID=79387&full_address=Aurora,%20CO%2080045&physicalAddress=12605%20E%2016th%20Ave,%20RM%201054,%20MS%20A027",2026-10-02
HSI00001169,University of Colorado Health,system name: University of Colorado Health,Pharmacy: Specialty Pharmacy Services,87894,University of Colorado Hospital Authority,IDGP Pharmacy at University of Colorado Hospital,"1635 Aurora Court Rm# 7284, Anschultz Outpatient Pavillion",Aurora,CO,80045,"https://organization.achc.org/print?legalCompanyName=University%20of%20Colorado%20Hospital%20Authority&dbaCompanyName=IDGP%20Pharmacy%20at%20University%20of%20Colorado%20Hospital&companyID=87894&full_address=Aurora,%20CO%2080045&physicalAddress=1635%20Aurora%20Court%20Rm#%207284,%20Anschultz%20Outpatient%20Pavillion",2026-10-02
HSI00001169,University of Colorado Health,system name: University of Colorado Health,Pharmacy: Infusion Pharmacy Services,89076,"Rocky Mountain Infusion, LLC",Vital Care of Colorado Springs,7435 Sisters Grove Suite 310,Colorado Springs,CO,80923,"https://organization.achc.org/print?legalCompanyName=Rocky%20Mountain%20Infusion,%20LLC&dbaCompanyName=Vital%20Care%20of%20Colorado%20Springs&companyID=89076&full_address=Colorado%20Springs,%20CO%2080923&physicalAddress=7435%20Sisters%20Grove%20Suite%20310,",2026-10-02
HSI00001169,University of Colorado Health,system name: University of Colorado Health,Pharmacy: Infusion Pharmacy Services,94093,Western Colorado Infusion LLC,Vital Care of Grand Junction,"1401 North 1st St, Suite B",Grand Junction ,CO,81501,"https://organization.achc.org/print?legalCompanyName=Western%20Colorado%20Infusion%20LLC&dbaCompanyName=Vital%20Care%20of%20Grand%20Junction&companyID=94093&full_address=Grand%20Junction%20,%20CO%2081501&physicalAddress=1401%20North%201st%20St,%20Suite%20B,",2026-10-02
HSI00000376,Franciscan Missionaries of Our Lady Health System,system name: Franciscan Missionaries of Our Lady Health System,Pharmacy: Specialty Pharmacy Services,74448,"Franciscan Missionaries of Our Lady Health System, Inc.",RxONE Lake,"5000 Hennessy Blvd, Chapel Hallway Room 101",Baton Rouge,LA,70808,"https://organization.achc.org/print?legalCompanyName=Franciscan%20Missionaries%20of%20Our%20Lady%20Health%20System,%20Inc.&dbaCompanyName=RxONE%20Lake&companyID=74448&full_address=Baton%20Rouge,%20LA%2070808&physicalAddress=5000%20Hennessy%20Blvd,%20Chapel%20Hallway%20Room%20101",2026-10-02
HSI00000376,Franciscan Missionaries of Our Lady Health System,system name: Franciscan Missionaries of Our Lady Health System,Pharmacy: Specialty Pharmacy Services,97876,"Franciscan Missionaries of Our Lady Health System, Inc.",Rx ONE / St. Dominic,971 Lakeland Drive Suite 101,Jackson ,MS,39216,"https://organization.achc.org/print?legalCompanyName=Franciscan%20Missionaries%20of%20Our%20Lady%20Health%20System,%20Inc.&dbaCompanyName=Rx%20ONE%20/%20St.%20Dominic&companyID=97876&full_address=Jackson%20,%20MS%2039216&physicalAddress=971%20Lakeland%20Drive%20Suite%20101,",2026-10-02
HSI00000958,Sanford Health,system name: Sanford Health | member hospital: Sanford Medical Center - Fargo,Pharmacy: Specialty Pharmacy Services,74724,Sanford Medical Center Fargo,Sanford Pharmacy Broadway,737 Broadway,Fargo,ND,58102,"https://organization.achc.org/print?legalCompanyName=Sanford%20Medical%20Center%20Fargo&dbaCompanyName=Sanford%20Pharmacy%20Broadway&companyID=74724&full_address=Fargo,%20ND%2058102&physicalAddress=737%20Broadway,",2026-10-02
HSI00000555,LCMC Health System,system name: LCMC Health System | address = member hospital: Tulane Lakeside Hospital,Pharmacy: Specialty Pharmacy Services,87936,"University Healthcare System, L.C.",LCMC Health Pharmacy Services - Lakeside,4700 S I-10 Service Rd W,Metairie,LA,70001,"https://organization.achc.org/print?legalCompanyName=University%20Healthcare%20System,%20L.C.&dbaCompanyName=LCMC%20Health%20Pharmacy%20Services%20-%20Lakeside&companyID=87936&full_address=Metairie,%20LA%2070001&physicalAddress=4700%20S%20I-10%20Service%20Rd%20W,",2026-10-02
HSI00000555,LCMC Health System,address = member hospital: Childrens Hospital,Pharmacy: Specialty Pharmacy Services,93757,University Medical Center Management Corp.,,"200 Henry Clay Ave, STE 2107",New Orleans,LA,70118,"https://organization.achc.org/print?legalCompanyName=University%20Medical%20Center%20Management%20Corp.&dbaCompanyName=&companyID=93757&full_address=New%20Orleans,%20LA%2070118&physicalAddress=200%20Henry%20Clay%20Ave,%20STE%202107,",2026-10-02
HSI00000555,LCMC Health System,member hospital: East Jefferson General Hospital,Pharmacy: Infusion Pharmacy Services,94506,KTN Pharmacy LLC,East Jefferson Medical Pharmacy,1623 Williams Blvd.,Kenner,LA,70062,"https://organization.achc.org/print?legalCompanyName=KTN%20Pharmacy%20LLC&dbaCompanyName=East%20Jefferson%20Medical%20Pharmacy&companyID=94506&full_address=Kenner,%20LA%2070062&physicalAddress=1623%20Williams%20Blvd.,",2026-10-02
HSI00000555,LCMC Health System,member hospital: East Jefferson General Hospital,Home Infusion Therapy,94567,KTN Pharmacy LLC (Deemed),East Jefferson Medical Pharmacy,1623 Williams Blvd.,Kenner,LA,70062,"https://organization.achc.org/print?legalCompanyName=KTN%20Pharmacy%20LLC%20(Deemed)&dbaCompanyName=East%20Jefferson%20Medical%20Pharmacy&companyID=94567&full_address=Kenner,%20LA%2070062&physicalAddress=1623%20Williams%20Blvd.,",2026-10-02
HSI00000776,OSF Healthcare System,system name: OSF Healthcare System,Pharmacy: Specialty Pharmacy Services,98482,OSF Healthcare System,OSF Healthcare Home Infusion Pharmacy,2265 W Altorfer Dr,Peoria,IL,61615,"https://organization.achc.org/print?legalCompanyName=OSF%20Healthcare%20System&dbaCompanyName=OSF%20Healthcare%20Home%20Infusion%20Pharmacy&companyID=98482&full_address=Peoria,%20IL%2061615&physicalAddress=2265%20W%20Altorfer%20Dr,",2026-10-02
HSI00000776,OSF Healthcare System,system name: OSF Healthcare System,Pharmacy: Infusion Pharmacy Services,98482,OSF Healthcare System,OSF Healthcare Home Infusion Pharmacy,2265 W Altorfer Dr,Peoria,IL,61615,"https://organization.achc.org/print?legalCompanyName=OSF%20Healthcare%20System&dbaCompanyName=OSF%20Healthcare%20Home%20Infusion%20Pharmacy&companyID=98482&full_address=Peoria,%20IL%2061615&physicalAddress=2265%20W%20Altorfer%20Dr,",2026-10-02
HSI00000475,Henry Ford Health,system name: Henry Ford Health | member hospital: Henry Ford Hospital,Pharmacy: Specialty Pharmacy Services,78535,Henry Ford Health System,Henry Ford Pharmacy Advantage Southfield,1191 South Blvd E,Rochester Hills,MI,48307,"https://organization.achc.org/print?legalCompanyName=Henry%20Ford%20Health%20System&dbaCompanyName=Henry%20Ford%20Pharmacy%20Advantage%20Southfield&companyID=78535&full_address=Rochester%20Hills,%20MI%2048307&physicalAddress=1191%20South%20Blvd%20E,",2026-10-02
HSI00000717,NYU Langone Health,system name: NYU Langone Health | member hospital: Nyu Langone Hospitals,Pharmacy: Specialty Pharmacy Services,73737,NYU Langone Hospitals,NYU Langone Specialty Pharmacy,"882 3rd Ave, Industry City, Building 10 fl 3",Brooklyn,NY,11232,"https://organization.achc.org/print?legalCompanyName=NYU%20Langone%20Hospitals&dbaCompanyName=NYU%20Langone%20Specialty%20Pharmacy&companyID=73737&full_address=Brooklyn,%20NY%2011232&physicalAddress=882%203rd%20Ave,%20Industry%20City,%20Building%2010%20fl%203,",2026-10-02
HSI00000186,Catholic Health,system name: Catholic Health,Pharmacy: Specialty Pharmacy Services,84981,Catholic Health,Catholic Health Rx at Sisters Hospital,2157 Main St.,Buffalo ,NY,14214,"https://organization.achc.org/print?legalCompanyName=Catholic%20Health&dbaCompanyName=Catholic%20Health%20Rx%20at%20Sisters%20Hospital&companyID=84981&full_address=Buffalo%20,%20NY%2014214&physicalAddress=2157%20Main%20St.,",2026-10-02
HSI00000186,Catholic Health,system name: Catholic Health,Pharmacy: Infusion Pharmacy Services,96858,Catholic Health System Infusion Pharmacy,Catholic Health Infusion Pharmacy,6350 Transit Road,Depew,NY,14043,"https://organization.achc.org/print?legalCompanyName=Catholic%20Health%20System%20Infusion%20Pharmacy&dbaCompanyName=Catholic%20Health%20Infusion%20Pharmacy&companyID=96858&full_address=Depew,%20NY%2014043&physicalAddress=6350%20Transit%20Road,",2026-10-02
HSI00000186,Catholic Health,system name: Catholic Health,Pharmacy: Infusion Pharmacy Services,96711,My CHS Rx,Catholic Health Home Infusion Pharmacy,70 Arkay Drive,Hauppauge,NY,11788,"https://organization.achc.org/print?legalCompanyName=My%20CHS%20Rx&dbaCompanyName=Catholic%20Health%20Home%20Infusion%20Pharmacy&companyID=96711&full_address=Hauppauge,%20NY%2011788&physicalAddress=70%20Arkay%20Drive,",2026-10-02
HSI00000186,Catholic Health,system name: Catholic Health,Home Infusion Therapy,40119,Catholic Health System Infusion Pharmacy (Deemed),Catholic Health Infusion Pharmacy,6350 Transit Road,Depew,NY,14043,"https://organization.achc.org/print?legalCompanyName=Catholic%20Health%20System%20Infusion%20Pharmacy%20(Deemed)&dbaCompanyName=Catholic%20Health%20Infusion%20Pharmacy&companyID=40119&full_address=Depew,%20NY%2014043&physicalAddress=6350%20Transit%20Road,",2026-10-02
HSI00000513,Inova Health System,system name: Inova Health System,Pharmacy: Specialty Pharmacy Services,76920,Inova Health Care Services,Inova Retail and Specialty Pharmacy,"3901 Stonecroft Blvd, Suite A 1400",Chantilly,VA,20151,"https://organization.achc.org/print?legalCompanyName=Inova%20Health%20Care%20Services&dbaCompanyName=Inova%20Retail%20and%20Specialty%20Pharmacy&companyID=76920&full_address=Chantilly,%20VA%2020151&physicalAddress=3901%20Stonecroft%20Blvd,%20Suite%20A%201400,",2026-10-02
HSI00000577,Lehigh Valley Health Network,system name: Lehigh Valley Health Network | member hospital: Lehigh Valley | member hospital: Lehigh Valley Health Network,Pharmacy: Specialty Pharmacy Services,95429,"Lehigh Valley Hospital, Inc.",Lehigh Valley Pharmacy Services,2024 Lehigh Street Suite 600,Allentown,PA,18103,"https://organization.achc.org/print?legalCompanyName=Lehigh%20Valley%20Hospital,%20Inc.&dbaCompanyName=Lehigh%20Valley%20Pharmacy%20Services&companyID=95429&full_address=Allentown,%20PA%2018103&physicalAddress=2024%20Lehigh%20Street%20Suite%20600,",2026-10-02
HSI00000452,Hartford Healthcare,system name: Hartford Healthcare | member hospital: Hartford Hospital,Pharmacy: Specialty Pharmacy Services,73688,Hartford Hospital,Hartford HealthCare Community Pharmacy,85 Seymour St. Suite 105,Hartford,CT,06106,"https://organization.achc.org/print?legalCompanyName=Hartford%20Hospital&dbaCompanyName=Hartford%20HealthCare%20Community%20Pharmacy&companyID=73688&full_address=Hartford,%20CT%2006106&physicalAddress=85%20Seymour%20St.%20Suite%20105,",2026-10-02
HSI00000771,Norton Healthcare,system name: Norton Healthcare | member hospital: Norton Hospitals  Inc,Pharmacy: Specialty Pharmacy Services,74180,Norton Hospitals Inc,Norton Specialty Pharmacy,2700 Stanley Gault Parkway #103,Louisville,KY,40223,"https://organization.achc.org/print?legalCompanyName=Norton%20Hospitals%20Inc&dbaCompanyName=Norton%20Specialty%20Pharmacy&companyID=74180&full_address=Louisville,%20KY%2040223&physicalAddress=2700%20Stanley%20Gault%20Parkway%20#103,",2026-10-02
HSI00000771,Norton Healthcare,system name: Norton Healthcare | member hospital: Norton Hospitals  Inc,Pharmacy: Infusion Pharmacy Services,98718,Norton Hospitals Inc,Norton Pharmacy Home Infusion Services,2700 Stanley Gault Pkwy Suite 101,Louisville,KY,40223,"https://organization.achc.org/print?legalCompanyName=Norton%20Hospitals%20Inc&dbaCompanyName=Norton%20Pharmacy%20Home%20Infusion%20Services&companyID=98718&full_address=Louisville,%20KY%2040223&physicalAddress=2700%20Stanley%20Gault%20Pkwy%20Suite%20101,",2026-10-02
HSI00001284,Ballad Health,system name: Ballad Health | address = member hospital: Indian Path Community Hospital,Pharmacy: Specialty Pharmacy Services,93093,Mountain States Health Alliance,Ballad Health Specialty Pharmacy- KPT,2000 Brookside Drive,Kingsport ,TN,37660,"https://organization.achc.org/print?legalCompanyName=Mountain%20States%20Health%20Alliance&dbaCompanyName=Ballad%20Health%20Specialty%20Pharmacy-%20KPT&companyID=93093&full_address=Kingsport%20,%20TN%2037660&physicalAddress=2000%20Brookside%20Drive,",2026-10-02
HSI00001284,Ballad Health,system name: Ballad Health,Pharmacy: Specialty Pharmacy Services,93095,Mountain States Health Alliance,Ballad Health Specialty Pharmacy- JC,1 Professional Park Dr. Ste. 21,Johnson City,TN,37604,"https://organization.achc.org/print?legalCompanyName=Mountain%20States%20Health%20Alliance&dbaCompanyName=Ballad%20Health%20Specialty%20Pharmacy-%20JC&companyID=93095&full_address=Johnson%20City,%20TN%2037604-6584&physicalAddress=1%20Professional%20Park%20Dr.%20Ste.%2021,",2026-10-02
HSI00001284,Ballad Health,system name: Ballad Health,Pharmacy: Specialty Pharmacy Services,93094,Wellmont Health System,Ballad Health Specialty Pharmacy- BR,743 Island Rd,Bristol,VA,24201,"https://organization.achc.org/print?legalCompanyName=Wellmont%20Health%20System&dbaCompanyName=Ballad%20Health%20Specialty%20Pharmacy-%20BR&companyID=93094&full_address=Bristol,%20VA%2024201-7403&physicalAddress=743%20Island%20Rd,",2026-10-02
HSI00000977,Sharp Healthcare,system name: Sharp Healthcare | member hospital: Sharp Memorial Hospital,Pharmacy: Specialty Pharmacy Services,79895,Grossmont Hospital Corporation,Sharp Specialty Pharmacy Services,"3558 Ruffin Rd., Suite 101",San Diego,CA,92123,"https://organization.achc.org/print?legalCompanyName=Grossmont%20Hospital%20Corporation&dbaCompanyName=Sharp%20Specialty%20Pharmacy%20Services&companyID=79895&full_address=San%20Diego,%20CA%2092123&physicalAddress=3558%20Ruffin%20Rd.,%20Suite%20101,",2026-10-02
HSI00000636,McLaren Health Care Corporation,member hospital: Karmanos Cancer Hospital,Pharmacy: Specialty Pharmacy Services,82267,Barbara Ann Karmanos Cancer Hospital,Karmanos Specialty Pharmacy,711 Stephenson Highway,Troy,MI,48083,"https://organization.achc.org/print?legalCompanyName=Barbara%20Ann%20Karmanos%20Cancer%20Hospital&dbaCompanyName=Karmanos%20Specialty%20Pharmacy&companyID=82267&full_address=Troy,%20MI%2048083&physicalAddress=711%20Stephenson%20Highway,",2026-10-02
HSI00000636,McLaren Health Care Corporation,system name: McLaren Health Care Corporation,Pharmacy: Infusion Pharmacy Services,82687,McLaren Health Management Group,McLaren Home Infusion,1515 Cal Drive,Davison,MI,48423,"https://organization.achc.org/print?legalCompanyName=McLaren%20Health%20Management%20Group&dbaCompanyName=McLaren%20Home%20Infusion&companyID=82687&full_address=Davison,%20MI%2048423&physicalAddress=1515%20Cal%20Drive,",2026-10-02
HSI00000714,Multicare Health System,system name: Multicare Health System | address = member hospital: Tacoma General Allenmore Hospital,Pharmacy: Specialty Pharmacy Services,94847,MultiCare Health System,MultiCare Medical Center ED Pharmacy,315 Martin Luther King Jr. Way,Tacoma,WA,98405,"https://organization.achc.org/print?legalCompanyName=MultiCare%20Health%20System&dbaCompanyName=MultiCare%20Medical%20Center%20ED%20Pharmacy&companyID=94847&full_address=Tacoma,%20WA%2098405&physicalAddress=315%20Martin%20Luther%20King%20Jr.%20Way,",2026-10-02
HSI00000714,Multicare Health System,member hospital: Yakima Valley Memorial Hospital,Pharmacy: Specialty Pharmacy Services,93381,Yakima Valley Farm Workers Clinic,YVFWC Specialty Pharmacy,2601 Commerce Lane,Yakima,WA,98901,"https://organization.achc.org/print?legalCompanyName=Yakima%20Valley%20Farm%20Workers%20Clinic&dbaCompanyName=YVFWC%20Specialty%20Pharmacy&companyID=93381&full_address=Yakima,%20WA%2098901&physicalAddress=2601%20Commerce%20Lane,",2026-10-02
HSI00000323,Duke University Health System,system name: Duke University Health System | member hospital: Duke Regional Hospital | member hospital: Duke University Hospital,Pharmacy: Specialty Pharmacy Services,97277,Duke University Health System,Duke Cancer Center Specialty Pharmacy,"20 Duke Medicine Circle, Room 0N44",Durham,NC,27710,"https://organization.achc.org/print?legalCompanyName=Duke%20University%20Health%20System&dbaCompanyName=Duke%20Cancer%20Center%20Specialty%20Pharmacy&companyID=97277&full_address=Durham,%20NC%2027710&physicalAddress=20%20Duke%20Medicine%20Circle,%20Room%200N44,",2026-10-02
HSI00000323,Duke University Health System,system name: Duke University Health System | member hospital: Duke Regional Hospital | member hospital: Duke University Hospital,Pharmacy: Specialty Pharmacy Services,97278,Duke University Health System,Duke North Pavilion Retail Pharmacy,"2400 Pratt St., Room 1006",Durham,NC,27705,"https://organization.achc.org/print?legalCompanyName=Duke%20University%20Health%20System&dbaCompanyName=Duke%20North%20Pavilion%20Retail%20Pharmacy&companyID=97278&full_address=Durham,%20NC%2027705&physicalAddress=2400%20Pratt%20St.,%20Room%201006,",2026-10-02
HSI00001174,University of Kentucky Healthcare,system name: University of Kentucky Healthcare,Pharmacy: Specialty Pharmacy Services,72604,University of Kentucky,UK Specialty Pharmacy,531 Wellington Way,Lexington,KY,40503,"https://organization.achc.org/print?legalCompanyName=University%20of%20Kentucky&dbaCompanyName=UK%20Specialty%20Pharmacy&companyID=72604&full_address=Lexington,%20KY%2040503&physicalAddress=531%20Wellington%20Way,",2026-10-02
HSI00000074,Baptist Health,address = member hospital: Baptist Health Medical Center - Lr,Pharmacy: Infusion Pharmacy Services,75571,"Option Care Enterprises, Inc",Option Care,"9601 Baptist Health Dr, Suite 110",Little Rock,AR,72205,"https://organization.achc.org/print?legalCompanyName=Option%20Care%20Enterprises,%20Inc&dbaCompanyName=Option%20Care&companyID=75571&full_address=Little%20Rock,%20AR%2072205&physicalAddress=9601%20Baptist%20Health%20Dr,%20Suite%20110",2026-10-02
HSI00000491,HonorHealth,system name: HonorHealth,Pharmacy: Specialty Pharmacy Services,85605,John C Lincoln Medical Center Specialty Pharmacy,Honorhealth Home Infusion Therapy Services,"2500 W Utopia Rd., Suite 110",Phoenix,AZ,85027,"https://organization.achc.org/print?legalCompanyName=John%20C%20Lincoln%20Medical%20Center%20Specialty%20Pharmacy&dbaCompanyName=Honorhealth%20Home%20Infusion%20Therapy%20Services&companyID=85605&full_address=Phoenix,%20AZ%2085027&physicalAddress=2500%20W%20Utopia%20Rd.,%20Suite%20110",2026-10-02
HSI00000491,HonorHealth,system name: HonorHealth,Pharmacy: Infusion Pharmacy Services,85605,John C Lincoln Medical Center Specialty Pharmacy,Honorhealth Home Infusion Therapy Services,"2500 W Utopia Rd., Suite 110",Phoenix,AZ,85027,"https://organization.achc.org/print?legalCompanyName=John%20C%20Lincoln%20Medical%20Center%20Specialty%20Pharmacy&dbaCompanyName=Honorhealth%20Home%20Infusion%20Therapy%20Services&companyID=85605&full_address=Phoenix,%20AZ%2085027&physicalAddress=2500%20W%20Utopia%20Rd.,%20Suite%20110",2026-10-02
HSI00000756,NorthShore – Edward-Elmhurst Health,member hospital: Elmhurst Memorial Hospital,Pharmacy: Infusion Pharmacy Services,88547,Infusion Therapy LLC,Vital Care of Elmhurst,"17W755 Butterfield Road,  Suite 102",Oakbrook Terrace,IL,60181,"https://organization.achc.org/print?legalCompanyName=Infusion%20Therapy%20LLC&dbaCompanyName=Vital%20Care%20of%20Elmhurst&companyID=88547&full_address=Oakbrook%20Terrace,%20IL%2060181&physicalAddress=17W755%20Butterfield%20Road,%20%20Suite%20102,",2026-10-02
HSI00001230,ECU Health,member hospital: East Carolina Health,Pharmacy: Specialty Pharmacy Services,75059,East Carolina University,Family Practice Pharmacy,101 Heart Dr.,Greenville,NC,27834,"https://organization.achc.org/print?legalCompanyName=East%20Carolina%20University&dbaCompanyName=Family%20Practice%20Pharmacy&companyID=75059&full_address=Greenville,%20NC%2027834&physicalAddress=101%20Heart%20Dr.,",2026-10-02
HSI00001230,ECU Health,system name: ECU Health | member hospital: Pitt County Memorial Hospital Inc | address = member hospital: Pitt County Memorial Hospital Inc,Pharmacy: Specialty Pharmacy Services,77841,"Pitt County Memorial Hospital, Incorporated",ECU Health Specialty Pharmacy,"2100 Stantonsburg Road, Rm 1CC-1105",Greenville,NC,27834,"https://organization.achc.org/print?legalCompanyName=Pitt%20County%20Memorial%20Hospital,%20Incorporated&dbaCompanyName=ECU%20Health%20Specialty%20Pharmacy&companyID=77841&full_address=Greenville,%20NC%2027834&physicalAddress=2100%20Stantonsburg%20Road,%20Rm%201CC-1105,",2026-10-02
HSI00001230,ECU Health,system name: ECU Health | member hospital: Pitt County Memorial Hospital Inc | address = member hospital: Pitt County Memorial Hospital Inc,Pharmacy: Infusion Pharmacy Services,88847,"Pitt County Memorial Hospital, Incorporated",ECU Health Home Infusion,2100 Stantonsburg Road,Greenville,NC,27834,"https://organization.achc.org/print?legalCompanyName=Pitt%20County%20Memorial%20Hospital,%20Incorporated&dbaCompanyName=ECU%20Health%20Home%20Infusion&companyID=88847&full_address=Greenville,%20NC%2027834&physicalAddress=2100%20Stantonsburg%20Road,",2026-10-02
HSI00000375,Franciscan Health,system name: Franciscan Health | member hospital: Franciscan Health Lafayette,Pharmacy: Infusion Pharmacy Services,90412,Franciscan Alliance,Franciscan Home Infusion Pharmacy Lafayette,"1501 Hartford St, Ste G540",Lafayette,IN,47904,"https://organization.achc.org/print?legalCompanyName=Franciscan%20Alliance&dbaCompanyName=Franciscan%20Home%20Infusion%20Pharmacy%20Lafayette&companyID=90412&full_address=Lafayette,%20IN%2047904&physicalAddress=1501%20Hartford%20St,%20Ste%20G540",2026-10-02
HSI00000068,Avera Health,system name: Avera Health | member hospital: Avera Mckennan,Pharmacy: Specialty Pharmacy Services,66035,Avera McKennan,Avera Specialty Pharmacy,4101 W Memory Circle Ste 135,Sioux Falls ,SD,57104,"https://organization.achc.org/print?legalCompanyName=Avera%20McKennan&dbaCompanyName=Avera%20Specialty%20Pharmacy&companyID=66035&full_address=Sioux%20Falls%20,%20SD%2057104&physicalAddress=4101%20W%20Memory%20Circle%20Ste%20135,",2026-10-02
HSI00001222,Vanderbilt Health,system name: Vanderbilt Health | member hospital: Vanderbilt University Medical Center,Pharmacy: Specialty Pharmacy Services,65922,Vanderbilt Integrated Pharmacy,Vanderbilt Specialty Pharmacy,726 Melrose Avenue,Nashville,TN,37211,"https://organization.achc.org/print?legalCompanyName=Vanderbilt%20Integrated%20Pharmacy&dbaCompanyName=Vanderbilt%20Specialty%20Pharmacy&companyID=65922&full_address=Nashville,%20TN%2037211&physicalAddress=726%20Melrose%20Avenue,",2026-10-02
HSI00001222,Vanderbilt Health,system name: Vanderbilt Health | member hospital: Vanderbilt University Medical Center,Pharmacy: Specialty Pharmacy Services,66042,Vanderbilt Outpatient Pharmacy,Vanderbilt Specialty Pharmacy,"1211  Medical Center Drive, 1815 TVC",Nashville,TN,37232,"https://organization.achc.org/print?legalCompanyName=Vanderbilt%20Outpatient%20Pharmacy&dbaCompanyName=Vanderbilt%20Specialty%20Pharmacy&companyID=66042&full_address=Nashville,%20TN%2037232&physicalAddress=1211%20%20Medical%20Center%20Drive,%201815%20TVC,",2026-10-02
HSI00001222,Vanderbilt Health,system name: Vanderbilt Health | member hospital: Vanderbilt University Medical Center,Pharmacy: Infusion Pharmacy Services,37571,"Option Care Infusion Services, LLC",Vanderbilt HC/Option Care IV Services,"624 Grassmere Park Drive, Suite 22",Nashville,TN,37211,"https://organization.achc.org/print?legalCompanyName=Option%20Care%20Infusion%20Services,%20LLC&dbaCompanyName=Vanderbilt%20HC/Option%20Care%20IV%20Services&companyID=37571&full_address=Nashville,%20TN%2037211-3662&physicalAddress=624%20Grassmere%20Park%20Drive,%20Suite%2022",2026-10-02
HSI00001222,Vanderbilt Health,system name: Vanderbilt Health | member hospital: Vanderbilt University Medical Center,Home Infusion Therapy,90295,"Option Care Infusion Services, LLC",Vanderbilt HC/Option Care IV Services,"624 Grassmere Park Drive, Suite 22",Nashville,TN,37211,"https://organization.achc.org/print?legalCompanyName=Option%20Care%20Infusion%20Services,%20LLC&dbaCompanyName=Vanderbilt%20HC/Option%20Care%20IV%20Services&companyID=90295&full_address=Nashville,%20TN%2037211-3662&physicalAddress=624%20Grassmere%20Park%20Drive,%20Suite%2022,",2026-10-02
HSI00000388,Geisinger,system name: Geisinger | member hospital: Geisinger Medical Center,Pharmacy: Specialty Pharmacy Services,79146,"Geisinger Pharmacy, LLC",Geisinger Specialty Pharmacy,620 Baltimore Drive Suite 100,Wilkes-Barre,PA,18702,"https://organization.achc.org/print?legalCompanyName=Geisinger%20Pharmacy,%20LLC&dbaCompanyName=Geisinger%20Specialty%20Pharmacy&companyID=79146&full_address=Wilkes-Barre,%20PA%2018702&physicalAddress=620%20Baltimore%20Drive%20Suite%20100,",2026-10-02
HSI00000388,Geisinger,system name: Geisinger | member hospital: Geisinger Medical Center,Pharmacy: Specialty Pharmacy Services,89179,"Geisinger Pharmacy, LLC",Geisinger Pharmacy Bush,100 N. Academy Avenue Bush Pavillion,Danville,PA,17822,"https://organization.achc.org/print?legalCompanyName=Geisinger%20Pharmacy,%20LLC&dbaCompanyName=Geisinger%20Pharmacy%20Bush&companyID=89179&full_address=Danville,%20PA%2017822&physicalAddress=100%20N.%20Academy%20Avenue%20Bush%20Pavillion,",2026-10-02
HSI00000388,Geisinger,system name: Geisinger | member hospital: Geisinger Medical Center | address = member hospital: Geisinger Wyoming Valley Med Ctr,Pharmacy: Specialty Pharmacy Services,89180,"Geisinger Pharmacy, LLC",Geisinger Pharmacy GWV,1000 East Mountain Blvd,Wilkes-Barre,PA,18711,"https://organization.achc.org/print?legalCompanyName=Geisinger%20Pharmacy,%20LLC&dbaCompanyName=Geisinger%20Pharmacy%20GWV&companyID=89180&full_address=Wilkes-Barre,%20PA%2018711&physicalAddress=1000%20East%20Mountain%20Blvd,",2026-10-02
HSI00000388,Geisinger,system name: Geisinger | member hospital: Geisinger Medical Center | address = member hospital: Community Medical Center,Pharmacy: Specialty Pharmacy Services,89181,"Geisinger Pharmacy, LLC",Geisinger Pharmacy GLH,1800 Mulberry Street,Scranton,PA,18510,"https://organization.achc.org/print?legalCompanyName=Geisinger%20Pharmacy,%20LLC&dbaCompanyName=Geisinger%20Pharmacy%20GLH&companyID=89181&full_address=Scranton,%20PA%2018510&physicalAddress=1800%20Mulberry%20Street,",2026-10-02
HSI00000388,Geisinger,system name: Geisinger | member hospital: Geisinger Medical Center,Pharmacy: Infusion Pharmacy Services,82119,Geisinger Pharmacy LLC,Geisinger Home Infusion Svcs.,44 Woodbine Lane,Danville,PA,17821,"https://organization.achc.org/print?legalCompanyName=Geisinger%20Pharmacy%20LLC&dbaCompanyName=Geisinger%20Home%20Infusion%20Svcs.&companyID=82119&full_address=Danville,%20PA%2017821&physicalAddress=44%20Woodbine%20Lane,",2026-10-02
HSI00000388,Geisinger,system name: Geisinger | member hospital: Geisinger Medical Center,Pharmacy: Infusion Pharmacy Services,86417,Geisinger Pharmacy LLC,Geisinger Home Infusion Svcs.,428 Windmere Dr,State College,PA,16801,"https://organization.achc.org/print?legalCompanyName=Geisinger%20Pharmacy%20LLC&dbaCompanyName=Geisinger%20Home%20Infusion%20Svcs.&companyID=86417&full_address=State%20College,%20PA%2016801&physicalAddress=428%20Windmere%20Dr,",2026-10-02
HSI00000388,Geisinger,system name: Geisinger | member hospital: Geisinger Medical Center,Pharmacy: Infusion Pharmacy Services,95240,Geisinger Pharmacy LLC,Geisinger Home Infusion Svcs.,"620 Baltimore Drive, Suite 210",Wilkes Barre,PA,18702,"https://organization.achc.org/print?legalCompanyName=Geisinger%20Pharmacy%20LLC&dbaCompanyName=Geisinger%20Home%20Infusion%20Svcs.&companyID=95240&full_address=Wilkes%20Barre,%20PA%2018702&physicalAddress=620%20Baltimore%20Drive,%20Suite%20210,",2026-10-02
HSI00000388,Geisinger,system name: Geisinger | member hospital: Geisinger Medical Center,Home Infusion Therapy,96643,Geisinger Pharmacy LLC (Deemed),Geisinger Home Infusion Services,44 Woodbine Lane,Danville,PA,17821,"https://organization.achc.org/print?legalCompanyName=Geisinger%20Pharmacy%20LLC%20(Deemed)&dbaCompanyName=Geisinger%20Home%20Infusion%20Services&companyID=96643&full_address=Danville,%20PA%2017821&physicalAddress=44%20Woodbine%20Lane,",2026-10-02
HSI00000936,Saint Lukes University Health Network,system name: Saint Lukes University Health Network | member hospital: St. Lukes Hospital,Pharmacy: Specialty Pharmacy Services,77624,St. Luke’s Homestar Services LLC,Homestar RX and Infusion Services,77 S Commerce Way Suite 200,Bethlehem ,PA,18017,"https://organization.achc.org/print?legalCompanyName=St.%20Luke’s%20Homestar%20Services%20LLC&dbaCompanyName=Homestar%20RX%20and%20Infusion%20Services&companyID=77624&full_address=Bethlehem%20,%20PA%2018017&physicalAddress=77%20S%20Commerce%20Way%20Suite%20200,",2026-10-02
HSI00000936,Saint Lukes University Health Network,system name: Saint Lukes University Health Network | member hospital: St. Lukes Hospital,Pharmacy: Infusion Pharmacy Services,77624,St. Luke’s Homestar Services LLC,Homestar RX and Infusion Services,77 S Commerce Way Suite 200,Bethlehem ,PA,18017,"https://organization.achc.org/print?legalCompanyName=St.%20Luke’s%20Homestar%20Services%20LLC&dbaCompanyName=Homestar%20RX%20and%20Infusion%20Services&companyID=77624&full_address=Bethlehem%20,%20PA%2018017&physicalAddress=77%20S%20Commerce%20Way%20Suite%20200,",2026-10-02
HSI00000673,Methodist Health System,system name: Methodist Health System | member hospital: Methodist Dallas Medical Center,Pharmacy: Specialty Pharmacy Services,94808,"Methodist Community Pharmacy, LLC",Methodist Community Pharmacy - Dallas,"1441 N Beckley Ave, Main Lobby B",Dallas,TX,75203,"https://organization.achc.org/print?legalCompanyName=Methodist%20Community%20Pharmacy,%20LLC&dbaCompanyName=Methodist%20Community%20Pharmacy%20-%20Dallas&companyID=94808&full_address=Dallas,%20TX%2075203&physicalAddress=1441%20N%20Beckley%20Ave,%20Main%20Lobby%20B,",2026-10-02
HSI00000673,Methodist Health System,system name: Methodist Health System | member hospital: Methodist Charlton Medical Center,Pharmacy: Specialty Pharmacy Services,85388,"Oncology Pharmacy Services, Inc.",Texas Oncology Pharmacy-Methodist Charlton,3555 W Wheatland Road,Dallas,TX,75237,"https://organization.achc.org/print?legalCompanyName=Oncology%20Pharmacy%20Services,%20Inc.%20&dbaCompanyName=Texas%20Oncology%20Pharmacy-Methodist%20Charlton&companyID=85388&full_address=Dallas,%20TX%2075237&physicalAddress=3555%20W%20Wheatland%20Road,",2026-10-02
HSI00000673,Methodist Health System,system name: Methodist Health System,Pharmacy: Specialty Pharmacy Services,99899,Texas Health Harris Methodist Hospital Fort Worth,Texas Health Retail Pharmacy,1325 Pennsylvania Ave Suite 290,Fort Worth,TX,76104,"https://organization.achc.org/print?legalCompanyName=Texas%20Health%20Harris%20Methodist%20Hospital%20Fort%20Worth&dbaCompanyName=Texas%20Health%20Retail%20Pharmacy&companyID=99899&full_address=Fort%20Worth,%20TX%2076104&physicalAddress=1325%20Pennsylvania%20Ave%20Suite%20290,",2026-10-02
HSI00000673,Methodist Health System,system name: Methodist Health System,Pharmacy: Specialty Pharmacy Services,76082,The Methodist Hospital,Houston Methodist Pharmacy,"13300 Hargrave Road, Suite 360",Houston ,TX,77070,"https://organization.achc.org/print?legalCompanyName=The%20Methodist%20Hospital&dbaCompanyName=Houston%20Methodist%20Pharmacy&companyID=76082&full_address=Houston%20,%20TX%2077070&physicalAddress=13300%20Hargrave%20Road,%20Suite%20360,",2026-10-02
HSI00001179,University of Rochester Medical Center,system name: University of Rochester Medical Center,Pharmacy: Specialty Pharmacy Services,80073,Rochester General Hospital,Wilson Pharmacy,1425 Portland Avenue Wilson Medical Building #1,Rochester,NY,14621,"https://organization.achc.org/print?legalCompanyName=Rochester%20General%20Hospital&dbaCompanyName=Wilson%20Pharmacy&companyID=80073&full_address=Rochester,%20NY%2014621&physicalAddress=1425%20Portland%20Avenue%20Wilson%20Medical%20Building%20#1,",2026-10-02
HSI00001179,University of Rochester Medical Center,system name: University of Rochester Medical Center | address = member hospital: Strong Memorial Hospital,Pharmacy: Specialty Pharmacy Services,83082,Strong Memorial Hospital Division- Specialty Pharmacy,University of Rochester Specialty Pharmacy,601 Elmwood Ave,Rochester,NY,14642,"https://organization.achc.org/print?legalCompanyName=Strong%20Memorial%20Hospital%20Division-%20Specialty%20Pharmacy&dbaCompanyName=University%20of%20Rochester%20Specialty%20Pharmacy&companyID=83082&full_address=Rochester,%20NY%2014642&physicalAddress=601%20Elmwood%20Ave,",2026-10-02
HSI00001179,University of Rochester Medical Center,system name: University of Rochester Medical Center,Pharmacy: Specialty Pharmacy Services,93397,Strong Memorial Hospital Division- Specialty Pharmacy,University of Rochester Specialty Pharmacy,"155 Bellwood Drive, Suite 2",Rochester,NY,14606,"https://organization.achc.org/print?legalCompanyName=Strong%20Memorial%20Hospital%20Division-%20Specialty%20Pharmacy&dbaCompanyName=University%20of%20Rochester%20Specialty%20Pharmacy&companyID=93397&full_address=Rochester,%20NY%2014606&physicalAddress=155%20Bellwood%20Drive,%20Suite%202,",2026-10-02
HSI00001179,University of Rochester Medical Center,system name: University of Rochester Medical Center,Pharmacy: Specialty Pharmacy Services,83083,Strong Memorial Hospital Division-Specialty Pharmacy,University of Rochester,"120 Corporate Woods, Suite 350",Rochester,NY,14623,"https://organization.achc.org/print?legalCompanyName=Strong%20Memorial%20Hospital%20Division-Specialty%20Pharmacy&dbaCompanyName=University%20of%20Rochester&companyID=83083&full_address=Rochester,%20NY%2014623&physicalAddress=120%20Corporate%20Woods,%20Suite%20350,",2026-10-02
HSI00001179,University of Rochester Medical Center,system name: University of Rochester Medical Center,Pharmacy: Infusion Pharmacy Services,45287,"Rochester Regional Health Home Infusion Pharmacy, LLC",,"2975 Brighton-Henrietta Town Line Road, Suite 230",Rochester,NY,14623,"https://organization.achc.org/print?legalCompanyName=Rochester%20Regional%20Health%20Home%20Infusion%20Pharmacy,%20LLC&dbaCompanyName=&companyID=45287&full_address=Rochester,%20NY%2014623&physicalAddress=2975%20Brighton-Henrietta%20Town%20Line%20Road,%20Suite%20230",2026-10-02
HSI00001033,Stanford Health Care,system name: Stanford Health Care | member hospital: Lucile Packard Childrens Hospital | member hospital: Stanford Health Care,Pharmacy: Specialty Pharmacy Services,98514,Lucile Salter Packard Children's Hospital at Stanford,Stanford Children's Health Specialty Pharmacy,"4600 Bohannon Dr, Suite 120",Menlo Park,CA,94025,"https://organization.achc.org/print?legalCompanyName=Lucile%20Salter%20Packard%20Children's%20Hospital%20at%20Stanford&dbaCompanyName=Stanford%20Children's%20Health%20Specialty%20Pharmacy&companyID=98514&full_address=Menlo%20Park,%20CA%2094025&physicalAddress=4600%20Bohannon%20Dr,%20Suite%20120",2026-10-02
HSI00001033,Stanford Health Care,system name: Stanford Health Care | member hospital: Stanford Health Care,Pharmacy: Specialty Pharmacy Services,91761,Stanford Health Care,Stanford Health Care Pharmacy,"875 Blake Wilbur Dr., Suite CC-1102",Palo Alto,CA,94304,"https://organization.achc.org/print?legalCompanyName=Stanford%20Health%20Care&dbaCompanyName=Stanford%20Health%20Care%20Pharmacy&companyID=91761&full_address=Palo%20Alto,%20CA%2094304&physicalAddress=875%20Blake%20Wilbur%20Dr.,%20Suite%20CC-1102,",2026-10-02
HSI00001033,Stanford Health Care,system name: Stanford Health Care | member hospital: Stanford Health Care,Pharmacy: Specialty Pharmacy Services,99444,Stanford Health Care,Stanford Health Care Specialty Pharmacy,2522 Leghorn St.,Mountain View,CA,94043,"https://organization.achc.org/print?legalCompanyName=Stanford%20Health%20Care&dbaCompanyName=Stanford%20Health%20Care%20Specialty%20Pharmacy&companyID=99444&full_address=Mountain%20View,%20CA%2094043&physicalAddress=2522%20Leghorn%20St.,",2026-10-02
HSI00000843,Presbyterian Healthcare Services,system name: Presbyterian Healthcare Services | member hospital: Presbyterian Hospital,Pharmacy: Specialty Pharmacy Services,94197,Presbyterian Healthcare Services,Presbyterian Specialty Care Pharmacy,4580 Paradise Blvd. NW,Albuquerque,NM,87114,"https://organization.achc.org/print?legalCompanyName=Presbyterian%20Healthcare%20Services&dbaCompanyName=Presbyterian%20Specialty%20Care%20Pharmacy&companyID=94197&full_address=Albuquerque,%20NM%2087114&physicalAddress=4580%20Paradise%20Blvd.%20NW,",2026-10-02
HSI00000968,Scripps Health,system name: Scripps Health,Pharmacy: Specialty Pharmacy Services,79621,Scripps Health,Scripps Health Specialty Pharmacy,550 Washington Street Suite #100,San Diego,CA,92103,"https://organization.achc.org/print?legalCompanyName=Scripps%20Health&dbaCompanyName=Scripps%20Health%20Specialty%20Pharmacy&companyID=79621&full_address=San%20Diego,%20CA%2092103&physicalAddress=550%20Washington%20Street%20Suite%20#100,",2026-10-02
HSI00000546,Kettering Health,system name: Kettering Health | member hospital: Kettering Health Dayton,Pharmacy: Specialty Pharmacy Services,88702,Dayton Osteopathic Hospital,Kettering Health Specialty Pharmacy,3700 Southern Boulevard  Suite 105,Kettering,OH,45429,"https://organization.achc.org/print?legalCompanyName=Dayton%20Osteopathic%20Hospital&dbaCompanyName=Kettering%20Health%20Specialty%20Pharmacy&companyID=88702&full_address=Kettering,%20OH%2045429&physicalAddress=3700%20Southern%20Boulevard%20%20Suite%20105,",2026-10-02
HSI00000537,Kaleida Health,system name: Kaleida Health | member hospital: Kaleida Health | address = member hospital: Kaleida Health,Pharmacy: Specialty Pharmacy Services,97210,Kaleida Health,Kaleida Health Outpatient Pharmacy,100 High Street,Buffalo,NY,14203,"https://organization.achc.org/print?legalCompanyName=Kaleida%20Health&dbaCompanyName=Kaleida%20Health%20Outpatient%20Pharmacy&companyID=97210&full_address=Buffalo,%20NY%2014203&physicalAddress=100%20High%20Street,",2026-10-02
HSI00000075,Baptist Health,system name: Baptist Health | member hospital: Baptist Medical Center,Pharmacy: Specialty Pharmacy Services,85128,"Oncology Specialty Pharmacy, LLC",Baptist Health Specialty Pharmacy,14412 Commerce Way,Miami Lakes,FL,33016,"https://organization.achc.org/print?legalCompanyName=Oncology%20Specialty%20Pharmacy,%20LLC&dbaCompanyName=Baptist%20Health%20Specialty%20Pharmacy&companyID=85128&full_address=Miami%20Lakes,%20FL%2033016&physicalAddress=14412%20Commerce%20Way,",2026-10-02
HSI00000075,Baptist Health,system name: Baptist Health | member hospital: Baptist Medical Center,Pharmacy: Infusion Pharmacy Services,88900,"Baptist Outpatient Services, Inc.",Baptist Health Infusion Care Pharmacy,14420 Commerce Way,Miami Lakes,FL,33016,"https://organization.achc.org/print?legalCompanyName=Baptist%20Outpatient%20Services,%20Inc.&dbaCompanyName=Baptist%20Health%20Infusion%20Care%20Pharmacy&companyID=88900&full_address=Miami%20Lakes,%20FL%2033016&physicalAddress=14420%20Commerce%20Way,",2026-10-02
HSI00000507,Integris Health,system name: Integris Health | member hospital: Integris Community Hospital,Pharmacy: Specialty Pharmacy Services,71039,INTEGRIS ProHealth Inc,INTEGRIS Pharmacy 4188,5915 W. Memorial Rd Suite 110,Oklahoma City,OK,73142,"https://organization.achc.org/print?legalCompanyName=INTEGRIS%20ProHealth%20Inc&dbaCompanyName=INTEGRIS%20Pharmacy%204188&companyID=71039&full_address=Oklahoma%20City,%20OK%2073142&physicalAddress=5915%20W.%20Memorial%20Rd%20Suite%20110,",2026-10-02
HSI00000611,MaineHealth,system name: MaineHealth,Pharmacy: Specialty Pharmacy Services,80199,MaineHealth,MaineHealth Pharmacy Maine Medical Center Portland,22 Bramhall Street,Portland,ME,04101,"https://organization.achc.org/print?legalCompanyName=MaineHealth&dbaCompanyName=MaineHealth%20Pharmacy%20Maine%20Medical%20Center%20Portland&companyID=80199&full_address=Portland,%20ME%2004101&physicalAddress=22%20Bramhall%20Street,",2026-10-02
HSI00000611,MaineHealth,system name: MaineHealth,Pharmacy: Specialty Pharmacy Services,90172,MaineHealth,MaineHealth Pharmacy Specialty and Home Delivery Westbrook,"340 County Road, Suite 1",Westbrook,ME,04092,"https://organization.achc.org/print?legalCompanyName=MaineHealth&dbaCompanyName=MaineHealth%20Pharmacy%20Specialty%20and%20Home%20Delivery%20Westbrook&companyID=90172&full_address=Westbrook,%20ME%2004092&physicalAddress=340%20County%20Road,%20Suite%201,",2026-10-02
HSI00001074,The Carle Foundation,system name: The Carle Foundation | member hospital: Carle Foundation Hospital,Pharmacy: Specialty Pharmacy Services,76288,Carle Foundation Hospital,Carle Home Infusion/Specialty Pharmacy,"221 N Broadway Ave., Suite 100",Urbana,IL,61801,"https://organization.achc.org/print?legalCompanyName=Carle%20Foundation%20Hospital&dbaCompanyName=Carle%20Home%20Infusion/Specialty%20Pharmacy&companyID=76288&full_address=Urbana,%20IL%2061801&physicalAddress=221%20N%20Broadway%20Ave.,%20Suite%20100,",2026-10-02
HSI00001074,The Carle Foundation,system name: The Carle Foundation | member hospital: Carle Foundation Hospital,Pharmacy: Infusion Pharmacy Services,76288,Carle Foundation Hospital,Carle Home Infusion/Specialty Pharmacy,"221 N Broadway Ave., Suite 100",Urbana,IL,61801,"https://organization.achc.org/print?legalCompanyName=Carle%20Foundation%20Hospital&dbaCompanyName=Carle%20Home%20Infusion/Specialty%20Pharmacy&companyID=76288&full_address=Urbana,%20IL%2061801&physicalAddress=221%20N%20Broadway%20Ave.,%20Suite%20100,",2026-10-02
HSI00000811,Parkview Health System,system name: Parkview Health System | member hospital: Parkview Hospital,Pharmacy: Specialty Pharmacy Services,96648,"Parkview Hospital, Inc",Parkview Integrated Pharmacy,"1450 Production Rd., Suite 400",Fort Wayne,IN,46808,"https://organization.achc.org/print?legalCompanyName=Parkview%20Hospital,%20Inc&dbaCompanyName=Parkview%20Integrated%20Pharmacy&companyID=96648&full_address=Fort%20Wayne,%20IN%2046808&physicalAddress=1450%20Production%20Rd.,%20Suite%20400,",2026-10-02
HSI00000811,Parkview Health System,system name: Parkview Health System | member hospital: Parkview Hospital,Pharmacy: Specialty Pharmacy Services,78779,"Parkview Hospital, Inc.",Medical Park 11 Pharmacy,11104 Parkview Circle Suite 030,Fort Wayne,IN,46845,"https://organization.achc.org/print?legalCompanyName=Parkview%20Hospital,%20Inc.&dbaCompanyName=Medical%20Park%2011%20Pharmacy&companyID=78779&full_address=Fort%20Wayne,%20IN%2046845&physicalAddress=11104%20Parkview%20Circle%20Suite%20030,",2026-10-02
HSI00000811,Parkview Health System,system name: Parkview Health System | member hospital: Parkview Hospital,Pharmacy: Specialty Pharmacy Services,99313,"Parkview RX SWO, LLC",Matrix VIP Ohio,9874 Windisch Road,West Chester,OH,45069,"https://organization.achc.org/print?legalCompanyName=Parkview%20RX%20SWO,%20LLC&dbaCompanyName=Matrix%20VIP%20Ohio&companyID=99313&full_address=West%20Chester,%20OH%2045069&physicalAddress=9874%20Windisch%20Road,",2026-10-02
HSI00000889,Rochester Regional Health System,system name: Rochester Regional Health System | member hospital: Rochester General Hospital,Pharmacy: Specialty Pharmacy Services,80073,Rochester General Hospital,Wilson Pharmacy,1425 Portland Avenue Wilson Medical Building #1,Rochester,NY,14621,"https://organization.achc.org/print?legalCompanyName=Rochester%20General%20Hospital&dbaCompanyName=Wilson%20Pharmacy&companyID=80073&full_address=Rochester,%20NY%2014621&physicalAddress=1425%20Portland%20Avenue%20Wilson%20Medical%20Building%20#1,",2026-10-02
HSI00000889,Rochester Regional Health System,system name: Rochester Regional Health System | member hospital: Rochester General Hospital,Pharmacy: Specialty Pharmacy Services,83082,Strong Memorial Hospital Division- Specialty Pharmacy,University of Rochester Specialty Pharmacy,601 Elmwood Ave,Rochester,NY,14642,"https://organization.achc.org/print?legalCompanyName=Strong%20Memorial%20Hospital%20Division-%20Specialty%20Pharmacy&dbaCompanyName=University%20of%20Rochester%20Specialty%20Pharmacy&companyID=83082&full_address=Rochester,%20NY%2014642&physicalAddress=601%20Elmwood%20Ave,",2026-10-02
HSI00000889,Rochester Regional Health System,system name: Rochester Regional Health System | member hospital: Rochester General Hospital,Pharmacy: Specialty Pharmacy Services,93397,Strong Memorial Hospital Division- Specialty Pharmacy,University of Rochester Specialty Pharmacy,"155 Bellwood Drive, Suite 2",Rochester,NY,14606,"https://organization.achc.org/print?legalCompanyName=Strong%20Memorial%20Hospital%20Division-%20Specialty%20Pharmacy&dbaCompanyName=University%20of%20Rochester%20Specialty%20Pharmacy&companyID=93397&full_address=Rochester,%20NY%2014606&physicalAddress=155%20Bellwood%20Drive,%20Suite%202,",2026-10-02
HSI00000889,Rochester Regional Health System,system name: Rochester Regional Health System | member hospital: Rochester General Hospital,Pharmacy: Specialty Pharmacy Services,83083,Strong Memorial Hospital Division-Specialty Pharmacy,University of Rochester,"120 Corporate Woods, Suite 350",Rochester,NY,14623,"https://organization.achc.org/print?legalCompanyName=Strong%20Memorial%20Hospital%20Division-Specialty%20Pharmacy&dbaCompanyName=University%20of%20Rochester&companyID=83083&full_address=Rochester,%20NY%2014623&physicalAddress=120%20Corporate%20Woods,%20Suite%20350,",2026-10-02
HSI00000889,Rochester Regional Health System,system name: Rochester Regional Health System | member hospital: Rochester General Hospital,Pharmacy: Infusion Pharmacy Services,45287,"Rochester Regional Health Home Infusion Pharmacy, LLC",,"2975 Brighton-Henrietta Town Line Road, Suite 230",Rochester,NY,14623,"https://organization.achc.org/print?legalCompanyName=Rochester%20Regional%20Health%20Home%20Infusion%20Pharmacy,%20LLC&dbaCompanyName=&companyID=45287&full_address=Rochester,%20NY%2014623&physicalAddress=2975%20Brighton-Henrietta%20Town%20Line%20Road,%20Suite%20230",2026-10-02
HSI00001430,Catholic Health Systems,system name: Catholic Health Systems | address = member hospital: Sisters Of Charity Hospital,Pharmacy: Specialty Pharmacy Services,84981,Catholic Health,Catholic Health Rx at Sisters Hospital,2157 Main St.,Buffalo ,NY,14214,"https://organization.achc.org/print?legalCompanyName=Catholic%20Health&dbaCompanyName=Catholic%20Health%20Rx%20at%20Sisters%20Hospital&companyID=84981&full_address=Buffalo%20,%20NY%2014214&physicalAddress=2157%20Main%20St.,",2026-10-02
HSI00001430,Catholic Health Systems,system name: Catholic Health Systems,Pharmacy: Infusion Pharmacy Services,96858,Catholic Health System Infusion Pharmacy,Catholic Health Infusion Pharmacy,6350 Transit Road,Depew,NY,14043,"https://organization.achc.org/print?legalCompanyName=Catholic%20Health%20System%20Infusion%20Pharmacy&dbaCompanyName=Catholic%20Health%20Infusion%20Pharmacy&companyID=96858&full_address=Depew,%20NY%2014043&physicalAddress=6350%20Transit%20Road,",2026-10-02
HSI00001430,Catholic Health Systems,system name: Catholic Health Systems,Pharmacy: Infusion Pharmacy Services,96711,My CHS Rx,Catholic Health Home Infusion Pharmacy,70 Arkay Drive,Hauppauge,NY,11788,"https://organization.achc.org/print?legalCompanyName=My%20CHS%20Rx&dbaCompanyName=Catholic%20Health%20Home%20Infusion%20Pharmacy&companyID=96711&full_address=Hauppauge,%20NY%2011788&physicalAddress=70%20Arkay%20Drive,",2026-10-02
HSI00001430,Catholic Health Systems,system name: Catholic Health Systems,Home Infusion Therapy,40119,Catholic Health System Infusion Pharmacy (Deemed),Catholic Health Infusion Pharmacy,6350 Transit Road,Depew,NY,14043,"https://organization.achc.org/print?legalCompanyName=Catholic%20Health%20System%20Infusion%20Pharmacy%20(Deemed)&dbaCompanyName=Catholic%20Health%20Infusion%20Pharmacy&companyID=40119&full_address=Depew,%20NY%2014043&physicalAddress=6350%20Transit%20Road,",2026-10-02
HSI00000368,Florida Health Sciences Center,system name: Florida Health Sciences Center,Pharmacy: Specialty Pharmacy Services,75552,"Florida Health Sciences Center, Inc",TGH Specialty Pharmacy,"5905 Hampton Oaks Pkwy, Suite E",Tampa,FL,33610,"https://organization.achc.org/print?legalCompanyName=Florida%20Health%20Sciences%20Center,%20Inc&dbaCompanyName=TGH%20Specialty%20Pharmacy&companyID=75552&full_address=Tampa,%20FL%2033610&physicalAddress=5905%20Hampton%20Oaks%20Pkwy,%20Suite%20E",2026-10-02
HSI00001122,UMass Memorial Health Care,system name: UMass Memorial Health Care | member hospital: Umass Memorial Medical Center,Pharmacy: Specialty Pharmacy Services,65904,"UMass Memorial Medical Center, Inc.",UMass Memorial Medical Center Specialty Pharmacy,"55 Lake Ave. North, Suite AC1.033",Worcester,MA,01655,"https://organization.achc.org/print?legalCompanyName=UMass%20Memorial%20Medical%20Center,%20Inc.&dbaCompanyName=UMass%20Memorial%20Medical%20Center%20Specialty%20Pharmacy&companyID=65904&full_address=Worcester,%20MA%2001655&physicalAddress=55%20Lake%20Ave.%20North,%20Suite%20AC1.033,",2026-10-02
HSI00000576,Legacy Health,system name: Legacy Health | member hospital: Legacy Salmon Creek Hospital | address = member hospital: Legacy Salmon Creek Hospital,Pharmacy: Specialty Pharmacy Services,78749,Legacy Salmon Creek Hospital,Legacy Salmon Creek Apothecary,"2211 NE 139th St, Building A, Suite 310",Vancouver,WA,98686,"https://organization.achc.org/print?legalCompanyName=Legacy%20Salmon%20Creek%20Hospital&dbaCompanyName=Legacy%20Salmon%20Creek%20Apothecary&companyID=78749&full_address=Vancouver,%20WA%2098686&physicalAddress=2211%20NE%20139th%20St,%20Building%20A,%20Suite%20310,",2026-10-02
HSI00000576,Legacy Health,system name: Legacy Health,Pharmacy: Infusion Pharmacy Services,31803,"Option Care at Legacy Health, LLC",Option Care at Legacy Health,16195 SW 72nd Avenue,Portland,OR,97224,"https://organization.achc.org/print?legalCompanyName=Option%20Care%20at%20Legacy%20Health,%20LLC&dbaCompanyName=Option%20Care%20at%20Legacy%20Health&companyID=31803&full_address=Portland,%20OR%2097224-7766&physicalAddress=16195%20SW%2072nd%20Avenue,",2026-10-02
HSI00000576,Legacy Health,system name: Legacy Health,Home Infusion Therapy,90366,"Option Care at Legacy Health, LLC",Option Care at Legacy Health,16195 SW 72nd Avenue,Portland,OR,97224,"https://organization.achc.org/print?legalCompanyName=Option%20Care%20at%20Legacy%20Health,%20LLC&dbaCompanyName=Option%20Care%20at%20Legacy%20Health&companyID=90366&full_address=Portland,%20OR%2097224-7766&physicalAddress=16195%20SW%2072nd%20Avenue,",2026-10-02
HSI00000464,HealthPartners,system name: HealthPartners,Pharmacy: Specialty Pharmacy Services,53556,"HealthPartners, Inc",HealthPartners,8170 33rd Ave S,Bloomington,MN,55425,"https://organization.achc.org/print?legalCompanyName=HealthPartners,%20Inc&dbaCompanyName=HealthPartners&companyID=53556&full_address=Bloomington,%20MN%2055425&physicalAddress=8170%2033rd%20Ave%20S,",2026-10-02
HSI00000464,HealthPartners,address = member hospital: Regions Hospital,Pharmacy: Specialty Pharmacy Services,100194,Regions Hospital,Regions Hospital Outpatient Pharmacy,640 Jackson St,St. Paul,MN,55101,"https://organization.achc.org/print?legalCompanyName=Regions%20Hospital&dbaCompanyName=Regions%20Hospital%20Outpatient%20Pharmacy&companyID=100194&full_address=St.%20Paul,%20MN%2055101&physicalAddress=640%20Jackson%20St,",2026-10-02
HSI00000290,CoxHealth,system name: CoxHealth | member hospital: Coxhealth,Pharmacy: Specialty Pharmacy Services,62687,"Coxs HPS of the Ozarks, Inc.",CoxHealth at Home,2240 W. Sunset Suite 104,Springfield,MO,65807,"https://organization.achc.org/print?legalCompanyName=Coxs%20HPS%20of%20the%20Ozarks,%20Inc.&dbaCompanyName=CoxHealth%20at%20Home&companyID=62687&full_address=Springfield,%20MO%2065807&physicalAddress=2240%20W.%20Sunset%20Suite%20104,",2026-10-02
HSI00000290,CoxHealth,system name: CoxHealth | member hospital: Coxhealth,Pharmacy: Specialty Pharmacy Services,62751,Lester E Cox Medical Centers,CoxHealth Specialty Pharmacy,2240 W. Sunset Suite 106,Springfield,MO,65807,"https://organization.achc.org/print?legalCompanyName=Lester%20E%20Cox%20Medical%20Centers&dbaCompanyName=CoxHealth%20Specialty%20Pharmacy&companyID=62751&full_address=Springfield,%20MO%2065807&physicalAddress=2240%20W.%20Sunset%20Suite%20106,",2026-10-02
HSI00000290,CoxHealth,system name: CoxHealth | member hospital: Coxhealth,Pharmacy: Infusion Pharmacy Services,62687,"Coxs HPS of the Ozarks, Inc.",CoxHealth at Home,2240 W. Sunset Suite 104,Springfield,MO,65807,"https://organization.achc.org/print?legalCompanyName=Coxs%20HPS%20of%20the%20Ozarks,%20Inc.&dbaCompanyName=CoxHealth%20at%20Home&companyID=62687&full_address=Springfield,%20MO%2065807&physicalAddress=2240%20W.%20Sunset%20Suite%20104,",2026-10-02
HSI00000290,CoxHealth,system name: CoxHealth | member hospital: Coxhealth,Pharmacy: Infusion Pharmacy Services,62751,Lester E Cox Medical Centers,CoxHealth Specialty Pharmacy,2240 W. Sunset Suite 106,Springfield,MO,65807,"https://organization.achc.org/print?legalCompanyName=Lester%20E%20Cox%20Medical%20Centers&dbaCompanyName=CoxHealth%20Specialty%20Pharmacy&companyID=62751&full_address=Springfield,%20MO%2065807&physicalAddress=2240%20W.%20Sunset%20Suite%20106,",2026-10-02
HSI00000897,Rush System for Health,system name: Rush System for Health | member hospital: Rush University Medical Center,Pharmacy: Specialty Pharmacy Services,73637,Health Delivery Management LLC,Rush Specialty Pharmacy,1520 W Harrison St Suite 04068,Chicago,IL,60607,"https://organization.achc.org/print?legalCompanyName=Health%20Delivery%20Management%20LLC&dbaCompanyName=Rush%20Specialty%20Pharmacy&companyID=73637&full_address=Chicago,%20IL%2060607&physicalAddress=1520%20W%20Harrison%20St%20Suite%2004068,",2026-10-02
HSI00000350,Essentia Health,system name: Essentia Health,Pharmacy: Specialty Pharmacy Services,79459,"The Duluth Clinic, LTD",Essentia Health Specialty Pharmacy,"204 Belknap St., Suite 200",Superior,WI,54880,"https://organization.achc.org/print?legalCompanyName=The%20Duluth%20Clinic,%20LTD&dbaCompanyName=Essentia%20Health%20Specialty%20Pharmacy&companyID=79459&full_address=Superior,%20WI%2054880&physicalAddress=204%20Belknap%20St.,%20Suite%20200,",2026-10-02
HSI00000935,Saint Lukes Health System,system name: Saint Lukes Health System | member hospital: Saint Lukes Hospital Of Kansas City | member hospital: Saint Lukes Health System,Pharmacy: Specialty Pharmacy Services,95525,Saint Luke’s Hospital of Kansas City,Saint Luke’s Specialty Pharmacy,10920 Elm Ave,Kansas City ,MO,64134,"https://organization.achc.org/print?legalCompanyName=Saint%20Luke’s%20Hospital%20of%20Kansas%20City&dbaCompanyName=Saint%20Luke’s%20Specialty%20Pharmacy&companyID=95525&full_address=Kansas%20City%20,%20MO%2064134&physicalAddress=10920%20Elm%20Ave,",2026-10-02
HSI00000097,Baystate Health,system name: Baystate Health | member hospital: Baystate Medical Center,Pharmacy: Specialty Pharmacy Services,74154,"Baystate Medical Center, Inc.",Baystate Specialty Pharmacy,3300 Main St,Springfield,MA,01199,"https://organization.achc.org/print?legalCompanyName=Baystate%20Medical%20Center,%20Inc.&dbaCompanyName=Baystate%20Specialty%20Pharmacy&companyID=74154&full_address=Springfield,%20MA%2001199&physicalAddress=3300%20Main%20St,",2026-10-02
HSI00000263,Cone Health,system name: Cone Health | member hospital: The Moses H. Cone Memorial Hospital,Pharmacy: Specialty Pharmacy Services,76940,The Moses H. Cone Memorial Hospital Operating Corporation,Cone Health Community Pharmacy at Wesley Long,515 N. Elam Ave,Greensboro,NC,27403,"https://organization.achc.org/print?legalCompanyName=The%20Moses%20H.%20Cone%20Memorial%20Hospital%20Operating%20Corporation&dbaCompanyName=Cone%20Health%20Community%20Pharmacy%20at%20Wesley%20Long&companyID=76940&full_address=Greensboro,%20NC%2027403&physicalAddress=515%20N.%20Elam%20Ave,",2026-10-02
HSI00000263,Cone Health,system name: Cone Health | member hospital: The Moses H. Cone Memorial Hospital,Pharmacy: Specialty Pharmacy Services,96990,The Moses H. Cone Memorial Hospital Operating Corporation,Cone Health Centralized Services Pharmacy,4388 Federal Dr,Greensboro,NC,27410,"https://organization.achc.org/print?legalCompanyName=The%20Moses%20H.%20Cone%20Memorial%20Hospital%20Operating%20Corporation&dbaCompanyName=Cone%20Health%20Centralized%20Services%20Pharmacy&companyID=96990&full_address=Greensboro,%20NC%2027410&physicalAddress=4388%20Federal%20Dr,",2026-10-02
HSI00001089,The University of Chicago Medicine,member hospital: University Of Chicago Hospitals,Pharmacy: Specialty Pharmacy Services,90121,"Insight Chicago, Inc",Insight Specialty Pharmacy,2525 S Michigan Ave,Chicago,IL,60616,"https://organization.achc.org/print?legalCompanyName=Insight%20Chicago,%20Inc&dbaCompanyName=Insight%20Specialty%20Pharmacy&companyID=90121&full_address=Chicago,%20IL%2060616&physicalAddress=2525%20S%20Michigan%20Ave,",2026-10-02
HSI00001089,The University of Chicago Medicine,member hospital: University Of Chicago Hospitals,Pharmacy: Specialty Pharmacy Services,72701,The University of Chicago Medical Center,UCMC Pharmacy Services,1551 Huntington Drive Suite A,Calumet City,IL,60409,"https://organization.achc.org/print?legalCompanyName=The%20University%20of%20Chicago%20Medical%20Center&dbaCompanyName=UCMC%20Pharmacy%20Services&companyID=72701&full_address=Calumet%20City,%20IL%2060409&physicalAddress=1551%20Huntington%20Drive%20Suite%20A,",2026-10-02
HSI00001089,The University of Chicago Medicine,member hospital: University Of Chicago Hospitals,Pharmacy: Infusion Pharmacy Services,72701,The University of Chicago Medical Center,UCMC Pharmacy Services,1551 Huntington Drive Suite A,Calumet City,IL,60409,"https://organization.achc.org/print?legalCompanyName=The%20University%20of%20Chicago%20Medical%20Center&dbaCompanyName=UCMC%20Pharmacy%20Services&companyID=72701&full_address=Calumet%20City,%20IL%2060409&physicalAddress=1551%20Huntington%20Drive%20Suite%20A,",2026-10-02
HSI00000591,Loma Linda University Health,system name: Loma Linda University Health | member hospital: Loma Linda University Medical Center,Pharmacy: Specialty Pharmacy Services,98132,Loma Linda University Home Delivery Pharmacy,,"125 E. Club Center Drive, Suite 1500",San Bernardino,CA,92408,"https://organization.achc.org/print?legalCompanyName=Loma%20Linda%20University%20Home%20Delivery%20Pharmacy&dbaCompanyName=&companyID=98132&full_address=San%20Bernardino,%20CA%2092408&physicalAddress=125%20E.%20Club%20Center%20Drive,%20Suite%201500,",2026-10-02
HSI00000591,Loma Linda University Health,system name: Loma Linda University Health | member hospital: Loma Linda University Medical Center,Pharmacy: Infusion Pharmacy Services,47380,Seventh Day Adventist Loma Linda University Medical Center,Mountain View Pharmaceuticals,"11255 Mountain View Ave., Suite A",Loma Linda,CA,92354,"https://organization.achc.org/print?legalCompanyName=Seventh%20Day%20Adventist%20Loma%20Linda%20University%20Medical%20Center&dbaCompanyName=Mountain%20View%20Pharmaceuticals&companyID=47380&full_address=Loma%20Linda,%20CA%2092354&physicalAddress=11255%20Mountain%20View%20Ave.,%20Suite%20A,",2026-10-02
HSI00000591,Loma Linda University Health,system name: Loma Linda University Health | member hospital: Loma Linda University Medical Center,Home Infusion Therapy,96361,Loma Linda University Medical Center (Deemed),Mountain View Pharmaceuticals,11255 Mountain View Ave Suite A,Loma Linda,CA,92354,"https://organization.achc.org/print?legalCompanyName=Loma%20Linda%20University%20Medical%20Center%20(Deemed)&dbaCompanyName=Mountain%20View%20Pharmaceuticals&companyID=96361&full_address=Loma%20Linda,%20CA%2092354&physicalAddress=11255%20Mountain%20View%20Ave%20Suite%20A,",2026-10-02
HSI00001185,University of Vermont Health Network,system name: University of Vermont Health Network | member hospital: University Of Vermont Medical Center,Pharmacy: Specialty Pharmacy Services,86088,University of Vermont Medical Center Pharmacy,,1 South Prospect Street,Burlington,VT,05401,"https://organization.achc.org/print?legalCompanyName=University%20of%20Vermont%20Medical%20Center%20Pharmacy&dbaCompanyName=&companyID=86088&full_address=Burlington,%20VT%2005401&physicalAddress=1%20South%20Prospect%20Street,",2026-10-02
HSI00001185,University of Vermont Health Network,system name: University of Vermont Health Network | member hospital: University Of Vermont Medical Center,Pharmacy: Specialty Pharmacy Services,86089,University of Vermont Medical Center Pharmacy,,75 Holly Court,Williston,VT,05495,"https://organization.achc.org/print?legalCompanyName=University%20of%20Vermont%20Medical%20Center%20Pharmacy&dbaCompanyName=&companyID=86089&full_address=Williston,%20VT%2005495&physicalAddress=75%20Holly%20Court,",2026-10-02
HSI00001069,Texas Childrens Hospital,system name: Texas Childrens Hospital | member hospital: Texas Childrens Hospital,Pharmacy: Specialty Pharmacy Services,89927,Children's Health System of Texas,Children's Health Specialty Pharmacy,"1935 Medical District Drive, Ste C1270",Dallas,TX,75235,"https://organization.achc.org/print?legalCompanyName=Children's%20Health%20System%20of%20Texas&dbaCompanyName=Children's%20Health%20Specialty%20Pharmacy&companyID=89927&full_address=Dallas,%20TX%2075235&physicalAddress=1935%20Medical%20District%20Drive,%20Ste%20C1270,",2026-10-02
HSI00001069,Texas Childrens Hospital,system name: Texas Childrens Hospital | member hospital: Texas Childrens Hospital | address = member hospital: Texas Childrens Hospital,Pharmacy: Specialty Pharmacy Services,72758,Texas Children's Hospital,Texas Children's Hospital - Specialty Pharmacy,"6621 Fannin Street, Suite WB1120 - Pharmacy",Houston ,TX,77030,"https://organization.achc.org/print?legalCompanyName=Texas%20Children's%20Hospital&dbaCompanyName=Texas%20Children's%20Hospital%20-%20Specialty%20Pharmacy&companyID=72758&full_address=Houston%20,%20TX%2077030&physicalAddress=6621%20Fannin%20Street,%20Suite%20WB1120%20-%20Pharmacy",2026-10-02
HSI00001069,Texas Childrens Hospital,system name: Texas Childrens Hospital | member hospital: Texas Childrens Hospital,Pharmacy: Specialty Pharmacy Services,80382,Texas Children's Hospital,Texas Children's Hospital - Specialty Pharmacy,12613 Citypark Dr. Suite 200 Room 130.02,Missouri City,TX,77489,"https://organization.achc.org/print?legalCompanyName=Texas%20Children's%20Hospital&dbaCompanyName=Texas%20Children's%20Hospital%20-%20Specialty%20Pharmacy&companyID=80382&full_address=Missouri%20City,%20TX%2077489&physicalAddress=12613%20Citypark%20Dr.%20Suite%20200%20Room%20130.02,",2026-10-02
HSI00001069,Texas Childrens Hospital,system name: Texas Childrens Hospital | member hospital: Texas Childrens Hospital,Pharmacy: Infusion Pharmacy Services,95433,Texas Children's Hospital,Texas Children's Infusion Pharmacy,"12613 Citypark Drive, STE 200 - Rm 145.06",Missouri City,TX,77489,"https://organization.achc.org/print?legalCompanyName=Texas%20Children's%20Hospital&dbaCompanyName=Texas%20Children's%20Infusion%20Pharmacy&companyID=95433&full_address=Missouri%20City,%20TX%2077489&physicalAddress=12613%20Citypark%20Drive,%20STE%20200%20-%20Rm%20145.06,",2026-10-02
HSI00000019,Albany Medical Center,system name: Albany Medical Center | member hospital: Albany Medical Center Hospital | address = member hospital: Albany Medical Center Hospital,Pharmacy: Specialty Pharmacy Services,76104,Albany Med Health System,Albany Medical Center Pharmacy,43 New Scotland Ave,Albany ,NY,12208,"https://organization.achc.org/print?legalCompanyName=Albany%20Med%20Health%20System&dbaCompanyName=Albany%20Medical%20Center%20Pharmacy&companyID=76104&full_address=Albany%20,%20NY%2012208&physicalAddress=43%20New%20Scotland%20Ave,",2026-10-02
HSI00001065,Temple University Health System,system name: Temple University Health System | member hospital: Temple University Hospital,Pharmacy: Specialty Pharmacy Services,87406,"Temple University Hospital, Inc",Temple Health Specialty Pharmacy,1331 East Wyoming Avenue,Philadelphia,PA,19124,"https://organization.achc.org/print?legalCompanyName=Temple%20University%20Hospital,%20Inc&dbaCompanyName=Temple%20Health%20Specialty%20Pharmacy&companyID=87406&full_address=Philadelphia,%20PA%2019124&physicalAddress=1331%20East%20Wyoming%20Avenue,",2026-10-02
HSI00001186,University of Virginia Health System,system name: University of Virginia Health System,Pharmacy: Specialty Pharmacy Services,83513,"Central Virginia Health Services, Inc.",,25892 N. James Madison Hwy.,New Canton,VA,23123,"https://organization.achc.org/print?legalCompanyName=Central%20Virginia%20Health%20Services,%20Inc.&dbaCompanyName=&companyID=83513&full_address=New%20Canton,%20VA%2023123&physicalAddress=25892%20N.%20James%20Madison%20Hwy.,",2026-10-02
HSI00001186,University of Virginia Health System,system name: University of Virginia Health System,Pharmacy: Specialty Pharmacy Services,83514,"Central Virginia Health Services, Inc.",Health Care Alliance Pharamcy,321C Poplar Drive,Petersburg,VA,23805,"https://organization.achc.org/print?legalCompanyName=Central%20Virginia%20Health%20Services,%20Inc.&dbaCompanyName=Health%20Care%20Alliance%20Pharamcy&companyID=83514&full_address=Petersburg,%20VA%2023805&physicalAddress=321C%20Poplar%20Drive,",2026-10-02
HSI00001186,University of Virginia Health System,system name: University of Virginia Health System,Pharmacy: Specialty Pharmacy Services,99314,"Parkview North Virginia Rx, LLC",ParkviewRX Northern Virginia,"11230 Waples Mill Road, Suite 115",Fairfax,VA,22030,"https://organization.achc.org/print?legalCompanyName=Parkview%20North%20Virginia%20Rx,%20LLC&dbaCompanyName=ParkviewRX%20Northern%20Virginia&companyID=99314&full_address=Fairfax,%20VA%2022030&physicalAddress=11230%20Waples%20Mill%20Road,%20Suite%20115",2026-10-02
HSI00001186,University of Virginia Health System,system name: University of Virginia Health System,Pharmacy: Specialty Pharmacy Services,82734,The Rectors and Visitors of the University of Virginia,UVA Specialty Pharmacy,"1725 Discovery Drive, Suite 200",Charlottesville,VA,22911,"https://organization.achc.org/print?legalCompanyName=The%20Rectors%20and%20Visitors%20of%20the%20University%20of%20Virginia&dbaCompanyName=UVA%20Specialty%20Pharmacy&companyID=82734&full_address=Charlottesville,%20VA%2022911&physicalAddress=1725%20Discovery%20Drive,%20Suite%20200,",2026-10-02
HSI00001186,University of Virginia Health System,system name: University of Virginia Health System,Pharmacy: Specialty Pharmacy Services,78309,Urology of Virginia PLLC,Urology of Virginia,225 Clearfield Ave,Virginia Beach,VA,23462,"https://organization.achc.org/print?legalCompanyName=Urology%20of%20Virginia%20PLLC&dbaCompanyName=Urology%20of%20Virginia&companyID=78309&full_address=Virginia%20Beach,%20VA%2023462&physicalAddress=225%20Clearfield%20Ave,",2026-10-02
HSI00001186,University of Virginia Health System,system name: University of Virginia Health System,Pharmacy: Specialty Pharmacy Services,85344,Virginia Commonwealth University Health System Authority,VCU Health Specialty Pharmacy,"1030 Wilmer Avenue, Suite 300",Richmond,VA,23227,"https://organization.achc.org/print?legalCompanyName=Virginia%20Commonwealth%20University%20Health%20System%20Authority&dbaCompanyName=VCU%20Health%20Specialty%20Pharmacy&companyID=85344&full_address=Richmond,%20VA%2023227&physicalAddress=1030%20Wilmer%20Avenue,%20Suite%20300,",2026-10-02
HSI00001186,University of Virginia Health System,system name: University of Virginia Health System,Pharmacy: Infusion Pharmacy Services,94404,"ContinuumRx, Inc.","ContinuumRx of North Virginia, LLC",14303 Sullyfield Circle Suite C,Chantilly,VA,20151,"https://organization.achc.org/print?legalCompanyName=ContinuumRx,%20Inc.&dbaCompanyName=ContinuumRx%20of%20North%20Virginia,%20LLC&companyID=94404&full_address=Chantilly,%20VA%2020151&physicalAddress=14303%20Sullyfield%20Circle%20Suite%20C,",2026-10-02
HSI00001186,University of Virginia Health System,system name: University of Virginia Health System,Pharmacy: Infusion Pharmacy Services,91900,Grace Medical Services LLC,Vital Care of Northern Virginia,"5598 General Washington Drive, Suite B005",Alexandria,VA,22312,"https://organization.achc.org/print?legalCompanyName=Grace%20Medical%20Services%20LLC&dbaCompanyName=Vital%20Care%20of%20Northern%20Virginia&companyID=91900&full_address=Alexandria,%20VA%2022312&physicalAddress=5598%20General%20Washington%20Drive,%20Suite%20B005,",2026-10-02
HSI00001186,University of Virginia Health System,system name: University of Virginia Health System,Home Infusion Therapy,72921,"ContinuumRx of North Virginia, LLC (Deemed)",,"14303 Sullyfield Circle, Suite C",Chantilly,VA,20151,"https://organization.achc.org/print?legalCompanyName=ContinuumRx%20of%20North%20Virginia,%20LLC%20(Deemed)&dbaCompanyName=&companyID=72921&full_address=Chantilly,%20VA%2020151&physicalAddress=14303%20Sullyfield%20Circle,%20Suite%20C",2026-10-02
HSI00000637,McLeod Health,system name: McLeod Health | member hospital: Mcleod Regional Medical Center,Pharmacy: Specialty Pharmacy Services,98250,McLeod Regional Medical Center of the Pee Dee Inc.,McLeod Outpatient Pharmacy,100 South Ravenel Street,Florence,SC,29506,"https://organization.achc.org/print?legalCompanyName=McLeod%20Regional%20Medical%20Center%20of%20the%20Pee%20Dee%20Inc.&dbaCompanyName=McLeod%20Outpatient%20Pharmacy&companyID=98250&full_address=Florence,%20SC%2029506&physicalAddress=100%20South%20Ravenel%20Street,",2026-10-02
HSI00000170,Carilion Clinic,system name: Carilion Clinic | member hospital: Carilion Medical Center,Pharmacy: Specialty Pharmacy Services,90418,"CHS, Inc",Carilion Clinic Specialty Pharmacy,4336 Electric Road,Roanoke,VA,24018,"https://organization.achc.org/print?legalCompanyName=CHS,%20Inc&dbaCompanyName=Carilion%20Clinic%20Specialty%20Pharmacy&companyID=90418&full_address=Roanoke,%20VA%2024018&physicalAddress=4336%20Electric%20Road,",2026-10-02
HSI00000305,Deaconess Health System,system name: Deaconess Health System | member hospital: Deaconess Hospital,Pharmacy: Specialty Pharmacy Services,88741,Deaconess Hospital Inc,Deaconess Specialty Pharmacy,617 Oakley Street,Evansville,IN,47710,"https://organization.achc.org/print?legalCompanyName=Deaconess%20Hospital%20Inc&dbaCompanyName=Deaconess%20Specialty%20Pharmacy&companyID=88741&full_address=Evansville,%20IN%2047710&physicalAddress=617%20Oakley%20Street,",2026-10-02
HSI00000582,LifeBridge Health,system name: LifeBridge Health | member hospital: Sinai Hospital Of Baltimore  Inc. | address = member hospital: Sinai Hospital Of Baltimore  Inc.,Pharmacy: Specialty Pharmacy Services,96757,"Sinai Hospital of Baltimore, Inc.",LifeBridge Pharmacy at Sinai Hospital,2401 W. Belvedere Ave,Baltimore,MD,21215,"https://organization.achc.org/print?legalCompanyName=Sinai%20Hospital%20of%20Baltimore,%20Inc.&dbaCompanyName=LifeBridge%20Pharmacy%20at%20Sinai%20Hospital&companyID=96757&full_address=Baltimore,%20MD%2021215&physicalAddress=2401%20W.%20Belvedere%20Ave,",2026-10-02
HSI00000251,Community Hospital Corporation,member hospital: North Texas Medical Center,Pharmacy: Specialty Pharmacy Services,77960,AIDS ARMS INC,Prism Health North Texas Pharmacy #1,"4907 Spring Ave, Suite 101",Dallas,TX,75210,"https://organization.achc.org/print?legalCompanyName=AIDS%20ARMS%20INC&dbaCompanyName=Prism%20Health%20North%20Texas%20Pharmacy%20#1&companyID=77960&full_address=Dallas,%20TX%2075210&physicalAddress=4907%20Spring%20Ave,%20Suite%20101",2026-10-02
HSI00000251,Community Hospital Corporation,member hospital: North Texas Medical Center,Pharmacy: Specialty Pharmacy Services,81942,AIDS ARMS INC,Prism Health North Texas Pharmacy #2,"219 Sunset Avenue, Suite 116A Conference 1A",Dallas,TX,75208,"https://organization.achc.org/print?legalCompanyName=AIDS%20ARMS%20INC&dbaCompanyName=Prism%20Health%20North%20Texas%20Pharmacy%20#2&companyID=81942&full_address=Dallas,%20TX%2075208&physicalAddress=219%20Sunset%20Avenue,%20Suite%20116A%20Conference%201A",2026-10-02
HSI00000251,Community Hospital Corporation,member hospital: North Texas Medical Center,Pharmacy: Specialty Pharmacy Services,81943,AIDS ARMS INC.,Prism Health North Texas Pharmacy #3,"2801 Lemmon Avenue, Suite 100",Dallas,TX,75204,"https://organization.achc.org/print?legalCompanyName=AIDS%20ARMS%20INC.&dbaCompanyName=Prism%20Health%20North%20Texas%20Pharmacy%20#3&companyID=81943&full_address=Dallas,%20TX%2075204&physicalAddress=2801%20Lemmon%20Avenue,%20Suite%20100",2026-10-02
HSI00000251,Community Hospital Corporation,member hospital: North Texas Medical Center,Pharmacy: Specialty Pharmacy Services,85389,"Oncology Pharmacy Services, Inc.",Texas Oncology Pharmacy- North Arlington,906 Randol Mill Rd. Suite 200,Arlington,TX,76012,"https://organization.achc.org/print?legalCompanyName=Oncology%20Pharmacy%20Services,%20Inc.%20&dbaCompanyName=Texas%20Oncology%20Pharmacy-%20North%20Arlington&companyID=85389&full_address=Arlington,%20TX%2076012&physicalAddress=906%20Randol%20Mill%20Rd.%20Suite%20200,",2026-10-02
HSI00000251,Community Hospital Corporation,member hospital: North Texas Medical Center,Pharmacy: Specialty Pharmacy Services,98782,The University of Texas Health Science Center at Tyler,"UT Health Specialty Pharmacy North
UT Health Specialty Pharmacy North",11937 US HWY 271,Tyler,TX,75708,"https://organization.achc.org/print?legalCompanyName=The%20University%20of%20Texas%20Health%20Science%20Center%20at%20Tyler&dbaCompanyName=UT%20Health%20Specialty%20Pharmacy%20North
UT%20Health%20Specialty%20Pharmacy%20North&companyID=98782&full_address=Tyler,%20TX%2075708&physicalAddress=11937%20US%20HWY%20271,",2026-10-02
HSI00000251,Community Hospital Corporation,member hospital: North Texas Medical Center,Pharmacy: Specialty Pharmacy Services,77485,Urology Clinics of North Texas,UROPharmacy,"10501 North Central Expressway, Suite 200",Dallas,TX,75231,"https://organization.achc.org/print?legalCompanyName=Urology%20Clinics%20of%20North%20Texas&dbaCompanyName=UROPharmacy&companyID=77485&full_address=Dallas,%20TX%2075231&physicalAddress=10501%20North%20Central%20Expressway,%20Suite%20200,",2026-10-02
HSI00000299,Dartmouth-Hitchcock,system name: Dartmouth-Hitchcock,Pharmacy: Specialty Pharmacy Services,74060,Mary Hitchcock Memorial Hospital,Dartmouth Hitchcock Pharmacy,1000 Quality Drive,Hooksett,NH,03106,"https://organization.achc.org/print?legalCompanyName=Mary%20Hitchcock%20Memorial%20Hospital&dbaCompanyName=Dartmouth%20Hitchcock%20Pharmacy&companyID=74060&full_address=Hooksett,%20NH%2003106&physicalAddress=1000%20Quality%20Drive,",2026-10-02
HSI00000299,Dartmouth-Hitchcock,system name: Dartmouth-Hitchcock,Pharmacy: Specialty Pharmacy Services,74061,Mary Hitchcock Memorial Hospital,Dartmouth-Hitchcock Pharmacy at Centerra,12 Centerra Parkway,Lebanon,NH,03756,"https://organization.achc.org/print?legalCompanyName=Mary%20Hitchcock%20Memorial%20Hospital&dbaCompanyName=Dartmouth-Hitchcock%20Pharmacy%20at%20Centerra&companyID=74061&full_address=Lebanon,%20NH%2003756&physicalAddress=12%20Centerra%20Parkway,",2026-10-02
HSI00001181,University of Southern California,system name: University of Southern California,Pharmacy: Specialty Pharmacy Services,93347,Providence Southern California,Providence Little Company of Mary Medical Center Torrance,4101 Torrance Blvd,Torrance,CA,90503,"https://organization.achc.org/print?legalCompanyName=Providence%20Southern%20California&dbaCompanyName=Providence%20Little%20Company%20of%20Mary%20Medical%20Center%20Torrance&companyID=93347&full_address=Torrance,%20CA%2090503&physicalAddress=4101%20Torrance%20Blvd,",2026-10-02
HSI00001181,University of Southern California,system name: University of Southern California | member hospital: Keck Hospital Of Usc,Pharmacy: Specialty Pharmacy Services,89691,University of Southern California,Keck Medicine of USC Specialty Pharmacy,"1000 S Fremont Ave, Suite 10150",Alhambra,CA,91803,"https://organization.achc.org/print?legalCompanyName=University%20of%20Southern%20California&dbaCompanyName=Keck%20Medicine%20of%20USC%20Specialty%20Pharmacy&companyID=89691&full_address=Alhambra,%20CA%2091803&physicalAddress=1000%20S%20Fremont%20Ave,%20Suite%2010150,",2026-10-02
HSI00000750,North Mississippi Health Services,system name: North Mississippi Health Services | member hospital: North Mississippi Medical Center,Pharmacy: Specialty Pharmacy Services,74626,"North Mississippi Medical Center, Inc.",NMMC Outpatient Infusion Service - Specialty Pharmacy,738 South Gloster St Ste B,Tupelo,MS,38801,"https://organization.achc.org/print?legalCompanyName=North%20Mississippi%20Medical%20Center,%20Inc.&dbaCompanyName=NMMC%20Outpatient%20Infusion%20Service%20-%20Specialty%20Pharmacy&companyID=74626&full_address=Tupelo,%20MS%2038801&physicalAddress=738%20South%20Gloster%20St%20Ste%20B,",2026-10-02
HSI00000750,North Mississippi Health Services,system name: North Mississippi Health Services | member hospital: North Mississippi Medical Center,Pharmacy: Specialty Pharmacy Services,79127,"Twin States Infusion, LLC",North Mississippi Vital Care,"146 S. Thomas Street, Suite B",Tupelo,MS,38801,"https://organization.achc.org/print?legalCompanyName=Twin%20States%20Infusion,%20LLC&dbaCompanyName=North%20Mississippi%20Vital%20Care&companyID=79127&full_address=Tupelo,%20MS%2038801&physicalAddress=146%20S.%20Thomas%20Street,%20Suite%20B,",2026-10-02
HSI00000750,North Mississippi Health Services,system name: North Mississippi Health Services | member hospital: North Mississippi Medical Center,Pharmacy: Infusion Pharmacy Services,79127,"Twin States Infusion, LLC",North Mississippi Vital Care,"146 S. Thomas Street, Suite B",Tupelo,MS,38801,"https://organization.achc.org/print?legalCompanyName=Twin%20States%20Infusion,%20LLC&dbaCompanyName=North%20Mississippi%20Vital%20Care&companyID=79127&full_address=Tupelo,%20MS%2038801&physicalAddress=146%20S.%20Thomas%20Street,%20Suite%20B,",2026-10-02
HSI00000750,North Mississippi Health Services,system name: North Mississippi Health Services | member hospital: North Mississippi Medical Center,Home Infusion Therapy,98991,"Twin States Infusion, LLC (Deemed)",North Mississippi Vital Care,"146 S. Thomas Street, Suite B",Tupelo,MS,38801,"https://organization.achc.org/print?legalCompanyName=Twin%20States%20Infusion,%20LLC%20(Deemed)&dbaCompanyName=North%20Mississippi%20Vital%20Care&companyID=98991&full_address=Tupelo,%20MS%2038801&physicalAddress=146%20S.%20Thomas%20Street,%20Suite%20B,",2026-10-02
HSI00000917,Saint Elizabeth Healthcare,system name: Saint Elizabeth Healthcare | member hospital: St Elizabeth Healthcare,Pharmacy: Specialty Pharmacy Services,83615,St. Elizabeth Healthcare Specialty Pharmacy,St. Elizabeth Healthcare Specialty Pharmacy,850 Thomas More Pkwy.,Edgewood,KY,41017,"https://organization.achc.org/print?legalCompanyName=St.%20Elizabeth%20Healthcare%20Specialty%20Pharmacy&dbaCompanyName=St.%20Elizabeth%20Healthcare%20Specialty%20Pharmacy&companyID=83615&full_address=Edgewood,%20KY%2041017&physicalAddress=850%20Thomas%20More%20Pkwy.,",2026-10-02
HSI00000722,Nationwide Childrens Hospital,system name: Nationwide Childrens Hospital | member hospital: Nationwide Childrens Hospital | address = member hospital: Nationwide Childrens Hospital,Pharmacy: Specialty Pharmacy Services,77328,Nationwide Children's Hospital,Nationwide Children's Hospital Pharmacy,700 Children's Drive,Columbus,OH,43205,"https://organization.achc.org/print?legalCompanyName=Nationwide%20Children's%20Hospital&dbaCompanyName=Nationwide%20Children's%20Hospital%20Pharmacy&companyID=77328&full_address=Columbus,%20OH%2043205&physicalAddress=700%20Children's%20Drive,",2026-10-02
HSI00001087,The Queens Health Systems,system name: The Queens Health Systems | member hospital: The Queens Medical Center,Pharmacy: Specialty Pharmacy Services,89915,Queen's Development Corporation,Queen's POB III Pharmacy,550 S. Beretania St. Suite 102,Honolulu,HI,96813,"https://organization.achc.org/print?legalCompanyName=Queen's%20Development%20Corporation&dbaCompanyName=Queen's%20POB%20III%20Pharmacy&companyID=89915&full_address=Honolulu,%20HI%2096813&physicalAddress=550%20S.%20Beretania%20St.%20Suite%20102,",2026-10-02
HSI00001118,UC Health,member hospital: West Chester Hospital  Llc,Pharmacy: Infusion Pharmacy Services,88147,Liberty Infusion Therapy LLC,Vital Care Of West Chester,8731 Union Centre Blvd,West Chester,OH,45069,"https://organization.achc.org/print?legalCompanyName=Liberty%20Infusion%20Therapy%20LLC&dbaCompanyName=Vital%20Care%20Of%20West%20Chester&companyID=88147&full_address=West%20Chester,%20OH%2045069&physicalAddress=8731%20Union%20Centre%20Blvd,",2026-10-02
HSI00000098,Beacon Health System,member hospital: Memorial Hospital Of South Bend  Inc,Pharmacy: Specialty Pharmacy Services,97305,"Memorial Hospital of South Bend, Inc",Memorial Hospital Outpatient Pharmacy,100 Navarre Place Suite 1150,South Bend,IN,46601,"https://organization.achc.org/print?legalCompanyName=Memorial%20Hospital%20of%20South%20Bend,%20Inc&dbaCompanyName=Memorial%20Hospital%20Outpatient%20Pharmacy&companyID=97305&full_address=South%20Bend,%20IN%2046601&physicalAddress=100%20Navarre%20Place%20Suite%201150,",2026-10-02
HSI00001153,University of Tennessee Medical Center,system name: University of Tennessee Medical Center,Pharmacy: Specialty Pharmacy Services,90107,"Avita Drugs Tennessee, LLC",Avita Pharmacy 1049,"225 S. 11th St, Suite 102",Nashville,TN,37206,"https://organization.achc.org/print?legalCompanyName=Avita%20Drugs%20Tennessee,%20LLC&dbaCompanyName=Avita%20Pharmacy%201049&companyID=90107&full_address=Nashville,%20TN%2037206&physicalAddress=225%20S.%2011th%20St,%20Suite%20102,",2026-10-02
HSI00001153,University of Tennessee Medical Center,system name: University of Tennessee Medical Center,Pharmacy: Specialty Pharmacy Services,53228,"ContinuumRx, Inc.","ContinuumRx of Central Tennessee, LLC","1910 Church Street, Suite 100",Nashville,TN,37203,"https://organization.achc.org/print?legalCompanyName=ContinuumRx,%20Inc.&dbaCompanyName=ContinuumRx%20of%20Central%20Tennessee,%20LLC&companyID=53228&full_address=Nashville,%20TN%2037203&physicalAddress=1910%20Church%20Street,%20Suite%20100,",2026-10-02
HSI00001153,University of Tennessee Medical Center,system name: University of Tennessee Medical Center,Pharmacy: Specialty Pharmacy Services,63025,"ContinuumRx, Inc.","ContinuumRx of East Tennessee, LLC","2210 Sutherland Ave, Suite 112",Knoxville,TN,37919,"https://organization.achc.org/print?legalCompanyName=ContinuumRx,%20Inc.&dbaCompanyName=ContinuumRx%20of%20East%20Tennessee,%20LLC&companyID=63025&full_address=Knoxville,%20TN%2037919&physicalAddress=2210%20Sutherland%20Ave,%20Suite%20112,",2026-10-02
HSI00001153,University of Tennessee Medical Center,system name: University of Tennessee Medical Center,Pharmacy: Specialty Pharmacy Services,96555,"East Tennessee Children's Hospital Association, Inc.",East Tennessee Children's Hospital Specialty Pharmacy,2018 Clinch Ave,Knoxville,TN,37916,"https://organization.achc.org/print?legalCompanyName=East%20Tennessee%20Children's%20Hospital%20Association,%20Inc.&dbaCompanyName=East%20Tennessee%20Children's%20Hospital%20Specialty%20Pharmacy&companyID=96555&full_address=Knoxville,%20TN%2037916&physicalAddress=2018%20Clinch%20Ave,",2026-10-02
HSI00001153,University of Tennessee Medical Center,system name: University of Tennessee Medical Center,Pharmacy: Specialty Pharmacy Services,89692,Jackson - Madison County General Hospital District,West Tennessee Healthcare Specialty Pharmacy,"367 Hospital Blvd, 1ST Floor Suite 101",Jackson,TN,38305,"https://organization.achc.org/print?legalCompanyName=Jackson%20-%20Madison%20County%20General%20Hospital%20District&dbaCompanyName=West%20Tennessee%20Healthcare%20Specialty%20Pharmacy&companyID=89692&full_address=Jackson,%20TN%2038305-2080&physicalAddress=367%20Hospital%20Blvd,%201ST%20Floor%20Suite%20101,",2026-10-02
HSI00001153,University of Tennessee Medical Center,system name: University of Tennessee Medical Center,Pharmacy: Specialty Pharmacy Services,94587,"Next Step Tennessee, LLC",,284 German Oak Drive Suite 200,Cordova,TN,38018,"https://organization.achc.org/print?legalCompanyName=Next%20Step%20Tennessee,%20LLC&dbaCompanyName=&companyID=94587&full_address=Cordova,%20TN%2038018&physicalAddress=284%20German%20Oak%20Drive%20Suite%20200,",2026-10-02
HSI00001153,University of Tennessee Medical Center,system name: University of Tennessee Medical Center,Pharmacy: Specialty Pharmacy Services,76842,Tennessee Cancer Specialists PLLC,Tennessee Cancer Specialists Pharmacy,"1415 Old Weisgarber Rd, Suite 200",Knoxville,TN,37909,"https://organization.achc.org/print?legalCompanyName=Tennessee%20Cancer%20Specialists%20PLLC&dbaCompanyName=Tennessee%20Cancer%20Specialists%20Pharmacy&companyID=76842&full_address=Knoxville,%20TN%2037909&physicalAddress=1415%20Old%20Weisgarber%20Rd,%20Suite%20200,",2026-10-02
HSI00001153,University of Tennessee Medical Center,system name: University of Tennessee Medical Center,Pharmacy: Specialty Pharmacy Services,64124,Tennessee Oncology,Park Pharmacy,"322 22nd Ave. North, Suite 210",Nashville,TN,37203,"https://organization.achc.org/print?legalCompanyName=Tennessee%20Oncology&dbaCompanyName=Park%20Pharmacy&companyID=64124&full_address=Nashville,%20TN%2037203&physicalAddress=322%2022nd%20Ave.%20North,%20Suite%20210,",2026-10-02
HSI00001153,University of Tennessee Medical Center,system name: University of Tennessee Medical Center,Pharmacy: Specialty Pharmacy Services,98354,Tennessee Oncology,Park Pharmacy #2,"378 Marketplace Blvd, Suite 6",Johnson City,TN,37604,"https://organization.achc.org/print?legalCompanyName=Tennessee%20Oncology&dbaCompanyName=Park%20Pharmacy%20#2&companyID=98354&full_address=Johnson%20City,%20TN%2037604&physicalAddress=378%20Marketplace%20Blvd,%20Suite%206",2026-10-02
HSI00001153,University of Tennessee Medical Center,address = member hospital: University Of Tennessee Medical Cent,Pharmacy: Specialty Pharmacy Services,77170,"University Health Systems, Inc.",University Pharmacy,1924 Alcoa Hwy Suite NP 100,Knoxville,TN,37920,"https://organization.achc.org/print?legalCompanyName=University%20Health%20Systems,%20Inc.&dbaCompanyName=University%20Pharmacy&companyID=77170&full_address=Knoxville,%20TN%2037920&physicalAddress=1924%20Alcoa%20Hwy%20Suite%20NP%20100,",2026-10-02
HSI00001153,University of Tennessee Medical Center,system name: University of Tennessee Medical Center,Pharmacy: Infusion Pharmacy Services,53228,"ContinuumRx, Inc.","ContinuumRx of Central Tennessee, LLC","1910 Church Street, Suite 100",Nashville,TN,37203,"https://organization.achc.org/print?legalCompanyName=ContinuumRx,%20Inc.&dbaCompanyName=ContinuumRx%20of%20Central%20Tennessee,%20LLC&companyID=53228&full_address=Nashville,%20TN%2037203&physicalAddress=1910%20Church%20Street,%20Suite%20100,",2026-10-02
HSI00001153,University of Tennessee Medical Center,system name: University of Tennessee Medical Center,Pharmacy: Infusion Pharmacy Services,63025,"ContinuumRx, Inc.","ContinuumRx of East Tennessee, LLC","2210 Sutherland Ave, Suite 112",Knoxville,TN,37919,"https://organization.achc.org/print?legalCompanyName=ContinuumRx,%20Inc.&dbaCompanyName=ContinuumRx%20of%20East%20Tennessee,%20LLC&companyID=63025&full_address=Knoxville,%20TN%2037919&physicalAddress=2210%20Sutherland%20Ave,%20Suite%20112,",2026-10-02
HSI00001085,The Nebraska Medical Center,system name: The Nebraska Medical Center | member hospital: The Nebraska Medical Center,Pharmacy: Specialty Pharmacy Services,87941,Cancer Partners of Nebraska,,4101 Tiger Lily Rd: Suite 100,Lincoln ,NE,68516,"https://organization.achc.org/print?legalCompanyName=Cancer%20Partners%20of%20Nebraska&dbaCompanyName=&companyID=87941&full_address=Lincoln%20,%20NE%2068516&physicalAddress=4101%20Tiger%20Lily%20Rd:%20Suite%20100,",2026-10-02
HSI00001085,The Nebraska Medical Center,system name: The Nebraska Medical Center | member hospital: The Nebraska Medical Center,Pharmacy: Specialty Pharmacy Services,88425,Nebraska Hematology Oncology PC Pharmacy,Nebraska Hematology Oncology PC Pharmacy,4004 Pioneer Woods Dr,Lincoln,NE,68506,"https://organization.achc.org/print?legalCompanyName=Nebraska%20Hematology%20Oncology%20PC%20Pharmacy&dbaCompanyName=Nebraska%20Hematology%20Oncology%20PC%20Pharmacy&companyID=88425&full_address=Lincoln,%20NE%2068506&physicalAddress=4004%20Pioneer%20Woods%20Dr,",2026-10-02
HSI00001085,The Nebraska Medical Center,system name: The Nebraska Medical Center | member hospital: The Nebraska Medical Center,Pharmacy: Specialty Pharmacy Services,78216,Nebraska Urology. P.C.,,5500 Pine Lake Road,Lincoln,NE,68516,"https://organization.achc.org/print?legalCompanyName=Nebraska%20Urology.%20P.C.&dbaCompanyName=&companyID=78216&full_address=Lincoln,%20NE%2068516&physicalAddress=5500%20Pine%20Lake%20Road,",2026-10-02
HSI00001085,The Nebraska Medical Center,system name: The Nebraska Medical Center | member hospital: The Nebraska Medical Center,Pharmacy: Specialty Pharmacy Services,80750,The Nebraska Medical Center,The Nebraska Medical Center Clinic Pharmacy,4400 Emile Street,Omaha,NE,68198,"https://organization.achc.org/print?legalCompanyName=The%20Nebraska%20Medical%20Center&dbaCompanyName=The%20Nebraska%20Medical%20Center%20Clinic%20Pharmacy&companyID=80750&full_address=Omaha,%20NE%2068198&physicalAddress=4400%20Emile%20Street,",2026-10-02
HSI00001085,The Nebraska Medical Center,system name: The Nebraska Medical Center | member hospital: The Nebraska Medical Center,Pharmacy: Specialty Pharmacy Services,88718,The Nebraska Medical Center,Nebraska Medicine Hub Pharmacy,770 N 114th St,Omaha,NE,68154,"https://organization.achc.org/print?legalCompanyName=The%20Nebraska%20Medical%20Center&dbaCompanyName=Nebraska%20Medicine%20Hub%20Pharmacy&companyID=88718&full_address=Omaha,%20NE%2068154&physicalAddress=770%20N%20114th%20St,",2026-10-02
HSI00001085,The Nebraska Medical Center,system name: The Nebraska Medical Center | member hospital: The Nebraska Medical Center,Pharmacy: Infusion Pharmacy Services,98932,"KWRV Nebraska, LLC",Vital Care of Omaha,9355 G Court,Omaha,NE,68127,"https://organization.achc.org/print?legalCompanyName=KWRV%20Nebraska,%20LLC&dbaCompanyName=Vital%20Care%20of%20Omaha&companyID=98932&full_address=Omaha,%20NE%2068127&physicalAddress=9355%20G%20Court,",2026-10-02
HSI00000929,Saint Josephs Health,system name: Saint Josephs Health,Pharmacy: Specialty Pharmacy Services,94527,"St. Joseph's University Medical Center, Inc.",St. Joseph's University Medical Center Specialty Pharmacy,"703 Main Street, Regan Building Basement, Rm RB37",Paterson,NJ,07503,"https://organization.achc.org/print?legalCompanyName=St.%20Joseph's%20University%20Medical%20Center,%20Inc.&dbaCompanyName=St.%20Joseph's%20University%20Medical%20Center%20Specialty%20Pharmacy&companyID=94527&full_address=Paterson,%20NJ%2007503&physicalAddress=703%20Main%20Street,%20Regan%20Building%20Basement,%20Rm%20RB37,",2026-10-02
HSI00000193,CentraCare,system name: CentraCare,Pharmacy: Specialty Pharmacy Services,77547,St. Cloud Hospital,CentraCare - Plaza Pharmacy,"1900 CentraCare Circle, Suite 1350",St. Cloud,MN,56303,"https://organization.achc.org/print?legalCompanyName=St.%20Cloud%20Hospital&dbaCompanyName=CentraCare%20-%20Plaza%20Pharmacy&companyID=77547&full_address=St.%20Cloud,%20MN%2056303&physicalAddress=1900%20CentraCare%20Circle,%20Suite%201350,",2026-10-02
HSI00000330,Northern Light Health,system name: Northern Light Health,Pharmacy: Specialty Pharmacy Services,78522,"M Drug, LLC",Northern Light Pharmacy,70 Bennett St,Bangor,ME,04401,"https://organization.achc.org/print?legalCompanyName=M%20Drug,%20LLC&dbaCompanyName=Northern%20Light%20Pharmacy&companyID=78522&full_address=Bangor,%20ME%2004401&physicalAddress=70%20Bennett%20St,",2026-10-02
HSI00000330,Northern Light Health,system name: Northern Light Health,Pharmacy: Specialty Pharmacy Services,78523,"M Drug, LLC",Northern Light Health,43 Whiting Hill Rd. Suite 4,Brewer,ME,04412,"https://organization.achc.org/print?legalCompanyName=M%20Drug,%20LLC&dbaCompanyName=Northern%20Light%20Health&companyID=78523&full_address=Brewer,%20ME%2004412&physicalAddress=43%20Whiting%20Hill%20Rd.%20Suite%204,",2026-10-02
HSI00001004,Southcoast Health System,system name: Southcoast Health System | member hospital: Southcoast Hospitals Group  Inc,Pharmacy: Specialty Pharmacy Services,66394,Southcoast Hospital Group,Southcoast Specialty Pharmacy,206 Mill Rd,Fairhaven,MA,02719,"https://organization.achc.org/print?legalCompanyName=Southcoast%20Hospital%20Group&dbaCompanyName=Southcoast%20Specialty%20Pharmacy&companyID=66394&full_address=Fairhaven,%20MA%2002719&physicalAddress=206%20Mill%20Rd,",2026-10-02
HSI00000819,Penn Highlands Healthcare,system name: Penn Highlands Healthcare | member hospital: Highlands Hospital,Pharmacy: Specialty Pharmacy Services,97875,Penn Highlands Specialty Pharmacy,,720 S. Main Street,Dubois,PA,15801,"https://organization.achc.org/print?legalCompanyName=Penn%20Highlands%20Specialty%20Pharmacy&dbaCompanyName=&companyID=97875&full_address=Dubois,%20PA%2015801&physicalAddress=720%20S.%20Main%20Street,",2026-10-02
HSI00000715,Munson Healthcare,system name: Munson Healthcare | member hospital: Munson Medical Center,Pharmacy: Specialty Pharmacy Services,90069,Munson Medical Center,Munson Healthcare Specialty Pharmacy,550 Munson Avenue Unit 4,Traverse City,MI,49686,"https://organization.achc.org/print?legalCompanyName=Munson%20Medical%20Center&dbaCompanyName=Munson%20Healthcare%20Specialty%20Pharmacy&companyID=90069&full_address=Traverse%20City,%20MI%2049686&physicalAddress=550%20Munson%20Avenue%20Unit%204,",2026-10-02
HSI00000530,John Muir Health,system name: John Muir Health | member hospital: John Muir Medical Center - Wc,Pharmacy: Specialty Pharmacy Services,95021,Pavilion Pharmacy at John Muir Health,,"177 La Casa Via, Ste 270",Walnut Creek,CA,94598,"https://organization.achc.org/print?legalCompanyName=Pavilion%20Pharmacy%20at%20John%20Muir%20Health&dbaCompanyName=&companyID=95021&full_address=Walnut%20Creek,%20CA%2094598&physicalAddress=177%20La%20Casa%20Via,%20Ste%20270,",2026-10-02
HSI00000139,Bronson Healthcare Group,system name: Bronson Healthcare Group | member hospital: Bronson Battle Creek,Pharmacy: Specialty Pharmacy Services,74573,Bronson Battle Creek Hospital,Bronson Battle Creek Outpatient Pharmacy,363 Fremont St Suite 111,Battle Creek,MI,49017,"https://organization.achc.org/print?legalCompanyName=Bronson%20Battle%20Creek%20Hospital&dbaCompanyName=Bronson%20Battle%20Creek%20Outpatient%20Pharmacy&companyID=74573&full_address=Battle%20Creek,%20MI%2049017&physicalAddress=363%20Fremont%20St%20Suite%20111,",2026-10-02
HSI00000139,Bronson Healthcare Group,system name: Bronson Healthcare Group | member hospital: Bronson Methodist Hospital | address = member hospital: Bronson Methodist Hospital,Pharmacy: Specialty Pharmacy Services,98955,Bronson Methodist Hospital,,601 John Street,Kalamazoo,MI,49007,"https://organization.achc.org/print?legalCompanyName=Bronson%20Methodist%20Hospital&dbaCompanyName=&companyID=98955&full_address=Kalamazoo,%20MI%2049007&physicalAddress=601%20John%20Street,",2026-10-02
HSI00000455,Hawaii Pacific Health,system name: Hawaii Pacific Health,Pharmacy: Specialty Pharmacy Services,89534,Straub Clinic & Hospital,Hawaii Pacific Health Specialty Pharmacy,3375 Koapaka Street Suite H400,Honolulu,HI,96819,"https://organization.achc.org/print?legalCompanyName=Straub%20Clinic%20&%20Hospital&dbaCompanyName=Hawaii%20Pacific%20Health%20Specialty%20Pharmacy&companyID=89534&full_address=Honolulu,%20HI%2096819&physicalAddress=3375%20Koapaka%20Street%20Suite%20H400,",2026-10-02
HSI00000883,Riverside Health System,system name: Riverside Health System | member hospital: Riverside Regional Medical Center,Pharmacy: Specialty Pharmacy Services,87299,"Riverside Hospital, Inc",Riverside Pharmacy Chesapeake,"110 Wimbledon Square, Suite E",Chesapeake,VA,23320,"https://organization.achc.org/print?legalCompanyName=Riverside%20Hospital,%20Inc&dbaCompanyName=Riverside%20Pharmacy%20Chesapeake&companyID=87299&full_address=Chesapeake,%20VA%2023320&physicalAddress=110%20Wimbledon%20Square,%20Suite%20E",2026-10-02
HSI00000883,Riverside Health System,system name: Riverside Health System | member hospital: Riverside Regional Medical Center | address = member hospital: Riverside Regional Medical Center,Pharmacy: Specialty Pharmacy Services,78217,"Riverside Hospital, Inc.",Pavilion Pharmacy,500 J. Clyde Morris Blvd,Newport News,VA,23601,"https://organization.achc.org/print?legalCompanyName=Riverside%20Hospital,%20Inc.&dbaCompanyName=Pavilion%20Pharmacy&companyID=78217&full_address=Newport%20News,%20VA%2023601&physicalAddress=500%20J.%20Clyde%20Morris%20Blvd,",2026-10-02
HSI00000226,Emanate Health,system name: Emanate Health | member hospital: Emanate Health Medical Center,Pharmacy: Specialty Pharmacy Services,96428,Emanate Health Medical Center Pharmacy,,"1135 S. Sunset Ave., Suite 104",West Covina,CA,91790,"https://organization.achc.org/print?legalCompanyName=Emanate%20Health%20Medical%20Center%20Pharmacy&dbaCompanyName=&companyID=96428&full_address=West%20Covina,%20CA%2091790&physicalAddress=1135%20S.%20Sunset%20Ave.,%20Suite%20104,",2026-10-02
HSI00001217,Valley Health,system name: Valley Health,Pharmacy: Specialty Pharmacy Services,58983,Valley Infusion,Valley Vital Care,1115 West Main Street,Waynesboro,VA,22980,"https://organization.achc.org/print?legalCompanyName=Valley%20Infusion&dbaCompanyName=Valley%20Vital%20Care&companyID=58983&full_address=Waynesboro,%20VA%2022980&physicalAddress=1115%20West%20Main%20Street,",2026-10-02
HSI00001217,Valley Health,system name: Valley Health,Pharmacy: Infusion Pharmacy Services,58983,Valley Infusion,Valley Vital Care,1115 West Main Street,Waynesboro,VA,22980,"https://organization.achc.org/print?legalCompanyName=Valley%20Infusion&dbaCompanyName=Valley%20Vital%20Care&companyID=58983&full_address=Waynesboro,%20VA%2022980&physicalAddress=1115%20West%20Main%20Street,",2026-10-02
HSI00001079,Cooper University Health Care,system name: Cooper University Health Care | member hospital: Cooper University Hospital,Pharmacy: Specialty Pharmacy Services,82721,Walgreen Co,Walgreens Pharmacy at Cooper Health System,900 Centennial Blvd ,Voorhees,NJ,08043,"https://organization.achc.org/print?legalCompanyName=Walgreen%20Co&dbaCompanyName=Walgreens%20Pharmacy%20at%20Cooper%20Health%20System&companyID=82721&full_address=Voorhees,%20NJ%2008043&physicalAddress=900%20Centennial%20Blvd%20,",2026-10-02
HSI00000166,Care New England Health System,system name: Care New England Health System,Pharmacy: Specialty Pharmacy Services,79037,Care New England Pharmacy LLC,,455 Toll Gate Road,Warwick,RI,02886,"https://organization.achc.org/print?legalCompanyName=Care%20New%20England%20Pharmacy%20LLC&dbaCompanyName=&companyID=79037&full_address=Warwick,%20RI%2002886&physicalAddress=455%20Toll%20Gate%20Road,",2026-10-02
HSI00001043,Summa Health System,system name: Summa Health System | member hospital: Summa Health System | address = member hospital: Summa Health System,Pharmacy: Specialty Pharmacy Services,78774,Akron Regional Hospital LLC,Summa Health System,525 E. Market St.,Akron,OH,44304,"https://organization.achc.org/print?legalCompanyName=Akron%20Regional%20Hospital%20LLC&dbaCompanyName=Summa%20Health%20System&companyID=78774&full_address=Akron,%20OH%2044304&physicalAddress=525%20E.%20Market%20St.,",2026-10-02
HSI00001060,Tallahassee Memorial Healthcare,system name: Tallahassee Memorial Healthcare | member hospital: Tallahassee Memorial Hospital,Pharmacy: Specialty Pharmacy Services,97590,Tallahassee Memorial Healthcare Inc.,TMH Specialty Pharmacy,"1401 Miccosukee Road, Suite 100-B",Tallahassee,FL,32308,"https://organization.achc.org/print?legalCompanyName=Tallahassee%20Memorial%20Healthcare%20Inc.&dbaCompanyName=TMH%20Specialty%20Pharmacy&companyID=97590&full_address=Tallahassee,%20FL%2032308&physicalAddress=1401%20Miccosukee%20Road,%20Suite%20100-B,",2026-10-02
HSI00001060,Tallahassee Memorial Healthcare,system name: Tallahassee Memorial Healthcare | member hospital: Tallahassee Memorial Hospital,Pharmacy: Infusion Pharmacy Services,93299,Big Bend Infusion LLC,Vital Care of Tallahassee,124 Marriott Drive Ste 105,Tallahassee,FL,32301,"https://organization.achc.org/print?legalCompanyName=Big%20Bend%20Infusion%20LLC&dbaCompanyName=Vital%20Care%20of%20Tallahassee&companyID=93299&full_address=Tallahassee,%20FL%2032301&physicalAddress=124%20Marriott%20Drive%20Ste%20105,",2026-10-02
HSI00001369,AtlantiCare,system name: AtlantiCare | member hospital: Atlanticare Regional Medical Center,Pharmacy: Specialty Pharmacy Services,97209,AtlantiCare Pharmacy - Galloway,AtlantiCare Regional Medical Center,54 W Jimmie Leeds Rd,Galloway,NJ,08205,"https://organization.achc.org/print?legalCompanyName=AtlantiCare%20Pharmacy%20-%20Galloway&dbaCompanyName=AtlantiCare%20Regional%20Medical%20Center&companyID=97209&full_address=Galloway,%20NJ%2008205&physicalAddress=54%20W%20Jimmie%20Leeds%20Rd,",2026-10-02
HSI00001500,Childrens Hospital Colorado,system name: Childrens Hospital Colorado | member hospital: Childrens Hospital Colorado,Pharmacy: Specialty Pharmacy Services,78432,Children's Colorado Specialty Pharmacy,,860 North Potomac Circle,Aurora,CO,80011,"https://organization.achc.org/print?legalCompanyName=Children's%20Colorado%20Specialty%20Pharmacy&dbaCompanyName=&companyID=78432&full_address=Aurora,%20CO%2080011&physicalAddress=860%20North%20Potomac%20Circle,",2026-10-02
HSI00000054,Asante Health System,system name: Asante Health System,Pharmacy: Specialty Pharmacy Services,88458,Asante,Mary & Dick Heimann Cancer Center Pharmacy,3011 E. Barnett Road,Medford,OR,97504,"https://organization.achc.org/print?legalCompanyName=Asante&dbaCompanyName=Mary%20&%20Dick%20Heimann%20Cancer%20Center%20Pharmacy&companyID=88458&full_address=Medford,%20OR%2097504&physicalAddress=3011%20E.%20Barnett%20Road,",2026-10-02
HSI00000054,Asante Health System,system name: Asante Health System,Pharmacy: Specialty Pharmacy Services,75491,Asante Pharmacy,Asante,2900 E. Barnett Rd. Suite 1,Medford,OR,97504,"https://organization.achc.org/print?legalCompanyName=Asante%20Pharmacy&dbaCompanyName=Asante&companyID=75491&full_address=Medford,%20OR%2097504&physicalAddress=2900%20E.%20Barnett%20Rd.%20Suite%201,",2026-10-02
HSI00000130,Boston Childrens Hospital,system name: Boston Childrens Hospital | member hospital: Childrens Hospital Corporation,Pharmacy: Specialty Pharmacy Services,87471,"Boston Children's Health Solutions RX, LLC",Boston Children's Pharmacy,283 Longwood Avenue,Boston,MA,02115,"https://organization.achc.org/print?legalCompanyName=Boston%20Children's%20Health%20Solutions%20RX,%20LLC&dbaCompanyName=Boston%20Children's%20Pharmacy&companyID=87471&full_address=Boston,%20MA%2002115&physicalAddress=283%20Longwood%20Avenue,",2026-10-02
HSI00000749,North Memorial Health,member hospital: Maple Grove Hospital,Pharmacy: Specialty Pharmacy Services,91751,Minnesota Oncology Hematology PA,Minnesota Cancer Care Pharmacy Maple Grove,10150 Niagara Ln N Suite 100,Maple Grove,MN,55369,"https://organization.achc.org/print?legalCompanyName=Minnesota%20Oncology%20Hematology%20PA&dbaCompanyName=Minnesota%20Cancer%20Care%20Pharmacy%20Maple%20Grove&companyID=91751&full_address=Maple%20Grove,%20MN%2055369&physicalAddress=10150%20Niagara%20Ln%20N%20Suite%20100,",2026-10-02
HSI00000749,North Memorial Health,system name: North Memorial Health | member hospital: North Memorial Health Hospital,Pharmacy: Specialty Pharmacy Services,82050,North Memorial Health Care a Nonprofit Minnesota Corporation,North Memorial Health Cancer Center Pharmacy,3435 West Broadway Avenue,Robbinsdale,MN,55422,"https://organization.achc.org/print?legalCompanyName=North%20Memorial%20Health%20Care%20a%20Nonprofit%20Minnesota%20Corporation&dbaCompanyName=North%20Memorial%20Health%20Cancer%20Center%20Pharmacy&companyID=82050&full_address=Robbinsdale,%20MN%2055422&physicalAddress=3435%20West%20Broadway%20Avenue,",2026-10-02
HSI00000114,Billings Clinic,system name: Billings Clinic | member hospital: Billings Clinic,Pharmacy: Specialty Pharmacy Services,76298,Billings Clinic,Billings Clinic Specialty Pharmacy,1015 Broadwater Ave Ste 101,Billings,MT,59102,"https://organization.achc.org/print?legalCompanyName=Billings%20Clinic&dbaCompanyName=Billings%20Clinic%20Specialty%20Pharmacy&companyID=76298&full_address=Billings,%20MT%2059102&physicalAddress=1015%20Broadwater%20Ave%20Ste%20101,",2026-10-02
HSI00001104,TriHealth,system name: TriHealth,Pharmacy: Specialty Pharmacy Services,89529,Bethesda Hospital Inc.,TriHealth Pharmacy Solutions,"4623 Wesley Ave, Suite N",Cincinnati,OH,45212,"https://organization.achc.org/print?legalCompanyName=Bethesda%20Hospital%20Inc.&dbaCompanyName=TriHealth%20Pharmacy%20Solutions&companyID=89529&full_address=Cincinnati,%20OH%2045212&physicalAddress=4623%20Wesley%20Ave,%20Suite%20N,",2026-10-02
HSI00000823,Phoebe Putney Health Systems,system name: Phoebe Putney Health Systems | member hospital: Phoebe Putney Memorial Hospital,Pharmacy: Specialty Pharmacy Services,98260,"Phoebe Putney Memorial Hospital, Inc.",Phoebe Specialty Pharmacy,"425 W. Third Ave Medical Tower-I, Suite 100",Albany,GA,31701,"https://organization.achc.org/print?legalCompanyName=Phoebe%20Putney%20Memorial%20Hospital,%20Inc.&dbaCompanyName=Phoebe%20Specialty%20Pharmacy&companyID=98260&full_address=Albany,%20GA%2031701&physicalAddress=425%20W.%20Third%20Ave%20Medical%20Tower-I,%20Suite%20100,",2026-10-02
HSI00000927,Saint Josephs Candler Health System,member hospital: Candler Hospital  Inc,Pharmacy: Specialty Pharmacy Services,93743,"Candler Hospital, Inc",Candler Prescription Center Corp,5354 Reynolds St Ste 103,Savannah,GA,31405,"https://organization.achc.org/print?legalCompanyName=Candler%20Hospital,%20Inc&dbaCompanyName=Candler%20Prescription%20Center%20Corp&companyID=93743&full_address=Savannah,%20GA%2031405&physicalAddress=5354%20Reynolds%20St%20Ste%20103,",2026-10-02
HSI00000208,Childrens Health,system name: Childrens Health | address = member hospital: Childrens Medical Center Of Dallas,Pharmacy: Specialty Pharmacy Services,89927,Children's Health System of Texas,Children's Health Specialty Pharmacy,"1935 Medical District Drive, Ste C1270",Dallas,TX,75235,"https://organization.achc.org/print?legalCompanyName=Children's%20Health%20System%20of%20Texas&dbaCompanyName=Children's%20Health%20Specialty%20Pharmacy&companyID=89927&full_address=Dallas,%20TX%2075235&physicalAddress=1935%20Medical%20District%20Drive,%20Ste%20C1270,",2026-10-02
HSI00000208,Childrens Health,system name: Childrens Health,Pharmacy: Specialty Pharmacy Services,80330,Cook Children's Home Health,,1101 West Vickery Blvd,Fort Worth,TX,76104,"https://organization.achc.org/print?legalCompanyName=Cook%20Children's%20Home%20Health&dbaCompanyName=&companyID=80330&full_address=Fort%20Worth,%20TX%2076104&physicalAddress=1101%20West%20Vickery%20Blvd,",2026-10-02
HSI00000208,Childrens Health,system name: Childrens Health,Pharmacy: Specialty Pharmacy Services,93103,Cook Children’s Retail Pharmacy-Dodson,,1500 COOPER ST STE 1541,FORT WORTH,TX,76104,"https://organization.achc.org/print?legalCompanyName=Cook%20Children’s%20Retail%20Pharmacy-Dodson&dbaCompanyName=&companyID=93103&full_address=FORT%20WORTH,%20TX%2076104%20-%202710&physicalAddress=1500%20COOPER%20ST%20STE%201541,",2026-10-02
HSI00000208,Childrens Health,system name: Childrens Health,Pharmacy: Specialty Pharmacy Services,72758,Texas Children's Hospital,Texas Children's Hospital - Specialty Pharmacy,"6621 Fannin Street, Suite WB1120 - Pharmacy",Houston ,TX,77030,"https://organization.achc.org/print?legalCompanyName=Texas%20Children's%20Hospital&dbaCompanyName=Texas%20Children's%20Hospital%20-%20Specialty%20Pharmacy&companyID=72758&full_address=Houston%20,%20TX%2077030&physicalAddress=6621%20Fannin%20Street,%20Suite%20WB1120%20-%20Pharmacy",2026-10-02
HSI00000208,Childrens Health,system name: Childrens Health,Pharmacy: Specialty Pharmacy Services,80382,Texas Children's Hospital,Texas Children's Hospital - Specialty Pharmacy,12613 Citypark Dr. Suite 200 Room 130.02,Missouri City,TX,77489,"https://organization.achc.org/print?legalCompanyName=Texas%20Children's%20Hospital&dbaCompanyName=Texas%20Children's%20Hospital%20-%20Specialty%20Pharmacy&companyID=80382&full_address=Missouri%20City,%20TX%2077489&physicalAddress=12613%20Citypark%20Dr.%20Suite%20200%20Room%20130.02,",2026-10-02
HSI00000208,Childrens Health,system name: Childrens Health,Pharmacy: Infusion Pharmacy Services,95433,Texas Children's Hospital,Texas Children's Infusion Pharmacy,"12613 Citypark Drive, STE 200 - Rm 145.06",Missouri City,TX,77489,"https://organization.achc.org/print?legalCompanyName=Texas%20Children's%20Hospital&dbaCompanyName=Texas%20Children's%20Infusion%20Pharmacy&companyID=95433&full_address=Missouri%20City,%20TX%2077489&physicalAddress=12613%20Citypark%20Drive,%20STE%20200%20-%20Rm%20145.06,",2026-10-02
HSI00000273,Cook Childrens Health Care System,system name: Cook Childrens Health Care System | member hospital: Cook Childrens Medical Center,Pharmacy: Specialty Pharmacy Services,80330,Cook Children's Home Health,,1101 West Vickery Blvd,Fort Worth,TX,76104,"https://organization.achc.org/print?legalCompanyName=Cook%20Children's%20Home%20Health&dbaCompanyName=&companyID=80330&full_address=Fort%20Worth,%20TX%2076104&physicalAddress=1101%20West%20Vickery%20Blvd,",2026-10-02
HSI00000273,Cook Childrens Health Care System,system name: Cook Childrens Health Care System | member hospital: Cook Childrens Medical Center,Pharmacy: Specialty Pharmacy Services,93103,Cook Children’s Retail Pharmacy-Dodson,,1500 COOPER ST STE 1541,FORT WORTH,TX,76104,"https://organization.achc.org/print?legalCompanyName=Cook%20Children’s%20Retail%20Pharmacy-Dodson&dbaCompanyName=&companyID=93103&full_address=FORT%20WORTH,%20TX%2076104%20-%202710&physicalAddress=1500%20COOPER%20ST%20STE%201541,",2026-10-02
HSI00000933,Saint Lukes Episcopal Presbyterian Hospital,member hospital: St. Lukes Hospital,Pharmacy: Specialty Pharmacy Services,95525,Saint Luke’s Hospital of Kansas City,Saint Luke’s Specialty Pharmacy,10920 Elm Ave,Kansas City ,MO,64134,"https://organization.achc.org/print?legalCompanyName=Saint%20Luke’s%20Hospital%20of%20Kansas%20City&dbaCompanyName=Saint%20Luke’s%20Specialty%20Pharmacy&companyID=95525&full_address=Kansas%20City%20,%20MO%2064134&physicalAddress=10920%20Elm%20Ave,",2026-10-02
HSI00001039,Stormont Vail Health,system name: Stormont Vail Health | member hospital: Stormont-Vail Regional Health Center,Pharmacy: Specialty Pharmacy Services,83545,"Stormont Vail Pharmacy, LLC",,830 SW Lane St. Suite B,Topeka,KS,66606,"https://organization.achc.org/print?legalCompanyName=Stormont%20Vail%20Pharmacy,%20LLC&dbaCompanyName=&companyID=83545&full_address=Topeka,%20KS%2066606&physicalAddress=830%20SW%20Lane%20St.%20Suite%20B,",2026-10-02
HSI00000131,Boston Medical Center,system name: Boston Medical Center | member hospital: Boston Medical Center,Pharmacy: Specialty Pharmacy Services,87471,"Boston Children's Health Solutions RX, LLC",Boston Children's Pharmacy,283 Longwood Avenue,Boston,MA,02115,"https://organization.achc.org/print?legalCompanyName=Boston%20Children's%20Health%20Solutions%20RX,%20LLC&dbaCompanyName=Boston%20Children's%20Pharmacy&companyID=87471&full_address=Boston,%20MA%2002115&physicalAddress=283%20Longwood%20Avenue,",2026-10-02
HSI00000131,Boston Medical Center,system name: Boston Medical Center | member hospital: Boston Medical Center,Pharmacy: Specialty Pharmacy Services,77765,"Boston Home Infusion, Inc",A PromptCare Home Infusion Company,30 Buckely Road,Stoughton,MA,02072,"https://organization.achc.org/print?legalCompanyName=Boston%20Home%20Infusion,%20Inc&dbaCompanyName=A%20PromptCare%20Home%20Infusion%20Company&companyID=77765&full_address=Stoughton,%20MA%2002072&physicalAddress=30%20Buckely%20Road,",2026-10-02
HSI00000131,Boston Medical Center,system name: Boston Medical Center | member hospital: Boston Medical Center,Pharmacy: Specialty Pharmacy Services,97257,Cornerstone Health Solutions,Boston Medical Center Health System,41 Teed Dr,Randolph,MA,02368,"https://organization.achc.org/print?legalCompanyName=Cornerstone%20Health%20Solutions&dbaCompanyName=Boston%20Medical%20Center%20Health%20System&companyID=97257&full_address=Randolph,%20MA%2002368&physicalAddress=41%20Teed%20Dr,",2026-10-02
HSI00000131,Boston Medical Center,system name: Boston Medical Center | member hospital: Boston Medical Center,Pharmacy: Specialty Pharmacy Services,97256,Shapiro Pharmacy,Boston Medical Center Health System,725 Albany St,Boston,MA,02118,"https://organization.achc.org/print?legalCompanyName=Shapiro%20Pharmacy&dbaCompanyName=Boston%20Medical%20Center%20Health%20System&companyID=97256&full_address=Boston,%20MA%2002118&physicalAddress=725%20Albany%20St,",2026-10-02
HSI00000131,Boston Medical Center,system name: Boston Medical Center | member hospital: Boston Medical Center,Pharmacy: Specialty Pharmacy Services,97255,Yawkey Pharmacy,Boston Medical Center Corporation,830 Harrison Ave Moakley Building,Boston,MA,02118,"https://organization.achc.org/print?legalCompanyName=Yawkey%20Pharmacy&dbaCompanyName=Boston%20Medical%20Center%20Corporation&companyID=97255&full_address=Boston,%20MA%2002118&physicalAddress=830%20Harrison%20Ave%20Moakley%20Building,",2026-10-02
HSI00000089,Baton Rouge General Health System,system name: Baton Rouge General Health System | member hospital: Baton Rouge General,Pharmacy: Specialty Pharmacy Services,97339,Baton Rouge General Compounding Pharmacy,,9001 Summa Ave,Baton Rouge,LA,70806,"https://organization.achc.org/print?legalCompanyName=Baton%20Rouge%20General%20Compounding%20Pharmacy&dbaCompanyName=&companyID=97339&full_address=Baton%20Rouge,%20LA%2070806&physicalAddress=9001%20Summa%20Ave,",2026-10-02
HSI00000089,Baton Rouge General Health System,system name: Baton Rouge General Health System | member hospital: Baton Rouge General,Pharmacy: Infusion Pharmacy Services,39452,"Soileau's Vital Care, Inc.",Vital Care of Baton Rouge,"7612 Picardy Ave, Ste B",Baton Rouge,LA,70808,"https://organization.achc.org/print?legalCompanyName=Soileau's%20Vital%20Care,%20Inc.&dbaCompanyName=Vital%20Care%20of%20Baton%20Rouge&companyID=39452&full_address=Baton%20Rouge,%20LA%2070808&physicalAddress=7612%20Picardy%20Ave,%20Ste%20B,",2026-10-02
HSI00000365,FirstHealth of the Carolinas,member hospital: Firsthealth Moore Regional Hospital | address = member hospital: Firsthealth Moore Regional Hospital,Pharmacy: Specialty Pharmacy Services,93208,FirstHealth Outpatient Pharmacy,FirstHealth Moore Regional Hospital,155 Memorial Drive,Pinehurst,NC,28374,"https://organization.achc.org/print?legalCompanyName=FirstHealth%20Outpatient%20Pharmacy&dbaCompanyName=FirstHealth%20Moore%20Regional%20Hospital&companyID=93208&full_address=Pinehurst,%20NC%2028374&physicalAddress=155%20Memorial%20Drive,",2026-10-02
HSI00001138,United Health Services,system name: United Health Services,Pharmacy: Specialty Pharmacy Services,77830,"United Health Services Hospitals, Inc.",,345 Main Street Suite A,Johnson City,NY,13790,"https://organization.achc.org/print?legalCompanyName=United%20Health%20Services%20Hospitals,%20Inc.&dbaCompanyName=&companyID=77830&full_address=Johnson%20City,%20NY%2013790&physicalAddress=345%20Main%20Street%20Suite%20A,",2026-10-02
HSI00000065,Aultman Health Foundation,system name: Aultman Health Foundation | member hospital: Aultman Hospital | member hospital: Aultman Specialty Hospital,Pharmacy: Specialty Pharmacy Services,86977,Aultman Hospital,Aultman Employee Pharmacy,2600 6th Street SW,Canton,OH,44710,"https://organization.achc.org/print?legalCompanyName=Aultman%20Hospital&dbaCompanyName=Aultman%20Employee%20Pharmacy&companyID=86977&full_address=Canton,%20OH%2044710&physicalAddress=2600%206th%20Street%20SW,",2026-10-02
HSI00000211,Akron Childrens Hospital,system name: Akron Childrens Hospital | member hospital: Childrens Hospital Medical Center,Pharmacy: Specialty Pharmacy Services,97967,Children's Hosp Med Ctr of Akron Ambulatory Care Center Pharmacy,Akron Children's Hospital Outpatient Pharmacy,215 W. Bowery Street Suite 3220,Akron,OH,44308,"https://organization.achc.org/print?legalCompanyName=Children's%20Hosp%20Med%20Ctr%20of%20Akron%20Ambulatory%20Care%20Center%20Pharmacy&dbaCompanyName=Akron%20Children's%20Hospital%20Outpatient%20Pharmacy&companyID=97967&full_address=Akron,%20OH%2044308&physicalAddress=215%20W.%20Bowery%20Street%20Suite%203220,",2026-10-02
HSI00000211,Akron Childrens Hospital,member hospital: Childrens Hospital Medical Center,Pharmacy: Specialty Pharmacy Services,80136,Dayton Children's Hospital,Dayton Children's Specialty Pharmacy,1 Children's Plz,Dayton,OH,45404,"https://organization.achc.org/print?legalCompanyName=Dayton%20Children's%20Hospital&dbaCompanyName=Dayton%20Children's%20Specialty%20Pharmacy&companyID=80136&full_address=Dayton,%20OH%2045404&physicalAddress=1%20Children's%20Plz,",2026-10-02
HSI00000211,Akron Childrens Hospital,member hospital: Childrens Hospital Medical Center,Pharmacy: Specialty Pharmacy Services,77328,Nationwide Children's Hospital,Nationwide Children's Hospital Pharmacy,700 Children's Drive,Columbus,OH,43205,"https://organization.achc.org/print?legalCompanyName=Nationwide%20Children's%20Hospital&dbaCompanyName=Nationwide%20Children's%20Hospital%20Pharmacy&companyID=77328&full_address=Columbus,%20OH%2043205&physicalAddress=700%20Children's%20Drive,",2026-10-02
HSI00000211,Akron Childrens Hospital,member hospital: Childrens Hospital Medical Center,Pharmacy: Specialty Pharmacy Services,99059,"Rocking Horse Children's Health Center, Inc.",Rocking Horse Community Health Center,651 S Limestone St,Springfield,OH,45505,"https://organization.achc.org/print?legalCompanyName=Rocking%20Horse%20Children's%20Health%20Center,%20Inc.&dbaCompanyName=Rocking%20Horse%20Community%20Health%20Center&companyID=99059&full_address=Springfield,%20OH%2045505&physicalAddress=651%20S%20Limestone%20St,",2026-10-02
HSI00000428,Gundersen Health System,system name: Gundersen Health System,Pharmacy: Specialty Pharmacy Services,88761,"Gundersen Clinic, Ltd",Gundersen Pharmacy,1836 South Avenue,La Crosse,WI,54601,"https://organization.achc.org/print?legalCompanyName=Gundersen%20Clinic,%20Ltd&dbaCompanyName=Gundersen%20Pharmacy&companyID=88761&full_address=La%20Crosse,%20WI%2054601&physicalAddress=1836%20South%20Avenue,",2026-10-02
HSI00000428,Gundersen Health System,system name: Gundersen Health System,Pharmacy: Specialty Pharmacy Services,88762,"Gundersen Clinic, Ltd",Gundersen Pharmacy,724 Denton Street,La Crosse,WI,54601,"https://organization.achc.org/print?legalCompanyName=Gundersen%20Clinic,%20Ltd&dbaCompanyName=Gundersen%20Pharmacy&companyID=88762&full_address=La%20Crosse,%20WI%2054601&physicalAddress=724%20Denton%20Street,",2026-10-02
HSI00000428,Gundersen Health System,system name: Gundersen Health System,Pharmacy: Specialty Pharmacy Services,88763,"Gundersen Clinic, Ltd",Gundersen Pharmacy,3111 Gundersen Drive,Onalaska,WI,54650,"https://organization.achc.org/print?legalCompanyName=Gundersen%20Clinic,%20Ltd&dbaCompanyName=Gundersen%20Pharmacy&companyID=88763&full_address=Onalaska,%20WI%2054650&physicalAddress=3111%20Gundersen%20Drive,",2026-10-02
HSI00000428,Gundersen Health System,system name: Gundersen Health System | member hospital: Gundersen Lutheran Medical Center  I,Pharmacy: Specialty Pharmacy Services,88764,"Gundersen Clinic, Ltd",Gundersen Lutheran West Salem Pharmacy,1115 Industrial Drive,West Salem,WI,54669,"https://organization.achc.org/print?legalCompanyName=Gundersen%20Clinic,%20Ltd&dbaCompanyName=Gundersen%20Lutheran%20West%20Salem%20Pharmacy&companyID=88764&full_address=West%20Salem,%20WI%2054669&physicalAddress=1115%20Industrial%20Drive,",2026-10-02
HSI00000802,Owensboro Health,system name: Owensboro Health | member hospital: Owensboro Health Regional Hospital,Pharmacy: Specialty Pharmacy Services,96602,"Owensboro Health, Inc.",Owensboro Health Specialty Pharmacy,"2200 East Parrish Avenue, Building C, Suite LL102",Owensboro,KY,42303,"https://organization.achc.org/print?legalCompanyName=Owensboro%20Health,%20Inc.&dbaCompanyName=Owensboro%20Health%20Specialty%20Pharmacy&companyID=96602&full_address=Owensboro,%20KY%2042303&physicalAddress=2200%20East%20Parrish%20Avenue,%20Building%20C,%20Suite%20LL102,",2026-10-02
HSI00000283,Cottage Health System,system name: Cottage Health System | member hospital: Santa Barbara Cottage Hospital,Pharmacy: Specialty Pharmacy Services,98218,Santa Barbara Cottage Hospital,Cottage Specialty Pharmacy,400 W Pueblo St #1785,Santa Barbara,CA,93105,"https://organization.achc.org/print?legalCompanyName=Santa%20Barbara%20Cottage%20Hospital&dbaCompanyName=Cottage%20Specialty%20Pharmacy&companyID=98218&full_address=Santa%20Barbara,%20CA%2093105&physicalAddress=400%20W%20Pueblo%20St%20#1785,",2026-10-02
HSI00000094,Bayhealth,system name: Bayhealth | address = member hospital: Bayhealth Hospital  Kent Campus,Pharmacy: Specialty Pharmacy Services,66297,"Bayhealth Medical Center, Inc",Bayhealth Ambulatory Pharmacy,640 South State St,Dover,DE,19901,"https://organization.achc.org/print?legalCompanyName=Bayhealth%20Medical%20Center,%20Inc&dbaCompanyName=Bayhealth%20Ambulatory%20Pharmacy&companyID=66297&full_address=Dover,%20DE%2019901&physicalAddress=640%20South%20State%20St,",2026-10-02
HSI00000987,Sinai Health System,system name: Sinai Health System | member hospital: Mount Sinai Hospital Medical Center,Pharmacy: Specialty Pharmacy Services,98278,Mount Sinai Hospital Medical Center,Sinai Community Pharmacy,2750 W 15th Place Suite 1120,Chicago,IL,60608,"https://organization.achc.org/print?legalCompanyName=Mount%20Sinai%20Hospital%20Medical%20Center&dbaCompanyName=Sinai%20Community%20Pharmacy&companyID=98278&full_address=Chicago,%20IL%2060608&physicalAddress=2750%20W%2015th%20Place%20Suite%201120,",2026-10-02
HSI00000401,Glens Falls Hospital,system name: Glens Falls Hospital | member hospital: Glens Falls Hospital | address = member hospital: Glens Falls Hospital,Pharmacy: Specialty Pharmacy Services,87330,Glens Falls Hospital,Glens Falls Hospital Specialty Pharmacy,"100 Park Street, Rm T1002",Glens Falls,NY,12801,"https://organization.achc.org/print?legalCompanyName=Glens%20Falls%20Hospital&dbaCompanyName=Glens%20Falls%20Hospital%20Specialty%20Pharmacy&companyID=87330&full_address=Glens%20Falls,%20NY%2012801&physicalAddress=100%20Park%20Street,%20Rm%20T1002,",2026-10-02
HSI00001218,Valley Health System,system name: Valley Health System | member hospital: The Valley Hospital,Pharmacy: Infusion Pharmacy Services,90399,Delaware Valley Infusion Services LLC,Vital Care of Moorestown,"2000 Crawford Place, Suite 550",Mount Laurel,NJ,08054,"https://organization.achc.org/print?legalCompanyName=Delaware%20Valley%20Infusion%20Services%20LLC&dbaCompanyName=Vital%20Care%20of%20Moorestown&companyID=90399&full_address=Mount%20Laurel,%20NJ%2008054&physicalAddress=2000%20Crawford%20Place,%20Suite%20550,",2026-10-02
HSI00000824,Phoenix Childrens Hospital,system name: Phoenix Childrens Hospital | member hospital: Phoenix Childrens Hospital | address = member hospital: Phoenix Childrens Hospital,Pharmacy: Specialty Pharmacy Services,88282,"Phoenix Children's Hospital, Inc.",Phoenix Children's Hospital Outpatient Pharmacy,1919 E. Thomas Rd,Phoenix,AZ,85016,"https://organization.achc.org/print?legalCompanyName=Phoenix%20Children's%20Hospital,%20Inc.&dbaCompanyName=Phoenix%20Children's%20Hospital%20Outpatient%20Pharmacy&companyID=88282&full_address=Phoenix,%20AZ%2085016&physicalAddress=1919%20E.%20Thomas%20Rd,",2026-10-02
HSI00000969,Seattle Childrens Hospital Research and Foundation,member hospital: Seattle Childrens Hospital,Pharmacy: Specialty Pharmacy Services,98224,Seattle Children’s Hospital,Seattle Children’s Outpatient Pharmacy,"4800 Sand Point Way NE, m/s FB1.440",Seattle,WA,98105,"https://organization.achc.org/print?legalCompanyName=Seattle%20Children’s%20Hospital&dbaCompanyName=Seattle%20Children’s%20Outpatient%20Pharmacy&companyID=98224&full_address=Seattle,%20WA%2098105&physicalAddress=4800%20Sand%20Point%20Way%20NE,%20m/s%20FB1.440,",2026-10-02
HSI00000076,Baptist Health Care,system name: Baptist Health Care | member hospital: Baptist Hospital,Pharmacy: Specialty Pharmacy Services,85128,"Oncology Specialty Pharmacy, LLC",Baptist Health Specialty Pharmacy,14412 Commerce Way,Miami Lakes,FL,33016,"https://organization.achc.org/print?legalCompanyName=Oncology%20Specialty%20Pharmacy,%20LLC&dbaCompanyName=Baptist%20Health%20Specialty%20Pharmacy&companyID=85128&full_address=Miami%20Lakes,%20FL%2033016&physicalAddress=14412%20Commerce%20Way,",2026-10-02
HSI00000076,Baptist Health Care,system name: Baptist Health Care | member hospital: Baptist Hospital,Pharmacy: Infusion Pharmacy Services,88900,"Baptist Outpatient Services, Inc.",Baptist Health Infusion Care Pharmacy,14420 Commerce Way,Miami Lakes,FL,33016,"https://organization.achc.org/print?legalCompanyName=Baptist%20Outpatient%20Services,%20Inc.&dbaCompanyName=Baptist%20Health%20Infusion%20Care%20Pharmacy&companyID=88900&full_address=Miami%20Lakes,%20FL%2033016&physicalAddress=14420%20Commerce%20Way,",2026-10-02
HSI00000942,Saint Peters Healthcare System,system name: Saint Peters Healthcare System | member hospital: St. Peters University Hospital,Pharmacy: Specialty Pharmacy Services,82715,Walgreen Co,Walgreens Pharmacy at Saint Peters University Hospital,254 Easton Ave ,New Brunswick,NJ,08901,"https://organization.achc.org/print?legalCompanyName=Walgreen%20Co&dbaCompanyName=Walgreens%20Pharmacy%20at%20Saint%20Peters%20University%20Hospital&companyID=82715&full_address=New%20Brunswick,%20NJ%2008901&physicalAddress=254%20Easton%20Ave%20,",2026-10-02
HSI00000725,Nemours Childrens Health,address = member hospital: Alfred I Dupont Hosp For Children,Pharmacy: Specialty Pharmacy Services,89523,The Nemours Foundation,Outpatient Pharmacy of the Nemours Foundation,1600 Rockland Rd,Wilmington ,DE,19803,"https://organization.achc.org/print?legalCompanyName=The%20Nemours%20Foundation&dbaCompanyName=Outpatient%20Pharmacy%20of%20the%20Nemours%20Foundation&companyID=89523&full_address=Wilmington%20,%20DE%2019803&physicalAddress=1600%20Rockland%20Rd,",2026-10-02
HSI00000725,Nemours Childrens Health,system name: Nemours Childrens Health | member hospital: Nemours Childrens Hospital,Pharmacy: Specialty Pharmacy Services,95477,The Nemours Foundation,Nemours Children's Outpatient Pharmacy,6535 Nemours Parkway,Orlando,FL,32827,"https://organization.achc.org/print?legalCompanyName=The%20Nemours%20Foundation&dbaCompanyName=Nemours%20Children's%20Outpatient%20Pharmacy&companyID=95477&full_address=Orlando,%20FL%2032827&physicalAddress=6535%20Nemours%20Parkway,",2026-10-02
HSI00000553,Kootenai Health,system name: Kootenai Health,Pharmacy: Specialty Pharmacy Services,79537,Kootenai Health Inc.,Kootenai Clinic Cancer Services Pharmacy,"700 W Ironwood Dr, Ste 228",Coeur d Alene,ID,83814,"https://organization.achc.org/print?legalCompanyName=Kootenai%20Health%20Inc.&dbaCompanyName=Kootenai%20Clinic%20Cancer%20Services%20Pharmacy&companyID=79537&full_address=Coeur%20d%20Alene,%20ID%2083814&physicalAddress=700%20W%20Ironwood%20Dr,%20Ste%20228,",2026-10-02
HSI00000912,Saint Charles Health System,system name: Saint Charles Health System | member hospital: St Charles Medical Center,Pharmacy: Specialty Pharmacy Services,96535,St. Charles Specialty Pharmacy,St. Charles Specialty Pharmacy,20876 NE Triton Place,Bend,OR,97701,"https://organization.achc.org/print?legalCompanyName=St.%20Charles%20Specialty%20Pharmacy&dbaCompanyName=St.%20Charles%20Specialty%20Pharmacy&companyID=96535&full_address=Bend,%20OR%2097701&physicalAddress=20876%20NE%20Triton%20Place,",2026-10-02
HSI00000975,Shannon Health System,system name: Shannon Health System | member hospital: Shannon Medical Center,Pharmacy: Specialty Pharmacy Services,96326,Shannon Medical Center,Shannon Specialty Pharmacy,"2030 Pulliam St., Suite 16",San Angelo,TX,76905,"https://organization.achc.org/print?legalCompanyName=Shannon%20Medical%20Center&dbaCompanyName=Shannon%20Specialty%20Pharmacy&companyID=96326&full_address=San%20Angelo,%20TX%2076905&physicalAddress=2030%20Pulliam%20St.,%20Suite%2016,",2026-10-02
HSI00000214,CHOC Childrens,system name: CHOC Childrens | address = member hospital: Childrens Hospital Of Orange Count,Pharmacy: Specialty Pharmacy Services,83057,Children's Hospital of Orange County,CHOC Specialty Pharmacy Services,"1201 W. La Veta Ave., Ste B224",Orange,CA,92868,"https://organization.achc.org/print?legalCompanyName=Children's%20Hospital%20of%20Orange%20County&dbaCompanyName=CHOC%20Specialty%20Pharmacy%20Services&companyID=83057&full_address=Orange,%20CA%2092868&physicalAddress=1201%20W.%20La%20Veta%20Ave.,%20Ste%20B224,",2026-10-02
HSI00000117,Blessing Health System,system name: Blessing Health System | member hospital: Blessing Hospital,Pharmacy: Specialty Pharmacy Services,97529,Blessing Hospital,Blessing Health Specialty Pharmacy,1005 Broadway St. Room 1952-304,Quincy,IL,62301,"https://organization.achc.org/print?legalCompanyName=Blessing%20Hospital&dbaCompanyName=Blessing%20Health%20Specialty%20Pharmacy&companyID=97529&full_address=Quincy,%20IL%2062301&physicalAddress=1005%20Broadway%20St.%20Room%201952-304,",2026-10-02
HSI00001423,Pikeville Medical Center,system name: Pikeville Medical Center | member hospital: Pikeville Medical Center | address = member hospital: Pikeville Medical Center,Pharmacy: Specialty Pharmacy Services,79388,"Pikeville Medical Center, Inc.",Pikeville Medical Center Specialty Pharmacy,911 Bypass Rd Bldg E Ste 2,Pikeville,KY,41501,"https://organization.achc.org/print?legalCompanyName=Pikeville%20Medical%20Center,%20Inc.&dbaCompanyName=Pikeville%20Medical%20Center%20Specialty%20Pharmacy&companyID=79388&full_address=Pikeville,%20KY%2041501&physicalAddress=911%20Bypass%20Rd%20Bldg%20E%20Ste%202,",2026-10-02
HSI00000818,TidalHealth Peninsula Regional,system name: TidalHealth Peninsula Regional | member hospital: Tidalhealth Peninsula Regional Inc | address = member hospital: Tidalhealth Peninsula Regional Inc,Pharmacy: Specialty Pharmacy Services,97606,"TidalHealth Peninsula Regional, Inc.",TidalHealth Specialty Pharmacy,100 E. Carroll Street Suite 1435A,Salisbury,MD,21801,"https://organization.achc.org/print?legalCompanyName=TidalHealth%20Peninsula%20Regional,%20Inc.&dbaCompanyName=TidalHealth%20Specialty%20Pharmacy&companyID=97606&full_address=Salisbury,%20MD%2021801&physicalAddress=100%20E.%20Carroll%20Street%20Suite%201435A,",2026-10-02
HSI00000034,Anderson Regional Health System,system name: Anderson Regional Health System,Pharmacy: Specialty Pharmacy Services,88765,Anderson Regional Medical Center,Anderson  Pharmacy,2024 15th Street 1st floor Medical Towers,Meridian,MS,39301,"https://organization.achc.org/print?legalCompanyName=Anderson%20Regional%20Medical%20Center&dbaCompanyName=Anderson%20%20Pharmacy&companyID=88765&full_address=Meridian,%20MS%2039301&physicalAddress=2024%2015th%20Street%201st%20floor%20Medical%20Towers,",2026-10-02
HSI00000951,Samaritan Health Services,system name: Samaritan Health Services | member hospital: Good Samaritan Hospital Corvallis,Pharmacy: Specialty Pharmacy Services,87316,Good Samaritan Hospital Corvallis,Samaritan Specialty Pharmacy,"2300 NW Walnut Blvd, Lower Level",Corvallis,OR,97330,"https://organization.achc.org/print?legalCompanyName=Good%20Samaritan%20Hospital%20Corvallis&dbaCompanyName=Samaritan%20Specialty%20Pharmacy&companyID=87316&full_address=Corvallis,%20OR%2097330&physicalAddress=2300%20NW%20Walnut%20Blvd,%20Lower%20Level,",2026-10-02
HSI00000045,Archbold Medical Center,system name: Archbold Medical Center | member hospital: John D. Archbold Memorial Hospital,Pharmacy: Specialty Pharmacy Services,96609,Archbold Specialty Pharmacy,"John D.Archbold Memorial Hospital, Inc",2705 E Pinetree Blvd Ste D,ThomasVille,GA,31792,"https://organization.achc.org/print?legalCompanyName=Archbold%20Specialty%20Pharmacy&dbaCompanyName=John%20D.Archbold%20Memorial%20Hospital,%20Inc&companyID=96609&full_address=ThomasVille,%20GA%2031792&physicalAddress=2705%20E%20Pinetree%20Blvd%20Ste%20D,",2026-10-02
HSI00000045,Archbold Medical Center,system name: Archbold Medical Center | member hospital: John D. Archbold Memorial Hospital,Pharmacy: Specialty Pharmacy Services,95089,"John D. Archbold Memorial Hospital, Inc.",Archbold Pinetree Pharmacy,2705 East Pinetree Blvd Ste F,Thomasville,GA,31792,"https://organization.achc.org/print?legalCompanyName=John%20D.%20Archbold%20Memorial%20Hospital,%20Inc.&dbaCompanyName=Archbold%20Pinetree%20Pharmacy&companyID=95089&full_address=Thomasville,%20GA%2031792&physicalAddress=2705%20East%20Pinetree%20Blvd%20Ste%20F,",2026-10-02
HSI00001032,Stamford Health,system name: Stamford Health | member hospital: The Stamford Hospital,Pharmacy: Specialty Pharmacy Services,86580,Stamford Health Pharmacy,,1 Hospital Plz Ste G122,Stamford,CT,06902,"https://organization.achc.org/print?legalCompanyName=Stamford%20Health%20Pharmacy&dbaCompanyName=&companyID=86580&full_address=Stamford,%20CT%2006902&physicalAddress=1%20Hospital%20Plz%20Ste%20G122,",2026-10-02
HSI00001137,Union Health,system name: Union Health | member hospital: Union Hospital  Inc.,Pharmacy: Specialty Pharmacy Services,82812,"Union Hospital, Inc.",Union Hospital Specialty Pharmacy,1606 N. 7th Street Suite 100,Terre Haute ,IN,47804,"https://organization.achc.org/print?legalCompanyName=Union%20Hospital,%20Inc.&dbaCompanyName=Union%20Hospital%20Specialty%20Pharmacy&companyID=82812&full_address=Terre%20Haute%20,%20IN%2047804&physicalAddress=1606%20N.%207th%20Street%20Suite%20100,",2026-10-02
HSI00000391,Genesis Healthcare System,system name: Genesis Healthcare System | member hospital: Genesis Healthcare System,Pharmacy: Specialty Pharmacy Services,78604,"Genesis Specialty Pharmacy, LLC",Genesis Specialty Pharmacy,721 Taylor St Suite B,Zanesville,OH,43701,"https://organization.achc.org/print?legalCompanyName=Genesis%20Specialty%20Pharmacy,%20LLC&dbaCompanyName=Genesis%20Specialty%20Pharmacy&companyID=78604&full_address=Zanesville,%20OH%2043701&physicalAddress=721%20Taylor%20St%20Suite%20B,",2026-10-02
HSI00000671,Meritus Health,system name: Meritus Health | member hospital: Meritus Medical Center,Pharmacy: Specialty Pharmacy Services,96561,Meritus Health Specialty Pharmacy,,"11110 Medical Campus Road, Suite 105",Hagerstown,MD,21742,"https://organization.achc.org/print?legalCompanyName=Meritus%20Health%20Specialty%20Pharmacy&dbaCompanyName=&companyID=96561&full_address=Hagerstown,%20MD%2021742&physicalAddress=11110%20Medical%20Campus%20Road,%20Suite%20105,",2026-10-02
HSI00000109,Berkshire Health Systems,system name: Berkshire Health Systems | member hospital: Berkshire Medical Center,Pharmacy: Specialty Pharmacy Services,74142,Berkshire Medical Center Inc.,Berkshire Community Pharmacy,725 North Street,Pittsfield,MA,01201,"https://organization.achc.org/print?legalCompanyName=Berkshire%20Medical%20Center%20Inc.&dbaCompanyName=Berkshire%20Community%20Pharmacy&companyID=74142&full_address=Pittsfield,%20MA%2001201&physicalAddress=725%20North%20Street,",2026-10-02
HSI00000345,Enloe Medical Center,system name: Enloe Medical Center | member hospital: Enloe Medical Center,Pharmacy: Specialty Pharmacy Services,88615,Enloe Medical Center,Enloe Health Specialty Pharmacy,"2390 E 20th St, Suite 1F60",Chico,CA,95928,"https://organization.achc.org/print?legalCompanyName=Enloe%20Medical%20Center&dbaCompanyName=Enloe%20Health%20Specialty%20Pharmacy&companyID=88615&full_address=Chico,%20CA%2095928&physicalAddress=2390%20E%2020th%20St,%20Suite%201F60,",2026-10-02
HSI00001533,Riverside Healthcare,system name: Riverside Healthcare | member hospital: Riverside Medical Center,Pharmacy: Specialty Pharmacy Services,94053,Riverside Medical Center,Riverside Specialty Pharmacy,100 Fitness Drive,Bourbonnais,IL,60914,"https://organization.achc.org/print?legalCompanyName=Riverside%20Medical%20Center&dbaCompanyName=Riverside%20Specialty%20Pharmacy&companyID=94053&full_address=Bourbonnais,%20IL%2060914&physicalAddress=100%20Fitness%20Drive,",2026-10-02
HSI00001533,Riverside Healthcare,system name: Riverside Healthcare | member hospital: Riverside Medical Center | address = member hospital: Riverside Medical Center,Pharmacy: Infusion Pharmacy Services,53230,Riverside Medical Center,Riverside Home Infusion,350 N Wall St,Kankakee,IL,60901,"https://organization.achc.org/print?legalCompanyName=Riverside%20Medical%20Center&dbaCompanyName=Riverside%20Home%20Infusion&companyID=53230&full_address=Kankakee,%20IL%2060901&physicalAddress=350%20N%20Wall%20St,",2026-10-02
HSI00001143,United Regional Health Care System,system name: United Regional Health Care System | member hospital: United Regional Health Care System,Pharmacy: Specialty Pharmacy Services,89514,David P Ellent PLLC,BVA United Pharmacy,8845 Six Pines Dr Ste 201,Shenandoah,TX,77380,"https://organization.achc.org/print?legalCompanyName=David%20P%20Ellent%20PLLC&dbaCompanyName=BVA%20United%20Pharmacy&companyID=89514&full_address=Shenandoah,%20TX%2077380&physicalAddress=8845%20Six%20Pines%20Dr%20Ste%20201,",2026-10-02
HSI00001407,The Brooklyn Hospital Center,system name: The Brooklyn Hospital Center | member hospital: The Brooklyn Hospital Center,Pharmacy: Specialty Pharmacy Services,77323,Hematology Oncology Associates of Brooklyn,HOAB Medication Services,"1660 East 14 Street, suite 401",Brooklyn,NY,11229,"https://organization.achc.org/print?legalCompanyName=Hematology%20Oncology%20Associates%20of%20Brooklyn&dbaCompanyName=HOAB%20Medication%20Services&companyID=77323&full_address=Brooklyn,%20NY%2011229&physicalAddress=1660%20East%2014%20Street,%20suite%20401,",2026-10-02
HSI00001407,The Brooklyn Hospital Center,system name: The Brooklyn Hospital Center | member hospital: The Brooklyn Hospital Center | address = member hospital: The Brooklyn Hospital Center,Pharmacy: Specialty Pharmacy Services,94305,The Brooklyn Hospital Center,,121 DeKalb Avenue,Brooklyn,NY,11201,"https://organization.achc.org/print?legalCompanyName=The%20Brooklyn%20Hospital%20Center&dbaCompanyName=&companyID=94305&full_address=Brooklyn,%20NY%2011201&physicalAddress=121%20DeKalb%20Avenue,",2026-10-02
HSI00001238,Washington Health System,system name: Washington Health System | member hospital: The Washington Hospital,Pharmacy: Specialty Pharmacy Services,87133,The Prescription Center-South Washington Inc,The Prescription Center-Cherry Street,329 Cherry Street Ste 1A,Scranton,PA,18505,"https://organization.achc.org/print?legalCompanyName=The%20Prescription%20Center-South%20Washington%20Inc&dbaCompanyName=The%20Prescription%20Center-Cherry%20Street&companyID=87133&full_address=Scranton,%20PA%2018505&physicalAddress=329%20Cherry%20Street%20Ste%201A,",2026-10-02
HSI00000564,Lake Charles Memorial Health System,system name: Lake Charles Memorial Health System | member hospital: Lake Charles Memorial Hospital,Pharmacy: Specialty Pharmacy Services,87337,Southwest Louisiana Hospital Association,Lake Charles Memorial Specialty Pharmacy,"2770 3rd Avenue, Suite 140",Lake Charles,LA,70601,"https://organization.achc.org/print?legalCompanyName=Southwest%20Louisiana%20Hospital%20Association&dbaCompanyName=	Lake%20Charles%20Memorial%20Specialty%20Pharmacy&companyID=87337&full_address=Lake%20Charles,%20LA%2070601&physicalAddress=2770%203rd%20Avenue,%20Suite%20140,",2026-10-02
HSI00000581,Licking Memorial Health Systems,system name: Licking Memorial Health Systems | member hospital: Licking Memorial Hospital,Pharmacy: Specialty Pharmacy Services,91509,Licking Memorial Hospital,LMH Specialty Pharmacy,"1272 West Main St, Suite 401",Newark,OH,43055,"https://organization.achc.org/print?legalCompanyName=Licking%20Memorial%20Hospital&dbaCompanyName=LMH%20Specialty%20Pharmacy&companyID=91509&full_address=Newark,%20OH%2043055&physicalAddress=1272%20West%20Main%20St,%20Suite%20401,",2026-10-02
HSI00000488,Holy Redeemer Health System,system name: Holy Redeemer Health System | member hospital: Holy Redeemer Hospital | address = member hospital: Holy Redeemer Hospital,Pharmacy: Specialty Pharmacy Services,99188,Holy Redeemer Health System,EasyRx at Holy Redeemer,"1648 Huntingdon Pike, Room 0255",Meadowbrook,PA,19046,"https://organization.achc.org/print?legalCompanyName=Holy%20Redeemer%20Health%20System&dbaCompanyName=EasyRx%20at%20Holy%20Redeemer&companyID=99188&full_address=Meadowbrook,%20PA%2019046&physicalAddress=1648%20Huntingdon%20Pike,%20Room%200255,",2026-10-02
HSI00000488,Holy Redeemer Health System,system name: Holy Redeemer Health System | member hospital: Holy Redeemer Hospital,Home Infusion Therapy,93563,Holy Redeemer Health System (Deemed),Holy Redeemer Home Care PA,12265 Townsend Road,Philadelphia,PA,19154,"https://organization.achc.org/print?legalCompanyName=Holy%20Redeemer%20Health%20System%20(Deemed)&dbaCompanyName=Holy%20Redeemer%20Home%20Care%20PA&companyID=93563&full_address=Philadelphia,%20PA%2019154&physicalAddress=12265%20Townsend%20Road,",2026-10-02
HSI00000948,Salina Regional Health Center,system name: Salina Regional Health Center | member hospital: Salina Regional Health Center,Pharmacy: Specialty Pharmacy Services,88881,Salina Regional Health Center,Salina Regional Hematology Oncology,511 S. Santa Fe Street,Salina,KS,67401,"https://organization.achc.org/print?legalCompanyName=Salina%20Regional%20Health%20Center&dbaCompanyName=Salina%20Regional%20Hematology%20Oncology&companyID=88881&full_address=Salina,%20KS%2067401&physicalAddress=511%20S.%20Santa%20Fe%20Street,",2026-10-02
HSI00000755,Northbay Healthcare,system name: Northbay Healthcare | member hospital: Northbay Health Care Group | member hospital: Northbay Hospital Group,Pharmacy: Specialty Pharmacy Services,77672,NorthBay HealthCare Group,NorthBay Specialty Pharmacy,1020 Nut Tree Road,Vacaville,CA,95687,"https://organization.achc.org/print?legalCompanyName=NorthBay%20HealthCare%20Group&dbaCompanyName=NorthBay%20Specialty%20Pharmacy&companyID=77672&full_address=Vacaville,%20CA%2095687&physicalAddress=1020%20Nut%20Tree%20Road,",2026-10-02
HSI00000215,Childrens Hospital of the Kings Daughters Health System,address = member hospital: Childrens Hospital Of The Kings Da,Pharmacy: Specialty Pharmacy Services,96919,"Children’s Pharmacy Services, LLC",CHKD Outpatient Pharmacy,"601 Children’s Lane, Suite 101",Norfolk,VA,23507,"https://organization.achc.org/print?legalCompanyName=Children’s%20Pharmacy%20Services,%20LLC&dbaCompanyName=CHKD%20Outpatient%20Pharmacy&companyID=96919&full_address=Norfolk,%20VA%2023507&physicalAddress=601%20Children’s%20Lane,%20Suite%20101,",2026-10-02
HSI00000867,Redlands Community Hospital,system name: Redlands Community Hospital | member hospital: Redlands Community Hospital,Pharmacy: Specialty Pharmacy Services,73389,Brothers Healthcare Inc.,Beemans Redlands Pharmacy,"11705 Slate Ave, suite #250",Riverside,CA,92505,"https://organization.achc.org/print?legalCompanyName=Brothers%20Healthcare%20Inc.&dbaCompanyName=Beemans%20Redlands%20Pharmacy&companyID=73389&full_address=Riverside,%20CA%2092505&physicalAddress=11705%20Slate%20Ave,%20suite%20#250,",2026-10-02
HSI00000867,Redlands Community Hospital,system name: Redlands Community Hospital | member hospital: Redlands Community Hospital,Pharmacy: Specialty Pharmacy Services,75899,CVS Health,"CVS Specialty - Redlands, CA","1127 Bryn Mawr Ave. , Suite A",Redlands,CA,92374,"https://organization.achc.org/print?legalCompanyName=CVS%20Health&dbaCompanyName=CVS%20Specialty%20-%20Redlands,%20CA&companyID=75899&full_address=Redlands,%20CA%2092374&physicalAddress=1127%20Bryn%20Mawr%20Ave.%20,%20Suite%20A",2026-10-02
HSI00001481,Southern Ohio Medical Center,system name: Southern Ohio Medical Center | member hospital: Southern Ohio Medical Center,Pharmacy: Specialty Pharmacy Services,79129,Southern Ohio Medical Center,,8770 Ohio River Road,Wheelersburg,OH,45694,"https://organization.achc.org/print?legalCompanyName=Southern%20Ohio%20Medical%20Center&dbaCompanyName=&companyID=79129&full_address=Wheelersburg,%20OH%2045694&physicalAddress=8770%20Ohio%20River%20Road,",2026-10-02
HSI00001319,Holland Hospital,system name: Holland Hospital | member hospital: Holland Hospital,Pharmacy: Specialty Pharmacy Services,79416,Cancer and Hematology Centers of Western Michigan PC,CHCWM Holland,12460 Riley St,Holland,MI,49424,"https://organization.achc.org/print?legalCompanyName=Cancer%20and%20Hematology%20Centers%20of%20Western%20Michigan%20PC&dbaCompanyName=CHCWM%20Holland&companyID=79416&full_address=Holland,%20MI%2049424&physicalAddress=12460%20Riley%20St,",2026-10-02
HSI00001319,Holland Hospital,system name: Holland Hospital | member hospital: Holland Hospital | address = member hospital: Holland Hospital,Pharmacy: Specialty Pharmacy Services,95828,Holland Community Hospital,Holland Hospital Pharmacy Services,602 Michigan Avenue,Holland,MI,49423,"https://organization.achc.org/print?legalCompanyName=Holland%20Community%20Hospital&dbaCompanyName=Holland%20Hospital%20Pharmacy%20Services&companyID=95828&full_address=Holland,%20MI%2049423&physicalAddress=602%20Michigan%20Avenue,",2026-10-02
HSI00000683,Middlesex Health System,system name: Middlesex Health System | member hospital: Middlesex Hospital,Pharmacy: Specialty Pharmacy Services,98544,Middlesex Hospital,Middlesex Hospital Specialty Pharmacy,"536 Saybrook Rd, Lower Level",Middletown,CT,06457,"https://organization.achc.org/print?legalCompanyName=Middlesex%20Hospital&dbaCompanyName=Middlesex%20Hospital%20Specialty%20Pharmacy&companyID=98544&full_address=Middletown,%20CT%2006457&physicalAddress=536%20Saybrook%20Rd,%20Lower%20Level,",2026-10-02
HSI00000213,Childrens Hospital and Medical Center,system name: Childrens Hospital and Medical Center | member hospital: Childrens Hospital & Medical Center,Pharmacy: Specialty Pharmacy Services,88946,Children's Hospital & Medical Center,Childrens Home Healthcare,3000 S 84th Street,Omaha,NE,68124,"https://organization.achc.org/print?legalCompanyName=Children's%20Hospital%20&%20Medical%20Center&dbaCompanyName=Childrens%20Home%20Healthcare&companyID=88946&full_address=Omaha,%20NE%2068124&physicalAddress=3000%20S%2084th%20Street,",2026-10-02
HSI00000502,Hunterdon Healthcare System,system name: Hunterdon Healthcare System | member hospital: Hunterdon Medical Center,Pharmacy: Specialty Pharmacy Services,71467,Hunterdon Hematology Oncology,,2100 Wescott Drive,Flemington,NJ,08822,"https://organization.achc.org/print?legalCompanyName=Hunterdon%20Hematology%20Oncology&dbaCompanyName=&companyID=71467&full_address=Flemington,%20NJ%2008822&physicalAddress=2100%20Wescott%20Drive,",2026-10-02
HSI00000302,Dayton Childrens,system name: Dayton Childrens | member hospital: Dayton Childrens Hospital,Pharmacy: Specialty Pharmacy Services,80136,Dayton Children's Hospital,Dayton Children's Specialty Pharmacy,1 Children's Plz,Dayton,OH,45404,"https://organization.achc.org/print?legalCompanyName=Dayton%20Children's%20Hospital&dbaCompanyName=Dayton%20Children's%20Specialty%20Pharmacy&companyID=80136&full_address=Dayton,%20OH%2045404&physicalAddress=1%20Children's%20Plz,",2026-10-02
HSI00000984,Signature Healthcare,system name: Signature Healthcare,Pharmacy: Specialty Pharmacy Services,97436,Signature Healthcare Pharmacy,,110 Liberty St,Brockton,MA,02301,"https://organization.achc.org/print?legalCompanyName=Signature%20Healthcare%20Pharmacy&dbaCompanyName=&companyID=97436&full_address=Brockton,%20MA%2002301&physicalAddress=110%20Liberty%20St,",2026-10-02
HSI00000663,Mercy Medical Center,system name: Mercy Medical Center | member hospital: Mercy Medical Center,Pharmacy: Specialty Pharmacy Services,96433,"Mercy Medical Center, Inc",Mercy Medical Center Outpatient Pharmacy,227 Saint Paul Place,Baltimore,MD,21202,"https://organization.achc.org/print?legalCompanyName=Mercy%20Medical%20Center,%20Inc&dbaCompanyName=Mercy%20Medical%20Center%20Outpatient%20Pharmacy&companyID=96433&full_address=Baltimore,%20MD%2021202&physicalAddress=227%20Saint%20Paul%20Place,",2026-10-02
HSI00000490,Holzer Health System,system name: Holzer Health System | member hospital: Holzer,Pharmacy: Specialty Pharmacy Services,86724,Holzer Hospital Foundation,Holzer Specialty Pharmacy,448 Jackson Pike,Gallipolis,OH,45631,"https://organization.achc.org/print?legalCompanyName=Holzer%20Hospital%20Foundation&dbaCompanyName=Holzer%20Specialty%20Pharmacy&companyID=86724&full_address=Gallipolis,%20OH%2045631&physicalAddress=448%20Jackson%20Pike,",2026-10-02
HSI00000271,Conway Medical Center,system name: Conway Medical Center | member hospital: Conway Hospital | address = member hospital: Conway Hospital,Pharmacy: Specialty Pharmacy Services,97624,"Conway Hospital, Inc",Conway Specialty Pharmacy,300 Singleton Ridge Road Unit 104,Conway,SC,29526,"https://organization.achc.org/print?legalCompanyName=Conway%20Hospital,%20Inc&dbaCompanyName=Conway%20Specialty%20Pharmacy&companyID=97624&full_address=Conway,%20SC%2029526&physicalAddress=300%20Singleton%20Ridge%20Road%20Unit%20104,",2026-10-02
HSI00000347,Episcopal Health Services,system name: Episcopal Health Services | member hospital: Episcopal Health Services,Pharmacy: Specialty Pharmacy Services,86823,Episcopal Health Services Inc.,St. John's Pharmacy,"327 Beach 19th Street, Lobby",Far Rockaway,NY,11691,"https://organization.achc.org/print?legalCompanyName=Episcopal%20Health%20Services%20Inc.&dbaCompanyName=St.%20John's%20Pharmacy&companyID=86823&full_address=Far%20Rockaway,%20NY%2011691&physicalAddress=327%20Beach%2019th%20Street,%20Lobby,",2026-10-02
HSI00000871,Regional West Health Services,system name: Regional West Health Services | member hospital: Regional West Medical Center,Pharmacy: Specialty Pharmacy Services,70337,"Oncology Hematology West, PC",NCS Outpatient Pharmacy,"17201 Wright Street, Suite 204",Omaha,NE,68130,"https://organization.achc.org/print?legalCompanyName=Oncology%20Hematology%20West,%20PC&dbaCompanyName=NCS%20Outpatient%20Pharmacy&companyID=70337&full_address=Omaha,%20NE%2068130&physicalAddress=17201%20Wright%20Street,%20Suite%20204,",2026-10-02
HSI00000300,Davis Health System,system name: Davis Health System | member hospital: Davis Memorial Hospital | address = member hospital: Davis Memorial Hospital,Pharmacy: Specialty Pharmacy Services,97975,Davis Memorial Hospital,Health Center Pharmacy,812 Gorman Ave,Elkins,WV,26241,"https://organization.achc.org/print?legalCompanyName=Davis%20Memorial%20Hospital&dbaCompanyName=Health%20Center%20Pharmacy&companyID=97975&full_address=Elkins,%20WV%2026241&physicalAddress=812%20Gorman%20Ave,",2026-10-02
HSI00000189,Cayuga Medical Center,system name: Cayuga Medical Center | member hospital: Cayuga Medical Center At Ithaca,Pharmacy: Specialty Pharmacy Services,99100,Cayuga Medical Center at Ithaca,,"201 Dates Drive, Suite 109",Ithaca,NY,14850,"https://organization.achc.org/print?legalCompanyName=Cayuga%20Medical%20Center%20at%20Ithaca&dbaCompanyName=&companyID=99100&full_address=Ithaca,%20NY%2014850&physicalAddress=201%20Dates%20Drive,%20Suite%20109,",2026-10-02
HSI00001529,Ozarks Healthcare,system name: Ozarks Healthcare | member hospital: Ozarks Medical Center,Pharmacy: Specialty Pharmacy Services,98930,AIDS Project of the Ozarks,APO Pharmacy,1636 S. Glenstone Ave. Suite 108,Springfield ,MO,65804,"https://organization.achc.org/print?legalCompanyName=AIDS%20Project%20of%20the%20Ozarks&dbaCompanyName=APO%20Pharmacy&companyID=98930&full_address=Springfield%20,%20MO%2065804&physicalAddress=1636%20S.%20Glenstone%20Ave.%20Suite%20108,",2026-10-02
HSI00001529,Ozarks Healthcare,system name: Ozarks Healthcare | member hospital: Ozarks Medical Center,Pharmacy: Specialty Pharmacy Services,62687,"Coxs HPS of the Ozarks, Inc.",CoxHealth at Home,2240 W. Sunset Suite 104,Springfield,MO,65807,"https://organization.achc.org/print?legalCompanyName=Coxs%20HPS%20of%20the%20Ozarks,%20Inc.&dbaCompanyName=CoxHealth%20at%20Home&companyID=62687&full_address=Springfield,%20MO%2065807&physicalAddress=2240%20W.%20Sunset%20Suite%20104,",2026-10-02
HSI00001529,Ozarks Healthcare,system name: Ozarks Healthcare | member hospital: Ozarks Medical Center,Pharmacy: Specialty Pharmacy Services,88448,Ozarks Medical Center,Ozarks Healthcare Specialty Pharmacy,18 Parkway Shopping Center,West Plains,MO,65775,"https://organization.achc.org/print?legalCompanyName=Ozarks%20Medical%20Center&dbaCompanyName=Ozarks%20Healthcare%20Specialty%20Pharmacy&companyID=88448&full_address=West%20Plains,%20MO%2065775&physicalAddress=18%20Parkway%20Shopping%20Center,",2026-10-02
HSI00001529,Ozarks Healthcare,system name: Ozarks Healthcare | member hospital: Ozarks Medical Center,Pharmacy: Infusion Pharmacy Services,62687,"Coxs HPS of the Ozarks, Inc.",CoxHealth at Home,2240 W. Sunset Suite 104,Springfield,MO,65807,"https://organization.achc.org/print?legalCompanyName=Coxs%20HPS%20of%20the%20Ozarks,%20Inc.&dbaCompanyName=CoxHealth%20at%20Home&companyID=62687&full_address=Springfield,%20MO%2065807&physicalAddress=2240%20W.%20Sunset%20Suite%20104,",2026-10-02
HSI00000694,Missouri Delta Medical Center,system name: Missouri Delta Medical Center | member hospital: Missouri Delta Medical Center | address = member hospital: Missouri Delta Medical Center,Pharmacy: Specialty Pharmacy Services,97447,Missouri Delta Medical Center,Missouri Delta Medical Center Pharmacy,1008 N Main St,Sikeston,MO,63801,"https://organization.achc.org/print?legalCompanyName=Missouri%20Delta%20Medical%20Center&dbaCompanyName=Missouri%20Delta%20Medical%20Center%20Pharmacy&companyID=97447&full_address=Sikeston,%20MO%2063801&physicalAddress=1008%20N%20Main%20St,",2026-10-02
HSI00000994,Sky Lakes Medical Center,system name: Sky Lakes Medical Center | member hospital: Sky Lakes Medical Center | address = member hospital: Sky Lakes Medical Center,Pharmacy: Specialty Pharmacy Services,95378,Sky Lakes Medical Center Inc,Sky Lakes Specialty Pharmacy,"2865 Daggett Ave., Suite B",Klamath Falls,OR,97601,"https://organization.achc.org/print?legalCompanyName=Sky%20Lakes%20Medical%20Center%20Inc&dbaCompanyName=Sky%20Lakes%20Specialty%20Pharmacy&companyID=95378&full_address=Klamath%20Falls,%20OR%2097601&physicalAddress=2865%20Daggett%20Ave.,%20Suite%20B,",2026-10-02
HSI00000071,BMH,system name: BMH | address = member hospital: Bingham Memorial Hospital,Pharmacy: Specialty Pharmacy Services,99748,"BMH, Inc.",Bingham Memorial Hospital,98 Poplar St.,Blackfoot,ID,83221,"https://organization.achc.org/print?legalCompanyName=BMH,%20Inc.&dbaCompanyName=Bingham%20Memorial%20Hospital&companyID=99748&full_address=Blackfoot,%20ID%2083221&physicalAddress=98%20Poplar%20St.,",2026-10-02
HSI00001176,University of Miami Health System,system name: University of Miami Health System | member hospital: University Of Miami Hospital,Pharmacy: Specialty Pharmacy Services,78818,Public Health Trust of Miami Dade County Florida,Jackson Pharmacy Solutions,901 NW 17 St Unit D,Miami,FL,33136,"https://organization.achc.org/print?legalCompanyName=Public%20Health%20Trust%20of%20Miami%20Dade%20County%20Florida&dbaCompanyName=Jackson%20Pharmacy%20Solutions&companyID=78818&full_address=Miami,%20FL%2033136&physicalAddress=901%20NW%2017%20St%20Unit%20D,",2026-10-02
HSI00001176,University of Miami Health System,system name: University of Miami Health System | member hospital: University Of Miami Hospital,Pharmacy: Specialty Pharmacy Services,65630,South Miami Pharmacy II,SMP Pharmacy Solutions #2,"7500 NW 26th, Suite 102",Miami,FL,33122,"https://organization.achc.org/print?legalCompanyName=South%20Miami%20Pharmacy%20II&dbaCompanyName=SMP%20Pharmacy%20Solutions%20#2&companyID=65630&full_address=Miami,%20FL%2033122&physicalAddress=7500%20NW%2026th,%20Suite%20102",2026-10-02
HSI00001176,University of Miami Health System,system name: University of Miami Health System | member hospital: University Of Miami Hospital,Pharmacy: Specialty Pharmacy Services,78780,University Of Miami,U Health Specialty Pharmacy,9675 NW 117TH Ave Suite 310-B,Medley,FL,33178,"https://organization.achc.org/print?legalCompanyName=University%20Of%20Miami&dbaCompanyName=U%20Health%20Specialty%20Pharmacy&companyID=78780&full_address=Medley,%20FL%2033178&physicalAddress=9675%20NW%20117TH%20Ave%20Suite%20310-B,",2026-10-02
HSI00001176,University of Miami Health System,system name: University of Miami Health System | member hospital: University Of Miami Hospital,Pharmacy: Infusion Pharmacy Services,94666,Public Health Trust of Miami-Dade County,Jackson Health System Infusion Services,"1611 NW 12th AVE, Suite T-277",Miami,FL,33136,"https://organization.achc.org/print?legalCompanyName=Public%20Health%20Trust%20of%20Miami-Dade%20County&dbaCompanyName=Jackson%20Health%20System%20Infusion%20Services&companyID=94666&full_address=Miami,%20FL%2033136&physicalAddress=1611%20NW%2012th%20AVE,%20Suite%20T-277,",2026-10-02
HSI00000327,East Tennessee Childrens Hospital Association,system name: East Tennessee Childrens Hospital Association | member hospital: East Tennessee Childrens Hospital | address = member hospital: East Tennessee Childrens Hospital,Pharmacy: Specialty Pharmacy Services,96555,"East Tennessee Children's Hospital Association, Inc.",East Tennessee Children's Hospital Specialty Pharmacy,2018 Clinch Ave,Knoxville,TN,37916,"https://organization.achc.org/print?legalCompanyName=East%20Tennessee%20Children's%20Hospital%20Association,%20Inc.&dbaCompanyName=East%20Tennessee%20Children's%20Hospital%20Specialty%20Pharmacy&companyID=96555&full_address=Knoxville,%20TN%2037916&physicalAddress=2018%20Clinch%20Ave,",2026-10-02
