system_id,system_name,match_basis,urac_cert,program,status,organization,street,city,state,zip5,effective_date,expiration_date,evidence_url,evidence_as_of
HSI00001427,CommonSpirit Health,system name: CommonSpirit Health,SPP010124,Specialty Pharmacy,Full Accreditation,"CommonSpirit Mountain Region, a Colorado corporation, on behalf of its pharmacy, CommonSpirit Pharmacy – Mountain Region",2551 W 84th Avenue,Westminster,CO,80031,2024-01-01,2027-01-01,https://www.urac.org/directory/accreditation-details/?certification=SPP010124,2026-09-23
HSI00001427,CommonSpirit Health,member hospital: Good Samaritan Hospital,SPP010543,Specialty Pharmacy,Full Accreditation,Good Samaritan Hospital Corvallis d/b/a Samaritan Specialty Pharmacy,3521 NW Samaritan Drive Suite 202,Corvallis,OR,97330,2026-01-01,2029-01-01,https://www.urac.org/directory/accreditation-details/?certification=SPP010543,2026-09-23
HSI00000055,Ascension Health,system name: Ascension Health,SPP010608,Specialty Pharmacy,Full Accreditation,"Ascension Pharmacy Services , LLC dba Ascension Rx 1001",7701 Metropolis Suite 200B,Austin,TX,78744,2026-03-01,2029-03-01,https://www.urac.org/directory/accreditation-details/?certification=SPP010608,2026-09-23
HSI00000055,Ascension Health,system name: Ascension Health,SPP010389,Specialty Pharmacy,Full Accreditation,"Ascension Pharmacy Services, LLC d/b/a Ascension Rx 1303",300055 Northwestern Hwy. Suite 225,Farmington Hills,MI,48334,2025-04-01,2028-03-01,https://www.urac.org/directory/accreditation-details/?certification=SPP010389,2026-09-23
HSI00001106,Trinity Health,address = member hospital: Genesis Medical Center - Davenport,SPP010451,Specialty Pharmacy,Full Accreditation,"GenVentures, Inc d/b/a MercyOne on behalf of its pharmacy MercyOne Genesis FirstMed Specialty Pharmacy",1227 East Rusholme Street,Davenport,IA,52803,2025-07-01,2028-07-01,https://www.urac.org/directory/accreditation-details/?certification=SPP010451,2026-09-23
HSI00001106,Trinity Health,system name: Trinity Health,SPP010700,Specialty Pharmacy,Full Accreditation,"Hackley Professional Pharmacy, Inc.d/b/a Trinity Health Pharmacy - Hackley","1675 Leahy Street , Suite 111",Muskegon,MI,49442,2026-08-01,2029-08-01,https://www.urac.org/directory/accreditation-details/?certification=SPP010700,2026-09-23
HSI00001106,Trinity Health,address = member hospital: Ronald Mcdonald Childrens Hospital Of Loyola University Medical Center,SPP010572,Specialty Pharmacy,Full Accreditation,Loyola University Medical Center on behalf of its pharmacy Loyola University Medical Center dba Loyola Outpatient Center,"2160 S 1st Ave, Building 150 Room 1600",Maywood,IL,60153,2026-02-01,2029-02-01,https://www.urac.org/directory/accreditation-details/?certification=SPP010572,2026-09-23
HSI00001106,Trinity Health,member hospital: Jackson County Public Hospital,SPP010056,Specialty Pharmacy,Full Accreditation,"Public Health Trust of Miami-Dade County, Florida on behalf of its Pharmacy, Jackson Pharmacy Solutions","901 NW 17th Street, , Suite O",Miami,FL,33136,2023-10-01,2026-10-01,https://www.urac.org/directory/accreditation-details/?certification=SPP010056,2026-09-23
HSI00001106,Trinity Health,system name: Trinity Health,SPP010175,Specialty Pharmacy,Full Accreditation,"Trinity Health Pharmacy Services, LLC",12279 Bluffton Road,Fort Wayne,IN,46809,2024-03-01,2027-03-01,https://www.urac.org/directory/accreditation-details/?certification=SPP010175,2026-09-23
HSI00001106,Trinity Health,system name: Trinity Health | member hospital: Trinity Health Grand Rapids,SPP010181,Specialty Pharmacy,Full Accreditation,Trinity Health-Michigan d/b/a Trinity Health Pharmacy Solutions - Grand Rapids,360 Division Avenue South Suite 1E,Grand Rapids,MI,49503,2024-03-01,2027-03-01,https://www.urac.org/directory/accreditation-details/?certification=SPP010181,2026-09-23
HSI00000852,Providence,address = member hospital: Swedish Medical Center,SPP010211,Specialty Pharmacy,Full Accreditation,Swedish Health Services,747 Broadway,Seattle,WA,98122,2024-05-01,2027-05-01,https://www.urac.org/directory/accreditation-details/?certification=SPP010211,2026-09-23
HSI00000010,AdventHealth,system name: AdventHealth | member hospital: Adventhealth Orlando,SPP010556,Specialty Pharmacy,Full Accreditation,"Adventist Health System/Sunbelt, Inc. dba AdventHealth Orlando on behalf of AdventHealth Outpatient Pharmacy Orlando","2501 N Orange Ave, Suite 122",Orlando,FL,32804,2026-01-01,2029-01-01,https://www.urac.org/directory/accreditation-details/?certification=SPP010556,2026-09-23
HSI00000010,AdventHealth,system name: AdventHealth,SPP010646,Specialty Pharmacy,Full Accreditation,"Florida Hospital Home Infusion, LLP on behalf of Advent Health Home Infusion Central Florida and Adventhealth Home Infusion West Florida","556 Florida Central Parkway, Suite 1044",Longwood,FL,32750,2026-05-01,2029-05-01,https://www.urac.org/directory/accreditation-details/?certification=SPP010646,2026-09-23
HSI00000767,Northwell Health,member hospital: North Shore University Hospital | address = member hospital: North Shore University Hospital,SPP010583,Specialty Pharmacy,Full Accreditation,North Shore University Hospital d/b/a Vivo Health Pharmacy at Manhasset,300 Community Dr,Manhasset,NY,11030,2026-02-01,2029-02-01,https://www.urac.org/directory/accreditation-details/?certification=SPP010583,2026-09-23
HSI00000073,Banner Health,system name: Banner Health,SPP010517,Specialty Pharmacy,Full Accreditation,"Banner Pharmacy Services, LLC",7300 W Detroit St,Chandler,AZ,85226,2025-11-01,2028-11-01,https://www.urac.org/directory/accreditation-details/?certification=SPP010517,2026-09-23
HSI00001078,Cleveland Clinic,system name: Cleveland Clinic | member hospital: Cleveland Clinic Hospital,SPP010465,Specialty Pharmacy,Full Accreditation,The Cleveland Clinic Foundation d/b/a Cleveland Clinic Specialty / Home Delivery Pharmacy,3175 Science Park Dr. AC4-b100,Beachwood,OH,44122,2025-08-01,2028-08-01,https://www.urac.org/directory/accreditation-details/?certification=SPP010465,2026-09-23
HSI00000660,Mercy,system name: Mercy | member hospital: Mercy Medical Center,SPP010150,Specialty Pharmacy,Full Accreditation,"Mercy Pharmacy Services, LLC",14528 South Outer Forty Suite 100,Chesterfield,MO,63017,2024-02-24,2026-12-01,https://www.urac.org/directory/accreditation-details/?certification=SPP010150,2026-09-23
HSI00000660,Mercy,system name: Mercy | member hospital: Mercy Medical Center,SPP010551,Specialty Pharmacy,Full Accreditation,The Children's Mercy Hospital on behalf of its pharmacy Children's Mercy Riverside Pharmacy,700 NW Argosy Parkway Suite 150,Riverside,MO,64150,2026-01-01,2029-01-01,https://www.urac.org/directory/accreditation-details/?certification=SPP010551,2026-09-23
HSI00000902,SSM Health,system name: SSM Health,SPP010192,Specialty Pharmacy,Full Accreditation,"Dean Retail Services, Inc. d/b/a SSM Health Pharmacy",1808 West Beltline Highway,Madison,WI,53713,2024-04-01,2027-04-01,https://www.urac.org/directory/accreditation-details/?certification=SPP010192,2026-09-23
HSI00000863,RWJBarnabas Health,system name: RWJBarnabas Health,SPP010471,Specialty Pharmacy,Full Accreditation,"Livingston Infusion Care, Inc., dba RWJBarnabas Health Infusion and Specialty Pharmacy",603 Montrose Avenue,South Plainfield,NJ,07080,2025-09-01,2028-09-01,https://www.urac.org/directory/accreditation-details/?certification=SPP010471,2026-09-23
HSI00000096,Baylor Scott and White Health,system name: Baylor Scott and White Health | member hospital: Scott And White Memorial Hospital,SPP010255,Specialty Pharmacy,Full Accreditation,"Baylor Scott & White Health Enterprises, Inc. d/b/a Baylor Scott & White Specialty Pharmacy and Baylor Scott & White Pharmacy #201,","425 University Blvd., Suite 165",Round Rock,TX,78665,2024-07-01,2027-07-01,https://www.urac.org/directory/accreditation-details/?certification=SPP010255,2026-09-23
HSI00000826,Piedmont Healthcare,system name: Piedmont Healthcare | member hospital: Piedmont Hospital Inc.,SPP010448,Specialty Pharmacy,Full Accreditation,"Piedmont Direct Pharmacy, LLC",190 Ben Burton Circle,Bogart,GA,30622,2025-08-01,2028-08-01,https://www.urac.org/directory/accreditation-details/?certification=SPP010448,2026-09-23
HSI00000654,Memorial Hermann Healthcare System,system name: Memorial Hermann Healthcare System,SPP010147,Specialty Pharmacy,Full Accreditation,Memorial Hermann Pharmacy Services,"21501 Park Row Drive, Suite 200",Katy,TX,77449,2024-02-01,2027-02-01,https://www.urac.org/directory/accreditation-details/?certification=SPP010147,2026-09-23
HSI00000731,New York Presbyterian Healthcare System,member hospital: Newyork-Presbyterian/Queens,SPP010506,Specialty Pharmacy,Full Accreditation,NewYork Presbyterian Queens on behalf of its Specialty Pharmacy,"1129 Westchester Ave. , Floor 1",White Plains,NY,10604,2025-11-01,2028-11-01,https://www.urac.org/directory/accreditation-details/?certification=SPP010506,2026-09-23
HSI00001050,Sutter Health,system name: Sutter Health | member hospital: Alta Bates Medical Center,SPP010208,Specialty Pharmacy,Full Accreditation,Sutter Bay Hospitals on behalf of Alta Bates Summit Medical Center on behalf of East Bay Advanced Care Outpatient Pharmacy,3100 Summit Street 2nd Floor,Oakland,CA,94609,2024-05-01,2027-05-01,https://www.urac.org/directory/accreditation-details/?certification=SPP010208,2026-09-23
HSI00001050,Sutter Health,system name: Sutter Health | member hospital: Alta Bates Medical Center,SPP010209,Specialty Pharmacy,Full Accreditation,Sutter Bay Hospitals on behalf of Sutter Health Specialty Pharmacy at Alta Bates Summit Medical Center (ABSMC),"2001 Dwight Way , Suite 2182",Berkeley,CA,94704,2024-05-01,2027-05-01,https://www.urac.org/directory/accreditation-details/?certification=SPP010209,2026-09-23
HSI00000780,Ochsner Health System,system name: Ochsner Health System | member hospital: Ochsner Clinic Foundation | member hospital: Ochsner Specialty Hospital,SPP010533,Specialty Pharmacy,Full Accreditation,"Ochsner Pharmacy and Wellness, LLC d/b/a Ochsner Specialty Pharmacy","1405 Jefferson Highway , Suite A",New Orleans,LA,70121,2025-12-01,2028-12-01,https://www.urac.org/directory/accreditation-details/?certification=SPP010533,2026-09-23
HSI00000048,Jefferson Health,member hospital: Albert Einstein Medical Center | member hospital: Albert Einstein Healthcare Network,SPP010363,Specialty Pharmacy,Full Accreditation,"Albert Einstein Medical Center, on behalf of its pharmacy division, Einstein at Center One Pharmacy","9980 Bustelton Ave., Ste. 305",Philadelphia,PA,19115,2025-02-01,2028-02-01,https://www.urac.org/directory/accreditation-details/?certification=SPP010363,2026-09-23
HSI00000048,Jefferson Health,system name: Jefferson Health,SPP010262,Specialty Pharmacy,Full Accreditation,"Walnut Home Therapeutics, Inc. d/b/a Jefferson Specialty Pharmacy",3500 Horizon Drive,King of Prussia,PA,19406,2024-07-01,2027-07-01,https://www.urac.org/directory/accreditation-details/?certification=SPP010262,2026-09-23
HSI00000070,BJC Healthcare,member hospital: Barnes-Jewish Hospital,SPP010108,Specialty Pharmacy,Full Accreditation,Barnes-Jewish Hospital on behalf of its pharmacy Advanced Family Care Pharmacy,"1234 Kingshighway Blvd, , Suite 1900",Saint Louis,MO,63110,2023-12-01,2026-12-01,https://www.urac.org/directory/accreditation-details/?certification=SPP010108,2026-09-23
HSI00001072,Texas Health Resources,member hospital: Texas Health H-E-B,SPP010612,Specialty Pharmacy,Full Accreditation,Children's Health System of Texas d/b/a First Pharmacy Pavilion,2350 Stemmons Freeway F1510,Dallas,TX,75207,2026-04-01,2029-04-01,https://www.urac.org/directory/accreditation-details/?certification=SPP010612,2026-09-23
HSI00001072,Texas Health Resources,member hospital: Texas Health H-E-B,SPP010587,Specialty Pharmacy,Full Accreditation,"Heart of Texas Community Health Center, Inc on behalf of Waco Family Medicine - Pharmacy","1600 Providence Dr., Ste 101",Waco,TX,76707,2026-02-01,2029-02-01,https://www.urac.org/directory/accreditation-details/?certification=SPP010587,2026-09-23
HSI00001072,Texas Health Resources,member hospital: Texas Health H-E-B,SPP010112,Specialty Pharmacy,Full Accreditation,Texas Children's Hospital (TCH),"6621 Fannin Street, Suite WB1-120",Houston,TX,77030,2023-12-01,2026-12-01,https://www.urac.org/directory/accreditation-details/?certification=SPP010112,2026-09-23
HSI00001072,Texas Health Resources,member hospital: Texas Health H-E-B,SPP010622,Specialty Pharmacy,Full Accreditation,Texas Health Harris Methodist Hospital Fort Worth on behalf of its Texas Health Retail Pharmacy,"1325 Pennsylvania Avenue, Suite 290",Fort Worth,TX,76104,2026-04-01,2029-04-01,https://www.urac.org/directory/accreditation-details/?certification=SPP010622,2026-09-23
HSI00001072,Texas Health Resources,member hospital: Texas Health H-E-B,SPP010659,Specialty Pharmacy,Full Accreditation,The University of Texas Health Science Center at Tyler on behalf of its pharmacy UT Health Science Center @ Tyler Pharmacy,11937 US HWY 271,Tyler,TX,75708,2026-05-01,2029-05-01,https://www.urac.org/directory/accreditation-details/?certification=SPP010659,2026-09-23
HSI00001072,Texas Health Resources,member hospital: Texas Health H-E-B,SPP010660,Specialty Pharmacy,Full Accreditation,The University of Texas Health Science Center at Tyler on behalf of pharmacy UTHSCT Hope Tyler Pharmacy,"721 Clinic Dr., Ste B",Tyler,TX,75701,2026-05-01,2029-05-01,https://www.urac.org/directory/accreditation-details/?certification=SPP010660,2026-09-23
HSI00000439,Hackensack Meridian Health,system name: Hackensack Meridian Health | member hospital: Hackensack University Medical Center,SPP010096,Specialty Pharmacy,Full Accreditation,"Hackensack Meridian Ambulatory Care, Inc on behalf of its pharmacy Hackensack Meridian Health Pharmacy","34 Industrial Way East, Ste. 4",Eatontown,NJ,07724,2023-11-01,2026-11-01,https://www.urac.org/directory/accreditation-details/?certification=SPP010096,2026-09-23
HSI00000773,Novant Health,system name: Novant Health | member hospital: New Hanover Regional Medical Center | address = member hospital: New Hanover Regional Medical Center,SPP010054,Specialty Pharmacy,Full Accreditation,"Novant Health New Hanover Regional Medical Center, LLC on behalf of its Pharmacies, a North Carolina limited liability company",2131 S. 17th Street,Wilmington,NC,28401,2023-10-01,2026-10-01,https://www.urac.org/directory/accreditation-details/?certification=SPP010054,2026-09-23
HSI00000773,Novant Health,system name: Novant Health,SPP010648,Specialty Pharmacy,Full Accreditation,"Novant Health, Inc.",2085 Frontis Plaza Blvd,Winston-Salem,NC,27103,2026-05-01,2029-05-01,https://www.urac.org/directory/accreditation-details/?certification=SPP010648,2026-09-23
HSI00000011,Adventist Health,system name: Adventist Health,SPP010133,Specialty Pharmacy,Full Accreditation,"Adventist Health Outpatient Pharmacy Services, LLC on behalf of its pharmacy Fortify Market",1 Adventist Health Way,Roseville,CA,95661,2024-01-01,2027-01-01,https://www.urac.org/directory/accreditation-details/?certification=SPP010133,2026-09-23
HSI00000820,University of Pennsylvania Health System,system name: University of Pennsylvania Health System,SPP010265,Specialty Pharmacy,Full Accreditation,"Chartwell Pennsylvania, L.P.",1001 Oakdale Road,Oakdale,PA,15071,2024-08-01,2027-08-01,https://www.urac.org/directory/accreditation-details/?certification=SPP010265,2026-09-23
HSI00000820,University of Pennsylvania Health System,system name: University of Pennsylvania Health System,SPP010313,Specialty Pharmacy,Full Accreditation,"KabaFusion, Inc. (Pennsylvania)",223 Witmer Rd.,Horsham,PA,19044,2024-11-01,2027-11-01,https://www.urac.org/directory/accreditation-details/?certification=SPP010313,2026-09-23
HSI00000820,University of Pennsylvania Health System,system name: University of Pennsylvania Health System,SPP010173,Specialty Pharmacy,Full Accreditation,"Reading Hospital, a Pennsylvania not-for-profit corporation, on behalf of its pharmacy, Reading Hospital Ambulatory Pharmacy",420 South Fifth Avenue,Reading,PA,19611,2024-03-01,2027-03-01,https://www.urac.org/directory/accreditation-details/?certification=SPP010173,2026-09-23
HSI00000820,University of Pennsylvania Health System,system name: University of Pennsylvania Health System,SPP010462,Specialty Pharmacy,Full Accreditation,Trustees of the University of Pennsylvania,Ground Rhoades 3400 Spruce Street,Philadelphia,PA,19104,2025-08-01,2028-08-01,https://www.urac.org/directory/accreditation-details/?certification=SPP010462,2026-09-23
HSI00000820,University of Pennsylvania Health System,system name: University of Pennsylvania Health System,SPP010131,Specialty Pharmacy,Full Accreditation,"West Penn Allegheny Health System, Inc., a Pennsylvania nonprofit corporation on behalf of it's pharmacy, West Penn Central Pharmacy","4090 Jackson Pt, Suite A",Zelienople,PA,16063,2024-01-01,2027-01-01,https://www.urac.org/directory/accreditation-details/?certification=SPP010131,2026-09-23
HSI00000813,Mass General Brigham,member hospital: Dana-Farber Cancer Institute,SPP010351,Specialty Pharmacy,Full Accreditation,"DANA-FARBER CANCER INSTITUTE, INC. on behalf of Merrimack Valley Outpatient Pharmacy Department","5 Branch Street, Floor 1, Room 1040",Methuen,MA,01844,2024-12-01,2027-12-01,https://www.urac.org/directory/accreditation-details/?certification=SPP010351,2026-09-23
HSI00000813,Mass General Brigham,system name: Mass General Brigham,SPP010399,Specialty Pharmacy,Full Accreditation,"Mass General Brigham Specialty Pharmacy, Inc.",31 North Avenue,Burlington,MA,01803,2025-04-01,2028-04-01,https://www.urac.org/directory/accreditation-details/?certification=SPP010399,2026-09-23
HSI00000510,Indiana University Health,system name: Indiana University Health | member hospital: Indiana University Health,SPP010594,Specialty Pharmacy,Full Accreditation,"Aspire Indiana Health, Inc. on behalf of Aspire Pharmacy","17840 Cumberland Road, Room 300",Noblesville,IN,46060,2026-03-01,2029-03-01,https://www.urac.org/directory/accreditation-details/?certification=SPP010594,2026-09-23
HSI00000510,Indiana University Health,system name: Indiana University Health | member hospital: Indiana University Health,SPP010548,Specialty Pharmacy,Full Accreditation,"Indiana Hemophilia and Thrombosis Center, Inc. on behalf of its specialty pharmacy Indiana Hemophilia Thrombosis Center Pharmacy",8326 Naab Rd,Indianapolis,IN,46260,2026-01-17,2029-01-01,https://www.urac.org/directory/accreditation-details/?certification=SPP010548,2026-09-23
HSI00000510,Indiana University Health,system name: Indiana University Health | member hospital: Indiana University Health,SPP010515,Specialty Pharmacy,Full Accreditation,Indiana University Health Inc.,340 W 10th St,Indianapolis,IN,46206,2025-11-01,2028-11-01,https://www.urac.org/directory/accreditation-details/?certification=SPP010515,2026-09-23
HSI00000711,Mount Sinai Health System,system name: Mount Sinai Health System | member hospital: Mount Sinai Hospital | address = member hospital: Mount Sinai Hospital,SPP010588,Specialty Pharmacy,Full Accreditation,"The Mount Sinai Hospital, on behalf of Mount Sinai Specialty Pharmacy; and St. Luke’s Roosevelt Hospital Center - Mount Sinai West",1 Gustave L. Levy Place,New York,NY,10029,2026-02-01,2029-02-01,https://www.urac.org/directory/accreditation-details/?certification=SPP010588,2026-09-23
HSI00001121,UF Health,member hospital: Shands Jacksonville Medical Center,SPP010371,Specialty Pharmacy,Full Accreditation,"Shands Jacksonville Medical Center, Inc., on behalf of Shands Jacksonville Ambulatory Pharmacy",655 West 8th Street,Jacksonville,FL,32209,2025-02-01,2028-02-01,https://www.urac.org/directory/accreditation-details/?certification=SPP010371,2026-09-23
HSI00001121,UF Health,address = member hospital: Uf Health Shands,SPP010495,Specialty Pharmacy,Full Accreditation,"Shands Teaching Hospital & Clinics, Inc. on behalf of its pharmacy UF Health Specialty Pharmacy",1600 SW Archer Rd,Gainesville,FL,32610,2025-10-01,2028-10-01,https://www.urac.org/directory/accreditation-details/?certification=SPP010495,2026-09-23
HSI00001146,Unitypoint Health,system name: Unitypoint Health,SPP010574,Specialty Pharmacy,Full Accreditation,UnityPoint at Home Specialty Pharmacy,11333 Aurora Ave,Urbandale,IA,50322,2026-02-01,2029-02-01,https://www.urac.org/directory/accreditation-details/?certification=SPP010574,2026-09-23
HSI00000640,MedStar Health,system name: MedStar Health,SPP010295,Specialty Pharmacy,Full Accreditation,Medstar Specialty Pharmacy LLC,7379 Washington Blvd. Suite 101,Elkridge,MD,21075,2024-09-01,2027-09-01,https://www.urac.org/directory/accreditation-details/?certification=SPP010295,2026-09-23
HSI00000531,Johns Hopkins Health System,system name: Johns Hopkins Health System | member hospital: The Johns Hopkins Hospital,SPP010408,Specialty Pharmacy,Full Accreditation,"Johns Hopkins Pharmaquip, Inc.",5901 Holabird Avenue Suite A2,Baltimore,MD,21224,2025-04-01,2028-03-01,https://www.urac.org/directory/accreditation-details/?certification=SPP010408,2026-09-23
HSI00001251,West Virginia University Health System,system name: West Virginia University Health System | member hospital: West Virginia University Hospitals,SPP010557,Specialty Pharmacy,Full Accreditation,"West Virginia University Hospitals, Inc. DBA WVUH Specialty Pharmacy & Home Infusion","3040 University Avenue, Suite 1400",Morgantown,WV,26505,2026-01-01,2028-12-01,https://www.urac.org/directory/accreditation-details/?certification=SPP010557,2026-09-23
HSI00000700,Montefiore Medical Center,system name: Montefiore Medical Center | member hospital: Montefiore Medical Center,SPP010065,Specialty Pharmacy,Full Accreditation,Montefiore Medical Center on behalf of Montefiore Community Pharmacy at Moses and Montefiore Specialty Pharmacy,"111 East 210th Street , Ground Floor, Family Care Center Clinic",Bronx,NY,10467,2023-11-01,2026-11-01,https://www.urac.org/directory/accreditation-details/?certification=SPP010065,2026-09-23
HSI00000081,Baptist Memorial Health Care Corporation,system name: Baptist Memorial Health Care Corporation | member hospital: Ms Baptist Medical Center,SPP010373,Specialty Pharmacy,Full Accreditation,Baptist Memorial Hospital-Tipton dba Walnut Grove Plaza Pharmacy #2,"6029 Walnut Grove Road, Suite 110",Memphis,TN,38120,2025-03-01,2028-03-01,https://www.urac.org/directory/accreditation-details/?certification=SPP010373,2026-09-23
HSI00000972,Sentara Healthcare,system name: Sentara Healthcare | member hospital: Sentara Norfolk General Hospital | address = member hospital: Sentara Norfolk General Hospital,SPP010317,Specialty Pharmacy,Full Accreditation,Sentara Hospitals dba Sentara Norfolk General Hospital on behalf of its pharmacy Sentara Case Management Pharmacy,600 Gresham Drive,Norfolk,VA,23507,2024-10-01,2027-10-01,https://www.urac.org/directory/accreditation-details/?certification=SPP010317,2026-09-23
HSI00001175,University of Maryland Medical System,system name: University of Maryland Medical System | member hospital: Maryland General Hospital,SPP010426,Specialty Pharmacy,Full Accreditation,"Factor One Source Pharmacy, LLC d/b/a InfuCare Rx of Maryland",217 Glenn st Suite 300,Cumberland,MD,21502,2025-05-01,2028-05-01,https://www.urac.org/directory/accreditation-details/?certification=SPP010426,2026-09-23
HSI00000784,Ohiohealth,system name: Ohiohealth,SPP010359,Specialty Pharmacy,Full Accreditation,OhioHealth Corporation on behalf of its pharmacy OhioHealth Specialty Pharmacy,"10013 Busey Rd NW , Suite 100A",Canal Winchester,OH,43110,2025-01-01,2028-01-01,https://www.urac.org/directory/accreditation-details/?certification=SPP010359,2026-09-23
HSI00000770,Northwestern Medicine,system name: Northwestern Medicine | member hospital: Northwestern Memorial Hospital | address = member hospital: Northwestern Memorial Hospital,SPP010182,Specialty Pharmacy,Full Accreditation,"Northwestern Memorial Hospital, on behalf of its pharmacy department, Northwestern Medicine Specialty Pharmacy",251 E. Huron Street,Chicago,IL,60611,2024-05-01,2027-03-01,https://www.urac.org/directory/accreditation-details/?certification=SPP010182,2026-09-23
HSI00000796,Orlando Health,system name: Orlando Health | member hospital: Orlando Health,SPP010556,Specialty Pharmacy,Full Accreditation,"Adventist Health System/Sunbelt, Inc. dba AdventHealth Orlando on behalf of AdventHealth Outpatient Pharmacy Orlando","2501 N Orange Ave, Suite 122",Orlando,FL,32804,2026-01-01,2029-01-01,https://www.urac.org/directory/accreditation-details/?certification=SPP010556,2026-09-23
HSI00000796,Orlando Health,system name: Orlando Health | member hospital: Orlando Health,SPP010315,Specialty Pharmacy,Full Accreditation,"Orlando Health, Inc. on behalf of Scripts Pharmacy",1111 Blackwood Ave.,Ocoee,FL,34761,2024-10-01,2027-10-01,https://www.urac.org/directory/accreditation-details/?certification=SPP010315,2026-09-23
HSI00000342,Emory Healthcare,system name: Emory Healthcare | member hospital: Emory University Hospital | member hospital: Emory University Hospital Midtown,SPP010555,Specialty Pharmacy,Full Accreditation,"Emory University, Inc. d/b/a Emory University Hospital Midtown on behalf of Emory Specialty Pharmacy",550 Peachtree Street NE,Atlanta,GA,30308,2026-01-01,2029-01-01,https://www.urac.org/directory/accreditation-details/?certification=SPP010555,2026-09-23
HSI00000077,Baptist Health South Florida,member hospital: Baptist Hospital,SPP010717,Specialty Pharmacy,Full Accreditation,"Oncology Specialty Pharmacy, LLC d/b/a Baptist Health Specialty Pharmacy",14412 Commerce Way,Miami,FL,33016,2026-09-01,2029-09-01,https://www.urac.org/directory/accreditation-details/?certification=SPP010717,2026-09-23
HSI00000077,Baptist Health South Florida,member hospital: South Miami Hospital,SPP010079,Specialty Pharmacy,Full Accreditation,"South Miami Pharmacy II, LLC d/b/a SMP Pharmacy Solutions #2",7500 NW 26th Street Suite 102,Miami,FL,33122,2023-11-01,2026-11-01,https://www.urac.org/directory/accreditation-details/?certification=SPP010079,2026-09-23
HSI00001416,Beth Israel Lahey Health,system name: Beth Israel Lahey Health | member hospital: Lahey Clinic Hospital  Inc.,SPP010425,Specialty Pharmacy,Full Accreditation,"Beth Israel Lahey Health Pharmacy, Inc. d/b/a BILH Specialty Pharmacy","80 Wilson Way, Suite B",Westwood,MA,02090,2025-05-01,2028-05-01,https://www.urac.org/directory/accreditation-details/?certification=SPP010425,2026-09-23
HSI00001416,Beth Israel Lahey Health,system name: Beth Israel Lahey Health | member hospital: Lahey Clinic Hospital  Inc.,rdcoe010028,Rare Disease Pharmacy Center of Excellence,Full Certification,"Beth Israel Lahey Health Pharmacy, Inc. d/b/a BILH Specialty Pharmacy","80 Wilson Way, Suite B",Westwood,MA,02090,2026-05-01,2029-05-01,https://www.urac.org/directory/accreditation-details/?certification=rdcoe010028,2026-09-23
HSI00001378,Prisma Health,system name: Prisma Health,SPP010440,Specialty Pharmacy,Full Accreditation,"Prisma Health, on behalf of Prisma Health Specialty Pharmacy",300 E. McBee Street,Greenville,SC,29601,2025-08-01,2028-08-01,https://www.urac.org/directory/accreditation-details/?certification=SPP010440,2026-09-23
HSI00000025,Allegheny Health Network,system name: Allegheny Health Network | member hospital: Allegheny General Hospital,SPP010131,Specialty Pharmacy,Full Accreditation,"West Penn Allegheny Health System, Inc., a Pennsylvania nonprofit corporation on behalf of it's pharmacy, West Penn Central Pharmacy","4090 Jackson Pt, Suite A",Zelienople,PA,16063,2024-01-01,2027-01-01,https://www.urac.org/directory/accreditation-details/?certification=SPP010131,2026-09-23
HSI00000080,Baptist Healthcare System,system name: Baptist Healthcare System,SPP010561,Specialty Pharmacy,Full Accreditation,"Baptist Healthcare System, Inc. d/b/a Baptist Health Shared Services Pharmacy",1901 Campus Place,Louisville,KY,40299,2026-01-01,2029-01-01,https://www.urac.org/directory/accreditation-details/?certification=SPP010561,2026-09-23
HSI00001169,University of Colorado Health,system name: University of Colorado Health,SPP010168,Specialty Pharmacy,Full Accreditation,Children's Hospital Colorado on behalf of Children's Colorado Specialty Pharmacy,"860 North Potomac Circle , Lobby",Aurora,CO,80011,2024-03-01,2027-03-01,https://www.urac.org/directory/accreditation-details/?certification=SPP010168,2026-09-23
HSI00001169,University of Colorado Health,system name: University of Colorado Health,SPP010124,Specialty Pharmacy,Full Accreditation,"CommonSpirit Mountain Region, a Colorado corporation, on behalf of its pharmacy, CommonSpirit Pharmacy – Mountain Region",2551 W 84th Avenue,Westminster,CO,80031,2024-01-01,2027-01-01,https://www.urac.org/directory/accreditation-details/?certification=SPP010124,2026-09-23
HSI00001169,University of Colorado Health,system name: University of Colorado Health,SPP010101,Specialty Pharmacy,Full Accreditation,"The Regents of the University of Colorado, a body corporate, for and on behalf of the University of Colorado Denver, Anschutz Medical Campus, Hemophilia and Thrombosis Center","13199 East Montview Blvd , Suite 100",Aurora,CO,80045,2023-12-01,2026-12-01,https://www.urac.org/directory/accreditation-details/?certification=SPP010101,2026-09-23
HSI00001169,University of Colorado Health,system name: University of Colorado Health,SPP010570,Specialty Pharmacy,Full Accreditation,"University of Colorado Hospital Authority and UCHealth Centralized Pharmacy, LLC",12401 E 17th Ave,Aurora,CO,80045,2026-02-01,2029-02-01,https://www.urac.org/directory/accreditation-details/?certification=SPP010570,2026-09-23
HSI00000190,Cedars Sinai Health System,system name: Cedars Sinai Health System | member hospital: Cedars-Sinai Medical Center,SPP010206,Specialty Pharmacy,Full Accreditation,Cedars-Sinai Medical Center on behalf of AHSP Pharmacy,"444 S San Vicente Blvd , Suite 104",Los Angeles,CA,90048,2024-06-01,2027-06-01,https://www.urac.org/directory/accreditation-details/?certification=SPP010206,2026-09-23
HSI00000376,Franciscan Missionaries of Our Lady Health System,system name: Franciscan Missionaries of Our Lady Health System,SPP010434,Specialty Pharmacy,Full Accreditation,"Franciscan Missionaries of our Lady Health System, Inc. d/b/a RxONE Lake",5000 Hennessy Blvd Chapel Hall Rm 101,Baton Rouge,LA,70808,2025-06-01,2028-04-01,https://www.urac.org/directory/accreditation-details/?certification=SPP010434,2026-09-23
HSI00000958,Sanford Health,system name: Sanford Health | member hospital: Sanford Medical Center - Fargo,SPP010436,Specialty Pharmacy,Full Accreditation,Sanford Medical Center Fargo d/b/a Sanford Pharmacy Broadway,737 Broadway N,Fargo,ND,58102,2025-06-01,2028-06-01,https://www.urac.org/directory/accreditation-details/?certification=SPP010436,2026-09-23
HSI00000555,LCMC Health System,system name: LCMC Health System | address = member hospital: Childrens Hospital,SPP010098,Specialty Pharmacy,Full Accreditation,"LCMC Health Pharmacy Services, LLC","200 Henry Clay Ave, STE 2107",New Orleans,LA,70118,2023-11-01,2026-11-01,https://www.urac.org/directory/accreditation-details/?certification=SPP010098,2026-09-23
HSI00000555,LCMC Health System,system name: LCMC Health System,SPP010661,Specialty Pharmacy,Full Accreditation,"University Healthcare System, L.C. on behalf of its pharmacy, LCMC Health Pharmacy Services - Lakeside",4700 S I-10 Service Rd,Metairie,LA,70001,2026-06-01,2029-06-01,https://www.urac.org/directory/accreditation-details/?certification=SPP010661,2026-09-23
HSI00000776,OSF Healthcare System,system name: OSF Healthcare System,SPP010259,Specialty Pharmacy,Full Accreditation,"Pointcore, Inc. on behalf of its pharmacy OSF Specialty Pharmacy",5901 W. War Memorial Drive Ste 100,Peoria,IL,61615,2024-07-01,2027-07-01,https://www.urac.org/directory/accreditation-details/?certification=SPP010259,2026-09-23
HSI00000475,Henry Ford Health,system name: Henry Ford Health | member hospital: Henry Ford Hospital,SPP010405,Specialty Pharmacy,Full Accreditation,Henry Ford Health System d/b/a Henry Ford Pharmacy Advantage Southfield,1191 South Blvd East,Rochester Hills,MI,48307,2025-04-01,2028-04-01,https://www.urac.org/directory/accreditation-details/?certification=SPP010405,2026-09-23
HSI00000475,Henry Ford Health,system name: Henry Ford Health | member hospital: Henry Ford Hospital,rdcoe010001,Rare Disease Pharmacy Center of Excellence,Full Certification,Henry Ford Health System d/b/a Henry Ford Pharmacy Advantage Southfield,1191 South Blvd East,Rochester Hills,MI,48307,2023-08-01,2028-04-01,https://www.urac.org/directory/accreditation-details/?certification=rdcoe010001,2026-09-23
HSI00000717,NYU Langone Health,system name: NYU Langone Health | member hospital: Nyu Langone Hospitals,SPP010119,Specialty Pharmacy,Full Accreditation,"NYU Langone Hospitals on behalf of it's Pharmacy, NYU Langone Specialty Pharmacy","Industry City Bldg #10 , 882 3rd Avenue, 3rd Flr",Brooklyn,NY,11232,2023-12-01,2026-12-01,https://www.urac.org/directory/accreditation-details/?certification=SPP010119,2026-09-23
HSI00000029,Allina Health,system name: Allina Health,SPP010285,Specialty Pharmacy,Full Accreditation,Allina Health d/b/a Allina Health Heart Hospital Pharmacy,"920 E 28th St, Abbott Northwestern Heart Hospital",Minneapolis,MN,55407,2024-08-01,2027-08-01,https://www.urac.org/directory/accreditation-details/?certification=SPP010285,2026-09-23
HSI00000186,Catholic Health,system name: Catholic Health,SPP010563,Specialty Pharmacy,Full Accreditation,"Catholic Health System Infusion Pharmacy, Inc. on behalf of its pharmacy Catholic Health Rx at Sisters Hospital",2157 Main Street,Buffalo,NY,14214,2026-01-01,2028-12-01,https://www.urac.org/directory/accreditation-details/?certification=SPP010563,2026-09-23
HSI00000513,Inova Health System,system name: Inova Health System,SPP010596,Specialty Pharmacy,Full Accreditation,"Inova Health Care Services, a Virginia corporation on behalf of its pharmacy Inova Retail and Specialty Pharmacy","3901 Stonecroft Blvd, Suite A-1400",Chantilly,VA,20151,2026-03-01,2029-03-01,https://www.urac.org/directory/accreditation-details/?certification=SPP010596,2026-09-23
HSI00000577,Lehigh Valley Health Network,system name: Lehigh Valley Health Network | member hospital: Lehigh Valley | member hospital: Lehigh Valley Health Network,SPP010604,Specialty Pharmacy,Full Accreditation,"Lehigh Valley Hospital, Inc. on behalf of its Specialty Pharmacy d/b/a Lehigh Valley Pharmacy Services",2024 Lehigh Street Suite 600,Allentown,PA,18103,2026-03-01,2029-03-01,https://www.urac.org/directory/accreditation-details/?certification=SPP010604,2026-09-23
HSI00000452,Hartford Healthcare,system name: Hartford Healthcare | member hospital: Hartford Hospital,SPP010162,Specialty Pharmacy,Full Accreditation,Hartford Hospital d/b/a Hartford HealthCare Community Pharmacy,"85 Seymour Street, Suite 105",Hartford,CT,06106,2024-02-01,2027-02-01,https://www.urac.org/directory/accreditation-details/?certification=SPP010162,2026-09-23
HSI00000771,Norton Healthcare,member hospital: Kings Daughters Hospital,SPP010634,Specialty Pharmacy,Full Accreditation,Ashland Hospital Corporation on behalf of King's Daughters Specialty Pharmacy,2548 Greenup Ave,Ashland,KY,41101,2026-04-01,2029-04-01,https://www.urac.org/directory/accreditation-details/?certification=SPP010634,2026-09-23
HSI00000771,Norton Healthcare,system name: Norton Healthcare | member hospital: Norton Hospitals  Inc,SPP010721,Specialty Pharmacy,Full Accreditation,"Norton Hospitals, Inc., on behalf of its pharmacy, Norton Specialty Pharmacy",2700 Stanley Gault Parkway #103,Louisville,KY,40223,2026-09-01,2029-09-01,https://www.urac.org/directory/accreditation-details/?certification=SPP010721,2026-09-23
HSI00000357,Fairview Health Services,system name: Fairview Health Services,SPP010453,Specialty Pharmacy,Full Accreditation,"Fairview Pharmacy Services, LLC",3650 Victoria Street North,Shoreview,MN,55126,2025-08-01,2028-08-01,https://www.urac.org/directory/accreditation-details/?certification=SPP010453,2026-09-23
HSI00000357,Fairview Health Services,system name: Fairview Health Services,rdcoe010019,Rare Disease Pharmacy Center of Excellence,Full Certification,"Fairview Pharmacy Services, LLC",3650 Victoria Street North,Shoreview,MN,55126,2025-08-01,2028-08-01,https://www.urac.org/directory/accreditation-details/?certification=rdcoe010019,2026-09-23
HSI00001284,Ballad Health,member hospital: Indian Path Community Hospital | address = member hospital: Indian Path Community Hospital,SPP010219,Specialty Pharmacy,Full Accreditation,Mountain States Health Alliance dba Indian Path Community Hospital on behalf of its pharmacy Indian Path Community Hospital,2000 Brookside Dr.,Kingsport,TN,37660,2024-06-01,2027-06-01,https://www.urac.org/directory/accreditation-details/?certification=SPP010219,2026-09-23
HSI00001284,Ballad Health,system name: Ballad Health | member hospital: Johnson City Medical Center,SPP010220,Specialty Pharmacy,Full Accreditation,Mountain States Health Alliance dba Johnson City Medical Center on behalf of Ballad Health Cancer Care at JCMC,"1 Professional Park Dr., Ste 21",Johnson City,TN,37604,2024-06-01,2027-06-01,https://www.urac.org/directory/accreditation-details/?certification=SPP010220,2026-09-23
HSI00001284,Ballad Health,system name: Ballad Health | member hospital: Lonesome Pine Hospital,SPP010221,Specialty Pharmacy,Full Accreditation,Wellmont Health System dba Lonesome Pine Hospital on behalf of Ballad Health Cancer Care-A Department of Lonesome Pine Hospital,743 Island Road,Bristol,VA,24201,2024-06-01,2027-06-01,https://www.urac.org/directory/accreditation-details/?certification=SPP010221,2026-09-23
HSI00000977,Sharp Healthcare,system name: Sharp Healthcare | member hospital: Sharp Memorial Hospital,SPP010293,Specialty Pharmacy,Full Accreditation,Grossmont Hospital Corporation on behalf of Sharp Specialty Pharmacy Services,"3558 Ruffin Rd , Suite 101",San Diego,CA,92123,2024-09-01,2027-09-01,https://www.urac.org/directory/accreditation-details/?certification=SPP010293,2026-09-23
HSI00000636,McLaren Health Care Corporation,member hospital: Karmanos Cancer Hospital,SPP010709,Specialty Pharmacy,Full Accreditation,"Barbara Ann Karmanos Cancer Hospital d.b.a., Karmanos Specialty Pharmacy",711 Stephenson Hwy,Troy,MI,48083,2026-08-01,2029-08-01,https://www.urac.org/directory/accreditation-details/?certification=SPP010709,2026-09-23
HSI00000714,Multicare Health System,system name: Multicare Health System | address = member hospital: Tacoma General Allenmore Hospital,SPP010680,Specialty Pharmacy,Full Accreditation,Multicare Health System on behalf of its pharmacy Multicare Medical Center ED Pharmacy,315 Martin Luther King JR Way,Tacoma,WA,98405,2026-06-01,2029-06-01,https://www.urac.org/directory/accreditation-details/?certification=SPP010680,2026-09-23
HSI00000714,Multicare Health System,member hospital: Yakima Valley Memorial Hospital,SPP010142,Specialty Pharmacy,Full Accreditation,"Yakima Valley Farm Workers Clinic, Inc on behalf of YVFWC Specialty Pharmacy",2601 Commerce Lane,Yakima,WA,98901,2024-01-01,2027-01-01,https://www.urac.org/directory/accreditation-details/?certification=SPP010142,2026-09-23
HSI00000323,Duke University Health System,system name: Duke University Health System | member hospital: Duke Regional Hospital | member hospital: Duke University Hospital,SPP010074,Specialty Pharmacy,Full Accreditation,"Duke University Health System, Inc. on behalf of its component, Duke Cancer Center Specialty Pharmacy at Duke Hospital","20 Duke Medicine Circle, Rm. N044",Durham,NC,27710,2023-11-01,2026-11-01,https://www.urac.org/directory/accreditation-details/?certification=SPP010074,2026-09-23
HSI00001174,University of Kentucky Healthcare,member hospital: Kings Daughters Medical Center,SPP010634,Specialty Pharmacy,Full Accreditation,Ashland Hospital Corporation on behalf of King's Daughters Specialty Pharmacy,2548 Greenup Ave,Ashland,KY,41101,2026-04-01,2029-04-01,https://www.urac.org/directory/accreditation-details/?certification=SPP010634,2026-09-23
HSI00001174,University of Kentucky Healthcare,system name: University of Kentucky Healthcare,SPP010172,Specialty Pharmacy,Full Accreditation,"Pikeville Medical Center, Inc. a Kentucky not-for-profit Corporation on behalf of its pharmacy Pikeville Medical Center Specialty Pharmacy",911 Bypass Rd. Bldg. E Ste 2,Pikeville,KY,41501,2024-03-01,2027-03-01,https://www.urac.org/directory/accreditation-details/?certification=SPP010172,2026-09-23
HSI00001174,University of Kentucky Healthcare,system name: University of Kentucky Healthcare,SPP010673,Specialty Pharmacy,Full Accreditation,University of Kentucky on behalf of its UK Specialty Pharmacy & Infusion Services,"900 South Limestone , 317 Wethington Building",Lexington,KY,40536,2026-06-01,2029-06-01,https://www.urac.org/directory/accreditation-details/?certification=SPP010673,2026-09-23
HSI00001174,University of Kentucky Healthcare,system name: University of Kentucky Healthcare,SPP010070,Specialty Pharmacy,Full Accreditation,University of Kentucky on behalf of its UK Specialty Pharmacy & Infusion Services,"900 South Limestone , 317 Wethington Building",Lexington,KY,40536,2023-12-01,2026-12-01,https://www.urac.org/directory/accreditation-details/?certification=SPP010070,2026-09-23
HSI00001174,University of Kentucky Healthcare,system name: University of Kentucky Healthcare,rdcoe010002,Rare Disease Pharmacy Center of Excellence,Full Certification,University of Kentucky on behalf of its UK Specialty Pharmacy & Infusion Services,"900 South Limestone , 317 Wethington Building",Lexington,KY,40536,2023-12-01,2029-06-01,https://www.urac.org/directory/accreditation-details/?certification=rdcoe010002,2026-09-23
HSI00000491,HonorHealth,system name: HonorHealth,SPP010270,Specialty Pharmacy,Full Accreditation,HonorHealth d/b/a HonorHealth John C. Lincoln Medical Center Specialty Pharmacy,"2500 W. Utopia Road, Suite 110",Phoenix,AZ,85027,2024-08-01,2027-08-01,https://www.urac.org/directory/accreditation-details/?certification=SPP010270,2026-09-23
HSI00001230,ECU Health,system name: ECU Health | member hospital: Pitt County Memorial Hospital Inc | address = member hospital: Pitt County Memorial Hospital Inc,SPP010055,Specialty Pharmacy,Full Accreditation,"Pitt County Memorial Hospital, Incorporated d/b/a ECU Health Specialty Pharmacy","2100 Stantonsburg Road, Rm 1CC-1105",Greenville,NC,27834,2023-10-01,2026-10-01,https://www.urac.org/directory/accreditation-details/?certification=SPP010055,2026-09-23
HSI00000068,Avera Health,system name: Avera Health | member hospital: Avera Mckennan,SPP010286,Specialty Pharmacy,Full Accreditation,Avera McKennan d/b/a Avera Specialty Pharmacy,"4101 W. Memory Circle, Ste 135",Sioux Falls,SD,57107,2024-09-01,2027-08-01,https://www.urac.org/directory/accreditation-details/?certification=SPP010286,2026-09-23
HSI00001222,Vanderbilt Health,system name: Vanderbilt Health | member hospital: Vanderbilt University Medical Center,SPP010502,Specialty Pharmacy,Full Accreditation,"Vanderbilt University Medical Center, on behalf of its two pharmacies, Vanderbilt Outpatient Pharmacy and Vanderbilt Integrated Pharmacy","1161 21st Avenue South, Suite D-3300",Nashville,TN,37232,2025-10-01,2028-10-01,https://www.urac.org/directory/accreditation-details/?certification=SPP010502,2026-09-23
HSI00001222,Vanderbilt Health,system name: Vanderbilt Health | member hospital: Vanderbilt University Medical Center,rdcoe010021,Rare Disease Pharmacy Center of Excellence,Full Certification,"Vanderbilt University Medical Center, on behalf of its two pharmacies, Vanderbilt Outpatient Pharmacy and Vanderbilt Integrated Pharmacy","1161 21st Avenue South, Suite D-3300",Nashville,TN,37232,2025-10-01,2028-10-01,https://www.urac.org/directory/accreditation-details/?certification=rdcoe010021,2026-09-23
HSI00000388,Geisinger,system name: Geisinger | member hospital: Geisinger Medical Center | address = member hospital: Geisinger Medical Center,SPP010578,Specialty Pharmacy,Full Accreditation,"Geisinger Pharmacy, LLC, d/b/a Geisinger Specialty Pharmacy",100 N. Academy Avenue,Danville,PA,17822,2026-02-01,2029-01-01,https://www.urac.org/directory/accreditation-details/?certification=SPP010578,2026-09-23
HSI00000842,Premier Health,system name: Premier Health | member hospital: Miami Valley Hospital,SPP010432,Specialty Pharmacy,Full Accreditation,Miami Valley Hospital for its division Premier Health Specialty Pharmacy,3170 Kettering Blvd Building B,Loraine,OH,45439,2025-06-01,2028-06-01,https://www.urac.org/directory/accreditation-details/?certification=SPP010432,2026-09-23
HSI00000673,Methodist Health System,system name: Methodist Health System | member hospital: Methodist Dallas Medical Center,SPP010611,Specialty Pharmacy,Full Accreditation,"Methodist Community Pharmacy, LLC dba Methodist Community Pharmacy - Dallas","1441 N Beckley Ave , Main Lobby B",Dallas,TX,75203,2026-03-01,2029-03-01,https://www.urac.org/directory/accreditation-details/?certification=SPP010611,2026-09-23
HSI00000673,Methodist Health System,system name: Methodist Health System,SPP010622,Specialty Pharmacy,Full Accreditation,Texas Health Harris Methodist Hospital Fort Worth on behalf of its Texas Health Retail Pharmacy,"1325 Pennsylvania Avenue, Suite 290",Fort Worth,TX,76104,2026-04-01,2029-04-01,https://www.urac.org/directory/accreditation-details/?certification=SPP010622,2026-09-23
HSI00000673,Methodist Health System,system name: Methodist Health System,SPP010047,Specialty Pharmacy,Full Accreditation,The Methodist Hospital on behalf of Houston Methodist Pharmacy,6565 Fannin Street,Houston,TX,77030,2023-10-01,2026-10-01,https://www.urac.org/directory/accreditation-details/?certification=SPP010047,2026-09-23
HSI00001179,University of Rochester Medical Center,system name: University of Rochester Medical Center,SPP010280,Specialty Pharmacy,Full Accreditation,The Rochester General Hospital on behalf of Wilson Pharmacy,"1425 Portland Ave, Wilson Building #1",Rochester,NY,14621,2024-08-01,2027-08-01,https://www.urac.org/directory/accreditation-details/?certification=SPP010280,2026-09-23
HSI00001179,University of Rochester Medical Center,system name: University of Rochester Medical Center,SPP010482,Specialty Pharmacy,Full Accreditation,The University of Rochester by and on behalf of its Strong Memorial Hospital Division-Specialty Pharmacy,601 Elmwood Ave Box 617,Rochester,NY,14642,2025-09-01,2028-08-01,https://www.urac.org/directory/accreditation-details/?certification=SPP010482,2026-09-23
HSI00001033,Stanford Health Care,system name: Stanford Health Care | member hospital: Lucile Packard Childrens Hospital | member hospital: Stanford Health Care,SPP010584,Specialty Pharmacy,Full Accreditation,Lucile Salter Packard Children's Hospital at Stanford on behalf of Stanford Children's Health Specialty Pharmacy,"4600 Bohannon Dr. , #120",Menlo Park,CA,94025,2026-04-01,2029-04-01,https://www.urac.org/directory/accreditation-details/?certification=SPP010584,2026-09-23
HSI00001033,Stanford Health Care,system name: Stanford Health Care | member hospital: Stanford Health Care,SPP010274,Specialty Pharmacy,Full Accreditation,Stanford Health Care on behalf of Stanford Health Care Pharmacy,"875 Blake Wilbur Drive , Suite CC1102",Palo Alto,CA,94305,2024-09-01,2027-09-01,https://www.urac.org/directory/accreditation-details/?certification=SPP010274,2026-09-23
HSI00000843,Presbyterian Healthcare Services,system name: Presbyterian Healthcare Services | member hospital: Presbyterian Hospital,SPP010111,Specialty Pharmacy,Full Accreditation,Presbyterian Healthcare Services,9521 San Mateo Blvd. NE,Albuquerque,NM,87113,2023-12-01,2026-12-01,https://www.urac.org/directory/accreditation-details/?certification=SPP010111,2026-09-23
HSI00000968,Scripps Health,system name: Scripps Health,SPP010198,Specialty Pharmacy,Full Accreditation,Scripps Health on behalf of Scripps Specialty Pharmacy,"550 Washington Street , Suite 100",San Diego,CA,92103,2024-05-01,2027-05-01,https://www.urac.org/directory/accreditation-details/?certification=SPP010198,2026-09-23
HSI00000546,Kettering Health,system name: Kettering Health | member hospital: Kettering Health Dayton,SPP010102,Specialty Pharmacy,Full Accreditation,Dayton Osteopathic Hospital on behalf of Kettering Health Specialty Pharmacy,4301 Lyons Rd,Miamisburg,OH,45342,2023-12-01,2026-12-01,https://www.urac.org/directory/accreditation-details/?certification=SPP010102,2026-09-23
HSI00000537,Kaleida Health,system name: Kaleida Health | member hospital: Kaleida Health | address = member hospital: Kaleida Health,SPP010603,Specialty Pharmacy,Full Accreditation,Kaleida Health on behalf of Kaleida Health Outpatient Pharmacy,100 High Street,Buffalo,NY,14203,2026-03-01,2029-03-01,https://www.urac.org/directory/accreditation-details/?certification=SPP010603,2026-09-23
HSI00000075,Baptist Health,system name: Baptist Health | member hospital: Baptist Medical Center,SPP010717,Specialty Pharmacy,Full Accreditation,"Oncology Specialty Pharmacy, LLC d/b/a Baptist Health Specialty Pharmacy",14412 Commerce Way,Miami,FL,33016,2026-09-01,2029-09-01,https://www.urac.org/directory/accreditation-details/?certification=SPP010717,2026-09-23
HSI00000507,Integris Health,system name: Integris Health | member hospital: Integris Community Hospital,SPP010431,Specialty Pharmacy,Full Accreditation,"INTEGRIS PROHEALTH, INC. on behalf of its pharmacy INTEGRIS PHARMACY 4188","5915 W Memorial Rd, STE 110",Oklahoma City,OK,73142,2025-06-01,2028-06-01,https://www.urac.org/directory/accreditation-details/?certification=SPP010431,2026-09-23
HSI00001243,Wellspan Health,system name: Wellspan Health,SPP010736,Specialty Pharmacy,Full Accreditation,"WellSpan Pharmacy, Inc.","4910B Fairfield Rd, Suite 2",Fairfield,PA,17320,2026-09-01,2029-08-01,https://www.urac.org/directory/accreditation-details/?certification=SPP010736,2026-09-23
HSI00000611,MaineHealth,system name: MaineHealth,SPP010163,Specialty Pharmacy,Full Accreditation,"MaineHealth, a Maine nonprofit corporation on behalf of its specialty pharmacies, MaineHealth Pharmacy Maine Medical Center Portland and MaineHealth Pharmacy Specialty and Home Delivery Westbrook",110 Free Street,Portland,ME,04101,2024-02-01,2027-02-01,https://www.urac.org/directory/accreditation-details/?certification=SPP010163,2026-09-23
HSI00000147,CAMC Health System,system name: CAMC Health System | member hospital: Charleston Area Medical Center  Inc.,SPP010390,Specialty Pharmacy,Full Accreditation,"Charleston Area Medical Center, Inc. on behalf of its pharmacy CAMC Pharmacy #3",3415 MacCorkle Avenue SE,Charleston,WV,25304,2025-04-01,2028-04-01,https://www.urac.org/directory/accreditation-details/?certification=SPP010390,2026-09-23
HSI00001074,The Carle Foundation,system name: The Carle Foundation | member hospital: Carle Foundation Hospital,SPP010194,Specialty Pharmacy,Full Accreditation,The Carle Foundation Hospital d/b/a Carle Home Infusion,"221 N Broadway Ave, Suite 100",Urbana,IL,61801,2024-04-01,2027-04-01,https://www.urac.org/directory/accreditation-details/?certification=SPP010194,2026-09-23
HSI00000811,Parkview Health System,system name: Parkview Health System | member hospital: Parkview Hospital,SPP010174,Specialty Pharmacy,Full Accreditation,"Parkview Hospital, Inc. a non-profit corporation on behalf of its pharmacy Medical Park 11 Pharmacy","11104 Parkview Circle, Ste 030",Fort Wayne,IN,46845,2024-03-01,2027-03-01,https://www.urac.org/directory/accreditation-details/?certification=SPP010174,2026-09-23
HSI00000866,Tower Health,address = member hospital: Reading Hospital And Medical Center,SPP010173,Specialty Pharmacy,Full Accreditation,"Reading Hospital, a Pennsylvania not-for-profit corporation, on behalf of its pharmacy, Reading Hospital Ambulatory Pharmacy",420 South Fifth Avenue,Reading,PA,19611,2024-03-01,2027-03-01,https://www.urac.org/directory/accreditation-details/?certification=SPP010173,2026-09-23
HSI00000821,Penn State Health Milton S Hershey Medical Center,system name: Penn State Health Milton S Hershey Medical Center | member hospital: Milton S. Hershey Medical Center,SPP010077,Specialty Pharmacy,Full Accreditation,Penn State Health Milton S Hershey Medical Center Specialty Pharmacy dba The Milton S Hershey Medical Center,"25 Hope Drive, Mail Code HS10",Hershey,PA,17033,2023-11-01,2026-11-01,https://www.urac.org/directory/accreditation-details/?certification=SPP010077,2026-09-23
HSI00000386,Froedtert and the Medical College of Wisconsin,address = member hospital: Froedtert Mem. Lutheran Hospt.,SPP010378,Specialty Pharmacy,Full Accreditation,"Froedtert Health, Inc., Froedtert Health Pharmacy Solutions, LLC and Froedtert Health Pharmacy, LLC on behalf of its pharmacies",9200 W. Wisconsin Ave Suite 100E,Milwaukee,WI,53226,2025-03-01,2028-03-01,https://www.urac.org/directory/accreditation-details/?certification=SPP010378,2026-09-23
HSI00000889,Rochester Regional Health System,system name: Rochester Regional Health System | member hospital: Rochester General Hospital,SPP010280,Specialty Pharmacy,Full Accreditation,The Rochester General Hospital on behalf of Wilson Pharmacy,"1425 Portland Ave, Wilson Building #1",Rochester,NY,14621,2024-08-01,2027-08-01,https://www.urac.org/directory/accreditation-details/?certification=SPP010280,2026-09-23
HSI00000889,Rochester Regional Health System,system name: Rochester Regional Health System | member hospital: Rochester General Hospital,SPP010482,Specialty Pharmacy,Full Accreditation,The University of Rochester by and on behalf of its Strong Memorial Hospital Division-Specialty Pharmacy,601 Elmwood Ave Box 617,Rochester,NY,14642,2025-09-01,2028-08-01,https://www.urac.org/directory/accreditation-details/?certification=SPP010482,2026-09-23
HSI00001430,Catholic Health Systems,system name: Catholic Health Systems | address = member hospital: Sisters Of Charity Hospital,SPP010563,Specialty Pharmacy,Full Accreditation,"Catholic Health System Infusion Pharmacy, Inc. on behalf of its pharmacy Catholic Health Rx at Sisters Hospital",2157 Main Street,Buffalo,NY,14214,2026-01-01,2028-12-01,https://www.urac.org/directory/accreditation-details/?certification=SPP010563,2026-09-23
HSI00000368,Florida Health Sciences Center,system name: Florida Health Sciences Center,SPP010522,Specialty Pharmacy,Full Accreditation,"Florida Health Sciences Center, Inc. d/b/a Tampa General Hospital","5905 Hampton Oaks Pkwy , Ste. E",Tampa,FL,33610,2025-11-01,2028-11-01,https://www.urac.org/directory/accreditation-details/?certification=SPP010522,2026-09-23
HSI00001122,UMass Memorial Health Care,system name: UMass Memorial Health Care | member hospital: Umass Memorial Medical Center,SPP010392,Specialty Pharmacy,Full Accreditation,"Umass Memorial Medical Center, Inc. on behalf of its Specialty Pharmacy",55 Lake Ave North Suite AC1.033,Worcester,MA,01655,2025-04-01,2028-04-01,https://www.urac.org/directory/accreditation-details/?certification=SPP010392,2026-09-23
HSI00000576,Legacy Health,system name: Legacy Health | member hospital: Legacy Salmon Creek Hospital,SPP010200,Specialty Pharmacy,Full Accreditation,Legacy Salmon Creek Hospital on behalf of The Apothecary Pharmacy at Salmon Creek,"2121 N.E. 139th St. , Suite 310",Vancouver,WA,98686,2024-04-01,2027-04-01,https://www.urac.org/directory/accreditation-details/?certification=SPP010200,2026-09-23
HSI00000897,Rush System for Health,system name: Rush System for Health | member hospital: Rush University Medical Center,SPP010195,Specialty Pharmacy,Full Accreditation,"Health Delivery Management, LLC d/b/a Rush Specialty Pharmacy",1725 W. Harrison Street; Suite 104,Chicago,IL,60612,2024-04-01,2027-04-01,https://www.urac.org/directory/accreditation-details/?certification=SPP010195,2026-09-23
HSI00000350,Essentia Health,system name: Essentia Health,SPP010314,Specialty Pharmacy,Full Accreditation,"The Duluth Clinic, Ltd d/b/a Essentia Health Specialty Pharmacy and Essentia Health Prescription Service Center",204 Belknap Street,Superior,WI,54880,2024-10-01,2027-10-01,https://www.urac.org/directory/accreditation-details/?certification=SPP010314,2026-09-23
HSI00000935,Saint Lukes Health System,system name: Saint Lukes Health System | member hospital: Saint Lukes Hospital Of Kansas City | member hospital: Saint Lukes Health System,SPP010049,Specialty Pharmacy,Full Accreditation,"Saint Luke’s Hospital of Kansas City, on behalf of its pharmacy Saint Luke’s Specialty Pharmacy","10920 Elm Avenue, Suite G1",Kansas City,MO,64134,2023-09-01,2026-10-01,https://www.urac.org/directory/accreditation-details/?certification=SPP010049,2026-09-23
HSI00000585,Lifespan,system name: Lifespan,SPP010067,Specialty Pharmacy,Full Accreditation,"Lifespan Pharmacy, LLC d/b/a Brown University Health Pharmacy","117 Chapman St, Ste 200",Providence,RI,02905,2023-10-01,2026-10-01,https://www.urac.org/directory/accreditation-details/?certification=SPP010067,2026-09-23
HSI00000097,Baystate Health,system name: Baystate Health | member hospital: Baystate Medical Center,SPP010177,Specialty Pharmacy,Full Accreditation,"Baystate Medical Center, Inc., on behalf of its department Baystate Specialty Pharmacy",3300 Main Street,Springfield,MA,01107,2024-03-01,2027-03-01,https://www.urac.org/directory/accreditation-details/?certification=SPP010177,2026-09-23
HSI00000263,Cone Health,system name: Cone Health | member hospital: The Moses H. Cone Memorial Hospital,SPP010340,Specialty Pharmacy,Full Accreditation,"The Moses H. Cone Memorial Hospital Operating Corporation, DBA, Wesley Long Outpatient Pharmacy",515 North Elam Ave.,Greensboro,NC,27403,2024-12-01,2027-12-01,https://www.urac.org/directory/accreditation-details/?certification=SPP010340,2026-09-23
HSI00001089,The University of Chicago Medicine,member hospital: University Of Chicago Hospitals,SPP010610,Specialty Pharmacy,Full Accreditation,"Insight Chicago, Inc. on behalf of Insight Hospital & Chicago Medical Center Pharmacy",2525 S. Michigan Avenue,Chicago,IL,60616,2026-03-01,2029-03-01,https://www.urac.org/directory/accreditation-details/?certification=SPP010610,2026-09-23
HSI00001089,The University of Chicago Medicine,member hospital: University Of Chicago Hospitals,SPP010083,Specialty Pharmacy,Full Accreditation,The University of Chicago Medical Center d/b/a UCMC Pharmacy Services,1551 Huntington Drive,Calumet City,IL,60409,2023-11-01,2026-11-01,https://www.urac.org/directory/accreditation-details/?certification=SPP010083,2026-09-23
HSI00000934,Saint Lukes,system name: Saint Lukes | member hospital: St. Lukes Regional Medical Center,SPP010655,Specialty Pharmacy,Full Accreditation,St. Luke’s Health System Specialty Pharmacy,11801 W Executive Drive,Boise,ID,83713,2026-06-01,2029-06-01,https://www.urac.org/directory/accreditation-details/?certification=SPP010655,2026-09-23
HSI00000591,Loma Linda University Health,system name: Loma Linda University Health | member hospital: Loma Linda University Medical Center,SPP010496,Specialty Pharmacy,Full Accreditation,Loma Linda University Medical Center on behalf of Loma Linda Home Delivery Pharmacy,125 E. Club Center Drive Suite 1500,San Bernadino,CA,92408,2025-11-01,2028-11-01,https://www.urac.org/directory/accreditation-details/?certification=SPP010496,2026-09-23
HSI00001185,University of Vermont Health Network,system name: University of Vermont Health Network | member hospital: University Of Vermont Medical Center,SPP010730,Specialty Pharmacy,Full Accreditation,University of Vermont Medical Center on behalf of University of Vermont Medical Center Outpatient Pharmacy,"1 South Prospect Street, Mailstop 404ARG",Burlington,VT,05401,2026-09-01,2029-08-01,https://www.urac.org/directory/accreditation-details/?certification=SPP010730,2026-09-23
HSI00001069,Texas Childrens Hospital,system name: Texas Childrens Hospital | member hospital: Texas Childrens Hospital,SPP010612,Specialty Pharmacy,Full Accreditation,Children's Health System of Texas d/b/a First Pharmacy Pavilion,2350 Stemmons Freeway F1510,Dallas,TX,75207,2026-04-01,2029-04-01,https://www.urac.org/directory/accreditation-details/?certification=SPP010612,2026-09-23
HSI00001069,Texas Childrens Hospital,system name: Texas Childrens Hospital | member hospital: Texas Childrens Hospital | address = member hospital: Texas Childrens Hospital,SPP010112,Specialty Pharmacy,Full Accreditation,Texas Children's Hospital (TCH),"6621 Fannin Street, Suite WB1-120",Houston,TX,77030,2023-12-01,2026-12-01,https://www.urac.org/directory/accreditation-details/?certification=SPP010112,2026-09-23
HSI00000019,Albany Medical Center,system name: Albany Medical Center | member hospital: Albany Medical Center Hospital | address = member hospital: Albany Medical Center Hospital,SPP010569,Specialty Pharmacy,Full Accreditation,Albany Medical Center Pharmacy,43 New Scotland Ave.,Albany,NY,12208,2026-02-01,2029-02-01,https://www.urac.org/directory/accreditation-details/?certification=SPP010569,2026-09-23
HSI00001065,Temple University Health System,system name: Temple University Health System | member hospital: Temple University Hospital,SPP010536,Specialty Pharmacy,Full Accreditation,"Temple University Hospital, Inc and behalf of its pharmacy Temple Health Specialty Pharmacy",1331 East Wyoming Avenue,Philadelphia,PA,19124,2025-12-01,2028-12-01,https://www.urac.org/directory/accreditation-details/?certification=SPP010536,2026-09-23
HSI00001186,University of Virginia Health System,system name: University of Virginia Health System,SPP010336,Specialty Pharmacy,Full Accreditation,"Central Virginia Health Services, Inc. on behalf of its pharmacies Central Virginia Health Services, Inc. and Health Care Alliance Pharmacy",25892 N James Madison Hwy,New Canton,VA,23123,2024-12-01,2027-11-01,https://www.urac.org/directory/accreditation-details/?certification=SPP010336,2026-09-23
HSI00001186,University of Virginia Health System,system name: University of Virginia Health System,SPP010596,Specialty Pharmacy,Full Accreditation,"Inova Health Care Services, a Virginia corporation on behalf of its pharmacy Inova Retail and Specialty Pharmacy","3901 Stonecroft Blvd, Suite A-1400",Chantilly,VA,20151,2026-03-01,2029-03-01,https://www.urac.org/directory/accreditation-details/?certification=SPP010596,2026-09-23
HSI00001186,University of Virginia Health System,system name: University of Virginia Health System,SPP010538,Specialty Pharmacy,Full Accreditation,"Parkview North Virginia Rx, LLC dba ParkviewRx Northern Virginia","11230 Waples Mill Road, Ste 115",Fairfax,VA,22030,2025-12-01,2028-12-01,https://www.urac.org/directory/accreditation-details/?certification=SPP010538,2026-09-23
HSI00001186,University of Virginia Health System,system name: University of Virginia Health System,SPP010346,Specialty Pharmacy,Full Accreditation,"The Rector and Visitors of the University of Virginia, on behalf of UVA Specialty Pharmacy","1725 Discovery Drive, Suite 200",Charlottsville,VA,22911,2024-12-01,2027-12-01,https://www.urac.org/directory/accreditation-details/?certification=SPP010346,2026-09-23
HSI00001186,University of Virginia Health System,system name: University of Virginia Health System,rdcoe010003,Rare Disease Pharmacy Center of Excellence,Full Certification,"The Rector and Visitors of the University of Virginia, on behalf of UVA Specialty Pharmacy","1725 Discovery Drive, Suite 200",Charlottsville,VA,22911,2023-12-01,2027-12-01,https://www.urac.org/directory/accreditation-details/?certification=rdcoe010003,2026-09-23
HSI00000170,Carilion Clinic,system name: Carilion Clinic | member hospital: Carilion Medical Center | member hospital: Carilion Roanoke Community Hospital,SPP010472,Specialty Pharmacy,Full Accreditation,"CHS, INC ON BEHALF OF ITS SPECIALTY PHARMACY CARILION CLINIC PHARMACY (ROANOKE CO)",213 S Jefferson St Suite 1600,Roanoke,VA,24011,2025-09-01,2028-09-01,https://www.urac.org/directory/accreditation-details/?certification=SPP010472,2026-09-23
HSI00000305,Deaconess Health System,system name: Deaconess Health System | member hospital: Deaconess Hospital,SPP010132,Specialty Pharmacy,Full Accreditation,"Deaconess Hospital, Inc. on behalf its pharmacy Deaconess Specialty Pharmacy",617 Oakley Street,Evansville,IN,47710,2024-01-01,2027-01-01,https://www.urac.org/directory/accreditation-details/?certification=SPP010132,2026-09-23
HSI00001181,University of Southern California,system name: University of Southern California | member hospital: Keck Hospital Of Usc,SPP010339,Specialty Pharmacy,Full Accreditation,University of Southern California on behalf of the Keck Specialty Pharmacy USC,1000 South Fremont Ave.,Alhambra,CA,90033,2024-12-01,2027-12-01,https://www.urac.org/directory/accreditation-details/?certification=SPP010339,2026-09-23
HSI00000750,North Mississippi Health Services,system name: North Mississippi Health Services | member hospital: North Mississippi Medical Center,SPP010667,Specialty Pharmacy,Full Accreditation,"North Mississippi Medical Center, Inc. dba NMMC Outpatient Infusion Service Specialty Pharmacy","738 South Gloster Street, Suite B",Tupelo,MS,38801,2026-06-01,2029-06-01,https://www.urac.org/directory/accreditation-details/?certification=SPP010667,2026-09-23
HSI00000917,Saint Elizabeth Healthcare,system name: Saint Elizabeth Healthcare | member hospital: St Elizabeth Healthcare,SPP010664,Specialty Pharmacy,Full Accreditation,"St. Elizabeth Medical Center, Inc. on behalf of its Pharmacy, St. Elizabeth Healthcare Specialty Pharmacy",850 Thomas More Parkway,Edgewood,KY,41017,2026-06-01,2029-06-01,https://www.urac.org/directory/accreditation-details/?certification=SPP010664,2026-09-23
HSI00000722,Nationwide Childrens Hospital,system name: Nationwide Childrens Hospital | member hospital: Nationwide Childrens Hospital | address = member hospital: Nationwide Childrens Hospital,SPP010186,Specialty Pharmacy,Full Accreditation,Nationwide Children's Hospital,700 Children's Drive,Columbus,OH,43205,2024-03-01,2027-03-01,https://www.urac.org/directory/accreditation-details/?certification=SPP010186,2026-09-23
HSI00001087,The Queens Health Systems,system name: The Queens Health Systems | member hospital: The Queens Medical Center,SPP010184,Specialty Pharmacy,Full Accreditation,"Queen's Development Corporation, d/b/a Queen's Physicians Office Building 3 Pharmacy",1301 Punchbowl Street,Honolulu,HI,96814,2024-03-01,2027-03-01,https://www.urac.org/directory/accreditation-details/?certification=SPP010184,2026-09-23
HSI00000041,Appalachian Regional Healthcare,system name: Appalachian Regional Healthcare,SPP010234,Specialty Pharmacy,Full Accreditation,"Appalachian Regional Healthcare, Inc. on behalf of its pharmacy ARH Specialty Pharmacy",2260 Executive Drive,Lexington,KY,40505,2024-07-01,2027-07-01,https://www.urac.org/directory/accreditation-details/?certification=SPP010234,2026-09-23
HSI00000098,Beacon Health System,member hospital: Memorial Hospital Of South Bend  Inc,SPP010529,Specialty Pharmacy,Full Accreditation,"Memorial Hospital South Bend, Inc. on behalf of Memorial Hospital Outpatient Pharmacy","100 Navarre Place, Suite 1150",South Bend,IN,46601,2025-12-01,2028-12-01,https://www.urac.org/directory/accreditation-details/?certification=SPP010529,2026-09-23
HSI00001153,University of Tennessee Medical Center,system name: University of Tennessee Medical Center,SPP010308,Specialty Pharmacy,Full Accreditation,East Tennessee Children’s Hospital Specialty Pharmacy.,2018 W Clinch Avenue,Knoxville,TN,37916,2024-09-01,2027-09-01,https://www.urac.org/directory/accreditation-details/?certification=SPP010308,2026-09-23
HSI00001153,University of Tennessee Medical Center,system name: University of Tennessee Medical Center,SPP010477,Specialty Pharmacy,Full Accreditation,"Tennessee Oncology, PLLC dba Park Pharmacy","2004 Hayes St., Suite 800",Nashville,TN,37203,2025-09-01,2028-09-01,https://www.urac.org/directory/accreditation-details/?certification=SPP010477,2026-09-23
HSI00001153,University of Tennessee Medical Center,address = member hospital: University Of Tennessee Medical Cent,SPP010372,Specialty Pharmacy,Full Accreditation,"University Health Systems, Inc.,for its University Pharmacy","1924 Alcoa Hwy., Ste. NP 100",Knoxville,TN,37920,2025-02-01,2028-02-01,https://www.urac.org/directory/accreditation-details/?certification=SPP010372,2026-09-23
HSI00001085,The Nebraska Medical Center,system name: The Nebraska Medical Center | member hospital: The Nebraska Medical Center,SPP010082,Specialty Pharmacy,Full Accreditation,The Nebraska Medical Center d/b/a The Nebraska Medical Center Clinic Pharmacy,4400 Emile St Level 2,Omaha,NE,68105,2023-11-01,2026-11-01,https://www.urac.org/directory/accreditation-details/?certification=SPP010082,2026-09-23
HSI00000929,Saint Josephs Health,system name: Saint Josephs Health,SPP010414,Specialty Pharmacy,Full Accreditation,St. Joseph's University Medical Center Inc on behalf of St Joseph's University Medical Center Specialty Pharmacy,"703 Main Street, Regan Bldg Basement RB 37",Patterson,NJ,07503,2025-05-01,2028-05-01,https://www.urac.org/directory/accreditation-details/?certification=SPP010414,2026-09-23
HSI00001075,The Childrens Hospital of Philadelphia,system name: The Childrens Hospital of Philadelphia | address = member hospital: The Childrens Hospital Of Philadelp,SPP010524,Specialty Pharmacy,Full Accreditation,"The Children's Hospital of Philadelphia on behalf of Children's Hospital Home Care, a department of CHOP, for its specialty pharmacy",3401 Civic Center Blvd.,Philadelphia,PA,19104,2025-12-01,2028-12-01,https://www.urac.org/directory/accreditation-details/?certification=SPP010524,2026-09-23
HSI00000193,CentraCare,system name: CentraCare,SPP010702,Specialty Pharmacy,Full Accreditation,St. Cloud Hospital d/b/a CentraCare – Plaza Pharmacy,"1900 CentraCare Circle , Suite 1350",St. Cloud,MN,56303,2026-08-01,2029-08-01,https://www.urac.org/directory/accreditation-details/?certification=SPP010702,2026-09-23
HSI00000330,Northern Light Health,system name: Northern Light Health,SPP010654,Specialty Pharmacy,Full Accreditation,"M Drug, LLC on behalf of its two site locations Northern Light Pharmacy and Northern Light Pharmacy Whiting Hill",210 State Street,Bangor,ME,04401,2026-05-01,2029-04-01,https://www.urac.org/directory/accreditation-details/?certification=SPP010654,2026-09-23
HSI00001004,Southcoast Health System,system name: Southcoast Health System | member hospital: Southcoast Hospitals Group  Inc,SPP010605,Specialty Pharmacy,Full Accreditation,"Southcoast Hospitals Group, Inc. on behalf of its Specialty Pharmacy D/b/a Southcoast Specialty Pharmacy",101 Page Street,New Bedford,MA,02740,2026-03-01,2029-03-01,https://www.urac.org/directory/accreditation-details/?certification=SPP010605,2026-09-23
HSI00000819,Penn Highlands Healthcare,system name: Penn Highlands Healthcare | member hospital: Highlands Hospital,SPP010644,Specialty Pharmacy,Full Accreditation,DuBois Regional Medical Center on behalf of Penn Highlands Specialty Pharmacy,720 South Main Street,Dubois,PA,15801,2026-05-01,2029-05-01,https://www.urac.org/directory/accreditation-details/?certification=SPP010644,2026-09-23
HSI00000715,Munson Healthcare,system name: Munson Healthcare | member hospital: Munson Medical Center,SPP010233,Specialty Pharmacy,Full Accreditation,Munson Medical Center on behalf of Munson Medical Center dba Munson Healthcare Specialty Pharmacy,"550 Munson Avenue, Unit 4",Traverse City,MI,49686,2024-06-01,2027-06-01,https://www.urac.org/directory/accreditation-details/?certification=SPP010233,2026-09-23
HSI00000530,John Muir Health,system name: John Muir Health | member hospital: John Muir Medical Center - Wc,SPP010420,Specialty Pharmacy,Full Accreditation,John Muir Health on behalf of Pavilion Pharmacy at John Muir Health,"177 La Casa Via, STE 270",Walnut Creek,CA,94598,2025-05-01,2028-05-01,https://www.urac.org/directory/accreditation-details/?certification=SPP010420,2026-09-23
HSI00000621,Marshfield Clinic Health System,system name: Marshfield Clinic Health System | member hospital: Marshfield Medical Center,SPP010631,Specialty Pharmacy,Conditional Accreditation,"Marshfield Clinic, Inc.","1000 N. Oak Avenue , Suite 100",Marshfield,WI,54449,2026-04-27,2026-10-01,https://www.urac.org/directory/accreditation-details/?certification=SPP010631,2026-09-23
HSI00000139,Bronson Healthcare Group,system name: Bronson Healthcare Group | member hospital: Bronson Battle Creek,SPP010352,Specialty Pharmacy,Full Accreditation,Bronson Battle Creek Hospital d/b/a Bronson Battle Creek Hospital Outpatient Pharmacy,363 Fremont St Suite 111,Battle Creek,MI,49017,2025-01-01,2028-01-01,https://www.urac.org/directory/accreditation-details/?certification=SPP010352,2026-09-23
HSI00000455,Hawaii Pacific Health,system name: Hawaii Pacific Health,SPP010160,Specialty Pharmacy,Full Accreditation,Straub Clinic & Hospital on behalf of its pharmacy Hawaii Pacific Health Specialty Pharmacy,"3375 Koapaka Street, Suite H400",Honolulu,HI,96819,2024-02-01,2027-02-01,https://www.urac.org/directory/accreditation-details/?certification=SPP010160,2026-09-23
HSI00000883,Riverside Health System,system name: Riverside Health System | member hospital: Riverside Regional Medical Center | address = member hospital: Riverside Regional Medical Center,SPP010656,Specialty Pharmacy,Full Accreditation,Riverside Hospital Inc. on behalf of its pharmacies Pavilion Pharmacy and Riverside Pharmacy Chesapeake,500 J Clyde Morris Blvd,Newport News,VA,23601,2026-05-01,2029-05-01,https://www.urac.org/directory/accreditation-details/?certification=SPP010656,2026-09-23
HSI00000226,Emanate Health,system name: Emanate Health | member hospital: Emanate Health Medical Center,SPP010600,Specialty Pharmacy,Full Accreditation,Emanate Health Medical Center on behalf of Emanate Health Medical Center Pharmacy,1135 S. Sunset Ave #104,West Covina,CA,91790,2026-03-01,2029-03-01,https://www.urac.org/directory/accreditation-details/?certification=SPP010600,2026-09-23
HSI00001217,Valley Health,system name: Valley Health,SPP010571,Specialty Pharmacy,Full Accreditation,Winchester Medical Center on behalf of Valley Health Specialty Pharmacy A Department of Winchester Medical Center,"2913 Valley Avenue, Suite 125",Winchester,VA,22601,2026-02-01,2029-02-01,https://www.urac.org/directory/accreditation-details/?certification=SPP010571,2026-09-23
HSI00000166,Care New England Health System,system name: Care New England Health System,SPP010203,Specialty Pharmacy,Full Accreditation,"Care New England, LLC",455 Toll Gate Road,Warwick,RI,02886,2024-05-01,2027-05-01,https://www.urac.org/directory/accreditation-details/?certification=SPP010203,2026-09-23
HSI00001043,Summa Health System,system name: Summa Health System | member hospital: Summa Health System | address = member hospital: Summa Health System,SPP010140,Specialty Pharmacy,Full Accreditation,"Akron Region Hospital, LLC, on behalf of its pharmacy, Summa Health Retail Pharmacy – Akron Campus",525 East Market Street,Akron,OH,44304,2024-01-01,2027-01-01,https://www.urac.org/directory/accreditation-details/?certification=SPP010140,2026-09-23
HSI00001060,Tallahassee Memorial Healthcare,system name: Tallahassee Memorial Healthcare | member hospital: Tallahassee Memorial Hospital | address = member hospital: Tallahassee Memorial Hospital,SPP010384,Specialty Pharmacy,Full Accreditation,"Tallahassee Memorial Healthcare, Inc. on behalf of its pharmacy TMH Specialty Pharmacy","1300 Miccosukee Rd, Suite 100-B",Tallahassee,FL,32308,2025-03-01,2028-03-01,https://www.urac.org/directory/accreditation-details/?certification=SPP010384,2026-09-23
HSI00001369,AtlantiCare,system name: AtlantiCare | member hospital: Atlanticare Regional Medical Center,SPP010520,Specialty Pharmacy,Full Accreditation,"AtlantiCare Regional Medical Center, Inc on behalf of AtlantiCare Pharmacy - Galloway",54 W. Jimmie Leeds Rd,Galloway,NJ,08205,2025-11-01,2028-11-01,https://www.urac.org/directory/accreditation-details/?certification=SPP010520,2026-09-23
HSI00000868,Monument Health,system name: Monument Health,SPP010406,Specialty Pharmacy,Full Accreditation,"Monument Health Home Plus, LLC on behalf of Monument Health Home Plus Specialty Pharmacy",2006 Mt. Rushmore Rd Suite 2,Rapid City,SD,57701,2025-04-01,2028-04-01,https://www.urac.org/directory/accreditation-details/?certification=SPP010406,2026-09-23
HSI00001500,Childrens Hospital Colorado,system name: Childrens Hospital Colorado | member hospital: Childrens Hospital Colorado,SPP010168,Specialty Pharmacy,Full Accreditation,Children's Hospital Colorado on behalf of Children's Colorado Specialty Pharmacy,"860 North Potomac Circle , Lobby",Aurora,CO,80011,2024-03-01,2027-03-01,https://www.urac.org/directory/accreditation-details/?certification=SPP010168,2026-09-23
HSI00000130,Boston Childrens Hospital,system name: Boston Childrens Hospital | member hospital: Childrens Hospital Corporation,SPP010523,Specialty Pharmacy,Full Accreditation,"Boston Children's Health Solutions RX, LLC",283 Longwood Avenue,Boston,MA,02115,2025-12-01,2028-12-01,https://www.urac.org/directory/accreditation-details/?certification=SPP010523,2026-09-23
HSI00000712,Mount Sinai Medical Center of Florida,system name: Mount Sinai Medical Center of Florida,SPP010222,Specialty Pharmacy,Full Accreditation,"Mt. Sinai Medical Center of Florida, Inc. on behalf of Mount Sinai Pharmacy Express","4301 Alton Rd, Suite 1451",Miami Beach,FL,33140,2024-06-01,2027-06-01,https://www.urac.org/directory/accreditation-details/?certification=SPP010222,2026-09-23
HSI00000749,North Memorial Health,system name: North Memorial Health | member hospital: North Memorial Health Hospital,SPP010675,Specialty Pharmacy,Full Accreditation,North Memorial Health Care a Nonprofit Minnesota Corporation on behalf of North Memorial Health Cancer Center Pharmacy,"3435 W. Broadway, Suite 1135",Robbinsdale,MN,55422,2026-07-01,2029-07-01,https://www.urac.org/directory/accreditation-details/?certification=SPP010675,2026-09-23
HSI00000114,Billings Clinic,system name: Billings Clinic | member hospital: Billings Clinic,SPP010419,Specialty Pharmacy,Full Accreditation,"Billings Clinic on behalf of Billings Clinic Specialty Supplies and Services, LLC",1015 Broadwater Avenue Suite 101,Billings,MT,59102,2025-05-01,2028-05-01,https://www.urac.org/directory/accreditation-details/?certification=SPP010419,2026-09-23
HSI00001104,TriHealth,system name: TriHealth,SPP010086,Specialty Pharmacy,Full Accreditation,Bethesda Hospital Inc. an Ohio non-profit corporation on behalf of TriHealth Pharmacy Solutions,4623 Wesley Avenue Suite N,Cincinnati,OH,45212,2023-11-01,2026-11-01,https://www.urac.org/directory/accreditation-details/?certification=SPP010086,2026-09-23
HSI00000823,Phoebe Putney Health Systems,system name: Phoebe Putney Health Systems | member hospital: Phoebe Putney Memorial Hospital,SPP010576,Specialty Pharmacy,Full Accreditation,Phoebe Putney Memorial Hospital Inc. dba Phoebe Specialty Pharmacy,"425 W Third Avenue Medical Tower - I, Suite 100",Albany,GA,31701,2026-02-01,2029-02-01,https://www.urac.org/directory/accreditation-details/?certification=SPP010576,2026-09-23
HSI00000927,Saint Josephs Candler Health System,member hospital: Candler Hospital  Inc | address = member hospital: Candler Hospital  Inc,SPP010595,Specialty Pharmacy,Full Accreditation,"Candler Hospital, Inc. on behalf of its pharmacy Candler Hospital, Inc dba Candler Prescription Center",5353 Reynolds Street,Savannah,GA,31405,2026-03-01,2029-03-01,https://www.urac.org/directory/accreditation-details/?certification=SPP010595,2026-09-23
HSI00000208,Childrens Health,system name: Childrens Health,SPP010612,Specialty Pharmacy,Full Accreditation,Children's Health System of Texas d/b/a First Pharmacy Pavilion,2350 Stemmons Freeway F1510,Dallas,TX,75207,2026-04-01,2029-04-01,https://www.urac.org/directory/accreditation-details/?certification=SPP010612,2026-09-23
HSI00000208,Childrens Health,system name: Childrens Health,SPP010302,Specialty Pharmacy,Full Accreditation,Cook Children's Medical Center on behalf of Cook Childrens Retail Pharmacy - Dodson,"1500 Cooper Street, Ste 1541",Fort Worth,TX,76104,2024-09-01,2027-09-01,https://www.urac.org/directory/accreditation-details/?certification=SPP010302,2026-09-23
HSI00000208,Childrens Health,system name: Childrens Health,SPP010325,Specialty Pharmacy,Full Accreditation,Driscoll Children's Hospital on behalf of Driscoll Children's Hospital/Driscoll Health Pharmacy,3533 S Alameda Street,Corpus Christi,TX,78411,2024-11-01,2027-11-01,https://www.urac.org/directory/accreditation-details/?certification=SPP010325,2026-09-23
HSI00000208,Childrens Health,system name: Childrens Health,SPP010112,Specialty Pharmacy,Full Accreditation,Texas Children's Hospital (TCH),"6621 Fannin Street, Suite WB1-120",Houston,TX,77030,2023-12-01,2026-12-01,https://www.urac.org/directory/accreditation-details/?certification=SPP010112,2026-09-23
HSI00000273,Cook Childrens Health Care System,system name: Cook Childrens Health Care System | member hospital: Cook Childrens Medical Center,SPP010302,Specialty Pharmacy,Full Accreditation,Cook Children's Medical Center on behalf of Cook Childrens Retail Pharmacy - Dodson,"1500 Cooper Street, Ste 1541",Fort Worth,TX,76104,2024-09-01,2027-09-01,https://www.urac.org/directory/accreditation-details/?certification=SPP010302,2026-09-23
HSI00000933,Saint Lukes Episcopal Presbyterian Hospital,member hospital: St. Lukes Hospital,SPP010049,Specialty Pharmacy,Full Accreditation,"Saint Luke’s Hospital of Kansas City, on behalf of its pharmacy Saint Luke’s Specialty Pharmacy","10920 Elm Avenue, Suite G1",Kansas City,MO,64134,2023-09-01,2026-10-01,https://www.urac.org/directory/accreditation-details/?certification=SPP010049,2026-09-23
HSI00001039,Stormont Vail Health,system name: Stormont Vail Health | member hospital: Stormont-Vail Regional Health Center,SPP010598,Specialty Pharmacy,Full Accreditation,"Stormont Vail Pharmacy, LLC",830 SW Lane Street,Topeka,KS,66606,2026-03-01,2029-03-01,https://www.urac.org/directory/accreditation-details/?certification=SPP010598,2026-09-23
HSI00000131,Boston Medical Center,system name: Boston Medical Center | member hospital: Boston Medical Center,SPP010523,Specialty Pharmacy,Full Accreditation,"Boston Children's Health Solutions RX, LLC",283 Longwood Avenue,Boston,MA,02115,2025-12-01,2028-12-01,https://www.urac.org/directory/accreditation-details/?certification=SPP010523,2026-09-23
HSI00000131,Boston Medical Center,system name: Boston Medical Center | member hospital: Boston Medical Center,SPP010449,Specialty Pharmacy,Full Accreditation,Boston Medical Center Corporation on behalf of Shapiro Pharmacy and Cornerstone Health Solutions Specialty Pharmacy,1 Boston Medical Center Place,Boston,MA,02118,2025-07-01,2028-07-01,https://www.urac.org/directory/accreditation-details/?certification=SPP010449,2026-09-23
HSI00000089,Baton Rouge General Health System,system name: Baton Rouge General Health System | member hospital: Baton Rouge General,SPP010623,Specialty Pharmacy,Full Accreditation,Baton Rouge General Medical Center on behalf of its pharmacy Baton Rouge General Compounding Pharmacy,9001 Summa Ave,Baton Rouge,LA,70809,2026-04-01,2029-04-01,https://www.urac.org/directory/accreditation-details/?certification=SPP010623,2026-09-23
HSI00000207,Childrens Minnesota,system name: Childrens Minnesota | member hospital: Childrens Health Care | member hospital: Childrens Hospitals And Clinics Minnesota,SPP010117,Specialty Pharmacy,Full Accreditation,Children's Health Care d/b/a Children's Minnesota on behalf of its pharmacy Children's Hospitals and Clinics of MN Retail Pharmacy,2530 Chicago Ave S,Minneapolis,MN,55404,2023-12-01,2026-12-01,https://www.urac.org/directory/accreditation-details/?certification=SPP010117,2026-09-23
HSI00000365,FirstHealth of the Carolinas,system name: FirstHealth of the Carolinas | address = member hospital: Firsthealth Moore Regional Hospital,SPP010357,Specialty Pharmacy,Full Accreditation,"FirstHealth of the Carolinas, Inc. on behalf of FirstHealth Outpatient Pharmacy",155 Memorial Drive,Pinehurst,NC,28374,2025-01-01,2028-01-01,https://www.urac.org/directory/accreditation-details/?certification=SPP010357,2026-09-23
HSI00000667,Mercyhealth,system name: Mercyhealth | member hospital: Javon Bea Hospital | address = member hospital: Javon Bea Hospital,SPP010459,Specialty Pharmacy,Full Accreditation,Javon Bea Hospital on behalf of its pharmacy Mercyhealth Pharmacy - Riverside,8201 E. Riverside Blvd Ste 1022,Rockford,IL,61114,2025-08-01,2028-08-01,https://www.urac.org/directory/accreditation-details/?certification=SPP010459,2026-09-23
HSI00000210,Childrens Hospital Los Angeles,system name: Childrens Hospital Los Angeles | member hospital: Childrens Hospital Los Angeles,SPP010276,Specialty Pharmacy,Full Accreditation,Children's Hospital Los Angeles on behalf of its pharmacy Childrens Hospital Los Angeles Specialty Pharmacy,"4650 Sunset Blvd, Room 1503",Los Angeles,CA,90027,2024-08-01,2027-08-01,https://www.urac.org/directory/accreditation-details/?certification=SPP010276,2026-09-23
HSI00001138,United Health Services,system name: United Health Services,SPP010153,Specialty Pharmacy,Full Accreditation,"United Health Services Hospitals, Inc.","345 Main St., Suite A",Johnson City,NY,13790,2024-02-01,2027-02-01,https://www.urac.org/directory/accreditation-details/?certification=SPP010153,2026-09-23
HSI00000065,Aultman Health Foundation,system name: Aultman Health Foundation | member hospital: Aultman Hospital | member hospital: Aultman Specialty Hospital,SPP010669,Specialty Pharmacy,Full Accreditation,Aultman Hospital on behalf of its pharmacy Aultman Employee Pharmacy,2600 6th Street SW,Canton,OH,44710,2026-06-01,2029-06-01,https://www.urac.org/directory/accreditation-details/?certification=SPP010669,2026-09-23
HSI00000211,Akron Childrens Hospital,system name: Akron Childrens Hospital | member hospital: Childrens Hospital Medical Center,SPP010397,Specialty Pharmacy,Full Accreditation,Children's Hospital Medical Center of Akron d/b/a Akron Children's Hospital on behalf of Children's Hosp Med CTR of Akron Ambulatory Care Center Pharmacy,"215 West Bowery Street, Level 3",Akron,OH,44302,2025-04-01,2028-04-01,https://www.urac.org/directory/accreditation-details/?certification=SPP010397,2026-09-23
HSI00000211,Akron Childrens Hospital,member hospital: Childrens Hospital Medical Center,SPP010530,Specialty Pharmacy,Full Accreditation,Cincinnati Children's Hospital Medical Center,3333 Burnet Ave. MLC 5017,Cincinnati,OH,45229,2025-12-01,2028-12-01,https://www.urac.org/directory/accreditation-details/?certification=SPP010530,2026-09-23
HSI00000211,Akron Childrens Hospital,member hospital: Childrens Hospital Medical Center,SPP010241,Specialty Pharmacy,Full Accreditation,Dayton Children's Hospital an Ohio not-for-profit Corporation on behalf of its pharmacy Dayton Children's Hospital Specialty Pharmacy,1 Children's Plaza,Dayton,OH,45404,2024-07-01,2027-07-01,https://www.urac.org/directory/accreditation-details/?certification=SPP010241,2026-09-23
HSI00000211,Akron Childrens Hospital,member hospital: Childrens Hospital Medical Center,SPP010186,Specialty Pharmacy,Full Accreditation,Nationwide Children's Hospital,700 Children's Drive,Columbus,OH,43205,2024-03-01,2027-03-01,https://www.urac.org/directory/accreditation-details/?certification=SPP010186,2026-09-23
HSI00000211,Akron Childrens Hospital,member hospital: Childrens Hospital Medical Center,SPP010682,Specialty Pharmacy,Full Accreditation,Rocking Horse Children's Health Center on behalf of Rocking Horse Community Health Center Pharmacy,651 Limestone St.,Springfield,OH,45505,2026-07-01,2029-07-01,https://www.urac.org/directory/accreditation-details/?certification=SPP010682,2026-09-23
HSI00000428,Gundersen Health System,system name: Gundersen Health System,SPP010218,Specialty Pharmacy,Full Accreditation,"Gundersen Clinic, Ltd on behalf of Gundersen Pharmacy",1836 South Ave,La Crosse,WI,54601,2024-06-01,2027-06-01,https://www.urac.org/directory/accreditation-details/?certification=SPP010218,2026-09-23
HSI00000802,Owensboro Health,system name: Owensboro Health | member hospital: Owensboro Health Regional Hospital,SPP010493,Specialty Pharmacy,Full Accreditation,"Owensboro Health, Inc. on behalf of Owensboro Health Specialty Pharmacy","2200 East Parrish Avenue, Building C, Ste LL102",Owensboro,KY,42303,2025-10-01,2028-10-01,https://www.urac.org/directory/accreditation-details/?certification=SPP010493,2026-09-23
HSI00000401,Glens Falls Hospital,system name: Glens Falls Hospital | member hospital: Glens Falls Hospital | address = member hospital: Glens Falls Hospital,SPP010602,Specialty Pharmacy,Full Accreditation,Glens Falls Hospital on behalf of its pharmacy Glens Falls Hospital Specialty Pharmacy,100 Park Street Room T1002,Glens Falls,NY,12801,2026-03-01,2029-03-01,https://www.urac.org/directory/accreditation-details/?certification=SPP010602,2026-09-23
HSI00001218,Valley Health System,system name: Valley Health System | member hospital: The Valley Hospital,SPP010291,Specialty Pharmacy,Full Accreditation,"The Valley Hospital, Inc., on behalf of its Specialty Pharmacies: Valley Health Pharmacy Prescription Processing Center, Valley Health Pharmacy and Valley Health Pharmacy-Mahwah","970 Linwood Ave, Suite 104",Paramus,NJ,07450,2024-09-01,2027-09-01,https://www.urac.org/directory/accreditation-details/?certification=SPP010291,2026-09-23
HSI00000824,Phoenix Childrens Hospital,system name: Phoenix Childrens Hospital | member hospital: Phoenix Childrens Hospital | address = member hospital: Phoenix Childrens Hospital,SPP010104,Specialty Pharmacy,Full Accreditation,"Phoenix Children’s Hospital, Inc., d/b/a Phoenix Children’s",1919 E. Thomas Rd.,Phoenix,AZ,85016,2023-12-01,2026-12-01,https://www.urac.org/directory/accreditation-details/?certification=SPP010104,2026-09-23
HSI00000969,Seattle Childrens Hospital Research and Foundation,member hospital: Seattle Childrens Hospital,SPP010613,Specialty Pharmacy,Full Accreditation,Seattle Children's Hospital on behalf of Seattle Children's Outpatient Pharmacy,"4800 Sand Point Way NE, # FB1.440",Seattle,WA,98105,2026-03-01,2029-03-01,https://www.urac.org/directory/accreditation-details/?certification=SPP010613,2026-09-23
HSI00000076,Baptist Health Care,system name: Baptist Health Care | member hospital: Baptist Hospital,SPP010717,Specialty Pharmacy,Full Accreditation,"Oncology Specialty Pharmacy, LLC d/b/a Baptist Health Specialty Pharmacy",14412 Commerce Way,Miami,FL,33016,2026-09-01,2029-09-01,https://www.urac.org/directory/accreditation-details/?certification=SPP010717,2026-09-23
HSI00000725,Nemours Childrens Health,address = member hospital: Alfred I Dupont Hosp For Children,SPP010116,Specialty Pharmacy,Full Accreditation,The Nemours Foundation on behalf of its pharmacy Outpatient Pharmacy of the Nemours Foundation,1600 Rockland Road,Wilmington,DE,19803,2023-12-01,2026-12-01,https://www.urac.org/directory/accreditation-details/?certification=SPP010116,2026-09-23
HSI00000050,Arkansas Childrens Hospital,system name: Arkansas Childrens Hospital | member hospital: Arkansas Childrens Hospital | address = member hospital: Arkansas Childrens Hospital,SPP010423,Specialty Pharmacy,Full Accreditation,Arkansas Children's Hospital on behalf of its pharmacy Arkansas Children's Hospital Pharmacy,1 Children's Way,Little Rock,AR,72202,2025-05-01,2028-05-01,https://www.urac.org/directory/accreditation-details/?certification=SPP010423,2026-09-23
HSI00000553,Kootenai Health,system name: Kootenai Health,SPP010643,Specialty Pharmacy,Full Accreditation,"Kootenai Health, Inc. d/b/a Kootenai Clinics Cancer Services Pharmacy",700 W. Ironwood Drive Suite 228,Coeur D'Alene,ID,83814,2026-05-01,2029-05-01,https://www.urac.org/directory/accreditation-details/?certification=SPP010643,2026-09-23
HSI00000912,Saint Charles Health System,system name: Saint Charles Health System | member hospital: St Charles Medical Center,SPP010268,Specialty Pharmacy,Full Accreditation,"St. Charles Health System, Inc. on behalf of St. Charles Specialty Pharmacy","20876 NE Triton Place , Suite 110",Bend,OR,97701,2024-08-01,2027-08-01,https://www.urac.org/directory/accreditation-details/?certification=SPP010268,2026-09-23
HSI00000214,CHOC Childrens,system name: CHOC Childrens | address = member hospital: Childrens Hospital Of Orange Count,SPP010342,Specialty Pharmacy,Full Accreditation,"Children's Hospital of Orange County, a non-profit public benefit corporation, on behalf of CHOC Children's Hospital specialty pharmacy",1201 West La Veta Avenue,Orange,CA,92868,2024-12-01,2027-12-01,https://www.urac.org/directory/accreditation-details/?certification=SPP010342,2026-09-23
HSI00000117,Blessing Health System,system name: Blessing Health System | member hospital: Blessing Hospital,SPP010379,Specialty Pharmacy,Full Accreditation,Blessing Hospital on behalf of its pharmacy Blessing Health Specialty Pharmacy,1005 BROADWAY ST RM 1952-304,Quincy,IL,62301,2025-03-01,2028-03-01,https://www.urac.org/directory/accreditation-details/?certification=SPP010379,2026-09-23
HSI00001423,Pikeville Medical Center,system name: Pikeville Medical Center | member hospital: Pikeville Medical Center | address = member hospital: Pikeville Medical Center,SPP010172,Specialty Pharmacy,Full Accreditation,"Pikeville Medical Center, Inc. a Kentucky not-for-profit Corporation on behalf of its pharmacy Pikeville Medical Center Specialty Pharmacy",911 Bypass Rd. Bldg. E Ste 2,Pikeville,KY,41501,2024-03-01,2027-03-01,https://www.urac.org/directory/accreditation-details/?certification=SPP010172,2026-09-23
HSI00000216,Childrens National Health System,system name: Childrens National Health System | member hospital: Childrens Hospital | address = member hospital: Childrens Hospital,SPP010450,Specialty Pharmacy,Full Accreditation,Children's Hospital d/b/a Children's National Hospital,111 Michigan Ave NW,Washington,DC,20010,2025-07-01,2028-07-01,https://www.urac.org/directory/accreditation-details/?certification=SPP010450,2026-09-23
HSI00000818,TidalHealth Peninsula Regional,system name: TidalHealth Peninsula Regional | member hospital: Tidalhealth Peninsula Regional Inc | address = member hospital: Tidalhealth Peninsula Regional Inc,SPP010639,Specialty Pharmacy,Full Accreditation,"TidalHealth Peninsula Regional, Inc. on behalf of TidalHealth Peninsula Regional Inc dba TidalHealth Specialty Pharmacy","100 E Carroll St., Suite 1435 A",Salisbury,MD,21801,2026-04-01,2029-04-01,https://www.urac.org/directory/accreditation-details/?certification=SPP010639,2026-09-23
HSI00000034,Anderson Regional Health System,system name: Anderson Regional Health System,SPP010007,Specialty Pharmacy,Full Accreditation,Anderson Regional Medical Center on behalf of its pharmacy Anderson Pharmacy,"1st Floor Medical Towers , 2024 15th Street",Meridian,MS,39301,2023-07-01,2026-10-01,https://www.urac.org/directory/accreditation-details/?certification=SPP010007,2026-09-23
HSI00000951,Samaritan Health Services,system name: Samaritan Health Services | member hospital: Good Samaritan Hospital Corvallis,SPP010543,Specialty Pharmacy,Full Accreditation,Good Samaritan Hospital Corvallis d/b/a Samaritan Specialty Pharmacy,3521 NW Samaritan Drive Suite 202,Corvallis,OR,97330,2026-01-01,2029-01-01,https://www.urac.org/directory/accreditation-details/?certification=SPP010543,2026-09-23
HSI00001032,Stamford Health,system name: Stamford Health | member hospital: The Stamford Hospital,SPP010573,Specialty Pharmacy,Full Accreditation,Stamford Health Pharmacy LLC,"1 Hospital Plaza, Ste G122",Stamford,CT,09602,2026-02-01,2029-02-01,https://www.urac.org/directory/accreditation-details/?certification=SPP010573,2026-09-23
HSI00001137,Union Health,system name: Union Health | member hospital: Union Hospital  Inc.,SPP010437,Specialty Pharmacy,Full Accreditation,"Union Hospital, Inc on behalf of its pharmacy Union Hospital Specialty Pharmacy",1606 N. 7th St. Ste 100,Terre Haute,IN,47804,2025-06-01,2028-06-01,https://www.urac.org/directory/accreditation-details/?certification=SPP010437,2026-09-23
HSI00000920,Saint Francis Healthcare System,system name: Saint Francis Healthcare System | member hospital: Saint Francis Medical Center,SPP010486,Specialty Pharmacy,Full Accreditation,Saint Francis Medical Center on behalf of Saint Francis Specialty Pharmacy,"211 Saint Francis Drive, Attn: Pharmacy",Cape Girardeau,MO,63703,2025-09-01,2028-09-01,https://www.urac.org/directory/accreditation-details/?certification=SPP010486,2026-09-23
HSI00000087,Bassett Healthcare Network,system name: Bassett Healthcare Network | member hospital: Mary Imogene Bassett Hospital,SPP010739,Specialty Pharmacy,Full Accreditation,The Mary Imogene Bassett Hospital d/b/a FoxCare Pharmacy,"1 FoxCare Drive, Suite 215, Oneonta, NY,",Oneonta,NY,13820,2026-09-01,2029-09-01,https://www.urac.org/directory/accreditation-details/?certification=SPP010739,2026-09-23
HSI00000391,Genesis Healthcare System,system name: Genesis Healthcare System | member hospital: Genesis Healthcare System,SPP010072,Specialty Pharmacy,Full Accreditation,"Genesis Specialty Pharmacy, LLC","721 Taylor Street , Suite B",Zanesville,OH,43701,2023-11-01,2026-11-01,https://www.urac.org/directory/accreditation-details/?certification=SPP010072,2026-09-23
HSI00000671,Meritus Health,system name: Meritus Health | member hospital: Meritus Medical Center,SPP010518,Specialty Pharmacy,Full Accreditation,"Meritus Medical Center, Inc on behalf of Meritus Pharmacy Robinwood","11110 Medical Campus Road, Suite 105",Hagerstown,MD,21742,2025-11-01,2028-11-01,https://www.urac.org/directory/accreditation-details/?certification=SPP010518,2026-09-23
HSI00000109,Berkshire Health Systems,system name: Berkshire Health Systems | member hospital: Berkshire Medical Center,SPP010178,Specialty Pharmacy,Full Accreditation,"Berkshire Medical Center, Inc. d/b/a Berkshire Community Pharmacy",725 North Street,Pittsfield,MA,01201,2024-03-01,2027-03-01,https://www.urac.org/directory/accreditation-details/?certification=SPP010178,2026-09-23
HSI00000345,Enloe Medical Center,system name: Enloe Medical Center | member hospital: Enloe Medical Center,SPP010677,Specialty Pharmacy,Full Accreditation,Enloe Medical Center on behalf of its pharmacy Enloe Medical Center - Cancer Center,"251 Cohasset Road , Suite 145",Chico,CA,95926,2026-07-01,2029-07-01,https://www.urac.org/directory/accreditation-details/?certification=SPP010677,2026-09-23
HSI00001533,Riverside Healthcare,system name: Riverside Healthcare | member hospital: Riverside Medical Center,SPP010459,Specialty Pharmacy,Full Accreditation,Javon Bea Hospital on behalf of its pharmacy Mercyhealth Pharmacy - Riverside,8201 E. Riverside Blvd Ste 1022,Rockford,IL,61114,2025-08-01,2028-08-01,https://www.urac.org/directory/accreditation-details/?certification=SPP010459,2026-09-23
HSI00000197,Central Maine Healthcare Corporation,system name: Central Maine Healthcare Corporation | member hospital: Central Maine Medical Center,SPP007293,Specialty Pharmacy,Full Accreditation,Central Maine Medical Center d/b/a CMMC Pharmacy,"10 High Street, Suite 104",Lewiston,ME,04240,2020-09-01,2027-06-01,https://www.urac.org/directory/accreditation-details/?certification=SPP007293,2026-09-23
HSI00001407,The Brooklyn Hospital Center,system name: The Brooklyn Hospital Center | member hospital: The Brooklyn Hospital Center,SPP010651,Specialty Pharmacy,Full Accreditation,Truepill NY LLC dba FuzeRx Brooklyn,"850 3rd Ave, Ste 404",Brooklyn,NY,11232,2026-05-01,2029-04-01,https://www.urac.org/directory/accreditation-details/?certification=SPP010651,2026-09-23
HSI00001238,Washington Health System,system name: Washington Health System | member hospital: The Washington Hospital,SPP010461,Specialty Pharmacy,Full Accreditation,"The Prescription Center - South Washington, LLC d/b/a The Prescription Center - Cherry Street",329 Cherry Street Suite 1A,Scranton,PA,18505,2025-08-01,2028-08-01,https://www.urac.org/directory/accreditation-details/?certification=SPP010461,2026-09-23
HSI00000564,Lake Charles Memorial Health System,system name: Lake Charles Memorial Health System | member hospital: Lake Charles Memorial Hospital | address = member hospital: Lake Charles Memorial Hospital,SPP010547,Specialty Pharmacy,Full Accreditation,Southwest Louisiana Hospital Association d/b/a Lake Charles Memorial Hospital on behalf of its pharmacy Lake Charles Memorial Specialty Pharmacy,1701 Oak Park Blvd,Lake Charles,LA,70601,2026-01-01,2029-01-01,https://www.urac.org/directory/accreditation-details/?certification=SPP010547,2026-09-23
HSI00000581,Licking Memorial Health Systems,system name: Licking Memorial Health Systems | member hospital: Licking Memorial Hospital,SPP010294,Specialty Pharmacy,Full Accreditation,Licking Memorial Hospital on behalf of LMH Specialty Pharmacy,"1272 W. Main Street, STE 401",Newark,OH,43055,2024-09-01,2027-09-01,https://www.urac.org/directory/accreditation-details/?certification=SPP010294,2026-09-23
HSI00000321,Driscoll Childrens Hospital,system name: Driscoll Childrens Hospital | member hospital: Driscoll Childrens Hospital | address = member hospital: Driscoll Childrens Hospital,SPP010325,Specialty Pharmacy,Full Accreditation,Driscoll Children's Hospital on behalf of Driscoll Children's Hospital/Driscoll Health Pharmacy,3533 S Alameda Street,Corpus Christi,TX,78411,2024-11-01,2027-11-01,https://www.urac.org/directory/accreditation-details/?certification=SPP010325,2026-09-23
HSI00000755,Northbay Healthcare,system name: Northbay Healthcare | member hospital: Northbay Health Care Group | member hospital: Northbay Hospital Group,SPP010670,Specialty Pharmacy,Full Accreditation,NorthBay Healthcare Corporation on behalf of NorthBay Specialty Pharmacy,"1020 Nut Tree Road , 3rd floor",Vacaville,CA,95687,2026-06-01,2029-06-01,https://www.urac.org/directory/accreditation-details/?certification=SPP010670,2026-09-23
HSI00000215,Childrens Hospital of the Kings Daughters Health System,address = member hospital: Childrens Hospital Of The Kings Da,SPP010539,Specialty Pharmacy,Full Accreditation,"Children's Pharmacy Services, LLC dba CHKD Outpatient Pharmacy","601 Children's Lane, Suite 101",Norfolk,VA,23507,2025-12-01,2028-12-01,https://www.urac.org/directory/accreditation-details/?certification=SPP010539,2026-09-23
HSI00001219,Valley Health Systems,system name: Valley Health Systems,SPP010351,Specialty Pharmacy,Full Accreditation,"DANA-FARBER CANCER INSTITUTE, INC. on behalf of Merrimack Valley Outpatient Pharmacy Department","5 Branch Street, Floor 1, Room 1040",Methuen,MA,01844,2024-12-01,2027-12-01,https://www.urac.org/directory/accreditation-details/?certification=SPP010351,2026-09-23
HSI00000032,Altru Health System,system name: Altru Health System | member hospital: Altru Health System-Altru Hospital | address = member hospital: Altru Health System-Altru Hospital,SPP010113,Specialty Pharmacy,Full Accreditation,"Altru Specialty Services, LLC d/b/a Altru Retail Pharmacy",1200 South Columbia Road,Grand Forks,ND,58201,2023-12-01,2026-12-01,https://www.urac.org/directory/accreditation-details/?certification=SPP010113,2026-09-23
HSI00001481,Southern Ohio Medical Center,system name: Southern Ohio Medical Center | member hospital: Southern Ohio Medical Center | address = member hospital: Southern Ohio Medical Center,SPP010609,Specialty Pharmacy,Full Accreditation,"Southern Ohio Medical Center, on behalf of its Specialty Pharmacies",1805 27th Street,Portsmouth,OH,45662,2026-03-01,2029-02-01,https://www.urac.org/directory/accreditation-details/?certification=SPP010609,2026-09-23
HSI00000213,Childrens Hospital and Medical Center,system name: Childrens Hospital and Medical Center | member hospital: Childrens Hospital & Medical Center,SPP010071,Specialty Pharmacy,Full Accreditation,Children's Hospital & Medical Center on behalf of its pharmacy Children's Home Healthcare,3000 S 84th Street,Omaha,NE,68124,2023-10-01,2026-10-01,https://www.urac.org/directory/accreditation-details/?certification=SPP010071,2026-09-23
HSI00000302,Dayton Childrens,system name: Dayton Childrens | member hospital: Dayton Childrens Hospital | address = member hospital: Dayton Childrens Hospital,SPP010241,Specialty Pharmacy,Full Accreditation,Dayton Children's Hospital an Ohio not-for-profit Corporation on behalf of its pharmacy Dayton Children's Hospital Specialty Pharmacy,1 Children's Plaza,Dayton,OH,45404,2024-07-01,2027-07-01,https://www.urac.org/directory/accreditation-details/?certification=SPP010241,2026-09-23
HSI00000984,Signature Healthcare,system name: Signature Healthcare,SPP010232,Specialty Pharmacy,Full Accreditation,"Brockton Hospital, Inc. on behalf of Signature Healthcare Pharmacy",110 Liberty Street,Brockton,MA,02301,2024-06-01,2027-06-01,https://www.urac.org/directory/accreditation-details/?certification=SPP010232,2026-09-23
HSI00000663,Mercy Medical Center,system name: Mercy Medical Center | member hospital: Mercy Medical Center,SPP010483,Specialty Pharmacy,Full Accreditation,"Mercy Medical Center, Inc. on behalf of Mercy Medical Center Outpatient Pharmacy",227 St. Paul Place,Baltimore,MD,21202,2025-09-01,2028-09-01,https://www.urac.org/directory/accreditation-details/?certification=SPP010483,2026-09-23
HSI00000490,Holzer Health System,system name: Holzer Health System | member hospital: Holzer,SPP010504,Specialty Pharmacy,Full Accreditation,Holzer Hospital Foundation on behalf of its pharmacy Holzer Hospital Foundation Holzer Specialty Pharmacy,448 Jackson Pike,Gallipolis,OH,45631,2025-12-01,2028-12-01,https://www.urac.org/directory/accreditation-details/?certification=SPP010504,2026-09-23
HSI00000271,Conway Medical Center,system name: Conway Medical Center | member hospital: Conway Hospital | address = member hospital: Conway Hospital,SPP010505,Specialty Pharmacy,Full Accreditation,"Conway Hospital, Inc. on behalf of Conway Specialty Pharmacy","300 Singleton Ridge Road, Unit 104",Conway,SC,29526,2025-10-01,2028-10-01,https://www.urac.org/directory/accreditation-details/?certification=SPP010505,2026-09-23
HSI00000943,Saint Peters Health,system name: Saint Peters Health | member hospital: St. Peters Hospital,SPP010154,Specialty Pharmacy,Full Accreditation,St. Peter's Health on behalf of its pharmacy St Peters Health Specialty Pharmacy,2550 E. Broadway,Helena,MT,59601,2024-02-01,2027-02-01,https://www.urac.org/directory/accreditation-details/?certification=SPP010154,2026-09-23
HSI00001286,Bristol Hospital,system name: Bristol Hospital | member hospital: Bristol Hospital  Inc,SPP010444,Specialty Pharmacy,Full Accreditation,"Bristol Health Pharmacy, LLC",41 Brewster Road,Bristol,CT,06010,2025-07-01,2028-07-01,https://www.urac.org/directory/accreditation-details/?certification=SPP010444,2026-09-23
HSI00000189,Cayuga Medical Center,system name: Cayuga Medical Center | member hospital: Cayuga Medical Center At Ithaca,SPP010624,Specialty Pharmacy,Full Accreditation,"Cayuga Medical Center at Ithaca, Inc on behalf of its pharmacy Cayuga Medical Center at Ithaca","201 Dates Drive, Suite 109",Ithaca,NY,14850,2026-04-01,2029-04-01,https://www.urac.org/directory/accreditation-details/?certification=SPP010624,2026-09-23
HSI00001529,Ozarks Healthcare,system name: Ozarks Healthcare | member hospital: Ozarks Medical Center,SPP010085,Specialty Pharmacy,Full Accreditation,Ozarks Medical Center dba Ozarks Healthcare on behalf of its pharmacy Ozarks Healthcare Specialty Pharmacy,18 Parkway Shopping Center,West Plains,MO,65775,2023-11-01,2026-11-01,https://www.urac.org/directory/accreditation-details/?certification=SPP010085,2026-09-23
HSI00000694,Missouri Delta Medical Center,system name: Missouri Delta Medical Center | member hospital: Missouri Delta Medical Center | address = member hospital: Missouri Delta Medical Center,SPP010626,Specialty Pharmacy,Full Accreditation,Missouri Delta Medical Center on behalf of its pharmacy Missouri Delta Medical Center,1008 North Main Street,Sikeston,MO,63801,2026-04-01,2029-04-01,https://www.urac.org/directory/accreditation-details/?certification=SPP010626,2026-09-23
HSI00000994,Sky Lakes Medical Center,system name: Sky Lakes Medical Center | member hospital: Sky Lakes Medical Center | address = member hospital: Sky Lakes Medical Center,SPP010441,Specialty Pharmacy,Full Accreditation,"Sky Lakes Medical Center, Inc on behalf of Sky Lakes Specialty Pharmacy",2865 Daggett Ave,Klamath Falls,OR,97601,2025-06-01,2028-06-01,https://www.urac.org/directory/accreditation-details/?certification=SPP010441,2026-09-23
HSI00001580,Knox Community Hospital,system name: Knox Community Hospital | member hospital: Knox Community Hospital,SPP010146,Specialty Pharmacy,Full Accreditation,Knox Community Hospital on behalf of its pharmacy KCH Outpatient Pharmacy,1330 Coshocton Avenue,Mount Vernon,OH,43050,2024-02-01,2027-02-01,https://www.urac.org/directory/accreditation-details/?certification=SPP010146,2026-09-23
HSI00000815,Pella Regional Health Center,system name: Pella Regional Health Center | member hospital: Pella Regional Health Center | address = member hospital: Pella Regional Health Center,SPP010129,Specialty Pharmacy,Full Accreditation,Pella Regional Health Center,404 Jefferson St.,Pella,IA,50219,2024-01-19,2026-11-01,https://www.urac.org/directory/accreditation-details/?certification=SPP010129,2026-09-23
HSI00000981,Shriners Hospitals for Children,address = member hospital: Shriners Hospitals For Children - C,SPP010241,Specialty Pharmacy,Full Accreditation,Dayton Children's Hospital an Ohio not-for-profit Corporation on behalf of its pharmacy Dayton Children's Hospital Specialty Pharmacy,1 Children's Plaza,Dayton,OH,45404,2024-07-01,2027-07-01,https://www.urac.org/directory/accreditation-details/?certification=SPP010241,2026-09-23
HSI00001176,University of Miami Health System,system name: University of Miami Health System | member hospital: University Of Miami Hospital,SPP007298,Specialty Pharmacy,Full Accreditation,"Miami Beach Community Health Center, Inc.","11645 Biscayne Blvd, Suite 207",North Miami,FL,33181,2020-10-01,2026-10-01,https://www.urac.org/directory/accreditation-details/?certification=SPP007298,2026-09-23
HSI00001176,University of Miami Health System,system name: University of Miami Health System | member hospital: University Of Miami Hospital,SPP010056,Specialty Pharmacy,Full Accreditation,"Public Health Trust of Miami-Dade County, Florida on behalf of its Pharmacy, Jackson Pharmacy Solutions","901 NW 17th Street, , Suite O",Miami,FL,33136,2023-10-01,2026-10-01,https://www.urac.org/directory/accreditation-details/?certification=SPP010056,2026-09-23
HSI00001176,University of Miami Health System,system name: University of Miami Health System | member hospital: University Of Miami Hospital,SPP010079,Specialty Pharmacy,Full Accreditation,"South Miami Pharmacy II, LLC d/b/a SMP Pharmacy Solutions #2",7500 NW 26th Street Suite 102,Miami,FL,33122,2023-11-01,2026-11-01,https://www.urac.org/directory/accreditation-details/?certification=SPP010079,2026-09-23
HSI00001176,University of Miami Health System,system name: University of Miami Health System | member hospital: University Of Miami Hospital,SPP010261,Specialty Pharmacy,Full Accreditation,University of Miami on behalf of UHealth Specialty Pharmacy,9675 NW 117th Ave,Medley,FL,33178,2024-07-01,2027-04-01,https://www.urac.org/directory/accreditation-details/?certification=SPP010261,2026-09-23
HSI00000327,East Tennessee Childrens Hospital Association,system name: East Tennessee Childrens Hospital Association | member hospital: East Tennessee Childrens Hospital,SPP010308,Specialty Pharmacy,Full Accreditation,East Tennessee Children’s Hospital Specialty Pharmacy.,2018 W Clinch Avenue,Knoxville,TN,37916,2024-09-01,2027-09-01,https://www.urac.org/directory/accreditation-details/?certification=SPP010308,2026-09-23
