system_id,system_name,match_basis,npi,org_name,other_names,specialty_is_primary,primary_taxonomy,street,city,state,zip5,authorized_official_title,status,last_updated,evidence_url,evidence_as_of
HSI00001427,CommonSpirit Health,member hospital: Centura St Anthony Hospital | member hospital: Centura St. Anthony North Hospital | address = member hospital: Centura St. Anthony North Hospital,1306249024,CENTURA HEALTH PHARMACY AT ST. ANTHONY NORTH,,False,"Pharmacy, Community/Retail Pharmacy",14300 ORCHARD PKWY,WESTMINSTER,CO,80023,Pharmacy Manager,A,2016-03-24,https://npiregistry.cms.hhs.gov/provider-view/1306249024,2026-10-02
HSI00000055,Ascension Health,address = member hospital: Daviess Community Hospital,1881552115,DAVIESS COUNTY HOSPITAL,DAVIESS COMMUNITY HOSPITAL PHARMACY,False,Pharmacy,1314 E WALNUT ST STE 100,WASHINGTON,IN,47501,Enrollment,A,2026-01-14,https://npiregistry.cms.hhs.gov/provider-view/1881552115,2026-10-02
HSI00000055,Ascension Health,system name: Ascension Health,1437233434,"ASCENSION PHARMACY SERVICES, LLC.",ASCENSION RX 1303,False,"Pharmacy, Community/Retail Pharmacy",30055 NORTHWESTERN HWY STE 225,FARMINGTON HILLS,MI,48334,Chief Pharmacy Officer,A,2026-03-26,https://npiregistry.cms.hhs.gov/provider-view/1437233434,2026-10-02
HSI00000055,Ascension Health,address = member hospital: Genesys Regional Medical Ctr.,1558407056,GENESYS REGIONAL MEDICAL CENTER,,False,"Pharmacy, Community/Retail Pharmacy",1 GENESYS PKWY,GRAND BLANC,MI,48439,DIR OF PHCY,A,2010-03-15,https://npiregistry.cms.hhs.gov/provider-view/1558407056,2026-10-02
HSI00000055,Ascension Health,system name: Ascension Health,1629721576,"MINISTRY HOME CARE SERVICES, LLC",ASCENSION AT HOME,False,Pharmacy,10050 S 27TH ST STE 100,OAK CREEK,WI,53154,SVP Chief Legal Officer,A,2023-09-06,https://npiregistry.cms.hhs.gov/provider-view/1629721576,2026-10-02
HSI00000055,Ascension Health,system name: Ascension Health,1073345799,"ASCENSION PHARMACY SERVICES, LLC.",,True,"Pharmacy, Specialty Pharmacy",7701 METROPOLIS DR STE 200B,AUSTIN,TX,78744,Chief Pharmacy Officer,A,2024-08-20,https://npiregistry.cms.hhs.gov/provider-view/1073345799,2026-10-02
HSI00000055,Ascension Health,system name: Ascension Health,1467543165,"MINISTRY HOME CARE SERVICES, LLC",ASCENSION AT HOME,False,"Pharmacy, Home Infusion Therapy Pharmacy",1927 N CENTRAL AVE,MARSHFIELD,WI,54449,"SVP, Chief Legal Officer",A,2023-09-06,https://npiregistry.cms.hhs.gov/provider-view/1467543165,2026-10-02
HSI00000055,Ascension Health,system name: Ascension Health,1699722124,"MINISTRY HOME CARE SERVICES, LLC",ASCENSION AT HOME,False,"Pharmacy, Home Infusion Therapy Pharmacy",10050 S 27TH ST STE 100,OAK CREEK,WI,53154,"SVP, Chief Legal Officer",A,2023-09-06,https://npiregistry.cms.hhs.gov/provider-view/1699722124,2026-10-02
HSI00001106,Trinity Health,member hospital: Winter Haven Hospital,1457742298,"CENTRAL FLORIDA HEALTH CARE, INC",CENTRAL FLORIDA HEALTH CARE PHARMACY WINTER HAVEN,True,"Pharmacy, Specialty Pharmacy",1514 1ST ST N,WINTER HAVEN,FL,33881,CEO,A,2022-03-31,https://npiregistry.cms.hhs.gov/provider-view/1457742298,2026-10-02
HSI00001106,Trinity Health,system name: Trinity Health,1881623700,FRANCKS LAB INC,TRINITY CARE SOLUTIONS,False,"Pharmacy, Home Infusion Therapy Pharmacy",202 SW 17TH ST,OCALA,FL,34474,CEO Owner,A,2012-12-17,https://npiregistry.cms.hhs.gov/provider-view/1881623700,2026-10-02
HSI00001106,Trinity Health,member hospital: Jackson County Public Hospital,1679647176,PUBLIC HEALTH TRUST OF DADE COUNTY FLORIDA,JACKSON MEMORIAL HOSPITAL,False,"Pharmacy, Institutional Pharmacy",1611 NW 12TH AVE,MIAMI,FL,33136,President CEO,A,2009-06-09,https://npiregistry.cms.hhs.gov/provider-view/1679647176,2026-10-02
HSI00001106,Trinity Health,member hospital: Jackson County Public Hospital,1194289157,PUBLIC HEALTH TRUST OF MIAMI DADE COUNTY FLORIDA,JACKSON PHARMACY JACKSON SOUTH,False,"Pharmacy, Community/Retail Pharmacy",9333 SW 152ND STREET,MIAMI,FL,33157,Chief Financial Officer,A,2019-01-24,https://npiregistry.cms.hhs.gov/provider-view/1194289157,2026-10-02
HSI00001106,Trinity Health,member hospital: Jackson County Public Hospital,1790856458,PUBLIC HEALTH TRUST OF MIAMI DADE COUNTY FLORIDA,JACKSON PHARMACY SOLUTIONS,False,Pharmacy,901 NW 17TH ST STE D,MIAMI,FL,33136,Associate Director Pharmacy,A,2022-02-28,https://npiregistry.cms.hhs.gov/provider-view/1790856458,2026-10-02
HSI00001106,Trinity Health,member hospital: Mercyone Waterloo Medical Center,1518752559,"COVENANT MEDICAL CENTER, INC.",MERCYONE WATERLOO PHARMACY; MERCYONE WATERLOO SPECIALTY PHARMACY,True,"Pharmacy, Specialty Pharmacy",2710 SAINT FRANCIS DR STE 101,WATERLOO,IA,50702,Director Financial Operations,A,2025-04-10,https://npiregistry.cms.hhs.gov/provider-view/1518752559,2026-10-02
HSI00001106,Trinity Health,address = member hospital: Genesis Medical Center - Davenport,1891741955,"GENVENTURES, INC",GENESIS FIRSTMED PHARMACY,True,"Pharmacy, Specialty Pharmacy",1227 E RUSHOLME ST,DAVENPORT,IA,52803,"CFO, Vice President Finance",A,2022-02-10,https://npiregistry.cms.hhs.gov/provider-view/1891741955,2026-10-02
HSI00001106,Trinity Health,address = member hospital: Genesis Medical Center - Davenport,1972683373,"GENVENTURES, INC.",GENESIS FIRSTMED PHARMACY (ADDING GENESIS TO D/B/A),False,"Pharmacy, Community/Retail Pharmacy",1227 E RUSHOLME ST,DAVENPORT,IA,52803,President,A,2026-07-09,https://npiregistry.cms.hhs.gov/provider-view/1972683373,2026-10-02
HSI00001106,Trinity Health,member hospital: Wayne County Hospital,1457902314,WAYNE COUNTY HOSPITAL,YOUR NEIGHBORHOOD PHARMACY,False,"Pharmacy, Community/Retail Pharmacy",510 E JEFFERSON ST STE A,CORYDON,IA,50060,CFO,A,2026-06-03,https://npiregistry.cms.hhs.gov/provider-view/1457902314,2026-10-02
HSI00001106,Trinity Health,address = member hospital: Ronald Mcdonald Childrens Hospital Of Loyola University Medical Center,1164200275,LOYOLA UNIVERSITY MEDICAL CENTER,LOYOLA OUTPATIENT CENTER,True,"Pharmacy, Specialty Pharmacy",2160 S. 1ST AVENUE,MAYWOOD,IL,60153,CEO,A,2023-09-19,https://npiregistry.cms.hhs.gov/provider-view/1164200275,2026-10-02
HSI00001106,Trinity Health,system name: Trinity Health,1336858802,"TRINITY HEALTH PHARMACY SERVICES, LLC",,True,"Pharmacy, Specialty Pharmacy",12279 BLUFFTON RD,FORT WAYNE,IN,46809,Director,A,2023-09-06,https://npiregistry.cms.hhs.gov/provider-view/1336858802,2026-10-02
HSI00001106,Trinity Health,system name: Trinity Health,1669016895,"TRINITY HEALTH PHARMACY SERVICES, LLC",,True,"Pharmacy, Specialty Pharmacy",12279 BLUFFTON ROAD,FORT WAYNE,IN,46809,VP and Chief Pharmacy Officer,A,2022-04-25,https://npiregistry.cms.hhs.gov/provider-view/1669016895,2026-10-02
HSI00001106,Trinity Health,system name: Trinity Health,1013626639,"HACKLEY PROFESSIONAL PHARMACY, INC",TRINITY HEALTH PHARMACY - HACKLEY,True,"Pharmacy, Specialty Pharmacy",1675 LEAHY ST STE 111,MUSKEGON,MI,49442,Pharmacy Manager,A,2022-11-22,https://npiregistry.cms.hhs.gov/provider-view/1013626639,2026-10-02
HSI00001106,Trinity Health,system name: Trinity Health,1841233574,SAINT MARYS HOME INFUSION PROGRAM,SAINT MARY'S HOME INFUSION PROG; TRINITY HEALTH INFUSION PHARMACY - CATHEDRAL SQUARE,False,"Pharmacy, Community/Retail Pharmacy",360 DIVISION AVE S,GRAND RAPIDS,MI,49503,Regional CFO and Treasurer,A,2025-03-26,https://npiregistry.cms.hhs.gov/provider-view/1841233574,2026-10-02
HSI00001106,Trinity Health,address = member hospital: Trinity Health Oakland,1710073010,ST JOSEPH MERCY PROFESSIONAL PHARMACY,,True,"Pharmacy, Specialty Pharmacy",44405 WOODWARD AVE,PONTIAC,MI,48341,"MANAGER, PHARMACY SERVICES",A,2025-09-11,https://npiregistry.cms.hhs.gov/provider-view/1710073010,2026-10-02
HSI00001106,Trinity Health,system name: Trinity Health | address = member hospital: Trinity Health Oakland,1801982103,TRINITY HEALTH - MICHIGAN,STJOSEPH MERCY PROFESSIONAL PHARMACY,False,"Pharmacy, Community/Retail Pharmacy",44405 WOODWARD AVE,PONTIAC,MI,48341,"MANAGER, PHARMACY SERVICES",A,2023-03-07,https://npiregistry.cms.hhs.gov/provider-view/1801982103,2026-10-02
HSI00001106,Trinity Health,system name: Trinity Health | member hospital: Trinity Health Grand Rapids,1447960299,TRINITY HEALTH-MICHIGAN,MERCY HEALTH PHARMACY SOLUTIONS; TRINITY HEALTH PHARMACY SOLUTIONS - GRAND RAPIDS,True,"Pharmacy, Specialty Pharmacy",360 DIVISION AVE S STE 1E,GRAND RAPIDS,MI,49503,President/CEO,A,2022-12-02,https://npiregistry.cms.hhs.gov/provider-view/1447960299,2026-10-02
HSI00001106,Trinity Health,system name: Trinity Health | address = member hospital: Trinity Health Oakland,1922105287,TRINITY HEALTH-MICHIGAN,STJOSEPH MERCY PROFESSIONAL PHARMACY,False,"Pharmacy, Community/Retail Pharmacy",44405 WOODWARD AVE,PONTIAC,MI,48341,CEO,A,2026-03-30,https://npiregistry.cms.hhs.gov/provider-view/1922105287,2026-10-02
HSI00001526,Advocate Health,member hospital: Aurora Health Care Metro  Inc. | address = member hospital: Aurora Health Care Metro  Inc.,1861447179,"AURORA HEALTH CARE METRO, INC.",,False,General Acute Care Hospital,2900 W OKLAHOMA AVE,MILWAUKEE,WI,53215,VP Managed Health,A,2025-10-01,https://npiregistry.cms.hhs.gov/provider-view/1861447179,2026-10-02
HSI00001526,Advocate Health,address = member hospital: North Carolina Baptist Hospital,1770636490,BAPTIST HOSPITAL HOME RX,,False,"Pharmacy, Long Term Care Pharmacy",MEDICAL CENTER BLVD,WINSTON SALEM,NC,27157,President,A,2009-10-30,https://npiregistry.cms.hhs.gov/provider-view/1770636490,2026-10-02
HSI00001526,Advocate Health,address = member hospital: Atrium Health Cabarrus,1376579052,CHS PHARMACY SERVICES INC,ATRIUM HEALTH PHARMACY PAVILION,False,"Pharmacy, Community/Retail Pharmacy",920 CHURCH ST N,CONCORD,NC,28025,AVP Pharmacy Services,A,2021-03-25,https://npiregistry.cms.hhs.gov/provider-view/1376579052,2026-10-02
HSI00001526,Advocate Health,member hospital: North Carolina Baptist Hospital | address = member hospital: North Carolina Baptist Hospital,1114192358,NORTH CAROLINA BAPTIST HOSPITAL,,False,"Pharmacy, Community/Retail Pharmacy",MEDICAL CENTER BLVD,WINSTON SALEM,NC,27157,Director of Pharmacy,A,2025-09-25,https://npiregistry.cms.hhs.gov/provider-view/1114192358,2026-10-02
HSI00001526,Advocate Health,member hospital: North Carolina Baptist Hospital | address = member hospital: North Carolina Baptist Hospital,1316079247,NORTH CAROLINA BAPTIST HOSPITAL,COMPREHENSIVE CANCER CENTER PHARMACY,False,"Pharmacy, Community/Retail Pharmacy",MEDICAL CENTER BLVD,WINSTON SALEM,NC,27157,Director of Pharmacy,A,2025-09-25,https://npiregistry.cms.hhs.gov/provider-view/1316079247,2026-10-02
HSI00001526,Advocate Health,member hospital: North Carolina Baptist Hospital | address = member hospital: North Carolina Baptist Hospital,1376978999,NORTH CAROLINA BAPTIST HOSPITAL,NORTH CAROLINA BAPTIST HOSPITAL PHARMACY,False,"Pharmacy, Community/Retail Pharmacy",MEDICAL CENTER BLVD,WINSTON SALEM,NC,27157,DIRECTOR OF PHARMACY,A,2023-03-07,https://npiregistry.cms.hhs.gov/provider-view/1376978999,2026-10-02
HSI00001526,Advocate Health,member hospital: High Point Medical Center,1891134086,THE MOSES H CONE MEMORIAL HOSPITAL OPERATING CORPORATION,MEDCENTER HIGH POINT OUTPATIENT PHARMACY,False,Durable Medical Equipment & Medical Supplies,2630 WILLARD DAIRY RD,HIGH POINT,NC,27265,CEO/President,A,2014-01-23,https://npiregistry.cms.hhs.gov/provider-view/1891134086,2026-10-02
HSI00000536,Kaiser Permanente,system name: Kaiser Permanente,1366999021,KAISER FOUNDATION HEALTH PLAN INC,KAISER PERMANENTE PHARMACY #329,True,"Pharmacy, Specialty Pharmacy",4131 GEARY BLVD,SAN FRANCISCO,CA,94118,VP Pharmacy Operations and Services,A,2020-10-22,https://npiregistry.cms.hhs.gov/provider-view/1366999021,2026-10-02
HSI00000852,Providence,system name: Providence | address = member hospital: Providence Lttl Co Mary Mc Torrance,1821010315,PROVIDENCE HEALTH SYSTEM SOUTHERN CALIFORNIA,PROVIDENCE LITTLE COMPANY OF MARY MEDICAL CENTER TORRANCE PHARMACY,False,"Pharmacy, Institutional Pharmacy",4101 TORRANCE BLVD,TORRANCE,CA,90503,ASSISTANT SECRETARY ENROLLMENTS,A,2025-05-09,https://npiregistry.cms.hhs.gov/provider-view/1821010315,2026-10-02
HSI00000852,Providence,system name: Providence | member hospital: Providence St Joseph Medical Center | member hospital: St. Joseph Hospital Of Orange,1699396655,ST. JOSEPH HEALTH SYSTEM HOME CARE SERVICES LLC,PROVIDENCE HOME INFUSION ORANGE COUNTY,False,"Pharmacy, Home Infusion Therapy Pharmacy",200 W CENTER STREET PROMENADE STE 100A,ANAHEIM,CA,92805,Assistant Secretary for Enrollment,A,2026-06-24,https://npiregistry.cms.hhs.gov/provider-view/1699396655,2026-10-02
HSI00000852,Providence,system name: Providence | member hospital: Providence St Joseph Medical Center,1518569219,ST. JOSEPH HEALTH SYSTEM HOME CARE SERVICES LLC,PROVIDENCE HOME INFUSION LA COUNTY; PROVIDENCE INFUSION AND PHARMACY SERVICES-BURBANK,False,"Pharmacy, Home Infusion Therapy Pharmacy",2703 N ONTARIO ST STE 120&130,BURBANK,CA,91504,ASSISTANT SECRETARY FOR ENROLLMENT,A,2026-09-18,https://npiregistry.cms.hhs.gov/provider-view/1518569219,2026-10-02
HSI00000852,Providence,system name: Providence,1427132265,PROVIDENCE HEALTH & SERVICES OREGON,PROVIDENCE SPECIALTY PHARMACY SERVICES-INFUSION/SPP,False,"Pharmacy, Home Infusion Therapy Pharmacy",6410 NE HALSEY ST,PORTLAND,OR,97213,ASSISTANT SECRETARY ENROLLMENT,A,2025-05-16,https://npiregistry.cms.hhs.gov/provider-view/1427132265,2026-10-02
HSI00000852,Providence,member hospital: Covenant Childrens Hospital,1568451763,METHODIST CHILDREN'S HOSPITAL,COVENANT HOME INFUSION,False,"Pharmacy, Home Infusion Therapy Pharmacy",7509 MARSHA SHARP FWY STE 101,LUBBOCK,TX,79407,Assistant Secretary of Enrollments,A,2026-04-01,https://npiregistry.cms.hhs.gov/provider-view/1568451763,2026-10-02
HSI00000852,Providence,system name: Providence,1720121346,PROVIDENCE HEALTH & SERVICES WASHINGTON,PROVIDENCE INFUSION AND PHARMACY SERVICES,False,"Pharmacy, Long Term Care Pharmacy",3333 S 120TH PL STE 100B,TUKWILA,WA,98168,Assistant Secretary of Enrollments,A,2025-05-16,https://npiregistry.cms.hhs.gov/provider-view/1720121346,2026-10-02
HSI00000010,AdventHealth,system name: AdventHealth | member hospital: Adventhealth Porter Hospital | address = member hospital: Adventhealth Porter Hospital,1558374900,PORTERCARE ADVENTIST HEALTH SYSTEM,ADVENTHEALTH PHARMACY PORTER,True,"Pharmacy, Specialty Pharmacy",2525 S DOWNING ST FL 1,DENVER,CO,80210,CFO,A,2023-11-02,https://npiregistry.cms.hhs.gov/provider-view/1558374900,2026-10-02
HSI00000010,AdventHealth,system name: AdventHealth | address = member hospital: Ucm Adventhealth Bolingbrook,1336925817,ADVENTIST BOLINGBROOK HOSPITAL,UCHICAGO MEDICINE ADVENTHEALTH PHARMACY BOLINGBROOK,True,"Pharmacy, Specialty Pharmacy",500 REMINGTON BLVD,BOLINGBROOK,IL,60440,Chief Financial Officer,A,2024-11-12,https://npiregistry.cms.hhs.gov/provider-view/1336925817,2026-10-02
HSI00000010,AdventHealth,system name: AdventHealth | address = member hospital: Ucm Adventhealth Bolingbrook,1205120706,ADVENTIST BOLINGBROOK HOSPITAL,UCHICAGO MEDICINE ADVENTHEALTH PHARMACY BOLINGBROOK,True,"Pharmacy, Specialty Pharmacy",500 REMINGTON BLVD,BOLINGBROOK,IL,60440,Chief Financial Officer,A,2024-11-12,https://npiregistry.cms.hhs.gov/provider-view/1205120706,2026-10-02
HSI00000010,AdventHealth,system name: AdventHealth | address = member hospital: Ucm Adventhealth Bolingbrook,1184923260,ADVENTIST BOLINGBROOK HOSPITAL,UCHICAGO MEDICINE ADVENTHEALTH PHARMACY BOLINGBROOK,False,"Pharmacy, Community/Retail Pharmacy",500 REMINGTON BLVD,BOLINGBROOK,IL,60440,Chief Financial Officer,A,2024-11-08,https://npiregistry.cms.hhs.gov/provider-view/1184923260,2026-10-02
HSI00000010,AdventHealth,system name: AdventHealth | address = member hospital: Ucm Adventhealth Glenoaks,1518114750,ADVENTIST GLENOAKS HOSPITAL,UCHICAGO MEDICINE ADVENTHEALTH PHARMACY GLENOAKS,False,"Pharmacy, Community/Retail Pharmacy",701 WINTHROP AVE,GLENDALE HEIGHTS,IL,60139,Chief Financial Officer,A,2024-11-12,https://npiregistry.cms.hhs.gov/provider-view/1518114750,2026-10-02
HSI00000010,AdventHealth,system name: AdventHealth | address = member hospital: Ucm Adventhealth Glenoaks,1386881290,ADVENTIST GLENOAKS HOSPITAL,UCHICAGO MEDICINE ADVENTHEALTH PHARMACY GLENOAKS,True,"Pharmacy, Specialty Pharmacy",701 WINTHROP AVE,GLENDALE HEIGHTS,IL,60139,Chief Financial Officer,A,2024-11-12,https://npiregistry.cms.hhs.gov/provider-view/1386881290,2026-10-02
HSI00000010,AdventHealth,system name: AdventHealth | member hospital: Adventist Hinsdale Hospital | address = member hospital: Adventist Hinsdale Hospital,1053415653,ADVENTIST MIDWEST HEALTH,UCHICAGO MEDICINE ADVENTHEALTH PHARMACY HINSDALE,False,"Pharmacy, Community/Retail Pharmacy",120 NORTH OAK STREET,HINSDALE,IL,60521,Director Reimbursement,A,2024-11-12,https://npiregistry.cms.hhs.gov/provider-view/1053415653,2026-10-02
HSI00000010,AdventHealth,system name: AdventHealth | member hospital: Adventist Hinsdale Hospital | address = member hospital: Adventist Hinsdale Hospital,1245498948,ADVENTIST MIDWEST HEALTH,UCHICAGO MEDICINE ADVENTHEALTH PHARMACY HINSDALE,True,"Pharmacy, Specialty Pharmacy",120 NORTH OAK STREET,HINSDALE,IL,60521,Chief Financial Officer,A,2024-11-12,https://npiregistry.cms.hhs.gov/provider-view/1245498948,2026-10-02
HSI00001428,Bon Secours Mercy Health,member hospital: Clermont Mercy Hospital | member hospital: Mercy Regional Medical Center,1538619820,MERCY HEALTH - CLERMONT HOSPITAL LLC,HARNESS HEALTH PHARMACY #301,False,"Pharmacy, Community/Retail Pharmacy",2055 HOSPITAL DR STE 100,BATAVIA,OH,45103,System Director,A,2023-04-21,https://npiregistry.cms.hhs.gov/provider-view/1538619820,2026-10-02
HSI00001428,Bon Secours Mercy Health,member hospital: Mercy Regional Medical Center | member hospital: Mercy Health Saint Anne Hospital Llc,1194495150,MERCY HEALTH - ST ANNE HOSPITAL LLC,MERCY HEALTH PERRYSBURG OUTPATIENT PHARMACY,False,Pharmacy,12623 ECKEL JUNCTION RD,PERRYSBURG,OH,43551,System Director Payor Admin,A,2022-01-13,https://npiregistry.cms.hhs.gov/provider-view/1194495150,2026-10-02
HSI00001428,Bon Secours Mercy Health,member hospital: Mercy Regional Medical Center,1932866803,MERCY HEALTH-REGIONAL MEDICAL CENTER LLC,MERCY HEALTH LORAIN OUTPATIENT PHARMACY,False,Pharmacy,3600 KOLBE RD STE 102,LORAIN,OH,44053,System Director Payor Admin,A,2021-11-26,https://npiregistry.cms.hhs.gov/provider-view/1932866803,2026-10-02
HSI00001428,Bon Secours Mercy Health,member hospital: Mercy Regional Medical Center,1942718713,MERCY HEALTH-REGIONAL MEDICAL CENTER LLC,HARNESS HEALTH PHARMACY #170,False,"Pharmacy, Community/Retail Pharmacy",3600 KOLBE RD STE 102,LORAIN,OH,44053,VP Reimbursement,A,2026-05-30,https://npiregistry.cms.hhs.gov/provider-view/1942718713,2026-10-02
HSI00001428,Bon Secours Mercy Health,member hospital: Mercy Regional Medical Center | address = member hospital: St. Ritas Medical Center Llc,1114695459,MERCY HEALTH-ST RITAS MEDICAL CENTER LLC,MERCY HEALTH-ST RITAS OUTPT PHARMACY,False,Pharmacy,730 W MARKET ST,LIMA,OH,45801,Director Payor Credentialing,A,2021-12-16,https://npiregistry.cms.hhs.gov/provider-view/1114695459,2026-10-02
HSI00001428,Bon Secours Mercy Health,member hospital: Mercy Regional Medical Center | address = member hospital: St. Ritas Medical Center Llc,1205384161,MERCY HEALTH-ST RITAS MEDICAL CENTER LLC,MERCY HEALTH LIMA OUTPATIENT PHARMACY,False,Pharmacy,730 W MARKET ST,LIMA,OH,45801,"System Director, Retail Pharmacy",A,2022-01-13,https://npiregistry.cms.hhs.gov/provider-view/1205384161,2026-10-02
HSI00000767,Northwell Health,member hospital: Lenox Hill Hospital | address = member hospital: Lenox Hill Hospital,1013414069,LENOX HILL HOSPITAL,VIVO HEALTH PHARMACY AT LENOX HILL,False,"Pharmacy, Community/Retail Pharmacy",100 E 77TH ST,NEW YORK,NY,10075,"SVP, Chief Expense Officer",A,2025-02-13,https://npiregistry.cms.hhs.gov/provider-view/1013414069,2026-10-02
HSI00000767,Northwell Health,member hospital: Long Island Jewish Medical Center,1871024455,LONG ISLAND JEWISH MEDICAL CENTER,VIVO HEALTH PHARMACY AT ZUCKER HILLSIDE HOSPITAL,False,"Pharmacy, Community/Retail Pharmacy",7559 263RD ST,GLEN OAKS,NY,11004,"SVP, Chief Expense Officer",A,2022-12-29,https://npiregistry.cms.hhs.gov/provider-view/1871024455,2026-10-02
HSI00000767,Northwell Health,member hospital: Long Island Jewish Medical Center | address = member hospital: Long Island Jewish Medical Center,1174926406,LONG ISLAND JEWISH MEDICAL CENTER,VIVO HEALTH PHARMACY AT LIJ,False,"Pharmacy, Community/Retail Pharmacy",270-05 76TH AVE,NEW HYDE PARK,NY,11040,"SVP, Chief Expense Officer",A,2025-02-12,https://npiregistry.cms.hhs.gov/provider-view/1174926406,2026-10-02
HSI00000767,Northwell Health,member hospital: North Shore University Hospital | address = member hospital: North Shore University Hospital,1467695023,NORTH SHORE UNIVERSITY HOSPITAL,VIVO HEALTH PHARMACY AT MANHASSET,False,"Pharmacy, Community/Retail Pharmacy",300 COMMUNITY DR,MANHASSET,NY,11030,"SVP, Chief Expense Officer",A,2025-02-12,https://npiregistry.cms.hhs.gov/provider-view/1467695023,2026-10-02
HSI00000767,Northwell Health,member hospital: South Shore University Hospital | address = member hospital: South Shore University Hospital,1235640210,SOUTH SHORE UNIVERSITY HOSPITAL,VIVO HEALTH PHARMACY AT SOUTH SHORE,False,"Pharmacy, Community/Retail Pharmacy",301 E MAIN ST,BAY SHORE,NY,11706,"SVP, Chief Expense Officer",A,2025-02-13,https://npiregistry.cms.hhs.gov/provider-view/1235640210,2026-10-02
HSI00000767,Northwell Health,member hospital: Staten Island University Hospital | address = member hospital: Staten Island University Hospital,1144714171,STATEN ISLAND UNIVERSITY HOSPITAL,VIVO HEALTH PHARMACY AT STATEN ISLAND,False,"Pharmacy, Community/Retail Pharmacy",475 SEAVIEW AVE,STATEN ISLAND,NY,10305,"SVP, Chief Expense Officer",A,2025-02-11,https://npiregistry.cms.hhs.gov/provider-view/1144714171,2026-10-02
HSI00000073,Banner Health,system name: Banner Health,1902256092,BANNER PHARMACY SERVICES LLC,BANNER FAMILY PHARMACY-UNIV. MED. INSTITUTE 1441,False,"Pharmacy, Community/Retail Pharmacy",1441 N 12TH ST,PHOENIX,AZ,85006,CEO,A,2026-04-20,https://npiregistry.cms.hhs.gov/provider-view/1902256092,2026-10-02
HSI00000073,Banner Health,system name: Banner Health,1154384899,BANNER PHARMACY SERVICES LLC,BANNER FAMILY PHARMACY-UNIVERSITY MEDICAL CENTER TUCSON,False,"Pharmacy, Community/Retail Pharmacy",1625 N CAMPBELL AVE,TUCSON,AZ,85719,CEO,A,2026-04-15,https://npiregistry.cms.hhs.gov/provider-view/1154384899,2026-10-02
HSI00000073,Banner Health,system name: Banner Health,1720902018,BANNER PHARMACY SERVICES LLC,,True,"Pharmacy, Specialty Pharmacy",18250 N HAYDEN RD STE 104,SCOTTSDALE,AZ,85255,Senior Director,A,2026-08-07,https://npiregistry.cms.hhs.gov/provider-view/1720902018,2026-10-02
HSI00000073,Banner Health,system name: Banner Health | address = member hospital: Banner University Medical Center Phx,1316368459,BANNER PHARMACY SERVICES LLC,BANNER FAMILY PHARMACY - UNIVERSITY MEDICAL CENTER PHOENIX,False,"Pharmacy, Community/Retail Pharmacy",1111 E MCDOWELL RD,PHOENIX,AZ,85006,CEO,A,2026-04-16,https://npiregistry.cms.hhs.gov/provider-view/1316368459,2026-10-02
HSI00001078,Cleveland Clinic,address = member hospital: Martin Medical Center,1346305554,MARTIN MEMORIAL MEDICAL CENTER INC,MARTIN MEMORIAL MEDICAL CENTER OUTPATIENT PHARMACY,False,"Pharmacy, Community/Retail Pharmacy",200 SE HOSPITAL AVE,STUART,FL,34994,Chief Accounting Officer/Controller,A,2022-12-08,https://npiregistry.cms.hhs.gov/provider-view/1346305554,2026-10-02
HSI00001078,Cleveland Clinic,system name: Cleveland Clinic | member hospital: Cleveland Clinic Hospital,1578967782,THE CLEVELAND CLINIC FOUNDATION,CLEVELAND CLINIC SPECIALTY/HOME DELIVERY PHARMACY,True,"Pharmacy, Specialty Pharmacy",3275 SCIENCE PARK DRIVE,BEACHWOOD,OH,44122,Director,A,2022-01-06,https://npiregistry.cms.hhs.gov/provider-view/1578967782,2026-10-02
HSI00001078,Cleveland Clinic,system name: Cleveland Clinic | member hospital: Cleveland Clinic Hospital,1649507815,THE CLEVELAND CLINIC FOUNDATION,SPECIALTY/HOME DELIVERY PHARMACY,False,"Pharmacy, Mail Order Pharmacy",3175 SCIENCE PARK DR,BEACHWOOD,OH,44122,Chief Accounting Officer and Contro,A,2025-01-09,https://npiregistry.cms.hhs.gov/provider-view/1649507815,2026-10-02
HSI00001021,Corewell Health,system name: Corewell Health,1871980771,OAKWOOD HEALTHCARE INC,COREWELL HEALTH RETAIL PHARMACY TAYLOR; OAKWOOD PHARMACY TAYLOR,False,"Pharmacy, Community/Retail Pharmacy",10000 TELEGRAPH SUITE,TAYLOR,MI,48180,Chief Financial Officer,A,2025-07-01,https://npiregistry.cms.hhs.gov/provider-view/1871980771,2026-10-02
HSI00001021,Corewell Health,system name: Corewell Health | address = member hospital: Corewell Health Grand Rapids Hospita,1881038057,SPECTRUM HEALTH HOSPITALS,COREWELL HEALTH GRAND RAPIDS HOSPITALS RETAIL PHARMACY - HTC,True,"Pharmacy, Specialty Pharmacy",100 MICHIGAN ST NE,GRAND RAPIDS,MI,49503,SVP. Finance,A,2024-07-16,https://npiregistry.cms.hhs.gov/provider-view/1881038057,2026-10-02
HSI00001021,Corewell Health,system name: Corewell Health,1437600103,WILLIAM BEAUMONT HOSPITAL,COREWELL HEALTH CONSOLIDATED SERVICE CENTER; COREWELL HEALTH SPECIALTY PHARMACY,False,"Pharmacy, Community/Retail Pharmacy",41965 ECORSE RD STE COREWELL,VAN BUREN TWP,MI,48111,Chief Financial Officer,A,2025-06-12,https://npiregistry.cms.hhs.gov/provider-view/1437600103,2026-10-02
HSI00000660,Mercy,system name: Mercy | member hospital: Mercy Medical Center,1639028772,"MERCY PHARMACY SERVICES, LLC",MERCY SPECIALTY PHARMACY ARKANSAS,True,"Pharmacy, Specialty Pharmacy",2710 S RIFE MEDICAL LN,ROGERS,AR,72758,Vice President,A,2026-01-22,https://npiregistry.cms.hhs.gov/provider-view/1639028772,2026-10-02
HSI00000660,Mercy,system name: Mercy | member hospital: Mercy Medical Center,1356839617,CHILDREN'S MERCY HOSPITAL,CHILDREN'S MERCY RIVERSIDE PHARMACY,True,"Pharmacy, Specialty Pharmacy",700 NW ARGOSY PARKWAY,RIVERSIDE,MO,64150,Vice President,A,2025-04-18,https://npiregistry.cms.hhs.gov/provider-view/1356839617,2026-10-02
HSI00000660,Mercy,system name: Mercy | member hospital: Mercy Medical Center,1316908403,MERCY HEALTH SERVICES LLC,,True,"Pharmacy, Specialty Pharmacy",607 S NEW BALLAS RD,SAINT LOUIS,MO,63141,Exec Dir-Retail Pharmacy Svcs,A,2023-03-07,https://npiregistry.cms.hhs.gov/provider-view/1316908403,2026-10-02
HSI00000660,Mercy,system name: Mercy | member hospital: Mercy Medical Center,1346325032,MERCY HEALTH SERVICES LLC,MERCY HOME INFUSION,False,Home Infusion,13185 LAKEFRONT DR,EARTH CITY,MO,63045,Pharmacst-in-Charge,A,2016-12-02,https://npiregistry.cms.hhs.gov/provider-view/1346325032,2026-10-02
HSI00000660,Mercy,system name: Mercy | member hospital: Mercy Medical Center | member hospital: Mercy Hospital Springfield,1477505816,MERCY HOSPITAL SPRINGFIELD,MERCY HOME INFUSION,False,Home Infusion,2115 S FREMONT AVE,SPRINGFIELD,MO,65804,Vice President Finance,A,2017-03-29,https://npiregistry.cms.hhs.gov/provider-view/1477505816,2026-10-02
HSI00000660,Mercy,system name: Mercy | member hospital: Mercy Medical Center,1487414801,"MERCY PHARMACY SERVICES, LLC",MERCY SPECIALTY PHARMACY,True,"Pharmacy, Specialty Pharmacy",3183 RIVERPORT TECH CENTER DR STE A,MARYLAND HEIGHTS,MO,63043,Vice President,A,2026-01-26,https://npiregistry.cms.hhs.gov/provider-view/1487414801,2026-10-02
HSI00000660,Mercy,system name: Mercy | member hospital: Mercy Medical Center,1699294629,"MERCY PHARMACY SERVICES, LLC",MERCY PHARMACY COLETTA,True,"Pharmacy, Specialty Pharmacy",4401 MCAULEY BLVD,OKLAHOMA CITY,OK,73120,Vice President,A,2026-01-26,https://npiregistry.cms.hhs.gov/provider-view/1699294629,2026-10-02
HSI00000660,Mercy,system name: Mercy | member hospital: Mercy Medical Center | member hospital: Mercy Hospital - St. Louis,1497272165,"MERCY PHARMACY SERVICES, LLC",MERCY SPECIALTY PHARMACY ST LOUIS,True,"Pharmacy, Specialty Pharmacy",607 S NEW BALLAS RD STE 1415,SAINT LOUIS,MO,63141,Vice President,A,2026-01-26,https://npiregistry.cms.hhs.gov/provider-view/1497272165,2026-10-02
HSI00000660,Mercy,system name: Mercy | member hospital: Mercy Medical Center | member hospital: Mercy Hospital Springfield,1649799560,"MERCY PHARMACY SERVICES, LLC",MERCY SPECIALTY AND HOME INFUSION PHARMACY SPRINGFIELD,False,"Pharmacy, Community/Retail Pharmacy",2115 S FREMONT AVE STE 5200,SPRINGFIELD,MO,65804,Vice President,A,2026-01-26,https://npiregistry.cms.hhs.gov/provider-view/1649799560,2026-10-02
HSI00000660,Mercy,system name: Mercy | member hospital: Mercy Medical Center,1598809600,THE CHILDREN'S MERCY HOSPITAL,CHILDREN'S MERCY HOME CARE INFUSION & PHARMACY,False,Pharmacy,700 NW ARGOSY PKWY,RIVERSIDE,MO,64150,"Sr VP, Value & Payor Relations",A,2025-04-18,https://npiregistry.cms.hhs.gov/provider-view/1598809600,2026-10-02
HSI00000660,Mercy,system name: Mercy | member hospital: Mercy Medical Center,1043473556,THE CHILDRENS MERCY HOSPITAL,CHILDREN'S MERCY HEMOPHILIA TREATMENT CENTER,True,"Pharmacy, Specialty Pharmacy",2401 GILLHAM RD,KANSAS CITY,MO,64108,Senior Vice President,A,2025-04-18,https://npiregistry.cms.hhs.gov/provider-view/1043473556,2026-10-02
HSI00000660,Mercy,system name: Mercy | member hospital: Mercy Medical Center,1861849804,MHM SUPPORT SERVICES,MERCY SPECIALTY PHARMACY OKLAHOMA CITY,True,"Pharmacy, Specialty Pharmacy",4401 MCAULEY BLVD,OKLAHOMA CITY,OK,73120,Exec. Dir. Retail Pharmacy Services,A,2023-03-07,https://npiregistry.cms.hhs.gov/provider-view/1861849804,2026-10-02
HSI00000902,SSM Health,system name: SSM Health | member hospital: Ssm Saint Louis University Hospital,1275265167,SSM HEALTH CARE ST LOUIS,SSM HEALTH SPECIALTY PHARMACY,True,"Pharmacy, Specialty Pharmacy",3662 PARK AVE STE 155,SAINT LOUIS,MO,63110,REGIONAL PRESIDENT,A,2026-06-25,https://npiregistry.cms.hhs.gov/provider-view/1275265167,2026-10-02
HSI00000902,SSM Health,system name: SSM Health,1003926791,DEAN RETAIL SERVICES INC,SSM HEALTH PHARMACY,False,"Pharmacy, Community/Retail Pharmacy",1211 FISH HATCHERY RD STE 300,MADISON,WI,53715,VP Finance,A,2025-10-20,https://npiregistry.cms.hhs.gov/provider-view/1003926791,2026-10-02
HSI00000902,SSM Health,system name: SSM Health,1265052211,"DEAN RETAIL SERVICES, INC.",SSM HEALTH PHARMACY,False,"Pharmacy, Community/Retail Pharmacy",310 INTEGRITY DR STE 103,MADISON,WI,53717,VP Finance,A,2026-01-14,https://npiregistry.cms.hhs.gov/provider-view/1265052211,2026-10-02
HSI00000863,RWJBarnabas Health,system name: RWJBarnabas Health,1538147202,LIVINGSTON INFUSION CARE,RWJBARNABAS HEALTH INFUSION AND SPECIALTY PHARMACY,False,Pharmacy,603 MONTROSE AVE,SOUTH PLAINFIELD,NJ,07080,Assistant Vice President,A,2024-06-20,https://npiregistry.cms.hhs.gov/provider-view/1538147202,2026-10-02
HSI00000863,RWJBarnabas Health,member hospital: Jersey City Medical Center,1356134266,RANCH HEALTH JERSEY CITY LLC,EASYRX,False,"Pharmacy, Mail Order Pharmacy",196 PRINCETON HIGHTSTOWN ROAD,WEST WINDSOR,NJ,08550,Pharmacy owner,A,2026-09-02,https://npiregistry.cms.hhs.gov/provider-view/1356134266,2026-10-02
HSI00000826,Piedmont Healthcare,system name: Piedmont Healthcare | member hospital: Piedmont Hospital Inc.,1831268606,PIEDMONT CANCER INSTITUTE PC,PEACHTREE HEMATOLOGY-ONCOLOGY CONSULTANTS PC,False,"Pharmacy, Community/Retail Pharmacy",1800 HOWELL MILL RD NW STE 775,ATLANTA,GA,30318,President,A,2024-03-12,https://npiregistry.cms.hhs.gov/provider-view/1831268606,2026-10-02
HSI00000826,Piedmont Healthcare,system name: Piedmont Healthcare | member hospital: Piedmont Hospital Inc.,1134712763,PIEDMONT DIRECT PHARMACY LLC,,False,"Pharmacy, Community/Retail Pharmacy",190 BEN BURTON CIR,BOGART,GA,30622,Executive Director,A,2026-04-15,https://npiregistry.cms.hhs.gov/provider-view/1134712763,2026-10-02
HSI00000826,Piedmont Healthcare,system name: Piedmont Healthcare | member hospital: Piedmont Hospital Inc.,1437096062,PIEDMONT SPECIALTY PHARMACY SOUTH,,True,"Pharmacy, Specialty Pharmacy",727 CENTER ST,COLUMBUS,GA,31901,COO,A,2026-05-04,https://npiregistry.cms.hhs.gov/provider-view/1437096062,2026-10-02
HSI00000654,Memorial Hermann Healthcare System,system name: Memorial Hermann Healthcare System,1972261949,"MEMORIAL HERMANN PHARMACY SERVICES, LLC",,True,"Pharmacy, Specialty Pharmacy",21501 PARK ROW DR STE 200,KATY,TX,77449,Director of Pharmacy,A,2025-03-26,https://npiregistry.cms.hhs.gov/provider-view/1972261949,2026-10-02
HSI00000731,New York Presbyterian Healthcare System,member hospital: Newyork-Presbyterian/Queens | address = member hospital: Newyork-Presbyterian/Queens,1114397007,NEWYORK-PRESBYTERIAN/QUEENS,,False,"Pharmacy, Community/Retail Pharmacy",5645 MAIN ST,FLUSHING,NY,11355,Director of Pharmacy,A,2018-11-28,https://npiregistry.cms.hhs.gov/provider-view/1114397007,2026-10-02
HSI00000731,New York Presbyterian Healthcare System,system name: New York Presbyterian Healthcare System | member hospital: New York Presbyterian Hospital,1457057226,THE NEW YORK AND PRESBYTERIAN HOSPITAL,NEW-YORK-PRESBYTERIAN PHARMACY,False,"Pharmacy, Community/Retail Pharmacy",1129 WESTCHESTER AVE FL 1,WHITE PLAINS,NY,10604,Senior Vice President Finance,A,2026-08-28,https://npiregistry.cms.hhs.gov/provider-view/1457057226,2026-10-02
HSI00001050,Sutter Health,member hospital: Alta Bates Medical Center,1780813485,ALTA BATES SUMMIT MEDICAL CENTER,EAST BAY AIDS CENTER OUTPATIENT PHARMACY,False,"Pharmacy, Community/Retail Pharmacy",3100 SUMMIT ST,OAKLAND,CA,94609,Pharmacist,A,2022-01-20,https://npiregistry.cms.hhs.gov/provider-view/1780813485,2026-10-02
HSI00001050,Sutter Health,system name: Sutter Health | member hospital: Alta Bates Medical Center,1326554239,SUTTER BAY HOSPITALS,ALTA BATES SUMMIT OUTPATIENT PHARMACY; SUTTER HEALTH SPECIALTY PHARMACY @ ABSMC,False,"Pharmacy, Community/Retail Pharmacy",2001 DWIGHT WAY STE 2182,BERKELEY,CA,94704,Director of Pharmacy,A,2022-12-21,https://npiregistry.cms.hhs.gov/provider-view/1326554239,2026-10-02
HSI00000780,Ochsner Health System,system name: Ochsner Health System | member hospital: Ochsner Clinic Foundation | member hospital: Ochsner Medical Center - Baton Rouge,1841956497,OCHSNER PHARMACY AND WELLNESS LLC,OCHSNER SPECIALTY PHARMACY - BATON ROUGE,False,"Pharmacy, Community/Retail Pharmacy",11200 INDUSTRIPLEX BLVD STE 160,BATON ROUGE,LA,70809,VP Retail & Specialty Pharmacy,A,2022-06-28,https://npiregistry.cms.hhs.gov/provider-view/1841956497,2026-10-02
HSI00000780,Ochsner Health System,system name: Ochsner Health System | member hospital: Ochsner Clinic Foundation | member hospital: Ochsner Specialty Hospital,1760836381,OCHSNER PHARMACY AND WELLNESS LLC,OCHSNER SPECIALTY PHARMACY,True,"Pharmacy, Specialty Pharmacy",1405 JEFFERSON HWY STE A,NEW ORLEANS,LA,70121,EVP and COO,A,2026-09-29,https://npiregistry.cms.hhs.gov/provider-view/1760836381,2026-10-02
HSI00000048,Jefferson Health,system name: Jefferson Health,1568491124,"WALNUT HOME THERAPEUTICS, INC",JEFFERSON HOME INFUSION SERVICE AND JEFFERSON SPECIALTY PHARMACY,False,Home Infusion,3500 HORIZON DR,KING OF PRUSSIA,PA,19406,Board of Directors President,A,2026-09-10,https://npiregistry.cms.hhs.gov/provider-view/1568491124,2026-10-02
HSI00000070,BJC Healthcare,member hospital: Barnes-Jewish Hospital,1659187656,BARNES JEWISH HOSPITAL,ADVANCED FAMILY CARE PHARMACY,True,"Pharmacy, Specialty Pharmacy",1234 S KINGSHIGHWAY BLVD STE 1900,SAINT LOUIS,MO,63110,"Vice President, Finance",A,2024-12-05,https://npiregistry.cms.hhs.gov/provider-view/1659187656,2026-10-02
HSI00001072,Texas Health Resources,member hospital: Texas Health H-E-B,1487671517,WAL-MART STORES TEXAS LLC,WALMART PHARMACY 10-2993,False,"Pharmacy, Community/Retail Pharmacy",345 HIGHWAY 6,SUGAR LAND,TX,77478,Director of Healthcare Contracting,A,2023-08-30,https://npiregistry.cms.hhs.gov/provider-view/1487671517,2026-10-02
HSI00001072,Texas Health Resources,member hospital: Texas Health H-E-B,1093732232,WAL-MART STORES TEXAS LLC,WALMART PHARMACY 10-0917,False,"Pharmacy, Community/Retail Pharmacy",2207 S BRIDGE ST,BRADY,TX,76825,"Senior Director, Enrollment",A,2025-06-04,https://npiregistry.cms.hhs.gov/provider-view/1093732232,2026-10-02
HSI00001072,Texas Health Resources,member hospital: Texas Health H-E-B,1386985414,WAL-MART STORES TEXAS LLC,WALMART PHARMACY 10-3015,False,"Pharmacy, Community/Retail Pharmacy",2827 S BUCKNER BLVD,DALLAS,TX,75227,"Senior Director, Enrollment",A,2025-06-05,https://npiregistry.cms.hhs.gov/provider-view/1386985414,2026-10-02
HSI00001072,Texas Health Resources,member hospital: Texas Health H-E-B,1932127628,WAL-MART STORES TEXAS LLC,WALMART PHARMACY 10-3542,False,"Pharmacy, Community/Retail Pharmacy",11242 S GESSNER RD,HOUSTON,TX,77071,"Senior Director, Enrollment",A,2025-07-02,https://npiregistry.cms.hhs.gov/provider-view/1932127628,2026-10-02
HSI00001072,Texas Health Resources,member hospital: Texas Health H-E-B,1639198641,WAL-MART STORES TEXAS LLC,WALMART PHARMACY 10-5094,False,"Pharmacy, Community/Retail Pharmacy",9700 HILLCROFT ST,HOUSTON,TX,77096,Director of Healthcare Contracting,A,2023-08-30,https://npiregistry.cms.hhs.gov/provider-view/1639198641,2026-10-02
HSI00001072,Texas Health Resources,member hospital: Texas Health H-E-B,1528317344,WAL-MART STORES TEXAS LLC,WALMART PHARMACY 10-5959,False,"Pharmacy, Community/Retail Pharmacy",111 YALE ST,HOUSTON,TX,77007,Director of Healthcare Contracting,A,2023-08-30,https://npiregistry.cms.hhs.gov/provider-view/1528317344,2026-10-02
HSI00001072,Texas Health Resources,member hospital: Texas Health H-E-B,1528495496,WAL-MART STORES TEXAS LLC,WALMART PHARMACY 10-5612,False,"Pharmacy, Community/Retail Pharmacy",2391 S WAYSIDE DR,HOUSTON,TX,77023,Director of Healthcare Contracting,A,2023-08-30,https://npiregistry.cms.hhs.gov/provider-view/1528495496,2026-10-02
HSI00001072,Texas Health Resources,member hospital: Texas Health H-E-B,1720005960,WAL-MART STORES TEXAS LLC,WALMART PHARMACY 10-0915,False,"Pharmacy, Community/Retail Pharmacy",11210 W AIRPORT BLVD,STAFFORD,TX,77477,"Senior Director, Enrollment",A,2025-06-04,https://npiregistry.cms.hhs.gov/provider-view/1720005960,2026-10-02
HSI00001072,Texas Health Resources,member hospital: Texas Health H-E-B,1184641243,WAL-MART STORES TEXAS LLC,WALMART PHARMACY 10-3302,False,"Pharmacy, Community/Retail Pharmacy",9460 W SAM HOUSTON PKWY S,HOUSTON,TX,77099,"Senior Director, Enrollment",A,2025-06-19,https://npiregistry.cms.hhs.gov/provider-view/1184641243,2026-10-02
HSI00001072,Texas Health Resources,member hospital: Texas Health H-E-B,1396762431,WAL-MART STORES TEXAS LLC,WALMART PHARMACY 10-3297,False,"Pharmacy, Community/Retail Pharmacy",12353 FM 1960 RD W,HOUSTON,TX,77065,"Senior Director, Enrollment",A,2025-06-18,https://npiregistry.cms.hhs.gov/provider-view/1396762431,2026-10-02
HSI00001072,Texas Health Resources,member hospital: Texas Health H-E-B,1831116946,WAL-MART STORES TEXAS LLC,WALMART PHARMACY 10-3341,False,"Pharmacy, Community/Retail Pharmacy",2305 N CENTRAL EXPY,DALLAS,TX,75204,"Senior Director, Enrollment",A,2025-06-19,https://npiregistry.cms.hhs.gov/provider-view/1831116946,2026-10-02
HSI00001072,Texas Health Resources,member hospital: Texas Health H-E-B,1023035250,WAL-MART STORES TEXAS LLC,WALMART PHARMACY 10-3425,False,"Pharmacy, Community/Retail Pharmacy",9598 ROWLETT RD,HOUSTON,TX,77075,Director of Healthcare Contracting,A,2025-06-19,https://npiregistry.cms.hhs.gov/provider-view/1023035250,2026-10-02
HSI00001072,Texas Health Resources,member hospital: Texas Health H-E-B,1194742379,WAL-MART STORES TEXAS LLC,WALMART PHARMACY 10-0757,False,"Pharmacy, Community/Retail Pharmacy",2151 W OAKLAWN RD,PLEASANTON,TX,78064,"Senior Director, Enrollment",A,2025-06-03,https://npiregistry.cms.hhs.gov/provider-view/1194742379,2026-10-02
HSI00001072,Texas Health Resources,member hospital: Texas Health H-E-B,1538187331,WAL-MART STORES TEXAS LLC,WALMART PHARMACY 10-0546,False,"Pharmacy, Community/Retail Pharmacy",5330 FM 1640 RD,RICHMOND,TX,77469,"Senior Director, Enrollment",A,2025-06-03,https://npiregistry.cms.hhs.gov/provider-view/1538187331,2026-10-02
HSI00001072,Texas Health Resources,member hospital: Texas Health H-E-B,1326066135,WAL-MART STORES TEXAS LLC,WALMART PHARMACY 10-1137,False,"Pharmacy, Community/Retail Pharmacy",13750 I 10 E,HOUSTON,TX,77015,"Senior Director, Enrollment",A,2025-06-05,https://npiregistry.cms.hhs.gov/provider-view/1326066135,2026-10-02
HSI00001072,Texas Health Resources,member hospital: Texas Health H-E-B,1740207984,WAL-MART STORES TEXAS LLC,WALMART PHARMACY 10-0813,False,"Pharmacy, Community/Retail Pharmacy",401 W COMMERCE ST,BROWNWOOD,TX,76801,"Senior Director, Enrollment",A,2025-06-03,https://npiregistry.cms.hhs.gov/provider-view/1740207984,2026-10-02
HSI00001072,Texas Health Resources,member hospital: Texas Health H-E-B,1851318000,WAL-MART STORES TEXAS LLC,WALMART PHARMACY 10-1040,False,"Pharmacy, Community/Retail Pharmacy",15955 FM 529 RD,HOUSTON,TX,77095,"Senior Director, Enrollment",A,2025-06-04,https://npiregistry.cms.hhs.gov/provider-view/1851318000,2026-10-02
HSI00001072,Texas Health Resources,member hospital: Texas Health H-E-B,1346600657,WAL-MART STORES TEXAS LLC,WALMART PHARMACY 10-3450,False,"Pharmacy, Community/Retail Pharmacy",2900 S CLEAR CREEK RD,KILLEEN,TX,76549,"Senior Director, Enrollment",A,2025-06-10,https://npiregistry.cms.hhs.gov/provider-view/1346600657,2026-10-02
HSI00001072,Texas Health Resources,member hospital: Texas Health H-E-B,1588681738,WAL-MART STORES TEXAS LLC,WALMART PHARMACY 10-1103,False,"Pharmacy, Community/Retail Pharmacy",3450 FM 1960 RD W,HOUSTON,TX,77068,"Senior Director, Enrollment",A,2025-06-06,https://npiregistry.cms.hhs.gov/provider-view/1588681738,2026-10-02
HSI00001072,Texas Health Resources,member hospital: Texas Health H-E-B,1477570588,WAL-MART STORES TEXAS LLC,WALMART PHARMACY 10-2718,False,"Pharmacy, Community/Retail Pharmacy",9555 S POST OAK RD,HOUSTON,TX,77096,Director of Healthcare Contracting,A,2023-08-29,https://npiregistry.cms.hhs.gov/provider-view/1477570588,2026-10-02
HSI00001072,Texas Health Resources,member hospital: Texas Health H-E-B,1558388736,WAL-MART STORES TEXAS LLC,WALMART PHARMACY 10-2505,False,"Pharmacy, Community/Retail Pharmacy",5501 HIGHWAY 6,MISSOURI CITY,TX,77459,Director of Healthcare Contracting,A,2023-08-28,https://npiregistry.cms.hhs.gov/provider-view/1558388736,2026-10-02
HSI00001072,Texas Health Resources,member hospital: Texas Health H-E-B,1710905518,WAL-MART STORES TEXAS LLC,WALMART PHARMACY 10-1279,False,"Pharmacy, Community/Retail Pharmacy",10411 NORTH FWY # 45,HOUSTON,TX,77037,Director of Healthcare Contracting,A,2023-08-29,https://npiregistry.cms.hhs.gov/provider-view/1710905518,2026-10-02
HSI00001072,Texas Health Resources,member hospital: Texas Health H-E-B,1447277611,WAL-MART STORES TEXAS LLC,WALMART PHARMACY 10-0180,False,"Pharmacy, Community/Retail Pharmacy",1311 S JACKSON ST,JACKSONVILLE,TX,75766,"Director, Contracting",A,2023-12-01,https://npiregistry.cms.hhs.gov/provider-view/1447277611,2026-10-02
HSI00001072,Texas Health Resources,member hospital: Texas Health H-E-B,1336494079,WAL-MART STORES TEXAS LLC,WALMART PHARMACY 10-5449,False,"Pharmacy, Community/Retail Pharmacy",9929 HIGHWAY 6,MISSOURI CITY,TX,77459,"Senior Director, Enrollment",A,2025-06-13,https://npiregistry.cms.hhs.gov/provider-view/1336494079,2026-10-02
HSI00001072,Texas Health Resources,member hospital: Texas Health H-E-B,1023035177,WAL-MART STORES TEXAS LLC,WALMART PHARMACY 10-3500,False,"Pharmacy, Community/Retail Pharmacy",5655 E SAM HOUSTON PKWY N,HOUSTON,TX,77015,"Senior Director, Enrollment",A,2025-06-19,https://npiregistry.cms.hhs.gov/provider-view/1023035177,2026-10-02
HSI00001072,Texas Health Resources,member hospital: Texas Health H-E-B,1487671525,WAL-MART STORES TEXAS LLC,WALMART PHARMACY 10-3509,False,"Pharmacy, Community/Retail Pharmacy",11755 BEECHNUT ST,HOUSTON,TX,77072,"Senior Director, Enrollment",A,2025-07-01,https://npiregistry.cms.hhs.gov/provider-view/1487671525,2026-10-02
HSI00001072,Texas Health Resources,member hospital: Texas Health H-E-B,1205220787,WAL-MART STORES TEXAS LLC,WALMART PHARMACY 10-3584,False,"Pharmacy, Community/Retail Pharmacy",5405 S RICE AVE,HOUSTON,TX,77081,"Senior Director, Enrollment",A,2025-07-02,https://npiregistry.cms.hhs.gov/provider-view/1205220787,2026-10-02
HSI00001072,Texas Health Resources,member hospital: Texas Health H-E-B,1083911333,WAL-MART STORES TEXAS LLC,WALMART PHARMACY 10-3640,False,"Pharmacy, Community/Retail Pharmacy",1118 SILBER RD,HOUSTON,TX,77055,"Senior Director, Enrollment",A,2025-07-02,https://npiregistry.cms.hhs.gov/provider-view/1083911333,2026-10-02
HSI00001072,Texas Health Resources,member hospital: Texas Health H-E-B,1841217023,WAL-MART STORES TEXAS LLC,WALMART PHARMACY 10-2257,False,"Pharmacy, Community/Retail Pharmacy",13484 NORTHWEST FWY,HOUSTON,TX,77040,Director of Healthcare Contracting,A,2023-08-29,https://npiregistry.cms.hhs.gov/provider-view/1841217023,2026-10-02
HSI00001072,Texas Health Resources,member hospital: Texas Health H-E-B,1679880637,WAL-MART STORES TEXAS LLC,WALMART PHARMACY 10-4526,False,"Pharmacy, Community/Retail Pharmacy",4412 NORTH FWY,HOUSTON,TX,77022,Director of Healthcare Contracting,A,2023-08-29,https://npiregistry.cms.hhs.gov/provider-view/1679880637,2026-10-02
HSI00001072,Texas Health Resources,member hospital: Texas Health H-E-B,1053688556,WAL-MART STORES TEXAS LLC,WALMART PHARMACY 10-4416,False,"Pharmacy, Community/Retail Pharmacy",13003 TOMBALL PKWY,HOUSTON,TX,77086,"Senior Director, Enrollment",A,2025-07-11,https://npiregistry.cms.hhs.gov/provider-view/1053688556,2026-10-02
HSI00001072,Texas Health Resources,member hospital: Texas Health H-E-B,1811914096,WAL-MART STORES TEXAS LLC,WALMART PHARMACY 10-2066,False,"Pharmacy, Community/Retail Pharmacy",2727 DUNVALE RD,HOUSTON,TX,77063,"Senior Director, Enrollment",A,2025-06-05,https://npiregistry.cms.hhs.gov/provider-view/1811914096,2026-10-02
HSI00001072,Texas Health Resources,member hospital: Texas Health H-E-B,1386661528,WAL-MART STORES TEXAS LLC,WALMART PHARMACY 10-0772,False,"Pharmacy, Community/Retail Pharmacy",3506 HIGHWAY 6 S,HOUSTON,TX,77082,"Senior Director, Enrollment",A,2025-06-03,https://npiregistry.cms.hhs.gov/provider-view/1386661528,2026-10-02
HSI00001072,Texas Health Resources,member hospital: Texas Health H-E-B,1295753085,WAL-MART STORES TEXAS LLC,WALMART PHARMACY 10-0865,False,"Pharmacy, Community/Retail Pharmacy",1209 S INTERSTATE 35,NEW BRAUNFELS,TX,78130,"Senior Director, Enrollment",A,2025-06-04,https://npiregistry.cms.hhs.gov/provider-view/1295753085,2026-10-02
HSI00001072,Texas Health Resources,member hospital: Texas Health H-E-B,1366976060,WAL-MART STORES TEXAS LLC,,False,Pharmacy,13322 WEST AIRPORT BLVD,SUGAR LAND,TX,77478,"Senior Director, Enrollment",A,2025-06-12,https://npiregistry.cms.hhs.gov/provider-view/1366976060,2026-10-02
HSI00001072,Texas Health Resources,member hospital: Texas Health H-E-B,1558388785,WAL-MART STORES TEXAS LLC,WALMART PHARMACY 10-0194,False,"Pharmacy, Community/Retail Pharmacy",4900 GARTH RD,BAYTOWN,TX,77521,Director of Healthcare Contracting,A,2023-08-29,https://npiregistry.cms.hhs.gov/provider-view/1558388785,2026-10-02
HSI00001072,Texas Health Resources,member hospital: Texas Health H-E-B,1871510032,WAL-MART STORES TEXAS LLC,WALMART PHARMACY 10-1409,False,"Pharmacy, Community/Retail Pharmacy",10750 WESTVIEW DR,HOUSTON,TX,77043,Director of Healthcare Contracting,A,2023-08-30,https://npiregistry.cms.hhs.gov/provider-view/1871510032,2026-10-02
HSI00001072,Texas Health Resources,member hospital: Texas Health H-E-B,1104843242,WAL-MART STORES TEXAS LLC,WALMART PHARMACY 10-3296,False,"Pharmacy, Community/Retail Pharmacy",2700 S KIRKWOOD RD,HOUSTON,TX,77077,"Senior Director, Enrollment",A,2025-06-18,https://npiregistry.cms.hhs.gov/provider-view/1104843242,2026-10-02
HSI00001072,Texas Health Resources,member hospital: Texas Health H-E-B,1841217072,WAL-MART STORES TEXAS LLC,WALMART PHARMACY 10-0395,False,"Pharmacy, Community/Retail Pharmacy",2410 E INTERSTATE HIGHWAY 2,MISSION,TX,78572,"Director, Enrollment services",A,2025-05-30,https://npiregistry.cms.hhs.gov/provider-view/1841217072,2026-10-02
HSI00001072,Texas Health Resources,member hospital: Texas Health H-E-B,1588681621,WAL-MART STORES TEXAS LLC,WALMART PHARMACY 10-3452,False,"Pharmacy, Community/Retail Pharmacy",4810 HIGHWAY 6 N,HOUSTON,TX,77084,"Senior Director, Enrollment",A,2025-06-19,https://npiregistry.cms.hhs.gov/provider-view/1588681621,2026-10-02
HSI00001072,Texas Health Resources,member hospital: Texas Health H-E-B,1447436803,WAL-MART STORES TEXAS LLC,WALMART PHARMACY 10-3827,False,"Pharmacy, Community/Retail Pharmacy",5660 W GRAND PKWY S,RICHMOND,TX,77406,"Senior Director, Enrollment",A,2025-07-08,https://npiregistry.cms.hhs.gov/provider-view/1447436803,2026-10-02
HSI00001072,Texas Health Resources,member hospital: Texas Health H-E-B,1194216143,"WAL-MART STORES TEXAS, LLC",WALMART PHARMACY 10-4111,False,"Pharmacy, Community/Retail Pharmacy",26824 FM 1093,RICHMOND,TX,77406,"Senior Director, Enrollment",A,2025-06-11,https://npiregistry.cms.hhs.gov/provider-view/1194216143,2026-10-02
HSI00001072,Texas Health Resources,member hospital: Texas Health H-E-B,1316548415,"TCG INTERESTS, LLC",PEDIATRIC HOME SERVICE; THE CARE GROUP OF TEXAS,False,Pharmacy,9349 KIRBY DR,HOUSTON,TX,77054,CAO,A,2026-02-02,https://npiregistry.cms.hhs.gov/provider-view/1316548415,2026-10-02
HSI00001072,Texas Health Resources,member hospital: Texas Health H-E-B,1871448720,CHILDREN'S HEALTH SYSTEM OF TEXAS,,True,"Pharmacy, Specialty Pharmacy",1935 MEDICAL DISTRICT DR STE C1270,DALLAS,TX,75235,CFO,A,2026-03-05,https://npiregistry.cms.hhs.gov/provider-view/1871448720,2026-10-02
HSI00001072,Texas Health Resources,member hospital: Texas Health H-E-B,1164403069,"CHOICE SOURCE THERAPEUTIC OF HOUSTON, TEXAS, L.L.C.",,True,"Pharmacy, Specialty Pharmacy",20333 STATE HIGHWAY 249,HOUSTON,TX,77070,Authorized Signer,A,2010-04-23,https://npiregistry.cms.hhs.gov/provider-view/1164403069,2026-10-02
HSI00001072,Texas Health Resources,member hospital: Texas Health H-E-B,1609697457,EAST TEXAS HEMATOLOGY & ONCOLOGY,EAST TEXAS HEMATOLOGY AND ONCOLOGY PHARMACE,False,Pharmacy,1202 W FRANK AVE,LUFKIN,TX,75904,Physician,A,2026-08-21,https://npiregistry.cms.hhs.gov/provider-view/1609697457,2026-10-02
HSI00001072,Texas Health Resources,member hospital: Texas Health H-E-B,1881610202,"HEALTH OPPORTUNITIES FOR THE PEOPLE OF EAST TEXAS, INC.",LUFKIN PHARMACY & CO. A HOPE PHARMACY,False,"Pharmacy, Community/Retail Pharmacy",903 W FRANK AVE,LUFKIN,TX,75904,Managing Officer,A,2026-08-27,https://npiregistry.cms.hhs.gov/provider-view/1881610202,2026-10-02
HSI00001072,Texas Health Resources,member hospital: Texas Health H-E-B,1598783763,HEART OF TEXAS COMMUNITY HEALTH CENTER,WACO FAMILY MEDICINE - PHARMACY,False,"Pharmacy, Community/Retail Pharmacy",1600 PROVIDENCE DR,WACO,TX,76707,Chief Operating Officer,A,2026-06-04,https://npiregistry.cms.hhs.gov/provider-view/1598783763,2026-10-02
HSI00001072,Texas Health Resources,member hospital: Texas Health H-E-B,1760359194,"HEART OF TEXAS COMMUNITY HEALTH CENTER, INC.",WACO FAMILY MEDICINE - SPECIALTY PHARMACY,True,"Pharmacy, Specialty Pharmacy",1600 PROVIDENCE DR STE 201,WACO,TX,76707,Chief Operating Officer,A,2025-10-21,https://npiregistry.cms.hhs.gov/provider-view/1760359194,2026-10-02
HSI00001072,Texas Health Resources,member hospital: Texas Health H-E-B,1558382515,HEART OF TEXAS REGION MHMR,,True,"Pharmacy, Specialty Pharmacy",110 S 12TH ST,WACO,TX,76701,Executive Director,A,2020-03-05,https://npiregistry.cms.hhs.gov/provider-view/1558382515,2026-10-02
HSI00001072,Texas Health Resources,member hospital: Texas Health H-E-B,1912199381,IV & HOME HEALTH SERVICES OF TEXAS,PHARMACY SPECIALISTS,False,"Pharmacy, Home Infusion Therapy Pharmacy",2140 JUSTIN RD STE 100,HIGHLAND VILLAGE,TX,75077,CHIEF OPERATING OFFICER,A,2021-03-04,https://npiregistry.cms.hhs.gov/provider-view/1912199381,2026-10-02
HSI00001072,Texas Health Resources,member hospital: Texas Health H-E-B,1194182113,MAFHH EXPRESS SERVICES LLC,TEXAS INFUSION PHARMACY,False,Pharmacy,9100 SOUTHWEST FWY STE 207,HOUSTON,TX,77074,Officer,A,2018-07-19,https://npiregistry.cms.hhs.gov/provider-view/1194182113,2026-10-02
HSI00001072,Texas Health Resources,member hospital: Texas Health H-E-B,1104307065,"OCEAN BLUE HOLDINGS, LLC",JOHNSON PHARMACY; TEXAS HEALTH RX PHARMACY,False,Clinic/Center,12333 BEAR PLZ STE 100,BURLESON,TX,76028,OFFICER,A,2024-09-11,https://npiregistry.cms.hhs.gov/provider-view/1104307065,2026-10-02
HSI00001072,Texas Health Resources,member hospital: Texas Health H-E-B,1033155049,ONCOLOGY PHARMACY SERVICES,TEXAS ONCOLOGY PHARMACY HEB,True,"Pharmacy, Specialty Pharmacy",1609 HOSPITAL PKWY,BEDFORD,TX,76022,Executive Director,A,2024-01-12,https://npiregistry.cms.hhs.gov/provider-view/1033155049,2026-10-02
HSI00001072,Texas Health Resources,member hospital: Texas Health H-E-B,1720024201,"ONCOLOGY PHARMACY SERVICES , INC.",TEXAS ONCOLOGY PHARMACY - EL PASO GRANDVIEW,True,"Pharmacy, Specialty Pharmacy",1901 GRANDVIEW AVE,EL PASO,TX,79902,Sr. Revenue Cycle Manager,A,2025-06-10,https://npiregistry.cms.hhs.gov/provider-view/1720024201,2026-10-02
HSI00001072,Texas Health Resources,member hospital: Texas Health H-E-B,1811910201,ONCOLOGY PHARMACY SERVICES INC,TEXAS ONCOLOGY PHARMACY WICHITA FALLS,True,"Pharmacy, Specialty Pharmacy",5400 KELL WEST BLVD,WICHITA FALLS,TX,76310,Director,A,2024-01-12,https://npiregistry.cms.hhs.gov/provider-view/1811910201,2026-10-02
HSI00001072,Texas Health Resources,member hospital: Texas Health H-E-B,1568485944,ONCOLOGY PHARMACY SERVICES INC,TEXAS ONCOLOGY PHARMACY DENISON,True,"Pharmacy, Specialty Pharmacy",5125 TEXOMA MEDICAL CENTER DR STE 100,DENISON,TX,75020,Director,A,2024-01-12,https://npiregistry.cms.hhs.gov/provider-view/1568485944,2026-10-02
HSI00001072,Texas Health Resources,member hospital: Texas Health H-E-B,1164436077,ONCOLOGY PHARMACY SERVICES INC,TEXAS ONCOLOGY PHARMACY SUGAR LAND,True,"Pharmacy, Specialty Pharmacy",1350 FIRST COLONY BLVD,SUGAR LAND,TX,77479,Director,A,2024-01-12,https://npiregistry.cms.hhs.gov/provider-view/1164436077,2026-10-02
HSI00001072,Texas Health Resources,member hospital: Texas Health H-E-B,1619990512,ONCOLOGY PHARMACY SERVICES INC,TEXAS ONCOLOGY PHARMACY TYLER,True,"Pharmacy, Specialty Pharmacy",501 S SAUNDERS AVE.,TYLER,TX,75702,Director,A,2024-01-12,https://npiregistry.cms.hhs.gov/provider-view/1619990512,2026-10-02
HSI00001072,Texas Health Resources,member hospital: Texas Health H-E-B,1275556185,ONCOLOGY PHARMACY SERVICES INC,TEXAS ONCOLOGY PHARMACY WACO,True,"Pharmacy, Specialty Pharmacy",1700 W STATE HIGHWAY 6,WACO,TX,76712,Director,A,2024-01-12,https://npiregistry.cms.hhs.gov/provider-view/1275556185,2026-10-02
HSI00001072,Texas Health Resources,member hospital: Texas Health H-E-B,1043233422,ONCOLOGY PHARMACY SERVICES INC,TEXAS ONCOLOGY PHARMACY WEBSTER,True,"Pharmacy, Specialty Pharmacy",501 MEDICAL CENTER BLVD,WEBSTER,TX,77598,Director,A,2024-01-12,https://npiregistry.cms.hhs.gov/provider-view/1043233422,2026-10-02
HSI00001072,Texas Health Resources,member hospital: Texas Health H-E-B,1255353504,"ONCOLOGY PHARMACY SERVICES, INC",TEXAS ONCOLOGY PHARMACY PRESBY,True,"Pharmacy, Specialty Pharmacy",8196 WALNUT HILL LN STE 100,DALLAS,TX,75231,CFO & Treasurer,A,2025-06-19,https://npiregistry.cms.hhs.gov/provider-view/1255353504,2026-10-02
HSI00001072,Texas Health Resources,member hospital: Texas Health H-E-B,1427070770,"ONCOLOGY PHARMACY SERVICES, INC",TEXAS ONCOLOGY PHARMACY METHODIST,True,"Pharmacy, Specialty Pharmacy",3555 WEST WHEATLAND ROAD,DALLAS,TX,75237,Director,A,2024-01-12,https://npiregistry.cms.hhs.gov/provider-view/1427070770,2026-10-02
HSI00001072,Texas Health Resources,member hospital: Texas Health H-E-B,1649216516,"ONCOLOGY PHARMACY SERVICES, INC",TEXAS ONCOLOGY PHARMACY AUSTIN CENTRAL,True,"Pharmacy, Specialty Pharmacy",6204 BALCONES DR,AUSTIN,TX,78731,Executive Director,A,2024-01-12,https://npiregistry.cms.hhs.gov/provider-view/1649216516,2026-10-02
HSI00001072,Texas Health Resources,member hospital: Texas Health H-E-B,1821010083,"ONCOLOGY PHARMACY SERVICES, INC",TEXAS ONCOLOGY PHARMACY FLOWER MOUND,True,"Pharmacy, Specialty Pharmacy","4370 MEDICAL ARTS DR, #100",FLOWER MOUND,TX,75028,Director,A,2024-01-12,https://npiregistry.cms.hhs.gov/provider-view/1821010083,2026-10-02
HSI00001072,Texas Health Resources,member hospital: Texas Health H-E-B,1568408003,"ONCOLOGY PHARMACY SERVICES, INC",TEXAS ONCOLOGY PHARMACY IRVING,True,"Pharmacy, Specialty Pharmacy",2021 N MACARTHUR BLVD STE 400,IRVING,TX,75061,Executive Director,A,2024-01-12,https://npiregistry.cms.hhs.gov/provider-view/1568408003,2026-10-02
HSI00001072,Texas Health Resources,member hospital: Texas Health H-E-B,1952443426,"ONCOLOGY PHARMACY SERVICES, INC",TEXAS ONCOLOGY PHARMACY ODESSA,True,"Pharmacy, Specialty Pharmacy",500 W 3RD ST,ODESSA,TX,79761,Executive Director,A,2024-01-12,https://npiregistry.cms.hhs.gov/provider-view/1952443426,2026-10-02
HSI00001072,Texas Health Resources,member hospital: Texas Health H-E-B,1588686810,"ONCOLOGY PHARMACY SERVICES, INC",TEXAS ONCOLOGY PHARMACY MCD,True,"Pharmacy, Specialty Pharmacy",7777 FOREST LN,DALLAS,TX,75230,Director,A,2024-01-12,https://npiregistry.cms.hhs.gov/provider-view/1588686810,2026-10-02
HSI00001072,Texas Health Resources,member hospital: Texas Health H-E-B,1457373748,"ONCOLOGY PHARMACY SERVICES, INC",TEXAS ONCOLOGY PHARMACY BROWNSVILLE,True,"Pharmacy, Specialty Pharmacy",2150 N EXPRESSWAY # 83,BROWNSVILLE,TX,78521,Director,A,2024-01-12,https://npiregistry.cms.hhs.gov/provider-view/1457373748,2026-10-02
HSI00001072,Texas Health Resources,member hospital: Texas Health H-E-B,1063434140,"ONCOLOGY PHARMACY SERVICES, INC",TEXAS ONCOLOGY PHARMACY MESQUITE,True,"Pharmacy, Specialty Pharmacy",4700 N GALLOWAY AVE,MESQUITE,TX,75150,Director,A,2024-01-12,https://npiregistry.cms.hhs.gov/provider-view/1063434140,2026-10-02
HSI00001072,Texas Health Resources,member hospital: Texas Health H-E-B,1356363436,"ONCOLOGY PHARMACY SERVICES, INC",TEXAS ONCOLOGY PHARMACY LONGVIEW,True,"Pharmacy, Specialty Pharmacy",1400 N 4TH ST,LONGVIEW,TX,75601,Director,A,2024-01-12,https://npiregistry.cms.hhs.gov/provider-view/1356363436,2026-10-02
HSI00001072,Texas Health Resources,member hospital: Texas Health H-E-B,1912928029,"ONCOLOGY PHARMACY SERVICES, INC",TEXAS ONCOLOGY PHARMACY PLANO,True,"Pharmacy, Specialty Pharmacy",3705 W 15TH ST,PLANO,TX,75075,Director,A,2024-01-12,https://npiregistry.cms.hhs.gov/provider-view/1912928029,2026-10-02
HSI00001072,Texas Health Resources,member hospital: Texas Health H-E-B,1902828262,"ONCOLOGY PHARMACY SERVICES, INC",TEXAS ONCOLOGY PHARMACY SAMMONS,True,"Pharmacy, Specialty Pharmacy",3410 WORTH ST,DALLAS,TX,75246,Director,A,2024-01-12,https://npiregistry.cms.hhs.gov/provider-view/1902828262,2026-10-02
HSI00001072,Texas Health Resources,member hospital: Texas Health H-E-B,1942245212,"ONCOLOGY PHARMACY SERVICES, INC",TEXAS ONCOLOGY PHARMACY ABILENE,True,"Pharmacy, Specialty Pharmacy",1957 ANTILLEY RD,ABILENE,TX,79606,Executive Director,A,2024-01-12,https://npiregistry.cms.hhs.gov/provider-view/1942245212,2026-10-02
HSI00001072,Texas Health Resources,member hospital: Texas Health H-E-B,1033130141,"ONCOLOGY PHARMACY SERVICES, INC",TEXAS ONCOLOGY PHARMACY PARIS,True,"Pharmacy, Specialty Pharmacy",3550 NE LOOP 286,PARIS,TX,75460,Director,A,2024-01-12,https://npiregistry.cms.hhs.gov/provider-view/1033130141,2026-10-02
HSI00001072,Texas Health Resources,member hospital: Texas Health H-E-B,1972525244,"ONCOLOGY PHARMACY SERVICES, INC",TEXAS ONCOLOGY PHARMACY BEAUMONT,True,"Pharmacy, Specialty Pharmacy",3010 HARRISON AVENUE,BEAUMONT,TX,77702,Director,A,2024-01-12,https://npiregistry.cms.hhs.gov/provider-view/1972525244,2026-10-02
HSI00001072,Texas Health Resources,member hospital: Texas Health H-E-B,1891717260,"ONCOLOGY PHARMACY SERVICES, INC",TEXAS ONCOLOGY PHARMACY ROUNDROCK,True,"Pharmacy, Specialty Pharmacy",2410 ROUND ROCK AVE,ROUND ROCK,TX,78681,Director,A,2024-01-12,https://npiregistry.cms.hhs.gov/provider-view/1891717260,2026-10-02
HSI00001072,Texas Health Resources,member hospital: Texas Health H-E-B,1427070507,"ONCOLOGY PHARMACY SERVICES, INC",TEXAS ONCOLOGY PHARMACY MCALLEN,True,"Pharmacy, Specialty Pharmacy",1901 S 2ND ST,MCALLEN,TX,78503,Director,A,2024-01-12,https://npiregistry.cms.hhs.gov/provider-view/1427070507,2026-10-02
HSI00001072,Texas Health Resources,member hospital: Texas Health H-E-B,1669417937,"ONCOLOGY PHARMACY SERVICES, INC",TEXAS ONCOLOGY PHARMACY EAST EL PASO,True,"Pharmacy, Specialty Pharmacy",7848 GATEWAY BLVD E,EL PASO,TX,79915,Executive Direcotr,A,2024-01-12,https://npiregistry.cms.hhs.gov/provider-view/1669417937,2026-10-02
HSI00001072,Texas Health Resources,member hospital: Texas Health H-E-B,1669494027,"ONCOLOGY PHARMACY SERVICES, INC",TEXAS ONCOLOGY PHARMACY PLANO WEST,True,"Pharmacy, Specialty Pharmacy",4708 ALLIANCE BLVD,PLANO,TX,75093,Director,A,2024-01-12,https://npiregistry.cms.hhs.gov/provider-view/1669494027,2026-10-02
HSI00001072,Texas Health Resources,member hospital: Texas Health H-E-B,1326069436,"ONCOLOGY PHARMACY SERVICES, INC",TEXAS ONCOLOGY PHARMACY MIDLAND,True,"Pharmacy, Specialty Pharmacy",400 ROSALIND REDFERN GROVER PKWY,MIDLAND,TX,79701,Director,A,2024-01-12,https://npiregistry.cms.hhs.gov/provider-view/1326069436,2026-10-02
HSI00001072,Texas Health Resources,member hospital: Texas Health H-E-B,1114962578,"ONCOLOGY PHARMACY SERVICES, INC",TEXAS ONCOLOGY PHARMACY FT WORTH,True,"Pharmacy, Specialty Pharmacy",500 SOUTH HENDERSON STREET,FORT WORTH,TX,76102,Executive Director,A,2024-01-12,https://npiregistry.cms.hhs.gov/provider-view/1114962578,2026-10-02
HSI00001072,Texas Health Resources,member hospital: Texas Health H-E-B | member hospital: Texas Health Hospital Mansfield,1457399826,"ONCOLOGY PHARMACY SERVICES, INC.",TEXAS ONCOLOGY ONCOLOGY PHARMACY MANSFIELD,True,"Pharmacy, Specialty Pharmacy",252 MATLOCK RD STE 140,MANSFIELD,TX,76063,Executive Director,A,2024-01-12,https://npiregistry.cms.hhs.gov/provider-view/1457399826,2026-10-02
HSI00001072,Texas Health Resources,member hospital: Texas Health H-E-B,1215973797,"ONCOLOGY PHARMACY SERVICES, INC.",TEXAS ONCOLOGY PHARMACY HARLINGEN,True,"Pharmacy, Specialty Pharmacy",2121 PEASE ST,HARLINGEN,TX,78550,Executive Director,A,2024-01-16,https://npiregistry.cms.hhs.gov/provider-view/1215973797,2026-10-02
HSI00001072,Texas Health Resources,member hospital: Texas Health H-E-B | member hospital: Texas Health Denton,1538108964,"ONCOLOGY PHARMACY SERVICES, INC.",TEXAS ONCOLOGY PHARMACY DENTON,True,"Pharmacy, Specialty Pharmacy",2600 SCRIPTURE ST,DENTON,TX,76201,Executive Director,A,2026-05-22,https://npiregistry.cms.hhs.gov/provider-view/1538108964,2026-10-02
HSI00001072,Texas Health Resources,member hospital: Texas Health H-E-B,1154799336,PHARMBLUE TEXAS LLC,,False,"Pharmacy, Community/Retail Pharmacy",1495 N 7TH ST,BEAUMONT,TX,77702,"Owner,CEO, AO",A,2017-03-23,https://npiregistry.cms.hhs.gov/provider-view/1154799336,2026-10-02
HSI00001072,Texas Health Resources,member hospital: Texas Health H-E-B,1356732176,"STRIVE PHARMACY TEXAS, LLC",,False,"Pharmacy, Community/Retail Pharmacy",1077 CENTRAL PARKWAY SOUTH,SAN ANTONIO,TX,78232,Member,A,2024-10-25,https://npiregistry.cms.hhs.gov/provider-view/1356732176,2026-10-02
HSI00001072,Texas Health Resources,member hospital: Texas Health H-E-B,1992612089,"TEXAS ARTHRITIS CENTER, PA",,False,Pharmacy,2600 N OREGON ST STE 201,EL PASO,TX,79902,Office Manager,A,2026-08-25,https://npiregistry.cms.hhs.gov/provider-view/1992612089,2026-10-02
HSI00001072,Texas Health Resources,member hospital: Texas Health H-E-B,1659296424,"TEXAS ARTHRITIS CENTER, PA",,False,Pharmacy,2600 N OREGON ST STE 201,EL PASO,TX,79902,Office Manager,A,2026-09-29,https://npiregistry.cms.hhs.gov/provider-view/1659296424,2026-10-02
HSI00001072,Texas Health Resources,member hospital: Texas Health H-E-B,1821849241,TEXAS CENTRAL RX LLC,FUTURE FAMILY RX- CLOUD RX,False,"Pharmacy, Community/Retail Pharmacy",4200 REGENT BLVD STE 104,IRVING,TX,75063,Owner,A,2026-08-27,https://npiregistry.cms.hhs.gov/provider-view/1821849241,2026-10-02
HSI00001072,Texas Health Resources,member hospital: Texas Health H-E-B,1386278406,TEXAS CHILDREN'S HOSPITAL,TEXAS CHILDREN'S HOSPITAL - SPECIALTY PHARMACY,False,"Pharmacy, Community/Retail Pharmacy",12613 CITYPARK DR STE 200,MISSOURI CITY,TX,77489,CFO,A,2026-04-01,https://npiregistry.cms.hhs.gov/provider-view/1386278406,2026-10-02
HSI00001072,Texas Health Resources,member hospital: Texas Health H-E-B,1508615048,TEXAS CHILDREN'S HOSPITAL,TEXAS CHILDREN'S INFUSION PHARMACY,False,"Pharmacy, Community/Retail Pharmacy",12613 CITYPARK DR,MISSOURI CITY,TX,77489,CFO,A,2025-10-10,https://npiregistry.cms.hhs.gov/provider-view/1508615048,2026-10-02
HSI00001072,Texas Health Resources,member hospital: Texas Health H-E-B,1891971222,TEXAS CHILDREN'S HOSPTIAL PHARMACY,,False,"Pharmacy, Institutional Pharmacy",6621 FANNIN ST STE WB1120,HOUSTON,TX,77030,"Executive VP, CFO",A,2021-12-10,https://npiregistry.cms.hhs.gov/provider-view/1891971222,2026-10-02
HSI00001072,Texas Health Resources,member hospital: Texas Health H-E-B,1679515977,TEXAS COMMUNITY PHARMACY SERVICES,COMMUNITY PHARMACY,False,"Pharmacy, Community/Retail Pharmacy",4400 TEASLEY LN STE 100,DENTON,TX,76210,PRESIDENT/PIC,A,2016-08-04,https://npiregistry.cms.hhs.gov/provider-view/1679515977,2026-10-02
HSI00001072,Texas Health Resources,member hospital: Texas Health H-E-B,1063119378,TEXAS COMPOUNDING EXPERTS,GREENPARK COMPOUNDING PHARMACY,False,"Pharmacy, Compounding Pharmacy",4061F BELLAIRE BLVD,HOUSTON,TX,77025,Manager,A,2023-02-08,https://npiregistry.cms.hhs.gov/provider-view/1063119378,2026-10-02
HSI00001072,Texas Health Resources,member hospital: Texas Health Alliance | member hospital: Texas Health H-E-B,1053818344,"TEXAS DIGESTIVE DISEASE CONSULTANTS, PLLC",GI ALLIANCE PHARMACY- DFW,False,"Pharmacy, Community/Retail Pharmacy",6317 HARRIS PKWY,FORT WORTH,TX,76132,Managing Officer,A,2025-03-10,https://npiregistry.cms.hhs.gov/provider-view/1053818344,2026-10-02
HSI00001072,Texas Health Resources,member hospital: Texas Health Alliance | member hospital: Texas Health H-E-B,1770683070,"TEXAS DIGESTIVE DISEASE CONSULTANTS, PLLC",GI ALLIANCE PHARMACY - SAN ANTONIO; RECEPT PHARMACY; RECEPT PHARMACY #54,False,"Pharmacy, Community/Retail Pharmacy",18707 HARDY OAK BLVD.,SAN ANTONIO,TX,78258,Managing Officer,A,2023-12-22,https://npiregistry.cms.hhs.gov/provider-view/1770683070,2026-10-02
HSI00001072,Texas Health Resources,member hospital: Texas Health Alliance | member hospital: Texas Health H-E-B,1457892028,"TEXAS DIGESTIVE DISEASE CONSULTANTS, PLLC",GI ALLIANCE PHARMACY- HOUSTON,False,"Pharmacy, Community/Retail Pharmacy",26103 I-45,THE WOODLANDS,TX,77380,Managing Officer,A,2024-11-12,https://npiregistry.cms.hhs.gov/provider-view/1457892028,2026-10-02
HSI00001072,Texas Health Resources,member hospital: Texas Health H-E-B,1477376119,TEXAS HEALTH HARRIS METHODIST HOSPITAL FORT WORTH,TEXAS HEALTH RETAIL PHARMACY,False,"Pharmacy, Community/Retail Pharmacy",1325 PENNSYLVANIA AVE STE 290,FORT WORTH,TX,76104,SVP Revenue Cycle,A,2026-04-22,https://npiregistry.cms.hhs.gov/provider-view/1477376119,2026-10-02
HSI00001072,Texas Health Resources,member hospital: Texas Health H-E-B,1326599499,TEXAS HEALTH MEDICAL SUPPORT,TEXAS HEALTH SPECIALTY PHARMACY,True,"Pharmacy, Specialty Pharmacy",1100 BRIDGEWOOD DR STE 107,FORT WORTH,TX,76112,Vice President of Pharmacy Services,A,2020-11-11,https://npiregistry.cms.hhs.gov/provider-view/1326599499,2026-10-02
HSI00001072,Texas Health Resources,member hospital: Texas Health H-E-B | member hospital: Texas Health Dallas | member hospital: Texas Health Presbyterian Hospital P,1740375377,TEXAS HEALTH PRESBYTERIAN HOSPITAL DALLAS,TEXAS HEALTH PRESCRIPTION SHOP,False,"Pharmacy, Community/Retail Pharmacy",8200 WALNUT HILL LN,DALLAS,TX,75231,SVP Revenue Cycle,A,2026-04-22,https://npiregistry.cms.hhs.gov/provider-view/1740375377,2026-10-02
HSI00001072,Texas Health Resources,member hospital: Texas Health H-E-B,1477223832,"TEXAS INFUSION, LLC",TEXAS INFUSION,True,"Pharmacy, Specialty Pharmacy",1935 W STATE ST STE 103,GARLAND,TX,75042,owner / managing officer,A,2024-08-14,https://npiregistry.cms.hhs.gov/provider-view/1477223832,2026-10-02
HSI00001072,Texas Health Resources,member hospital: Texas Health H-E-B,1689320269,"TEXAS INFUSION, LLC",TEXAS INFUSION,True,"Pharmacy, Specialty Pharmacy",1935 W STATE ST STE 103,GARLAND,TX,75042,Owner,A,2024-01-26,https://npiregistry.cms.hhs.gov/provider-view/1689320269,2026-10-02
HSI00001072,Texas Health Resources,member hospital: Texas Health H-E-B,1881762680,TEXAS INJURED WORKERS PHARMACY,,True,"Pharmacy, Specialty Pharmacy",2204 PARK SPRINGS BLVD,ARLINGTON,TX,76013,PIC,A,2013-12-20,https://npiregistry.cms.hhs.gov/provider-view/1881762680,2026-10-02
HSI00001072,Texas Health Resources,member hospital: Texas Health H-E-B,1245637040,TEXAS LIVER CONSULTANTS INC,LIV-WELL PHARMACY,False,"Pharmacy, Community/Retail Pharmacy",607 CAMDEN ST STE 102,SAN ANTONIO,TX,78215,Manager,A,2016-06-30,https://npiregistry.cms.hhs.gov/provider-view/1245637040,2026-10-02
HSI00001072,Texas Health Resources,member hospital: Texas Health H-E-B,1225418106,TEXAS MEDICATION MANAGEMENT CONSULTANTS,PARAGON HEALTHCARE SPECIALTY #2,True,"Pharmacy, Specialty Pharmacy",3033 W PRESIDENT GEORGE BUSH HWY STE 100C,PLANO,TX,75075,Pharmacist in Charge,A,2023-03-07,https://npiregistry.cms.hhs.gov/provider-view/1225418106,2026-10-02
HSI00001072,Texas Health Resources,member hospital: Texas Health H-E-B,1174710636,THE UNIVERSITY OF TEXAS HEALTH SCIENCE CENTER AT HOUSTON,GULF STATES PHARMACY,True,"Pharmacy, Specialty Pharmacy",7000 FANNIN STREET,HOUSTON,TX,77030,"Sr. Vice President, UTHealth and CO",A,2022-11-14,https://npiregistry.cms.hhs.gov/provider-view/1174710636,2026-10-02
HSI00001072,Texas Health Resources,member hospital: Texas Health H-E-B,1427946805,UNIVERSITY OF TEXAS HEALTH CENTER AT TYLER,UT HEALTH SPECIALTY PHARMACY NORTH,True,"Pharmacy, Specialty Pharmacy",11937 US HIGHWAY 271,TYLER,TX,75708,Chief Business Officer,A,2025-06-25,https://npiregistry.cms.hhs.gov/provider-view/1427946805,2026-10-02
HSI00001072,Texas Health Resources,member hospital: Texas Health H-E-B,1801784293,UNIVERSITY OF TEXAS HEALTH SCIENCE CENTER AT TYLER,UTHSCT HOPE PHARMACY SPECIALTY,True,"Pharmacy, Specialty Pharmacy",721 CLINIC DR STE B,TYLER,TX,75701,Chief Business Officer,A,2025-06-25,https://npiregistry.cms.hhs.gov/provider-view/1801784293,2026-10-02
HSI00001072,Texas Health Resources,member hospital: Texas Health H-E-B,1508965435,UNIVERSITY OF TEXAS M D ANDERSON,UNIV OF TEXAS MD ANDERSON CANCER CENTER,False,"Pharmacy, Clinic Pharmacy",1515 HOLCOMBE BLVD UNIT 90,HOUSTON,TX,77030,"Director, Pharmacy Operations",A,2025-01-24,https://npiregistry.cms.hhs.gov/provider-view/1508965435,2026-10-02
HSI00001072,Texas Health Resources,member hospital: Texas Health H-E-B,1124818554,UNIVERSITY OF TEXAS MD ANDERSON CANCER CENTER,,False,Pharmacy,1220 HOLCOMBE BLVD STE,HOUSTON,TX,77030,Vice President,A,2025-05-09,https://npiregistry.cms.hhs.gov/provider-view/1124818554,2026-10-02
HSI00001072,Texas Health Resources,member hospital: Texas Health H-E-B,1790456028,UNIVERSITY OF TEXAS MEDICAL BRANCH AT GALVESTON,,False,"Pharmacy, Community/Retail Pharmacy",20740 GULF FREEWAY,WEBSTER,TX,77598,President,A,2023-08-15,https://npiregistry.cms.hhs.gov/provider-view/1790456028,2026-10-02
HSI00001072,Texas Health Resources,member hospital: Texas Health H-E-B | member hospital: Texas Health Dallas,1124568969,UNIVERSITY OF TEXAS SOUTHWESTERN MEDICAL CENTER AT DALLAS,UT SOUTHWESTERN SPECIALTY PHARMACY,True,"Pharmacy, Specialty Pharmacy",2929 N STEMMONS FWY # XA1.2,DALLAS,TX,75247,CFO,A,2025-11-24,https://npiregistry.cms.hhs.gov/provider-view/1124568969,2026-10-02
HSI00000439,Hackensack Meridian Health,member hospital: Hackensack University Medical Center,1568551257,HACKENSACK UNIVERSITY MEDICAL CENTER,HACKENSACK UNIVERSITY MEDICAL CENTER PLAZA PHARMACY,False,"Pharmacy, Community/Retail Pharmacy",20 PROSPECT AVE,HACKENSACK,NJ,07601,CONSULTANT/DIRECTOR,A,2017-03-06,https://npiregistry.cms.hhs.gov/provider-view/1568551257,2026-10-02
HSI00000439,Hackensack Meridian Health,system name: Hackensack Meridian Health | member hospital: Hackensack University Medical Center,1952096125,JACKSON VILLAGE PHARMACY LLC,HACKENSACK MERIDIAN VILLAGE PHARMACY,True,"Pharmacy, Specialty Pharmacy",27 S COOKS BRIDGE RD STE 1-1,JACKSON,NJ,08527,Managing Partner,A,2023-04-05,https://npiregistry.cms.hhs.gov/provider-view/1952096125,2026-10-02
HSI00000439,Hackensack Meridian Health,system name: Hackensack Meridian Health | member hospital: Hackensack University Medical Center,1477955037,JACKSON VILLAGE PHARMACY LLC,HACKENSACK MERIDIAN VILLAGE PHARMACY; MERIDIAN VILLAGE PHARMACY AT JACKSON,False,"Pharmacy, Community/Retail Pharmacy",27 S COOKS BRIDGE RD STE 1-1,JACKSON,NJ,08527,Manager / Owner,A,2026-02-12,https://npiregistry.cms.hhs.gov/provider-view/1477955037,2026-10-02
HSI00000773,Novant Health,system name: Novant Health | member hospital: New Hanover Regional Medical Center,1679160121,NOVANT HEALTH NEW HANOVER REGIONAL MEDICAL CENTER LLC,,True,"Pharmacy, Specialty Pharmacy",2250 SHIPYARD BLVD STE 12,WILMINGTON,NC,28403,SVP Financial Plan & Analysis,A,2020-12-30,https://npiregistry.cms.hhs.gov/provider-view/1679160121,2026-10-02
HSI00000773,Novant Health,system name: Novant Health | member hospital: New Hanover Regional Medical Center,1083269351,NOVANT HEALTH NEW HANOVER REGIONAL MEDICAL CENTER LLC,NH NHRMC SPECIALTY PHARMACY; NHRMC SPECIALTY PHARMACY,True,"Pharmacy, Specialty Pharmacy",2250 SHIPYARD BLVD STE 12,WILMINGTON,NC,28403,Director of Retail & Specialty RX,A,2026-06-23,https://npiregistry.cms.hhs.gov/provider-view/1083269351,2026-10-02
HSI00000773,Novant Health,system name: Novant Health | member hospital: New Hanover Regional Medical Center | address = member hospital: New Hanover Regional Medical Center,1053908509,NOVANT HEALTH NEW HANOVER REGIONAL MEDICAL CENTER LLC,,False,Pharmacy,2131 S 17TH ST,WILMINGTON,NC,28401,SVP Financial Plan & Analysis,A,2020-12-30,https://npiregistry.cms.hhs.gov/provider-view/1053908509,2026-10-02
HSI00000773,Novant Health,system name: Novant Health | member hospital: New Hanover Regional Medical Center | address = member hospital: New Hanover Regional Medical Center,1366585200,NOVANT HEALTH NEW HANOVER REGIONAL MEDICAL CENTER LLC,NH NHRMC OUTPATIENT PHARMACY,False,"Pharmacy, Community/Retail Pharmacy",2131 S 17TH ST,WILMINGTON,NC,28401,Director of Retail & Specialty RX,A,2026-06-23,https://npiregistry.cms.hhs.gov/provider-view/1366585200,2026-10-02
HSI00000773,Novant Health,system name: Novant Health,1073861118,"NOVANT HEALTH THOMASVILLE MEDICAL CENTER, LLC",NOVANT HEALTH SPECIALTY PHARMACY,False,"Pharmacy, Community/Retail Pharmacy",255 CHARLOIS BLVD,WINSTON SALEM,NC,27103,Pharmacy Director,A,2026-10-01,https://npiregistry.cms.hhs.gov/provider-view/1073861118,2026-10-02
HSI00000773,Novant Health,system name: Novant Health,1598312118,THE PRESBYTERIAN HOSPITAL,NOVANT HEALTH PHARMACY,True,"Pharmacy, Specialty Pharmacy",8401 UNIVERSITY EXEC PARK DR STE 127,CHARLOTTE,NC,28262,Manager,A,2026-06-23,https://npiregistry.cms.hhs.gov/provider-view/1598312118,2026-10-02
HSI00000773,Novant Health,system name: Novant Health,1245841279,THE PRESBYTERIAN HOSPITAL,NOVANT HEALTH PHARMACY,False,"Pharmacy, Community/Retail Pharmacy",125 QUEENS RD STE 180,CHARLOTTE,NC,28204,Manager,A,2026-06-23,https://npiregistry.cms.hhs.gov/provider-view/1245841279,2026-10-02
HSI00000820,University of Pennsylvania Health System,system name: University of Pennsylvania Health System,1093453011,PENN PRESPYTERIAN MEDICAL CENTER OF THE UNIVERSITY OF PENNSYLVANIA HEA,PENN MEDICINE CHERRY HILL PHARMACY,True,"Pharmacy, Specialty Pharmacy",1865 ROUTE 70 EAST,CHERRY HILL,NJ,08003,Associate Executive Director/COO,A,2022-05-20,https://npiregistry.cms.hhs.gov/provider-view/1093453011,2026-10-02
HSI00000820,University of Pennsylvania Health System,system name: University of Pennsylvania Health System,1326029232,ADVANCERX COM L.L.C.,"CAREMARKPCS PENNSYLVANIA MAIL PHARMACY, LLC DBA CVS CAREMARK",False,"Pharmacy, Mail Order Pharmacy",1 GREAT VALLEY BLVD,WILKES BARRE,PA,18706,President,A,2026-08-11,https://npiregistry.cms.hhs.gov/provider-view/1326029232,2026-10-02
HSI00000820,University of Pennsylvania Health System,system name: University of Pennsylvania Health System,1740261643,"CAREMARK, L.L.C.","CAREMAK PENNSYLVANIA SPECIALTY PHARMACY, LLC DBA CVS CAREMARK",True,"Pharmacy, Specialty Pharmacy",500 BUSINESS CENTER DR,PITTSBURGH,PA,15205,Vice President,A,2010-01-28,https://npiregistry.cms.hhs.gov/provider-view/1740261643,2026-10-02
HSI00000820,University of Pennsylvania Health System,system name: University of Pennsylvania Health System,1033166244,"CHARTWELL PENNSYLVANIA, LP",,False,"Pharmacy, Home Infusion Therapy Pharmacy",1001 OAKDALE RD,OAKDALE,PA,15071,President,A,2026-05-06,https://npiregistry.cms.hhs.gov/provider-view/1033166244,2026-10-02
HSI00000820,University of Pennsylvania Health System,system name: University of Pennsylvania Health System | address = member hospital: Presbyterian Medical Center,1134856867,PENN PRESBYTERIAN MEDICAL CENTER OF THE UNIVERSITY OF PENNSYLVANIA HEA,PENN PRESBYTERIAN APOTHECARY,True,"Pharmacy, Specialty Pharmacy",51 N 39TH STREET,PHILADELPHIA,PA,19104,Associate Executive Director/COO,A,2022-08-03,https://npiregistry.cms.hhs.gov/provider-view/1134856867,2026-10-02
HSI00000820,University of Pennsylvania Health System,system name: University of Pennsylvania Health System,1659019669,PENN PRESBYTERIAN MEDICAL CENTER OF THE UNIVERSITY OF PENNSYLVANIA HEA,PENN MEDICINE UNIVERSITY CITY APOTHECARY,True,"Pharmacy, Specialty Pharmacy",3737 MARKET STREET GROUND FLOOR,PHILADELPHIA,PA,19104,Associate Executive Director/COO,A,2022-05-20,https://npiregistry.cms.hhs.gov/provider-view/1659019669,2026-10-02
HSI00000820,University of Pennsylvania Health System,system name: University of Pennsylvania Health System,1780311654,TRUSTEES OF THE UNIVERSITY OF PENNSYLVANIA,PENN MEDICINE 76TH STREET PHARMACY,False,Pharmacy,3250 S 76TH ST STE 400,PHILADELPHIA,PA,19153,Associate Director,A,2022-08-02,https://npiregistry.cms.hhs.gov/provider-view/1780311654,2026-10-02
HSI00000820,University of Pennsylvania Health System,system name: University of Pennsylvania Health System,1770236044,TRUSTEES OF THE UNIVERSITY OF PENNSYLVANIA,PENN HOME INFUSION THERAPY,False,Pharmacy,625 CLARK AVE STE 10,KING OF PRUSSIA,PA,19406,Associate Director of Pharmacy,A,2022-01-27,https://npiregistry.cms.hhs.gov/provider-view/1770236044,2026-10-02
HSI00000813,Mass General Brigham,member hospital: Dana-Farber Cancer Institute,1174305528,"DANA-FARBER CANCER INSTITUTE, INC.",,True,"Pharmacy, Specialty Pharmacy",5 BRANCH ST FL 1,METHUEN,MA,01844,Director of Specialty Pharmacy,A,2023-10-19,https://npiregistry.cms.hhs.gov/provider-view/1174305528,2026-10-02
HSI00000813,Mass General Brigham,system name: Mass General Brigham,1144740317,"MASS GENERAL BRIGHAM SPECIALTY PHARMACY, INC.","PARTNERS HEALTHCARE SYSTEMS, INC.",True,"Pharmacy, Specialty Pharmacy",31 NORTH AVE,BURLINGTON,MA,01803,Executive Director,A,2021-03-10,https://npiregistry.cms.hhs.gov/provider-view/1144740317,2026-10-02
HSI00000510,Indiana University Health,system name: Indiana University Health | member hospital: Indiana University Health,1396142964,INDIANA UNIVERSITY HEALTH INC,IU HEALTH ADVANCED THERAPIES PHARMACY,False,"Pharmacy, Mail Order Pharmacy",390 AIRTECH PKWY STE 106A,PLAINFIELD,IN,46168,Director of Pharmacy,A,2023-06-01,https://npiregistry.cms.hhs.gov/provider-view/1396142964,2026-10-02
HSI00000510,Indiana University Health,system name: Indiana University Health | member hospital: Indiana University Health,1922884071,"INDIANA BLOODWORX, LLC",,True,"Pharmacy, Specialty Pharmacy",8326 NAAB RD STE 201,INDIANAPOLIS,IN,46260,Treasurer/CFO,A,2023-09-05,https://npiregistry.cms.hhs.gov/provider-view/1922884071,2026-10-02
HSI00000510,Indiana University Health,system name: Indiana University Health | member hospital: Indiana University Health,1225422181,"INDIANA HEMOPHILIA & THROMBOSIS CENTER, INC",,True,"Pharmacy, Specialty Pharmacy",8326 NAAB RD,INDIANAPOLIS,IN,46260,Executive Director,A,2015-07-18,https://npiregistry.cms.hhs.gov/provider-view/1225422181,2026-10-02
HSI00000711,Mount Sinai Health System,system name: Mount Sinai Health System | member hospital: Mount Sinai Hospital,1629410816,ICAHN SCHOOL OF MEDICINE AT MOUNT SINAI,ICAHN SCHOOL OF MEDICINE PHARMACY,True,"Pharmacy, Specialty Pharmacy",1468 MADISON AVE,NEW YORK,NY,10029,Vice President,A,2020-08-03,https://npiregistry.cms.hhs.gov/provider-view/1629410816,2026-10-02
HSI00000711,Mount Sinai Health System,system name: Mount Sinai Health System | member hospital: Mount Sinai Hospital,1083200695,MOUNT SINAI HOSPITAL,MOUNT SINAI SPECIALITY PHARMACY,True,"Pharmacy, Specialty Pharmacy",1468 MADISON AVE,NEW YORK,NY,10029,"Senior Vice President, CRO",A,2026-08-13,https://npiregistry.cms.hhs.gov/provider-view/1083200695,2026-10-02
HSI00001121,UF Health,member hospital: Shands Jacksonville Medical Center,1639267222,SHANDS JACKSONVILLE MEDICAL CENTER INC,SHANDS JACKSONVILLE AMBULATORY PHARMACY,False,Pharmacy,655 W 8TH ST,JACKSONVILLE,FL,32209,Vice President and CFO of Finance,A,2024-07-22,https://npiregistry.cms.hhs.gov/provider-view/1639267222,2026-10-02
HSI00001146,Unitypoint Health,system name: Unitypoint Health,1013942788,UNITYPOINT AT HOME,,False,"Pharmacy, Home Infusion Therapy Pharmacy",11333 AURORA AVE,URBANDALE,IA,50322,VP/Chief Compliance Officer,A,2024-08-08,https://npiregistry.cms.hhs.gov/provider-view/1013942788,2026-10-02
HSI00000640,MedStar Health,system name: MedStar Health | address = member hospital: Medstar Franklin Square Medical Ctr,1942727714,"MEDSTAR PHARMACIES, INC.",MEDSTAR PHARMACY (STORE # 12),False,"Pharmacy, Community/Retail Pharmacy",9000 FRANKLIN SQUARE DR,ROSEDALE,MD,21237,"Manager, Administrative Services",A,2020-06-18,https://npiregistry.cms.hhs.gov/provider-view/1942727714,2026-10-02
HSI00000640,MedStar Health,system name: MedStar Health,1326680646,"MEDSTAR SPECIALTY PHARMACY, LLC",,False,"Pharmacy, Community/Retail Pharmacy",7379 WASHINGTON BLVD STE 101,ELKRIDGE,MD,21075,"Manager, Central Pharmacy Support",A,2022-12-30,https://npiregistry.cms.hhs.gov/provider-view/1326680646,2026-10-02
HSI00000531,Johns Hopkins Health System,system name: Johns Hopkins Health System | member hospital: The Johns Hopkins Hospital,1255529459,THE JOHNS HOPKINS HOSPITAL,JOHNS HOPKINS OUTPATIENT PHARMACY AT MONUMENT STREET,True,"Pharmacy, Specialty Pharmacy",1810 E MONUMENT ST,BALTIMORE,MD,21205,Vice President of Finance,A,2011-06-06,https://npiregistry.cms.hhs.gov/provider-view/1255529459,2026-10-02
HSI00001156,University Hospitals,address = member hospital: Southwest General Health Center,1588675144,SOUTHWEST HOLDINGS INC,SOUTHWEST COMMUNITY PHARMACY,False,"Pharmacy, Community/Retail Pharmacy",18697 BAGLEY RD,MIDDLEBURG HEIGHTS,OH,44130,President/CFO,A,2025-03-14,https://npiregistry.cms.hhs.gov/provider-view/1588675144,2026-10-02
HSI00001251,West Virginia University Health System,system name: West Virginia University Health System | member hospital: West Virginia University Hospitals,1043066566,NEXT STEP WEST VIRGINIA,,False,"Pharmacy, Community/Retail Pharmacy",1405 CHESTNUT ST STE 100,KENOVA,WV,25530,Chief Pharmacy Operator,A,2024-07-18,https://npiregistry.cms.hhs.gov/provider-view/1043066566,2026-10-02
HSI00001251,West Virginia University Health System,system name: West Virginia University Health System | member hospital: West Virginia University Hospitals,1063879096,HPC SPECIALTY RX WEST VIRGINIA INC,HPC SPECIALTY RX WEST VIRGINIA INC.,True,"Pharmacy, Specialty Pharmacy",118 LAFAYETTE AVE STE 200,MOUNDSVILLE,WV,26041,CFO / Owner,A,2025-09-25,https://npiregistry.cms.hhs.gov/provider-view/1063879096,2026-10-02
HSI00000700,Montefiore Medical Center,system name: Montefiore Medical Center | member hospital: Montefiore Medical Center,1659156255,MONTEFIORE MEDICAL CENTER,MONTEFIORE SPECIALTY PHARMACY,False,"Pharmacy, Community/Retail Pharmacy",100 CORPORATE BLVD STE 111,YONKERS,NY,10701,Director of Pharmacy,A,2023-12-13,https://npiregistry.cms.hhs.gov/provider-view/1659156255,2026-10-02
HSI00000700,Montefiore Medical Center,system name: Montefiore Medical Center | member hospital: Montefiore Medical Center | address = member hospital: Montefiore Medical Center,1427185057,MONTEFIORE MEDICAL CENTER,MONTEFIORE COMMUNITY PHARMACY @ MOSES,False,"Pharmacy, Community/Retail Pharmacy",111 E 210TH ST,BRONX,NY,10467,DIRECTOR OF PHARMACY,A,2019-05-28,https://npiregistry.cms.hhs.gov/provider-view/1427185057,2026-10-02
HSI00000081,Baptist Memorial Health Care Corporation,system name: Baptist Memorial Health Care Corporation | member hospital: Ms Baptist Medical Center,1114464211,BAPTIST MEMORIAL HOSPITAL-TIPTON,WALNUT GROVE PLAZA PHARMACY #2,False,"Pharmacy, Community/Retail Pharmacy",6029 WALNUT GROVE RD STE 110,MEMPHIS,TN,38120,Director,A,2024-02-14,https://npiregistry.cms.hhs.gov/provider-view/1114464211,2026-10-02
HSI00000972,Sentara Healthcare,system name: Sentara Healthcare,1174693592,SENTARA ENTERPRISES,SENTARA HOME CARE SERVICES,False,Home Infusion,535 INDEPENDENCE PKWY,CHESAPEAKE,VA,23320,"Vice President, Sentara Enterprises",A,2021-06-29,https://npiregistry.cms.hhs.gov/provider-view/1174693592,2026-10-02
HSI00001175,University of Maryland Medical System,system name: University of Maryland Medical System | member hospital: Maryland General Hospital,1528398674,"BIOMATRIX SPECIALTY PHARMACY OF MARYLAND, LLC","CARDINAL HEALTH SPECIALTY PHARMACY, LLC",True,"Pharmacy, Specialty Pharmacy",6992 COLUMBIA GATEWAY DR STE 220,COLUMBIA,MD,21046,CEO & President,A,2021-06-16,https://npiregistry.cms.hhs.gov/provider-view/1528398674,2026-10-02
HSI00001175,University of Maryland Medical System,system name: University of Maryland Medical System | member hospital: Maryland General Hospital,1720582893,MARYLAND SPECIALTY AND COMPOUNDING PHARMACY LLC,PROFESSIONAL ARTS PHARMACY,False,"Pharmacy, Community/Retail Pharmacy",3138 ROGERS AVE,ELLICOTT CITY,MD,21043,Owner,A,2020-05-08,https://npiregistry.cms.hhs.gov/provider-view/1720582893,2026-10-02
HSI00001175,University of Maryland Medical System,system name: University of Maryland Medical System | member hospital: Maryland General Hospital,1881452282,"PARKVIEW MARYLAND RX, LLC",MONUMENT PHARMACY,False,"Pharmacy, Long Term Care Pharmacy",2760 LIGHTHOUSE PT E STE 110,BALTIMORE,MD,21224,Chief Operating Officer,A,2024-04-15,https://npiregistry.cms.hhs.gov/provider-view/1881452282,2026-10-02
HSI00000784,Ohiohealth,system name: Ohiohealth,1861947061,HOMEREACH,OHIOHEALTH SPECIALTY PHARMACY,True,"Pharmacy, Specialty Pharmacy",404 E WILSON BRIDGE RD STE H,WORTHINGTON,OH,43085,President,A,2019-05-23,https://npiregistry.cms.hhs.gov/provider-view/1861947061,2026-10-02
HSI00000784,Ohiohealth,system name: Ohiohealth,1720826373,OHIOHEALTH CORPORATION,OH SPECIALTY PHARMACY,True,"Pharmacy, Specialty Pharmacy",10013 BUSEY RD NW STE 100,CANAL WINCHESTER,OH,43110,Pharmacy Site Manager,A,2026-04-02,https://npiregistry.cms.hhs.gov/provider-view/1720826373,2026-10-02
HSI00000770,Northwestern Medicine,system name: Northwestern Medicine | member hospital: Northwestern Memorial Hospital,1902238645,NORTHWESTERN MEMORIAL HOSPITAL,NORTHWESTERN MEDICINE SPECIALTY PHARMACY,True,"Pharmacy, Specialty Pharmacy",676 N SAINT CLAIR ST STE 560,CHICAGO,IL,60611,SVP and CFO NMHC,A,2022-01-31,https://npiregistry.cms.hhs.gov/provider-view/1902238645,2026-10-02
HSI00000796,Orlando Health,system name: Orlando Health | member hospital: Orlando Health,1326348921,ORLANDO DISCOUNT PHARMACY INC,ORLANDO DISCOUNT PHARMACY,False,"Pharmacy, Community/Retail Pharmacy",419 E MICHIGAN ST STE 4,ORLANDO,FL,32806,Owner,A,2012-02-08,https://npiregistry.cms.hhs.gov/provider-view/1326348921,2026-10-02
HSI00000796,Orlando Health,system name: Orlando Health | member hospital: Orlando Health,1477616092,ORLANDO HEALTH INC,ORLANDO HEALTH SCRIPTS,False,"Pharmacy, Community/Retail Pharmacy",1400 S ORANGE AVE,ORLANDO,FL,32806,"Corporate Manager, Retail Pharmacy",A,2025-09-19,https://npiregistry.cms.hhs.gov/provider-view/1477616092,2026-10-02
HSI00000796,Orlando Health,system name: Orlando Health | member hospital: Orlando Health,1710505458,ORLANDO HEALTH INC,SCRIPTS PHARMACY,False,"Pharmacy, Community/Retail Pharmacy",1111 BLACKWOOD AVE,OCOEE,FL,34761,Director of Finance,A,2023-10-30,https://npiregistry.cms.hhs.gov/provider-view/1710505458,2026-10-02
HSI00000796,Orlando Health,system name: Orlando Health | member hospital: Orlando Health,1023574407,ORLANDO HEALTH INC.,SCRIPTS PHARMACY CENTRAL,False,"Pharmacy, Mail Order Pharmacy",1215 ATLANTA AVE,ORLANDO,FL,32806,"Corporate Manager, Retail Pharmacy",A,2019-02-11,https://npiregistry.cms.hhs.gov/provider-view/1023574407,2026-10-02
HSI00000796,Orlando Health,system name: Orlando Health | member hospital: Orlando Health,1528616596,ORLANDO HEALTH INC.,SCRIPTS PHARMACY,False,"Pharmacy, Community/Retail Pharmacy",392 RINEHART RD,LAKE MARY,FL,32746,Director of Finance/Revenue,A,2019-09-03,https://npiregistry.cms.hhs.gov/provider-view/1528616596,2026-10-02
HSI00000796,Orlando Health,system name: Orlando Health | member hospital: Orlando Health,1609323732,"ORLANDO HEALTH, INC",SCRIPTS PHARMACY,False,"Pharmacy, Community/Retail Pharmacy",2352 BRUCE B DOWNS BLVD,WESLEY CHAPEL,FL,33544,Senior Director of Ambulatory Pharm,A,2025-02-24,https://npiregistry.cms.hhs.gov/provider-view/1609323732,2026-10-02
HSI00000342,Emory Healthcare,system name: Emory Healthcare | member hospital: Emory University Hospital | address = member hospital: Emory University Hospital Midtown,1427669670,CRAWFORD LONG HOSPITAL,EMORY SPECIALTY PHARMACY,True,"Pharmacy, Specialty Pharmacy",550 PEACHTREE ST NE STE 1760,ATLANTA,GA,30308,Corporate Director,A,2026-03-31,https://npiregistry.cms.hhs.gov/provider-view/1427669670,2026-10-02
HSI00000342,Emory Healthcare,system name: Emory Healthcare | member hospital: Emory University Hospital | member hospital: Emory University Hospital Midtown,1477378875,CRAWFORD LONG HOSPITAL,WINSHIP AT EMORY MIDTOWN HOME HEALTH PHARMACY,False,"Pharmacy, Home Infusion Therapy Pharmacy",550 PEACHTREE ST NE STE 6.5P30,ATLANTA,GA,30308,Corporate Director,A,2026-03-31,https://npiregistry.cms.hhs.gov/provider-view/1477378875,2026-10-02
HSI00000077,Baptist Health South Florida,member hospital: Baptist Hospital,1336811645,BAPTIST HEALTH PHARMACY #107 LLC,BAPTIST HEALTH PHARMACY #107,True,"Pharmacy, Specialty Pharmacy",1228 S PINE ISLAND RD STE 140,PLANTATION,FL,33324,CEO,A,2022-07-07,https://npiregistry.cms.hhs.gov/provider-view/1336811645,2026-10-02
HSI00000077,Baptist Health South Florida,member hospital: Baptist Hospital,1598351843,"BAPTIST HEALTH PHARMACY 102, LLC",,True,"Pharmacy, Specialty Pharmacy",6200 SUNSET DR STE 102,SOUTH MIAMI,FL,33143,CEO,A,2024-12-19,https://npiregistry.cms.hhs.gov/provider-view/1598351843,2026-10-02
HSI00000077,Baptist Health South Florida,member hospital: Baptist Hospital | address = member hospital: West Kendall Baptist Hospital,1225624588,BAPTIST HEALTH PHARMACY 103 LLC,,True,"Pharmacy, Specialty Pharmacy",9555 SW 162ND AVE,MIAMI,FL,33196,CEO,A,2024-12-19,https://npiregistry.cms.hhs.gov/provider-view/1225624588,2026-10-02
HSI00000077,Baptist Health South Florida,member hospital: Baptist Hospital,1568546901,GREY DOG INC,BAPTIST MEDICAL ARTS PHARMACY,False,"Pharmacy, Community/Retail Pharmacy",8950 N KENDALL DR,MIAMI,FL,33176,RPh/PRESIDENT,A,2025-09-19,https://npiregistry.cms.hhs.gov/provider-view/1568546901,2026-10-02
HSI00000077,Baptist Health South Florida,member hospital: South Miami Hospital,1194289157,PUBLIC HEALTH TRUST OF MIAMI DADE COUNTY FLORIDA,JACKSON PHARMACY JACKSON SOUTH,False,"Pharmacy, Community/Retail Pharmacy",9333 SW 152ND STREET,MIAMI,FL,33157,Chief Financial Officer,A,2019-01-24,https://npiregistry.cms.hhs.gov/provider-view/1194289157,2026-10-02
HSI00000077,Baptist Health South Florida,member hospital: Baptist Hospital,1134082753,"SOUTHERN BAPTIST HOSPITAL OF FLORIDA, INC",BAPTIST SPECIALTY PHARMACY,False,"Pharmacy, Community/Retail Pharmacy",1301 PALM AVE STE 210,JACKSONVILLE,FL,32207,System Pharmacy Executive,A,2026-06-03,https://npiregistry.cms.hhs.gov/provider-view/1134082753,2026-10-02
HSI00001272,Yale New Haven Health System,system name: Yale New Haven Health System | member hospital: Yale-New Haven Hospital,1184402331,"LAWRENCE AND MEMORIAL HOSPITAL, INC.",YALE NEW HAVEN HEALTH PHARMACY - LAWRENCE AND MEMORIAL HOSPITAL,False,"Pharmacy, Community/Retail Pharmacy",365 MONTAUK AVE,NEW LONDON,CT,06320,VP Finance,A,2023-09-19,https://npiregistry.cms.hhs.gov/provider-view/1184402331,2026-10-02
HSI00001272,Yale New Haven Health System,system name: Yale New Haven Health System | member hospital: Yale-New Haven Hospital,1811531544,"MEDICAL CENTER PHARMACY AND HOME CARE CENTER, INC.",YALE NEW HAVEN HEALTH HOME INFUSION,False,"Pharmacy, Home Infusion Therapy Pharmacy",600 DERBY AVE,WEST HAVEN,CT,06516,Associate Director,A,2022-12-22,https://npiregistry.cms.hhs.gov/provider-view/1811531544,2026-10-02
HSI00001416,Beth Israel Lahey Health,system name: Beth Israel Lahey Health | member hospital: Lahey Clinic Hospital  Inc.,1306567938,"BETH ISRAEL LAHEY HEALTH PHARMACY, INC",BILH SPECIALTY PHARMACY,True,"Pharmacy, Specialty Pharmacy",80 WILSON WAY STE B,WESTWOOD,MA,02090,Director Specialty Pharmacy,A,2022-09-12,https://npiregistry.cms.hhs.gov/provider-view/1306567938,2026-10-02
HSI00001416,Beth Israel Lahey Health,system name: Beth Israel Lahey Health | member hospital: Lahey Clinic Hospital  Inc.,1346027620,"BETH ISRAEL LAHEY HEALTH PHARMACY, INC",BILH SPECIALTY PHARMACY,True,"Pharmacy, Specialty Pharmacy",80 WILSON WAY STE B,WESTWOOD,MA,02090,Director Specialty Pharmacy,A,2023-09-11,https://npiregistry.cms.hhs.gov/provider-view/1346027620,2026-10-02
HSI00001416,Beth Israel Lahey Health,system name: Beth Israel Lahey Health | member hospital: Lahey Clinic Hospital  Inc.,1194242719,"BETH ISRAEL LAHEY HEALTH PHARMACY, INC.",BILH SPECIALTY PHARMACY,True,"Pharmacy, Specialty Pharmacy",80 WILSON WAY,WESTWOOD,MA,02090,"SVP, Chief Pharmacy Officer",A,2021-08-26,https://npiregistry.cms.hhs.gov/provider-view/1194242719,2026-10-02
HSI00001378,Prisma Health,system name: Prisma Health,1992212872,GREENVILLE HEALTH CORPORATION,PRISMA HEALTH SPECIALTY PHARMACY,False,"Pharmacy, Community/Retail Pharmacy",845 S BUNCOMBE RD STE D,GREER,SC,29650,"SVP Finance, Enterprise Contracting",A,2023-01-24,https://npiregistry.cms.hhs.gov/provider-view/1992212872,2026-10-02
HSI00000025,Allegheny Health Network,system name: Allegheny Health Network | member hospital: Allegheny General Hospital,1891187290,NEFF DRUGS 31 LLC,SUNRAY DRUGS KENSINGTON & ALLEGHENY,False,"Pharmacy, Community/Retail Pharmacy",825 E ALLEGHENY AVE,PHILADELPHIA,PA,19134,Manager,A,2016-08-08,https://npiregistry.cms.hhs.gov/provider-view/1891187290,2026-10-02
HSI00000025,Allegheny Health Network,system name: Allegheny Health Network | member hospital: Allegheny General Hospital,1154281806,"WEST PENN ALLEGHENY HEALTH SYSTEM, INC",,True,"Pharmacy, Specialty Pharmacy",4090 JACKSONS POINTE CT,ZELIENOPLE,PA,16063,Director Reimbursement,A,2025-11-14,https://npiregistry.cms.hhs.gov/provider-view/1154281806,2026-10-02
HSI00000080,Baptist Healthcare System,system name: Baptist Healthcare System,1861246274,BAPTIST HEALTHCARE SYSTEM INC,BAPTIST HEALTH SHARED SERVICES PHARMACY,True,"Pharmacy, Specialty Pharmacy",1051 NEW MOODY LN,LA GRANGE,KY,40031,"VP, TREASURE, CFO",A,2024-11-14,https://npiregistry.cms.hhs.gov/provider-view/1861246274,2026-10-02
HSI00000080,Baptist Healthcare System,system name: Baptist Healthcare System,1073548988,"BAPTIST HEALTHCARE SYSTEM, INC.",BAPTIST HEALTH HOME INFUSION,False,"Pharmacy, Home Infusion Therapy Pharmacy",2100 NICHOLASVILLE RD,LEXINGTON,KY,40503,CHIEF FINANCIAL OFFICER,A,2025-05-29,https://npiregistry.cms.hhs.gov/provider-view/1073548988,2026-10-02
HSI00001169,University of Colorado Health,system name: University of Colorado Health,1851942023,CHILDREN'S HOSPITAL COLORADO,CHILDREN'S COLORADO SPECIALTY PHARMACY,False,Pharmacy,860 N POTOMAC CIRCLE,AURORA,CO,80011,"VP, Chief Compliance Officer",A,2023-12-01,https://npiregistry.cms.hhs.gov/provider-view/1851942023,2026-10-02
HSI00001169,University of Colorado Health,system name: University of Colorado Health,1427913771,COLORADO HEMP MED LLC,,True,"Pharmacy, Specialty Pharmacy",7450 CHANCELLOR DR,COLORADO SPRINGS,CO,80920,Managing Memebr,A,2025-12-18,https://npiregistry.cms.hhs.gov/provider-view/1427913771,2026-10-02
HSI00001169,University of Colorado Health,system name: University of Colorado Health,1689714495,"COLORADO STATE INFUSION, INC.",COLORADO STATE INFUSION INC,False,"Pharmacy, Home Infusion Therapy Pharmacy",1401 N 1ST ST,GRAND JUNCTION,CO,81501,Chief Strategy Officer/EVP,A,2020-11-03,https://npiregistry.cms.hhs.gov/provider-view/1689714495,2026-10-02
HSI00001169,University of Colorado Health,member hospital: Poudre Valley Hospital,1154706554,POUDRE VALLEY HEALTH CARE INC,HARMONY EMERGENCY DEPARTMENT PHARMACY,False,"Pharmacy, Community/Retail Pharmacy",4630 SNOW MESA DR,FORT COLLINS,CO,80528,CFO,A,2024-01-04,https://npiregistry.cms.hhs.gov/provider-view/1154706554,2026-10-02
HSI00001169,University of Colorado Health,member hospital: Poudre Valley Hospital | address = member hospital: Poudre Valley Hospital,1255729380,POUDRE VALLEY HEALTH CARE INC.,POUDRE VALLEY HOSPITAL PHARMACY,False,Pharmacy,1024 S LEMAY AVE,FORT COLLINS,CO,80524,CFO,A,2025-08-01,https://npiregistry.cms.hhs.gov/provider-view/1255729380,2026-10-02
HSI00001169,University of Colorado Health,system name: University of Colorado Health,1588766968,REGENTS OF THE UNIVERSITY OF COLORADO,UCHSC HEMOPHILIA CENTER,True,"Pharmacy, Specialty Pharmacy",13199 EAST MONTVIEW BOULEVARD,AURORA,CO,80045,Pharmacy Director,A,2023-03-07,https://npiregistry.cms.hhs.gov/provider-view/1588766968,2026-10-02
HSI00000376,Franciscan Missionaries of Our Lady Health System,system name: Franciscan Missionaries of Our Lady Health System | address = member hospital: Our Lady Of The Lake  Rmc,1801309133,FRANCISCAN MISSIONARIES OF OUR LADY HEALTH SYSTEM INC,RXONE LAKE,False,Pharmacy,5000 HENNESSY BLVD,BATON ROUGE,LA,70808,"EVP, Chief Physician Officer",A,2024-08-26,https://npiregistry.cms.hhs.gov/provider-view/1801309133,2026-10-02
HSI00000376,Franciscan Missionaries of Our Lady Health System,system name: Franciscan Missionaries of Our Lady Health System,1518572049,FRANCISCAN MISSIONARIES OF OUR LADY HEALTH SYSTEM INC,RXONE LOURDES,False,"Pharmacy, Community/Retail Pharmacy",4809 AMBASSADOR CAFFERY PKWY STE 120A,LAFAYETTE,LA,70508,EVP & Chief Physician Officer,A,2024-08-26,https://npiregistry.cms.hhs.gov/provider-view/1518572049,2026-10-02
HSI00000958,Sanford Health,system name: Sanford Health,1972844793,SANFORD MEDICAL CENTER,SANFORD CANCER CENTER ONCOLOGY CLINIC PHARMACY,False,"Pharmacy, Community/Retail Pharmacy",1309 W 17TH ST STE 101,SIOUX FALLS,SD,57104,"Vice President, Chief Revenue Cycle",A,2025-06-11,https://npiregistry.cms.hhs.gov/provider-view/1972844793,2026-10-02
HSI00000766,Northside Hospital,system name: Northside Hospital | member hospital: Northside Hospital,1285145789,EXPRESS AT NORTHSIDE LLC,EXPRESS PHARMACY,False,"Pharmacy, Community/Retail Pharmacy",296 NORTHSIDE DR SW,ATLANTA,GA,30313,MEMBER,A,2025-09-19,https://npiregistry.cms.hhs.gov/provider-view/1285145789,2026-10-02
HSI00000555,LCMC Health System,member hospital: Tulane Lakeside Hospital,1457168791,THE ADMINISTRATORS OF THE TULANE EDUCATIONAL FUND,TULANE UNIVERSITY HEALTH SCIENCES PHARMACY LAKESIDE,True,"Pharmacy, Specialty Pharmacy",4720 S I 10 SERVICE RD W STE 207,METAIRIE,LA,70001,Pharmacist in Charge,A,2024-12-11,https://npiregistry.cms.hhs.gov/provider-view/1457168791,2026-10-02
HSI00000555,LCMC Health System,system name: LCMC Health System | address = member hospital: Tulane Lakeside Hospital,1619446580,"UNIVERSITY HEALTHCARE SYSTEM, L.C.",LCMC HEALTH PHARMACY SERVICES-LAKESIDE,False,"Pharmacy, Community/Retail Pharmacy",4700 S I 10 SERVICE RD W STE 1201,METAIRIE,LA,70001,President & Chief Executive Officer,A,2026-06-12,https://npiregistry.cms.hhs.gov/provider-view/1619446580,2026-10-02
HSI00000555,LCMC Health System,system name: LCMC Health System | address = member hospital: Childrens Hospital,1093453094,UNIVERSITY MEDICAL CENTER MANAGEMENT CORPORATION,LCMC HEALTH PHARMACY SERVICES,False,"Pharmacy, Community/Retail Pharmacy",200 HENRY CLAY AVE STE 2107,NEW ORLEANS,LA,70118,Pharmacist in Charge,A,2026-04-24,https://npiregistry.cms.hhs.gov/provider-view/1093453094,2026-10-02
HSI00000776,OSF Healthcare System,system name: OSF Healthcare System,1811695992,"POINTCORE, INC.",OSF SPECIALTY PHARMACY,False,"Pharmacy, Community/Retail Pharmacy",5901 W WAR MEMORIAL SUITE 100,PEORIA,IL,61615,CEO,A,2024-03-18,https://npiregistry.cms.hhs.gov/provider-view/1811695992,2026-10-02
HSI00000475,Henry Ford Health,system name: Henry Ford Health | member hospital: Henry Ford Hospital | address = member hospital: Henry Ford Hospital,1578735015,HENRY FORD HEALTH SYSTEM,HENRY FORD MEDICAL CENTER PHARMACY,False,"Pharmacy, Community/Retail Pharmacy",2799 W GRAND BLVD,DETROIT,MI,48202,VP AMBULATORY PHCY,A,2016-12-05,https://npiregistry.cms.hhs.gov/provider-view/1578735015,2026-10-02
HSI00000475,Henry Ford Health,system name: Henry Ford Health | member hospital: Henry Ford Hospital,1316622053,HENRY FORD HEALTH SYSTEM,HENRY FORD PHARMACY ADVANTAGE SOUTHFIELD,True,"Pharmacy, Specialty Pharmacy",1191 SOUTH BLVD E,ROCHESTER HILLS,MI,48307,Director - Outpatient Pharmacy,A,2023-06-20,https://npiregistry.cms.hhs.gov/provider-view/1316622053,2026-10-02
HSI00000717,NYU Langone Health,member hospital: Long Island Community Hospital,1134772452,"ALTO PHARMACY, LONG ISLAND LLC",ALTO PHARMACY,False,"Pharmacy, Community/Retail Pharmacy",245 NEWTOWN RD STE 300,PLAINVIEW,NY,11803,Sr. Manager of Reimbursement,A,2026-05-27,https://npiregistry.cms.hhs.gov/provider-view/1134772452,2026-10-02
HSI00000717,NYU Langone Health,member hospital: Long Island Community Hospital,1871024455,LONG ISLAND JEWISH MEDICAL CENTER,VIVO HEALTH PHARMACY AT ZUCKER HILLSIDE HOSPITAL,False,"Pharmacy, Community/Retail Pharmacy",7559 263RD ST,GLEN OAKS,NY,11004,"SVP, Chief Expense Officer",A,2022-12-29,https://npiregistry.cms.hhs.gov/provider-view/1871024455,2026-10-02
HSI00000717,NYU Langone Health,member hospital: Long Island Community Hospital,1174926406,LONG ISLAND JEWISH MEDICAL CENTER,VIVO HEALTH PHARMACY AT LIJ,False,"Pharmacy, Community/Retail Pharmacy",270-05 76TH AVE,NEW HYDE PARK,NY,11040,"SVP, Chief Expense Officer",A,2025-02-12,https://npiregistry.cms.hhs.gov/provider-view/1174926406,2026-10-02
HSI00000717,NYU Langone Health,member hospital: Long Island Community Hospital,1184468837,LONG ISLAND PHARMACY CORP,,False,"Pharmacy, Home Infusion Therapy Pharmacy",1163A BROADWAY,HEWLETT,NY,11557,owner,A,2024-12-04,https://npiregistry.cms.hhs.gov/provider-view/1184468837,2026-10-02
HSI00000717,NYU Langone Health,member hospital: Long Island Community Hospital,1639194459,"M. AND S. DRUGS, INC",LONG ISLAND CITY CHEMISTS/PHARMACY,False,"Pharmacy, Community/Retail Pharmacy",3012 36TH AVE,LONG ISLAND CITY,NY,11106,President,A,2013-07-30,https://npiregistry.cms.hhs.gov/provider-view/1639194459,2026-10-02
HSI00000029,Allina Health,system name: Allina Health | address = member hospital: Mercy Hospital Unity Campus,1043312473,ALLINA HEALTH SYSTEM,ALLINA COMMUNITY PHARMACIES,True,"Pharmacy, Specialty Pharmacy",550 OSBORNE RD NE,FRIDLEY,MN,55432,VP HOME AND PHCY,A,2025-09-11,https://npiregistry.cms.hhs.gov/provider-view/1043312473,2026-10-02
HSI00000029,Allina Health,system name: Allina Health,1316901333,ALLINA HEALTH SYSTEM,ALLINA HEALTH HEART HOSPITAL PHARMACY,False,"Pharmacy, Community/Retail Pharmacy",920 E 28TH ST,MINNEAPOLIS,MN,55407,Vice President,A,2025-01-21,https://npiregistry.cms.hhs.gov/provider-view/1316901333,2026-10-02
HSI00000029,Allina Health,system name: Allina Health,1386047538,ALLINA HEALTH SYSTEM,ALLINA HEALTH HOME INFUSION THERAPY SERVICES,False,"Pharmacy, Home Infusion Therapy Pharmacy",4050 COON RAPIDS BLVD NW,COON RAPIDS,MN,55433,COO,A,2025-01-22,https://npiregistry.cms.hhs.gov/provider-view/1386047538,2026-10-02
HSI00000496,Hospital Sisters Health System,system name: Hospital Sisters Health System,1669969531,ST ELIZABETHS HOSPITAL OF THE HOSPITAL SISTERS OF THE THIRD ORDER,HSHS ST. ELIZABETH'S COMMUNITY PHARMACY,False,"Pharmacy, Community/Retail Pharmacy",3 SAINT ELIZABETH BLVD STE 1300,O FALLON,IL,62269,VP of Revenue Cycle,A,2024-10-31,https://npiregistry.cms.hhs.gov/provider-view/1669969531,2026-10-02
HSI00000496,Hospital Sisters Health System,system name: Hospital Sisters Health System | address = member hospital: St. Johns Hospital,1912849175,ST JOHNS HOSPITAL OF THE HOSPITAL SISTERS OF THE THIRD ORDER OF ST F,,True,"Pharmacy, Specialty Pharmacy",800 E CARPENTER ST STE 1T300,SPRINGFIELD,IL,62769,Vice President of Managed Care,A,2026-04-07,https://npiregistry.cms.hhs.gov/provider-view/1912849175,2026-10-02
HSI00000496,Hospital Sisters Health System,system name: Hospital Sisters Health System | address = member hospital: St. Vincent Hospital,1124960307,ST.VINCENT HOSPITAL OF THE HOSPITAL SISTERS OF THE THIRD ORDER OF ST. FRANCIS,HOSPITAL SISTERS HEALTH SYSTEM SPECIALTY PHARMACY,False,"Pharmacy, Community/Retail Pharmacy",835 S VAN BUREN ST,GREEN BAY,WI,54301,Market Director-Finance Operations-,A,2026-04-07,https://npiregistry.cms.hhs.gov/provider-view/1124960307,2026-10-02
HSI00000513,Inova Health System,system name: Inova Health System,1992262612,INOVA HEALTH CARE SERVICES,INOVA RETAIL AND SPECIALTY PHARMACY,False,"Pharmacy, Community/Retail Pharmacy",3901 STONECROFT BLVD STE A1400,CHANTILLY,VA,20151,Director of Retail and Specialty Ph,A,2025-05-05,https://npiregistry.cms.hhs.gov/provider-view/1992262612,2026-10-02
HSI00000577,Lehigh Valley Health Network,system name: Lehigh Valley Health Network | member hospital: Lehigh Valley | member hospital: Lehigh Valley Health Network,1356364491,LEHIGH VALLEY HOSPITAL,LEHIGH VALLEY PHARMACY SERVICES,False,"Pharmacy, Home Infusion Therapy Pharmacy",2024 LEHIGH ST STE 500,ALLENTOWN,PA,18103,Director,A,2020-12-22,https://npiregistry.cms.hhs.gov/provider-view/1356364491,2026-10-02
HSI00000577,Lehigh Valley Health Network,system name: Lehigh Valley Health Network | member hospital: Lehigh Valley | member hospital: Lehigh Valley Health Network,1992261382,LEHIGH VALLEY HOSPITAL,HEALTH SPECTRUM PHARMACY SERVICES; LEHIGH VALLEY PHARMACY SERVICES,False,Pharmacy,2024 LEHIGH ST STE 600,ALLENTOWN,PA,18103,Administrator,A,2020-10-19,https://npiregistry.cms.hhs.gov/provider-view/1992261382,2026-10-02
HSI00000577,Lehigh Valley Health Network,system name: Lehigh Valley Health Network | member hospital: Lehigh Valley | member hospital: Lehigh Valley Health Network,1780607929,LEHIGH VALLEY HOSPITAL,HEALTH SPECTRUM PHARMACY SERVICES; LEHIGH VALLEY PHARMACY SERVICES,False,"Pharmacy, Community/Retail Pharmacy",1202 S CEDAR CREST BLVD,ALLENTOWN,PA,18103,Director,A,2020-10-19,https://npiregistry.cms.hhs.gov/provider-view/1780607929,2026-10-02
HSI00000771,Norton Healthcare,system name: Norton Healthcare | member hospital: Norton Hospitals  Inc,1629234703,NORTON HOSPITALS INC,NORTON SPECIALTY PHARMACY,True,"Pharmacy, Specialty Pharmacy",2700 STANLEY GAULT PKWY STE 103,LOUISVILLE,KY,40223,System Director of Managed Care,A,2025-09-30,https://npiregistry.cms.hhs.gov/provider-view/1629234703,2026-10-02
HSI00000771,Norton Healthcare,system name: Norton Healthcare | member hospital: Norton Hospitals  Inc,1326783358,NORTON HOSPITALS INC,NORTON PHARMACY HOME INFUSION SERVICES,False,"Pharmacy, Community/Retail Pharmacy",2700 STANLEY GAULT PKWY STE 101,LOUISVILLE,KY,40223,System Director of Managed Care,A,2025-09-30,https://npiregistry.cms.hhs.gov/provider-view/1326783358,2026-10-02
HSI00000771,Norton Healthcare,member hospital: Kings Daughters Hospital,1487387874,ASHLAND HOSPITAL COPORATION,KINGS DAUGHTERS SPECIALTY PHARMACY,True,"Pharmacy, Specialty Pharmacy",2548 GREENUP AVE,ASHLAND,KY,41101,CEO,A,2024-05-21,https://npiregistry.cms.hhs.gov/provider-view/1487387874,2026-10-02
HSI00000357,Fairview Health Services,system name: Fairview Health Services,1619909694,FAIRVIEW PHARMACY SERVICES LLC,FAIRVIEW UNIVERSITY CLINIC PHARMACY,False,"Pharmacy, Community/Retail Pharmacy",909 FULTON ST SE FL 1,MINNEAPOLIS,MN,55455,Chairman of the Board,A,2025-03-12,https://npiregistry.cms.hhs.gov/provider-view/1619909694,2026-10-02
HSI00000357,Fairview Health Services,system name: Fairview Health Services,1427080415,FAIRVIEW PHARMACY SERVICES LLC,FAIRVIEW SPECIALTY SERVICES PHARMACY,False,"Pharmacy, Community/Retail Pharmacy",3650 VICTORIA ST N STE 300,SHOREVIEW,MN,55126,Chairman of the Board,A,2026-01-05,https://npiregistry.cms.hhs.gov/provider-view/1427080415,2026-10-02
HSI00000357,Fairview Health Services,system name: Fairview Health Services,1508890450,FAIRVIEW PHARMACY SERVICES LLC,FAIRVIEW HOME INFUSION,False,"Pharmacy, Home Infusion Therapy Pharmacy",3650 VICTORIA ST N,SHOREVIEW,MN,55126,Chairman of the Board,A,2026-07-07,https://npiregistry.cms.hhs.gov/provider-view/1508890450,2026-10-02
HSI00000357,Fairview Health Services,system name: Fairview Health Services,1093226326,FAIRVIEW PHARMACY SERVICES LLC,FAIRVIEW PHARMACY CBCD,True,"Pharmacy, Specialty Pharmacy",2512 S 7TH ST,MINNEAPOLIS,MN,55454,Chairman of the Board,A,2025-10-03,https://npiregistry.cms.hhs.gov/provider-view/1093226326,2026-10-02
HSI00000357,Fairview Health Services,system name: Fairview Health Services,1386158418,"FAIRVIEW PHARMACY SERVICES, LLC",FAIRVIEW HOME INFUSION DULUTH,False,"Pharmacy, Home Infusion Therapy Pharmacy",1527 LONDON RD,DULUTH,MN,55812,Chairman of the Board,A,2025-03-12,https://npiregistry.cms.hhs.gov/provider-view/1386158418,2026-10-02
HSI00001284,Ballad Health,address = member hospital: Johnston Memorial Hospital,1255919130,"JOHNSTON MEMORIAL HOSPITAL, INC",BH SPECIALTY PHARMACY- JMH,False,Pharmacy,16000 JOHNSTON MEMORIAL DR,ABINGDON,VA,24211,EVP/CFO,A,2022-08-12,https://npiregistry.cms.hhs.gov/provider-view/1255919130,2026-10-02
HSI00001284,Ballad Health,address = member hospital: Indian Path Community Hospital,1518545573,MOUNTAIN STATES HEALTH ALLIANCE,BH SPECIALTY PHARMACY-KPT,False,Pharmacy,2000 BROOKSIDE DR,KINGSPORT,TN,37660,EVP/CFO,A,2024-04-17,https://npiregistry.cms.hhs.gov/provider-view/1518545573,2026-10-02
HSI00001284,Ballad Health,address = member hospital: Greeneville Community Hospital,1255919122,TAKOMA REGIONAL HOSPITAL INC,BH SPECIALTY PHARMACY- GVL,False,Pharmacy,1420 TUSCULUM BLVD,GREENEVILLE,TN,37745,EVP/CFO,A,2022-08-12,https://npiregistry.cms.hhs.gov/provider-view/1255919122,2026-10-02
HSI00000977,Sharp Healthcare,system name: Sharp Healthcare | member hospital: Sharp Memorial Hospital,1932485307,GROSSMONT HOSPITAL CORPORATION,SHARP SPECIALTY PHARMACY SERVICES,True,"Pharmacy, Specialty Pharmacy",3558 RUFFIN RD STE 101,SAN DIEGO,CA,92123,CEO,A,2023-09-13,https://npiregistry.cms.hhs.gov/provider-view/1932485307,2026-10-02
HSI00000636,McLaren Health Care Corporation,system name: McLaren Health Care Corporation,1720112535,MCLAREN HEALTH MANAGEMENT GROUP,MCLAREN HOME INFUSION; MCLAREN MEDICAL SUPPLIES,False,"Pharmacy, Home Infusion Therapy Pharmacy",1515 CAL DR,DAVISON,MI,48423,VP - CFO,A,2023-11-13,https://npiregistry.cms.hhs.gov/provider-view/1720112535,2026-10-02
HSI00000636,McLaren Health Care Corporation,member hospital: Karmanos Cancer Hospital,1497326805,BARBARA ANN KARMANOS CANCER HOSPITAL,KARMANOS SPECIALTY PHARMACY,True,"Pharmacy, Specialty Pharmacy",711 STEPHENSON HWY,TROY,MI,48083,Chief Financial Officer,A,2021-07-07,https://npiregistry.cms.hhs.gov/provider-view/1497326805,2026-10-02
HSI00000636,McLaren Health Care Corporation,member hospital: Karmanos Cancer Hospital,1639661077,BARBARA ANN KARMANOS CANCER HOSPITAL,KARMANOS CANCER CENTER,True,"Pharmacy, Specialty Pharmacy",711 STEPHENSON HWY,TROY,MI,48083,VP/CFO,A,2023-04-20,https://npiregistry.cms.hhs.gov/provider-view/1639661077,2026-10-02
HSI00000636,McLaren Health Care Corporation,address = member hospital: Mclaren Oakland,1568954014,PONTIAC GENERAL HOSPITAL PHARMACY INC.,,False,"Pharmacy, Community/Retail Pharmacy",50 N PERRY ST STE 100,PONTIAC,MI,48342,Pharmacist-In-Charge/owner,A,2025-11-05,https://npiregistry.cms.hhs.gov/provider-view/1568954014,2026-10-02
HSI00000714,Multicare Health System,system name: Multicare Health System | address = member hospital: Tacoma General Allenmore Hospital,1952184624,MULTICARE HEALTH SYSTEM,MULTICARE MEDICAL CENTER PHARMACY,True,"Pharmacy, Specialty Pharmacy",315 MARTIN LUTHER KING JR WAY,TACOMA,WA,98405,AVP Ambulatory Pharmacy Services,A,2023-08-16,https://npiregistry.cms.hhs.gov/provider-view/1952184624,2026-10-02
HSI00000714,Multicare Health System,system name: Multicare Health System | member hospital: Mary Bridge Childrens Hospital | address = member hospital: Tacoma General Allenmore Hospital,1164536025,MULTICARE HEALTH SYSTEM,MARY BRIDGE CHILDREN'S HOME HEALTH CARE,False,"Pharmacy, Home Infusion Therapy Pharmacy",315 MARTIN LUTHER KING JR WAY,TACOMA,WA,98405,CEO,A,2026-02-23,https://npiregistry.cms.hhs.gov/provider-view/1164536025,2026-10-02
HSI00000714,Multicare Health System,address = member hospital: Navos,1851626865,NAVOS,,False,Pharmacy,2600 SW HOLDEN ST,SEATTLE,WA,98126,Chief Financial Officer,A,2009-10-08,https://npiregistry.cms.hhs.gov/provider-view/1851626865,2026-10-02
HSI00000714,Multicare Health System,member hospital: Yakima Valley Memorial Hospital,1033355599,YAKIMA VALLEY FARM WORKERS CLINIC,YVFWC SPECIALTY PHARMACY,True,"Pharmacy, Specialty Pharmacy",2601 COMMERCE LN,YAKIMA,WA,98901,COO,A,2025-06-27,https://npiregistry.cms.hhs.gov/provider-view/1033355599,2026-10-02
HSI00000714,Multicare Health System,system name: Multicare Health System | member hospital: Yakima Valley Memorial Hospital,1942300926,YAKIMA VALLEY MEMORIAL HOSPITAL ASSOCIATION,MULTICARE CANCER CENTER PHARMACY - NORTH STAR LODGE,False,Pharmacy,808 N 39TH AVE,YAKIMA,WA,98902,President,A,2023-12-20,https://npiregistry.cms.hhs.gov/provider-view/1942300926,2026-10-02
HSI00000714,Multicare Health System,system name: Multicare Health System | member hospital: Yakima Valley Memorial Hospital,1568719359,YAKIMA VALLEY MEMORIAL HOSPITAL ASSOCIATION,MULTICARE PHARMACY - CORNERSTONE,False,"Pharmacy, Clinic Pharmacy",4003 CREEKSIDE LOOP,YAKIMA,WA,98908,CEO,A,2026-03-31,https://npiregistry.cms.hhs.gov/provider-view/1568719359,2026-10-02
HSI00000323,Duke University Health System,system name: Duke University Health System | member hospital: Duke Regional Hospital | member hospital: Duke University Hospital,1053682146,DUKE UNIVERSITY HEALTH SYSTEM INC,DUKE CANCER CENTER SPECIALTY PHARMACY,True,"Pharmacy, Specialty Pharmacy",20 DUKE MEDICINE CIR RM N44,DURHAM,NC,27710,"Chief of Staff, Finance",A,2026-10-01,https://npiregistry.cms.hhs.gov/provider-view/1053682146,2026-10-02
HSI00000323,Duke University Health System,system name: Duke University Health System | member hospital: Duke Regional Hospital | member hospital: Duke University Hospital,1235729948,"DUKE UNIVERSITY HEALTH SYSTEM, INC",DUKE REGIONAL HOSPITAL OUTPATIENT PHARMACY,True,"Pharmacy, Specialty Pharmacy",3643 N ROXBORO ST RM 33B21,DURHAM,NC,27704,"Chief of Staff, Finance",A,2026-10-01,https://npiregistry.cms.hhs.gov/provider-view/1235729948,2026-10-02
HSI00000323,Duke University Health System,system name: Duke University Health System | member hospital: Duke Regional Hospital | member hospital: Duke University Hospital,1366024085,"DUKE UNIVERSITY HEALTH SYSTEM, INC.",DUKE NORTH PAVILION RETAIL PHARMACY,True,"Pharmacy, Specialty Pharmacy",2400 PRATT ST RM 1006,DURHAM,NC,27705,"Chief of Staff, Finance",A,2026-10-01,https://npiregistry.cms.hhs.gov/provider-view/1366024085,2026-10-02
HSI00001174,University of Kentucky Healthcare,member hospital: Kings Daughters Medical Center,1487387874,ASHLAND HOSPITAL COPORATION,KINGS DAUGHTERS SPECIALTY PHARMACY,True,"Pharmacy, Specialty Pharmacy",2548 GREENUP AVE,ASHLAND,KY,41101,CEO,A,2024-05-21,https://npiregistry.cms.hhs.gov/provider-view/1487387874,2026-10-02
HSI00001174,University of Kentucky Healthcare,system name: University of Kentucky Healthcare,1295190833,UNIVERSITY OF KENTUCKY,UK SPECIALTY PHARMACY,True,"Pharmacy, Specialty Pharmacy",531 WELLINGTON WAY,LEXINGTON,KY,40503,Chief of Payer Administration,A,2022-07-18,https://npiregistry.cms.hhs.gov/provider-view/1295190833,2026-10-02
HSI00001174,University of Kentucky Healthcare,system name: University of Kentucky Healthcare,1073609731,UNIVERSITY OF KENTUCKY,UNIVERSITY OF KENTUCKY CLINIC PHARMACY,False,"Pharmacy, Clinic Pharmacy",740 S LIMESTONE,LEXINGTON,KY,40536,Chief of Payer Administration,A,2022-07-18,https://npiregistry.cms.hhs.gov/provider-view/1073609731,2026-10-02
HSI00000074,Baptist Health,address = member hospital: Baptist Health Medical Center - Lr,1730675745,"OPTION CARE ENTERPRISES, INC.",OPTION CARE,False,"Pharmacy, Home Infusion Therapy Pharmacy",9601 BAPTIST HEALTH DR STE 110,LITTLE ROCK,AR,72205,President & CFO,A,2025-10-14,https://npiregistry.cms.hhs.gov/provider-view/1730675745,2026-10-02
HSI00000491,HonorHealth,system name: HonorHealth,1144762402,HONORHEALTH,HONORHEALTH HOME INFUSION THERAPY SERVICES; JOHN C. LINCOLN MEDICAL CENTER SPECIALTY PHARMACY; SCOTTSDALE HEALTHCARE HOSPITALS,False,"Pharmacy, Community/Retail Pharmacy",2500 W UTOPIA RD STE 110,PHOENIX,AZ,85027,Chief Financial Officer,A,2026-06-08,https://npiregistry.cms.hhs.gov/provider-view/1144762402,2026-10-02
HSI00000756,NorthShore – Edward-Elmhurst Health,member hospital: Northshore University Health System,1043486269,MARK DRUGS NORTHSHORE INC,,False,"Pharmacy, Community/Retail Pharmacy",1020 MILWAUKEE AVE,DEERFIELD,IL,60015,OWNER,A,2014-03-11,https://npiregistry.cms.hhs.gov/provider-view/1043486269,2026-10-02
HSI00000919,Saint Francis Health System,address = member hospital: Saint Francis Hospital Muskogee East,1194590760,CREEK NATION HOSPITAL & CLINICS,MUSCOGEE HEALING AND RECOVERY CENTER PHARMACY,False,Pharmacy,2900 N MAIN ST,MUSKOGEE,OK,74401,Secretary of Health,A,2023-11-23,https://npiregistry.cms.hhs.gov/provider-view/1194590760,2026-10-02
HSI00000919,Saint Francis Health System,system name: Saint Francis Health System | member hospital: Saint Francis Hospital,1487191599,"SAINT FRANCIS HOSPITAL, INC",SAINT FRANCIS ONCOLOGY PHARMACY,False,"Pharmacy, Community/Retail Pharmacy",11212 E 48TH ST,TULSA,OK,74146,"Senior VP, CFO",A,2025-05-15,https://npiregistry.cms.hhs.gov/provider-view/1487191599,2026-10-02
HSI00000919,Saint Francis Health System,system name: Saint Francis Health System | member hospital: Saint Francis Hospital,1184161283,"SAINT FRANCIS HOSPITAL, INC",SAINT FRANCIS WARREN CLINIC TOWER PHARMACY,False,Home Infusion,6600 S YALE SUITE 110,TULSA,OK,74136,"Director, Retail Pharmacy",A,2025-10-20,https://npiregistry.cms.hhs.gov/provider-view/1184161283,2026-10-02
HSI00001230,ECU Health,member hospital: East Carolina Health,1669589230,EAST CAROLINA UNIVERSITY,LEO JENKINS CANCER CENTER PHARMACY,True,"Pharmacy, Specialty Pharmacy",600 MOYE BLVD,GREENVILLE,NC,27834,PHARMACY DIRECTOR,A,2017-03-06,https://npiregistry.cms.hhs.gov/provider-view/1669589230,2026-10-02
HSI00001230,ECU Health,member hospital: East Carolina Health,1619027034,EAST CAROLINA UNIVERSITY,FAMILY PRACTICE CENTER PHARMACY,False,"Pharmacy, Clinic Pharmacy",101 HEART DR,GREENVILLE,NC,27834,DIRECTOR OF PHARMACY SERVICES,A,2017-04-19,https://npiregistry.cms.hhs.gov/provider-view/1619027034,2026-10-02
HSI00001230,ECU Health,system name: ECU Health | member hospital: Pitt County Memorial Hospital Inc,1992922090,PITT COUNTY MEMORIAL HOSPITAL INC,ECU HEALTH EMPLOYEE PHARMACY; VIDANTHEALTH EMPLOYEE PHARMACY,False,"Pharmacy, Community/Retail Pharmacy",2000 VENTURE TOWER DR,GREENVILLE,NC,27834,CFO,A,2026-07-29,https://npiregistry.cms.hhs.gov/provider-view/1992922090,2026-10-02
HSI00001230,ECU Health,system name: ECU Health | member hospital: Pitt County Memorial Hospital Inc | address = member hospital: Pitt County Memorial Hospital Inc,1598272379,PITT COUNTY MEMORIAL HOSPITAL INC.,ECU HEALTH CANCER CARE PHARMACY; ECU HEALTH SPECIALTY PHARMACY; VIDANT CANCER CARE PHARMACY; VIDANT CANCER CENTER PHARMACY,True,"Pharmacy, Specialty Pharmacy",2100 STANTONSBURG RD.,GREENVILLE,NC,27834,President,A,2026-07-29,https://npiregistry.cms.hhs.gov/provider-view/1598272379,2026-10-02
HSI00000375,Franciscan Health,system name: Franciscan Health | member hospital: Franciscan Health Lafayette | address = member hospital: Franciscan Health Lafayette,1770436743,FRANCISCAN HEALTH LAFAYETTE,FRANCISCAN SPECIALTY PHARMACY,True,"Pharmacy, Specialty Pharmacy",1701 S CREASY LN RM 1K71,LAFAYETTE,IN,47905,President & CEO,A,2026-03-04,https://npiregistry.cms.hhs.gov/provider-view/1770436743,2026-10-02
HSI00001233,Virtua Health,system name: Virtua Health,1689393837,VIRTUA HOME CARE -COMMUNITY NURSING SERVICES INC,VIRTUA PHARMACY - BERLIN,False,"Pharmacy, Community/Retail Pharmacy",100 TOWNSEND AVE,BERLIN,NJ,08009,President/Virtua Home Care-Communit,A,2023-10-16,https://npiregistry.cms.hhs.gov/provider-view/1689393837,2026-10-02
HSI00000068,Avera Health,system name: Avera Health | member hospital: Avera Mckennan,1164492906,AVERA MCKENNAN,AVERA MCKENNAN HOME INFUSION,False,Home Infusion,4101 W MEMORY CIR STE 110,SIOUX FALLS,SD,57107,President/CEO,A,2026-02-16,https://npiregistry.cms.hhs.gov/provider-view/1164492906,2026-10-02
HSI00000068,Avera Health,system name: Avera Health | member hospital: Avera Mckennan,1346266202,AVERA MCKENNAN,AVERA SPECIALTY PHARMACY,True,"Pharmacy, Specialty Pharmacy",4101 W MEMORY CIR STE 135,SIOUX FALLS,SD,57107,PRESIDENT/CEO,A,2025-07-24,https://npiregistry.cms.hhs.gov/provider-view/1346266202,2026-10-02
HSI00000068,Avera Health,system name: Avera Health | member hospital: Avera Mckennan,1962787440,AVERA MCKENNAN,AVERA 69TH STREET PHARMACY,False,Pharmacy,4400 W 69TH ST STE 300,SIOUX FALLS,SD,57108,Retail Pharmacy Manager,A,2018-07-19,https://npiregistry.cms.hhs.gov/provider-view/1962787440,2026-10-02
HSI00000068,Avera Health,system name: Avera Health | member hospital: Avera Mckennan,1407141344,AVERA MCKENNAN,AVERA DERMATOLOGY PHARMACY,False,"Pharmacy, Community/Retail Pharmacy",6701 S MINNESOTA AVE,SIOUX FALLS,SD,57108,President/CEO,A,2023-10-04,https://npiregistry.cms.hhs.gov/provider-view/1407141344,2026-10-02
HSI00000068,Avera Health,system name: Avera Health | member hospital: Avera St Marys,1932651122,AVERA ST. MARY'S,AVERA ST. MARY'S CAMPUS PHARMACY,False,"Pharmacy, Community/Retail Pharmacy",100 MAC LN,PIERRE,SD,57501,CEO/PRESIDENT,A,2026-01-20,https://npiregistry.cms.hhs.gov/provider-view/1932651122,2026-10-02
HSI00001222,Vanderbilt Health,system name: Vanderbilt Health | member hospital: Vanderbilt University Medical Center,1740203140,VANDERBILT UNIVERSITY,MEDICAL CENTER EAST PHARMACY,False,"Pharmacy, Community/Retail Pharmacy",1215 21ST AVE S STE 1006,NASHVILLE,TN,37232,"Assist Director, Pharmacy",A,2018-06-21,https://npiregistry.cms.hhs.gov/provider-view/1740203140,2026-10-02
HSI00001222,Vanderbilt Health,system name: Vanderbilt Health | member hospital: Vanderbilt University Medical Center,1962922435,VANDERBILT HEALTH PHARMACY GROUP LLC,VANDERBILT HEALTH PHARMACY GROUP,True,"Pharmacy, Specialty Pharmacy",718 MELROSE AVE,NASHVILLE,TN,37211,Executive Director,A,2025-09-19,https://npiregistry.cms.hhs.gov/provider-view/1962922435,2026-10-02
HSI00001222,Vanderbilt Health,system name: Vanderbilt Health | member hospital: Vanderbilt University Medical Center,1013215086,VANDERBILT UNIVERSITY,VANDERBILT UNIVERSITY HOSPITAL OP PHARMACY,False,"Pharmacy, Community/Retail Pharmacy",1161 21ST AVE S RM 1815,NASHVILLE,TN,37232,ASST DIIRECTOR,A,2011-03-01,https://npiregistry.cms.hhs.gov/provider-view/1013215086,2026-10-02
HSI00001222,Vanderbilt Health,system name: Vanderbilt Health | member hospital: Vanderbilt University Medical Center,1316974231,VANDERBILT UNIVERSITY,VANDERBILT UNIVERSITY HOSPITAL OP PHARMACY,True,"Pharmacy, Specialty Pharmacy",1161 21ST AVE S,NASHVILLE,TN,37232,ASST DIRECTOR,A,2016-09-07,https://npiregistry.cms.hhs.gov/provider-view/1316974231,2026-10-02
HSI00001222,Vanderbilt Health,system name: Vanderbilt Health | member hospital: Vanderbilt University Medical Center | address = member hospital: Vanderbilt University Medical Center,1285091330,VANDERBILT UNIVERSITY MEDICAL CENTER,VANDERBILT OUTPATIENT PHARMACY,False,"Pharmacy, Community/Retail Pharmacy",1211 MEDICAL CENTER DR,NASHVILLE,TN,37232,Chief Pharmacy Officer,A,2024-03-19,https://npiregistry.cms.hhs.gov/provider-view/1285091330,2026-10-02
HSI00001222,Vanderbilt Health,system name: Vanderbilt Health | member hospital: Vanderbilt University Medical Center,1700800877,VANDERBILT UNIVERSITY MEDICAL CENTER,VANDERBILT CHILDRENS HOSPITAL PHARMACY,False,"Pharmacy, Institutional Pharmacy",2200 CHILDRENS WAY,NASHVILLE,TN,37232,Chief Pharmacy Officer,A,2025-08-13,https://npiregistry.cms.hhs.gov/provider-view/1700800877,2026-10-02
HSI00001222,Vanderbilt Health,system name: Vanderbilt Health | member hospital: Vanderbilt University Medical Center,1932352283,VANDERBILT UNIVERSITY MEDICAL CENTER,VANDERBILT HEALTH PHARMACY,False,Pharmacy,719 THOMPSON LN,NASHVILLE,TN,37204,CFO and  Treasurer,A,2025-08-13,https://npiregistry.cms.hhs.gov/provider-view/1932352283,2026-10-02
HSI00001222,Vanderbilt Health,system name: Vanderbilt Health | member hospital: Vanderbilt University Medical Center,1679971485,VANDERBILT UNIVERSITY MEDICAL CENTER,VANDERBILT INTEGRATED PHARMACY,True,"Pharmacy, Specialty Pharmacy",726 MELROSE AVE,NASHVILLE,TN,37211,Chief Pharmacy Officer,A,2025-08-13,https://npiregistry.cms.hhs.gov/provider-view/1679971485,2026-10-02
HSI00000388,Geisinger,system name: Geisinger | member hospital: Geisinger Medical Center,1346366879,"GEISINGER PHARMACY, LLC",GEISINGER SPECIALTY PHARMACY,True,"Pharmacy, Specialty Pharmacy",620 BALTIMORE DR STE 100,WILKES BARRE,PA,18702,Director-Retail and Mail Order,A,2025-08-27,https://npiregistry.cms.hhs.gov/provider-view/1346366879,2026-10-02
HSI00000936,Saint Lukes University Health Network,system name: Saint Lukes University Health Network | member hospital: St. Lukes Hospital | address = member hospital: St. Lukes Hospital,1790945640,ST LUKES HOMESTAR SERVICES LLC,HOMESTAR PHARMACY -BETHLEHEM,False,"Pharmacy, Community/Retail Pharmacy",801 OSTRUM ST,BETHLEHEM,PA,18015,Administrator,A,2016-03-07,https://npiregistry.cms.hhs.gov/provider-view/1790945640,2026-10-02
HSI00000936,Saint Lukes University Health Network,system name: Saint Lukes University Health Network | member hospital: St. Lukes Hospital,1548622616,ST LUKES HOMESTAR SERVICES LLC,ST. LUKES HOMESTAR PHARMACY,False,"Pharmacy, Community/Retail Pharmacy",1700 ST LUKES BLVD,EASTON,PA,18045,Administrator,A,2024-09-24,https://npiregistry.cms.hhs.gov/provider-view/1548622616,2026-10-02
HSI00000936,Saint Lukes University Health Network,system name: Saint Lukes University Health Network | member hospital: St. Lukes Hospital,1306362710,ST LUKES HOMESTAR SERVICES LLC,,False,"Pharmacy, Community/Retail Pharmacy",77 S COMMERCE WAY STE 200,BETHLEHEM,PA,18017,Administrator,A,2025-09-12,https://npiregistry.cms.hhs.gov/provider-view/1306362710,2026-10-02
HSI00000842,Premier Health,system name: Premier Health | member hospital: Miami Valley Hospital,1467228486,MIAMI VALLEY HOSPITAL,PREMIER HEALTH SPECIALTY PHARMACY,True,"Pharmacy, Specialty Pharmacy",3170 KETTERING BLVD BLDG B,MORAINE,OH,45439,System VP/Chief Financial Officer,A,2023-11-30,https://npiregistry.cms.hhs.gov/provider-view/1467228486,2026-10-02
HSI00000842,Premier Health,system name: Premier Health,1699307462,PREMIER RHEUMATOLOGY GROUP AND INFUSION LLC,PREMIER RHEUM RX,False,Pharmacy,18660 BAGLEY RD STE 102B,CLEVELAND,OH,44130,AO,A,2025-09-12,https://npiregistry.cms.hhs.gov/provider-view/1699307462,2026-10-02
HSI00000673,Methodist Health System,system name: Methodist Health System,1568451763,METHODIST CHILDREN'S HOSPITAL,COVENANT HOME INFUSION,False,"Pharmacy, Home Infusion Therapy Pharmacy",7509 MARSHA SHARP FWY STE 101,LUBBOCK,TX,79407,Assistant Secretary of Enrollments,A,2026-04-01,https://npiregistry.cms.hhs.gov/provider-view/1568451763,2026-10-02
HSI00000673,Methodist Health System,system name: Methodist Health System,1538633326,"METHODIST COMMUNITY PHARMACY, LLC",,False,"Pharmacy, Community/Retail Pharmacy",1441 N BECKLEY AVE LBBY B,DALLAS,TX,75203,Treasurer and VP of Compliance,A,2026-01-28,https://npiregistry.cms.hhs.gov/provider-view/1538633326,2026-10-02
HSI00000673,Methodist Health System,system name: Methodist Health System,1427070770,"ONCOLOGY PHARMACY SERVICES, INC",TEXAS ONCOLOGY PHARMACY METHODIST,True,"Pharmacy, Specialty Pharmacy",3555 WEST WHEATLAND ROAD,DALLAS,TX,75237,Director,A,2024-01-12,https://npiregistry.cms.hhs.gov/provider-view/1427070770,2026-10-02
HSI00000673,Methodist Health System,system name: Methodist Health System,1477376119,TEXAS HEALTH HARRIS METHODIST HOSPITAL FORT WORTH,TEXAS HEALTH RETAIL PHARMACY,False,"Pharmacy, Community/Retail Pharmacy",1325 PENNSYLVANIA AVE STE 290,FORT WORTH,TX,76104,SVP Revenue Cycle,A,2026-04-22,https://npiregistry.cms.hhs.gov/provider-view/1477376119,2026-10-02
HSI00000673,Methodist Health System,system name: Methodist Health System,1073112272,THE METHODIST HOSPITAL,HOUSTON METHODIST PHARMACY,False,"Pharmacy, Community/Retail Pharmacy",13300 HARGRAVE RD STE 360,HOUSTON,TX,77070,PRESIDENT & CEO,A,2020-10-20,https://npiregistry.cms.hhs.gov/provider-view/1073112272,2026-10-02
HSI00000673,Methodist Health System,system name: Methodist Health System,1801208665,THE METHODIST HOSPITAL,HOUSTON METHODIST PHARMACY,False,"Pharmacy, Community/Retail Pharmacy",13300 HARGRAVE RD STE 360,HOUSTON,TX,77070,President & CEO,A,2020-06-02,https://npiregistry.cms.hhs.gov/provider-view/1801208665,2026-10-02
HSI00001179,University of Rochester Medical Center,system name: University of Rochester Medical Center,1255847489,ROCHESTER GENERAL HOSPITAL,WILSON PHARMACY,False,"Pharmacy, Community/Retail Pharmacy",1425 PORTLAND AVE BLDG 1,ROCHESTER,NY,14621,Billing & Compliance Specialist,A,2020-04-17,https://npiregistry.cms.hhs.gov/provider-view/1255847489,2026-10-02
HSI00001179,University of Rochester Medical Center,system name: University of Rochester Medical Center | address = member hospital: Strong Memorial Hospital,1336586668,UNIVERSITY OF ROCHESTER,UNIVERSITY OF ROCHESTER SPECIALTY PHARMACY,True,"Pharmacy, Specialty Pharmacy",601 ELMWOOD AVE RM 2-5425,ROCHESTER,NY,14642,Associate Director,A,2014-02-17,https://npiregistry.cms.hhs.gov/provider-view/1336586668,2026-10-02
HSI00001179,University of Rochester Medical Center,system name: University of Rochester Medical Center,1609314343,UNIVERSITY OF ROCHESTER,UR MEDICINE HOME INFUSION PHARMACY; URMC HOME CARE PHARMACY,False,"Pharmacy, Home Infusion Therapy Pharmacy",155 BELLWOOD DR,ROCHESTER,NY,14606,Director,A,2026-03-09,https://npiregistry.cms.hhs.gov/provider-view/1609314343,2026-10-02
HSI00001179,University of Rochester Medical Center,system name: University of Rochester Medical Center,1558004531,UNIVERSITY OF ROCHESTER,STRONG MEMORIAL HOSPITAL- UNIVERSITY OF ROCHESTER,False,"Pharmacy, Community/Retail Pharmacy",155 BELLWOOD DR STE 2,ROCHESTER,NY,14606,Director of Ambulatory Pharmacy,A,2023-03-10,https://npiregistry.cms.hhs.gov/provider-view/1558004531,2026-10-02
HSI00000814,Peacehealth,system name: Peacehealth | address = member hospital: Shmc-Riverbend,1922018639,PEACEHEALTH MEDICAL GROUP,PEACEHEALTH EMPLOYEE PHARMACY; PEACEHEALTH RIVERBEND OUTPATIENT PHARMACY,False,"Pharmacy, Community/Retail Pharmacy",3333 RIVERBEND DR,SPRINGFIELD,OR,97477,Pharmacy Manager/PIC,A,2023-09-11,https://npiregistry.cms.hhs.gov/provider-view/1922018639,2026-10-02
HSI00000814,Peacehealth,system name: Peacehealth | address = member hospital: St. John Medical Center,1477209864,PEACEHEALTH,PEACEHEALTH ST JOHN MEDICAL CENTER RETAIL PHARMACY,False,"Pharmacy, Community/Retail Pharmacy",1615 DELAWARE ST,LONGVIEW,WA,98632,Sys VP Fin Integrit/Controller,A,2022-02-24,https://npiregistry.cms.hhs.gov/provider-view/1477209864,2026-10-02
HSI00000814,Peacehealth,system name: Peacehealth | member hospital: Peacehealth Southwest Medical Center,1588319057,PEACEHEALTH,PEACEHEALTH SOUTHWEST PHARMACY AT MEDICAL CENTER,False,"Pharmacy, Community/Retail Pharmacy",420 NE MOTHER JOSEPH PL,VANCOUVER,WA,98664,Sys VP Fin Integrit/Controller,A,2022-02-14,https://npiregistry.cms.hhs.gov/provider-view/1588319057,2026-10-02
HSI00000814,Peacehealth,system name: Peacehealth | address = member hospital: St. John Medical Center,1811252687,PEACEHEALTH,PEACEHEALTH ST JOHN MEDICAL CENTER PHARMACY,False,"Pharmacy, Community/Retail Pharmacy",1615 DELAWARE ST,LONGVIEW,WA,98632,Mgr Pharmacy SJM - Pharmacy,A,2022-02-16,https://npiregistry.cms.hhs.gov/provider-view/1811252687,2026-10-02
HSI00001033,Stanford Health Care,system name: Stanford Health Care | member hospital: Lucile Packard Childrens Hospital | member hospital: Stanford Health Care,1346699709,LUCILE SALTER PACKARD CHILDREN'S HOSPITAL AT STANFORD,LPCH OUTPATIENT & SPECIALTY PHARMACY,False,"Pharmacy, Community/Retail Pharmacy",4600 BOHANNON DR # 120,MENLO PARK,CA,94025,Pharmacy Manager,A,2026-04-02,https://npiregistry.cms.hhs.gov/provider-view/1346699709,2026-10-02
HSI00001033,Stanford Health Care,system name: Stanford Health Care | member hospital: Lucile Packard Childrens Hospital | member hospital: Stanford Health Care,1407864374,LUCILE SALTER PACKARD CHILDREN'S HOSPITAL AT STANFORD,A. LPCH CHILDREN'S HOME PHARMACY B. STANFORD HOME PHARMACY,False,"Pharmacy, Home Infusion Therapy Pharmacy",4600 BOHANNON DR,MENLO PARK,CA,94025,Asst. Director of Pharmacy,A,2019-08-05,https://npiregistry.cms.hhs.gov/provider-view/1407864374,2026-10-02
HSI00001033,Stanford Health Care,system name: Stanford Health Care | member hospital: Stanford Health Care,1053835595,STANFORD HEALTH CARE,STANFORD HEALTH CARE PHARMACY,True,"Pharmacy, Specialty Pharmacy",875 BLAKE WILBUR DR STE CC1102,PALO ALTO,CA,94304,"Executive Director,Pharmacy Service",A,2025-10-14,https://npiregistry.cms.hhs.gov/provider-view/1053835595,2026-10-02
HSI00001033,Stanford Health Care,system name: Stanford Health Care | member hospital: Stanford Health Care,1528976669,STANFORD HEALTH CARE,,False,Pharmacy,2580 W EL CAMINO REAL,MOUNTAIN VIEW,CA,94040,EVP and CFO,A,2026-08-31,https://npiregistry.cms.hhs.gov/provider-view/1528976669,2026-10-02
HSI00001033,Stanford Health Care,system name: Stanford Health Care | member hospital: Stanford Health Care,1760366132,STANFORD HEALTH CARE,STANFORD HEALTH CARE SPECIALTY PHARMACY,True,"Pharmacy, Specialty Pharmacy",2522 LEGHORN ST.,MOUNTAIN VIEW,CA,94043,"Executive Director, Pharmacy Servic",A,2025-10-14,https://npiregistry.cms.hhs.gov/provider-view/1760366132,2026-10-02
HSI00000843,Presbyterian Healthcare Services,system name: Presbyterian Healthcare Services | member hospital: Presbyterian Hospital,1932400397,PRESBYTERIAN HEALTHCARE SERVICES,PRESBYTERIAN SPECIALTY CARE PHARMACY,True,"Pharmacy, Specialty Pharmacy",4580 PARADISE BLVD NW,ALBUQUERQUE,NM,87114,"VP, Pharmacy and Infusion Services",A,2023-05-18,https://npiregistry.cms.hhs.gov/provider-view/1932400397,2026-10-02
HSI00000968,Scripps Health,system name: Scripps Health,1922611920,SCRIPPS HEALTH,SCRIPPS HEALTH SPECIALTY PHARMACY,True,"Pharmacy, Specialty Pharmacy",550 WASHINGTON ST STE 110,SAN DIEGO,CA,92103,Corporate Executive VP/CFO,A,2020-08-28,https://npiregistry.cms.hhs.gov/provider-view/1922611920,2026-10-02
HSI00000546,Kettering Health,system name: Kettering Health | member hospital: Kettering Health Dayton,1629511688,DAYTON OSTEOPATHIC HOSPITAL,KETTERING HEALTH SPECIALTY PHARMACY,True,"Pharmacy, Specialty Pharmacy",3700 SOUTHERN BLVD STE 105,KETTERING,OH,45429,Admin. Asst. Credentialing,A,2024-02-12,https://npiregistry.cms.hhs.gov/provider-view/1629511688,2026-10-02
HSI00000658,MemorialCare Health System,address = member hospital: Memorialcare Mcwhlb,1891890158,LONG BEACH MEMORIAL MEDICAL,OUTPATIENT PHARMACY,False,"Pharmacy, Community/Retail Pharmacy",2801 ATLANTIC AVE,LONG BEACH,CA,90806,Chief Compliance Officer,A,2018-08-23,https://npiregistry.cms.hhs.gov/provider-view/1891890158,2026-10-02
HSI00000537,Kaleida Health,system name: Kaleida Health | member hospital: Kaleida Health | address = member hospital: Kaleida Health,1992540546,KALEIDA HEALTH,KALEIDA HEALTH OUTPATIENT PHARMACY,False,"Pharmacy, Community/Retail Pharmacy",100 HIGH ST,BUFFALO,NY,14203,"Director, Outpatient Pharmacy",A,2024-06-26,https://npiregistry.cms.hhs.gov/provider-view/1992540546,2026-10-02
HSI00000075,Baptist Health,system name: Baptist Health | member hospital: Baptist Medical Center,1336811645,BAPTIST HEALTH PHARMACY #107 LLC,BAPTIST HEALTH PHARMACY #107,True,"Pharmacy, Specialty Pharmacy",1228 S PINE ISLAND RD STE 140,PLANTATION,FL,33324,CEO,A,2022-07-07,https://npiregistry.cms.hhs.gov/provider-view/1336811645,2026-10-02
HSI00000075,Baptist Health,system name: Baptist Health | member hospital: Baptist Medical Center,1598351843,"BAPTIST HEALTH PHARMACY 102, LLC",,True,"Pharmacy, Specialty Pharmacy",6200 SUNSET DR STE 102,SOUTH MIAMI,FL,33143,CEO,A,2024-12-19,https://npiregistry.cms.hhs.gov/provider-view/1598351843,2026-10-02
HSI00000075,Baptist Health,system name: Baptist Health | member hospital: Baptist Medical Center,1225624588,BAPTIST HEALTH PHARMACY 103 LLC,,True,"Pharmacy, Specialty Pharmacy",9555 SW 162ND AVE,MIAMI,FL,33196,CEO,A,2024-12-19,https://npiregistry.cms.hhs.gov/provider-view/1225624588,2026-10-02
HSI00000075,Baptist Health,system name: Baptist Health | member hospital: Baptist Medical Center,1568546901,GREY DOG INC,BAPTIST MEDICAL ARTS PHARMACY,False,"Pharmacy, Community/Retail Pharmacy",8950 N KENDALL DR,MIAMI,FL,33176,RPh/PRESIDENT,A,2025-09-19,https://npiregistry.cms.hhs.gov/provider-view/1568546901,2026-10-02
HSI00000075,Baptist Health,system name: Baptist Health | member hospital: Baptist Medical Center,1134082753,"SOUTHERN BAPTIST HOSPITAL OF FLORIDA, INC",BAPTIST SPECIALTY PHARMACY,False,"Pharmacy, Community/Retail Pharmacy",1301 PALM AVE STE 210,JACKSONVILLE,FL,32207,System Pharmacy Executive,A,2026-06-03,https://npiregistry.cms.hhs.gov/provider-view/1134082753,2026-10-02
HSI00000507,Integris Health,system name: Integris Health | member hospital: Integris Community Hospital,1255497525,INTEGRIS PROHEALTH INC,INTEGRIS PHARMACY 4190,False,"Pharmacy, Community/Retail Pharmacy",3433 NW 56TH ST STE 140B,OKLAHOMA CITY,OK,73112,TREASURER,A,2025-11-26,https://npiregistry.cms.hhs.gov/provider-view/1255497525,2026-10-02
HSI00000507,Integris Health,system name: Integris Health | member hospital: Integris Community Hospital,1588992861,INTEGRIS PROHEALTH INC,INTEGRIS PHARMACY 4188,False,"Pharmacy, Community/Retail Pharmacy",5915 W MEMORIAL RD STE 110,OKLAHOMA CITY,OK,73142,TREASURER,A,2025-11-06,https://npiregistry.cms.hhs.gov/provider-view/1588992861,2026-10-02
HSI00000507,Integris Health,system name: Integris Health | member hospital: Integris Community Hospital,1487365557,INTEGRIS PROHEALTH INC,ICIO PROHEALTH PHARMACY - PRO HEALTH PHARMACY-#4188,True,"Pharmacy, Specialty Pharmacy",5915 W MEMORIAL RD STE 110,OKLAHOMA CITY,OK,73142,TREASURER,A,2025-11-06,https://npiregistry.cms.hhs.gov/provider-view/1487365557,2026-10-02
HSI00000286,Covenant Health,member hospital: Fort Sanders Regional Medical Center | address = member hospital: Fort Sanders Regional Medical Center,1629066378,FORT SANDERS REGIONAL MEDICAL CENTER,FORT SANDERS REGIONAL INFUSION SERVICES,False,"Pharmacy, Home Infusion Therapy Pharmacy",1901 W CLINCH AVE,KNOXVILLE,TN,37916,"VP, Revenue Cycle",A,2025-06-10,https://npiregistry.cms.hhs.gov/provider-view/1629066378,2026-10-02
HSI00001243,Wellspan Health,system name: Wellspan Health | address = member hospital: Ephrata Community Hospital,1952623274,EPHRATA COMMUNITY HOSPITAL,WELLSPAN CANCER CENTER PHARMACY,False,"Pharmacy, Community/Retail Pharmacy",169 MARTIN AVENUE,EPHRATA,PA,17522,President,A,2016-03-15,https://npiregistry.cms.hhs.gov/provider-view/1952623274,2026-10-02
HSI00001243,Wellspan Health,system name: Wellspan Health,1689754079,WELLSPAN PHARMACY INC,WELLSPAN PHARMACY,False,"Pharmacy, Community/Retail Pharmacy",4910 FAIRFIELD RD STE B,FAIRFIELD,PA,17320,Director,A,2026-08-14,https://npiregistry.cms.hhs.gov/provider-view/1689754079,2026-10-02
HSI00001377,UofL Health,address = member hospital: Uofl Health Frazier Rehabilitation Institute,1407992951,JEWISH HOSPITAL & ST MARYS HEALTHCARE INC,PHARMACY PLUS,True,"Pharmacy, Specialty Pharmacy",220 ABRAHAM FLEXNER WAY,LOUISVILLE,KY,40202,DIRECTOR,A,2012-07-23,https://npiregistry.cms.hhs.gov/provider-view/1407992951,2026-10-02
HSI00001377,UofL Health,address = member hospital: University Of Louisville Hospital,1285272575,UNIVERSITY MEDICAL CENTER INC,AMBULATORY CARE PHARMACY,True,"Pharmacy, Specialty Pharmacy",530 S JACKSON ST,LOUISVILLE,KY,40202,CEO,A,2019-12-17,https://npiregistry.cms.hhs.gov/provider-view/1285272575,2026-10-02
HSI00000611,MaineHealth,system name: MaineHealth,1740685072,MAINEHEALTH,MAINEHEALTH PHARMACY MAINE MEDICAL CENTER PORTLAND,False,"Pharmacy, Community/Retail Pharmacy",22 BRAMHALL ST,PORTLAND,ME,04102,Associate CFO,A,2026-05-28,https://npiregistry.cms.hhs.gov/provider-view/1740685072,2026-10-02
HSI00000611,MaineHealth,system name: MaineHealth,1346158169,MAINEHEALTH,MAINEHEALTH PHARMACY SPECIALTY AND HOME DELIVERY WESTBROOK,False,"Pharmacy, Mail Order Pharmacy",340 COUNTY RD,WESTBROOK,ME,04092,Senior Vice President - Finance,A,2026-09-11,https://npiregistry.cms.hhs.gov/provider-view/1346158169,2026-10-02
HSI00000611,MaineHealth,system name: MaineHealth,1437723822,MAINEHEALTH,MAINEHEALTH PHARMACY SPECIALTY AND HOME DELIVERY WESTBROOK,False,"Pharmacy, Community/Retail Pharmacy",340 COUNTY RD,WESTBROOK,ME,04092,Associate CFO,A,2026-05-28,https://npiregistry.cms.hhs.gov/provider-view/1437723822,2026-10-02
HSI00001074,The Carle Foundation,system name: The Carle Foundation | member hospital: Carle Foundation Hospital,1013709997,THE CARE FOUNDATION HOSPITAL,CARLE HOME INFUSION PHARMACY,True,"Pharmacy, Specialty Pharmacy",221 N BROADWAY AVE STE 100,URBANA,IL,61801,CAO,A,2025-05-19,https://npiregistry.cms.hhs.gov/provider-view/1013709997,2026-10-02
HSI00001074,The Carle Foundation,system name: The Carle Foundation | member hospital: Carle Foundation Hospital,1457347668,THE CARLE FOUNDATION HOSPITAL,CARLE HOME INFUSION PHARMACY,False,Home Infusion,221 N BROADWAY AVE STE 100,URBANA,IL,61801,CEO,A,2020-02-12,https://npiregistry.cms.hhs.gov/provider-view/1457347668,2026-10-02
HSI00001074,The Carle Foundation,system name: The Carle Foundation | member hospital: Carle Foundation Hospital,1821582131,THE CARLE FOUNDATION HOSPITAL,CARLE HOME INFUSION; CARLE SPECIALTY PHARMACY,True,"Pharmacy, Specialty Pharmacy",221 N BROADWAY AVE STE 100,URBANA,IL,61801,CEO,A,2022-06-06,https://npiregistry.cms.hhs.gov/provider-view/1821582131,2026-10-02
HSI00000386,Froedtert and the Medical College of Wisconsin,address = member hospital: Froedtert Mem. Lutheran Hospt.,1861573446,"FROEDTERT MEMORIAL LUTHERAN HOSPITAL, INC.",FROEDTERT OUTPATIENT EAST PHARMACY,False,"Pharmacy, Community/Retail Pharmacy",9200 W WISCONSIN AVE,MILWAUKEE,WI,53226,Sr. Vice President - Finance,A,2009-05-06,https://npiregistry.cms.hhs.gov/provider-view/1861573446,2026-10-02
HSI00000386,Froedtert and the Medical College of Wisconsin,address = member hospital: Froedtert Mem. Lutheran Hospt.,1881783777,"FROEDTERT MEMORIAL LUTHERAN HOSPITAL, INC.",FROEDTERT OUTPATIENT WEST PHARMACY,False,"Pharmacy, Community/Retail Pharmacy",9200 W WISCONSIN AVE,MILWAUKEE,WI,53226,Sr. Vice President - Finance,A,2009-05-06,https://npiregistry.cms.hhs.gov/provider-view/1881783777,2026-10-02
HSI00000386,Froedtert and the Medical College of Wisconsin,address = member hospital: Froedtert Mem. Lutheran Hospt.,1154597292,"FROEDTERT MEMORIAL LUTHERAN HOSPITAL, INC.",,False,"Pharmacy, Community/Retail Pharmacy",9200 W WISCONSIN AVE,MILWAUKEE,WI,53226,BUSINESS MANAGER,A,2020-01-30,https://npiregistry.cms.hhs.gov/provider-view/1154597292,2026-10-02
HSI00000889,Rochester Regional Health System,system name: Rochester Regional Health System | member hospital: Rochester General Hospital | address = member hospital: Rochester General Hospital,1255847489,ROCHESTER GENERAL HOSPITAL,WILSON PHARMACY,False,"Pharmacy, Community/Retail Pharmacy",1425 PORTLAND AVE BLDG 1,ROCHESTER,NY,14621,Billing & Compliance Specialist,A,2020-04-17,https://npiregistry.cms.hhs.gov/provider-view/1255847489,2026-10-02
HSI00000889,Rochester Regional Health System,system name: Rochester Regional Health System | member hospital: Rochester General Hospital,1336586668,UNIVERSITY OF ROCHESTER,UNIVERSITY OF ROCHESTER SPECIALTY PHARMACY,True,"Pharmacy, Specialty Pharmacy",601 ELMWOOD AVE RM 2-5425,ROCHESTER,NY,14642,Associate Director,A,2014-02-17,https://npiregistry.cms.hhs.gov/provider-view/1336586668,2026-10-02
HSI00000889,Rochester Regional Health System,system name: Rochester Regional Health System | member hospital: Rochester General Hospital,1609314343,UNIVERSITY OF ROCHESTER,UR MEDICINE HOME INFUSION PHARMACY; URMC HOME CARE PHARMACY,False,"Pharmacy, Home Infusion Therapy Pharmacy",155 BELLWOOD DR,ROCHESTER,NY,14606,Director,A,2026-03-09,https://npiregistry.cms.hhs.gov/provider-view/1609314343,2026-10-02
HSI00000889,Rochester Regional Health System,system name: Rochester Regional Health System | member hospital: Rochester General Hospital,1558004531,UNIVERSITY OF ROCHESTER,STRONG MEMORIAL HOSPITAL- UNIVERSITY OF ROCHESTER,False,"Pharmacy, Community/Retail Pharmacy",155 BELLWOOD DR STE 2,ROCHESTER,NY,14606,Director of Ambulatory Pharmacy,A,2023-03-10,https://npiregistry.cms.hhs.gov/provider-view/1558004531,2026-10-02
HSI00001122,UMass Memorial Health Care,system name: UMass Memorial Health Care | member hospital: Umass Memorial Medical Center,1831461086,"UMASS MEMORIAL MEDICAL CENTER, INC.",UMASS MEMORIAL MEDICAL CENTER SPECIALTY PHARMACY,False,"Pharmacy, Community/Retail Pharmacy",55 LAKE AVE N STE AC1.033,WORCESTER,MA,01655,"Director, Specialty Pharmacy",A,2016-08-02,https://npiregistry.cms.hhs.gov/provider-view/1831461086,2026-10-02
HSI00000576,Legacy Health,system name: Legacy Health,1841350527,OPTION CARE AT LEGACY HEALTH LLC,OPTION CARE AT LEGACY HEALTH,False,"Pharmacy, Home Infusion Therapy Pharmacy",16195 SW 72ND AVENUE,PORTLAND,OR,97224,President & CFO,A,2025-10-14,https://npiregistry.cms.hhs.gov/provider-view/1841350527,2026-10-02
HSI00000576,Legacy Health,system name: Legacy Health,1639082217,LEGACY EMANUEL HOSPITAL & HEALTH CENTER,LEGACY PHARMACY AT HOLLADAY PARK,False,"Pharmacy, Community/Retail Pharmacy",1225 NE 2ND AVE,PORTLAND,OR,97232,Sr PBS Analyst,A,2026-09-24,https://npiregistry.cms.hhs.gov/provider-view/1639082217,2026-10-02
HSI00000290,CoxHealth,system name: CoxHealth | member hospital: Coxhealth,1538945688,LESTER E. COX MEDICAL CENTERS,COXHEALTH SPECIALTY PHARMACY,True,"Pharmacy, Specialty Pharmacy",2240 W SUNSET ST,SPRINGFIELD,MO,65807,Executive VP & CFO,A,2024-01-05,https://npiregistry.cms.hhs.gov/provider-view/1538945688,2026-10-02
HSI00000897,Rush System for Health,system name: Rush System for Health | member hospital: Rush University Medical Center,1285097246,"HEALTH DELIVERY MANAGEMENT, LLC",RUSH SPECIALTY PHARMACY,True,"Pharmacy, Specialty Pharmacy",1520 W HARRISON ST RM 4068,CHICAGO,IL,60607,Secretary/Director,A,2026-04-09,https://npiregistry.cms.hhs.gov/provider-view/1285097246,2026-10-02
HSI00000350,Essentia Health,system name: Essentia Health,1871962282,"THE DULUTH CLINIC, LTD.",ESSENTIA HEALTH SPECIALTY PHARMACY,True,"Pharmacy, Specialty Pharmacy",204 BELKNAP ST STE 200,SUPERIOR,WI,54880,VP of Finance,A,2024-02-29,https://npiregistry.cms.hhs.gov/provider-view/1871962282,2026-10-02
HSI00000935,Saint Lukes Health System,system name: Saint Lukes Health System | member hospital: Saint Lukes Health System,1023860962,SAINT LUKE'S HEALTH SYSTEM HOME CARE AND HOSPICE,SAINT LUKE'S ADVANCED CARE PHARMACY,True,"Pharmacy, Specialty Pharmacy",10920 ELM AVE,KANSAS CITY,MO,64134,Vice President,A,2025-12-17,https://npiregistry.cms.hhs.gov/provider-view/1023860962,2026-10-02
HSI00000935,Saint Lukes Health System,system name: Saint Lukes Health System | member hospital: Saint Lukes Hospital Of Kansas City | member hospital: Saint Lukes Health System,1588457923,ST LUKES HOSPITAL OF KANSAS CITY,SANT LUKE'S SPECIALTY PHARMACY,True,"Pharmacy, Specialty Pharmacy",10920 ELM AVE,KANSAS CITY,MO,64134,Vice President,A,2025-07-23,https://npiregistry.cms.hhs.gov/provider-view/1588457923,2026-10-02
HSI00000935,Saint Lukes Health System,system name: Saint Lukes Health System | member hospital: Saint Lukes Hospital Of Kansas City | member hospital: Saint Lukes Health System,1952297921,ST LUKES HOSPITAL OF KANSAS CITY,SANT LUKE'S SPECIALTY PHARMACY,False,"Pharmacy, Community/Retail Pharmacy",10920 ELM AVE,KANSAS CITY,MO,64134,Vice President,A,2025-07-23,https://npiregistry.cms.hhs.gov/provider-view/1952297921,2026-10-02
HSI00000935,Saint Lukes Health System,system name: Saint Lukes Health System | member hospital: Saint Lukes Health System,1639738438,"VAN AMBURG & BUSIEK MD'S, LLC",ST LUKE'S ACUTE CARE PHARMACY,False,Pharmacy,232 S WOODSMILL ROAD,CHESTERFIELD,MO,63017,Pharmacist in Charge (PIC),A,2019-06-06,https://npiregistry.cms.hhs.gov/provider-view/1639738438,2026-10-02
HSI00000585,Lifespan,system name: Lifespan,1154668077,"LIFESPAN PHARMACY, LLC",BROWN UNIVERSITY HEALTH PHARMACY; LIFESPAN PHARMACY,False,"Pharmacy, Community/Retail Pharmacy",593 EDDY ST,PROVIDENCE,RI,02903,EVP & CFO,A,2024-09-24,https://npiregistry.cms.hhs.gov/provider-view/1154668077,2026-10-02
HSI00000585,Lifespan,system name: Lifespan,1629622634,"LIFESPAN PHARMACY, LLC",BROWN UNIVERSITY HEALTH PHARMACY,True,"Pharmacy, Specialty Pharmacy",117 CHAPMAN ST STE 200,PROVIDENCE,RI,02905,EVP & CFO,A,2024-09-24,https://npiregistry.cms.hhs.gov/provider-view/1629622634,2026-10-02
HSI00000585,Lifespan,member hospital: Rhode Island Hospital,1154443125,RHODE ISLAND CVS PHARMACY LLC,CVS PHARMACY AT THUNDERMIST #02474,False,Pharmacy,450 CLINTON ST,WOONSOCKET,RI,02895,"Director, Payer Relations",A,2012-02-29,https://npiregistry.cms.hhs.gov/provider-view/1154443125,2026-10-02
HSI00000263,Cone Health,system name: Cone Health | member hospital: The Moses H. Cone Memorial Hospital,1114819240,THE MOSES H CONE MEMORIAL HOSPITAL OPERATING CORPORATION,CONE HEALTH COMMUNITY PHARMACY AT WESLEY LONG,True,"Pharmacy, Specialty Pharmacy",515 N ELAM AVE,GREENSBORO,NC,27403,Manager Community Pharmacy,A,2025-07-29,https://npiregistry.cms.hhs.gov/provider-view/1114819240,2026-10-02
HSI00000263,Cone Health,system name: Cone Health | member hospital: The Moses H. Cone Memorial Hospital,1891134086,THE MOSES H CONE MEMORIAL HOSPITAL OPERATING CORPORATION,MEDCENTER HIGH POINT OUTPATIENT PHARMACY,False,Durable Medical Equipment & Medical Supplies,2630 WILLARD DAIRY RD,HIGH POINT,NC,27265,CEO/President,A,2014-01-23,https://npiregistry.cms.hhs.gov/provider-view/1891134086,2026-10-02
HSI00000263,Cone Health,system name: Cone Health | member hospital: The Moses H. Cone Memorial Hospital,1104265271,THE MOSES H CONE MEMORIAL HOSPITAL OPERATING CORPORATION,WESLEY LONG OUTPATIENT PHARMACY,False,Durable Medical Equipment & Medical Supplies,515 N ELAM AVE,GREENSBORO,NC,27403,CEO/President,A,2013-06-21,https://npiregistry.cms.hhs.gov/provider-view/1104265271,2026-10-02
HSI00000263,Cone Health,system name: Cone Health | member hospital: The Moses H. Cone Memorial Hospital,1568371268,THE MOSES H CONE MEMORIAL HOSPITAL OPERATING CORPORATION,CONE HEALTH SPECIALTY PHARMACY AND HOME DELIVERY,False,"Pharmacy, Community/Retail Pharmacy",4388 FEDERAL DR STE A,GREENSBORO,NC,27410,Director of Retail Pharmacy,A,2026-09-07,https://npiregistry.cms.hhs.gov/provider-view/1568371268,2026-10-02
HSI00000263,Cone Health,system name: Cone Health | member hospital: The Moses H. Cone Memorial Hospital,1386904886,THE MOSES H. CONE MEMORIAL HOSPITAL OPERATING CORPORATION,WESLEY LONG OUTPATIENT PHARMACY,False,"Pharmacy, Community/Retail Pharmacy",515 N ELAM AVE,GREENSBORO,NC,27403,Manager,A,2018-05-07,https://npiregistry.cms.hhs.gov/provider-view/1386904886,2026-10-02
HSI00000263,Cone Health,system name: Cone Health | member hospital: The Moses H. Cone Memorial Hospital,1255111464,THE MOSES H. CONE MEMORIAL HOSPITAL OPERATING CORPORATION,CONE HEALTH CENTRALIZED SERVICES PHARMACY,False,"Pharmacy, Community/Retail Pharmacy",4388 FEDERAL DR,GREENSBORO,NC,27410,Pharmacy Operations Coordinator,A,2023-12-05,https://npiregistry.cms.hhs.gov/provider-view/1255111464,2026-10-02
HSI00001089,The University of Chicago Medicine,member hospital: University Of Chicago Hospitals,1477420412,ANN & ROBERT H LURIE CHILDRENS HOSPITAL OF CHICAGO,LURIE CHILDREN'S SPECIALTY PHARMACY,False,"Pharmacy, Community/Retail Pharmacy",1895 ARBOR GLEN BLVD FL 3,SCHAUMBURG,IL,60195,"SVP, CFO & Treasurer",A,2025-10-28,https://npiregistry.cms.hhs.gov/provider-view/1477420412,2026-10-02
HSI00001089,The University of Chicago Medicine,member hospital: University Of Chicago Hospitals,1912874959,ANN & ROBERT H LURIE CHILDRENS HOSPITAL OF CHICAGO,LURIE CHILDREN'S SPECIALTY PHARMACY,True,"Pharmacy, Specialty Pharmacy",1895 ARBOR GLEN BLVD FL 3,SCHAUMBURG,IL,60195,SVP CFO & Treasurer,A,2025-10-28,https://npiregistry.cms.hhs.gov/provider-view/1912874959,2026-10-02
HSI00001089,The University of Chicago Medicine,member hospital: University Of Chicago Hospitals,1447260542,"INSIGHT CHICAGO, INC.",INSIGHT CHICAGO PHARMACY; SPECIALITY PHARMACY,False,"Pharmacy, Community/Retail Pharmacy",2525 S MICHIGAN AVE,CHICAGO,IL,60616,Director,A,2023-03-14,https://npiregistry.cms.hhs.gov/provider-view/1447260542,2026-10-02
HSI00001089,The University of Chicago Medicine,member hospital: University Of Chicago Hospitals,1588449201,"INSIGHT CHICAGO, INC.",SPECIALITY PHARMACY,True,"Pharmacy, Specialty Pharmacy",2525 S MICHIGAN AVE,CHICAGO,IL,60616,MSO Director,A,2023-08-30,https://npiregistry.cms.hhs.gov/provider-view/1588449201,2026-10-02
HSI00001089,The University of Chicago Medicine,member hospital: University Of Chicago Hospitals,1255895678,THE UNIVERSITY OF CHICAGO MEDICAL CENTER,UCMC PHARMACY SERVICES,False,"Pharmacy, Community/Retail Pharmacy",1551 HUNTINGTON DR STE B,CALUMET CITY,IL,60409,"Executive Director, Ambulatory Phar",A,2024-03-18,https://npiregistry.cms.hhs.gov/provider-view/1255895678,2026-10-02
HSI00001089,The University of Chicago Medicine,member hospital: University Of Chicago Hospitals,1861985194,THIRD COAST RX LLC,RHONE PHARMACY- CHICAGO,False,"Pharmacy, Community/Retail Pharmacy",5501 S HALSTED ST,CHICAGO,IL,60621,Sole Director,A,2026-07-31,https://npiregistry.cms.hhs.gov/provider-view/1861985194,2026-10-02
HSI00000934,Saint Lukes,system name: Saint Lukes | member hospital: St. Lukes Regional Medical Center,1609534221,ST LUKES REGIONAL MEDICAL CENTER,ST LUKES PHARMACY - BOISE SPECIALTY,True,"Pharmacy, Specialty Pharmacy",11801 W EXECUTIVE DR,BOISE,ID,83713,Chief Pharmacy Officer,A,2026-04-23,https://npiregistry.cms.hhs.gov/provider-view/1609534221,2026-10-02
HSI00000591,Loma Linda University Health,system name: Loma Linda University Health | member hospital: Loma Linda University Medical Center,1841947975,SEVENTH-DAY ADVENTISTS LOMA LINDA UNIVERSITY MEDICAL CENTER,LOMA LINDA UNIVERSITY HOME DELIVERY PHARMACY,True,"Pharmacy, Specialty Pharmacy",125 E CLUB CENTER DR STE 1500,SAN BERNARDINO,CA,92408,CEO,A,2022-05-26,https://npiregistry.cms.hhs.gov/provider-view/1841947975,2026-10-02
HSI00001185,University of Vermont Health Network,system name: University of Vermont Health Network | member hospital: University Of Vermont Medical Center,1497862312,PRICE CHOPPER OPERATING CO OF VERMONT INC,PRICE CHOPPER PHARMACY,False,"Pharmacy, Community/Retail Pharmacy",170 SWANTON RD,SAINT ALBANS,VT,05478,VP of Pharmacy,A,2019-10-04,https://npiregistry.cms.hhs.gov/provider-view/1497862312,2026-10-02
HSI00001185,University of Vermont Health Network,system name: University of Vermont Health Network | member hospital: University Of Vermont Medical Center,1124131115,PRICE CHOPPER OPERATING CO OF VERMONT INC,PRICE CHOPPER PHARMACY,False,"Pharmacy, Community/Retail Pharmacy",214 NORTHSIDE DR,BENNINGTON,VT,05201,VP of Pharmacy,A,2022-01-18,https://npiregistry.cms.hhs.gov/provider-view/1124131115,2026-10-02
HSI00001185,University of Vermont Health Network,system name: University of Vermont Health Network | member hospital: University Of Vermont Medical Center,1518070986,PRICE CHOPPER OPERATING CO OF VERMONT INC,PRICE CHOPPER PHARMACY,False,"Pharmacy, Community/Retail Pharmacy",90 CENTER RD,ESSEX JUNCTION,VT,05452,VP of Pharmacy,A,2026-05-19,https://npiregistry.cms.hhs.gov/provider-view/1518070986,2026-10-02
HSI00001185,University of Vermont Health Network,system name: University of Vermont Health Network | member hospital: University Of Vermont Medical Center,1407867054,UNIVERSITY OF VERMONT MEDICAL CENTER INC,UVM MEDICAL CENTER OUTPATIENT PHARMACY,False,"Pharmacy, Community/Retail Pharmacy",792 COLLEGE PKWY,COLCHESTER,VT,05446,Pharmacy Mgr,A,2024-02-19,https://npiregistry.cms.hhs.gov/provider-view/1407867054,2026-10-02
HSI00001069,Texas Childrens Hospital,system name: Texas Childrens Hospital | member hospital: Texas Childrens Hospital,1871448720,CHILDREN'S HEALTH SYSTEM OF TEXAS,,True,"Pharmacy, Specialty Pharmacy",1935 MEDICAL DISTRICT DR STE C1270,DALLAS,TX,75235,CFO,A,2026-03-05,https://npiregistry.cms.hhs.gov/provider-view/1871448720,2026-10-02
HSI00001069,Texas Childrens Hospital,system name: Texas Childrens Hospital | member hospital: Texas Childrens Hospital,1386278406,TEXAS CHILDREN'S HOSPITAL,TEXAS CHILDREN'S HOSPITAL - SPECIALTY PHARMACY,False,"Pharmacy, Community/Retail Pharmacy",12613 CITYPARK DR STE 200,MISSOURI CITY,TX,77489,CFO,A,2026-04-01,https://npiregistry.cms.hhs.gov/provider-view/1386278406,2026-10-02
HSI00001069,Texas Childrens Hospital,system name: Texas Childrens Hospital | member hospital: Texas Childrens Hospital,1508615048,TEXAS CHILDREN'S HOSPITAL,TEXAS CHILDREN'S INFUSION PHARMACY,False,"Pharmacy, Community/Retail Pharmacy",12613 CITYPARK DR,MISSOURI CITY,TX,77489,CFO,A,2025-10-10,https://npiregistry.cms.hhs.gov/provider-view/1508615048,2026-10-02
HSI00001069,Texas Childrens Hospital,system name: Texas Childrens Hospital | member hospital: Texas Childrens Hospital | address = member hospital: Texas Childrens Hospital,1891971222,TEXAS CHILDREN'S HOSPTIAL PHARMACY,,False,"Pharmacy, Institutional Pharmacy",6621 FANNIN ST STE WB1120,HOUSTON,TX,77030,"Executive VP, CFO",A,2021-12-10,https://npiregistry.cms.hhs.gov/provider-view/1891971222,2026-10-02
HSI00000461,Health First,system name: Health First,1306291679,FIRST CHOICE PHARMACY LLC,"FIRST CHOICE PHARMACY, LLC.",False,"Pharmacy, Community/Retail Pharmacy",3208 CRILL AVE UNIT 2,PALATKA,FL,32177,"Owner, PIC, AO",A,2016-08-19,https://npiregistry.cms.hhs.gov/provider-view/1306291679,2026-10-02
HSI00000461,Health First,system name: Health First,1508854621,FIRST PRIME MEDICAL CENTER INC,"FIRST PRIME MEDICAL CENTER,INC DBA INFUMED",False,"Pharmacy, Home Infusion Therapy Pharmacy",6405 NW 36TH ST STE 113,VIRGINIA GARDENS,FL,33166,PRESIDENT,A,2009-02-11,https://npiregistry.cms.hhs.gov/provider-view/1508854621,2026-10-02
HSI00000461,Health First,system name: Health First,1124051180,"INFUCARE RX, LLC",HEALTH FIRST INFUSION; HEALTH FIRST INFUSION (HFI),False,"Pharmacy, Home Infusion Therapy Pharmacy",1959 W 9TH ST,WEST PALM BEACH,FL,33404,President,A,2025-03-20,https://npiregistry.cms.hhs.gov/provider-view/1124051180,2026-10-02
HSI00000461,Health First,member hospital: Palm Bay Hospital,1790747483,RX CARE FOUR LLC,PALM BAY PHARMACY,False,"Pharmacy, Community/Retail Pharmacy",1270 MALABAR RD SE,PALM BAY,FL,32907,Owner,A,2020-08-25,https://npiregistry.cms.hhs.gov/provider-view/1790747483,2026-10-02
HSI00000461,Health First,system name: Health First,1659690360,SMZA ENTERPRISES LLC,FIRST CHOICE PHARMACY & COMPOUNDING CENTER,False,"Pharmacy, Community/Retail Pharmacy",754 S GOLDENROD RD,ORLANDO,FL,32822,pharmacist/owner,A,2020-02-06,https://npiregistry.cms.hhs.gov/provider-view/1659690360,2026-10-02
HSI00000461,Health First,system name: Health First,1609480375,"SUN HEALTH AND WELLNESS, INC",FIRST CHOICE SPECIALTY PHARMACY,False,"Pharmacy, Community/Retail Pharmacy",109 PARK PLACE BLVD,DAVENPORT,FL,33837,President,A,2020-09-01,https://npiregistry.cms.hhs.gov/provider-view/1609480375,2026-10-02
HSI00000461,Health First,system name: Health First,1023709573,"SUN HEALTH AND WELLNESS, INC",FIRST CHOICE SPECIALTY PHARMACY,False,"Pharmacy, Community/Retail Pharmacy",1300 US HIGHWAY 27 N STE 2,SEBRING,FL,33870,President,A,2023-05-16,https://npiregistry.cms.hhs.gov/provider-view/1023709573,2026-10-02
HSI00000461,Health First,system name: Health First,1609321082,"SUN HEALTH AND WELLNESS, INC",FIRST CHOICE SPECIALTY PHARMACY,True,"Pharmacy, Specialty Pharmacy",2306 NORTH BLVD W. SUITE A&B,DAVENPORT,FL,33837,President,A,2023-05-03,https://npiregistry.cms.hhs.gov/provider-view/1609321082,2026-10-02
HSI00000019,Albany Medical Center,system name: Albany Medical Center | member hospital: Albany Medical Center Hospital | address = member hospital: Albany Medical Center Hospital,1013944941,ALBANY MED HEALTH SYSTEM,ALBANY MEDICAL CENTER PHARMACY,False,"Pharmacy, Community/Retail Pharmacy",43 NEW SCOTLAND AVE,ALBANY,NY,12208,"EVP, CFO and COO",A,2021-08-18,https://npiregistry.cms.hhs.gov/provider-view/1013944941,2026-10-02
HSI00001065,Temple University Health System,member hospital: Chestnut Hill Hospital,1710292206,MRLRX LLC,CHESTNUT HILL PHARMACY,False,"Pharmacy, Community/Retail Pharmacy",8030 GERMANTOWN AVE,PHILADELPHIA,PA,19118,President,A,2010-11-02,https://npiregistry.cms.hhs.gov/provider-view/1710292206,2026-10-02
HSI00001065,Temple University Health System,system name: Temple University Health System | member hospital: Temple University Hospital | address = member hospital: American Oncologic Hospial,1295278786,"TEMPLE UNIVERSITY HOSPITAL, INC",FOX CHASE CANCER CENTER PHARMACY,False,"Pharmacy, Community/Retail Pharmacy",333 COTTMAN AVENUE,PHILADELPHIA,PA,19111,CFO,A,2026-01-15,https://npiregistry.cms.hhs.gov/provider-view/1295278786,2026-10-02
HSI00001186,University of Virginia Health System,system name: University of Virginia Health System,1972541449,"EXCEL HEALTH CARE, INC.",OPTION CARE OF NORTHERN VIRGINIA,False,"Pharmacy, Home Infusion Therapy Pharmacy",4170 LAFAYETTE CENTER DR,CHANTILLY,VA,20151,"Sr VP, Secretary & General Counsel",A,2009-01-19,https://npiregistry.cms.hhs.gov/provider-view/1972541449,2026-10-02
HSI00001186,University of Virginia Health System,system name: University of Virginia Health System,1972026243,VIRGINIA COMMONWEALTH UNIVERSITY HEALTH SYSTEM AUTHORITY,VCU HEALTH SYSTEMS NOW INFUSION PHARMACY,False,"Pharmacy, Community/Retail Pharmacy",11958 W BROAD ST FL 2,HENRICO,VA,23233,VP Finance and Accounting,A,2022-11-01,https://npiregistry.cms.hhs.gov/provider-view/1972026243,2026-10-02
HSI00001186,University of Virginia Health System,system name: University of Virginia Health System,1093238206,VIRGINIA COMMONWEALTH UNIVERSITY HEALTH SYSTEM AUTHORITY,VCU HEALTH SYSTEM - SPECIALITY PHARMACY,True,"Pharmacy, Specialty Pharmacy",1030 WILMER AVE STE 300,RICHMOND,VA,23227,VP Finance and Accounting,A,2022-10-03,https://npiregistry.cms.hhs.gov/provider-view/1093238206,2026-10-02
HSI00001186,University of Virginia Health System,system name: University of Virginia Health System,1962889022,VIRGINIA COMMONWEALTH UNIVERSITY HEALTH SYSTEM AUTHORITY,VCU HEALTH AOP PHARMACY,True,"Pharmacy, Specialty Pharmacy",401 N 12TH ST,RICHMOND,VA,23298,VP Finance and Accounting,A,2022-11-01,https://npiregistry.cms.hhs.gov/provider-view/1962889022,2026-10-02
HSI00001186,University of Virginia Health System,system name: University of Virginia Health System,1497132872,VIRGINIA COMMONWEALTH UNIVERSITY HEALTH SYSTEM AUTHORITY,VCUHS ONCOLOGY,True,"Pharmacy, Specialty Pharmacy",401 N 12TH ST,RICHMOND,VA,23298,CFO,A,2015-06-02,https://npiregistry.cms.hhs.gov/provider-view/1497132872,2026-10-02
HSI00001186,University of Virginia Health System,system name: University of Virginia Health System,1790004307,VIRGINIA COMMONWEALTH UNIVERSITY HEALTH SYSTEM AUTHORITY,VCUHS HEMOPHILA PHARMACY,True,"Pharmacy, Specialty Pharmacy",417 N 11TH ST,RICHMOND,VA,23298,CFO,A,2010-05-21,https://npiregistry.cms.hhs.gov/provider-view/1790004307,2026-10-02
HSI00001186,University of Virginia Health System,system name: University of Virginia Health System,1609820307,"PARTNERS PHARMACY OF VIRGINIA, LLC",APEX CARE,False,"Pharmacy, Long Term Care Pharmacy",3737 W. MAIN ST.,SALEM,VA,24153,Executive Vice President,A,2014-11-18,https://npiregistry.cms.hhs.gov/provider-view/1609820307,2026-10-02
HSI00001186,University of Virginia Health System,system name: University of Virginia Health System,1508624909,"PARKVIEW NORTH VIRGINIA RX, LLC",PARKVIEWRX NORTHERN VIRGINIA,False,"Pharmacy, Long Term Care Pharmacy",11230 WAPLES MILL RD STE 115,FAIRFAX,VA,22030,Chief Operating Officer,A,2024-05-02,https://npiregistry.cms.hhs.gov/provider-view/1508624909,2026-10-02
HSI00001186,University of Virginia Health System,system name: University of Virginia Health System,1861901340,PERSONALMED VIRGINIA PHARMACY SERVICES,,False,"Pharmacy, Community/Retail Pharmacy",12007 SUNRISE VALLEY DR STE 110,RESTON,VA,20191,VP Managed Care Services,A,2017-09-27,https://npiregistry.cms.hhs.gov/provider-view/1861901340,2026-10-02
HSI00001186,University of Virginia Health System,system name: University of Virginia Health System,1467413880,CENTRAL VIRGINIA HEALTH SERVICES,HEALTH CARE ALLIANCE PHARMACY,False,Pharmacy,321 C POPLAR DRIVE,PETERSBURG,VA,23803,Executive Director,A,2023-07-24,https://npiregistry.cms.hhs.gov/provider-view/1467413880,2026-10-02
HSI00001186,University of Virginia Health System,system name: University of Virginia Health System,1356302988,"CENTRAL VIRGINIA HEALTH SERVICES, INC.",,True,"Pharmacy, Specialty Pharmacy",25892 N JAMES MADISON HWY,NEW CANTON,VA,23123,Executive Director,A,2023-07-24,https://npiregistry.cms.hhs.gov/provider-view/1356302988,2026-10-02
HSI00001186,University of Virginia Health System,system name: University of Virginia Health System,1649035106,"ONCOLOGY AND HEMATOLOGY ASSOCIATES OF SOUTHWEST VIRGINIA, INC.",BLUE RIDGE CANCER CARE SPECIALTY PHARMACY,False,"Pharmacy, Community/Retail Pharmacy",1948 FRANKLIN RD SW STE 207,ROANOKE,VA,24014,Director of Pharmacy,A,2024-05-06,https://npiregistry.cms.hhs.gov/provider-view/1649035106,2026-10-02
HSI00001186,University of Virginia Health System,system name: University of Virginia Health System,1770007692,RECTOR & VISITORS OF THE UNIVERSITY OF VIRGINIA,,True,"Pharmacy, Specialty Pharmacy",1725 DISCOVERY DR STE 200,CHARLOTTESVILLE,VA,22911,CFO,A,2025-10-01,https://npiregistry.cms.hhs.gov/provider-view/1770007692,2026-10-02
HSI00001186,University of Virginia Health System,system name: University of Virginia Health System,1366734212,RECTORS & VISITORS OF THE UNIVERSITY OF VIRGINIA,UVA PHARMACY PANTOPS,False,"Pharmacy, Community/Retail Pharmacy",590 PETER JEFFERSON PKWY,CHARLOTTESVILLE,VA,22911,CEO,A,2024-03-27,https://npiregistry.cms.hhs.gov/provider-view/1366734212,2026-10-02
HSI00000637,McLeod Health,system name: McLeod Health | member hospital: Mcleod Regional Medical Center,1821845512,"MCLEOD REGIONAL MEDICAL CENTER OF THE PEE DEE, INC",MCLEOD CHOICE INFUSION SERVICES,False,"Pharmacy, Home Infusion Therapy Pharmacy",501 E CHEVES ST STE D,FLORENCE,SC,29506,Sr. Vice President and CFO,A,2025-05-28,https://npiregistry.cms.hhs.gov/provider-view/1821845512,2026-10-02
HSI00000170,Carilion Clinic,system name: Carilion Clinic | member hospital: Carilion Medical Center | member hospital: Carilion Roanoke Community Hospital,1700162930,CHS INC,CARILION CLINIC PHARMACY ROANOKE MEMORIAL HOSPITAL,False,"Pharmacy, Community/Retail Pharmacy",1906 BELLEVIEW AVE SE,ROANOKE,VA,24014,Director,A,2020-06-30,https://npiregistry.cms.hhs.gov/provider-view/1700162930,2026-10-02
HSI00000170,Carilion Clinic,system name: Carilion Clinic | member hospital: Carilion Medical Center,1114685286,"CHS, INC",CARILION CLINIC PHARMACY SPECIALTY PHARMACY,True,"Pharmacy, Specialty Pharmacy",4336 ELECTRIC RD,ROANOKE,VA,24018,PIC,A,2021-12-06,https://npiregistry.cms.hhs.gov/provider-view/1114685286,2026-10-02
HSI00000305,Deaconess Health System,system name: Deaconess Health System | member hospital: Deaconess Hospital,1639860778,DEACONESS HOSPITAL INC,DEACONESS SPECIALTY PHARMACY,True,"Pharmacy, Specialty Pharmacy",617 OAKLEY ST,EVANSVILLE,IN,47710,Pharmacy Manager,A,2023-05-18,https://npiregistry.cms.hhs.gov/provider-view/1639860778,2026-10-02
HSI00000305,Deaconess Health System,system name: Deaconess Health System | member hospital: Deaconess Hospital | address = member hospital: Deaconess Hospital,1740550334,DEACONESS HOSPITAL INC,DEACONESS FAMILY PHARMACY,False,"Pharmacy, Community/Retail Pharmacy",600 MARY ST,EVANSVILLE,IN,47710,Pharmacy Manager,A,2016-12-14,https://npiregistry.cms.hhs.gov/provider-view/1740550334,2026-10-02
HSI00000305,Deaconess Health System,system name: Deaconess Health System | member hospital: Deaconess Hospital,1801313002,"DEACONESS HOSPITAL, INC",DEACONESS FAMILY PHARMACY GW,False,"Pharmacy, Institutional Pharmacy",4209 GATEWAY BLVD.,NEWBURGH,IN,47630,Pharmacy Manager,A,2017-08-28,https://npiregistry.cms.hhs.gov/provider-view/1801313002,2026-10-02
HSI00000251,Community Hospital Corporation,member hospital: North Texas Medical Center,1225176530,CORAM HEALTHCARE CORPORATION OF NORTH TEXAS,,True,"Pharmacy, Specialty Pharmacy",1675 BROADWAY,DENVER,CO,80202,Sr VP,A,2025-09-11,https://npiregistry.cms.hhs.gov/provider-view/1225176530,2026-10-02
HSI00000251,Community Hospital Corporation,address = member hospital: Continuecare Hospital At Hendrick Mc,1073198156,HENDRICK MEDICAL CENTER,HENDRICK MEDICAL CENTER OUTPATIENT PHARMACY,False,"Pharmacy, Community/Retail Pharmacy",1900 PINE ST,ABILENE,TX,79601,CFO,A,2025-12-22,https://npiregistry.cms.hhs.gov/provider-view/1073198156,2026-10-02
HSI00000251,Community Hospital Corporation,member hospital: North Texas Medical Center,1427946805,UNIVERSITY OF TEXAS HEALTH CENTER AT TYLER,UT HEALTH SPECIALTY PHARMACY NORTH,True,"Pharmacy, Specialty Pharmacy",11937 US HIGHWAY 271,TYLER,TX,75708,Chief Business Officer,A,2025-06-25,https://npiregistry.cms.hhs.gov/provider-view/1427946805,2026-10-02
HSI00000299,Dartmouth-Hitchcock,system name: Dartmouth-Hitchcock,1841048436,MARY HITCHCOCK MEMORIAL HOSPITAL,DARTMOUTH HEALTH INFUSION PHARMACY,False,Home Infusion,1000 QUALITY DR,HOOKSETT,NH,03106,Chief Pharmacy Officer,A,2026-04-15,https://npiregistry.cms.hhs.gov/provider-view/1841048436,2026-10-02
HSI00000299,Dartmouth-Hitchcock,system name: Dartmouth-Hitchcock,1821150806,MARY HITCHCOCK MEMORIAL HOSPITAL,DARTMOUTH-HITCHCOCK PHARMACY,False,"Pharmacy, Community/Retail Pharmacy",1000 QUALITY DR,HOOKSETT,NH,03106,Chief Pharmacy Officer,A,2026-04-16,https://npiregistry.cms.hhs.gov/provider-view/1821150806,2026-10-02
HSI00000511,Infirmary Health System,system name: Infirmary Health System | member hospital: Mobile Infirmary Medical Center,1710698717,MOBILE INFIRMARY ASSOCIATION,"GULF HEALTH MANAGEMENT SERVICES, INC.; MIMC SPECIALTY AND HOME INFUSION PHARMACY",True,"Pharmacy, Specialty Pharmacy",7101 US HIGHWAY 90,DAPHNE,AL,36526,President/CEO,A,2024-03-18,https://npiregistry.cms.hhs.gov/provider-view/1710698717,2026-10-02
HSI00001181,University of Southern California,system name: University of Southern California,1821010315,PROVIDENCE HEALTH SYSTEM SOUTHERN CALIFORNIA,PROVIDENCE LITTLE COMPANY OF MARY MEDICAL CENTER TORRANCE PHARMACY,False,"Pharmacy, Institutional Pharmacy",4101 TORRANCE BLVD,TORRANCE,CA,90503,ASSISTANT SECRETARY ENROLLMENTS,A,2025-05-09,https://npiregistry.cms.hhs.gov/provider-view/1821010315,2026-10-02
HSI00001181,University of Southern California,system name: University of Southern California,1669617734,SOUTHERN CALIFORNIA COMPOUNDING PHARMACY,,False,"Pharmacy, Compounding Pharmacy",11125 FLINTKOTE AVE STE F,SAN DIEGO,CA,92121,Technician,A,2015-10-23,https://npiregistry.cms.hhs.gov/provider-view/1669617734,2026-10-02
HSI00000750,North Mississippi Health Services,system name: North Mississippi Health Services | member hospital: North Mississippi Medical Center,1447367834,NORTH MISSISSIPPI MEDICAL CENTER,NMMC OUTPATIENT INFUSION SERVICE,True,"Pharmacy, Specialty Pharmacy",990 S MADISON ST,TUPELO,MS,38801,DIRECTOR,A,2025-09-19,https://npiregistry.cms.hhs.gov/provider-view/1447367834,2026-10-02
HSI00000917,Saint Elizabeth Healthcare,system name: Saint Elizabeth Healthcare | member hospital: St Elizabeth Healthcare,1366084337,"ST. ELIZABETH MEDICAL CENTER, INC.",,True,"Pharmacy, Specialty Pharmacy",850 THOMAS MORE PARKWAY,EDGEWOOD,KY,41017,EVP/COO,A,2019-10-11,https://npiregistry.cms.hhs.gov/provider-view/1366084337,2026-10-02
HSI00000722,Nationwide Childrens Hospital,system name: Nationwide Childrens Hospital | member hospital: Nationwide Childrens Hospital | address = member hospital: Nationwide Childrens Hospital,1235866203,NATIONWIDE CHILDREN'S HOSPITAL,,True,"Pharmacy, Specialty Pharmacy",700 CHILDRENS DR,COLUMBUS,OH,43205,"Director, Revenue Cycle",A,2022-08-01,https://npiregistry.cms.hhs.gov/provider-view/1235866203,2026-10-02
HSI00000722,Nationwide Childrens Hospital,system name: Nationwide Childrens Hospital | member hospital: Nationwide Childrens Hospital | address = member hospital: Nationwide Childrens Hospital,1134152986,NATIONWIDE CHILDREN'S HOSPITAL,,False,General Acute Care Hospital,700 CHILDRENS DR,COLUMBUS,OH,43205,CFO and Senior VP,A,2026-09-21,https://npiregistry.cms.hhs.gov/provider-view/1134152986,2026-10-02
HSI00000722,Nationwide Childrens Hospital,system name: Nationwide Childrens Hospital | member hospital: Nationwide Childrens Hospital | address = member hospital: Nationwide Childrens Hospital,1679977060,NATIONWIDE CHILDREN'S HOSPITAL PHARMACY,,False,Pharmacy,700 CHILDRENS DR,COLUMBUS,OH,43205,CFO and Senior VP,A,2023-12-15,https://npiregistry.cms.hhs.gov/provider-view/1679977060,2026-10-02
HSI00000041,Appalachian Regional Healthcare,system name: Appalachian Regional Healthcare,1215180260,APPALACHIAN REGIONAL HEALTHCARE INC,ARH COMMUNITY PHARMACY,False,"Pharmacy, Community/Retail Pharmacy",210 BLACK GOLD BLVD,HAZARD,KY,41701,President and CEO,A,2024-09-20,https://npiregistry.cms.hhs.gov/provider-view/1215180260,2026-10-02
HSI00000041,Appalachian Regional Healthcare,system name: Appalachian Regional Healthcare | member hospital: Harlan Arh,1275518953,APPALACHIAN REGIONAL HEALTHCARE INC,HARLAN ARH PHARMACY,False,"Pharmacy, Community/Retail Pharmacy",37 BALL PARK RD,HARLAN,KY,40831,President and CEO,A,2024-09-20,https://npiregistry.cms.hhs.gov/provider-view/1275518953,2026-10-02
HSI00000041,Appalachian Regional Healthcare,system name: Appalachian Regional Healthcare | member hospital: Whitesburg Arh,1972589257,APPALACHIAN REGIONAL HEALTHCARE INC,WHITESBURG ARH PHARMACY - OP,False,"Pharmacy, Community/Retail Pharmacy",326 HOSPITAL RD,WHITESBURG,KY,41858,President and CEO,A,2024-09-20,https://npiregistry.cms.hhs.gov/provider-view/1972589257,2026-10-02
HSI00000041,Appalachian Regional Healthcare,system name: Appalachian Regional Healthcare | member hospital: Middlesboro Arh | address = member hospital: Middlesboro Arh,1700862026,APPALACHIAN REGIONAL HEALTHCARE INC,MIDDLESBORO ARH PHARMACY - OUTPATIENT,False,"Pharmacy, Community/Retail Pharmacy",3600 W CUMBERLAND AVE,MIDDLESBORO,KY,40965,President and CEO,A,2026-08-20,https://npiregistry.cms.hhs.gov/provider-view/1700862026,2026-10-02
HSI00000041,Appalachian Regional Healthcare,system name: Appalachian Regional Healthcare,1215913959,"APPALACHIAN REGIONAL HEALTHCARE, INC",ARH PRESCRIPTION DIVISION PHARMACY,False,"Pharmacy, Community/Retail Pharmacy",306 HOSPITAL DR STE 105A,S WILLIAMSON,KY,41503,President and CEO,A,2024-09-20,https://npiregistry.cms.hhs.gov/provider-view/1215913959,2026-10-02
HSI00000041,Appalachian Regional Healthcare,system name: Appalachian Regional Healthcare,1932606159,"APPALACHIAN REGIONAL HEALTHCARE, INC",ARH SPECIALTY PHARMACY,False,"Pharmacy, Community/Retail Pharmacy",207 ROY CAMPBELL DRIVE,HAZARD,KY,41701,President and CEO,A,2026-05-12,https://npiregistry.cms.hhs.gov/provider-view/1932606159,2026-10-02
HSI00000041,Appalachian Regional Healthcare,member hospital: Barbourville Arh Hospital | member hospital: Mary Breckinridge Hospital | address = member hospital: Barbourville Arh Hospital,1114580370,"ARH MARY BRECKINRIDGE HEALTH SERVICES, INC.",BARBOURVILLE ARH SPECIALTY PHARMACY,False,"Pharmacy, Community/Retail Pharmacy",80 HOSPITAL DR,BARBOURVILLE,KY,40906,President and CEO,A,2024-09-18,https://npiregistry.cms.hhs.gov/provider-view/1114580370,2026-10-02
HSI00000041,Appalachian Regional Healthcare,member hospital: Mary Breckinridge Hospital,1144804378,"ARH MARY BRECKINRIDGE HEALTH SERVICES, INC.",ARH HAROLD PHARMACY,False,"Pharmacy, Community/Retail Pharmacy",24 LEFT PENHOOK RD,HAROLD,KY,41635,President and CEO,A,2024-09-18,https://npiregistry.cms.hhs.gov/provider-view/1144804378,2026-10-02
HSI00000041,Appalachian Regional Healthcare,member hospital: Tug Valley Arh,1689739013,"ARH TUG VALLEY HEALTH SERVICES, INC.",HIGHLANDS ARH MEDICAL OFFICE PHARMACY,False,"Pharmacy, Community/Retail Pharmacy",5000 KY ROUTE 321,PRESTONSBURG,KY,41653,President and CEO,A,2024-09-19,https://npiregistry.cms.hhs.gov/provider-view/1689739013,2026-10-02
HSI00000041,Appalachian Regional Healthcare,system name: Appalachian Regional Healthcare | member hospital: Beckley Arh,1699751818,APPALACHIAN REGIONAL HEALTHCARE INC.,BECKLEY ARH PHARMACY #2,False,Pharmacy,250 STANAFORD RD,BECKLEY,WV,25801,President and CEO,A,2024-09-20,https://npiregistry.cms.hhs.gov/provider-view/1699751818,2026-10-02
HSI00000041,Appalachian Regional Healthcare,system name: Appalachian Regional Healthcare | member hospital: Summers County Arh | address = member hospital: Summers County Arh,1063151850,"APPALACHIAN REGIONAL HEALTHCARE, INC",ARH SUMMERS COUNTY PHARMACY,False,"Pharmacy, Community/Retail Pharmacy",115 SUMMERS HOSPITAL RD,HINTON,WV,25951,President and CEO,A,2024-09-20,https://npiregistry.cms.hhs.gov/provider-view/1063151850,2026-10-02
HSI00000041,Appalachian Regional Healthcare,system name: Appalachian Regional Healthcare,1043977101,"APPALACHIAN REGIONAL HEALTHCARE, INC",ARH BEAVER PHARMACY,False,"Pharmacy, Community/Retail Pharmacy",725 RITTER DR,GLEN MORGAN,WV,25813,President and CEO,A,2022-02-17,https://npiregistry.cms.hhs.gov/provider-view/1043977101,2026-10-02
HSI00001153,University of Tennessee Medical Center,system name: University of Tennessee Medical Center,1124385919,"CONTINUUMRX, INC.","CONTINUUMRX OF SOUTHEAST TENNESSEE, LLC",False,"Pharmacy, Home Infusion Therapy Pharmacy",1501 RIVERSIDE DR,CHATTANOOGA,TN,37406,COO,A,2018-11-20,https://npiregistry.cms.hhs.gov/provider-view/1124385919,2026-10-02
HSI00001153,University of Tennessee Medical Center,system name: University of Tennessee Medical Center,1184983561,"GUARDIAN PHARMACY OF TENNESSEE TWO, LLC",GUARDIAN MIDSOUTH,False,"Pharmacy, Long Term Care Pharmacy",7657 US HIGHWAY 70,BARTLETT,TN,38133,President,A,2026-09-11,https://npiregistry.cms.hhs.gov/provider-view/1184983561,2026-10-02
HSI00001153,University of Tennessee Medical Center,system name: University of Tennessee Medical Center,1851168413,"NEXT STEP TENNESSEE, LLC",,False,"Pharmacy, Community/Retail Pharmacy",284 GERMAN OAK DR STE 200,CORDOVA,TN,38018,PIC,A,2024-09-11,https://npiregistry.cms.hhs.gov/provider-view/1851168413,2026-10-02
HSI00001153,University of Tennessee Medical Center,system name: University of Tennessee Medical Center,1982056529,PHARMBLUE TENNESSEE LLC,,False,"Pharmacy, Community/Retail Pharmacy",1113 MURFREESBORO RD STE 319-B,FRANKLIN,TN,37064,"Owner, CEO, AO",A,2017-03-31,https://npiregistry.cms.hhs.gov/provider-view/1982056529,2026-10-02
HSI00001153,University of Tennessee Medical Center,system name: University of Tennessee Medical Center,1073880159,"CONTINUUMRX, INC.","CONTINUUMRX OF CENTRAL TENNESSEE, LLC",False,"Pharmacy, Home Infusion Therapy Pharmacy",1910 CHURCH ST,NASHVILLE,TN,37203,COO,A,2025-09-22,https://npiregistry.cms.hhs.gov/provider-view/1073880159,2026-10-02
HSI00001153,University of Tennessee Medical Center,system name: University of Tennessee Medical Center,1659139434,"EAST TENNESSEE CHILDREN'S HOSPITAL ASSOCIATION, INC.",EAST TENNESSEE CHILDREN'S HOSPITAL SPECIALTY PHARMACY,False,"Pharmacy, Community/Retail Pharmacy",2018 CLINCH AVE,KNOXVILLE,TN,37916,VP OF FINANCE/CFO,A,2024-05-19,https://npiregistry.cms.hhs.gov/provider-view/1659139434,2026-10-02
HSI00001153,University of Tennessee Medical Center,system name: University of Tennessee Medical Center,1053011791,JACKSON MADISON COUNTY GENERAL HOSPITAL,WEST TENNESSEE HEALTHCARE SPECIALTY PHARMACY,False,"Pharmacy, Community/Retail Pharmacy",367 HOSPITAL BOULEVARD,JACKSON,TN,38305,Execuitve Director of Pharmacy,A,2026-02-27,https://npiregistry.cms.hhs.gov/provider-view/1053011791,2026-10-02
HSI00001153,University of Tennessee Medical Center,system name: University of Tennessee Medical Center,1497790786,MIDDLE TENNESSEE PHARMACY SERVICES LLC,,False,"Durable Medical Equipment & Medical Supplies, Parenteral & Enteral Nutrition",336 S CANNON BLVD,SHELBYVILLE,TN,37160,Pharmacist In Charge,A,2008-06-18,https://npiregistry.cms.hhs.gov/provider-view/1497790786,2026-10-02
HSI00001153,University of Tennessee Medical Center,system name: University of Tennessee Medical Center,1255593067,MIDDLE TENNESSEE PHARMACY SERVICES LLC,,False,"Pharmacy, Compounding Pharmacy",336 S CANNON BLVD,SHELBYVILLE,TN,37160,Pharmacist In Charge,A,2008-07-02,https://npiregistry.cms.hhs.gov/provider-view/1255593067,2026-10-02
HSI00001153,University of Tennessee Medical Center,address = member hospital: University Of Tennessee Medical Cent,1942540828,UNIVERSITY HEALTH SYSTEM INC,UNIVERSITY PHARMACY,False,"Pharmacy, Community/Retail Pharmacy",1924 ALCOA HWY STE NP100,KNOXVILLE,TN,37920,Chief Financial Officer,A,2019-10-17,https://npiregistry.cms.hhs.gov/provider-view/1942540828,2026-10-02
HSI00001153,University of Tennessee Medical Center,address = member hospital: University Of Tennessee Medical Cent,1629498662,"UNIVERSITY HEALTH SYSTEM, INC",,True,"Pharmacy, Specialty Pharmacy",1924 ALCOA HWY,KNOXVILLE,TN,37920,Pharmacy Manager,A,2014-04-17,https://npiregistry.cms.hhs.gov/provider-view/1629498662,2026-10-02
HSI00001153,University of Tennessee Medical Center,address = member hospital: University Of Tennessee Medical Cent,1447821368,"UNIVERSITY HEALTH SYSTEM, INC",UNIVERSITY PHARMACY,False,"Pharmacy, Community/Retail Pharmacy",1924 ALCOA HWY STE NP100,KNOXVILLE,TN,37920,Director,A,2021-11-18,https://npiregistry.cms.hhs.gov/provider-view/1447821368,2026-10-02
HSI00001153,University of Tennessee Medical Center,system name: University of Tennessee Medical Center,1861991846,VITAL RX OF TENNESSEE LLC,,False,"Pharmacy, Home Infusion Therapy Pharmacy",150 COLLINS ST,MEMPHIS,TN,38112,Dir of Pharmacy/Managing Member,A,2018-02-06,https://npiregistry.cms.hhs.gov/provider-view/1861991846,2026-10-02
HSI00001085,The Nebraska Medical Center,system name: The Nebraska Medical Center | member hospital: The Nebraska Medical Center,1063956571,GREATER NEBRASKA HOME INFUSION INC,,False,Pharmacy,2604 SAINT PATRICK AVE STE 2,GRAND ISLAND,NE,68803,Owner,A,2022-10-03,https://npiregistry.cms.hhs.gov/provider-view/1063956571,2026-10-02
HSI00001085,The Nebraska Medical Center,system name: The Nebraska Medical Center | member hospital: The Nebraska Medical Center,1770266546,NEBRASKA MEDICAL CENTER,NEBRASKA MEDICINE HOME INFUSION PHARMACY,False,"Pharmacy, Home Infusion Therapy Pharmacy",12565 W CENTER RD STE 120,OMAHA,NE,68144,Pharmacy Operations Analyst,A,2026-07-10,https://npiregistry.cms.hhs.gov/provider-view/1770266546,2026-10-02
HSI00001085,The Nebraska Medical Center,system name: The Nebraska Medical Center | member hospital: The Nebraska Medical Center,1952155459,THE NEBRASKA MEDICAL CENTER,THE NEBRASKA MEDICAL CENTER CLINIC PHARMACY,True,"Pharmacy, Specialty Pharmacy",989200 NEBRASKA MEDICAL CTR,OMAHA,NE,68198,Sr Pharmacy Operations Analyst,A,2024-04-12,https://npiregistry.cms.hhs.gov/provider-view/1952155459,2026-10-02
HSI00001085,The Nebraska Medical Center,system name: The Nebraska Medical Center | member hospital: The Nebraska Medical Center,1972247799,THE NEBRASKA MEDICAL CENTER,NEBRASKA MEDICINE HUB PHARMACY,True,"Pharmacy, Specialty Pharmacy",770 N 114TH ST,OMAHA,NE,68154,Pharmacy Operations Analyst,A,2023-09-18,https://npiregistry.cms.hhs.gov/provider-view/1972247799,2026-10-02
HSI00001085,The Nebraska Medical Center,system name: The Nebraska Medical Center | member hospital: The Nebraska Medical Center,1750130118,THE NEBRASKA MEDICAL CENTER,THE NEBRASKA MEDICAL CENTER CLINIC PHARMACY,True,"Pharmacy, Specialty Pharmacy",989200 NEBRASKA MEDICAL CTR,OMAHA,NE,68198,Sr Pharmacy Operations Analyst,A,2024-05-16,https://npiregistry.cms.hhs.gov/provider-view/1750130118,2026-10-02
HSI00000929,Saint Josephs Health,system name: Saint Josephs Health,1316685332,"ST JOSEPH'S HEALTH PHARMACY, LLC",,False,"Pharmacy, Community/Retail Pharmacy","225 MINNISINK ROAD, STE 1062",TOTOWA,NJ,07512,Ambulatory Pharmacy Coordinator,A,2025-09-16,https://npiregistry.cms.hhs.gov/provider-view/1316685332,2026-10-02
HSI00000929,Saint Josephs Health,system name: Saint Josephs Health,1942831599,"ST JOSEPHS HEALTH PHARMACY, LLC",ST JOSEPHS HEALTH PHARMACY,False,"Pharmacy, Community/Retail Pharmacy",703 MAIN ST STE 120,PATERSON,NJ,07503,Director of Retail and Specialty Ph,A,2025-09-16,https://npiregistry.cms.hhs.gov/provider-view/1942831599,2026-10-02
HSI00000929,Saint Josephs Health,system name: Saint Josephs Health | member hospital: Saint Josephs Wayne Medical Center,1639766777,"ST JOSEPHS HEALTH PHARMACY, LLC",ST. JOSEPH'S HEALTH PHARMACY-WAYNE,False,"Pharmacy, Community/Retail Pharmacy",224 HAMBURG TPKE,WAYNE,NJ,07470,Director of Retail and Specialty Ph,A,2025-09-16,https://npiregistry.cms.hhs.gov/provider-view/1639766777,2026-10-02
HSI00000929,Saint Josephs Health,system name: Saint Josephs Health,1477304541,ST JOSEPHS UNIVERSITY MEDICAL CENTER INC.,ST. JOSEPH'S UNIVERSITY MEDICAL CENTER SPECIALTY PHARMACY,False,"Pharmacy, Community/Retail Pharmacy",703 MAIN STREET,PATERSON,NJ,07503,CEO,A,2024-03-28,https://npiregistry.cms.hhs.gov/provider-view/1477304541,2026-10-02
HSI00001075,The Childrens Hospital of Philadelphia,system name: The Childrens Hospital of Philadelphia,1548330350,CHILDRENS HOSPITAL OF PHILADELPHIA,,False,"Pharmacy, Home Infusion Therapy Pharmacy",3000 HORIZON DR,KING OF PRUSSIA,PA,19406,VP Revenue Cycle,A,2026-09-24,https://npiregistry.cms.hhs.gov/provider-view/1548330350,2026-10-02
HSI00001075,The Childrens Hospital of Philadelphia,system name: The Childrens Hospital of Philadelphia,1982325361,THE CHILDREN'S HOSPITAL OF PHILADELPHIA,CHILDREN'S HOSPITAL HOME CARE,True,"Pharmacy, Specialty Pharmacy",3000 HORIZON DR,KING OF PRUSSIA,PA,19406,"Director, Specialty Pharmacy",A,2022-09-06,https://npiregistry.cms.hhs.gov/provider-view/1982325361,2026-10-02
HSI00000471,Hendrick Health System,system name: Hendrick Health System | member hospital: Hendrick Medical Center South | member hospital: Hendrick Medical Center,1497403661,HENDRICK MEDICAL CENTER,HENDRICK MEDICAL CENTER SOUTH OUTPATIENT PHARMACY,False,"Pharmacy, Community/Retail Pharmacy",6250 US HIGHWAY 83,ABILENE,TX,79606,"Director, Financial Analysis",A,2023-03-16,https://npiregistry.cms.hhs.gov/provider-view/1497403661,2026-10-02
HSI00000471,Hendrick Health System,system name: Hendrick Health System | member hospital: Hendrick Medical Center | address = member hospital: Hendrick Medical Center,1073198156,HENDRICK MEDICAL CENTER,HENDRICK MEDICAL CENTER OUTPATIENT PHARMACY,False,"Pharmacy, Community/Retail Pharmacy",1900 PINE ST,ABILENE,TX,79601,CFO,A,2025-12-22,https://npiregistry.cms.hhs.gov/provider-view/1073198156,2026-10-02
HSI00000193,CentraCare,system name: CentraCare,1578128021,ST CLOUD HOSPITAL,CENTRACARE - ST. CLOUD HOSPITAL SPECIALTY PHARMACY; CENTRACARE PHARMACY HEALTH PLAZA,True,"Pharmacy, Specialty Pharmacy",1900 CENTRACARE CIRCLE,ST. CLOUD,MN,56303,Vice President,A,2021-05-14,https://npiregistry.cms.hhs.gov/provider-view/1578128021,2026-10-02
HSI00001004,Southcoast Health System,system name: Southcoast Health System | member hospital: Southcoast Hospitals Group  Inc,1922349604,SOUTHCOAST HOSPITALS GROUP INC,SOUTHCOAST PHARMACY,False,"Pharmacy, Community/Retail Pharmacy",208 MILL RD,FAIRHAVEN,MA,02719,Manager,A,2013-06-14,https://npiregistry.cms.hhs.gov/provider-view/1922349604,2026-10-02
HSI00001004,Southcoast Health System,system name: Southcoast Health System | member hospital: Southcoast Hospitals Group  Inc,1568876589,"SOUTHCOAST HOSPITALS GROUP, INC",SOUTHCOAST SPECIALTY PHARMACY,False,"Pharmacy, Community/Retail Pharmacy",206 MILL RD,FAIRHAVEN,MA,02719,EVP-Chief Financial Officer,A,2023-08-17,https://npiregistry.cms.hhs.gov/provider-view/1568876589,2026-10-02
HSI00000819,Penn Highlands Healthcare,system name: Penn Highlands Healthcare | member hospital: Highlands Hospital,1992565121,DUBOIS REGIONAL MEDICAL CENTER,PENN HIGHLANDS DUBOIS; PENN HIGHLANDS SPECIALTY PHARMACY,True,"Pharmacy, Specialty Pharmacy",720 S MAIN ST,DU BOIS,PA,15801,Retail Pharmacy Director,A,2025-02-21,https://npiregistry.cms.hhs.gov/provider-view/1992565121,2026-10-02
HSI00000819,Penn Highlands Healthcare,system name: Penn Highlands Healthcare | member hospital: Highlands Hospital,1366900458,DUBOIS REGIONAL MEDICAL CENTER,PENN HIGHLANDS DUBOIS,False,Pharmacy,250 W MAIN ST,RIDGWAY,PA,15853,Director,A,2025-02-14,https://npiregistry.cms.hhs.gov/provider-view/1366900458,2026-10-02
HSI00000819,Penn Highlands Healthcare,system name: Penn Highlands Healthcare | member hospital: Highlands Hospital,1306094206,PENN HIGHLANDS HOME MEDICAL EQUIPMENT LLC,PENN HIGHLANDS HOME MEDICAL EQUIPMENT; PH HME KANE; PH HME LLC; PH HME PHARMACY; PH HME PHARMACY & HOME MEDICAL; SMP HOME MEDICAL KANE; SMP PHARMACY; SMP PHARMACY AND HOME MEDICAL,False,"Pharmacy, Community/Retail Pharmacy",190 N FRALEY ST,KANE,PA,16735,Director Retail Pharmacy Operations,A,2025-09-22,https://npiregistry.cms.hhs.gov/provider-view/1306094206,2026-10-02
HSI00000715,Munson Healthcare,system name: Munson Healthcare | member hospital: Munson Medical Center,1194425447,MUNSON MEDICAL CENTER,MUNSON HEALTHCARE SPECIALTY PHARMACY,True,"Pharmacy, Specialty Pharmacy",FOSTER FAMILY COMMUNITY HEALTH CENTER,TRAVERSE CITY,MI,49686,"VP, Ancillary Services",A,2023-12-29,https://npiregistry.cms.hhs.gov/provider-view/1194425447,2026-10-02
HSI00000530,John Muir Health,system name: John Muir Health | member hospital: John Muir Medical Center - Wc,1265202725,JOHN MUIR HEALTH,PAVILION PHARMACY AT JOHN MUIR HEALTH,False,"Pharmacy, Community/Retail Pharmacy",177 LA CASA VIA STE 270,WALNUT CREEK,CA,94598,Credentialing Coordinator,A,2025-03-07,https://npiregistry.cms.hhs.gov/provider-view/1265202725,2026-10-02
HSI00000621,Marshfield Clinic Health System,member hospital: Beaver Dam Community Hospitals,1588036826,BEAVER DAM HOMETOWN PHARMACY LLC,BEAVER DAM HOMETOWN PHARMACY,False,"Pharmacy, Community/Retail Pharmacy",609 N SPRING ST,BEAVER DAM,WI,53916,Owner,A,2025-09-08,https://npiregistry.cms.hhs.gov/provider-view/1588036826,2026-10-02
HSI00000621,Marshfield Clinic Health System,system name: Marshfield Clinic Health System | member hospital: Marshfield Medical Center,1952630857,MCHS HOSPITALS INC,MARSHFIELD CLINIC PHARMACY,True,"Pharmacy, Specialty Pharmacy",1000 N OAK AVE STE 101,MARSHFIELD,WI,54449,VP Revenue Cycle Operations,A,2026-08-05,https://npiregistry.cms.hhs.gov/provider-view/1952630857,2026-10-02
HSI00000139,Bronson Healthcare Group,system name: Bronson Healthcare Group | member hospital: Bronson Battle Creek,1740351907,BRONSON BATTLE CREEK HOSPITAL,BRONSON BATTLE CREEK OUTPATIENT PHARMACY,False,"Pharmacy, Community/Retail Pharmacy",363 FREMONT ST SUITE 111,BATTLE CREEK,MI,49017,SVP/CFO,A,2020-12-01,https://npiregistry.cms.hhs.gov/provider-view/1740351907,2026-10-02
HSI00000455,Hawaii Pacific Health,system name: Hawaii Pacific Health,1629836903,STRAUB CLINIC & HOSPITAL,HAWAII PACIFIC HEALTH SPECIALTY PHARMACY,True,"Pharmacy, Specialty Pharmacy",3375 KOAPAKA ST STE H400,HONOLULU,HI,96819,EVP & CFO,A,2024-03-11,https://npiregistry.cms.hhs.gov/provider-view/1629836903,2026-10-02
HSI00000455,Hawaii Pacific Health,system name: Hawaii Pacific Health,1295443216,STRAUB CLINIC & HOSPITAL,HAWAII PACIFIC HEALTH SPECIALTY PHARMACY,False,"Pharmacy, Community/Retail Pharmacy",3375 KOAPAKA ST STE H400,HONOLULU,HI,96819,EVP & CFO,A,2022-11-08,https://npiregistry.cms.hhs.gov/provider-view/1295443216,2026-10-02
HSI00000883,Riverside Health System,system name: Riverside Health System | member hospital: Riverside Regional Medical Center,1053041061,RIVERSIDE HOSPITAL INC,RIVERSIDE PHARMACY CHESAPEAKE,True,"Pharmacy, Specialty Pharmacy",110 WIMBLEDON SQ STE B,CHESAPEAKE,VA,23320,"Exec VP, CFO",A,2023-02-17,https://npiregistry.cms.hhs.gov/provider-view/1053041061,2026-10-02
HSI00000226,Emanate Health,system name: Emanate Health | member hospital: Emanate Health Medical Center,1174301022,EMANATE HEALTH MEDICAL CENTER,EMANATE HEALTH MEDICAL CENTER PHARMACY,False,"Pharmacy, Community/Retail Pharmacy",1135 S SUNSET AVE STE 104,WEST COVINA,CA,91790,President & CEO,A,2024-06-18,https://npiregistry.cms.hhs.gov/provider-view/1174301022,2026-10-02
HSI00001217,Valley Health,system name: Valley Health,1033536883,VALLEY INFUSION LLC,VALLEY VITAL CARE,False,"Pharmacy, Community/Retail Pharmacy",1115 W MAIN ST,WAYNESBORO,VA,22980,Owner/Pharmacist,A,2024-01-31,https://npiregistry.cms.hhs.gov/provider-view/1033536883,2026-10-02
HSI00001217,Valley Health,system name: Valley Health,1215746169,WINCHESTER MEDICAL CENTER,VALLEY HEALTH SPECIALTY PHARMACY,True,"Pharmacy, Specialty Pharmacy",2913 VALLEY AVE STE 125,WINCHESTER,VA,22601,Manager Insurance Credentialing,A,2025-01-06,https://npiregistry.cms.hhs.gov/provider-view/1215746169,2026-10-02
HSI00000166,Care New England Health System,system name: Care New England Health System,1720427271,"NEW ENGLAND HOME THERAPIES, INC.",BIOSCRIP INFUSION SERVICES,False,"Pharmacy, Home Infusion Therapy Pharmacy",410 HARRIS RD,SMITHFIELD,RI,02917,President & CFO,A,2022-04-12,https://npiregistry.cms.hhs.gov/provider-view/1720427271,2026-10-02
HSI00000166,Care New England Health System,system name: Care New England Health System,1417596792,CARE NEW ENGLAND PHARMACY LLC,,False,"Pharmacy, Community/Retail Pharmacy",455 TOLL GATE RD,WARWICK,RI,02886,EVP/CFO,A,2022-03-11,https://npiregistry.cms.hhs.gov/provider-view/1417596792,2026-10-02
HSI00000192,Centra Health,system name: Centra Health | member hospital: Centra Health | member hospital: Centra Specialty Hospital,1871080853,"CENTRA CANCER CENTER PHARMACY, LLC",CENTRA CANCER CENTER PHARMACY,False,"Pharmacy, Community/Retail Pharmacy",1701 THOMSON DR,LYNCHBURG,VA,24501,Chief Operating Officer,A,2025-05-16,https://npiregistry.cms.hhs.gov/provider-view/1871080853,2026-10-02
HSI00001043,Summa Health System,system name: Summa Health System | member hospital: Summa Health System | address = member hospital: Summa Health System,1972052611,AKRON REGIONAL HOSPITAL LLC,SUMMA HEALTH SYSTEM,False,"Pharmacy, Community/Retail Pharmacy",525 EAST MARKET STREET,AKRON,OH,44304,Director of Pharmacy Services,A,2025-12-17,https://npiregistry.cms.hhs.gov/provider-view/1972052611,2026-10-02
HSI00001043,Summa Health System,system name: Summa Health System | member hospital: Summa Health System,1326597063,AKRON REGIONAL HOSPITAL LLC,SUMMA HEALTH SYSTEM,False,"Pharmacy, Community/Retail Pharmacy",155 FIFTH STREET NE,BARBERTON,OH,44203,System Director Pharmacy,A,2025-12-17,https://npiregistry.cms.hhs.gov/provider-view/1326597063,2026-10-02
HSI00001060,Tallahassee Memorial Healthcare,system name: Tallahassee Memorial Healthcare | member hospital: Tallahassee Memorial Hospital,1447018890,"TALLAHASSEE MEMORIAL HEALTHCARE, INC.",TMH SPECIALTY PHARMACY,True,"Pharmacy, Specialty Pharmacy",1401 MICCOSUKEE RD STE 100-B,TALLAHASSEE,FL,32308,Director,A,2024-08-29,https://npiregistry.cms.hhs.gov/provider-view/1447018890,2026-10-02
HSI00001500,Childrens Hospital Colorado,system name: Childrens Hospital Colorado | member hospital: Childrens Hospital Colorado,1851942023,CHILDREN'S HOSPITAL COLORADO,CHILDREN'S COLORADO SPECIALTY PHARMACY,False,Pharmacy,860 N POTOMAC CIRCLE,AURORA,CO,80011,"VP, Chief Compliance Officer",A,2023-12-01,https://npiregistry.cms.hhs.gov/provider-view/1851942023,2026-10-02
HSI00000054,Asante Health System,system name: Asante Health System,1699426684,ASANTE,HEIMANN CANCER CENTER,True,"Pharmacy, Specialty Pharmacy",3011 EAST BARNETT RD,MEDFORD,OR,97504,Payer Contracting Program Manager,A,2022-01-12,https://npiregistry.cms.hhs.gov/provider-view/1699426684,2026-10-02
HSI00000054,Asante Health System,system name: Asante Health System,1063458313,"ASANTE HEALTH SYSTEMS, INC.",ASANTE PHARMACY,False,"Pharmacy, Community/Retail Pharmacy",2900 E. BARNETT RD. STE. 1,MEDFORD,OR,97504,Manager,A,2020-02-24,https://npiregistry.cms.hhs.gov/provider-view/1063458313,2026-10-02
HSI00000130,Boston Childrens Hospital,system name: Boston Childrens Hospital | member hospital: Childrens Hospital Corporation,1669142725,"BOSTON CHILDREN'S HEALTH SOLUTIONS RX, LLC",BOSTON CHILDREN'S PHARMACY,False,"Pharmacy, Community/Retail Pharmacy",283 LONGWOOD AVE,BOSTON,MA,02115,Senior VP and General Counsel,A,2021-10-29,https://npiregistry.cms.hhs.gov/provider-view/1669142725,2026-10-02
HSI00000130,Boston Childrens Hospital,system name: Boston Childrens Hospital | member hospital: Childrens Hospital Corporation,1285216127,"BOSTON CHILDREN'S HEALTH SOLUTIONS RX, LLC",,False,"Pharmacy, Community/Retail Pharmacy",283 LONGWOOD AVE,BOSTON,MA,02115,"Sr. VP, General Council",A,2025-10-09,https://npiregistry.cms.hhs.gov/provider-view/1285216127,2026-10-02
HSI00000130,Boston Childrens Hospital,system name: Boston Childrens Hospital | member hospital: Childrens Hospital Corporation,1821703943,BOSTON CHILDREN'S HEALTHSOLUTIONS RX,,True,"Pharmacy, Specialty Pharmacy",283 LONGWOOD AVE,BOSTON,MA,02115,"Sr. VP, General Council",A,2023-01-23,https://npiregistry.cms.hhs.gov/provider-view/1821703943,2026-10-02
HSI00000712,Mount Sinai Medical Center of Florida,system name: Mount Sinai Medical Center of Florida,1780987412,"MOUNT SINAI MEDICAL CENTER OF FLORIDA, INC.",MOUNT SINAI PHARMACY EXPRESS,False,"Pharmacy, Community/Retail Pharmacy",4310 ALTON RD,MIAMI BEACH,FL,33140,Pharmacy Director,A,2026-06-04,https://npiregistry.cms.hhs.gov/provider-view/1780987412,2026-10-02
HSI00001104,TriHealth,system name: TriHealth,1003588450,BETHESDA HOSPITAL INC,TRIHEALTH PHARMACY SOLUTIONS,True,"Pharmacy, Specialty Pharmacy",4623 WESLEY AVE STE N,CINCINNATI,OH,45212,Pharmacy Manager,A,2021-10-04,https://npiregistry.cms.hhs.gov/provider-view/1003588450,2026-10-02
HSI00001104,TriHealth,system name: TriHealth,1457858201,BETHESDA HOSPITAL INC,TRIHEALTH PHARMACY SOLUTIONS,True,"Pharmacy, Specialty Pharmacy",4623 WESLEY AVE STE N,CINCINNATI,OH,45212,Pharmacy Manager,A,2018-04-25,https://npiregistry.cms.hhs.gov/provider-view/1457858201,2026-10-02
HSI00000823,Phoebe Putney Health Systems,system name: Phoebe Putney Health Systems | member hospital: Phoebe Putney Memorial Hospital,1891315420,PHOEBE PUTNEY MEMORIAL HOSPITAL INC,PHOEBE SPECIALTY PHARMACY,False,"Pharmacy, Community/Retail Pharmacy",425 W 3RD AVE STE 100,ALBANY,GA,31701,REIMBURSEMENT,A,2025-07-16,https://npiregistry.cms.hhs.gov/provider-view/1891315420,2026-10-02
HSI00000927,Saint Josephs Candler Health System,member hospital: Candler Hospital  Inc,1942383674,CANDLER HOSPITAL INCORPORATED,CANDLER PRESCRIPTION CENTER,False,"Pharmacy, Community/Retail Pharmacy",5354 REYNOLDS ST STE 103,SAVANNAH,GA,31405,President/CEO,A,2025-09-17,https://npiregistry.cms.hhs.gov/provider-view/1942383674,2026-10-02
HSI00000208,Childrens Health,system name: Childrens Health | address = member hospital: Childrens Medical Center Of Dallas,1871448720,CHILDREN'S HEALTH SYSTEM OF TEXAS,,True,"Pharmacy, Specialty Pharmacy",1935 MEDICAL DISTRICT DR STE C1270,DALLAS,TX,75235,CFO,A,2026-03-05,https://npiregistry.cms.hhs.gov/provider-view/1871448720,2026-10-02
HSI00000208,Childrens Health,system name: Childrens Health,1982439576,COOK CHILDREN'S MEDICAL CENTER,"COOK CHILDREN'S RETAIL PHARMACY - DODSON, SPECIALTY",True,"Pharmacy, Specialty Pharmacy",1500 COOPER ST STE 1541,FORT WORTH,TX,76104,Chief Financial Officer,A,2025-02-21,https://npiregistry.cms.hhs.gov/provider-view/1982439576,2026-10-02
HSI00000208,Childrens Health,system name: Childrens Health,1326638479,DRISCOLL CHILDREN'S HOSPITAL,DRISCOLL HEALTH PHARMACY,False,"Pharmacy, Community/Retail Pharmacy",3533 S ALAMEDA ST,CORPUS CHRISTI,TX,78411,President & CEO,A,2024-11-19,https://npiregistry.cms.hhs.gov/provider-view/1326638479,2026-10-02
HSI00000208,Childrens Health,system name: Childrens Health,1568451763,METHODIST CHILDREN'S HOSPITAL,COVENANT HOME INFUSION,False,"Pharmacy, Home Infusion Therapy Pharmacy",7509 MARSHA SHARP FWY STE 101,LUBBOCK,TX,79407,Assistant Secretary of Enrollments,A,2026-04-01,https://npiregistry.cms.hhs.gov/provider-view/1568451763,2026-10-02
HSI00000208,Childrens Health,system name: Childrens Health,1386278406,TEXAS CHILDREN'S HOSPITAL,TEXAS CHILDREN'S HOSPITAL - SPECIALTY PHARMACY,False,"Pharmacy, Community/Retail Pharmacy",12613 CITYPARK DR STE 200,MISSOURI CITY,TX,77489,CFO,A,2026-04-01,https://npiregistry.cms.hhs.gov/provider-view/1386278406,2026-10-02
HSI00000208,Childrens Health,system name: Childrens Health,1508615048,TEXAS CHILDREN'S HOSPITAL,TEXAS CHILDREN'S INFUSION PHARMACY,False,"Pharmacy, Community/Retail Pharmacy",12613 CITYPARK DR,MISSOURI CITY,TX,77489,CFO,A,2025-10-10,https://npiregistry.cms.hhs.gov/provider-view/1508615048,2026-10-02
HSI00000208,Childrens Health,system name: Childrens Health,1891971222,TEXAS CHILDREN'S HOSPTIAL PHARMACY,,False,"Pharmacy, Institutional Pharmacy",6621 FANNIN ST STE WB1120,HOUSTON,TX,77030,"Executive VP, CFO",A,2021-12-10,https://npiregistry.cms.hhs.gov/provider-view/1891971222,2026-10-02
HSI00000273,Cook Childrens Health Care System,system name: Cook Childrens Health Care System | member hospital: Cook Childrens Medical Center,1982439576,COOK CHILDREN'S MEDICAL CENTER,"COOK CHILDREN'S RETAIL PHARMACY - DODSON, SPECIALTY",True,"Pharmacy, Specialty Pharmacy",1500 COOPER ST STE 1541,FORT WORTH,TX,76104,Chief Financial Officer,A,2025-02-21,https://npiregistry.cms.hhs.gov/provider-view/1982439576,2026-10-02
HSI00000933,Saint Lukes Episcopal Presbyterian Hospital,member hospital: St. Lukes Hospital,1023860962,SAINT LUKE'S HEALTH SYSTEM HOME CARE AND HOSPICE,SAINT LUKE'S ADVANCED CARE PHARMACY,True,"Pharmacy, Specialty Pharmacy",10920 ELM AVE,KANSAS CITY,MO,64134,Vice President,A,2025-12-17,https://npiregistry.cms.hhs.gov/provider-view/1023860962,2026-10-02
HSI00000933,Saint Lukes Episcopal Presbyterian Hospital,member hospital: St. Lukes Hospital,1588457923,ST LUKES HOSPITAL OF KANSAS CITY,SANT LUKE'S SPECIALTY PHARMACY,True,"Pharmacy, Specialty Pharmacy",10920 ELM AVE,KANSAS CITY,MO,64134,Vice President,A,2025-07-23,https://npiregistry.cms.hhs.gov/provider-view/1588457923,2026-10-02
HSI00000933,Saint Lukes Episcopal Presbyterian Hospital,member hospital: St. Lukes Hospital,1952297921,ST LUKES HOSPITAL OF KANSAS CITY,SANT LUKE'S SPECIALTY PHARMACY,False,"Pharmacy, Community/Retail Pharmacy",10920 ELM AVE,KANSAS CITY,MO,64134,Vice President,A,2025-07-23,https://npiregistry.cms.hhs.gov/provider-view/1952297921,2026-10-02
HSI00000933,Saint Lukes Episcopal Presbyterian Hospital,member hospital: St. Lukes Hospital | address = member hospital: St. Lukes Hospital,1639738438,"VAN AMBURG & BUSIEK MD'S, LLC",ST LUKE'S ACUTE CARE PHARMACY,False,Pharmacy,232 S WOODSMILL ROAD,CHESTERFIELD,MO,63017,Pharmacist in Charge (PIC),A,2019-06-06,https://npiregistry.cms.hhs.gov/provider-view/1639738438,2026-10-02
HSI00001039,Stormont Vail Health,system name: Stormont Vail Health | member hospital: Stormont-Vail Regional Health Center,1992450878,"STORMONT-VAIL PHARMACY, LLC",,True,"Pharmacy, Specialty Pharmacy",830 SW LANE ST STE B,TOPEKA,KS,66606,Director,A,2025-10-24,https://npiregistry.cms.hhs.gov/provider-view/1992450878,2026-10-02
HSI00000131,Boston Medical Center,system name: Boston Medical Center | member hospital: Boston Medical Center,1669142725,"BOSTON CHILDREN'S HEALTH SOLUTIONS RX, LLC",BOSTON CHILDREN'S PHARMACY,False,"Pharmacy, Community/Retail Pharmacy",283 LONGWOOD AVE,BOSTON,MA,02115,Senior VP and General Counsel,A,2021-10-29,https://npiregistry.cms.hhs.gov/provider-view/1669142725,2026-10-02
HSI00000131,Boston Medical Center,system name: Boston Medical Center | member hospital: Boston Medical Center,1285216127,"BOSTON CHILDREN'S HEALTH SOLUTIONS RX, LLC",,False,"Pharmacy, Community/Retail Pharmacy",283 LONGWOOD AVE,BOSTON,MA,02115,"Sr. VP, General Council",A,2025-10-09,https://npiregistry.cms.hhs.gov/provider-view/1285216127,2026-10-02
HSI00000131,Boston Medical Center,system name: Boston Medical Center | member hospital: Boston Medical Center,1821703943,BOSTON CHILDREN'S HEALTHSOLUTIONS RX,,True,"Pharmacy, Specialty Pharmacy",283 LONGWOOD AVE,BOSTON,MA,02115,"Sr. VP, General Council",A,2023-01-23,https://npiregistry.cms.hhs.gov/provider-view/1821703943,2026-10-02
HSI00000131,Boston Medical Center,system name: Boston Medical Center | member hospital: Boston Medical Center,1487631644,BOSTON HOME INFUSION INC,"BOSTON HOME INFUSION; PROMPTCARE HOME INFUSION, LLC",False,Pharmacy,30 BUCKLEY RD,STOUGHTON,MA,02072,Chief Compliance Officer,A,2024-08-09,https://npiregistry.cms.hhs.gov/provider-view/1487631644,2026-10-02
HSI00000131,Boston Medical Center,system name: Boston Medical Center | member hospital: Boston Medical Center,1568252500,BOSTON MEDICAL CENTER CORPORATION,CORNERSTONE HEALTH SOLUTIONS,False,Pharmacy,41 TEED DR,RANDOLPH,MA,02368,President,A,2026-09-02,https://npiregistry.cms.hhs.gov/provider-view/1568252500,2026-10-02
HSI00000131,Boston Medical Center,system name: Boston Medical Center | member hospital: Boston Medical Center,1003703281,BOSTON MEDICAL CENTER CORPORATION,CORNERSTONE HEALTH SOLUTIONS,False,"Pharmacy, Home Infusion Therapy Pharmacy",41 TEED DR,RANDOLPH,MA,02368,President,A,2026-08-22,https://npiregistry.cms.hhs.gov/provider-view/1003703281,2026-10-02
HSI00000131,Boston Medical Center,system name: Boston Medical Center | member hospital: Boston Medical Center,1740179696,BOSTON MEDICAL CENTER CORPORATION,CORNERSTONE HEALTH SOLUTIONS,False,Pharmacy,41 TEED DR,RANDOLPH,MA,02368,President,A,2026-09-02,https://npiregistry.cms.hhs.gov/provider-view/1740179696,2026-10-02
HSI00000131,Boston Medical Center,system name: Boston Medical Center | member hospital: Boston Medical Center,1942819164,BOSTON MEDICAL CENTER CORPORATION,CORNERSTONE HEALTH SOLUTIONS - SPECIALTY,False,Pharmacy,41 TEED DR,RANDOLPH,MA,02368,VP & Chief Pharmacy Officer,A,2026-09-02,https://npiregistry.cms.hhs.gov/provider-view/1942819164,2026-10-02
HSI00000131,Boston Medical Center,system name: Boston Medical Center | member hospital: Boston Medical Center,1457064388,BOSTON MEDICAL CENTER CORPORATION,,True,"Pharmacy, Specialty Pharmacy",20 MAVERICK SQ,EAST BOSTON,MA,02128,Contracting and Credentialing Analy,A,2023-01-05,https://npiregistry.cms.hhs.gov/provider-view/1457064388,2026-10-02
HSI00000131,Boston Medical Center,system name: Boston Medical Center | member hospital: Boston Medical Center,1710635248,BOSTON MEDICAL CENTER CORPORATION,CORNERSTONE HEALTH SOLUTIONS - SPECIALTY 2,False,Pharmacy,41 TEED DR,RANDOLPH,MA,02368,VP & Chief Pharmacy Officer,A,2026-09-02,https://npiregistry.cms.hhs.gov/provider-view/1710635248,2026-10-02
HSI00000131,Boston Medical Center,system name: Boston Medical Center | member hospital: Boston Medical Center,1891445615,BOSTON MEDICAL CENTER CORPORATION,BMC PHARMACY AT SHAPIRO - SPECIALTY,False,"Pharmacy, Community/Retail Pharmacy",725 ALBANY ST,BOSTON,MA,02118,Director of Revenue,A,2026-09-02,https://npiregistry.cms.hhs.gov/provider-view/1891445615,2026-10-02
HSI00000430,Guthrie Healthcare System,system name: Guthrie Healthcare System,1730982596,"OUR LADY OF LOURDES MEMORIAL HOSPITAL, INC.",GUTHRIE JOHNSON CITY PAVILION SPECIALTY PHARMACY,True,"Pharmacy, Specialty Pharmacy",501 REYNOLDS RD,JOHNSON CITY,NY,13790,Outpatient Pharmacy Manager,A,2025-06-23,https://npiregistry.cms.hhs.gov/provider-view/1730982596,2026-10-02
HSI00000089,Baton Rouge General Health System,system name: Baton Rouge General Health System | member hospital: Baton Rouge General,1235098203,"BATON ROUGE CLINIC, A MEDICAL CORPORATION",,False,Pharmacy,7373 PERKINS RD,BATON ROUGE,LA,70808,CFO / Administrator,A,2026-01-16,https://npiregistry.cms.hhs.gov/provider-view/1235098203,2026-10-02
HSI00000089,Baton Rouge General Health System,system name: Baton Rouge General Health System | member hospital: Baton Rouge General,1841956497,OCHSNER PHARMACY AND WELLNESS LLC,OCHSNER SPECIALTY PHARMACY - BATON ROUGE,False,"Pharmacy, Community/Retail Pharmacy",11200 INDUSTRIPLEX BLVD STE 160,BATON ROUGE,LA,70809,VP Retail & Specialty Pharmacy,A,2022-06-28,https://npiregistry.cms.hhs.gov/provider-view/1841956497,2026-10-02
HSI00000089,Baton Rouge General Health System,system name: Baton Rouge General Health System | member hospital: Baton Rouge General,1619992427,"SOILEAU'S VITAL CARE, INC.",VITAL CARE OF BATON ROUGE,False,Home Infusion,7612 PICARDY AVE,BATON ROUGE,LA,70808,Owner/Secretary,A,2025-07-21,https://npiregistry.cms.hhs.gov/provider-view/1619992427,2026-10-02
HSI00000171,Caromont Health System,address = member hospital: Gaston Memorial Hospital,1508770595,"GASTON MEMORIAL HOSPITAL, INC",,True,"Pharmacy, Specialty Pharmacy",2525 COURT DR,GASTONIA,NC,28054,CEO,A,2026-09-30,https://npiregistry.cms.hhs.gov/provider-view/1508770595,2026-10-02
HSI00000207,Childrens Minnesota,system name: Childrens Minnesota | member hospital: Childrens Health Care | member hospital: Childrens Hospitals And Clinics Minnesota,1164122065,CHILDREN'S HEALTH CARE,CHILDREN'S HOSPITALS AND CLINICS OF MINNESOTA,True,"Pharmacy, Specialty Pharmacy",2530 CHICAGO AVE SOUTH,MINNEAPOLIS,MN,55404,Director Pharmacy Services,A,2023-03-08,https://npiregistry.cms.hhs.gov/provider-view/1164122065,2026-10-02
HSI00000207,Childrens Minnesota,system name: Childrens Minnesota | member hospital: Childrens Health Care | member hospital: Childrens Hospitals And Clinics Minnesota,1558061465,CHILDREN'S HEALTH CARE,CHILDREN'S HOSPITALS AND CLINICS OF MINNESOTA,True,"Pharmacy, Specialty Pharmacy",2530 CHICAGO AVE SOUTH,MINNEAPOLIS,MN,55404,Director Pharmacy Services,A,2023-03-08,https://npiregistry.cms.hhs.gov/provider-view/1558061465,2026-10-02
HSI00000207,Childrens Minnesota,member hospital: Childrens Health Care,1659609972,CHILDREN'S HEALTH CARE,CHILDREN'S HOME INFUSION SPECIALTY PHARMACY,True,"Pharmacy, Specialty Pharmacy",2530 CHICAGO AVENUE SOUTH,MINNEAPOLIS,MN,55404,Sr. VP and Chief Financial Officer,A,2022-10-31,https://npiregistry.cms.hhs.gov/provider-view/1659609972,2026-10-02
HSI00000365,FirstHealth of the Carolinas,system name: FirstHealth of the Carolinas | address = member hospital: Firsthealth Moore Regional Hospital,1467130955,"FIRSTHEALTH OF THE CAROLINAS, INC",FIRSTHEALTH OUTPATIENT PHARMACY,False,Pharmacy,155 MEMORIAL DR,PINEHURST,NC,28374,CEO,A,2024-12-04,https://npiregistry.cms.hhs.gov/provider-view/1467130955,2026-10-02
HSI00000210,Childrens Hospital Los Angeles,system name: Childrens Hospital Los Angeles | member hospital: Childrens Hospital Los Angeles | address = member hospital: Childrens Hospital Los Angeles,1306274113,CHILDREN'S HOSPITAL LOS ANGELES,CHILDREN'S HOSPITAL LOS ANGELES SPECIALTY PHARMACY,True,"Pharmacy, Specialty Pharmacy",4650 W SUNSET BLVD RM 1503,LOS ANGELES,CA,90027,Sr.VP/CFO,A,2021-10-15,https://npiregistry.cms.hhs.gov/provider-view/1306274113,2026-10-02
HSI00000210,Childrens Hospital Los Angeles,system name: Childrens Hospital Los Angeles | member hospital: Childrens Hospital Los Angeles | address = member hospital: Childrens Hospital Los Angeles,1659552636,CHILDREN'S HOSPITAL LOS ANGELES,CHILDRENS HOSPITAL LOS ANGELES SPECIALTY PHARMACY,True,"Pharmacy, Specialty Pharmacy",4650 W SUNSET BLVD RM 1503,LOS ANGELES,CA,90027,Sr. VP/CFO,A,2021-10-21,https://npiregistry.cms.hhs.gov/provider-view/1659552636,2026-10-02
HSI00001138,United Health Services,system name: United Health Services,1740837806,"UNITED HEALTH SERVICES HOSPITALS, INC",,False,"Pharmacy, Community/Retail Pharmacy",345 MAIN ST STE A,JOHNSON CITY,NY,13790,Director of Pharmacy,A,2024-03-26,https://npiregistry.cms.hhs.gov/provider-view/1740837806,2026-10-02
HSI00000065,Aultman Health Foundation,system name: Aultman Health Foundation | member hospital: Aultman Hospital | member hospital: Aultman Specialty Hospital,1467177485,AULTMAN HOSPITAL,AULTMAN SPECIALTY PHARMACY,False,"Pharmacy, Community/Retail Pharmacy",2500 WALES AVE NW STE B,MASSILLON,OH,44646,CFO,A,2024-03-18,https://npiregistry.cms.hhs.gov/provider-view/1467177485,2026-10-02
HSI00000211,Akron Childrens Hospital,system name: Akron Childrens Hospital | member hospital: Childrens Hospital Medical Center,1841916905,CHILDREN'S HOSPITAL MEDICAL CENTER OF AKRON,SPECIALTY PHARMACY,True,"Pharmacy, Specialty Pharmacy",215 W BOWERY ST,AKRON,OH,44308,Director Reimbursement,A,2022-10-19,https://npiregistry.cms.hhs.gov/provider-view/1841916905,2026-10-02
HSI00000211,Akron Childrens Hospital,system name: Akron Childrens Hospital | member hospital: Childrens Hospital Medical Center,1134918394,CHILDREN'S HOSPITAL MEDICAL CENTER OF AKRON,,True,"Pharmacy, Specialty Pharmacy",6505 MARKET ST STE A1310,BOARDMAN,OH,44512,Chief Financial Officer,A,2025-05-05,https://npiregistry.cms.hhs.gov/provider-view/1134918394,2026-10-02
HSI00000211,Akron Childrens Hospital,member hospital: Childrens Hospital Medical Center,1255942868,DAYTON CHILDREN'S HOSPITAL,DAYTON CHILDREN'S HOSPITAL SPECIALTY PHARMACY,False,"Pharmacy, Community/Retail Pharmacy",1 CHILDRENS PLZ,DAYTON,OH,45404,"CFO, VP Finance",A,2022-06-30,https://npiregistry.cms.hhs.gov/provider-view/1255942868,2026-10-02
HSI00000211,Akron Childrens Hospital,member hospital: Childrens Hospital Medical Center,1235866203,NATIONWIDE CHILDREN'S HOSPITAL,,True,"Pharmacy, Specialty Pharmacy",700 CHILDRENS DR,COLUMBUS,OH,43205,"Director, Revenue Cycle",A,2022-08-01,https://npiregistry.cms.hhs.gov/provider-view/1235866203,2026-10-02
HSI00000211,Akron Childrens Hospital,member hospital: Childrens Hospital Medical Center,1134152986,NATIONWIDE CHILDREN'S HOSPITAL,,False,General Acute Care Hospital,700 CHILDRENS DR,COLUMBUS,OH,43205,CFO and Senior VP,A,2026-09-21,https://npiregistry.cms.hhs.gov/provider-view/1134152986,2026-10-02
HSI00000211,Akron Childrens Hospital,member hospital: Childrens Hospital Medical Center,1679977060,NATIONWIDE CHILDREN'S HOSPITAL PHARMACY,,False,Pharmacy,700 CHILDRENS DR,COLUMBUS,OH,43205,CFO and Senior VP,A,2023-12-15,https://npiregistry.cms.hhs.gov/provider-view/1679977060,2026-10-02
HSI00001082,The Methodist Hospitals,system name: The Methodist Hospitals | member hospital: Methodist Hospitals  Inc | address = member hospital: Methodist Hospitals  Inc,1932672888,"THE METHODIST HOSPITALS, INC",D/B/A METHODIST HOSPITALS NORTHLAKE OUTPATIENT PHARMACY,False,Pharmacy,600 GRANT ST,GARY,IN,46402,President and CEO,A,2019-01-03,https://npiregistry.cms.hhs.gov/provider-view/1932672888,2026-10-02
HSI00000428,Gundersen Health System,system name: Gundersen Health System | member hospital: Gundersen Lutheran Medical Center  I,1285351429,GUNDERSEN CLINIC LTD,GUNDERSEN LUTHERAN CLINIC PHARMACY; GUNDERSEN SPECIALTY PHARMACY-LA CROSSE CLINIC,True,"Pharmacy, Specialty Pharmacy",1836 SOUTH AVE,LA CROSSE,WI,54601,VP Cross-Functional Care,A,2025-07-04,https://npiregistry.cms.hhs.gov/provider-view/1285351429,2026-10-02
HSI00000802,Owensboro Health,system name: Owensboro Health | member hospital: Owensboro Health Regional Hospital,1912724238,"OWENSBORO HEALTH, INC",OWENSBORO HEALTH SPECIALTY PHARMACY,False,"Pharmacy, Community/Retail Pharmacy",2200 EAST PARRISH AVE BLDG C,OWENSBORO,KY,42303,CFO,A,2024-09-26,https://npiregistry.cms.hhs.gov/provider-view/1912724238,2026-10-02
HSI00000283,Cottage Health System,system name: Cottage Health System | member hospital: Santa Barbara Cottage Hospital,1790659514,SANTA BARBARA COTTAGE HOSPITAL,COTTAGE SPECIALTY PHARMACY,True,"Pharmacy, Specialty Pharmacy",400 W PUEBLO ST # 1785,SANTA BARBARA,CA,93105,SVP and CFO,A,2026-07-28,https://npiregistry.cms.hhs.gov/provider-view/1790659514,2026-10-02
HSI00000094,Bayhealth,system name: Bayhealth | address = member hospital: Bayhealth Hospital  Kent Campus,1831589597,"BAYHEALTH MEDICAL CENTER, INC.",BAYHEALTH AMBULATORY PHARMACY,False,Pharmacy,640 S STATE ST,DOVER,DE,19901,Pharmacy Manager,A,2018-08-15,https://npiregistry.cms.hhs.gov/provider-view/1831589597,2026-10-02
HSI00000987,Sinai Health System,system name: Sinai Health System | member hospital: Mount Sinai Hospital Medical Center,1689538738,MOUNT SINAI HOSPITAL MEDICAL CENTER,,True,"Pharmacy, Specialty Pharmacy",2750 W 15TH PL # C1120,CHICAGO,IL,60608,System Director of Ambulatory Pharm,A,2026-06-18,https://npiregistry.cms.hhs.gov/provider-view/1689538738,2026-10-02
HSI00000401,Glens Falls Hospital,system name: Glens Falls Hospital | member hospital: Glens Falls Hospital | address = member hospital: Glens Falls Hospital,1619990991,GLENS FALLS HOSPITAL INC,GLENS FALLS HOSPITAL COMMUNITY PHARMACY,False,"Pharmacy, Community/Retail Pharmacy",100 PARK ST,GLENS FALLS,NY,12801,Chief Financial Officer,A,2022-11-09,https://npiregistry.cms.hhs.gov/provider-view/1619990991,2026-10-02
HSI00000401,Glens Falls Hospital,system name: Glens Falls Hospital | member hospital: Glens Falls Hospital | address = member hospital: Glens Falls Hospital,1336800135,GLENS FALLS HOSPITAL INC,GLENS FALLS HOSPITAL SPECIALTY PHARMACY,False,"Pharmacy, Community/Retail Pharmacy",100 PARK STREET,GLENS FALLS,NY,12801,"Sr. Director, Physician Practice",A,2022-01-04,https://npiregistry.cms.hhs.gov/provider-view/1336800135,2026-10-02
HSI00000911,Saint Bernards Healthcare,system name: Saint Bernards Healthcare | member hospital: St Bernards Medical Center | address = member hospital: St Bernards Medical Center,1851263859,ST BERNARDS HOSPITAL INC,,True,"Pharmacy, Specialty Pharmacy",225 E WASHINGTON AVE,JONESBORO,AR,72401,CFO,A,2025-09-19,https://npiregistry.cms.hhs.gov/provider-view/1851263859,2026-10-02
HSI00000911,Saint Bernards Healthcare,system name: Saint Bernards Healthcare | member hospital: St Bernards Medical Center | address = member hospital: St Bernards Medical Center,1780556787,ST BERNARDS HOSPITAL INC,,True,"Pharmacy, Specialty Pharmacy",225 E WASHINGTON AVE,JONESBORO,AR,72401,CFO,A,2026-07-24,https://npiregistry.cms.hhs.gov/provider-view/1780556787,2026-10-02
HSI00001218,Valley Health System,system name: Valley Health System | member hospital: The Valley Hospital,1932206869,RARITAN VALLEY HEALTHCARE ENTERPRISES LLC,RARITAN VALLEY PHARMACY,False,"Pharmacy, Community/Retail Pharmacy",1055 ROUTE 202 N,BRANCHBURG,NJ,08876,President,A,2023-02-27,https://npiregistry.cms.hhs.gov/provider-view/1932206869,2026-10-02
HSI00001218,Valley Health System,system name: Valley Health System | member hospital: The Valley Hospital,1811477342,THE VALLEY HOSPITAL INC.,,False,"Pharmacy, Community/Retail Pharmacy",1400 MACARTHUR BLVD,MAHWAH,NJ,07430,Pharmacist In Charge,A,2021-01-19,https://npiregistry.cms.hhs.gov/provider-view/1811477342,2026-10-02
HSI00001218,Valley Health System,system name: Valley Health System | member hospital: The Valley Hospital,1104258045,VALLEY RX LLC,VALLEY PHARMACY,False,"Pharmacy, Community/Retail Pharmacy",791 HAMBURG TPKE,WAYNE,NJ,07470,pharmacist in charge,A,2025-03-27,https://npiregistry.cms.hhs.gov/provider-view/1104258045,2026-10-02
HSI00000824,Phoenix Childrens Hospital,system name: Phoenix Childrens Hospital | member hospital: Phoenix Childrens Hospital | address = member hospital: Phoenix Childrens Hospital,1386749836,PHOENIX CHILDREN'S HOSPITAL HOPE,,False,Pharmacy,1919 E THOMAS RD,PHOENIX,AZ,85016,"SVP, Managed Care & Payor Strategy",A,2025-09-02,https://npiregistry.cms.hhs.gov/provider-view/1386749836,2026-10-02
HSI00000969,Seattle Childrens Hospital Research and Foundation,member hospital: Seattle Childrens Hospital | address = member hospital: Seattle Childrens Hospital,1740164151,SEATTLE CHILDREN'S HOSPITAL,SEATTLE CHILDREN'S SPECIALTY PHARMACY,True,"Pharmacy, Specialty Pharmacy",4800 SAND POINT WAY NE,SEATTLE,WA,98105,"SVP, Revenue Cycle",A,2025-07-31,https://npiregistry.cms.hhs.gov/provider-view/1740164151,2026-10-02
HSI00000036,Ann and Robert H Lurie Childrens Hospital of Chicago,system name: Ann and Robert H Lurie Childrens Hospital of Chicago,1477420412,ANN & ROBERT H LURIE CHILDRENS HOSPITAL OF CHICAGO,LURIE CHILDREN'S SPECIALTY PHARMACY,False,"Pharmacy, Community/Retail Pharmacy",1895 ARBOR GLEN BLVD FL 3,SCHAUMBURG,IL,60195,"SVP, CFO & Treasurer",A,2025-10-28,https://npiregistry.cms.hhs.gov/provider-view/1477420412,2026-10-02
HSI00000036,Ann and Robert H Lurie Childrens Hospital of Chicago,system name: Ann and Robert H Lurie Childrens Hospital of Chicago,1912874959,ANN & ROBERT H LURIE CHILDRENS HOSPITAL OF CHICAGO,LURIE CHILDREN'S SPECIALTY PHARMACY,True,"Pharmacy, Specialty Pharmacy",1895 ARBOR GLEN BLVD FL 3,SCHAUMBURG,IL,60195,SVP CFO & Treasurer,A,2025-10-28,https://npiregistry.cms.hhs.gov/provider-view/1912874959,2026-10-02
HSI00000335,Eisenhower Health,system name: Eisenhower Health | member hospital: Eisenhower Medical Center | address = member hospital: Eisenhower Medical Center,1992613301,EISENHOWER MEDICAL CENTER,LUCY CURCI CANCER CENTER PHARMACY,True,"Pharmacy, Specialty Pharmacy",39000 BOB HOPE DR,RANCHO MIRAGE,CA,92270,Pharmacy Manager,A,2026-09-02,https://npiregistry.cms.hhs.gov/provider-view/1992613301,2026-10-02
HSI00000076,Baptist Health Care,system name: Baptist Health Care | member hospital: Baptist Hospital,1336811645,BAPTIST HEALTH PHARMACY #107 LLC,BAPTIST HEALTH PHARMACY #107,True,"Pharmacy, Specialty Pharmacy",1228 S PINE ISLAND RD STE 140,PLANTATION,FL,33324,CEO,A,2022-07-07,https://npiregistry.cms.hhs.gov/provider-view/1336811645,2026-10-02
HSI00000076,Baptist Health Care,system name: Baptist Health Care | member hospital: Baptist Hospital,1598351843,"BAPTIST HEALTH PHARMACY 102, LLC",,True,"Pharmacy, Specialty Pharmacy",6200 SUNSET DR STE 102,SOUTH MIAMI,FL,33143,CEO,A,2024-12-19,https://npiregistry.cms.hhs.gov/provider-view/1598351843,2026-10-02
HSI00000076,Baptist Health Care,system name: Baptist Health Care | member hospital: Baptist Hospital,1225624588,BAPTIST HEALTH PHARMACY 103 LLC,,True,"Pharmacy, Specialty Pharmacy",9555 SW 162ND AVE,MIAMI,FL,33196,CEO,A,2024-12-19,https://npiregistry.cms.hhs.gov/provider-view/1225624588,2026-10-02
HSI00000076,Baptist Health Care,system name: Baptist Health Care | member hospital: Baptist Hospital,1568546901,GREY DOG INC,BAPTIST MEDICAL ARTS PHARMACY,False,"Pharmacy, Community/Retail Pharmacy",8950 N KENDALL DR,MIAMI,FL,33176,RPh/PRESIDENT,A,2025-09-19,https://npiregistry.cms.hhs.gov/provider-view/1568546901,2026-10-02
HSI00000076,Baptist Health Care,system name: Baptist Health Care | member hospital: Baptist Hospital,1134082753,"SOUTHERN BAPTIST HOSPITAL OF FLORIDA, INC",BAPTIST SPECIALTY PHARMACY,False,"Pharmacy, Community/Retail Pharmacy",1301 PALM AVE STE 210,JACKSONVILLE,FL,32207,System Pharmacy Executive,A,2026-06-03,https://npiregistry.cms.hhs.gov/provider-view/1134082753,2026-10-02
HSI00000942,Saint Peters Healthcare System,system name: Saint Peters Healthcare System | member hospital: St. Peters University Hospital,1952289332,SAINT PETER'S UNIVERSITY HOSPITAL,SAINT PETER'S SPECIALTY PHARMACY,True,"Pharmacy, Specialty Pharmacy",562 EASTON AVE STE B,SOMERSET,NJ,08873,Director Payer Relations,A,2026-05-04,https://npiregistry.cms.hhs.gov/provider-view/1952289332,2026-10-02
HSI00000725,Nemours Childrens Health,system name: Nemours Childrens Health | member hospital: Nemours Childrens Hospital,1407620230,THE NEMOURS FOUNDATION,NEMOURS CHILDREN'S OUTPATIENT PHARMACY,False,"Pharmacy, Community/Retail Pharmacy",6535 NEMOURS PKWY,ORLANDO,FL,32827,Director of Pharmacy Services,A,2024-07-16,https://npiregistry.cms.hhs.gov/provider-view/1407620230,2026-10-02
HSI00000217,Childrens of Alabama,system name: Childrens of Alabama | member hospital: The Childrens Hospital Of Alabama,1477752814,ALABAMA DEPARTMENT OF REHABILITATION SERVICES,CHILDREN'S REHABILITATION SERVICE,True,"Pharmacy, Specialty Pharmacy",2129 E SOUTH BLVD,MONTGOMERY,AL,36116,Commissioner,A,2020-08-22,https://npiregistry.cms.hhs.gov/provider-view/1477752814,2026-10-02
HSI00000553,Kootenai Health,system name: Kootenai Health,1194345199,"KOOTENAI HEALTH, INC.",KOOTENAI HEALTH PHARMACY,False,"Pharmacy, Community/Retail Pharmacy",700 W IRONWOOD DR STE 159,COEUR D ALENE,ID,83814,CEO,A,2024-01-05,https://npiregistry.cms.hhs.gov/provider-view/1194345199,2026-10-02
HSI00000553,Kootenai Health,system name: Kootenai Health,1073835591,"KOOTENAI HEALTH, INC.",KOOTENAI CLINICS CANCER SERVICES PHARMACY,False,"Pharmacy, Clinic Pharmacy",700 W IRONWOOD DR,COEUR D ALENE,ID,83814,CEO,A,2024-01-05,https://npiregistry.cms.hhs.gov/provider-view/1073835591,2026-10-02
HSI00000697,Mohawk Valley Health System,system name: Mohawk Valley Health System,1578620795,NYS OFFICE OF MENTAL HEALTH,MOHAWK VALLEY PSYCHIATRIC CENTER,False,"Clinic/Center, Adult Mental Health",1400 NOYES ST,UTICA,NY,13502,"Director, Finance",A,2026-03-23,https://npiregistry.cms.hhs.gov/provider-view/1578620795,2026-10-02
HSI00000212,Childrens Hospital and Health System,system name: Childrens Hospital and Health System | member hospital: Childrens Hospital Of Wisconsin,1265453229,"CHILDREN'S HOSPITAL OF WISCONSIN, INC.",SKYWALK PHARMACY,False,"Pharmacy, Community/Retail Pharmacy",9000 W. WISCONSIN AVE.,MILWAUKEE,WI,53226,"Senior Vice President, CFO",A,2025-08-20,https://npiregistry.cms.hhs.gov/provider-view/1265453229,2026-10-02
HSI00000912,Saint Charles Health System,system name: Saint Charles Health System | member hospital: St Charles Medical Center,1619735925,"ST. CHARLES HEALTH SYSTEM, INC.",ST CHARLES SPECIALTY PHARMACY,False,"Pharmacy, Community/Retail Pharmacy",20876 NE TRITON PL STE 110,BEND,OR,97701,Chief Financial Officer,A,2026-04-03,https://npiregistry.cms.hhs.gov/provider-view/1619735925,2026-10-02
HSI00000975,Shannon Health System,system name: Shannon Health System | member hospital: Shannon Medical Center,1861182339,SHANNON MEDICAL CENTER,SHANNON SPECIALTY PHARMACY,False,"Pharmacy, Community/Retail Pharmacy",2030 PULLIAM ST STE 16,SAN ANGELO,TX,76905,CFO,A,2025-03-14,https://npiregistry.cms.hhs.gov/provider-view/1861182339,2026-10-02
HSI00000214,CHOC Childrens,system name: CHOC Childrens | address = member hospital: Childrens Hospital Of Orange Count,1407514094,CHILDREN'S HOSPITAL OF ORANGE COUNTY,CHOC SPECIALTY PHARMACY SERVICES,True,"Pharmacy, Specialty Pharmacy",1201 W LA VETA AVE,ORANGE,CA,92868,Exec. VP & CFO,A,2021-12-01,https://npiregistry.cms.hhs.gov/provider-view/1407514094,2026-10-02
HSI00000117,Blessing Health System,system name: Blessing Health System | member hospital: Blessing Hospital,1689378523,BLESSING HOSPITAL,BLESSING HEALTH SPECIALTY PHARMACY,False,"Pharmacy, Community/Retail Pharmacy",1005 BROADWAY ST RM 1952-304,QUINCY,IL,62301,CHIEF REVENUE CYCLE OFFICER,A,2023-12-06,https://npiregistry.cms.hhs.gov/provider-view/1689378523,2026-10-02
HSI00001423,Pikeville Medical Center,system name: Pikeville Medical Center | member hospital: Pikeville Medical Center | address = member hospital: Pikeville Medical Center,1619598901,PIKEVILLE MEDICAL CENTER INC.,PIKEVILLE MEDICAL CENTER SPECIALTY PHARMACY,True,"Pharmacy, Specialty Pharmacy",911 BYPASS ROAD,PIKEVILLE,KY,41501,Chief Financial Officer,A,2020-04-28,https://npiregistry.cms.hhs.gov/provider-view/1619598901,2026-10-02
HSI00001423,Pikeville Medical Center,system name: Pikeville Medical Center | member hospital: Pikeville Medical Center | address = member hospital: Pikeville Medical Center,1972178135,"PIKEVILLE MEDICAL CENTER, INC.",PIKEVILLE MEDICAL CENTER SPECIALTY PHARMACY,False,Durable Medical Equipment & Medical Supplies,911 BYPASS RD BUILDING E,PIKEVILLE,KY,41501,CFO,A,2022-03-21,https://npiregistry.cms.hhs.gov/provider-view/1972178135,2026-10-02
HSI00000818,TidalHealth Peninsula Regional,system name: TidalHealth Peninsula Regional | member hospital: Tidalhealth Peninsula Regional Inc | address = member hospital: Tidalhealth Peninsula Regional Inc,1871031559,"TIDALHEALTH PENINSULA REGIONAL, INC.",TIDALHEALTH SPECIALTY PHARMACY,False,"Pharmacy, Community/Retail Pharmacy",100 E. CARROLL STREET,SALISBURY,MD,21801,Sr. Director of Pharmacy,A,2025-12-02,https://npiregistry.cms.hhs.gov/provider-view/1871031559,2026-10-02
HSI00000161,Cape Cod Healthcare,system name: Cape Cod Healthcare | member hospital: Cape Cod Hospital,1225291875,NORTHEAST RX INC,CAPE COD HOME INFUSION SERVICES,False,Pharmacy,111B COUNTY RD,NORTH FALMOUTH,MA,02556,OWNER,A,2013-11-08,https://npiregistry.cms.hhs.gov/provider-view/1225291875,2026-10-02
HSI00000008,Adena Health System,system name: Adena Health System | member hospital: Adena Regional Medical Center | address = member hospital: Adena Regional Medical Center,1659647170,ADENA PHARMACY LLC,ADENA SPECIALTY AND HOME DELIVERY PHARMACY,False,"Pharmacy, Community/Retail Pharmacy",272 HOSPITAL RD STE G30,CHILLICOTHE,OH,45601,Outpatient Pharmacy Director,A,2026-04-20,https://npiregistry.cms.hhs.gov/provider-view/1659647170,2026-10-02
HSI00000045,Archbold Medical Center,system name: Archbold Medical Center | member hospital: John D. Archbold Memorial Hospital,1215709290,"JOHN D. ARCHBOLD MEMORIAL HOSPITAL, INC.",ARCHBOLD SPECIALTY PHARMACY,True,"Pharmacy, Specialty Pharmacy",2705 E PINETREE BLVD STE D,THOMASVILLE,GA,31792,AVP,A,2023-10-24,https://npiregistry.cms.hhs.gov/provider-view/1215709290,2026-10-02
HSI00001061,Tanner Health System,system name: Tanner Health System | member hospital: Tanner Medical Center | member hospital: Tanner Medical Center-Villa Rica,1043160575,"TMC/VILLA RICA HOSPITAL, INC",TANNER SPECIALTY PHARMACY,False,"Pharmacy, Community/Retail Pharmacy",300 GLEN EAGLE CT STE A,CARROLLTON,GA,30117,CFO,A,2026-02-03,https://npiregistry.cms.hhs.gov/provider-view/1043160575,2026-10-02
HSI00000920,Saint Francis Healthcare System,system name: Saint Francis Healthcare System | member hospital: Saint Francis Medical Center,1376397539,SAINT FRANCIS MEDICAL CENTER,SAINT FRANCIS SPECIALTY PHARMACY,True,"Pharmacy, Specialty Pharmacy",211 SAINT FRANCIS DRIVE,CAPE GIRARDEAU,MO,63703,"Director, MSS and Credentialing",A,2024-04-15,https://npiregistry.cms.hhs.gov/provider-view/1376397539,2026-10-02
HSI00000087,Bassett Healthcare Network,system name: Bassett Healthcare Network | member hospital: Mary Imogene Bassett Hospital,1174419196,MARY IMOGENE BASSETT HOSPITAL,FOXCARE PHARMACY,True,"Pharmacy, Specialty Pharmacy",1 FOXCARE DR STE 215,ONEONTA,NY,13820,Vice President Finance,A,2025-06-16,https://npiregistry.cms.hhs.gov/provider-view/1174419196,2026-10-02
HSI00000391,Genesis Healthcare System,system name: Genesis Healthcare System | member hospital: Genesis Healthcare System,1205786654,GENESIS HEALTHCARE SYSTEM,GENESIS SPECIALTY PHARMACY,True,"Pharmacy, Specialty Pharmacy",721 TAYLOR ST STE B,ZANESVILLE,OH,43701,CSO,A,2026-02-20,https://npiregistry.cms.hhs.gov/provider-view/1205786654,2026-10-02
HSI00000391,Genesis Healthcare System,system name: Genesis Healthcare System | member hospital: Genesis Healthcare System,1184284929,"GENESIS SPECIALTY PHARMACY, LLC",,True,"Pharmacy, Specialty Pharmacy",721 TAYLOR ST STE B,ZANESVILLE,OH,43701,CSO,A,2024-12-02,https://npiregistry.cms.hhs.gov/provider-view/1184284929,2026-10-02
HSI00000109,Berkshire Health Systems,system name: Berkshire Health Systems | member hospital: Berkshire Medical Center,1295119352,BERKSHIRE MEDICAL CENTER,BERKSHIRE COMMUNITY PHARMACY,False,"Pharmacy, Community/Retail Pharmacy",725 NORTH ST,PITTSFIELD,MA,01201,Pharmacy Manager,A,2018-10-10,https://npiregistry.cms.hhs.gov/provider-view/1295119352,2026-10-02
HSI00000109,Berkshire Health Systems,system name: Berkshire Health Systems | member hospital: Berkshire Medical Center,1295121861,BERKSHIRE MEDICAL CENTER INC.,BERKSHIRE COMMUNITY PHARMACY,False,"Pharmacy, Community/Retail Pharmacy",725 NORTH ST,PITTSFIELD,MA,01201,Pharmacy manager,A,2018-10-10,https://npiregistry.cms.hhs.gov/provider-view/1295121861,2026-10-02
HSI00000345,Enloe Medical Center,system name: Enloe Medical Center | member hospital: Enloe Medical Center,1588385454,ENLOE MEDICAL CENTER,ENLOE HEALTH SPECIALTY PHARMACY; ENLOE MEDICAL CENTER CANCER CENTER,False,"Pharmacy, Community/Retail Pharmacy",2390 E 20TH ST STE 1F60,CHICO,CA,95928,"Director, PFS/HIM",A,2026-09-24,https://npiregistry.cms.hhs.gov/provider-view/1588385454,2026-10-02
HSI00001533,Riverside Healthcare,system name: Riverside Healthcare | member hospital: Riverside Medical Center,1447963061,RIVERSIDE MEDICAL CENTER,RIVERSIDE SPECIALTY PHARMACY,False,"Pharmacy, Community/Retail Pharmacy",100 FITNESS DR,BOURBONNAIS,IL,60914,CFO,A,2022-12-28,https://npiregistry.cms.hhs.gov/provider-view/1447963061,2026-10-02
HSI00001143,United Regional Health Care System,system name: United Regional Health Care System | member hospital: United Regional Health Care System,1780047159,HURRICANE SPECIALTY PHARMACY,UNITED SPECIALTY PHARMACY,False,"Pharmacy, Community/Retail Pharmacy",230 CONQUEST,EDINBURG,TX,78539,Manager,A,2016-06-17,https://npiregistry.cms.hhs.gov/provider-view/1780047159,2026-10-02
HSI00001143,United Regional Health Care System,system name: United Regional Health Care System | member hospital: United Regional Health Care System,1922451442,HURRICANE SPECIALTY PHARMACY LLC,UNITED SPECIALTY PHARMACY,True,"Pharmacy, Specialty Pharmacy",230 CONQUEST STE H-2,EDINBURG,TX,78539,President,A,2016-11-18,https://npiregistry.cms.hhs.gov/provider-view/1922451442,2026-10-02
HSI00001419,Jupiter Medical Center,system name: Jupiter Medical Center | member hospital: Jupiter Medical Center,1285667584,"PDI PHARMACY SERVICES OF JUPITER, INC.",,False,Durable Medical Equipment & Medical Supplies,1001 JUPITER PARK DR.,JUPITER,FL,33458,PRESIDENT,A,2025-09-11,https://npiregistry.cms.hhs.gov/provider-view/1285667584,2026-10-02
HSI00000194,Centrastate Healthcare System,system name: Centrastate Healthcare System | member hospital: Centrastate Medical Center,1710425566,SPECIALTY SCRIPT FREEHOLD LLC,CENTRASTATE SPECIALTY SCRIPT,False,"Pharmacy, Community/Retail Pharmacy",901 W MAIN ST,FREEHOLD,NJ,07728,member/pharmacist,A,2017-02-01,https://npiregistry.cms.hhs.gov/provider-view/1710425566,2026-10-02
HSI00000444,Hamilton Health Care System,system name: Hamilton Health Care System | member hospital: Hamilton Medical Center,1215881040,"HAMILTON MEDICAL CENTER, INC.",HAMILTON SPECIALTY PHARMACY,False,"Pharmacy, Community/Retail Pharmacy",1107 MEMORIAL DR STE 101,DALTON,GA,30720,President and Chief Executive Offic,A,2026-02-26,https://npiregistry.cms.hhs.gov/provider-view/1215881040,2026-10-02
HSI00000444,Hamilton Health Care System,system name: Hamilton Health Care System | member hospital: Hamilton Medical Center,1598498099,"WECARE PHARMACY HAMILTON MILL, LLC",WECARE PHARMACY,False,"Pharmacy, Community/Retail Pharmacy",2590 HAMILTON MILL RD STE 103,BUFORD,GA,30519,Owner,A,2025-09-04,https://npiregistry.cms.hhs.gov/provider-view/1598498099,2026-10-02
HSI00000197,Central Maine Healthcare Corporation,system name: Central Maine Healthcare Corporation | member hospital: Central Maine Medical Center,1861844300,CENTRAL MAINE APOTHECARY VENTURES,CMMC PHARMACY-CENTER ST,False,Pharmacy,593 CENTER ST,AUBURN,ME,04210,Director OF Pharmacy,A,2017-01-18,https://npiregistry.cms.hhs.gov/provider-view/1861844300,2026-10-02
HSI00000197,Central Maine Healthcare Corporation,system name: Central Maine Healthcare Corporation | member hospital: Central Maine Medical Center,1861433765,CENTRAL MAINE MEDICAL CENTER,CMMC PHARMACY,False,"Pharmacy, Community/Retail Pharmacy",12 HIGH ST,LEWISTON,ME,04240,Pharmacy Manager,A,2016-07-14,https://npiregistry.cms.hhs.gov/provider-view/1861433765,2026-10-02
HSI00001407,The Brooklyn Hospital Center,system name: The Brooklyn Hospital Center | member hospital: The Brooklyn Hospital Center | address = member hospital: The Brooklyn Hospital Center,1962936229,THE BROOKLYN HOSPITAL CENTER,,True,"Pharmacy, Specialty Pharmacy",121 DEKALB AVE,BROOKLYN,NY,11201,Chief Pharmacotherapy Officer,A,2024-06-13,https://npiregistry.cms.hhs.gov/provider-view/1962936229,2026-10-02
HSI00000564,Lake Charles Memorial Health System,system name: Lake Charles Memorial Health System | member hospital: Lake Charles Memorial Hospital,1881349777,SOUTHWEST LOUISIANA HOSPITAL ASSOCIATION INC,LAKE CHARLES MEMORIAL SPECIALTY PHARMACY,False,"Pharmacy, Community/Retail Pharmacy",2770 3RD AVE STE 140,LAKE CHARLES,LA,70601,CFO,A,2023-12-04,https://npiregistry.cms.hhs.gov/provider-view/1881349777,2026-10-02
HSI00000581,Licking Memorial Health Systems,system name: Licking Memorial Health Systems | member hospital: Licking Memorial Hospital | address = member hospital: Licking Memorial Hospital,1073724522,LICKING MEMORIAL HEALTH SYSTEMS,LICKING MEMORIAL PHARMACY,True,"Pharmacy, Specialty Pharmacy",1320 W MAIN ST,NEWARK,OH,43055,CEO President,A,2023-11-01,https://npiregistry.cms.hhs.gov/provider-view/1073724522,2026-10-02
HSI00000581,Licking Memorial Health Systems,system name: Licking Memorial Health Systems | member hospital: Licking Memorial Hospital,1689458762,LICKING MEMORIAL HOSPITAL,LMH SPECIALTY PHARMACY,False,"Pharmacy, Community/Retail Pharmacy",1272 WEST MAIN STREET,NEWARK,OH,43055,"VP, Financial Services",A,2023-08-21,https://npiregistry.cms.hhs.gov/provider-view/1689458762,2026-10-02
HSI00000321,Driscoll Childrens Hospital,system name: Driscoll Childrens Hospital | member hospital: Driscoll Childrens Hospital | address = member hospital: Driscoll Childrens Hospital,1326638479,DRISCOLL CHILDREN'S HOSPITAL,DRISCOLL HEALTH PHARMACY,False,"Pharmacy, Community/Retail Pharmacy",3533 S ALAMEDA ST,CORPUS CHRISTI,TX,78411,President & CEO,A,2024-11-19,https://npiregistry.cms.hhs.gov/provider-view/1326638479,2026-10-02
HSI00000879,Richmond University Medical Center,system name: Richmond University Medical Center | member hospital: Richmond University Medical Center | address = member hospital: Richmond University Medical Center,1174900724,RICHMOND SPECIALTY SCRIPT INC.,RICHMOND PHARMACY,True,"Pharmacy, Specialty Pharmacy",355 BARD AVE,STATEN ISLAND,NY,10310,PRESIDENT,A,2021-12-14,https://npiregistry.cms.hhs.gov/provider-view/1174900724,2026-10-02
HSI00000755,Northbay Healthcare,system name: Northbay Healthcare | member hospital: Northbay Health Care Group | member hospital: Northbay Hospital Group,1942511399,NORTHBAY FAMILY COMPOUNDING PHARMACY LLC,,False,"Pharmacy, Compounding Pharmacy",690 E TABOR AVE,FAIRFIELD,CA,94533,CO-OWNER/PHARMACIST IN CHARGE,A,2010-06-30,https://npiregistry.cms.hhs.gov/provider-view/1942511399,2026-10-02
HSI00000755,Northbay Healthcare,system name: Northbay Healthcare | member hospital: Northbay Health Care Group | member hospital: Northbay Hospital Group,1558891325,NORTHBAY HEALTHCARE GROUP,NORTHBAY SPECIALTY PHARMACY,False,"Pharmacy, Community/Retail Pharmacy",1020 NUT TREE RD,VACAVILLE,CA,95687,"Senior Director, Revenue Cycle Mgmt",A,2022-07-21,https://npiregistry.cms.hhs.gov/provider-view/1558891325,2026-10-02
HSI00000215,Childrens Hospital of the Kings Daughters Health System,address = member hospital: Childrens Hospital Of The Kings Da,1932676129,HAGUE PHARMACY AT CHKD,HAGUE AT CHKD; PHARMACY AT CHKD; VRX3 LLC,False,"Pharmacy, Community/Retail Pharmacy",601 CHILDRENS LN,NORFOLK,VA,23507,COO,A,2020-11-12,https://npiregistry.cms.hhs.gov/provider-view/1932676129,2026-10-02
HSI00000266,Confluence Health,system name: Confluence Health | member hospital: Confluence Health | address = member hospital: Confluence Health,1225165509,CENTRAL WASHINGTON HEALTH SERVICES ASSOCIATION,CONFLUENCE HEALTH HOME INFUSION,False,Durable Medical Equipment & Medical Supplies,1201 S MILLER ST,WENATCHEE,WA,98801,CFO,A,2024-07-16,https://npiregistry.cms.hhs.gov/provider-view/1225165509,2026-10-02
HSI00000867,Redlands Community Hospital,system name: Redlands Community Hospital | member hospital: Redlands Community Hospital,1659550176,BROTHERS HEALTHCARE INC,BEEMAN'S REDLANDS PHARMACY,True,"Pharmacy, Specialty Pharmacy",11705 SLATE AVE STE 250,RIVERSIDE,CA,92505,Owner,A,2021-08-31,https://npiregistry.cms.hhs.gov/provider-view/1659550176,2026-10-02
HSI00001481,Southern Ohio Medical Center,system name: Southern Ohio Medical Center | member hospital: Southern Ohio Medical Center | address = member hospital: Southern Ohio Medical Center,1093751984,SOUTHERN OHIO MEDICAL CENTER,SOUTHERN OHIO MEDICAL CENTER PHARMACY,False,"Pharmacy, Institutional Pharmacy",1805 27TH ST,PORTSMOUTH,OH,45662,DIR OF PHCY,A,2016-08-19,https://npiregistry.cms.hhs.gov/provider-view/1093751984,2026-10-02
HSI00000236,Columbia Memorial Health,system name: Columbia Memorial Health | member hospital: Columbia Memorial Hospital,1356352918,TRUSTEES OF COLUMBIA UNIVERSITY,TRUSTEES OF COLUMBIA UNIV IN NY,False,"Pharmacy, Institutional Pharmacy",161 FT WASHINGTN AVE,NEW YORK,NY,10032,DIRECTOR OF CPMC RSCH PHCY,A,2016-05-13,https://npiregistry.cms.hhs.gov/provider-view/1356352918,2026-10-02
HSI00001319,Holland Hospital,system name: Holland Hospital | member hospital: Holland Hospital | address = member hospital: Holland Hospital,1922936020,HOLLAND COMMUNITY HOSPITAL,HOLLAND HOSPITAL INFUSION SERVICES,False,"Pharmacy, Home Infusion Therapy Pharmacy",602 MICHIGAN AVE,HOLLAND,MI,49423,Exec. VP and Chief Strategy Officer,A,2026-05-11,https://npiregistry.cms.hhs.gov/provider-view/1922936020,2026-10-02
HSI00000683,Middlesex Health System,system name: Middlesex Health System | member hospital: Middlesex Hospital,1093519183,MIDDLESEX HOSPITAL,MIDDLESEX HOSPITAL SPECIALTY PHARMACY,True,"Pharmacy, Specialty Pharmacy",536 SAYBROOK RD,MIDDLETOWN,CT,06457,CFO V.P.,A,2025-04-01,https://npiregistry.cms.hhs.gov/provider-view/1093519183,2026-10-02
HSI00000213,Childrens Hospital and Medical Center,system name: Childrens Hospital and Medical Center | member hospital: Childrens Hospital & Medical Center,1588344584,CHILDRENS HOSPITAL & MEDICAL CENTER,,True,"Pharmacy, Specialty Pharmacy",3000 S 84TH ST,OMAHA,NE,68124,President/CEO,A,2023-07-26,https://npiregistry.cms.hhs.gov/provider-view/1588344584,2026-10-02
HSI00000610,MaineGeneral Health,system name: MaineGeneral Health | member hospital: Mainegeneral Medical Center,1477344976,MAINEGENERAL MEDICAL CENTER,MAINEGENERAL PHARMACY,False,"Pharmacy, Community/Retail Pharmacy",149 NORTH ST STE 3,WATERVILLE,ME,04901,CFO,A,2025-05-14,https://npiregistry.cms.hhs.gov/provider-view/1477344976,2026-10-02
HSI00000952,Samaritan Health,system name: Samaritan Health | member hospital: Samaritan Medical Center,1447051305,SAMARITAN MEDICAL CENTER,SAMARITAN CARERX,False,"Pharmacy, Community/Retail Pharmacy",1308 WASHINGTON ST,WATERTOWN,NY,13601,CEO,A,2025-04-23,https://npiregistry.cms.hhs.gov/provider-view/1447051305,2026-10-02
HSI00000302,Dayton Childrens,system name: Dayton Childrens | member hospital: Dayton Childrens Hospital,1255942868,DAYTON CHILDREN'S HOSPITAL,DAYTON CHILDREN'S HOSPITAL SPECIALTY PHARMACY,False,"Pharmacy, Community/Retail Pharmacy",1 CHILDRENS PLZ,DAYTON,OH,45404,"CFO, VP Finance",A,2022-06-30,https://npiregistry.cms.hhs.gov/provider-view/1255942868,2026-10-02
HSI00000984,Signature Healthcare,system name: Signature Healthcare,1508513235,"BROCKTON HOSPITAL, INC.",SIGNATURE HEALTHCARE PHARMACY,True,"Pharmacy, Specialty Pharmacy",110 LIBERTY ST,BROCKTON,MA,02301,CEO,A,2023-08-02,https://npiregistry.cms.hhs.gov/provider-view/1508513235,2026-10-02
HSI00000984,Signature Healthcare,system name: Signature Healthcare,1033084462,"BROCKTON HOSPITAL, INC.",SIGNATURE HEALTHCARE PHARMACY - EB,False,"Pharmacy, Community/Retail Pharmacy",1 DONALDS WAY STE 101,EAST BRIDGEWATER,MA,02333,"Director, Medical Staff Services",A,2025-12-29,https://npiregistry.cms.hhs.gov/provider-view/1033084462,2026-10-02
HSI00000984,Signature Healthcare,system name: Signature Healthcare,1174232094,"SIGNATURE HEALTHCARE MEDICAL GROUP, INC.",,True,"Pharmacy, Specialty Pharmacy",110 LIBERTY ST STE B,BROCKTON,MA,02301,"Director, Medical Staff Services",A,2025-10-09,https://npiregistry.cms.hhs.gov/provider-view/1174232094,2026-10-02
HSI00000663,Mercy Medical Center,system name: Mercy Medical Center | member hospital: Mercy Medical Center,1982430047,"MERCY MEDICAL CENTER, INC.",MERCY MEDICAL CENTER OUTPATIENT PHARMACY,False,"Pharmacy, Community/Retail Pharmacy",227 ST PAUL PLACE,BALTIMORE,MD,21202,Executive Vice President,A,2025-04-08,https://npiregistry.cms.hhs.gov/provider-view/1982430047,2026-10-02
HSI00000490,Holzer Health System,system name: Holzer Health System | member hospital: Holzer,1104581214,HOLZER HOSPITAL FOUNDATION,HOLZER SPECIALTY PHARMACY,True,"Pharmacy, Specialty Pharmacy",448 JACKSON PIKE,GALLIPOLIS,OH,45631,Director of Credentialing,A,2021-11-03,https://npiregistry.cms.hhs.gov/provider-view/1104581214,2026-10-02
HSI00000271,Conway Medical Center,system name: Conway Medical Center | member hospital: Conway Hospital | address = member hospital: Conway Hospital,1245026061,"CONWAY HOSPITAL, INC.",CONWAY SPECIALTY PHARMACY,False,"Pharmacy, Community/Retail Pharmacy",300 SINGLETON RIDGE RD UNIT 104,CONWAY,SC,29526,Credentialing Specialist,A,2026-01-15,https://npiregistry.cms.hhs.gov/provider-view/1245026061,2026-10-02
HSI00000900,Rutland Regional Health Services,system name: Rutland Regional Health Services | member hospital: Rutland Regional Medical Center,1922048768,HIGH MOUNTAIN CORPORATION,RUTLAND PHARMACY,False,"Pharmacy, Community/Retail Pharmacy",75 ALLEN ST,RUTLAND,VT,05701,OWNER,A,2025-04-02,https://npiregistry.cms.hhs.gov/provider-view/1922048768,2026-10-02
HSI00000900,Rutland Regional Health Services,system name: Rutland Regional Health Services | member hospital: Rutland Regional Medical Center,1013840602,"RUTLAND HOSPITAL, INC",RRMC PHARMACY,True,"Pharmacy, Specialty Pharmacy",160 ALLEN ST,RUTLAND,VT,05701,CFO,A,2026-06-04,https://npiregistry.cms.hhs.gov/provider-view/1013840602,2026-10-02
HSI00000135,Bozeman Deaconess Hospital,system name: Bozeman Deaconess Hospital | member hospital: Bozeman Deaconess Health Services,1740387661,BOZEMAN HEALTH DEACONESS HOSPITAL,HIGHLAND PARK PHARMACY,False,"Pharmacy, Community/Retail Pharmacy",925 HIGHLAND BLVD,BOZEMAN,MT,59715,CLINICAL PHARMACIST SUPERVISOR,A,2022-03-15,https://npiregistry.cms.hhs.gov/provider-view/1740387661,2026-10-02
HSI00000737,Niagara Falls Memorial Medical Center,system name: Niagara Falls Memorial Medical Center,1750968236,"PHS NFM, LLC",PARKVIEW RX NIAGARA FALLS,False,"Pharmacy, Long Term Care Pharmacy",621 10TH ST STE 172,NIAGARA FALLS,NY,14301,Director of Pharmacy,A,2023-06-08,https://npiregistry.cms.hhs.gov/provider-view/1750968236,2026-10-02
HSI00000300,Davis Health System,system name: Davis Health System | member hospital: Davis Memorial Hospital | address = member hospital: Davis Memorial Hospital,1003549643,DAVIS MEMORIAL HOSPITAL,DAVIS SPECIALTY PHARMACY,False,"Pharmacy, Community/Retail Pharmacy",812 GORMAN AVE STE 204,ELKINS,WV,26241,Director of Revenue Cycle,A,2024-05-07,https://npiregistry.cms.hhs.gov/provider-view/1003549643,2026-10-02
HSI00000943,Saint Peters Health,system name: Saint Peters Health | member hospital: St. Peters Hospital,1447994546,ST. PETER'S HEALTH SPECIALTY PHARMACY,,True,"Pharmacy, Specialty Pharmacy",2550 E BROADWAY ST,HELENA,MT,59601,Sr. Director of Therapeutics,A,2022-04-25,https://npiregistry.cms.hhs.gov/provider-view/1447994546,2026-10-02
HSI00001286,Bristol Hospital,system name: Bristol Hospital | member hospital: Bristol Hospital  Inc,1942769492,BRISTOL HOSPITAL INCORPORATED,BRISTOL HOSPITAL IP PHARMACY,False,"Pharmacy, Institutional Pharmacy",41 BREWSTER RD,BRISTOL,CT,06010,"SVP, COO, CNO",A,2023-06-08,https://npiregistry.cms.hhs.gov/provider-view/1942769492,2026-10-02
HSI00000189,Cayuga Medical Center,system name: Cayuga Medical Center | member hospital: Cayuga Medical Center At Ithaca,1730596131,CAYUGA MEDICAL CENTER AT ITHACA,CAYUGA EMPLOYEE PHARMACY,True,"Pharmacy, Specialty Pharmacy",201 DATES DR STE 109,ITHACA,NY,14850,CEO/System President,A,2025-12-05,https://npiregistry.cms.hhs.gov/provider-view/1730596131,2026-10-02
HSI00001529,Ozarks Healthcare,system name: Ozarks Healthcare | member hospital: Ozarks Medical Center,1194277681,AIDS PROJECT OF THE OZARKS,APO PHARMACY,False,"Pharmacy, Community/Retail Pharmacy","1636 S GLENSTONE AVENUE, SUITE 108",SPRINGFIELD,MO,65804,President Pharmacy Services,A,2024-02-28,https://npiregistry.cms.hhs.gov/provider-view/1194277681,2026-10-02
HSI00000961,Sarah Bush Lincoln Health System,system name: Sarah Bush Lincoln Health System | member hospital: Sarah Bush Lincoln Health Center | address = member hospital: Sarah Bush Lincoln Health Center,1316683410,SARAH BUSH LINCOLN HEALTH CENTER,PRAIRIE MEDICAL PHARMACY,True,"Pharmacy, Specialty Pharmacy",1000 HEALTH CENTER DR,MATTOON,IL,61938,Specialty Pharmacist,A,2022-05-12,https://npiregistry.cms.hhs.gov/provider-view/1316683410,2026-10-02
HSI00000961,Sarah Bush Lincoln Health System,system name: Sarah Bush Lincoln Health System | member hospital: Sarah Bush Lincoln Health Center | address = member hospital: Sarah Bush Lincoln Health Center,1801970017,SARAH BUSH LINCOLN HEALTH CENTER,PRAIRIE MEDICAL PHARMACY,False,Pharmacy,1000 HEALTH CENTER DR,MATTOON,IL,61938,Pharmacy Director,A,2026-08-18,https://npiregistry.cms.hhs.gov/provider-view/1801970017,2026-10-02
HSI00000694,Missouri Delta Medical Center,system name: Missouri Delta Medical Center | member hospital: Missouri Delta Medical Center | address = member hospital: Missouri Delta Medical Center,1902780539,MISSOURI DELTA MEDICAL CENTER,MISSOURI DELTA PHARMACY,True,"Pharmacy, Specialty Pharmacy",1008 N MAIN ST,SIKESTON,MO,63801,Credentialing Contact/Secretary,A,2025-08-05,https://npiregistry.cms.hhs.gov/provider-view/1902780539,2026-10-02
HSI00000994,Sky Lakes Medical Center,system name: Sky Lakes Medical Center | member hospital: Sky Lakes Medical Center | address = member hospital: Sky Lakes Medical Center,1003654625,SKY LAKES MEDICAL CENTER INC,SKY LAKES SPECIALTY PHARMACY,False,"Pharmacy, Community/Retail Pharmacy",2865 DAGGETT AVE STE B,KLAMATH FALLS,OR,97601,VP / CFO,A,2024-07-17,https://npiregistry.cms.hhs.gov/provider-view/1003654625,2026-10-02
HSI00001356,Island Hospital,system name: Island Hospital | member hospital: Island Hospital,1336117597,"SOAS, LLC",ISLAND DRUG #1142,False,"Pharmacy, Community/Retail Pharmacy",8970 STATE ROUTE 525,CLINTON,WA,98236,Owner/Pharmacist,A,2022-08-11,https://npiregistry.cms.hhs.gov/provider-view/1336117597,2026-10-02
HSI00001264,Winona Health,system name: Winona Health | member hospital: Winona Health Services,1033998331,WINONA HEALTH SERVICES,WINONA HEALTH SERVICES CLINIC PHARMACY,True,"Pharmacy, Specialty Pharmacy",859 MANKATO AVE,WINONA,MN,55987,President/CEO,A,2023-09-26,https://npiregistry.cms.hhs.gov/provider-view/1033998331,2026-10-02
HSI00000815,Pella Regional Health Center,system name: Pella Regional Health Center | member hospital: Pella Regional Health Center,1932619475,PELLA REGIONAL HEALTH CENTER,PELLA REGIONAL HEALTH CENTER CLINIC PHARMACY,False,"Pharmacy, Community/Retail Pharmacy",405 MONROE ST,PELLA,IA,50219,Director of Retail Pharmacy,A,2021-10-05,https://npiregistry.cms.hhs.gov/provider-view/1932619475,2026-10-02
HSI00000071,BMH,system name: BMH | address = member hospital: Bingham Memorial Hospital,1730174830,BMH INC,BINGHAM MEMORIAL HOSPITAL PHARMACY,False,"Pharmacy, Institutional Pharmacy",98 POPLAR ST,BLACKFOOT,ID,83221,DIRECTOR OF PHARMACY,A,2019-12-16,https://npiregistry.cms.hhs.gov/provider-view/1730174830,2026-10-02
HSI00001176,University of Miami Health System,system name: University of Miami Health System | member hospital: University Of Miami Hospital,1104116573,FLORIDA DEPARTMENT OF HEALTH IN MIAMI-DADE COUNTY,MIAMI DADE COUNTY HEALTH DEPARTMENT,False,"Pharmacy, Community/Retail Pharmacy",2515 W FLAGLER STREET,MIAMI,FL,33135,Pharmacist Manager,A,2026-04-28,https://npiregistry.cms.hhs.gov/provider-view/1104116573,2026-10-02
HSI00001176,University of Miami Health System,system name: University of Miami Health System | member hospital: University Of Miami Hospital,1679509459,MIAMI CHILDRENS HOSPITAL,MIAMI CHILDRENS HOSPITAL PHCY,False,"Pharmacy, Institutional Pharmacy",6125 SW 31ST ST,MIAMI,FL,33155,DIR PCHY SVS,A,2010-06-22,https://npiregistry.cms.hhs.gov/provider-view/1679509459,2026-10-02
HSI00001176,University of Miami Health System,system name: University of Miami Health System | member hospital: University Of Miami Hospital,1154628097,MIAMI EXECUTIVE PHARMACY INC,"MIAMI EXECUTIVE PHARMACY, INC.",False,"Pharmacy, Community/Retail Pharmacy",8950 SW 74TH CT STE 102,MIAMI,FL,33156,PRESIDENT,A,2016-04-07,https://npiregistry.cms.hhs.gov/provider-view/1154628097,2026-10-02
HSI00001176,University of Miami Health System,system name: University of Miami Health System | member hospital: University Of Miami Hospital,1194289157,PUBLIC HEALTH TRUST OF MIAMI DADE COUNTY FLORIDA,JACKSON PHARMACY JACKSON SOUTH,False,"Pharmacy, Community/Retail Pharmacy",9333 SW 152ND STREET,MIAMI,FL,33157,Chief Financial Officer,A,2019-01-24,https://npiregistry.cms.hhs.gov/provider-view/1194289157,2026-10-02
HSI00001176,University of Miami Health System,system name: University of Miami Health System | member hospital: University Of Miami Hospital,1790856458,PUBLIC HEALTH TRUST OF MIAMI DADE COUNTY FLORIDA,JACKSON PHARMACY SOLUTIONS,False,Pharmacy,901 NW 17TH ST STE D,MIAMI,FL,33136,Associate Director Pharmacy,A,2022-02-28,https://npiregistry.cms.hhs.gov/provider-view/1790856458,2026-10-02
HSI00000327,East Tennessee Childrens Hospital Association,system name: East Tennessee Childrens Hospital Association | member hospital: East Tennessee Childrens Hospital | address = member hospital: East Tennessee Childrens Hospital,1659139434,"EAST TENNESSEE CHILDREN'S HOSPITAL ASSOCIATION, INC.",EAST TENNESSEE CHILDREN'S HOSPITAL SPECIALTY PHARMACY,False,"Pharmacy, Community/Retail Pharmacy",2018 CLINCH AVE,KNOXVILLE,TN,37916,VP OF FINANCE/CFO,A,2024-05-19,https://npiregistry.cms.hhs.gov/provider-view/1659139434,2026-10-02
